combination,quantity,population,recordings_per_model,models,mean_sensitivity,min_sensitivity,max_sensitivity,M_secondary_diagnostic
D,100,all_eligible,276,5,0.35797101449275365,0.3188405797101449,0.40217391304347827,False
D,100,development,223,5,0.35336322869955156,0.3183856502242152,0.39461883408071746,False
D,100,locked_test,53,5,0.37735849056603776,0.32075471698113206,0.4339622641509434,False
D,200,all_eligible,276,5,0.41304347826086957,0.3804347826086957,0.45652173913043476,False
D,200,development,223,5,0.4053811659192825,0.37668161434977576,0.4439461883408072,False
D,200,locked_test,53,5,0.44528301886792454,0.39622641509433965,0.5094339622641509,False
D,25,all_eligible,276,5,0.4782608695652174,0.4420289855072464,0.5144927536231884,False
D,25,development,223,5,0.4744394618834081,0.4349775784753363,0.515695067264574,False
D,25,locked_test,53,5,0.49433962264150944,0.4716981132075472,0.5094339622641509,False
D,50,all_eligible,276,5,0.32028985507246377,0.27898550724637683,0.35507246376811596,False
D,50,development,223,5,0.3165919282511211,0.273542600896861,0.34977578475336324,False
D,50,locked_test,53,5,0.33584905660377357,0.3018867924528302,0.37735849056603776,False
D,all,all_eligible,276,5,0.40797101449275364,0.40217391304347827,0.42028985507246375,False
D,all,development,223,5,0.4008968609865471,0.39461883408071746,0.4125560538116592,False
D,all,locked_test,53,5,0.4377358490566038,0.4339622641509434,0.4528301886792453,False
D+F,100,all_eligible,276,5,0.49927536231884057,0.39855072463768115,0.644927536231884,False
D+F,100,development,223,5,0.5031390134529148,0.4080717488789238,0.6457399103139013,False
D+F,100,locked_test,53,5,0.4830188679245283,0.3584905660377358,0.6415094339622641,False
D+F,200,all_eligible,276,5,0.6159420289855072,0.572463768115942,0.6920289855072463,False
D+F,200,development,223,5,0.6224215246636772,0.5739910313901345,0.6995515695067265,False
D+F,200,locked_test,53,5,0.5886792452830188,0.5471698113207547,0.660377358490566,False
D+F,25,all_eligible,276,5,0.7355072463768116,0.6304347826086957,0.7789855072463768,False
D+F,25,development,223,5,0.736322869955157,0.6233183856502242,0.7847533632286996,False
D+F,25,locked_test,53,5,0.7320754716981133,0.660377358490566,0.7547169811320755,False
D+F,50,all_eligible,276,5,0.41884057971014493,0.2971014492753623,0.5869565217391305,False
D+F,50,development,223,5,0.4242152466367713,0.29596412556053814,0.5829596412556054,False
D+F,50,locked_test,53,5,0.3962264150943396,0.2641509433962264,0.6037735849056604,False
D+F,all,all_eligible,276,5,0.5949275362318841,0.5434782608695652,0.6485507246376812,False
D+F,all,development,223,5,0.6044843049327354,0.5605381165919282,0.6547085201793722,False
D+F,all,locked_test,53,5,0.5547169811320755,0.4716981132075472,0.6226415094339622,False
D+F+H,100,all_eligible,276,5,0.6579710144927536,0.5833333333333334,0.7463768115942029,False
D+F+H,100,development,223,5,0.6744394618834081,0.5964125560538116,0.7713004484304933,False
D+F+H,100,locked_test,53,5,0.5886792452830188,0.5283018867924528,0.6415094339622641,False
D+F+H,200,all_eligible,276,5,0.7355072463768116,0.7101449275362319,0.7898550724637681,False
D+F+H,200,development,223,5,0.7551569506726458,0.726457399103139,0.8071748878923767,False
D+F+H,200,locked_test,53,5,0.6528301886792452,0.6226415094339622,0.7169811320754716,False
D+F+H,25,all_eligible,276,5,0.672463768115942,0.5,0.7608695652173914,False
D+F+H,25,development,223,5,0.6753363228699552,0.5201793721973094,0.7713004484304933,False
D+F+H,25,locked_test,53,5,0.660377358490566,0.41509433962264153,0.7924528301886793,False
D+F+H,50,all_eligible,276,5,0.5739130434782609,0.4746376811594203,0.7028985507246377,False
D+F+H,50,development,223,5,0.5856502242152466,0.48878923766816146,0.7130044843049327,False
D+F+H,50,locked_test,53,5,0.5245283018867924,0.41509433962264153,0.660377358490566,False
D+F+H,all,all_eligible,276,5,0.6789855072463767,0.6413043478260869,0.6992753623188406,False
D+F+H,all,development,223,5,0.6932735426008968,0.6547085201793722,0.7130044843049327,False
D+F+H,all,locked_test,53,5,0.6188679245283019,0.5849056603773585,0.6415094339622641,False
D+F+H+M,100,all_eligible,276,5,0.6202898550724638,0.572463768115942,0.6847826086956522,True
D+F+H+M,100,development,223,5,0.6367713004484304,0.5919282511210763,0.6860986547085202,True
D+F+H+M,100,locked_test,53,5,0.5509433962264151,0.4716981132075472,0.6792452830188679,True
D+F+H+M,200,all_eligible,276,5,0.6949275362318841,0.6666666666666666,0.7391304347826086,True
D+F+H+M,200,development,223,5,0.7139013452914799,0.6860986547085202,0.7488789237668162,True
D+F+H+M,200,locked_test,53,5,0.6150943396226415,0.5660377358490566,0.6981132075471698,True
D+F+H+M,25,all_eligible,276,5,0.5905797101449275,0.4166666666666667,0.6739130434782609,True
D+F+H+M,25,development,223,5,0.589237668161435,0.4349775784753363,0.672645739910314,True
D+F+H+M,25,locked_test,53,5,0.5962264150943396,0.33962264150943394,0.6792452830188679,True
D+F+H+M,50,all_eligible,276,5,0.5253623188405797,0.44565217391304346,0.6376811594202898,True
D+F+H+M,50,development,223,5,0.5345291479820627,0.4663677130044843,0.6457399103139013,True
D+F+H+M,50,locked_test,53,5,0.4867924528301887,0.33962264150943394,0.6226415094339622,True
D+F+H+M,all,all_eligible,276,5,0.6543478260869565,0.6014492753623188,0.6739130434782609,True
D+F+H+M,all,development,223,5,0.6699551569506726,0.6143497757847534,0.695067264573991,True
D+F+H+M,all,locked_test,53,5,0.5886792452830188,0.5471698113207547,0.6226415094339622,True
D+F+M,100,all_eligible,276,5,0.5833333333333334,0.5289855072463768,0.6521739130434783,True
D+F+M,100,development,223,5,0.6,0.5560538116591929,0.6591928251121076,True
D+F+M,100,locked_test,53,5,0.5132075471698113,0.41509433962264153,0.6226415094339622,True
D+F+M,200,all_eligible,276,5,0.6869565217391305,0.6594202898550725,0.7391304347826086,True
D+F+M,200,development,223,5,0.7031390134529147,0.672645739910314,0.7533632286995515,True
D+F+M,200,locked_test,53,5,0.6188679245283019,0.5849056603773585,0.6792452830188679,True
D+F+M,25,all_eligible,276,5,0.6847826086956522,0.5579710144927537,0.7355072463768116,True
D+F+M,25,development,223,5,0.6825112107623318,0.5695067264573991,0.726457399103139,True
D+F+M,25,locked_test,53,5,0.6943396226415094,0.5094339622641509,0.7735849056603774,True
D+F+M,50,all_eligible,276,5,0.5094202898550725,0.42391304347826086,0.6159420289855072,True
D+F+M,50,development,223,5,0.5174887892376682,0.4439461883408072,0.6098654708520179,True
D+F+M,50,locked_test,53,5,0.47547169811320755,0.33962264150943394,0.6415094339622641,True
D+F+M,all,all_eligible,276,5,0.6384057971014493,0.6231884057971014,0.6557971014492754,True
D+F+M,all,development,223,5,0.6475336322869956,0.6322869955156951,0.6636771300448431,True
D+F+M,all,locked_test,53,5,0.6,0.5849056603773585,0.6226415094339622,True
D+H,100,all_eligible,276,5,0.2463768115942029,0.2318840579710145,0.2644927536231884,False
D+H,100,development,223,5,0.24753363228699551,0.23318385650224216,0.2645739910313901,False
D+H,100,locked_test,53,5,0.24150943396226415,0.20754716981132076,0.2830188679245283,False
D+H,200,all_eligible,276,5,0.25724637681159424,0.21739130434782608,0.2826086956521739,False
D+H,200,development,223,5,0.2609865470852018,0.22869955156950672,0.28699551569506726,False
D+H,200,locked_test,53,5,0.24150943396226415,0.16981132075471697,0.2830188679245283,False
D+H,25,all_eligible,276,5,0.2681159420289855,0.14130434782608695,0.3333333333333333,False
D+H,25,development,223,5,0.26905829596412556,0.14349775784753363,0.3452914798206278,False
D+H,25,locked_test,53,5,0.2641509433962264,0.1320754716981132,0.32075471698113206,False
D+H,50,all_eligible,276,5,0.20942028985507247,0.14855072463768115,0.3188405797101449,False
D+H,50,development,223,5,0.21614349775784752,0.15695067264573992,0.32286995515695066,False
D+H,50,locked_test,53,5,0.1811320754716981,0.11320754716981132,0.3018867924528302,False
D+H,all,all_eligible,276,5,0.2311594202898551,0.20652173913043478,0.2644927536231884,False
D+H,all,development,223,5,0.24125560538116592,0.21524663677130046,0.26905829596412556,False
D+H,all,locked_test,53,5,0.18867924528301885,0.1509433962264151,0.24528301886792453,False
D+H+M,100,all_eligible,276,5,0.25507246376811593,0.2391304347826087,0.2826086956521739,True
D+H+M,100,development,223,5,0.2654708520179372,0.24663677130044842,0.3004484304932735,True
D+H+M,100,locked_test,53,5,0.21132075471698114,0.18867924528301888,0.22641509433962265,True
D+H+M,200,all_eligible,276,5,0.2565217391304348,0.2246376811594203,0.2753623188405797,True
D+H+M,200,development,223,5,0.27085201793721975,0.23766816143497757,0.28699551569506726,True
D+H+M,200,locked_test,53,5,0.19622641509433963,0.16981132075471697,0.22641509433962265,True
D+H+M,25,all_eligible,276,5,0.25507246376811593,0.17028985507246377,0.30434782608695654,True
D+H+M,25,development,223,5,0.25829596412556055,0.17488789237668162,0.3094170403587444,True
D+H+M,25,locked_test,53,5,0.24150943396226415,0.1509433962264151,0.32075471698113206,True
D+H+M,50,all_eligible,276,5,0.22608695652173913,0.13405797101449277,0.3333333333333333,True
D+H+M,50,development,223,5,0.24125560538116592,0.14798206278026907,0.3452914798206278,True
D+H+M,50,locked_test,53,5,0.16226415094339622,0.07547169811320754,0.2830188679245283,True
D+H+M,all,all_eligible,276,5,0.24782608695652172,0.2246376811594203,0.2717391304347826,True
D+H+M,all,development,223,5,0.2609865470852018,0.23318385650224216,0.2825112107623318,True
D+H+M,all,locked_test,53,5,0.19245283018867926,0.1509433962264151,0.22641509433962265,True
D+M,100,all_eligible,276,5,0.14492753623188406,0.11231884057971014,0.17753623188405798,True
D+M,100,development,223,5,0.14618834080717488,0.11210762331838565,0.17937219730941703,True
D+M,100,locked_test,53,5,0.13962264150943396,0.11320754716981132,0.18867924528301888,True
D+M,200,all_eligible,276,5,0.17173913043478262,0.14492753623188406,0.19927536231884058,True
D+M,200,development,223,5,0.17757847533632287,0.14798206278026907,0.2062780269058296,True
D+M,200,locked_test,53,5,0.1471698113207547,0.1320754716981132,0.16981132075471697,True
D+M,25,all_eligible,276,5,0.21739130434782608,0.15942028985507245,0.2826086956521739,True
D+M,25,development,223,5,0.22242152466367712,0.16143497757847533,0.2914798206278027,True
D+M,25,locked_test,53,5,0.19622641509433963,0.1509433962264151,0.24528301886792453,True
D+M,50,all_eligible,276,5,0.10797101449275362,0.06521739130434782,0.15942028985507245,True
D+M,50,development,223,5,0.1147982062780269,0.06726457399103139,0.16591928251121077,True
D+M,50,locked_test,53,5,0.07924528301886792,0.03773584905660377,0.1320754716981132,True
D+M,all,all_eligible,276,5,0.15,0.13405797101449277,0.17391304347826086,True
D+M,all,development,223,5,0.15605381165919283,0.13901345291479822,0.18385650224215247,True
D+M,all,locked_test,53,5,0.12452830188679245,0.11320754716981132,0.1509433962264151,True
D+P,100,all_eligible,276,5,0.5847826086956521,0.5471014492753623,0.6014492753623188,False
D+P,100,development,223,5,0.5982062780269058,0.5650224215246636,0.6188340807174888,False
D+P,100,locked_test,53,5,0.5283018867924528,0.4716981132075472,0.5660377358490566,False
D+P,200,all_eligible,276,5,0.6246376811594203,0.605072463768116,0.6594202898550725,False
D+P,200,development,223,5,0.6403587443946188,0.6188340807174888,0.6860986547085202,False
D+P,200,locked_test,53,5,0.5584905660377358,0.5283018867924528,0.6037735849056604,False
D+P,25,all_eligible,276,5,0.5101449275362319,0.427536231884058,0.6231884057971014,False
D+P,25,development,223,5,0.5139013452914798,0.4304932735426009,0.6322869955156951,False
D+P,25,locked_test,53,5,0.49433962264150944,0.41509433962264153,0.5849056603773585,False
D+P,50,all_eligible,276,5,0.5630434782608695,0.5217391304347826,0.6376811594202898,False
D+P,50,development,223,5,0.5659192825112107,0.5246636771300448,0.6457399103139013,False
D+P,50,locked_test,53,5,0.5509433962264151,0.5094339622641509,0.6037735849056604,False
D+P,all,all_eligible,276,5,0.6108695652173913,0.5652173913043478,0.6340579710144928,False
D+P,all,development,223,5,0.6233183856502242,0.5739910313901345,0.6547085201793722,False
D+P,all,locked_test,53,5,0.5584905660377358,0.5283018867924528,0.6037735849056604,False
D+P+F,100,all_eligible,276,5,0.49782608695652175,0.35507246376811596,0.6557971014492754,False
D+P+F,100,development,223,5,0.5067264573991032,0.37668161434977576,0.6636771300448431,False
D+P+F,100,locked_test,53,5,0.46037735849056605,0.2641509433962264,0.6415094339622641,False
D+P+F,200,all_eligible,276,5,0.6297101449275362,0.5471014492753623,0.7246376811594203,False
D+P+F,200,development,223,5,0.6394618834080718,0.5650224215246636,0.7399103139013453,False
D+P+F,200,locked_test,53,5,0.5886792452830188,0.4716981132075472,0.660377358490566,False
D+P+F,25,all_eligible,276,5,0.6630434782608696,0.4420289855072464,0.7608695652173914,False
D+P+F,25,development,223,5,0.6609865470852018,0.43946188340807174,0.7623318385650224,False
D+P+F,25,locked_test,53,5,0.6716981132075471,0.4528301886792453,0.7547169811320755,False
D+P+F,50,all_eligible,276,5,0.4210144927536232,0.2463768115942029,0.605072463768116,False
D+P+F,50,development,223,5,0.42690582959641254,0.2600896860986547,0.6053811659192825,False
D+P+F,50,locked_test,53,5,0.3962264150943396,0.18867924528301888,0.6037735849056604,False
D+P+F,all,all_eligible,276,5,0.6072463768115942,0.5434782608695652,0.6702898550724637,False
D+P+F,all,development,223,5,0.6143497757847534,0.547085201793722,0.6816143497757847,False
D+P+F,all,locked_test,53,5,0.5773584905660377,0.5283018867924528,0.6792452830188679,False
D+P+F+H,100,all_eligible,276,5,0.6717391304347826,0.5942028985507246,0.782608695652174,False
D+P+F+H,100,development,223,5,0.694170403587444,0.6188340807174888,0.7937219730941704,False
D+P+F+H,100,locked_test,53,5,0.5773584905660377,0.4528301886792453,0.7358490566037735,False
D+P+F+H,200,all_eligible,276,5,0.7543478260869565,0.7318840579710145,0.8043478260869565,False
D+P+F+H,200,development,223,5,0.7713004484304933,0.757847533632287,0.820627802690583,False
D+P+F+H,200,locked_test,53,5,0.6830188679245283,0.6226415094339622,0.7358490566037735,False
D+P+F+H,25,all_eligible,276,5,0.6260869565217391,0.34782608695652173,0.7681159420289855,False
D+P+F+H,25,development,223,5,0.6260089686098654,0.3542600896860987,0.7757847533632287,False
D+P+F+H,25,locked_test,53,5,0.6264150943396226,0.32075471698113206,0.7547169811320755,False
D+P+F+H,50,all_eligible,276,5,0.5702898550724638,0.37318840579710144,0.7028985507246377,False
D+P+F+H,50,development,223,5,0.5910313901345292,0.40358744394618834,0.7219730941704036,False
D+P+F+H,50,locked_test,53,5,0.4830188679245283,0.24528301886792453,0.6226415094339622,False
D+P+F+H,all,all_eligible,276,5,0.6905797101449275,0.6521739130434783,0.7137681159420289,False
D+P+F+H,all,development,223,5,0.7031390134529149,0.6681614349775785,0.726457399103139,False
D+P+F+H,all,locked_test,53,5,0.6377358490566037,0.5849056603773585,0.6792452830188679,False
D+P+F+H+M,100,all_eligible,276,5,0.6289855072463768,0.572463768115942,0.717391304347826,True
D+P+F+H+M,100,development,223,5,0.642152466367713,0.5919282511210763,0.7130044843049327,True
D+P+F+H+M,100,locked_test,53,5,0.5735849056603773,0.49056603773584906,0.7358490566037735,True
D+P+F+H+M,200,all_eligible,276,5,0.7166666666666667,0.6811594202898551,0.7608695652173914,True
D+P+F+H+M,200,development,223,5,0.7309417040358744,0.6995515695067265,0.7623318385650224,True
D+P+F+H+M,200,locked_test,53,5,0.6566037735849056,0.6037735849056604,0.7547169811320755,True
D+P+F+H+M,25,all_eligible,276,5,0.5565217391304348,0.3442028985507246,0.6521739130434783,True
D+P+F+H+M,25,development,223,5,0.5524663677130045,0.36771300448430494,0.6591928251121076,True
D+P+F+H+M,25,locked_test,53,5,0.5735849056603773,0.24528301886792453,0.7358490566037735,True
D+P+F+H+M,50,all_eligible,276,5,0.513768115942029,0.36231884057971014,0.6304347826086957,True
D+P+F+H+M,50,development,223,5,0.5255605381165919,0.39461883408071746,0.6457399103139013,True
D+P+F+H+M,50,locked_test,53,5,0.4641509433962264,0.22641509433962265,0.6226415094339622,True
D+P+F+H+M,all,all_eligible,276,5,0.6688405797101449,0.6376811594202898,0.6847826086956522,True
D+P+F+H+M,all,development,223,5,0.6852017937219731,0.6636771300448431,0.6995515695067265,True
D+P+F+H+M,all,locked_test,53,5,0.6,0.5283018867924528,0.6226415094339622,True
D+P+F+M,100,all_eligible,276,5,0.5673913043478261,0.4927536231884058,0.6594202898550725,True
D+P+F+M,100,development,223,5,0.5748878923766816,0.5067264573991032,0.6636771300448431,True
D+P+F+M,100,locked_test,53,5,0.5358490566037736,0.4339622641509434,0.660377358490566,True
D+P+F+M,200,all_eligible,276,5,0.6855072463768116,0.6413043478260869,0.7318840579710145,True
D+P+F+M,200,development,223,5,0.6968609865470852,0.6591928251121076,0.7443946188340808,True
D+P+F+M,200,locked_test,53,5,0.6377358490566037,0.5283018867924528,0.6981132075471698,True
D+P+F+M,25,all_eligible,276,5,0.6601449275362319,0.4855072463768116,0.7391304347826086,True
D+P+F+M,25,development,223,5,0.661883408071749,0.48878923766816146,0.7443946188340808,True
D+P+F+M,25,locked_test,53,5,0.6528301886792452,0.4716981132075472,0.7169811320754716,True
D+P+F+M,50,all_eligible,276,5,0.5297101449275362,0.39855072463768115,0.6594202898550725,True
D+P+F+M,50,development,223,5,0.5336322869955157,0.4080717488789238,0.6547085201793722,True
D+P+F+M,50,locked_test,53,5,0.5132075471698113,0.3584905660377358,0.6792452830188679,True
D+P+F+M,all,all_eligible,276,5,0.6413043478260869,0.605072463768116,0.677536231884058,True
D+P+F+M,all,development,223,5,0.6493273542600897,0.6188340807174888,0.6816143497757847,True
D+P+F+M,all,locked_test,53,5,0.6075471698113207,0.5471698113207547,0.660377358490566,True
D+P+H,100,all_eligible,276,5,0.486231884057971,0.4311594202898551,0.5471014492753623,False
D+P+H,100,development,223,5,0.49327354260089684,0.4439461883408072,0.5560538116591929,False
D+P+H,100,locked_test,53,5,0.45660377358490567,0.37735849056603776,0.5094339622641509,False
D+P+H,200,all_eligible,276,5,0.45,0.42028985507246375,0.5072463768115942,False
D+P+H,200,development,223,5,0.45560538116591925,0.4260089686098655,0.5112107623318386,False
D+P+H,200,locked_test,53,5,0.42641509433962266,0.37735849056603776,0.49056603773584906,False
D+P+H,25,all_eligible,276,5,0.3978260869565217,0.2572463768115942,0.5181159420289855,False
D+P+H,25,development,223,5,0.3919282511210762,0.25112107623318386,0.5201793721973094,False
D+P+H,25,locked_test,53,5,0.4226415094339623,0.2830188679245283,0.5471698113207547,False
D+P+H,50,all_eligible,276,5,0.4398550724637681,0.34057971014492755,0.5,False
D+P+H,50,development,223,5,0.43497757847533636,0.33183856502242154,0.5112107623318386,False
D+P+H,50,locked_test,53,5,0.46037735849056605,0.37735849056603776,0.5283018867924528,False
D+P+H,all,all_eligible,276,5,0.3884057971014493,0.36231884057971014,0.41304347826086957,False
D+P+H,all,development,223,5,0.3919282511210762,0.36771300448430494,0.4170403587443946,False
D+P+H,all,locked_test,53,5,0.3735849056603774,0.33962264150943394,0.41509433962264153,False
D+P+H+M,100,all_eligible,276,5,0.4681159420289855,0.427536231884058,0.4927536231884058,True
D+P+H+M,100,development,223,5,0.47713004484304933,0.4349775784753363,0.5067264573991032,True
D+P+H+M,100,locked_test,53,5,0.43018867924528303,0.39622641509433965,0.4528301886792453,True
D+P+H+M,200,all_eligible,276,5,0.44782608695652176,0.43478260869565216,0.4782608695652174,True
D+P+H+M,200,development,223,5,0.45022421524663675,0.4349775784753363,0.484304932735426,True
D+P+H+M,200,locked_test,53,5,0.4377358490566038,0.41509433962264153,0.4528301886792453,True
D+P+H+M,25,all_eligible,276,5,0.3608695652173913,0.2246376811594203,0.4855072463768116,True
D+P+H+M,25,development,223,5,0.3596412556053812,0.22869955156950672,0.48878923766816146,True
D+P+H+M,25,locked_test,53,5,0.36603773584905663,0.20754716981132076,0.5283018867924528,True
D+P+H+M,50,all_eligible,276,5,0.4210144927536232,0.3188405797101449,0.5217391304347826,True
D+P+H+M,50,development,223,5,0.4242152466367713,0.336322869955157,0.5067264573991032,True
D+P+H+M,50,locked_test,53,5,0.4075471698113208,0.24528301886792453,0.5849056603773585,True
D+P+H+M,all,all_eligible,276,5,0.39855072463768115,0.391304347826087,0.4166666666666667,True
D+P+H+M,all,development,223,5,0.39820627802690584,0.3901345291479821,0.4170403587443946,True
D+P+H+M,all,locked_test,53,5,0.4,0.37735849056603776,0.41509433962264153,True
D+P+M,100,all_eligible,276,5,0.47246376811594204,0.4166666666666667,0.5217391304347826,True
D+P+M,100,development,223,5,0.46995515695067264,0.42152466367713004,0.5201793721973094,True
D+P+M,100,locked_test,53,5,0.4830188679245283,0.39622641509433965,0.5283018867924528,True
D+P+M,200,all_eligible,276,5,0.4891304347826087,0.4528985507246377,0.532608695652174,True
D+P+M,200,development,223,5,0.4977578475336323,0.4618834080717489,0.5336322869955157,True
D+P+M,200,locked_test,53,5,0.4528301886792453,0.41509433962264153,0.5283018867924528,True
D+P+M,25,all_eligible,276,5,0.4318840579710145,0.2753623188405797,0.6340579710144928,True
D+P+M,25,development,223,5,0.43408071748878924,0.2914798206278027,0.6233183856502242,True
D+P+M,25,locked_test,53,5,0.4226415094339623,0.20754716981132076,0.6792452830188679,True
D+P+M,50,all_eligible,276,5,0.42246376811594205,0.34782608695652173,0.5,True
D+P+M,50,development,223,5,0.4242152466367713,0.34977578475336324,0.5067264573991032,True
D+P+M,50,locked_test,53,5,0.41509433962264153,0.33962264150943394,0.49056603773584906,True
D+P+M,all,all_eligible,276,5,0.4318840579710145,0.40942028985507245,0.4746376811594203,True
D+P+M,all,development,223,5,0.4385650224215247,0.4170403587443946,0.47533632286995514,True
D+P+M,all,locked_test,53,5,0.4037735849056604,0.37735849056603776,0.4716981132075472,True
D+R,100,all_eligible,276,5,0.6101449275362318,0.5652173913043478,0.6485507246376812,False
D+R,100,development,223,5,0.6044843049327354,0.5605381165919282,0.6367713004484304,False
D+R,100,locked_test,53,5,0.6339622641509434,0.5849056603773585,0.6981132075471698,False
D+R,200,all_eligible,276,5,0.6615942028985508,0.6485507246376812,0.6884057971014492,False
D+R,200,development,223,5,0.6556053811659193,0.6412556053811659,0.672645739910314,False
D+R,200,locked_test,53,5,0.6867924528301886,0.6415094339622641,0.7547169811320755,False
D+R,25,all_eligible,276,5,0.6217391304347826,0.5869565217391305,0.6884057971014492,False
D+R,25,development,223,5,0.6224215246636772,0.5919282511210763,0.6816143497757847,False
D+R,25,locked_test,53,5,0.6188679245283019,0.5660377358490566,0.7169811320754716,False
D+R,50,all_eligible,276,5,0.6072463768115942,0.572463768115942,0.6376811594202898,False
D+R,50,development,223,5,0.5964125560538117,0.5650224215246636,0.6278026905829597,False
D+R,50,locked_test,53,5,0.6528301886792452,0.6037735849056604,0.6792452830188679,False
D+R,all,all_eligible,276,5,0.6485507246376812,0.6376811594202898,0.6594202898550725,False
D+R,all,development,223,5,0.6484304932735426,0.6412556053811659,0.6591928251121076,False
D+R,all,locked_test,53,5,0.6490566037735849,0.6226415094339622,0.6981132075471698,False
D+R+F,100,all_eligible,276,5,0.5615942028985507,0.4384057971014493,0.7137681159420289,False
D+R+F,100,development,223,5,0.5614349775784753,0.43946188340807174,0.7130044843049327,False
D+R+F,100,locked_test,53,5,0.5622641509433962,0.4339622641509434,0.7169811320754716,False
D+R+F,200,all_eligible,276,5,0.6804347826086956,0.6304347826086957,0.7644927536231884,False
D+R+F,200,development,223,5,0.6816143497757848,0.6322869955156951,0.7713004484304933,False
D+R+F,200,locked_test,53,5,0.6754716981132075,0.6226415094339622,0.7358490566037735,False
D+R+F,25,all_eligible,276,5,0.7543478260869565,0.6521739130434783,0.7898550724637681,False
D+R+F,25,development,223,5,0.7533632286995516,0.6457399103139013,0.7847533632286996,False
D+R+F,25,locked_test,53,5,0.7584905660377359,0.6792452830188679,0.8113207547169812,False
D+R+F,50,all_eligible,276,5,0.4797101449275362,0.33695652173913043,0.6413043478260869,False
D+R+F,50,development,223,5,0.4789237668161435,0.3452914798206278,0.6412556053811659,False
D+R+F,50,locked_test,53,5,0.4830188679245283,0.3018867924528302,0.6792452830188679,False
D+R+F,all,all_eligible,276,5,0.6746376811594202,0.6231884057971014,0.7137681159420289,False
D+R+F,all,development,223,5,0.6753363228699552,0.6278026905829597,0.7174887892376681,False
D+R+F,all,locked_test,53,5,0.6716981132075471,0.6037735849056604,0.7358490566037735,False
D+R+F+H,100,all_eligible,276,5,0.6978260869565217,0.6268115942028986,0.7789855072463768,False
D+R+F+H,100,development,223,5,0.7121076233183856,0.6412556053811659,0.7892376681614349,False
D+R+F+H,100,locked_test,53,5,0.6377358490566037,0.5660377358490566,0.7358490566037735,False
D+R+F+H,200,all_eligible,276,5,0.7797101449275362,0.7536231884057971,0.8188405797101449,False
D+R+F+H,200,development,223,5,0.7919282511210762,0.7623318385650224,0.8340807174887892,False
D+R+F+H,200,locked_test,53,5,0.7283018867924528,0.7169811320754716,0.7547169811320755,False
D+R+F+H,25,all_eligible,276,5,0.7007246376811594,0.532608695652174,0.8152173913043478,False
D+R+F+H,25,development,223,5,0.7004484304932735,0.5426008968609866,0.8251121076233184,False
D+R+F+H,25,locked_test,53,5,0.7018867924528303,0.49056603773584906,0.8301886792452831,False
D+R+F+H,50,all_eligible,276,5,0.6413043478260869,0.5108695652173914,0.7644927536231884,False
D+R+F+H,50,development,223,5,0.6502242152466368,0.5201793721973094,0.7757847533632287,False
D+R+F+H,50,locked_test,53,5,0.6037735849056604,0.4716981132075472,0.7358490566037735,False
D+R+F+H,all,all_eligible,276,5,0.7333333333333334,0.7065217391304348,0.7608695652173914,False
D+R+F+H,all,development,223,5,0.7399103139013453,0.7174887892376681,0.7713004484304933,False
D+R+F+H,all,locked_test,53,5,0.7056603773584905,0.660377358490566,0.7358490566037735,False
D+R+F+H+M,100,all_eligible,276,5,0.653623188405797,0.572463768115942,0.7391304347826086,True
D+R+F+H+M,100,development,223,5,0.6672645739910315,0.5874439461883408,0.7354260089686099,True
D+R+F+H+M,100,locked_test,53,5,0.5962264150943396,0.5094339622641509,0.7547169811320755,True
D+R+F+H+M,200,all_eligible,276,5,0.7376811594202899,0.6992753623188406,0.782608695652174,True
D+R+F+H+M,200,development,223,5,0.7497757847533633,0.7085201793721974,0.7892376681614349,True
D+R+F+H+M,200,locked_test,53,5,0.6867924528301886,0.660377358490566,0.7547169811320755,True
D+R+F+H+M,25,all_eligible,276,5,0.6043478260869566,0.4311594202898551,0.7101449275362319,True
D+R+F+H+M,25,development,223,5,0.6035874439461884,0.452914798206278,0.7130044843049327,True
D+R+F+H+M,25,locked_test,53,5,0.6075471698113207,0.33962264150943394,0.6981132075471698,True
D+R+F+H+M,50,all_eligible,276,5,0.5746376811594203,0.4855072463768116,0.6884057971014492,True
D+R+F+H+M,50,development,223,5,0.579372197309417,0.49327354260089684,0.6860986547085202,True
D+R+F+H+M,50,locked_test,53,5,0.5547169811320755,0.4339622641509434,0.6981132075471698,True
D+R+F+H+M,all,all_eligible,276,5,0.6920289855072463,0.6521739130434783,0.7210144927536232,True
D+R+F+H+M,all,development,223,5,0.7040358744394619,0.672645739910314,0.7309417040358744,True
D+R+F+H+M,all,locked_test,53,5,0.6415094339622641,0.5660377358490566,0.6792452830188679,True
D+R+F+M,100,all_eligible,276,5,0.6253623188405797,0.5652173913043478,0.6920289855072463,True
D+R+F+M,100,development,223,5,0.6260089686098654,0.5695067264573991,0.6771300448430493,True
D+R+F+M,100,locked_test,53,5,0.6226415094339622,0.5471698113207547,0.7547169811320755,True
D+R+F+M,200,all_eligible,276,5,0.7405797101449275,0.7065217391304348,0.7934782608695652,True
D+R+F+M,200,development,223,5,0.7461883408071749,0.7130044843049327,0.8026905829596412,True
D+R+F+M,200,locked_test,53,5,0.7169811320754716,0.660377358490566,0.7547169811320755,True
D+R+F+M,25,all_eligible,276,5,0.7115942028985507,0.5833333333333334,0.7789855072463768,True
D+R+F+M,25,development,223,5,0.7130044843049328,0.5874439461883408,0.7892376681614349,True
D+R+F+M,25,locked_test,53,5,0.7056603773584905,0.5660377358490566,0.7735849056603774,True
D+R+F+M,50,all_eligible,276,5,0.5731884057971015,0.5108695652173914,0.6557971014492754,True
D+R+F+M,50,development,223,5,0.5739910313901345,0.5201793721973094,0.6457399103139013,True
D+R+F+M,50,locked_test,53,5,0.569811320754717,0.4339622641509434,0.7169811320754716,True
D+R+F+M,all,all_eligible,276,5,0.6985507246376812,0.6811594202898551,0.717391304347826,True
D+R+F+M,all,development,223,5,0.6932735426008969,0.6816143497757847,0.7085201793721974,True
D+R+F+M,all,locked_test,53,5,0.720754716981132,0.6792452830188679,0.7547169811320755,True
D+R+H,100,all_eligible,276,5,0.4666666666666667,0.4311594202898551,0.532608695652174,False
D+R+H,100,development,223,5,0.4439461883408072,0.39461883408071746,0.5067264573991032,False
D+R+H,100,locked_test,53,5,0.5622641509433962,0.49056603773584906,0.6415094339622641,False
D+R+H,200,all_eligible,276,5,0.5043478260869565,0.44565217391304346,0.5579710144927537,False
D+R+H,200,development,223,5,0.48699551569506727,0.4304932735426009,0.5336322869955157,False
D+R+H,200,locked_test,53,5,0.5773584905660377,0.5094339622641509,0.660377358490566,False
D+R+H,25,all_eligible,276,5,0.4898550724637681,0.29347826086956524,0.605072463768116,False
D+R+H,25,development,223,5,0.4789237668161435,0.2914798206278027,0.5829596412556054,False
D+R+H,25,locked_test,53,5,0.5358490566037736,0.3018867924528302,0.6981132075471698,False
D+R+H,50,all_eligible,276,5,0.46594202898550724,0.36594202898550726,0.5688405797101449,False
D+R+H,50,development,223,5,0.4547085201793722,0.3632286995515695,0.5515695067264574,False
D+R+H,50,locked_test,53,5,0.5132075471698113,0.37735849056603776,0.6415094339622641,False
D+R+H,all,all_eligible,276,5,0.4594202898550725,0.4384057971014493,0.4673913043478261,False
D+R+H,all,development,223,5,0.44484304932735425,0.4304932735426009,0.452914798206278,False
D+R+H,all,locked_test,53,5,0.5207547169811321,0.4716981132075472,0.5471698113207547,False
D+R+H+M,100,all_eligible,276,5,0.486231884057971,0.44565217391304346,0.5434782608695652,True
D+R+H+M,100,development,223,5,0.4708520179372197,0.4260089686098655,0.5201793721973094,True
D+R+H+M,100,locked_test,53,5,0.5509433962264151,0.5094339622641509,0.6415094339622641,True
D+R+H+M,200,all_eligible,276,5,0.5442028985507247,0.5036231884057971,0.572463768115942,True
D+R+H+M,200,development,223,5,0.5282511210762332,0.48878923766816146,0.5560538116591929,True
D+R+H+M,200,locked_test,53,5,0.6113207547169811,0.5660377358490566,0.6792452830188679,True
D+R+H+M,25,all_eligible,276,5,0.43768115942028984,0.32608695652173914,0.5652173913043478,True
D+R+H+M,25,development,223,5,0.42869955156950673,0.3273542600896861,0.5605381165919282,True
D+R+H+M,25,locked_test,53,5,0.47547169811320755,0.32075471698113206,0.5849056603773585,True
D+R+H+M,50,all_eligible,276,5,0.4434782608695652,0.32971014492753625,0.5434782608695652,True
D+R+H+M,50,development,223,5,0.4295964125560538,0.33183856502242154,0.5201793721973094,True
D+R+H+M,50,locked_test,53,5,0.5018867924528302,0.32075471698113206,0.6415094339622641,True
D+R+H+M,all,all_eligible,276,5,0.5014492753623189,0.48188405797101447,0.5144927536231884,True
D+R+H+M,all,development,223,5,0.48340807174887895,0.45739910313901344,0.4977578475336323,True
D+R+H+M,all,locked_test,53,5,0.5773584905660377,0.5471698113207547,0.5849056603773585,True
D+R+M,100,all_eligible,276,5,0.5202898550724637,0.4855072463768116,0.5688405797101449,True
D+R+M,100,development,223,5,0.5130044843049327,0.47533632286995514,0.5605381165919282,True
D+R+M,100,locked_test,53,5,0.5509433962264151,0.5094339622641509,0.6037735849056604,True
D+R+M,200,all_eligible,276,5,0.5760869565217391,0.5471014492753623,0.6231884057971014,True
D+R+M,200,development,223,5,0.5721973094170404,0.547085201793722,0.6098654708520179,True
D+R+M,200,locked_test,53,5,0.5924528301886792,0.5471698113207547,0.6792452830188679,True
D+R+M,25,all_eligible,276,5,0.5463768115942029,0.4420289855072464,0.6702898550724637,True
D+R+M,25,development,223,5,0.5497757847533632,0.43946188340807174,0.672645739910314,True
D+R+M,25,locked_test,53,5,0.5320754716981132,0.4528301886792453,0.660377358490566,True
D+R+M,50,all_eligible,276,5,0.44420289855072465,0.37318840579710144,0.5108695652173914,True
D+R+M,50,development,223,5,0.43408071748878924,0.3721973094170404,0.49327354260089684,True
D+R+M,50,locked_test,53,5,0.4867924528301887,0.37735849056603776,0.5849056603773585,True
D+R+M,all,all_eligible,276,5,0.55,0.532608695652174,0.5688405797101449,True
D+R+M,all,development,223,5,0.5452914798206278,0.5336322869955157,0.5605381165919282,True
D+R+M,all,locked_test,53,5,0.569811320754717,0.5283018867924528,0.6037735849056604,True
D+R+P,100,all_eligible,276,5,0.6115942028985507,0.5760869565217391,0.644927536231884,False
D+R+P,100,development,223,5,0.6188340807174888,0.5874439461883408,0.6591928251121076,False
D+R+P,100,locked_test,53,5,0.5811320754716981,0.5283018867924528,0.6226415094339622,False
D+R+P,200,all_eligible,276,5,0.6847826086956521,0.6666666666666666,0.717391304347826,False
D+R+P,200,development,223,5,0.694170403587444,0.6681614349775785,0.7219730941704036,False
D+R+P,200,locked_test,53,5,0.6452830188679245,0.6037735849056604,0.6981132075471698,False
D+R+P,25,all_eligible,276,5,0.5420289855072463,0.43478260869565216,0.6702898550724637,False
D+R+P,25,development,223,5,0.5506726457399103,0.43946188340807174,0.6771300448430493,False
D+R+P,25,locked_test,53,5,0.5056603773584906,0.41509433962264153,0.6415094339622641,False
D+R+P,50,all_eligible,276,5,0.6014492753623188,0.5652173913043478,0.6557971014492754,False
D+R+P,50,development,223,5,0.6053811659192825,0.5650224215246636,0.6547085201793722,False
D+R+P,50,locked_test,53,5,0.5849056603773585,0.5471698113207547,0.660377358490566,False
D+R+P,all,all_eligible,276,5,0.6536231884057971,0.6304347826086957,0.6811594202898551,False
D+R+P,all,development,223,5,0.6636771300448431,0.6412556053811659,0.6995515695067265,False
D+R+P,all,locked_test,53,5,0.6113207547169811,0.5660377358490566,0.660377358490566,False
D+R+P+F,100,all_eligible,276,5,0.5217391304347826,0.37681159420289856,0.6666666666666666,False
D+R+P+F,100,development,223,5,0.5237668161434977,0.38565022421524664,0.6681614349775785,False
D+R+P+F,100,locked_test,53,5,0.5132075471698113,0.33962264150943394,0.660377358490566,False
D+R+P+F,200,all_eligible,276,5,0.6579710144927536,0.572463768115942,0.75,False
D+R+P+F,200,development,223,5,0.6636771300448431,0.5874439461883408,0.757847533632287,False
D+R+P+F,200,locked_test,53,5,0.6339622641509434,0.5094339622641509,0.7169811320754716,False
D+R+P+F,25,all_eligible,276,5,0.6833333333333333,0.41304347826086957,0.7898550724637681,False
D+R+P+F,25,development,223,5,0.6869955156950672,0.4170403587443946,0.7892376681614349,False
D+R+P+F,25,locked_test,53,5,0.6679245283018868,0.39622641509433965,0.7924528301886793,False
D+R+P+F,50,all_eligible,276,5,0.45217391304347826,0.2536231884057971,0.6376811594202898,False
D+R+P+F,50,development,223,5,0.45739910313901344,0.273542600896861,0.6367713004484304,False
D+R+P+F,50,locked_test,53,5,0.43018867924528303,0.16981132075471697,0.6415094339622641,False
D+R+P+F,all,all_eligible,276,5,0.6405797101449275,0.5942028985507246,0.6992753623188406,False
D+R+P+F,all,development,223,5,0.6493273542600897,0.5964125560538116,0.7040358744394619,False
D+R+P+F,all,locked_test,53,5,0.6037735849056604,0.5094339622641509,0.6792452830188679,False
D+R+P+F+H,100,all_eligible,276,5,0.6927536231884058,0.6014492753623188,0.8079710144927537,False
D+R+P+F+H,100,development,223,5,0.7103139013452915,0.6278026905829597,0.820627802690583,False
D+R+P+F+H,100,locked_test,53,5,0.6188679245283019,0.49056603773584906,0.7547169811320755,False
D+R+P+F+H,200,all_eligible,276,5,0.7760869565217391,0.7536231884057971,0.8405797101449275,False
D+R+P+F+H,200,development,223,5,0.7910313901345292,0.7713004484304933,0.852017937219731,False
D+R+P+F+H,200,locked_test,53,5,0.7132075471698113,0.6792452830188679,0.7924528301886793,False
D+R+P+F+H,25,all_eligible,276,5,0.6536231884057971,0.3695652173913043,0.7971014492753623,False
D+R+P+F+H,25,development,223,5,0.6538116591928251,0.38565022421524664,0.7937219730941704,False
D+R+P+F+H,25,locked_test,53,5,0.6528301886792452,0.3018867924528302,0.8113207547169812,False
D+R+P+F+H,50,all_eligible,276,5,0.6224637681159421,0.4057971014492754,0.7753623188405797,False
D+R+P+F+H,50,development,223,5,0.6385650224215247,0.43946188340807174,0.7802690582959642,False
D+R+P+F+H,50,locked_test,53,5,0.5547169811320755,0.2641509433962264,0.7547169811320755,False
D+R+P+F+H,all,all_eligible,276,5,0.7094202898550724,0.6811594202898551,0.7463768115942029,False
D+R+P+F+H,all,development,223,5,0.7210762331838565,0.695067264573991,0.757847533632287,False
D+R+P+F+H,all,locked_test,53,5,0.660377358490566,0.6226415094339622,0.6981132075471698,False
D+R+P+F+H+M,100,all_eligible,276,5,0.6521739130434783,0.5905797101449275,0.7282608695652174,True
D+R+P+F+H+M,100,development,223,5,0.6645739910313901,0.6143497757847534,0.726457399103139,True
D+R+P+F+H+M,100,locked_test,53,5,0.6,0.49056603773584906,0.7358490566037735,True
D+R+P+F+H+M,200,all_eligible,276,5,0.7413043478260869,0.6920289855072463,0.7934782608695652,True
D+R+P+F+H+M,200,development,223,5,0.7569506726457399,0.7130044843049327,0.8026905829596412,True
D+R+P+F+H+M,200,locked_test,53,5,0.6754716981132075,0.6037735849056604,0.7547169811320755,True
D+R+P+F+H+M,25,all_eligible,276,5,0.5898550724637681,0.37681159420289856,0.6884057971014492,True
D+R+P+F+H+M,25,development,223,5,0.5847533632286995,0.3901345291479821,0.695067264573991,True
D+R+P+F+H+M,25,locked_test,53,5,0.6113207547169811,0.32075471698113206,0.7358490566037735,True
D+R+P+F+H+M,50,all_eligible,276,5,0.5565217391304348,0.36594202898550726,0.6739130434782609,True
D+R+P+F+H+M,50,development,223,5,0.5668161434977579,0.3991031390134529,0.6771300448430493,True
D+R+P+F+H+M,50,locked_test,53,5,0.5132075471698113,0.22641509433962265,0.660377358490566,True
D+R+P+F+H+M,all,all_eligible,276,5,0.686231884057971,0.6594202898550725,0.7065217391304348,True
D+R+P+F+H+M,all,development,223,5,0.7004484304932735,0.6771300448430493,0.7174887892376681,True
D+R+P+F+H+M,all,locked_test,53,5,0.6264150943396226,0.5849056603773585,0.660377358490566,True
D+R+P+F+M,100,all_eligible,276,5,0.5949275362318841,0.5144927536231884,0.6811594202898551,True
D+R+P+F+M,100,development,223,5,0.5973094170403588,0.5201793721973094,0.672645739910314,True
D+R+P+F+M,100,locked_test,53,5,0.5849056603773585,0.49056603773584906,0.7169811320754716,True
D+R+P+F+M,200,all_eligible,276,5,0.727536231884058,0.6956521739130435,0.7789855072463768,True
D+R+P+F+M,200,development,223,5,0.7354260089686099,0.7085201793721974,0.7847533632286996,True
D+R+P+F+M,200,locked_test,53,5,0.6943396226415094,0.6415094339622641,0.7547169811320755,True
D+R+P+F+M,25,all_eligible,276,5,0.6869565217391305,0.4927536231884058,0.7862318840579711,True
D+R+P+F+M,25,development,223,5,0.6914798206278027,0.5067264573991032,0.7892376681614349,True
D+R+P+F+M,25,locked_test,53,5,0.6679245283018868,0.4339622641509434,0.7735849056603774,True
D+R+P+F+M,50,all_eligible,276,5,0.5652173913043479,0.427536231884058,0.677536231884058,True
D+R+P+F+M,50,development,223,5,0.5704035874439461,0.43946188340807174,0.672645739910314,True
D+R+P+F+M,50,locked_test,53,5,0.5433962264150943,0.37735849056603776,0.6981132075471698,True
D+R+P+F+M,all,all_eligible,276,5,0.6804347826086956,0.6630434782608695,0.7028985507246377,True
D+R+P+F+M,all,development,223,5,0.6816143497757847,0.6681614349775785,0.7040358744394619,True
D+R+P+F+M,all,locked_test,53,5,0.6754716981132075,0.6415094339622641,0.7169811320754716,True
D+R+P+H,100,all_eligible,276,5,0.5833333333333333,0.5181159420289855,0.6376811594202898,False
D+R+P+H,100,development,223,5,0.5874439461883408,0.5201793721973094,0.6367713004484304,False
D+R+P+H,100,locked_test,53,5,0.5660377358490566,0.5094339622641509,0.6415094339622641,False
D+R+P+H,200,all_eligible,276,5,0.6036231884057971,0.5760869565217391,0.6702898550724637,False
D+R+P+H,200,development,223,5,0.6071748878923767,0.5829596412556054,0.6681614349775785,False
D+R+P+H,200,locked_test,53,5,0.5886792452830188,0.5471698113207547,0.6792452830188679,False
D+R+P+H,25,all_eligible,276,5,0.5159420289855072,0.37318840579710144,0.6376811594202898,False
D+R+P+H,25,development,223,5,0.5040358744394619,0.35874439461883406,0.6188340807174888,False
D+R+P+H,25,locked_test,53,5,0.5660377358490566,0.4339622641509434,0.7169811320754716,False
D+R+P+H,50,all_eligible,276,5,0.5702898550724638,0.43478260869565216,0.6304347826086957,False
D+R+P+H,50,development,223,5,0.5659192825112107,0.43946188340807174,0.6233183856502242,False
D+R+P+H,50,locked_test,53,5,0.5886792452830188,0.41509433962264153,0.660377358490566,False
D+R+P+H,all,all_eligible,276,5,0.5043478260869565,0.4963768115942029,0.5253623188405797,False
D+R+P+H,all,development,223,5,0.5031390134529148,0.49327354260089684,0.5246636771300448,False
D+R+P+H,all,locked_test,53,5,0.5094339622641509,0.4716981132075472,0.5283018867924528,False
D+R+P+H+M,100,all_eligible,276,5,0.5528985507246377,0.5108695652173914,0.5905797101449275,True
D+R+P+H+M,100,development,223,5,0.5551569506726457,0.515695067264574,0.5964125560538116,True
D+R+P+H+M,100,locked_test,53,5,0.5433962264150943,0.49056603773584906,0.5660377358490566,True
D+R+P+H+M,200,all_eligible,276,5,0.5920289855072464,0.5688405797101449,0.6304347826086957,True
D+R+P+H+M,200,development,223,5,0.5928251121076233,0.5739910313901345,0.6233183856502242,True
D+R+P+H+M,200,locked_test,53,5,0.5886792452830188,0.5471698113207547,0.660377358490566,True
D+R+P+H+M,25,all_eligible,276,5,0.4789855072463768,0.35144927536231885,0.5942028985507246,True
D+R+P+H+M,25,development,223,5,0.46278026905829595,0.3452914798206278,0.5650224215246636,True
D+R+P+H+M,25,locked_test,53,5,0.5471698113207547,0.3584905660377358,0.7169811320754716,True
D+R+P+H+M,50,all_eligible,276,5,0.5152173913043478,0.4166666666666667,0.605072463768116,True
D+R+P+H+M,50,development,223,5,0.5094170403587444,0.42152466367713004,0.5919282511210763,True
D+R+P+H+M,50,locked_test,53,5,0.539622641509434,0.37735849056603776,0.660377358490566,True
D+R+P+H+M,all,all_eligible,276,5,0.5079710144927536,0.4927536231884058,0.5289855072463768,True
D+R+P+H+M,all,development,223,5,0.5058295964125561,0.48878923766816146,0.5246636771300448,True
D+R+P+H+M,all,locked_test,53,5,0.5169811320754717,0.4716981132075472,0.5471698113207547,True
D+R+P+M,100,all_eligible,276,5,0.5760869565217391,0.5144927536231884,0.6195652173913043,True
D+R+P+M,100,development,223,5,0.5775784753363229,0.5201793721973094,0.6278026905829597,True
D+R+P+M,100,locked_test,53,5,0.569811320754717,0.49056603773584906,0.6037735849056604,True
D+R+P+M,200,all_eligible,276,5,0.6304347826086957,0.6123188405797102,0.6702898550724637,True
D+R+P+M,200,development,223,5,0.6403587443946188,0.6233183856502242,0.6816143497757847,True
D+R+P+M,200,locked_test,53,5,0.5886792452830188,0.5660377358490566,0.6226415094339622,True
D+R+P+M,25,all_eligible,276,5,0.5753623188405798,0.39492753623188404,0.717391304347826,True
D+R+P+M,25,development,223,5,0.5757847533632288,0.40358744394618834,0.7040358744394619,True
D+R+P+M,25,locked_test,53,5,0.5735849056603773,0.3584905660377358,0.7735849056603774,True
D+R+P+M,50,all_eligible,276,5,0.5347826086956522,0.43478260869565216,0.6159420289855072,True
D+R+P+M,50,development,223,5,0.5300448430493273,0.43946188340807174,0.6143497757847534,True
D+R+P+M,50,locked_test,53,5,0.5547169811320755,0.41509433962264153,0.6226415094339622,True
D+R+P+M,all,all_eligible,276,5,0.577536231884058,0.5471014492753623,0.5978260869565217,True
D+R+P+M,all,development,223,5,0.5811659192825112,0.5515695067264574,0.600896860986547,True
D+R+P+M,all,locked_test,53,5,0.5622641509433962,0.5283018867924528,0.6037735849056604,True
F,100,all_eligible,276,5,0.3978260869565217,0.3442028985507246,0.4782608695652174,False
F,100,development,223,5,0.4026905829596413,0.3452914798206278,0.48878923766816146,False
F,100,locked_test,53,5,0.37735849056603776,0.33962264150943394,0.4339622641509434,False
F,200,all_eligible,276,5,0.4985507246376812,0.4673913043478261,0.5543478260869565,False
F,200,development,223,5,0.5067264573991032,0.47085201793721976,0.5650224215246636,False
F,200,locked_test,53,5,0.4641509433962264,0.4339622641509434,0.5094339622641509,False
F,25,all_eligible,276,5,0.47753623188405797,0.39855072463768115,0.5072463768115942,False
F,25,development,223,5,0.4807174887892377,0.39461883408071746,0.515695067264574,False
F,25,locked_test,53,5,0.4641509433962264,0.41509433962264153,0.5094339622641509,False
F,50,all_eligible,276,5,0.3268115942028985,0.2826086956521739,0.38405797101449274,False
F,50,development,223,5,0.3309417040358744,0.29596412556053814,0.3811659192825112,False
F,50,locked_test,53,5,0.30943396226415093,0.22641509433962265,0.39622641509433965,False
F,all,all_eligible,276,5,0.48043478260869565,0.4528985507246377,0.5108695652173914,False
F,all,development,223,5,0.48789237668161434,0.45739910313901344,0.5201793721973094,False
F,all,locked_test,53,5,0.4490566037735849,0.41509433962264153,0.4716981132075472,False
F+H,100,all_eligible,276,5,0.5978260869565217,0.5434782608695652,0.6630434782608695,False
F+H,100,development,223,5,0.6125560538116592,0.5605381165919282,0.6771300448430493,False
F+H,100,locked_test,53,5,0.5358490566037736,0.4716981132075472,0.6037735849056604,False
F+H,200,all_eligible,276,5,0.6992753623188406,0.6666666666666666,0.7210144927536232,False
F+H,200,development,223,5,0.7174887892376681,0.6816143497757847,0.7399103139013453,False
F+H,200,locked_test,53,5,0.6226415094339622,0.6037735849056604,0.6415094339622641,False
F+H,25,all_eligible,276,5,0.5224637681159421,0.42028985507246375,0.6086956521739131,False
F+H,25,development,223,5,0.5273542600896861,0.4349775784753363,0.6143497757847534,False
F+H,25,locked_test,53,5,0.5018867924528302,0.3584905660377358,0.5849056603773585,False
F+H,50,all_eligible,276,5,0.5304347826086957,0.4746376811594203,0.6340579710144928,False
F+H,50,development,223,5,0.5417040358744395,0.4798206278026906,0.6457399103139013,False
F+H,50,locked_test,53,5,0.4830188679245283,0.4339622641509434,0.5849056603773585,False
F+H,all,all_eligible,276,5,0.6318840579710145,0.6123188405797102,0.6485507246376812,False
F+H,all,development,223,5,0.6430493273542601,0.6233183856502242,0.6636771300448431,False
F+H,all,locked_test,53,5,0.5849056603773585,0.5660377358490566,0.6037735849056604,False
F+H+M,100,all_eligible,276,5,0.5876811594202899,0.5471014492753623,0.6376811594202898,True
F+H+M,100,development,223,5,0.6089686098654709,0.5650224215246636,0.6636771300448431,True
F+H+M,100,locked_test,53,5,0.4981132075471698,0.4716981132075472,0.5283018867924528,True
F+H+M,200,all_eligible,276,5,0.6782608695652174,0.6594202898550725,0.7028985507246377,True
F+H+M,200,development,223,5,0.6968609865470852,0.6771300448430493,0.7174887892376681,True
F+H+M,200,locked_test,53,5,0.6,0.5660377358490566,0.6415094339622641,True
F+H+M,25,all_eligible,276,5,0.48695652173913045,0.38405797101449274,0.5507246376811594,True
F+H+M,25,development,223,5,0.49686098654708516,0.3991031390134529,0.5650224215246636,True
F+H+M,25,locked_test,53,5,0.44528301886792454,0.32075471698113206,0.49056603773584906,True
F+H+M,50,all_eligible,276,5,0.4963768115942029,0.4384057971014493,0.5760869565217391,True
F+H+M,50,development,223,5,0.504932735426009,0.4439461883408072,0.5829596412556054,True
F+H+M,50,locked_test,53,5,0.46037735849056605,0.3584905660377358,0.5471698113207547,True
F+H+M,all,all_eligible,276,5,0.6333333333333333,0.6159420289855072,0.6485507246376812,True
F+H+M,all,development,223,5,0.6538116591928251,0.6412556053811659,0.672645739910314,True
F+H+M,all,locked_test,53,5,0.5471698113207547,0.5094339622641509,0.5849056603773585,True
F+M,100,all_eligible,276,5,0.5217391304347826,0.4927536231884058,0.5652173913043478,True
F+M,100,development,223,5,0.536322869955157,0.5022421524663677,0.5695067264573991,True
F+M,100,locked_test,53,5,0.46037735849056605,0.39622641509433965,0.5471698113207547,True
F+M,200,all_eligible,276,5,0.6173913043478261,0.6014492753623188,0.6485507246376812,True
F+M,200,development,223,5,0.6295964125560538,0.6143497757847534,0.6547085201793722,True
F+M,200,locked_test,53,5,0.5660377358490566,0.5283018867924528,0.6226415094339622,True
F+M,25,all_eligible,276,5,0.5297101449275362,0.44565217391304346,0.6086956521739131,True
F+M,25,development,223,5,0.5354260089686098,0.45739910313901344,0.6098654708520179,True
F+M,25,locked_test,53,5,0.5056603773584906,0.39622641509433965,0.6037735849056604,True
F+M,50,all_eligible,276,5,0.47101449275362317,0.4166666666666667,0.5253623188405797,True
F+M,50,development,223,5,0.48251121076233183,0.4304932735426009,0.5291479820627802,True
F+M,50,locked_test,53,5,0.4226415094339623,0.3584905660377358,0.5094339622641509,True
F+M,all,all_eligible,276,5,0.5934782608695652,0.5869565217391305,0.6014492753623188,True
F+M,all,development,223,5,0.6044843049327354,0.600896860986547,0.6143497757847534,True
F+M,all,locked_test,53,5,0.5471698113207547,0.5283018867924528,0.5660377358490566,True
H,100,all_eligible,276,5,0.31231884057971016,0.3007246376811594,0.32971014492753625,False
H,100,development,223,5,0.31031390134529147,0.29596412556053814,0.3273542600896861,False
H,100,locked_test,53,5,0.32075471698113206,0.2830188679245283,0.33962264150943394,False
H,200,all_eligible,276,5,0.2855072463768116,0.25,0.3115942028985507,False
H,200,development,223,5,0.2914798206278027,0.2600896860986547,0.3183856502242152,False
H,200,locked_test,53,5,0.26037735849056604,0.20754716981132076,0.2830188679245283,False
H,25,all_eligible,276,5,0.3210144927536232,0.2391304347826087,0.37681159420289856,False
H,25,development,223,5,0.3183856502242152,0.23318385650224216,0.37668161434977576,False
H,25,locked_test,53,5,0.3320754716981132,0.2641509433962264,0.37735849056603776,False
H,50,all_eligible,276,5,0.26231884057971017,0.2391304347826087,0.3079710144927536,False
H,50,development,223,5,0.2645739910313901,0.23766816143497757,0.31390134529147984,False
H,50,locked_test,53,5,0.2528301886792453,0.22641509433962265,0.2830188679245283,False
H,all,all_eligible,276,5,0.26014492753623186,0.2391304347826087,0.2717391304347826,False
H,all,development,223,5,0.26547085201793724,0.242152466367713,0.27802690582959644,False
H,all,locked_test,53,5,0.23773584905660378,0.20754716981132076,0.2641509433962264,False
H+M,100,all_eligible,276,5,0.3217391304347826,0.3007246376811594,0.3442028985507246,True
H+M,100,development,223,5,0.33004484304932735,0.31390134529147984,0.3452914798206278,True
H+M,100,locked_test,53,5,0.28679245283018867,0.24528301886792453,0.33962264150943394,True
H+M,200,all_eligible,276,5,0.3,0.27898550724637683,0.3188405797101449,True
H+M,200,development,223,5,0.30672645739910315,0.28699551569506726,0.32286995515695066,True
H+M,200,locked_test,53,5,0.27169811320754716,0.24528301886792453,0.3018867924528302,True
H+M,25,all_eligible,276,5,0.3333333333333333,0.2572463768115942,0.38405797101449274,True
H+M,25,development,223,5,0.3452914798206278,0.2645739910313901,0.3991031390134529,True
H+M,25,locked_test,53,5,0.2830188679245283,0.22641509433962265,0.33962264150943394,True
H+M,50,all_eligible,276,5,0.2855072463768116,0.213768115942029,0.35144927536231885,True
H+M,50,development,223,5,0.295067264573991,0.21973094170403587,0.35874439461883406,True
H+M,50,locked_test,53,5,0.24528301886792453,0.18867924528301888,0.32075471698113206,True
H+M,all,all_eligible,276,5,0.2833333333333333,0.2572463768115942,0.2971014492753623,True
H+M,all,development,223,5,0.2896860986547085,0.2645739910313901,0.30493273542600896,True
H+M,all,locked_test,53,5,0.25660377358490566,0.22641509433962265,0.2830188679245283,True
M,100,all_eligible,276,5,0.20217391304347826,0.18478260869565216,0.2318840579710145,True
M,100,development,223,5,0.21255605381165918,0.19282511210762332,0.24663677130044842,True
M,100,locked_test,53,5,0.15849056603773584,0.1320754716981132,0.16981132075471697,True
M,200,all_eligible,276,5,0.2036231884057971,0.18840579710144928,0.22826086956521738,True
M,200,development,223,5,0.21076233183856502,0.19282511210762332,0.22869955156950672,True
M,200,locked_test,53,5,0.17358490566037735,0.1320754716981132,0.22641509433962265,True
M,25,all_eligible,276,5,0.21014492753623187,0.16666666666666666,0.2318840579710145,True
M,25,development,223,5,0.2251121076233184,0.17488789237668162,0.25112107623318386,True
M,25,locked_test,53,5,0.1471698113207547,0.11320754716981132,0.18867924528301888,True
M,50,all_eligible,276,5,0.1760869565217391,0.14855072463768115,0.21014492753623187,True
M,50,development,223,5,0.18385650224215247,0.15695067264573992,0.21973094170403587,True
M,50,locked_test,53,5,0.14339622641509434,0.11320754716981132,0.16981132075471697,True
M,all,all_eligible,276,5,0.17971014492753623,0.17391304347826086,0.18840579710144928,True
M,all,development,223,5,0.18385650224215247,0.17488789237668162,0.19730941704035873,True
M,all,locked_test,53,5,0.16226415094339622,0.1509433962264151,0.16981132075471697,True
P,100,all_eligible,276,5,0.8434782608695652,0.8079710144927537,0.8731884057971014,False
P,100,development,223,5,0.8475336322869955,0.820627802690583,0.8699551569506726,False
P,100,locked_test,53,5,0.8264150943396227,0.7547169811320755,0.8867924528301887,False
P,200,all_eligible,276,5,0.827536231884058,0.7934782608695652,0.8695652173913043,False
P,200,development,223,5,0.8322869955156951,0.8026905829596412,0.874439461883408,False
P,200,locked_test,53,5,0.8075471698113208,0.7547169811320755,0.8490566037735849,False
P,25,all_eligible,276,5,0.7065217391304348,0.4746376811594203,0.8623188405797102,False
P,25,development,223,5,0.7103139013452915,0.49327354260089684,0.8565022421524664,False
P,25,locked_test,53,5,0.690566037735849,0.39622641509433965,0.8867924528301887,False
P,50,all_eligible,276,5,0.8891304347826087,0.8369565217391305,0.9420289855072463,False
P,50,development,223,5,0.8923766816143498,0.852017937219731,0.9417040358744395,False
P,50,locked_test,53,5,0.8754716981132076,0.7735849056603774,0.9433962264150944,False
P,all,all_eligible,276,5,0.8297101449275363,0.8079710144927537,0.8659420289855072,False
P,all,development,223,5,0.8331838565022421,0.8116591928251121,0.874439461883408,False
P,all,locked_test,53,5,0.8150943396226416,0.7924528301886793,0.8301886792452831,False
P+F,100,all_eligible,276,5,0.3869565217391304,0.2971014492753623,0.4746376811594203,False
P+F,100,development,223,5,0.39641255605381165,0.30493273542600896,0.484304932735426,False
P+F,100,locked_test,53,5,0.3471698113207547,0.2641509433962264,0.4528301886792453,False
P+F,200,all_eligible,276,5,0.5195652173913043,0.4673913043478261,0.5942028985507246,False
P+F,200,development,223,5,0.5282511210762332,0.4798206278026906,0.5964125560538116,False
P+F,200,locked_test,53,5,0.4830188679245283,0.41509433962264153,0.5849056603773585,False
P+F,25,all_eligible,276,5,0.48840579710144927,0.32608695652173914,0.5688405797101449,False
P+F,25,development,223,5,0.4896860986547085,0.34977578475336324,0.5650224215246636,False
P+F,25,locked_test,53,5,0.4830188679245283,0.22641509433962265,0.5849056603773585,False
P+F,50,all_eligible,276,5,0.3355072463768116,0.2608695652173913,0.39855072463768115,False
P+F,50,development,223,5,0.3399103139013453,0.2645739910313901,0.4125560538116592,False
P+F,50,locked_test,53,5,0.3169811320754717,0.22641509433962265,0.3584905660377358,False
P+F,all,all_eligible,276,5,0.49855072463768113,0.463768115942029,0.5398550724637681,False
P+F,all,development,223,5,0.5031390134529148,0.4618834080717489,0.5426008968609866,False
P+F,all,locked_test,53,5,0.47924528301886793,0.4339622641509434,0.5283018867924528,False
P+F+H,100,all_eligible,276,5,0.6079710144927536,0.5471014492753623,0.717391304347826,False
P+F+H,100,development,223,5,0.62152466367713,0.5605381165919282,0.726457399103139,False
P+F+H,100,locked_test,53,5,0.5509433962264151,0.4339622641509434,0.6792452830188679,False
P+F+H,200,all_eligible,276,5,0.7043478260869566,0.6630434782608695,0.7463768115942029,False
P+F+H,200,development,223,5,0.7201793721973094,0.672645739910314,0.7668161434977578,False
P+F+H,200,locked_test,53,5,0.6377358490566037,0.6226415094339622,0.660377358490566,False
P+F+H,25,all_eligible,276,5,0.4891304347826087,0.30434782608695654,0.6014492753623188,False
P+F+H,25,development,223,5,0.4923766816143498,0.3183856502242152,0.600896860986547,False
P+F+H,25,locked_test,53,5,0.47547169811320755,0.24528301886792453,0.6037735849056604,False
P+F+H,50,all_eligible,276,5,0.5333333333333333,0.39855072463768115,0.6376811594202898,False
P+F+H,50,development,223,5,0.5497757847533632,0.4260089686098655,0.6547085201793722,False
P+F+H,50,locked_test,53,5,0.4641509433962264,0.2830188679245283,0.5660377358490566,False
P+F+H,all,all_eligible,276,5,0.6304347826086957,0.6123188405797102,0.644927536231884,False
P+F+H,all,development,223,5,0.6448430493273543,0.6188340807174888,0.6636771300448431,False
P+F+H,all,locked_test,53,5,0.569811320754717,0.5471698113207547,0.5849056603773585,False
P+F+H+M,100,all_eligible,276,5,0.5971014492753624,0.5543478260869565,0.6666666666666666,True
P+F+H+M,100,development,223,5,0.6134529147982063,0.5695067264573991,0.6771300448430493,True
P+F+H+M,100,locked_test,53,5,0.5283018867924528,0.49056603773584906,0.6226415094339622,True
P+F+H+M,200,all_eligible,276,5,0.6797101449275362,0.6630434782608695,0.7065217391304348,True
P+F+H+M,200,development,223,5,0.6959641255605381,0.6771300448430493,0.7174887892376681,True
P+F+H+M,200,locked_test,53,5,0.6113207547169811,0.5660377358490566,0.660377358490566,True
P+F+H+M,25,all_eligible,276,5,0.4623188405797101,0.2826086956521739,0.5688405797101449,True
P+F+H+M,25,development,223,5,0.46367713004484307,0.3004484304932735,0.5739910313901345,True
P+F+H+M,25,locked_test,53,5,0.45660377358490567,0.20754716981132076,0.5471698113207547,True
P+F+H+M,50,all_eligible,276,5,0.4876811594202899,0.35144927536231885,0.572463768115942,True
P+F+H+M,50,development,223,5,0.49865470852017935,0.3811659192825112,0.57847533632287,True
P+F+H+M,50,locked_test,53,5,0.44150943396226416,0.22641509433962265,0.5471698113207547,True
P+F+H+M,all,all_eligible,276,5,0.6268115942028986,0.6195652173913043,0.644927536231884,True
P+F+H+M,all,development,223,5,0.6448430493273543,0.6367713004484304,0.6681614349775785,True
P+F+H+M,all,locked_test,53,5,0.5509433962264151,0.5471698113207547,0.5660377358490566,True
P+F+M,100,all_eligible,276,5,0.5181159420289855,0.4492753623188406,0.5760869565217391,True
P+F+M,100,development,223,5,0.5273542600896861,0.4663677130044843,0.57847533632287,True
P+F+M,100,locked_test,53,5,0.47924528301886793,0.37735849056603776,0.6037735849056604,True
P+F+M,200,all_eligible,276,5,0.6260869565217392,0.5760869565217391,0.677536231884058,True
P+F+M,200,development,223,5,0.6340807174887892,0.5919282511210763,0.6816143497757847,True
P+F+M,200,locked_test,53,5,0.5924528301886792,0.5094339622641509,0.660377358490566,True
P+F+M,25,all_eligible,276,5,0.5499999999999999,0.3804347826086957,0.6666666666666666,True
P+F+M,25,development,223,5,0.5605381165919283,0.4125560538116592,0.6681614349775785,True
P+F+M,25,locked_test,53,5,0.5056603773584906,0.24528301886792453,0.660377358490566,True
P+F+M,50,all_eligible,276,5,0.4826086956521739,0.3804347826086957,0.5579710144927537,True
P+F+M,50,development,223,5,0.4905829596412556,0.39461883408071746,0.5515695067264574,True
P+F+M,50,locked_test,53,5,0.4490566037735849,0.32075471698113206,0.5849056603773585,True
P+F+M,all,all_eligible,276,5,0.5956521739130435,0.5760869565217391,0.6159420289855072,True
P+F+M,all,development,223,5,0.5991031390134529,0.57847533632287,0.6233183856502242,True
P+F+M,all,locked_test,53,5,0.5811320754716981,0.5283018867924528,0.6037735849056604,True
P+H,100,all_eligible,276,5,0.6536231884057971,0.6231884057971014,0.6920289855072463,False
P+H,100,development,223,5,0.6663677130044843,0.6412556053811659,0.695067264573991,False
P+H,100,locked_test,53,5,0.6,0.5471698113207547,0.6792452830188679,False
P+H,200,all_eligible,276,5,0.5521739130434783,0.5217391304347826,0.572463768115942,False
P+H,200,development,223,5,0.5650224215246636,0.5336322869955157,0.5919282511210763,False
P+H,200,locked_test,53,5,0.4981132075471698,0.4716981132075472,0.5283018867924528,False
P+H,25,all_eligible,276,5,0.5427536231884058,0.4057971014492754,0.677536231884058,False
P+H,25,development,223,5,0.547085201793722,0.4125560538116592,0.6636771300448431,False
P+H,25,locked_test,53,5,0.5245283018867924,0.33962264150943394,0.7358490566037735,False
P+H,50,all_eligible,276,5,0.618840579710145,0.5579710144927537,0.677536231884058,False
P+H,50,development,223,5,0.6331838565022422,0.5919282511210763,0.6905829596412556,False
P+H,50,locked_test,53,5,0.5584905660377358,0.41509433962264153,0.6226415094339622,False
P+H,all,all_eligible,276,5,0.48985507246376814,0.4601449275362319,0.5108695652173914,False
P+H,all,development,223,5,0.5049327354260089,0.47533632286995514,0.5246636771300448,False
P+H,all,locked_test,53,5,0.42641509433962266,0.39622641509433965,0.4528301886792453,False
P+H+M,100,all_eligible,276,5,0.5891304347826087,0.572463768115942,0.6014492753623188,True
P+H+M,100,development,223,5,0.6053811659192825,0.5919282511210763,0.6188340807174888,True
P+H+M,100,locked_test,53,5,0.5207547169811321,0.4528301886792453,0.5471698113207547,True
P+H+M,200,all_eligible,276,5,0.5224637681159421,0.5108695652173914,0.5362318840579711,True
P+H+M,200,development,223,5,0.547085201793722,0.5291479820627802,0.5650224215246636,True
P+H+M,200,locked_test,53,5,0.4188679245283019,0.37735849056603776,0.4339622641509434,True
P+H+M,25,all_eligible,276,5,0.46159420289855074,0.3333333333333333,0.5543478260869565,True
P+H+M,25,development,223,5,0.46457399103139013,0.336322869955157,0.5560538116591929,True
P+H+M,25,locked_test,53,5,0.4490566037735849,0.32075471698113206,0.5471698113207547,True
P+H+M,50,all_eligible,276,5,0.5492753623188406,0.4782608695652174,0.6123188405797102,True
P+H+M,50,development,223,5,0.5569506726457399,0.4798206278026906,0.6278026905829597,True
P+H+M,50,locked_test,53,5,0.5169811320754717,0.4339622641509434,0.5849056603773585,True
P+H+M,all,all_eligible,276,5,0.4826086956521739,0.4601449275362319,0.5072463768115942,True
P+H+M,all,development,223,5,0.5013452914798207,0.4798206278026906,0.5336322869955157,True
P+H+M,all,locked_test,53,5,0.4037735849056604,0.37735849056603776,0.4339622641509434,True
P+M,100,all_eligible,276,5,0.6753623188405797,0.5905797101449275,0.7318840579710145,True
P+M,100,development,223,5,0.6878923766816144,0.6098654708520179,0.7443946188340808,True
P+M,100,locked_test,53,5,0.6226415094339622,0.5094339622641509,0.6792452830188679,True
P+M,200,all_eligible,276,5,0.6152173913043478,0.5869565217391305,0.6666666666666666,True
P+M,200,development,223,5,0.6313901345291479,0.6053811659192825,0.6860986547085202,True
P+M,200,locked_test,53,5,0.5471698113207547,0.5094339622641509,0.5849056603773585,True
P+M,25,all_eligible,276,5,0.5623188405797102,0.35507246376811596,0.7065217391304348,True
P+M,25,development,223,5,0.5713004484304933,0.38565022421524664,0.7040358744394619,True
P+M,25,locked_test,53,5,0.5245283018867924,0.22641509433962265,0.7169811320754716,True
P+M,50,all_eligible,276,5,0.6731884057971015,0.5579710144927537,0.717391304347826,True
P+M,50,development,223,5,0.6834080717488789,0.57847533632287,0.7219730941704036,True
P+M,50,locked_test,53,5,0.630188679245283,0.4716981132075472,0.6981132075471698,True
P+M,all,all_eligible,276,5,0.5811594202898551,0.5507246376811594,0.6159420289855072,True
P+M,all,development,223,5,0.5946188340807175,0.5605381165919282,0.6367713004484304,True
P+M,all,locked_test,53,5,0.5245283018867924,0.49056603773584906,0.5471698113207547,True
R,100,all_eligible,276,5,0.8072463768115943,0.8043478260869565,0.8115942028985508,False
R,100,development,223,5,0.7982062780269058,0.7937219730941704,0.8026905829596412,False
R,100,locked_test,53,5,0.8452830188679246,0.8301886792452831,0.8679245283018868,False
R,200,all_eligible,276,5,0.8028985507246377,0.7971014492753623,0.8152173913043478,False
R,200,development,223,5,0.7991031390134529,0.7937219730941704,0.8116591928251121,False
R,200,locked_test,53,5,0.8188679245283019,0.8113207547169812,0.8301886792452831,False
R,25,all_eligible,276,5,0.8115942028985507,0.7898550724637681,0.8297101449275363,False
R,25,development,223,5,0.8,0.7847533632286996,0.8116591928251121,False
R,25,locked_test,53,5,0.8603773584905661,0.8113207547169812,0.9056603773584906,False
R,50,all_eligible,276,5,0.8007246376811594,0.7934782608695652,0.8079710144927537,False
R,50,development,223,5,0.7946188340807174,0.7892376681614349,0.7982062780269058,False
R,50,locked_test,53,5,0.8264150943396227,0.8113207547169812,0.8679245283018868,False
R,all,all_eligible,276,5,0.808695652173913,0.8079710144927537,0.8115942028985508,False
R,all,development,223,5,0.8026905829596412,0.8026905829596412,0.8026905829596412,False
R,all,locked_test,53,5,0.8339622641509434,0.8301886792452831,0.8490566037735849,False
R+F,100,all_eligible,276,5,0.41884057971014493,0.3695652173913043,0.5072463768115942,False
R+F,100,development,223,5,0.4197309417040359,0.3632286995515695,0.515695067264574,False
R+F,100,locked_test,53,5,0.41509433962264153,0.37735849056603776,0.4716981132075472,False
R+F,200,all_eligible,276,5,0.5405797101449276,0.5036231884057971,0.5905797101449275,False
R+F,200,development,223,5,0.5426008968609866,0.5022421524663677,0.5919282511210763,False
R+F,200,locked_test,53,5,0.5320754716981132,0.49056603773584906,0.5849056603773585,False
R+F,25,all_eligible,276,5,0.49782608695652175,0.39492753623188404,0.5398550724637681,False
R+F,25,development,223,5,0.49865470852017935,0.39461883408071746,0.5336322869955157,False
R+F,25,locked_test,53,5,0.49433962264150944,0.39622641509433965,0.5660377358490566,False
R+F,50,all_eligible,276,5,0.3615942028985507,0.3115942028985507,0.41304347826086957,False
R+F,50,development,223,5,0.3668161434977579,0.32286995515695066,0.42152466367713004,False
R+F,50,locked_test,53,5,0.33962264150943394,0.2641509433962264,0.41509433962264153,False
R+F,all,all_eligible,276,5,0.5253623188405797,0.4746376811594203,0.5615942028985508,False
R+F,all,development,223,5,0.5264573991031389,0.47533632286995514,0.5650224215246636,False
R+F,all,locked_test,53,5,0.5207547169811321,0.4716981132075472,0.5471698113207547,False
R+F+H,100,all_eligible,276,5,0.6260869565217392,0.5905797101449275,0.7028985507246377,False
R+F+H,100,development,223,5,0.6376681614349775,0.600896860986547,0.7130044843049327,False
R+F+H,100,locked_test,53,5,0.5773584905660377,0.5471698113207547,0.660377358490566,False
R+F+H,200,all_eligible,276,5,0.7405797101449275,0.7065217391304348,0.7681159420289855,False
R+F+H,200,development,223,5,0.7515695067264574,0.7174887892376681,0.7802690582959642,False
R+F+H,200,locked_test,53,5,0.6943396226415094,0.660377358490566,0.7169811320754716,False
R+F+H,25,all_eligible,276,5,0.5579710144927537,0.43478260869565216,0.6521739130434783,False
R+F+H,25,development,223,5,0.5632286995515695,0.452914798206278,0.6591928251121076,False
R+F+H,25,locked_test,53,5,0.5358490566037736,0.3584905660377358,0.6226415094339622,False
R+F+H,50,all_eligible,276,5,0.5833333333333334,0.5072463768115942,0.6557971014492754,False
R+F+H,50,development,223,5,0.5919282511210763,0.5246636771300448,0.6636771300448431,False
R+F+H,50,locked_test,53,5,0.5471698113207547,0.4339622641509434,0.6415094339622641,False
R+F+H,all,all_eligible,276,5,0.6818840579710145,0.6702898550724637,0.6956521739130435,False
R+F+H,all,development,223,5,0.694170403587444,0.6816143497757847,0.7085201793721974,False
R+F+H,all,locked_test,53,5,0.630188679245283,0.5849056603773585,0.660377358490566,False
R+F+H+M,100,all_eligible,276,5,0.6108695652173913,0.5688405797101449,0.6920289855072463,True
R+F+H+M,100,development,223,5,0.6286995515695067,0.5919282511210763,0.695067264573991,True
R+F+H+M,100,locked_test,53,5,0.5358490566037736,0.4716981132075472,0.6792452830188679,True
R+F+H+M,200,all_eligible,276,5,0.7195652173913044,0.7028985507246377,0.7608695652173914,True
R+F+H+M,200,development,223,5,0.7309417040358744,0.7130044843049327,0.7713004484304933,True
R+F+H+M,200,locked_test,53,5,0.6716981132075471,0.6415094339622641,0.7169811320754716,True
R+F+H+M,25,all_eligible,276,5,0.5065217391304347,0.39855072463768115,0.605072463768116,True
R+F+H+M,25,development,223,5,0.5112107623318386,0.4170403587443946,0.6098654708520179,True
R+F+H+M,25,locked_test,53,5,0.4867924528301887,0.32075471698113206,0.5849056603773585,True
R+F+H+M,50,all_eligible,276,5,0.5456521739130434,0.47101449275362317,0.6268115942028986,True
R+F+H+M,50,development,223,5,0.5515695067264574,0.47085201793721976,0.6233183856502242,True
R+F+H+M,50,locked_test,53,5,0.5207547169811321,0.37735849056603776,0.6415094339622641,True
R+F+H+M,all,all_eligible,276,5,0.6789855072463769,0.6594202898550725,0.6992753623188406,True
R+F+H+M,all,development,223,5,0.695067264573991,0.6771300448430493,0.7130044843049327,True
R+F+H+M,all,locked_test,53,5,0.6113207547169811,0.5660377358490566,0.6792452830188679,True
R+F+M,100,all_eligible,276,5,0.5826086956521739,0.532608695652174,0.6485507246376812,True
R+F+M,100,development,223,5,0.590134529147982,0.5426008968609866,0.6502242152466368,True
R+F+M,100,locked_test,53,5,0.5509433962264151,0.49056603773584906,0.6415094339622641,True
R+F+M,200,all_eligible,276,5,0.6789855072463769,0.644927536231884,0.7246376811594203,True
R+F+M,200,development,223,5,0.6825112107623318,0.6502242152466368,0.726457399103139,True
R+F+M,200,locked_test,53,5,0.6641509433962264,0.6226415094339622,0.7169811320754716,True
R+F+M,25,all_eligible,276,5,0.6,0.4746376811594203,0.7065217391304348,True
R+F+M,25,development,223,5,0.6071748878923767,0.48878923766816146,0.7085201793721974,True
R+F+M,25,locked_test,53,5,0.569811320754717,0.41509433962264153,0.6981132075471698,True
R+F+M,50,all_eligible,276,5,0.5369565217391304,0.4963768115942029,0.605072463768116,True
R+F+M,50,development,223,5,0.5417040358744395,0.5067264573991032,0.6053811659192825,True
R+F+M,50,locked_test,53,5,0.5169811320754717,0.4339622641509434,0.6037735849056604,True
R+F+M,all,all_eligible,276,5,0.6485507246376812,0.6304347826086957,0.6739130434782609,True
R+F+M,all,development,223,5,0.6538116591928251,0.6322869955156951,0.6905829596412556,True
R+F+M,all,locked_test,53,5,0.6264150943396226,0.6037735849056604,0.6792452830188679,True
R+H,100,all_eligible,276,5,0.605072463768116,0.5471014492753623,0.6557971014492754,False
R+H,100,development,223,5,0.5919282511210763,0.5515695067264574,0.6322869955156951,False
R+H,100,locked_test,53,5,0.660377358490566,0.5283018867924528,0.7547169811320755,False
R+H,200,all_eligible,276,5,0.6253623188405797,0.5760869565217391,0.6630434782608695,False
R+H,200,development,223,5,0.610762331838565,0.5695067264573991,0.6457399103139013,False
R+H,200,locked_test,53,5,0.6867924528301886,0.6037735849056604,0.7358490566037735,False
R+H,25,all_eligible,276,5,0.6231884057971014,0.5036231884057971,0.7246376811594203,False
R+H,25,development,223,5,0.6152466367713004,0.4977578475336323,0.7040358744394619,False
R+H,25,locked_test,53,5,0.6566037735849056,0.5283018867924528,0.8113207547169812,False
R+H,50,all_eligible,276,5,0.618840579710145,0.5543478260869565,0.6992753623188406,False
R+H,50,development,223,5,0.6071748878923766,0.547085201793722,0.6771300448430493,False
R+H,50,locked_test,53,5,0.6679245283018868,0.5849056603773585,0.7924528301886793,False
R+H,all,all_eligible,276,5,0.5855072463768116,0.5362318840579711,0.6231884057971014,False
R+H,all,development,223,5,0.5721973094170403,0.5291479820627802,0.6053811659192825,False
R+H,all,locked_test,53,5,0.6415094339622641,0.5660377358490566,0.6981132075471698,False
R+H+M,100,all_eligible,276,5,0.5760869565217391,0.5181159420289855,0.6086956521739131,True
R+H+M,100,development,223,5,0.568609865470852,0.5246636771300448,0.5874439461883408,True
R+H+M,100,locked_test,53,5,0.6075471698113207,0.49056603773584906,0.7169811320754716,True
R+H+M,200,all_eligible,276,5,0.5963768115942029,0.5688405797101449,0.6268115942028986,True
R+H+M,200,development,223,5,0.5775784753363229,0.5560538116591929,0.6053811659192825,True
R+H+M,200,locked_test,53,5,0.6754716981132075,0.6226415094339622,0.7169811320754716,True
R+H+M,25,all_eligible,276,5,0.5297101449275362,0.4528985507246377,0.6086956521739131,True
R+H+M,25,development,223,5,0.5246636771300448,0.4484304932735426,0.6053811659192825,True
R+H+M,25,locked_test,53,5,0.5509433962264151,0.4716981132075472,0.6226415094339622,True
R+H+M,50,all_eligible,276,5,0.558695652173913,0.5036231884057971,0.6231884057971014,True
R+H+M,50,development,223,5,0.5443946188340807,0.48878923766816146,0.6053811659192825,True
R+H+M,50,locked_test,53,5,0.6188679245283019,0.5660377358490566,0.6981132075471698,True
R+H+M,all,all_eligible,276,5,0.558695652173913,0.5289855072463768,0.6014492753623188,True
R+H+M,all,development,223,5,0.5497757847533632,0.5201793721973094,0.5874439461883408,True
R+H+M,all,locked_test,53,5,0.5962264150943396,0.5094339622641509,0.660377358490566,True
R+M,100,all_eligible,276,5,0.6920289855072463,0.6594202898550725,0.7391304347826086,True
R+M,100,development,223,5,0.6852017937219731,0.6547085201793722,0.7354260089686099,True
R+M,100,locked_test,53,5,0.720754716981132,0.6792452830188679,0.7547169811320755,True
R+M,200,all_eligible,276,5,0.7065217391304348,0.6847826086956522,0.7282608695652174,True
R+M,200,development,223,5,0.7094170403587444,0.6860986547085202,0.7354260089686099,True
R+M,200,locked_test,53,5,0.6943396226415094,0.6792452830188679,0.7169811320754716,True
R+M,25,all_eligible,276,5,0.6601449275362319,0.5507246376811594,0.7246376811594203,True
R+M,25,development,223,5,0.6565022421524663,0.5426008968609866,0.7219730941704036,True
R+M,25,locked_test,53,5,0.6754716981132075,0.5849056603773585,0.7358490566037735,True
R+M,50,all_eligible,276,5,0.6159420289855072,0.5688405797101449,0.6521739130434783,True
R+M,50,development,223,5,0.6035874439461884,0.5605381165919282,0.6367713004484304,True
R+M,50,locked_test,53,5,0.6679245283018868,0.6037735849056604,0.7169811320754716,True
R+M,all,all_eligible,276,5,0.6811594202898551,0.6666666666666666,0.7028985507246377,True
R+M,all,development,223,5,0.6816143497757848,0.6681614349775785,0.7085201793721974,True
R+M,all,locked_test,53,5,0.6792452830188679,0.660377358490566,0.7169811320754716,True
R+P,100,all_eligible,276,5,0.7717391304347826,0.7391304347826086,0.7934782608695652,False
R+P,100,development,223,5,0.7704035874439462,0.7443946188340808,0.7847533632286996,False
R+P,100,locked_test,53,5,0.7773584905660378,0.7169811320754716,0.8301886792452831,False
R+P,200,all_eligible,276,5,0.7876811594202898,0.7681159420289855,0.8152173913043478,False
R+P,200,development,223,5,0.7892376681614349,0.7713004484304933,0.8161434977578476,False
R+P,200,locked_test,53,5,0.7811320754716982,0.7547169811320755,0.8113207547169812,False
R+P,25,all_eligible,276,5,0.7115942028985507,0.5833333333333334,0.782608695652174,False
R+P,25,development,223,5,0.7103139013452915,0.5964125560538116,0.7713004484304933,False
R+P,25,locked_test,53,5,0.7169811320754718,0.5283018867924528,0.8301886792452831,False
R+P,50,all_eligible,276,5,0.7840579710144927,0.7681159420289855,0.8043478260869565,False
R+P,50,development,223,5,0.779372197309417,0.757847533632287,0.7982062780269058,False
R+P,50,locked_test,53,5,0.8037735849056604,0.7547169811320755,0.8301886792452831,False
R+P,all,all_eligible,276,5,0.7949275362318841,0.782608695652174,0.8188405797101449,False
R+P,all,development,223,5,0.7946188340807175,0.7847533632286996,0.8161434977578476,False
R+P,all,locked_test,53,5,0.7962264150943397,0.7735849056603774,0.8301886792452831,False
R+P+F,100,all_eligible,276,5,0.40652173913043477,0.3115942028985507,0.5181159420289855,False
R+P+F,100,development,223,5,0.4134529147982063,0.3183856502242152,0.5201793721973094,False
R+P+F,100,locked_test,53,5,0.3773584905660377,0.2830188679245283,0.5094339622641509,False
R+P+F,200,all_eligible,276,5,0.5391304347826087,0.4855072463768116,0.5978260869565217,False
R+P+F,200,development,223,5,0.5479820627802691,0.4977578475336323,0.600896860986547,False
R+P+F,200,locked_test,53,5,0.5018867924528302,0.4339622641509434,0.5849056603773585,False
R+P+F,25,all_eligible,276,5,0.5007246376811595,0.31521739130434784,0.6123188405797102,False
R+P+F,25,development,223,5,0.49955156950672647,0.3273542600896861,0.600896860986547,False
R+P+F,25,locked_test,53,5,0.5056603773584906,0.2641509433962264,0.660377358490566,False
R+P+F,50,all_eligible,276,5,0.35144927536231885,0.2608695652173913,0.43478260869565216,False
R+P+F,50,development,223,5,0.35874439461883406,0.26905829596412556,0.452914798206278,False
R+P+F,50,locked_test,53,5,0.32075471698113206,0.22641509433962265,0.37735849056603776,False
R+P+F,all,all_eligible,276,5,0.5115942028985507,0.4746376811594203,0.5543478260869565,False
R+P+F,all,development,223,5,0.5174887892376682,0.47533632286995514,0.5560538116591929,False
R+P+F,all,locked_test,53,5,0.4867924528301887,0.4339622641509434,0.5471698113207547,False
R+P+F+H,100,all_eligible,276,5,0.6202898550724638,0.5507246376811594,0.7463768115942029,False
R+P+F+H,100,development,223,5,0.632286995515695,0.5695067264573991,0.7533632286995515,False
R+P+F+H,100,locked_test,53,5,0.569811320754717,0.4716981132075472,0.7169811320754716,False
R+P+F+H,200,all_eligible,276,5,0.7260869565217392,0.6992753623188406,0.7681159420289855,False
R+P+F+H,200,development,223,5,0.737219730941704,0.7085201793721974,0.7757847533632287,False
R+P+F+H,200,locked_test,53,5,0.6792452830188679,0.6415094339622641,0.7358490566037735,False
R+P+F+H,25,all_eligible,276,5,0.5101449275362319,0.3188405797101449,0.6413043478260869,False
R+P+F+H,25,development,223,5,0.5112107623318386,0.3273542600896861,0.6367713004484304,False
R+P+F+H,25,locked_test,53,5,0.5056603773584906,0.2830188679245283,0.660377358490566,False
R+P+F+H,50,all_eligible,276,5,0.5717391304347826,0.39855072463768115,0.6992753623188406,False
R+P+F+H,50,development,223,5,0.5874439461883408,0.4260089686098655,0.7085201793721974,False
R+P+F+H,50,locked_test,53,5,0.5056603773584906,0.2830188679245283,0.660377358490566,False
R+P+F+H,all,all_eligible,276,5,0.6572463768115941,0.6485507246376812,0.6666666666666666,False
R+P+F+H,all,development,223,5,0.6672645739910313,0.6547085201793722,0.6771300448430493,False
R+P+F+H,all,locked_test,53,5,0.6150943396226415,0.5849056603773585,0.6226415094339622,False
R+P+F+H+M,100,all_eligible,276,5,0.6195652173913043,0.5543478260869565,0.7028985507246377,True
R+P+F+H+M,100,development,223,5,0.632286995515695,0.5650224215246636,0.7085201793721974,True
R+P+F+H+M,100,locked_test,53,5,0.5660377358490566,0.5094339622641509,0.6792452830188679,True
R+P+F+H+M,200,all_eligible,276,5,0.7057971014492753,0.6811594202898551,0.7391304347826086,True
R+P+F+H+M,200,development,223,5,0.7219730941704036,0.6995515695067265,0.7488789237668162,True
R+P+F+H+M,200,locked_test,53,5,0.6377358490566037,0.6037735849056604,0.6981132075471698,True
R+P+F+H+M,25,all_eligible,276,5,0.48840579710144927,0.286231884057971,0.6159420289855072,True
R+P+F+H+M,25,development,223,5,0.4923766816143498,0.30493273542600896,0.6278026905829597,True
R+P+F+H+M,25,locked_test,53,5,0.4716981132075472,0.20754716981132076,0.5660377358490566,True
R+P+F+H+M,50,all_eligible,276,5,0.5253623188405797,0.35507246376811596,0.6195652173913043,True
R+P+F+H+M,50,development,223,5,0.5345291479820627,0.3811659192825112,0.6188340807174888,True
R+P+F+H+M,50,locked_test,53,5,0.4867924528301887,0.24528301886792453,0.6226415094339622,True
R+P+F+H+M,all,all_eligible,276,5,0.6594202898550725,0.644927536231884,0.6739130434782609,True
R+P+F+H+M,all,development,223,5,0.6807174887892377,0.6636771300448431,0.695067264573991,True
R+P+F+H+M,all,locked_test,53,5,0.569811320754717,0.5660377358490566,0.5849056603773585,True
R+P+F+M,100,all_eligible,276,5,0.5507246376811594,0.4927536231884058,0.6304347826086957,True
R+P+F+M,100,development,223,5,0.5551569506726458,0.5067264573991032,0.6278026905829597,True
R+P+F+M,100,locked_test,53,5,0.5320754716981132,0.4339622641509434,0.6415094339622641,True
R+P+F+M,200,all_eligible,276,5,0.6681159420289855,0.6268115942028986,0.7210144927536232,True
R+P+F+M,200,development,223,5,0.6762331838565022,0.6412556053811659,0.7219730941704036,True
R+P+F+M,200,locked_test,53,5,0.6339622641509434,0.5660377358490566,0.7169811320754716,True
R+P+F+M,25,all_eligible,276,5,0.5818840579710145,0.40217391304347827,0.7101449275362319,True
R+P+F+M,25,development,223,5,0.5856502242152466,0.4260089686098655,0.7040358744394619,True
R+P+F+M,25,locked_test,53,5,0.5660377358490566,0.3018867924528302,0.7358490566037735,True
R+P+F+M,50,all_eligible,276,5,0.5268115942028986,0.391304347826087,0.5905797101449275,True
R+P+F+M,50,development,223,5,0.536322869955157,0.4080717488789238,0.600896860986547,True
R+P+F+M,50,locked_test,53,5,0.4867924528301887,0.32075471698113206,0.5660377358490566,True
R+P+F+M,all,all_eligible,276,5,0.6275362318840579,0.6014492753623188,0.6521739130434783,True
R+P+F+M,all,development,223,5,0.6358744394618834,0.6098654708520179,0.6591928251121076,True
R+P+F+M,all,locked_test,53,5,0.5924528301886792,0.5660377358490566,0.6226415094339622,True
R+P+H,100,all_eligible,276,5,0.7115942028985507,0.6847826086956522,0.7463768115942029,False
R+P+H,100,development,223,5,0.7031390134529147,0.6816143497757847,0.7309417040358744,False
R+P+H,100,locked_test,53,5,0.7471698113207547,0.6981132075471698,0.8113207547169812,False
R+P+H,200,all_eligible,276,5,0.6847826086956521,0.6702898550724637,0.7137681159420289,False
R+P+H,200,development,223,5,0.6789237668161435,0.6681614349775785,0.7040358744394619,False
R+P+H,200,locked_test,53,5,0.7094339622641509,0.6792452830188679,0.7547169811320755,False
R+P+H,25,all_eligible,276,5,0.677536231884058,0.5905797101449275,0.7789855072463768,False
R+P+H,25,development,223,5,0.6717488789237668,0.5739910313901345,0.7713004484304933,False
R+P+H,25,locked_test,53,5,0.7018867924528301,0.5849056603773585,0.8113207547169812,False
R+P+H,50,all_eligible,276,5,0.7144927536231884,0.6630434782608695,0.7644927536231884,False
R+P+H,50,development,223,5,0.7031390134529147,0.6591928251121076,0.7533632286995515,False
R+P+H,50,locked_test,53,5,0.7622641509433963,0.6792452830188679,0.8113207547169812,False
R+P+H,all,all_eligible,276,5,0.631159420289855,0.6231884057971014,0.6521739130434783,False
R+P+H,all,development,223,5,0.6260089686098654,0.6143497757847534,0.6502242152466368,False
R+P+H,all,locked_test,53,5,0.6528301886792452,0.6415094339622641,0.660377358490566,False
R+P+H+M,100,all_eligible,276,5,0.6782608695652174,0.6557971014492754,0.6992753623188406,True
R+P+H+M,100,development,223,5,0.683408071748879,0.6591928251121076,0.6995515695067265,True
R+P+H+M,100,locked_test,53,5,0.6566037735849056,0.6226415094339622,0.6981132075471698,True
R+P+H+M,200,all_eligible,276,5,0.6731884057971015,0.6666666666666666,0.6847826086956522,True
R+P+H+M,200,development,223,5,0.6762331838565022,0.6681614349775785,0.6816143497757847,True
R+P+H+M,200,locked_test,53,5,0.660377358490566,0.6415094339622641,0.6981132075471698,True
R+P+H+M,25,all_eligible,276,5,0.6021739130434782,0.4963768115942029,0.7028985507246377,True
R+P+H+M,25,development,223,5,0.600896860986547,0.5022421524663677,0.7040358744394619,True
R+P+H+M,25,locked_test,53,5,0.6075471698113207,0.4716981132075472,0.6981132075471698,True
R+P+H+M,50,all_eligible,276,5,0.6521739130434783,0.6159420289855072,0.7210144927536232,True
R+P+H+M,50,development,223,5,0.6556053811659193,0.6188340807174888,0.7174887892376681,True
R+P+H+M,50,locked_test,53,5,0.6377358490566037,0.6037735849056604,0.7358490566037735,True
R+P+H+M,all,all_eligible,276,5,0.605072463768116,0.6014492753623188,0.6123188405797102,True
R+P+H+M,all,development,223,5,0.6071748878923766,0.600896860986547,0.6143497757847534,True
R+P+H+M,all,locked_test,53,5,0.5962264150943396,0.5660377358490566,0.6415094339622641,True
R+P+M,100,all_eligible,276,5,0.7079710144927536,0.677536231884058,0.7681159420289855,True
R+P+M,100,development,223,5,0.7165919282511211,0.6905829596412556,0.7713004484304933,True
R+P+M,100,locked_test,53,5,0.6716981132075471,0.6226415094339622,0.7547169811320755,True
R+P+M,200,all_eligible,276,5,0.7217391304347827,0.7028985507246377,0.7318840579710145,True
R+P+M,200,development,223,5,0.7291479820627803,0.7130044843049327,0.7399103139013453,True
R+P+M,200,locked_test,53,5,0.690566037735849,0.660377358490566,0.7169811320754716,True
R+P+M,25,all_eligible,276,5,0.6789855072463769,0.4891304347826087,0.7717391304347826,True
R+P+M,25,development,223,5,0.6780269058295965,0.5067264573991032,0.757847533632287,True
R+P+M,25,locked_test,53,5,0.6830188679245283,0.41509433962264153,0.8301886792452831,True
R+P+M,50,all_eligible,276,5,0.6942028985507246,0.644927536231884,0.7210144927536232,True
R+P+M,50,development,223,5,0.695067264573991,0.6547085201793722,0.726457399103139,True
R+P+M,50,locked_test,53,5,0.690566037735849,0.6037735849056604,0.7358490566037735,True
R+P+M,all,all_eligible,276,5,0.6934782608695652,0.6739130434782609,0.7210144927536232,True
R+P+M,all,development,223,5,0.7004484304932735,0.6860986547085202,0.7219730941704036,True
R+P+M,all,locked_test,53,5,0.6641509433962264,0.6037735849056604,0.7169811320754716,True
S,100,all_eligible,276,5,0.9608695652173913,0.927536231884058,0.9855072463768116,False
S,100,development,223,5,0.9578475336322869,0.9192825112107623,0.9820627802690582,False
S,100,locked_test,53,5,0.9735849056603774,0.9433962264150944,1.0,False
S,200,all_eligible,276,5,0.9695652173913043,0.9420289855072463,0.9891304347826086,False
S,200,development,223,5,0.968609865470852,0.9372197309417041,0.9910313901345291,False
S,200,locked_test,53,5,0.9735849056603774,0.9622641509433962,0.9811320754716981,False
S,25,all_eligible,276,5,0.9442028985507246,0.8695652173913043,0.9891304347826086,False
S,25,development,223,5,0.9399103139013453,0.8609865470852018,0.9910313901345291,False
S,25,locked_test,53,5,0.9622641509433962,0.9056603773584906,0.9811320754716981,False
S,50,all_eligible,276,5,0.9586956521739131,0.894927536231884,0.9855072463768116,False
S,50,development,223,5,0.9569506726457399,0.8923766816143498,0.9865470852017937,False
S,50,locked_test,53,5,0.9660377358490566,0.9056603773584906,0.9811320754716981,False
S,all,all_eligible,276,5,0.9739130434782609,0.9565217391304348,0.9927536231884058,False
S,all,development,223,5,0.9721973094170403,0.9506726457399103,0.9955156950672646,False
S,all,locked_test,53,5,0.9811320754716981,0.9811320754716981,0.9811320754716981,False
S+D,100,all_eligible,276,5,0.836231884057971,0.7210144927536232,0.9130434782608695,False
S+D,100,development,223,5,0.8304932735426008,0.7174887892376681,0.905829596412556,False
S+D,100,locked_test,53,5,0.8603773584905661,0.7358490566037735,0.9433962264150944,False
S+D,200,all_eligible,276,5,0.9123188405797101,0.8586956521739131,0.9601449275362319,False
S+D,200,development,223,5,0.9085201793721973,0.8565022421524664,0.9551569506726457,False
S+D,200,locked_test,53,5,0.9283018867924528,0.8679245283018868,0.9811320754716981,False
S+D,25,all_eligible,276,5,0.8753623188405797,0.7210144927536232,0.9782608695652174,False
S+D,25,development,223,5,0.874439461883408,0.7085201793721974,0.9775784753363229,False
S+D,25,locked_test,53,5,0.879245283018868,0.7735849056603774,0.9811320754716981,False
S+D,50,all_eligible,276,5,0.8666666666666667,0.6920289855072463,0.9420289855072463,False
S+D,50,development,223,5,0.8565022421524664,0.6905829596412556,0.9327354260089686,False
S+D,50,locked_test,53,5,0.909433962264151,0.6981132075471698,0.9811320754716981,False
S+D,all,all_eligible,276,5,0.9101449275362319,0.8586956521739131,0.9601449275362319,False
S+D,all,development,223,5,0.9103139013452914,0.8609865470852018,0.9551569506726457,False
S+D,all,locked_test,53,5,0.909433962264151,0.8301886792452831,0.9811320754716981,False
S+D+F,100,all_eligible,276,5,0.908695652173913,0.7971014492753623,0.9746376811594203,False
S+D+F,100,development,223,5,0.9067264573991032,0.7937219730941704,0.9730941704035875,False
S+D+F,100,locked_test,53,5,0.9169811320754717,0.8113207547169812,0.9811320754716981,False
S+D+F,200,all_eligible,276,5,0.9594202898550724,0.9130434782608695,0.9782608695652174,False
S+D+F,200,development,223,5,0.95695067264574,0.905829596412556,0.9775784753363229,False
S+D+F,200,locked_test,53,5,0.969811320754717,0.9433962264150944,0.9811320754716981,False
S+D+F,25,all_eligible,276,5,0.9746376811594203,0.927536231884058,0.9891304347826086,False
S+D+F,25,development,223,5,0.9748878923766816,0.9237668161434978,0.9910313901345291,False
S+D+F,25,locked_test,53,5,0.9735849056603774,0.9433962264150944,0.9811320754716981,False
S+D+F,50,all_eligible,276,5,0.9007246376811594,0.782608695652174,0.9782608695652174,False
S+D+F,50,development,223,5,0.9004484304932736,0.7847533632286996,0.9775784753363229,False
S+D+F,50,locked_test,53,5,0.9018867924528302,0.7735849056603774,0.9811320754716981,False
S+D+F,all,all_eligible,276,5,0.9601449275362319,0.9202898550724637,0.9782608695652174,False
S+D+F,all,development,223,5,0.957847533632287,0.9147982062780269,0.9775784753363229,False
S+D+F,all,locked_test,53,5,0.969811320754717,0.9433962264150944,0.9811320754716981,False
S+D+F+H,100,all_eligible,276,5,0.9405797101449276,0.8840579710144928,0.9818840579710145,False
S+D+F+H,100,development,223,5,0.9417040358744394,0.8923766816143498,0.9820627802690582,False
S+D+F+H,100,locked_test,53,5,0.9358490566037736,0.8490566037735849,1.0,False
S+D+F+H,200,all_eligible,276,5,0.9717391304347827,0.9420289855072463,0.9818840579710145,False
S+D+F+H,200,development,223,5,0.9704035874439462,0.9372197309417041,0.9820627802690582,False
S+D+F+H,200,locked_test,53,5,0.9773584905660377,0.9622641509433962,0.9811320754716981,False
S+D+F+H,25,all_eligible,276,5,0.9644927536231884,0.8695652173913043,0.9927536231884058,False
S+D+F+H,25,development,223,5,0.9623318385650224,0.8654708520179372,0.9910313901345291,False
S+D+F+H,25,locked_test,53,5,0.9735849056603774,0.8867924528301887,1.0,False
S+D+F+H,50,all_eligible,276,5,0.9355072463768116,0.8804347826086957,0.9818840579710145,False
S+D+F+H,50,development,223,5,0.9354260089686098,0.8834080717488789,0.9820627802690582,False
S+D+F+H,50,locked_test,53,5,0.9358490566037736,0.8679245283018868,0.9811320754716981,False
S+D+F+H,all,all_eligible,276,5,0.9623188405797102,0.9311594202898551,0.9782608695652174,False
S+D+F+H,all,development,223,5,0.9596412556053812,0.9282511210762332,0.9775784753363229,False
S+D+F+H,all,locked_test,53,5,0.9735849056603774,0.9433962264150944,0.9811320754716981,False
S+D+F+H+M,100,all_eligible,276,5,0.8927536231884058,0.8043478260869565,0.9637681159420289,True
S+D+F+H+M,100,development,223,5,0.8914798206278027,0.7982062780269058,0.968609865470852,True
S+D+F+H+M,100,locked_test,53,5,0.8981132075471698,0.8113207547169812,0.9622641509433962,True
S+D+F+H+M,200,all_eligible,276,5,0.9536231884057971,0.9021739130434783,0.9746376811594203,True
S+D+F+H+M,200,development,223,5,0.957847533632287,0.9103139013452914,0.9775784753363229,True
S+D+F+H+M,200,locked_test,53,5,0.9358490566037736,0.8679245283018868,0.9622641509433962,True
S+D+F+H+M,25,all_eligible,276,5,0.8731884057971014,0.6159420289855072,0.9782608695652174,True
S+D+F+H+M,25,development,223,5,0.8798206278026905,0.6322869955156951,0.9820627802690582,True
S+D+F+H+M,25,locked_test,53,5,0.8452830188679246,0.5471698113207547,0.9622641509433962,True
S+D+F+H+M,50,all_eligible,276,5,0.8340579710144927,0.7210144927536232,0.9347826086956522,True
S+D+F+H+M,50,development,223,5,0.8367713004484305,0.726457399103139,0.9327354260089686,True
S+D+F+H+M,50,locked_test,53,5,0.8226415094339623,0.6981132075471698,0.9433962264150944,True
S+D+F+H+M,all,all_eligible,276,5,0.9405797101449275,0.8876811594202898,0.9710144927536232,True
S+D+F+H+M,all,development,223,5,0.9443946188340807,0.8923766816143498,0.9730941704035875,True
S+D+F+H+M,all,locked_test,53,5,0.9245283018867925,0.8679245283018868,0.9622641509433962,True
S+D+F+M,100,all_eligible,276,5,0.881159420289855,0.782608695652174,0.967391304347826,True
S+D+F+M,100,development,223,5,0.8789237668161435,0.7713004484304933,0.9730941704035875,True
S+D+F+M,100,locked_test,53,5,0.8905660377358491,0.8113207547169812,0.9433962264150944,True
S+D+F+M,200,all_eligible,276,5,0.9528985507246377,0.8985507246376812,0.9782608695652174,True
S+D+F+M,200,development,223,5,0.9542600896860987,0.8968609865470852,0.9820627802690582,True
S+D+F+M,200,locked_test,53,5,0.9471698113207547,0.9056603773584906,0.9622641509433962,True
S+D+F+M,25,all_eligible,276,5,0.9297101449275362,0.782608695652174,0.9855072463768116,True
S+D+F+M,25,development,223,5,0.9336322869955157,0.7892376681614349,0.9865470852017937,True
S+D+F+M,25,locked_test,53,5,0.9132075471698113,0.7547169811320755,0.9811320754716981,True
S+D+F+M,50,all_eligible,276,5,0.8492753623188406,0.7391304347826086,0.9565217391304348,True
S+D+F+M,50,development,223,5,0.8457399103139014,0.7354260089686099,0.9551569506726457,True
S+D+F+M,50,locked_test,53,5,0.8641509433962264,0.7547169811320755,0.9622641509433962,True
S+D+F+M,all,all_eligible,276,5,0.9355072463768116,0.8876811594202898,0.967391304347826,True
S+D+F+M,all,development,223,5,0.9363228699551569,0.8834080717488789,0.968609865470852,True
S+D+F+M,all,locked_test,53,5,0.9320754716981132,0.9056603773584906,0.9622641509433962,True
S+D+H,100,all_eligible,276,5,0.827536231884058,0.7137681159420289,0.9057971014492754,False
S+D+H,100,development,223,5,0.8224215246636771,0.7040358744394619,0.9103139013452914,False
S+D+H,100,locked_test,53,5,0.8490566037735849,0.7547169811320755,0.9056603773584906,False
S+D+H,200,all_eligible,276,5,0.8920289855072464,0.8333333333333334,0.9528985507246377,False
S+D+H,200,development,223,5,0.8905829596412556,0.8295964125560538,0.9551569506726457,False
S+D+H,200,locked_test,53,5,0.8981132075471698,0.8490566037735849,0.9433962264150944,False
S+D+H,25,all_eligible,276,5,0.8543478260869565,0.6884057971014492,0.9637681159420289,False
S+D+H,25,development,223,5,0.8493273542600897,0.6816143497757847,0.9551569506726457,False
S+D+H,25,locked_test,53,5,0.8754716981132076,0.7169811320754716,1.0,False
S+D+H,50,all_eligible,276,5,0.8543478260869566,0.7282608695652174,0.9094202898550725,False
S+D+H,50,development,223,5,0.8511210762331839,0.7309417040358744,0.9103139013452914,False
S+D+H,50,locked_test,53,5,0.8679245283018868,0.7169811320754716,0.9433962264150944,False
S+D+H,all,all_eligible,276,5,0.8826086956521739,0.8369565217391305,0.9420289855072463,False
S+D+H,all,development,223,5,0.8798206278026905,0.8295964125560538,0.9417040358744395,False
S+D+H,all,locked_test,53,5,0.8943396226415095,0.8679245283018868,0.9433962264150944,False
S+D+H+M,100,all_eligible,276,5,0.8021739130434783,0.6739130434782609,0.8768115942028986,True
S+D+H+M,100,development,223,5,0.7991031390134529,0.6681614349775785,0.874439461883408,True
S+D+H+M,100,locked_test,53,5,0.8150943396226416,0.6981132075471698,0.8867924528301887,True
S+D+H+M,200,all_eligible,276,5,0.8782608695652174,0.8188405797101449,0.9311594202898551,True
S+D+H+M,200,development,223,5,0.8762331838565023,0.8116591928251121,0.9327354260089686,True
S+D+H+M,200,locked_test,53,5,0.8867924528301887,0.8301886792452831,0.9433962264150944,True
S+D+H+M,25,all_eligible,276,5,0.6992753623188406,0.40217391304347827,0.8695652173913043,True
S+D+H+M,25,development,223,5,0.6986547085201793,0.3991031390134529,0.8654708520179372,True
S+D+H+M,25,locked_test,53,5,0.7018867924528303,0.41509433962264153,0.8867924528301887,True
S+D+H+M,50,all_eligible,276,5,0.7818840579710145,0.6666666666666666,0.8369565217391305,True
S+D+H+M,50,development,223,5,0.7811659192825112,0.6591928251121076,0.8385650224215246,True
S+D+H+M,50,locked_test,53,5,0.7849056603773585,0.6981132075471698,0.8490566037735849,True
S+D+H+M,all,all_eligible,276,5,0.8594202898550725,0.8043478260869565,0.9202898550724637,True
S+D+H+M,all,development,223,5,0.8591928251121076,0.8071748878923767,0.9147982062780269,True
S+D+H+M,all,locked_test,53,5,0.8603773584905661,0.7924528301886793,0.9433962264150944,True
S+D+M,100,all_eligible,276,5,0.8130434782608695,0.6884057971014492,0.8985507246376812,True
S+D+M,100,development,223,5,0.809865470852018,0.6860986547085202,0.8968609865470852,True
S+D+M,100,locked_test,53,5,0.8264150943396227,0.6981132075471698,0.9056603773584906,True
S+D+M,200,all_eligible,276,5,0.8891304347826087,0.8333333333333334,0.9311594202898551,True
S+D+M,200,development,223,5,0.8896860986547085,0.8340807174887892,0.9327354260089686,True
S+D+M,200,locked_test,53,5,0.8867924528301887,0.8301886792452831,0.9245283018867925,True
S+D+M,25,all_eligible,276,5,0.782608695652174,0.5253623188405797,0.9384057971014492,True
S+D+M,25,development,223,5,0.7838565022421524,0.5246636771300448,0.9372197309417041,True
S+D+M,25,locked_test,53,5,0.7773584905660378,0.5283018867924528,0.9433962264150944,True
S+D+M,50,all_eligible,276,5,0.803623188405797,0.6413043478260869,0.8985507246376812,True
S+D+M,50,development,223,5,0.8044843049327355,0.6457399103139013,0.9013452914798207,True
S+D+M,50,locked_test,53,5,0.8,0.6226415094339622,0.8867924528301887,True
S+D+M,all,all_eligible,276,5,0.8717391304347826,0.8079710144927537,0.9311594202898551,True
S+D+M,all,development,223,5,0.8699551569506727,0.8071748878923767,0.9237668161434978,True
S+D+M,all,locked_test,53,5,0.879245283018868,0.8113207547169812,0.9622641509433962,True
S+D+P,100,all_eligible,276,5,0.8239130434782609,0.7282608695652174,0.8876811594202898,False
S+D+P,100,development,223,5,0.8295964125560538,0.7443946188340808,0.8834080717488789,False
S+D+P,100,locked_test,53,5,0.8,0.660377358490566,0.9056603773584906,False
S+D+P,200,all_eligible,276,5,0.9166666666666666,0.8659420289855072,0.9492753623188406,False
S+D+P,200,development,223,5,0.9156950672645741,0.8654708520179372,0.9417040358744395,False
S+D+P,200,locked_test,53,5,0.9207547169811321,0.8679245283018868,0.9811320754716981,False
S+D+P,25,all_eligible,276,5,0.7934782608695653,0.5072463768115942,0.9601449275362319,False
S+D+P,25,development,223,5,0.7910313901345292,0.5022421524663677,0.9551569506726457,False
S+D+P,25,locked_test,53,5,0.8037735849056604,0.5283018867924528,0.9811320754716981,False
S+D+P,50,all_eligible,276,5,0.8130434782608695,0.6159420289855072,0.9166666666666666,False
S+D+P,50,development,223,5,0.809865470852018,0.6278026905829597,0.9103139013452914,False
S+D+P,50,locked_test,53,5,0.8264150943396227,0.5660377358490566,0.9433962264150944,False
S+D+P,all,all_eligible,276,5,0.9050724637681159,0.8659420289855072,0.9456521739130435,False
S+D+P,all,development,223,5,0.905829596412556,0.8654708520179372,0.9461883408071748,False
S+D+P,all,locked_test,53,5,0.9018867924528302,0.8679245283018868,0.9433962264150944,False
S+D+P+F,100,all_eligible,276,5,0.9014492753623189,0.7789855072463768,0.9782608695652174,False
S+D+P+F,100,development,223,5,0.8995515695067264,0.7757847533632287,0.9775784753363229,False
S+D+P+F,100,locked_test,53,5,0.909433962264151,0.7924528301886793,0.9811320754716981,False
S+D+P+F,200,all_eligible,276,5,0.9608695652173913,0.9202898550724637,0.9818840579710145,False
S+D+P+F,200,development,223,5,0.9596412556053812,0.9192825112107623,0.9820627802690582,False
S+D+P+F,200,locked_test,53,5,0.9660377358490566,0.9245283018867925,0.9811320754716981,False
S+D+P+F,25,all_eligible,276,5,0.9405797101449276,0.7862318840579711,0.9855072463768116,False
S+D+P+F,25,development,223,5,0.9408071748878923,0.7757847533632287,0.9865470852017937,False
S+D+P+F,25,locked_test,53,5,0.939622641509434,0.8301886792452831,0.9811320754716981,False
S+D+P+F,50,all_eligible,276,5,0.8579710144927536,0.6630434782608695,0.967391304347826,False
S+D+P+F,50,development,223,5,0.8582959641255605,0.672645739910314,0.968609865470852,False
S+D+P+F,50,locked_test,53,5,0.8566037735849057,0.6226415094339622,0.9811320754716981,False
S+D+P+F,all,all_eligible,276,5,0.9550724637681159,0.9130434782608695,0.9782608695652174,False
S+D+P+F,all,development,223,5,0.9533632286995516,0.9147982062780269,0.9775784753363229,False
S+D+P+F,all,locked_test,53,5,0.9622641509433962,0.9056603773584906,0.9811320754716981,False
S+D+P+F+H,100,all_eligible,276,5,0.9340579710144927,0.8804347826086957,0.9818840579710145,False
S+D+P+F+H,100,development,223,5,0.9345291479820628,0.8878923766816144,0.9820627802690582,False
S+D+P+F+H,100,locked_test,53,5,0.9320754716981132,0.8490566037735849,0.9811320754716981,False
S+D+P+F+H,200,all_eligible,276,5,0.9695652173913043,0.9384057971014492,0.9818840579710145,False
S+D+P+F+H,200,development,223,5,0.9695067264573991,0.9372197309417041,0.9820627802690582,False
S+D+P+F+H,200,locked_test,53,5,0.969811320754717,0.9433962264150944,0.9811320754716981,False
S+D+P+F+H,25,all_eligible,276,5,0.9253623188405797,0.7065217391304348,0.9855072463768116,False
S+D+P+F+H,25,development,223,5,0.9273542600896861,0.726457399103139,0.9820627802690582,False
S+D+P+F+H,25,locked_test,53,5,0.9169811320754717,0.6226415094339622,1.0,False
S+D+P+F+H,50,all_eligible,276,5,0.9079710144927536,0.8079710144927537,0.9746376811594203,False
S+D+P+F+H,50,development,223,5,0.9067264573991032,0.8251121076233184,0.968609865470852,False
S+D+P+F+H,50,locked_test,53,5,0.9132075471698113,0.7358490566037735,1.0,False
S+D+P+F+H,all,all_eligible,276,5,0.9586956521739131,0.9347826086956522,0.9710144927536232,False
S+D+P+F+H,all,development,223,5,0.95695067264574,0.9327354260089686,0.968609865470852,False
S+D+P+F+H,all,locked_test,53,5,0.9660377358490566,0.9433962264150944,0.9811320754716981,False
S+D+P+F+H+M,100,all_eligible,276,5,0.8855072463768116,0.7898550724637681,0.9601449275362319,True
S+D+P+F+H+M,100,development,223,5,0.8860986547085202,0.7982062780269058,0.9596412556053812,True
S+D+P+F+H+M,100,locked_test,53,5,0.8830188679245283,0.7547169811320755,0.9622641509433962,True
S+D+P+F+H+M,200,all_eligible,276,5,0.9565217391304348,0.9057971014492754,0.9782608695652174,True
S+D+P+F+H+M,200,development,223,5,0.9605381165919282,0.9103139013452914,0.9820627802690582,True
S+D+P+F+H+M,200,locked_test,53,5,0.939622641509434,0.8867924528301887,0.9622641509433962,True
S+D+P+F+H+M,25,all_eligible,276,5,0.8326086956521739,0.5072463768115942,0.9601449275362319,True
S+D+P+F+H+M,25,development,223,5,0.8385650224215246,0.5201793721973094,0.9641255605381166,True
S+D+P+F+H+M,25,locked_test,53,5,0.8075471698113208,0.4528301886792453,0.9433962264150944,True
S+D+P+F+H+M,50,all_eligible,276,5,0.8246376811594203,0.6485507246376812,0.9420289855072463,True
S+D+P+F+H+M,50,development,223,5,0.8269058295964126,0.6771300448430493,0.9372197309417041,True
S+D+P+F+H+M,50,locked_test,53,5,0.8150943396226416,0.5283018867924528,0.9622641509433962,True
S+D+P+F+H+M,all,all_eligible,276,5,0.936231884057971,0.8768115942028986,0.9637681159420289,True
S+D+P+F+H+M,all,development,223,5,0.9390134529147982,0.874439461883408,0.968609865470852,True
S+D+P+F+H+M,all,locked_test,53,5,0.9245283018867925,0.8867924528301887,0.9622641509433962,True
S+D+P+F+M,100,all_eligible,276,5,0.8695652173913043,0.7572463768115942,0.9601449275362319,True
S+D+P+F+M,100,development,223,5,0.8681614349775785,0.7533632286995515,0.9641255605381166,True
S+D+P+F+M,100,locked_test,53,5,0.8754716981132076,0.7735849056603774,0.9433962264150944,True
S+D+P+F+M,200,all_eligible,276,5,0.9507246376811594,0.8913043478260869,0.9746376811594203,True
S+D+P+F+M,200,development,223,5,0.9533632286995516,0.8878923766816144,0.9775784753363229,True
S+D+P+F+M,200,locked_test,53,5,0.939622641509434,0.9056603773584906,0.9622641509433962,True
S+D+P+F+M,25,all_eligible,276,5,0.9014492753623189,0.677536231884058,0.9855072463768116,True
S+D+P+F+M,25,development,223,5,0.9067264573991032,0.6860986547085202,0.9865470852017937,True
S+D+P+F+M,25,locked_test,53,5,0.879245283018868,0.6415094339622641,0.9811320754716981,True
S+D+P+F+M,50,all_eligible,276,5,0.8289855072463768,0.6739130434782609,0.9565217391304348,True
S+D+P+F+M,50,development,223,5,0.8295964125560538,0.6905829596412556,0.9551569506726457,True
S+D+P+F+M,50,locked_test,53,5,0.8264150943396227,0.6037735849056604,0.9622641509433962,True
S+D+P+F+M,all,all_eligible,276,5,0.9311594202898551,0.8731884057971014,0.9601449275362319,True
S+D+P+F+M,all,development,223,5,0.9309417040358744,0.8654708520179372,0.9641255605381166,True
S+D+P+F+M,all,locked_test,53,5,0.9320754716981132,0.9056603773584906,0.9622641509433962,True
S+D+P+H,100,all_eligible,276,5,0.836231884057971,0.7282608695652174,0.9057971014492754,False
S+D+P+H,100,development,223,5,0.8394618834080717,0.7309417040358744,0.9192825112107623,False
S+D+P+H,100,locked_test,53,5,0.8226415094339623,0.7169811320754716,0.8867924528301887,False
S+D+P+H,200,all_eligible,276,5,0.9115942028985508,0.8586956521739131,0.9601449275362319,False
S+D+P+H,200,development,223,5,0.9147982062780269,0.8609865470852018,0.9641255605381166,False
S+D+P+H,200,locked_test,53,5,0.8981132075471698,0.8490566037735849,0.9433962264150944,False
S+D+P+H,25,all_eligible,276,5,0.8079710144927537,0.532608695652174,0.9347826086956522,False
S+D+P+H,25,development,223,5,0.8044843049327354,0.5246636771300448,0.9282511210762332,False
S+D+P+H,25,locked_test,53,5,0.8226415094339623,0.5660377358490566,0.9622641509433962,False
S+D+P+H,50,all_eligible,276,5,0.8304347826086956,0.6992753623188406,0.9239130434782609,False
S+D+P+H,50,development,223,5,0.8286995515695067,0.6995515695067265,0.9192825112107623,False
S+D+P+H,50,locked_test,53,5,0.8377358490566038,0.6981132075471698,0.9433962264150944,False
S+D+P+H,all,all_eligible,276,5,0.8855072463768116,0.8442028985507246,0.9347826086956522,False
S+D+P+H,all,development,223,5,0.8896860986547086,0.8565022421524664,0.9417040358744395,False
S+D+P+H,all,locked_test,53,5,0.8679245283018868,0.7924528301886793,0.9056603773584906,False
S+D+P+H+M,100,all_eligible,276,5,0.8202898550724638,0.7210144927536232,0.8840579710144928,True
S+D+P+H+M,100,development,223,5,0.8278026905829596,0.7443946188340808,0.8834080717488789,True
S+D+P+H+M,100,locked_test,53,5,0.7886792452830189,0.6226415094339622,0.8867924528301887,True
S+D+P+H+M,200,all_eligible,276,5,0.8934782608695652,0.8514492753623188,0.927536231884058,True
S+D+P+H+M,200,development,223,5,0.8959641255605381,0.852017937219731,0.9282511210762332,True
S+D+P+H+M,200,locked_test,53,5,0.8830188679245283,0.8490566037735849,0.9245283018867925,True
S+D+P+H+M,25,all_eligible,276,5,0.677536231884058,0.3333333333333333,0.8840579710144928,True
S+D+P+H+M,25,development,223,5,0.6708520179372197,0.3273542600896861,0.874439461883408,True
S+D+P+H+M,25,locked_test,53,5,0.7056603773584906,0.3584905660377358,0.9245283018867925,True
S+D+P+H+M,50,all_eligible,276,5,0.7789855072463768,0.6521739130434783,0.855072463768116,True
S+D+P+H+M,50,development,223,5,0.7757847533632287,0.6502242152466368,0.8565022421524664,True
S+D+P+H+M,50,locked_test,53,5,0.7924528301886793,0.660377358490566,0.8867924528301887,True
S+D+P+H+M,all,all_eligible,276,5,0.868840579710145,0.822463768115942,0.9166666666666666,True
S+D+P+H+M,all,development,223,5,0.873542600896861,0.8295964125560538,0.9237668161434978,True
S+D+P+H+M,all,locked_test,53,5,0.8490566037735849,0.7924528301886793,0.8867924528301887,True
S+D+P+M,100,all_eligible,276,5,0.8007246376811594,0.677536231884058,0.8731884057971014,True
S+D+P+M,100,development,223,5,0.810762331838565,0.695067264573991,0.8878923766816144,True
S+D+P+M,100,locked_test,53,5,0.7584905660377359,0.6037735849056604,0.8679245283018868,True
S+D+P+M,200,all_eligible,276,5,0.8913043478260869,0.8478260869565217,0.9239130434782609,True
S+D+P+M,200,development,223,5,0.8896860986547085,0.852017937219731,0.9192825112107623,True
S+D+P+M,200,locked_test,53,5,0.8981132075471698,0.8113207547169812,0.9622641509433962,True
S+D+P+M,25,all_eligible,276,5,0.7253623188405797,0.37318840579710144,0.8985507246376812,True
S+D+P+M,25,development,223,5,0.7219730941704036,0.36771300448430494,0.8923766816143498,True
S+D+P+M,25,locked_test,53,5,0.739622641509434,0.39622641509433965,0.9245283018867925,True
S+D+P+M,50,all_eligible,276,5,0.7884057971014493,0.6231884057971014,0.8876811594202898,True
S+D+P+M,50,development,223,5,0.7865470852017937,0.6278026905829597,0.8878923766816144,True
S+D+P+M,50,locked_test,53,5,0.7962264150943397,0.6037735849056604,0.8867924528301887,True
S+D+P+M,all,all_eligible,276,5,0.8644927536231884,0.8188405797101449,0.9130434782608695,True
S+D+P+M,all,development,223,5,0.8690582959641255,0.8251121076233184,0.9103139013452914,True
S+D+P+M,all,locked_test,53,5,0.8452830188679246,0.7924528301886793,0.9245283018867925,True
S+D+R,100,all_eligible,276,5,0.8442028985507246,0.7028985507246377,0.927536231884058,False
S+D+R,100,development,223,5,0.8322869955156951,0.6905829596412556,0.9147982062780269,False
S+D+R,100,locked_test,53,5,0.8943396226415095,0.7547169811320755,0.9811320754716981,False
S+D+R,200,all_eligible,276,5,0.9108695652173914,0.8514492753623188,0.9565217391304348,False
S+D+R,200,development,223,5,0.9013452914798206,0.8295964125560538,0.9506726457399103,False
S+D+R,200,locked_test,53,5,0.9509433962264151,0.9056603773584906,0.9811320754716981,False
S+D+R,25,all_eligible,276,5,0.8963768115942029,0.7463768115942029,0.9927536231884058,False
S+D+R,25,development,223,5,0.8887892376681614,0.7219730941704036,0.9910313901345291,False
S+D+R,25,locked_test,53,5,0.9283018867924528,0.8490566037735849,1.0,False
S+D+R,50,all_eligible,276,5,0.8717391304347826,0.7028985507246377,0.9384057971014492,False
S+D+R,50,development,223,5,0.8573991031390135,0.6860986547085202,0.9282511210762332,False
S+D+R,50,locked_test,53,5,0.9320754716981132,0.7735849056603774,0.9811320754716981,False
S+D+R,all,all_eligible,276,5,0.9289855072463769,0.8876811594202898,0.9565217391304348,False
S+D+R,all,development,223,5,0.9210762331838565,0.874439461883408,0.9506726457399103,False
S+D+R,all,locked_test,53,5,0.9622641509433962,0.9245283018867925,0.9811320754716981,False
S+D+R+F,100,all_eligible,276,5,0.9028985507246376,0.7753623188405797,0.9782608695652174,False
S+D+R+F,100,development,223,5,0.8986547085201794,0.7623318385650224,0.9775784753363229,False
S+D+R+F,100,locked_test,53,5,0.9207547169811321,0.8301886792452831,0.9811320754716981,False
S+D+R+F,200,all_eligible,276,5,0.9550724637681159,0.9057971014492754,0.9855072463768116,False
S+D+R+F,200,development,223,5,0.9524663677130045,0.8968609865470852,0.9865470852017937,False
S+D+R+F,200,locked_test,53,5,0.9660377358490566,0.9433962264150944,0.9811320754716981,False
S+D+R+F,25,all_eligible,276,5,0.9681159420289855,0.8876811594202898,0.9963768115942029,False
S+D+R+F,25,development,223,5,0.9668161434977578,0.8789237668161435,0.9955156950672646,False
S+D+R+F,25,locked_test,53,5,0.9735849056603774,0.9245283018867925,1.0,False
S+D+R+F,50,all_eligible,276,5,0.9028985507246376,0.782608695652174,0.9782608695652174,False
S+D+R+F,50,development,223,5,0.9022421524663677,0.7847533632286996,0.9775784753363229,False
S+D+R+F,50,locked_test,53,5,0.9056603773584906,0.7735849056603774,0.9811320754716981,False
S+D+R+F,all,all_eligible,276,5,0.9586956521739131,0.9202898550724637,0.9818840579710145,False
S+D+R+F,all,development,223,5,0.9560538116591928,0.9147982062780269,0.9820627802690582,False
S+D+R+F,all,locked_test,53,5,0.969811320754717,0.9433962264150944,0.9811320754716981,False
S+D+R+F+H,100,all_eligible,276,5,0.936231884057971,0.8768115942028986,0.9782608695652174,False
S+D+R+F+H,100,development,223,5,0.9354260089686098,0.874439461883408,0.9775784753363229,False
S+D+R+F+H,100,locked_test,53,5,0.939622641509434,0.8679245283018868,1.0,False
S+D+R+F+H,200,all_eligible,276,5,0.9688405797101449,0.9384057971014492,0.9855072463768116,False
S+D+R+F+H,200,development,223,5,0.967713004484305,0.9327354260089686,0.9865470852017937,False
S+D+R+F+H,200,locked_test,53,5,0.9735849056603774,0.9622641509433962,0.9811320754716981,False
S+D+R+F+H,25,all_eligible,276,5,0.9601449275362318,0.8405797101449275,0.9963768115942029,False
S+D+R+F+H,25,development,223,5,0.9569506726457399,0.8295964125560538,0.9955156950672646,False
S+D+R+F+H,25,locked_test,53,5,0.9735849056603774,0.8867924528301887,1.0,False
S+D+R+F+H,50,all_eligible,276,5,0.936231884057971,0.8768115942028986,0.9855072463768116,False
S+D+R+F+H,50,development,223,5,0.9345291479820628,0.8789237668161435,0.9820627802690582,False
S+D+R+F+H,50,locked_test,53,5,0.9433962264150944,0.8679245283018868,1.0,False
S+D+R+F+H,all,all_eligible,276,5,0.9608695652173913,0.9311594202898551,0.9746376811594203,False
S+D+R+F+H,all,development,223,5,0.9587443946188341,0.9282511210762332,0.9730941704035875,False
S+D+R+F+H,all,locked_test,53,5,0.969811320754717,0.9433962264150944,0.9811320754716981,False
S+D+R+F+H+M,100,all_eligible,276,5,0.8876811594202898,0.7681159420289855,0.9601449275362319,True
S+D+R+F+H+M,100,development,223,5,0.885201793721973,0.757847533632287,0.9641255605381166,True
S+D+R+F+H+M,100,locked_test,53,5,0.8981132075471698,0.8113207547169812,0.9622641509433962,True
S+D+R+F+H+M,200,all_eligible,276,5,0.9492753623188406,0.8876811594202898,0.9782608695652174,True
S+D+R+F+H+M,200,development,223,5,0.9533632286995516,0.8923766816143498,0.9820627802690582,True
S+D+R+F+H+M,200,locked_test,53,5,0.9320754716981132,0.8679245283018868,0.9622641509433962,True
S+D+R+F+H+M,25,all_eligible,276,5,0.8536231884057971,0.5434782608695652,0.9746376811594203,True
S+D+R+F+H+M,25,development,223,5,0.8573991031390135,0.547085201793722,0.9775784753363229,True
S+D+R+F+H+M,25,locked_test,53,5,0.8377358490566038,0.5283018867924528,0.9622641509433962,True
S+D+R+F+H+M,50,all_eligible,276,5,0.844927536231884,0.717391304347826,0.9528985507246377,True
S+D+R+F+H+M,50,development,223,5,0.8448430493273542,0.7174887892376681,0.9551569506726457,True
S+D+R+F+H+M,50,locked_test,53,5,0.8452830188679246,0.7169811320754716,0.9622641509433962,True
S+D+R+F+H+M,all,all_eligible,276,5,0.9405797101449275,0.8876811594202898,0.9746376811594203,True
S+D+R+F+H+M,all,development,223,5,0.9443946188340807,0.8923766816143498,0.9775784753363229,True
S+D+R+F+H+M,all,locked_test,53,5,0.9245283018867925,0.8679245283018868,0.9622641509433962,True
S+D+R+F+M,100,all_eligible,276,5,0.8775362318840579,0.7681159420289855,0.967391304347826,True
S+D+R+F+M,100,development,223,5,0.8708520179372198,0.7488789237668162,0.968609865470852,True
S+D+R+F+M,100,locked_test,53,5,0.9056603773584906,0.8301886792452831,0.9622641509433962,True
S+D+R+F+M,200,all_eligible,276,5,0.946376811594203,0.8840579710144928,0.9782608695652174,True
S+D+R+F+M,200,development,223,5,0.947085201793722,0.8834080717488789,0.9820627802690582,True
S+D+R+F+M,200,locked_test,53,5,0.9433962264150944,0.8867924528301887,0.9622641509433962,True
S+D+R+F+M,25,all_eligible,276,5,0.9115942028985508,0.6884057971014492,0.9891304347826086,True
S+D+R+F+M,25,development,223,5,0.9121076233183857,0.672645739910314,0.9910313901345291,True
S+D+R+F+M,25,locked_test,53,5,0.909433962264151,0.7547169811320755,0.9811320754716981,True
S+D+R+F+M,50,all_eligible,276,5,0.844927536231884,0.7137681159420289,0.9637681159420289,True
S+D+R+F+M,50,development,223,5,0.8403587443946189,0.6995515695067265,0.968609865470852,True
S+D+R+F+M,50,locked_test,53,5,0.8641509433962264,0.7735849056603774,0.9433962264150944,True
S+D+R+F+M,all,all_eligible,276,5,0.9347826086956522,0.9021739130434783,0.9637681159420289,True
S+D+R+F+M,all,development,223,5,0.9363228699551569,0.905829596412556,0.9641255605381166,True
S+D+R+F+M,all,locked_test,53,5,0.9283018867924528,0.8867924528301887,0.9622641509433962,True
S+D+R+H,100,all_eligible,276,5,0.858695652173913,0.7137681159420289,0.9420289855072463,False
S+D+R+H,100,development,223,5,0.852914798206278,0.6995515695067265,0.9461883408071748,False
S+D+R+H,100,locked_test,53,5,0.8830188679245283,0.7735849056603774,0.9622641509433962,False
S+D+R+H,200,all_eligible,276,5,0.9094202898550725,0.8442028985507246,0.9601449275362319,False
S+D+R+H,200,development,223,5,0.9031390134529148,0.8295964125560538,0.9596412556053812,False
S+D+R+H,200,locked_test,53,5,0.9358490566037736,0.8867924528301887,0.9811320754716981,False
S+D+R+H,25,all_eligible,276,5,0.8905797101449275,0.7137681159420289,0.9891304347826086,False
S+D+R+H,25,development,223,5,0.8834080717488789,0.695067264573991,0.9865470852017937,False
S+D+R+H,25,locked_test,53,5,0.9207547169811321,0.7924528301886793,1.0,False
S+D+R+H,50,all_eligible,276,5,0.8804347826086957,0.7644927536231884,0.9420289855072463,False
S+D+R+H,50,development,223,5,0.8717488789237668,0.7533632286995515,0.9327354260089686,False
S+D+R+H,50,locked_test,53,5,0.9169811320754717,0.8113207547169812,0.9811320754716981,False
S+D+R+H,all,all_eligible,276,5,0.9144927536231884,0.8623188405797102,0.9601449275362319,False
S+D+R+H,all,development,223,5,0.9094170403587444,0.852017937219731,0.9551569506726457,False
S+D+R+H,all,locked_test,53,5,0.9358490566037736,0.9056603773584906,0.9811320754716981,False
S+D+R+H+M,100,all_eligible,276,5,0.8188405797101449,0.6702898550724637,0.894927536231884,True
S+D+R+H+M,100,development,223,5,0.8143497757847533,0.6636771300448431,0.8878923766816144,True
S+D+R+H+M,100,locked_test,53,5,0.8377358490566038,0.6981132075471698,0.9245283018867925,True
S+D+R+H+M,200,all_eligible,276,5,0.8818840579710145,0.7971014492753623,0.9420289855072463,True
S+D+R+H+M,200,development,223,5,0.8789237668161435,0.7802690582959642,0.9506726457399103,True
S+D+R+H+M,200,locked_test,53,5,0.8943396226415095,0.8679245283018868,0.9433962264150944,True
S+D+R+H+M,25,all_eligible,276,5,0.7442028985507246,0.4384057971014493,0.9492753623188406,True
S+D+R+H+M,25,development,223,5,0.7390134529147983,0.4304932735426009,0.9461883408071748,True
S+D+R+H+M,25,locked_test,53,5,0.7660377358490567,0.4716981132075472,0.9622641509433962,True
S+D+R+H+M,50,all_eligible,276,5,0.7999999999999999,0.677536231884058,0.8695652173913043,True
S+D+R+H+M,50,development,223,5,0.7946188340807174,0.672645739910314,0.8699551569506726,True
S+D+R+H+M,50,locked_test,53,5,0.8226415094339623,0.6981132075471698,0.9245283018867925,True
S+D+R+H+M,all,all_eligible,276,5,0.8768115942028986,0.8079710144927537,0.9311594202898551,True
S+D+R+H+M,all,development,223,5,0.8726457399103139,0.7937219730941704,0.9282511210762332,True
S+D+R+H+M,all,locked_test,53,5,0.8943396226415095,0.8679245283018868,0.9433962264150944,True
S+D+R+M,100,all_eligible,276,5,0.8123188405797102,0.6884057971014492,0.894927536231884,True
S+D+R+M,100,development,223,5,0.8035874439461883,0.672645739910314,0.8878923766816144,True
S+D+R+M,100,locked_test,53,5,0.8490566037735849,0.7547169811320755,0.9245283018867925,True
S+D+R+M,200,all_eligible,276,5,0.8876811594202899,0.8333333333333334,0.9347826086956522,True
S+D+R+M,200,development,223,5,0.884304932735426,0.8295964125560538,0.9327354260089686,True
S+D+R+M,200,locked_test,53,5,0.9018867924528302,0.8490566037735849,0.9433962264150944,True
S+D+R+M,25,all_eligible,276,5,0.813768115942029,0.5507246376811594,0.9746376811594203,True
S+D+R+M,25,development,223,5,0.8089686098654708,0.5336322869955157,0.9775784753363229,True
S+D+R+M,25,locked_test,53,5,0.8339622641509434,0.6226415094339622,0.9622641509433962,True
S+D+R+M,50,all_eligible,276,5,0.7920289855072463,0.605072463768116,0.8731884057971014,True
S+D+R+M,50,development,223,5,0.7856502242152467,0.600896860986547,0.8654708520179372,True
S+D+R+M,50,locked_test,53,5,0.8188679245283019,0.6226415094339622,0.9056603773584906,True
S+D+R+M,all,all_eligible,276,5,0.8891304347826087,0.8478260869565217,0.927536231884058,True
S+D+R+M,all,development,223,5,0.8860986547085201,0.8385650224215246,0.9282511210762332,True
S+D+R+M,all,locked_test,53,5,0.9018867924528302,0.8867924528301887,0.9245283018867925,True
S+D+R+P,100,all_eligible,276,5,0.8384057971014492,0.7282608695652174,0.9311594202898551,False
S+D+R+P,100,development,223,5,0.8403587443946189,0.7354260089686099,0.9282511210762332,False
S+D+R+P,100,locked_test,53,5,0.8301886792452831,0.6981132075471698,0.9433962264150944,False
S+D+R+P,200,all_eligible,276,5,0.9123188405797101,0.8514492753623188,0.9528985507246377,False
S+D+R+P,200,development,223,5,0.9085201793721973,0.8430493273542601,0.9506726457399103,False
S+D+R+P,200,locked_test,53,5,0.9283018867924528,0.8679245283018868,0.9811320754716981,False
S+D+R+P,25,all_eligible,276,5,0.8340579710144927,0.572463768115942,0.9710144927536232,False
S+D+R+P,25,development,223,5,0.8322869955156951,0.5739910313901345,0.9641255605381166,False
S+D+R+P,25,locked_test,53,5,0.8415094339622642,0.5660377358490566,1.0,False
S+D+R+P,50,all_eligible,276,5,0.841304347826087,0.6594202898550725,0.9311594202898551,False
S+D+R+P,50,development,223,5,0.8340807174887893,0.6681614349775785,0.9237668161434978,False
S+D+R+P,50,locked_test,53,5,0.8716981132075472,0.6226415094339622,0.9811320754716981,False
S+D+R+P,all,all_eligible,276,5,0.9195652173913044,0.8804347826086957,0.9492753623188406,False
S+D+R+P,all,development,223,5,0.9201793721973095,0.8834080717488789,0.9417040358744395,False
S+D+R+P,all,locked_test,53,5,0.9169811320754717,0.8679245283018868,0.9811320754716981,False
S+D+R+P+F,100,all_eligible,276,5,0.891304347826087,0.75,0.9746376811594203,False
S+D+R+P+F,100,development,223,5,0.8896860986547085,0.7354260089686099,0.9730941704035875,False
S+D+R+P+F,100,locked_test,53,5,0.8981132075471698,0.8113207547169812,0.9811320754716981,False
S+D+R+P+F,200,all_eligible,276,5,0.9507246376811594,0.9021739130434783,0.9782608695652174,False
S+D+R+P+F,200,development,223,5,0.9506726457399104,0.9013452914798207,0.9775784753363229,False
S+D+R+P+F,200,locked_test,53,5,0.9509433962264151,0.9056603773584906,0.9811320754716981,False
S+D+R+P+F,25,all_eligible,276,5,0.9282608695652174,0.7210144927536232,0.9855072463768116,False
S+D+R+P+F,25,development,223,5,0.9282511210762332,0.7174887892376681,0.9865470852017937,False
S+D+R+P+F,25,locked_test,53,5,0.9283018867924528,0.7358490566037735,1.0,False
S+D+R+P+F,50,all_eligible,276,5,0.8630434782608696,0.6702898550724637,0.9746376811594203,False
S+D+R+P+F,50,development,223,5,0.8618834080717489,0.6771300448430493,0.9730941704035875,False
S+D+R+P+F,50,locked_test,53,5,0.8679245283018868,0.6415094339622641,0.9811320754716981,False
S+D+R+P+F,all,all_eligible,276,5,0.9565217391304348,0.9166666666666666,0.9818840579710145,False
S+D+R+P+F,all,development,223,5,0.9551569506726457,0.9192825112107623,0.9820627802690582,False
S+D+R+P+F,all,locked_test,53,5,0.9622641509433962,0.9056603773584906,0.9811320754716981,False
S+D+R+P+F+H,100,all_eligible,276,5,0.9282608695652174,0.8586956521739131,0.9782608695652174,False
S+D+R+P+F+H,100,development,223,5,0.9282511210762332,0.8609865470852018,0.9775784753363229,False
S+D+R+P+F+H,100,locked_test,53,5,0.9283018867924528,0.8490566037735849,1.0,False
S+D+R+P+F+H,200,all_eligible,276,5,0.9695652173913043,0.9456521739130435,0.9782608695652174,False
S+D+R+P+F+H,200,development,223,5,0.968609865470852,0.9417040358744395,0.9775784753363229,False
S+D+R+P+F+H,200,locked_test,53,5,0.9735849056603774,0.9622641509433962,0.9811320754716981,False
S+D+R+P+F+H,25,all_eligible,276,5,0.9282608695652174,0.7101449275362319,0.9891304347826086,False
S+D+R+P+F+H,25,development,223,5,0.9282511210762332,0.7219730941704036,0.9865470852017937,False
S+D+R+P+F+H,25,locked_test,53,5,0.9283018867924528,0.660377358490566,1.0,False
S+D+R+P+F+H,50,all_eligible,276,5,0.9065217391304348,0.8043478260869565,0.9746376811594203,False
S+D+R+P+F+H,50,development,223,5,0.905829596412556,0.820627802690583,0.968609865470852,False
S+D+R+P+F+H,50,locked_test,53,5,0.909433962264151,0.7358490566037735,1.0,False
S+D+R+P+F+H,all,all_eligible,276,5,0.9608695652173913,0.9347826086956522,0.9746376811594203,False
S+D+R+P+F+H,all,development,223,5,0.957847533632287,0.9327354260089686,0.968609865470852,False
S+D+R+P+F+H,all,locked_test,53,5,0.9735849056603774,0.9433962264150944,1.0,False
S+D+R+P+F+H+M,100,all_eligible,276,5,0.886231884057971,0.782608695652174,0.9637681159420289,True
S+D+R+P+F+H+M,100,development,223,5,0.8860986547085202,0.7802690582959642,0.9641255605381166,True
S+D+R+P+F+H+M,100,locked_test,53,5,0.8867924528301887,0.7924528301886793,0.9622641509433962,True
S+D+R+P+F+H+M,200,all_eligible,276,5,0.9557971014492753,0.894927536231884,0.9818840579710145,True
S+D+R+P+F+H+M,200,development,223,5,0.9605381165919282,0.9013452914798207,0.9865470852017937,True
S+D+R+P+F+H+M,200,locked_test,53,5,0.9358490566037736,0.8679245283018868,0.9622641509433962,True
S+D+R+P+F+H+M,25,all_eligible,276,5,0.8282608695652174,0.4673913043478261,0.9601449275362319,True
S+D+R+P+F+H+M,25,development,223,5,0.8331838565022421,0.47533632286995514,0.9641255605381166,True
S+D+R+P+F+H+M,25,locked_test,53,5,0.8075471698113208,0.4339622641509434,0.9622641509433962,True
S+D+R+P+F+H+M,50,all_eligible,276,5,0.8326086956521739,0.6594202898550725,0.9601449275362319,True
S+D+R+P+F+H+M,50,development,223,5,0.8349775784753363,0.6816143497757847,0.9596412556053812,True
S+D+R+P+F+H+M,50,locked_test,53,5,0.8226415094339623,0.5660377358490566,0.9622641509433962,True
S+D+R+P+F+H+M,all,all_eligible,276,5,0.9420289855072463,0.8913043478260869,0.967391304347826,True
S+D+R+P+F+H+M,all,development,223,5,0.946188340807175,0.8968609865470852,0.9730941704035875,True
S+D+R+P+F+H+M,all,locked_test,53,5,0.9245283018867925,0.8679245283018868,0.9622641509433962,True
S+D+R+P+F+M,100,all_eligible,276,5,0.8659420289855072,0.7536231884057971,0.967391304347826,True
S+D+R+P+F+M,100,development,223,5,0.8618834080717489,0.7399103139013453,0.968609865470852,True
S+D+R+P+F+M,100,locked_test,53,5,0.8830188679245283,0.8113207547169812,0.9622641509433962,True
S+D+R+P+F+M,200,all_eligible,276,5,0.9442028985507246,0.8840579710144928,0.9710144927536232,True
S+D+R+P+F+M,200,development,223,5,0.9452914798206278,0.8789237668161435,0.9730941704035875,True
S+D+R+P+F+M,200,locked_test,53,5,0.939622641509434,0.9056603773584906,0.9622641509433962,True
S+D+R+P+F+M,25,all_eligible,276,5,0.8876811594202899,0.6304347826086957,0.9855072463768116,True
S+D+R+P+F+M,25,development,223,5,0.8914798206278027,0.6322869955156951,0.9865470852017937,True
S+D+R+P+F+M,25,locked_test,53,5,0.8716981132075472,0.6226415094339622,0.9811320754716981,True
S+D+R+P+F+M,50,all_eligible,276,5,0.8304347826086956,0.6557971014492754,0.9601449275362319,True
S+D+R+P+F+M,50,development,223,5,0.8286995515695067,0.6591928251121076,0.9551569506726457,True
S+D+R+P+F+M,50,locked_test,53,5,0.8377358490566038,0.6415094339622641,0.9811320754716981,True
S+D+R+P+F+M,all,all_eligible,276,5,0.936231884057971,0.8985507246376812,0.9637681159420289,True
S+D+R+P+F+M,all,development,223,5,0.9354260089686098,0.8923766816143498,0.9641255605381166,True
S+D+R+P+F+M,all,locked_test,53,5,0.939622641509434,0.9245283018867925,0.9622641509433962,True
S+D+R+P+H,100,all_eligible,276,5,0.8623188405797101,0.7644927536231884,0.9130434782608695,False
S+D+R+P+H,100,development,223,5,0.863677130044843,0.7713004484304933,0.9147982062780269,False
S+D+R+P+H,100,locked_test,53,5,0.8566037735849057,0.7358490566037735,0.9056603773584906,False
S+D+R+P+H,200,all_eligible,276,5,0.9188405797101449,0.8731884057971014,0.9492753623188406,False
S+D+R+P+H,200,development,223,5,0.9201793721973094,0.874439461883408,0.9506726457399103,False
S+D+R+P+H,200,locked_test,53,5,0.9132075471698113,0.8490566037735849,0.9433962264150944,False
S+D+R+P+H,25,all_eligible,276,5,0.8543478260869565,0.6086956521739131,0.9456521739130435,False
S+D+R+P+H,25,development,223,5,0.852017937219731,0.6143497757847534,0.9372197309417041,False
S+D+R+P+H,25,locked_test,53,5,0.8641509433962264,0.5849056603773585,0.9811320754716981,False
S+D+R+P+H,50,all_eligible,276,5,0.8579710144927536,0.7463768115942029,0.9239130434782609,False
S+D+R+P+H,50,development,223,5,0.852017937219731,0.7488789237668162,0.9147982062780269,False
S+D+R+P+H,50,locked_test,53,5,0.8830188679245283,0.7358490566037735,0.9622641509433962,False
S+D+R+P+H,all,all_eligible,276,5,0.8978260869565218,0.8586956521739131,0.927536231884058,False
S+D+R+P+H,all,development,223,5,0.8995515695067264,0.8565022421524664,0.9282511210762332,False
S+D+R+P+H,all,locked_test,53,5,0.8905660377358491,0.8679245283018868,0.9245283018867925,False
S+D+R+P+H+M,100,all_eligible,276,5,0.8405797101449275,0.7282608695652174,0.8985507246376812,True
S+D+R+P+H+M,100,development,223,5,0.841255605381166,0.7399103139013453,0.8968609865470852,True
S+D+R+P+H+M,100,locked_test,53,5,0.8377358490566038,0.6792452830188679,0.9056603773584906,True
S+D+R+P+H+M,200,all_eligible,276,5,0.9036231884057971,0.8478260869565217,0.9420289855072463,True
S+D+R+P+H+M,200,development,223,5,0.9040358744394619,0.8430493273542601,0.9461883408071748,True
S+D+R+P+H+M,200,locked_test,53,5,0.9018867924528302,0.8679245283018868,0.9433962264150944,True
S+D+R+P+H+M,25,all_eligible,276,5,0.717391304347826,0.37318840579710144,0.9021739130434783,True
S+D+R+P+H+M,25,development,223,5,0.7085201793721974,0.3632286995515695,0.8923766816143498,True
S+D+R+P+H+M,25,locked_test,53,5,0.7547169811320755,0.41509433962264153,0.9433962264150944,True
S+D+R+P+H+M,50,all_eligible,276,5,0.8028985507246377,0.6847826086956522,0.8695652173913043,True
S+D+R+P+H+M,50,development,223,5,0.7955156950672646,0.6816143497757847,0.8609865470852018,True
S+D+R+P+H+M,50,locked_test,53,5,0.8339622641509434,0.6981132075471698,0.9056603773584906,True
S+D+R+P+H+M,all,all_eligible,276,5,0.8739130434782609,0.8369565217391305,0.9057971014492754,True
S+D+R+P+H+M,all,development,223,5,0.8762331838565023,0.8385650224215246,0.905829596412556,True
S+D+R+P+H+M,all,locked_test,53,5,0.8641509433962264,0.8113207547169812,0.9056603773584906,True
S+D+R+P+M,100,all_eligible,276,5,0.8144927536231884,0.6956521739130435,0.9094202898550725,True
S+D+R+P+M,100,development,223,5,0.8152466367713005,0.695067264573991,0.9013452914798207,True
S+D+R+P+M,100,locked_test,53,5,0.8113207547169812,0.6981132075471698,0.9433962264150944,True
S+D+R+P+M,200,all_eligible,276,5,0.8971014492753623,0.8405797101449275,0.9384057971014492,True
S+D+R+P+M,200,development,223,5,0.8986547085201794,0.8475336322869955,0.9372197309417041,True
S+D+R+P+M,200,locked_test,53,5,0.8905660377358491,0.7924528301886793,0.9433962264150944,True
S+D+R+P+M,25,all_eligible,276,5,0.7768115942028986,0.45652173913043476,0.9456521739130435,True
S+D+R+P+M,25,development,223,5,0.7757847533632287,0.4618834080717489,0.9461883408071748,True
S+D+R+P+M,25,locked_test,53,5,0.7811320754716982,0.4339622641509434,0.9433962264150944,True
S+D+R+P+M,50,all_eligible,276,5,0.7876811594202899,0.6123188405797102,0.8768115942028986,True
S+D+R+P+M,50,development,223,5,0.7784753363228699,0.6098654708520179,0.8699551569506726,True
S+D+R+P+M,50,locked_test,53,5,0.8264150943396227,0.6226415094339622,0.9245283018867925,True
S+D+R+P+M,all,all_eligible,276,5,0.8826086956521739,0.8297101449275363,0.9202898550724637,True
S+D+R+P+M,all,development,223,5,0.885201793721973,0.8385650224215246,0.9192825112107623,True
S+D+R+P+M,all,locked_test,53,5,0.8716981132075472,0.7924528301886793,0.9245283018867925,True
S+F,100,all_eligible,276,5,0.8884057971014493,0.7536231884057971,0.9818840579710145,False
S+F,100,development,223,5,0.8869955156950673,0.7533632286995515,0.9820627802690582,False
S+F,100,locked_test,53,5,0.8943396226415095,0.7547169811320755,0.9811320754716981,False
S+F,200,all_eligible,276,5,0.9615942028985508,0.9094202898550725,0.9855072463768116,False
S+F,200,development,223,5,0.9605381165919282,0.9103139013452914,0.9865470852017937,False
S+F,200,locked_test,53,5,0.9660377358490566,0.9056603773584906,0.9811320754716981,False
S+F,25,all_eligible,276,5,0.972463768115942,0.9057971014492754,0.9963768115942029,False
S+F,25,development,223,5,0.9730941704035875,0.9103139013452914,0.9955156950672646,False
S+F,25,locked_test,53,5,0.969811320754717,0.8867924528301887,1.0,False
S+F,50,all_eligible,276,5,0.8905797101449275,0.7608695652173914,0.9601449275362319,False
S+F,50,development,223,5,0.8887892376681614,0.7623318385650224,0.9596412556053812,False
S+F,50,locked_test,53,5,0.8981132075471698,0.7547169811320755,0.9811320754716981,False
S+F,all,all_eligible,276,5,0.9608695652173913,0.9347826086956522,0.9818840579710145,False
S+F,all,development,223,5,0.957847533632287,0.9282511210762332,0.9820627802690582,False
S+F,all,locked_test,53,5,0.9735849056603774,0.9622641509433962,0.9811320754716981,False
S+F+H,100,all_eligible,276,5,0.941304347826087,0.8876811594202898,0.9855072463768116,False
S+F+H,100,development,223,5,0.9417040358744395,0.8923766816143498,0.9865470852017937,False
S+F+H,100,locked_test,53,5,0.939622641509434,0.8490566037735849,1.0,False
S+F+H,200,all_eligible,276,5,0.9753623188405797,0.9492753623188406,0.9927536231884058,False
S+F+H,200,development,223,5,0.9775784753363228,0.9551569506726457,0.9910313901345291,False
S+F+H,200,locked_test,53,5,0.9660377358490566,0.9245283018867925,1.0,False
S+F+H,25,all_eligible,276,5,0.9565217391304348,0.8333333333333334,0.9963768115942029,False
S+F+H,25,development,223,5,0.9560538116591928,0.8385650224215246,0.9955156950672646,False
S+F+H,25,locked_test,53,5,0.9584905660377359,0.8113207547169812,1.0,False
S+F+H,50,all_eligible,276,5,0.9442028985507247,0.9021739130434783,0.9782608695652174,False
S+F+H,50,development,223,5,0.9479820627802691,0.905829596412556,0.9820627802690582,False
S+F+H,50,locked_test,53,5,0.9283018867924528,0.8679245283018868,0.9811320754716981,False
S+F+H,all,all_eligible,276,5,0.963768115942029,0.9311594202898551,0.9855072463768116,False
S+F+H,all,development,223,5,0.9641255605381166,0.9327354260089686,0.9820627802690582,False
S+F+H,all,locked_test,53,5,0.9622641509433962,0.9245283018867925,1.0,False
S+F+H+M,100,all_eligible,276,5,0.886231884057971,0.782608695652174,0.9565217391304348,True
S+F+H+M,100,development,223,5,0.8869955156950673,0.7847533632286996,0.9551569506726457,True
S+F+H+M,100,locked_test,53,5,0.8830188679245283,0.7735849056603774,0.9622641509433962,True
S+F+H+M,200,all_eligible,276,5,0.9485507246376812,0.8876811594202898,0.9855072463768116,True
S+F+H+M,200,development,223,5,0.9560538116591928,0.9013452914798207,0.9910313901345291,True
S+F+H+M,200,locked_test,53,5,0.9169811320754717,0.8301886792452831,0.9811320754716981,True
S+F+H+M,25,all_eligible,276,5,0.8507246376811595,0.6014492753623188,0.9601449275362319,True
S+F+H+M,25,development,223,5,0.852914798206278,0.6098654708520179,0.9641255605381166,True
S+F+H+M,25,locked_test,53,5,0.8415094339622642,0.5660377358490566,0.9433962264150944,True
S+F+H+M,50,all_eligible,276,5,0.8507246376811595,0.7391304347826086,0.927536231884058,True
S+F+H+M,50,development,223,5,0.8538116591928251,0.7488789237668162,0.9282511210762332,True
S+F+H+M,50,locked_test,53,5,0.8377358490566038,0.6981132075471698,0.9245283018867925,True
S+F+H+M,all,all_eligible,276,5,0.9304347826086956,0.8731884057971014,0.967391304347826,True
S+F+H+M,all,development,223,5,0.9354260089686098,0.8834080717488789,0.968609865470852,True
S+F+H+M,all,locked_test,53,5,0.909433962264151,0.8301886792452831,0.9622641509433962,True
S+F+M,100,all_eligible,276,5,0.8746376811594203,0.782608695652174,0.967391304347826,True
S+F+M,100,development,223,5,0.8690582959641255,0.7757847533632287,0.9641255605381166,True
S+F+M,100,locked_test,53,5,0.8981132075471698,0.8113207547169812,0.9811320754716981,True
S+F+M,200,all_eligible,276,5,0.9492753623188406,0.8804347826086957,0.9782608695652174,True
S+F+M,200,development,223,5,0.9488789237668162,0.8789237668161435,0.9775784753363229,True
S+F+M,200,locked_test,53,5,0.9509433962264151,0.8867924528301887,0.9811320754716981,True
S+F+M,25,all_eligible,276,5,0.9210144927536232,0.75,0.9855072463768116,True
S+F+M,25,development,223,5,0.9237668161434978,0.7623318385650224,0.9865470852017937,True
S+F+M,25,locked_test,53,5,0.909433962264151,0.6981132075471698,0.9811320754716981,True
S+F+M,50,all_eligible,276,5,0.8405797101449275,0.7427536231884058,0.9311594202898551,True
S+F+M,50,development,223,5,0.8385650224215246,0.7399103139013453,0.9327354260089686,True
S+F+M,50,locked_test,53,5,0.8490566037735849,0.7358490566037735,0.9433962264150944,True
S+F+M,all,all_eligible,276,5,0.9260869565217391,0.8731884057971014,0.9637681159420289,True
S+F+M,all,development,223,5,0.9228699551569507,0.8654708520179372,0.9641255605381166,True
S+F+M,all,locked_test,53,5,0.939622641509434,0.9056603773584906,0.9622641509433962,True
S+H,100,all_eligible,276,5,0.9572463768115942,0.927536231884058,0.9891304347826086,False
S+H,100,development,223,5,0.9569506726457399,0.9237668161434978,0.9910313901345291,False
S+H,100,locked_test,53,5,0.9584905660377359,0.9245283018867925,1.0,False
S+H,200,all_eligible,276,5,0.9659420289855073,0.9492753623188406,0.9927536231884058,False
S+H,200,development,223,5,0.968609865470852,0.9506726457399103,0.9955156950672646,False
S+H,200,locked_test,53,5,0.9547169811320755,0.9433962264150944,0.9811320754716981,False
S+H,25,all_eligible,276,5,0.941304347826087,0.8333333333333334,0.9818840579710145,False
S+H,25,development,223,5,0.9399103139013453,0.8295964125560538,0.9775784753363229,False
S+H,25,locked_test,53,5,0.9471698113207547,0.8490566037735849,1.0,False
S+H,50,all_eligible,276,5,0.9492753623188406,0.9239130434782609,0.9782608695652174,False
S+H,50,development,223,5,0.9524663677130045,0.9237668161434978,0.9865470852017937,False
S+H,50,locked_test,53,5,0.9358490566037736,0.9245283018867925,0.9433962264150944,False
S+H,all,all_eligible,276,5,0.9601449275362319,0.927536231884058,0.9927536231884058,False
S+H,all,development,223,5,0.9623318385650224,0.9237668161434978,0.9955156950672646,False
S+H,all,locked_test,53,5,0.9509433962264151,0.9433962264150944,0.9811320754716981,False
S+H+M,100,all_eligible,276,5,0.8934782608695653,0.8514492753623188,0.9347826086956522,True
S+H+M,100,development,223,5,0.895067264573991,0.852017937219731,0.9372197309417041,True
S+H+M,100,locked_test,53,5,0.8867924528301887,0.8301886792452831,0.9811320754716981,True
S+H+M,200,all_eligible,276,5,0.9289855072463769,0.894927536231884,0.967391304347826,True
S+H+M,200,development,223,5,0.9354260089686098,0.9013452914798207,0.9775784753363229,True
S+H+M,200,locked_test,53,5,0.9018867924528302,0.8679245283018868,0.9245283018867925,True
S+H+M,25,all_eligible,276,5,0.8231884057971014,0.6376811594202898,0.9239130434782609,True
S+H+M,25,development,223,5,0.8233183856502242,0.6322869955156951,0.9192825112107623,True
S+H+M,25,locked_test,53,5,0.8226415094339623,0.660377358490566,0.9433962264150944,True
S+H+M,50,all_eligible,276,5,0.8782608695652173,0.8405797101449275,0.9384057971014492,True
S+H+M,50,development,223,5,0.8816143497757848,0.8475336322869955,0.9417040358744395,True
S+H+M,50,locked_test,53,5,0.8641509433962264,0.8113207547169812,0.9245283018867925,True
S+H+M,all,all_eligible,276,5,0.9173913043478261,0.8623188405797102,0.967391304347826,True
S+H+M,all,development,223,5,0.9210762331838565,0.8699551569506726,0.968609865470852,True
S+H+M,all,locked_test,53,5,0.9018867924528302,0.8301886792452831,0.9622641509433962,True
S+M,100,all_eligible,276,5,0.913768115942029,0.8768115942028986,0.9420289855072463,True
S+M,100,development,223,5,0.9139013452914798,0.8789237668161435,0.9417040358744395,True
S+M,100,locked_test,53,5,0.9132075471698113,0.8679245283018868,0.9622641509433962,True
S+M,200,all_eligible,276,5,0.9391304347826087,0.9130434782608695,0.9565217391304348,True
S+M,200,development,223,5,0.9408071748878923,0.9103139013452914,0.9596412556053812,True
S+M,200,locked_test,53,5,0.9320754716981132,0.9056603773584906,0.9433962264150944,True
S+M,25,all_eligible,276,5,0.8782608695652174,0.7282608695652174,0.9347826086956522,True
S+M,25,development,223,5,0.8798206278026907,0.7309417040358744,0.9372197309417041,True
S+M,25,locked_test,53,5,0.8716981132075472,0.7169811320754716,0.9245283018867925,True
S+M,50,all_eligible,276,5,0.9159420289855073,0.8514492753623188,0.9528985507246377,True
S+M,50,development,223,5,0.9192825112107623,0.8609865470852018,0.9506726457399103,True
S+M,50,locked_test,53,5,0.9018867924528302,0.8113207547169812,0.9622641509433962,True
S+M,all,all_eligible,276,5,0.9355072463768116,0.9094202898550725,0.9565217391304348,True
S+M,all,development,223,5,0.9381165919282511,0.9103139013452914,0.9596412556053812,True
S+M,all,locked_test,53,5,0.9245283018867925,0.9056603773584906,0.9433962264150944,True
S+P,100,all_eligible,276,5,0.9442028985507246,0.8985507246376812,0.9746376811594203,False
S+P,100,development,223,5,0.9461883408071748,0.8968609865470852,0.9820627802690582,False
S+P,100,locked_test,53,5,0.9358490566037736,0.9056603773584906,1.0,False
S+P,200,all_eligible,276,5,0.9746376811594203,0.9384057971014492,0.9927536231884058,False
S+P,200,development,223,5,0.9775784753363229,0.9417040358744395,0.9955156950672646,False
S+P,200,locked_test,53,5,0.9622641509433962,0.9245283018867925,0.9811320754716981,False
S+P,25,all_eligible,276,5,0.9101449275362319,0.7717391304347826,0.9746376811594203,False
S+P,25,development,223,5,0.905829596412556,0.757847533632287,0.9730941704035875,False
S+P,25,locked_test,53,5,0.9283018867924528,0.8301886792452831,0.9811320754716981,False
S+P,50,all_eligible,276,5,0.9485507246376812,0.8768115942028986,0.9891304347826086,False
S+P,50,development,223,5,0.9515695067264573,0.8789237668161435,0.9910313901345291,False
S+P,50,locked_test,53,5,0.9358490566037736,0.8679245283018868,0.9811320754716981,False
S+P,all,all_eligible,276,5,0.9768115942028985,0.9492753623188406,0.9963768115942029,False
S+P,all,development,223,5,0.9775784753363229,0.9506726457399103,0.9955156950672646,False
S+P,all,locked_test,53,5,0.9735849056603774,0.9433962264150944,1.0,False
S+P+F,100,all_eligible,276,5,0.8920289855072464,0.7572463768115942,0.9818840579710145,False
S+P+F,100,development,223,5,0.8914798206278026,0.7533632286995515,0.9820627802690582,False
S+P+F,100,locked_test,53,5,0.8943396226415095,0.7735849056603774,0.9811320754716981,False
S+P+F,200,all_eligible,276,5,0.9644927536231884,0.9202898550724637,0.9855072463768116,False
S+P+F,200,development,223,5,0.9650224215246637,0.9192825112107623,0.9865470852017937,False
S+P+F,200,locked_test,53,5,0.9622641509433962,0.9245283018867925,0.9811320754716981,False
S+P+F,25,all_eligible,276,5,0.9297101449275362,0.7318840579710145,0.9891304347826086,False
S+P+F,25,development,223,5,0.9291479820627803,0.7354260089686099,0.9910313901345291,False
S+P+F,25,locked_test,53,5,0.9320754716981132,0.7169811320754716,1.0,False
S+P+F,50,all_eligible,276,5,0.8471014492753624,0.6521739130434783,0.9456521739130435,False
S+P+F,50,development,223,5,0.8493273542600897,0.6636771300448431,0.9461883408071748,False
S+P+F,50,locked_test,53,5,0.8377358490566038,0.6037735849056604,0.9811320754716981,False
S+P+F,all,all_eligible,276,5,0.9601449275362319,0.9239130434782609,0.9818840579710145,False
S+P+F,all,development,223,5,0.9596412556053812,0.9237668161434978,0.9820627802690582,False
S+P+F,all,locked_test,53,5,0.9622641509433962,0.9245283018867925,0.9811320754716981,False
S+P+F+H,100,all_eligible,276,5,0.9391304347826087,0.8876811594202898,0.9855072463768116,False
S+P+F+H,100,development,223,5,0.9381165919282511,0.8923766816143498,0.9820627802690582,False
S+P+F+H,100,locked_test,53,5,0.9433962264150944,0.8490566037735849,1.0,False
S+P+F+H,200,all_eligible,276,5,0.9746376811594203,0.9456521739130435,0.9818840579710145,False
S+P+F+H,200,development,223,5,0.9730941704035875,0.9506726457399103,0.9820627802690582,False
S+P+F+H,200,locked_test,53,5,0.9811320754716981,0.9245283018867925,1.0,False
S+P+F+H,25,all_eligible,276,5,0.9152173913043479,0.6666666666666666,0.9818840579710145,False
S+P+F+H,25,development,223,5,0.9139013452914798,0.6771300448430493,0.9775784753363229,False
S+P+F+H,25,locked_test,53,5,0.9207547169811321,0.6226415094339622,1.0,False
S+P+F+H,50,all_eligible,276,5,0.9231884057971015,0.8333333333333334,0.9637681159420289,False
S+P+F+H,50,development,223,5,0.9264573991031391,0.8430493273542601,0.968609865470852,False
S+P+F+H,50,locked_test,53,5,0.909433962264151,0.7924528301886793,0.9622641509433962,False
S+P+F+H,all,all_eligible,276,5,0.9615942028985507,0.9347826086956522,0.9782608695652174,False
S+P+F+H,all,development,223,5,0.957847533632287,0.9327354260089686,0.9730941704035875,False
S+P+F+H,all,locked_test,53,5,0.9773584905660377,0.9433962264150944,1.0,False
S+P+F+H+M,100,all_eligible,276,5,0.8905797101449275,0.8152173913043478,0.9565217391304348,True
S+P+F+H+M,100,development,223,5,0.8932735426008969,0.8251121076233184,0.9596412556053812,True
S+P+F+H+M,100,locked_test,53,5,0.879245283018868,0.7735849056603774,0.9433962264150944,True
S+P+F+H+M,200,all_eligible,276,5,0.9565217391304348,0.9057971014492754,0.9818840579710145,True
S+P+F+H+M,200,development,223,5,0.9614349775784753,0.9147982062780269,0.9865470852017937,True
S+P+F+H+M,200,locked_test,53,5,0.9358490566037736,0.8679245283018868,0.9811320754716981,True
S+P+F+H+M,25,all_eligible,276,5,0.817391304347826,0.5036231884057971,0.9456521739130435,True
S+P+F+H+M,25,development,223,5,0.8206278026905829,0.5201793721973094,0.9461883408071748,True
S+P+F+H+M,25,locked_test,53,5,0.8037735849056604,0.4339622641509434,0.9433962264150944,True
S+P+F+H+M,50,all_eligible,276,5,0.8391304347826087,0.6739130434782609,0.9347826086956522,True
S+P+F+H+M,50,development,223,5,0.8457399103139014,0.7085201793721974,0.9282511210762332,True
S+P+F+H+M,50,locked_test,53,5,0.8113207547169812,0.5283018867924528,0.9622641509433962,True
S+P+F+H+M,all,all_eligible,276,5,0.9282608695652174,0.8876811594202898,0.9528985507246377,True
S+P+F+H+M,all,development,223,5,0.9309417040358744,0.8968609865470852,0.9551569506726457,True
S+P+F+H+M,all,locked_test,53,5,0.9169811320754717,0.8490566037735849,0.9622641509433962,True
S+P+F+M,100,all_eligible,276,5,0.8630434782608696,0.7644927536231884,0.9528985507246377,True
S+P+F+M,100,development,223,5,0.8582959641255605,0.757847533632287,0.9551569506726457,True
S+P+F+M,100,locked_test,53,5,0.8830188679245283,0.7924528301886793,0.9622641509433962,True
S+P+F+M,200,all_eligible,276,5,0.9492753623188406,0.8913043478260869,0.9710144927536232,True
S+P+F+M,200,development,223,5,0.9497757847533632,0.8878923766816144,0.9730941704035875,True
S+P+F+M,200,locked_test,53,5,0.9471698113207547,0.9056603773584906,0.9811320754716981,True
S+P+F+M,25,all_eligible,276,5,0.8833333333333333,0.6594202898550725,0.9710144927536232,True
S+P+F+M,25,development,223,5,0.885201793721973,0.6681614349775785,0.968609865470852,True
S+P+F+M,25,locked_test,53,5,0.8754716981132076,0.6226415094339622,0.9811320754716981,True
S+P+F+M,50,all_eligible,276,5,0.8304347826086956,0.6811594202898551,0.9420289855072463,True
S+P+F+M,50,development,223,5,0.8322869955156951,0.6995515695067265,0.9372197309417041,True
S+P+F+M,50,locked_test,53,5,0.8226415094339623,0.6037735849056604,0.9622641509433962,True
S+P+F+M,all,all_eligible,276,5,0.9318840579710145,0.8985507246376812,0.9601449275362319,True
S+P+F+M,all,development,223,5,0.9318385650224216,0.8968609865470852,0.9641255605381166,True
S+P+F+M,all,locked_test,53,5,0.9320754716981132,0.9056603773584906,0.9622641509433962,True
S+P+H,100,all_eligible,276,5,0.9507246376811594,0.9166666666666666,0.9710144927536232,False
S+P+H,100,development,223,5,0.9542600896860987,0.9192825112107623,0.9730941704035875,False
S+P+H,100,locked_test,53,5,0.9358490566037736,0.8867924528301887,0.9811320754716981,False
S+P+H,200,all_eligible,276,5,0.967391304347826,0.9492753623188406,0.9855072463768116,False
S+P+H,200,development,223,5,0.9695067264573991,0.9506726457399103,0.9865470852017937,False
S+P+H,200,locked_test,53,5,0.9584905660377359,0.9433962264150944,0.9811320754716981,False
S+P+H,25,all_eligible,276,5,0.927536231884058,0.7898550724637681,0.9746376811594203,False
S+P+H,25,development,223,5,0.9273542600896861,0.7847533632286996,0.968609865470852,False
S+P+H,25,locked_test,53,5,0.9283018867924528,0.8113207547169812,1.0,False
S+P+H,50,all_eligible,276,5,0.9456521739130435,0.9166666666666666,0.9746376811594203,False
S+P+H,50,development,223,5,0.9479820627802691,0.9192825112107623,0.9730941704035875,False
S+P+H,50,locked_test,53,5,0.9358490566037736,0.9056603773584906,0.9811320754716981,False
S+P+H,all,all_eligible,276,5,0.9586956521739131,0.9420289855072463,0.9782608695652174,False
S+P+H,all,development,223,5,0.957847533632287,0.9417040358744395,0.9775784753363229,False
S+P+H,all,locked_test,53,5,0.9622641509433962,0.9433962264150944,0.9811320754716981,False
S+P+H+M,100,all_eligible,276,5,0.9115942028985506,0.8876811594202898,0.9384057971014492,True
S+P+H+M,100,development,223,5,0.9130044843049328,0.8923766816143498,0.9372197309417041,True
S+P+H+M,100,locked_test,53,5,0.9056603773584906,0.8679245283018868,0.9433962264150944,True
S+P+H+M,200,all_eligible,276,5,0.9391304347826087,0.9166666666666666,0.9601449275362319,True
S+P+H+M,200,development,223,5,0.9426008968609866,0.9192825112107623,0.9596412556053812,True
S+P+H+M,200,locked_test,53,5,0.9245283018867925,0.9056603773584906,0.9622641509433962,True
S+P+H+M,25,all_eligible,276,5,0.8217391304347826,0.6231884057971014,0.9021739130434783,True
S+P+H+M,25,development,223,5,0.820627802690583,0.6278026905829597,0.905829596412556,True
S+P+H+M,25,locked_test,53,5,0.8264150943396227,0.6037735849056604,0.9433962264150944,True
S+P+H+M,50,all_eligible,276,5,0.9014492753623189,0.855072463768116,0.9492753623188406,True
S+P+H+M,50,development,223,5,0.9058295964125561,0.8609865470852018,0.9417040358744395,True
S+P+H+M,50,locked_test,53,5,0.8830188679245283,0.8301886792452831,0.9811320754716981,True
S+P+H+M,all,all_eligible,276,5,0.9289855072463769,0.9021739130434783,0.9565217391304348,True
S+P+H+M,all,development,223,5,0.9300448430493273,0.905829596412556,0.9551569506726457,True
S+P+H+M,all,locked_test,53,5,0.9245283018867925,0.8867924528301887,0.9622641509433962,True
S+P+M,100,all_eligible,276,5,0.9007246376811594,0.8623188405797102,0.9347826086956522,True
S+P+M,100,development,223,5,0.9067264573991032,0.8699551569506726,0.9372197309417041,True
S+P+M,100,locked_test,53,5,0.8754716981132076,0.8301886792452831,0.9245283018867925,True
S+P+M,200,all_eligible,276,5,0.9405797101449276,0.9094202898550725,0.9637681159420289,True
S+P+M,200,development,223,5,0.947085201793722,0.9192825112107623,0.968609865470852,True
S+P+M,200,locked_test,53,5,0.9132075471698113,0.8679245283018868,0.9433962264150944,True
S+P+M,25,all_eligible,276,5,0.8615942028985507,0.6884057971014492,0.9347826086956522,True
S+P+M,25,development,223,5,0.862780269058296,0.6816143497757847,0.9372197309417041,True
S+P+M,25,locked_test,53,5,0.8566037735849057,0.7169811320754716,0.9433962264150944,True
S+P+M,50,all_eligible,276,5,0.9159420289855073,0.8405797101449275,0.9420289855072463,True
S+P+M,50,development,223,5,0.9192825112107623,0.8475336322869955,0.9417040358744395,True
S+P+M,50,locked_test,53,5,0.9018867924528302,0.8113207547169812,0.9433962264150944,True
S+P+M,all,all_eligible,276,5,0.922463768115942,0.894927536231884,0.9601449275362319,True
S+P+M,all,development,223,5,0.9237668161434978,0.8968609865470852,0.9551569506726457,True
S+P+M,all,locked_test,53,5,0.9169811320754717,0.8867924528301887,0.9811320754716981,True
S+R,100,all_eligible,276,5,0.9311594202898551,0.8659420289855072,0.9891304347826086,False
S+R,100,development,223,5,0.9255605381165919,0.8565022421524664,0.9865470852017937,False
S+R,100,locked_test,53,5,0.9547169811320755,0.9056603773584906,1.0,False
S+R,200,all_eligible,276,5,0.9579710144927536,0.9202898550724637,0.9818840579710145,False
S+R,200,development,223,5,0.9533632286995516,0.9103139013452914,0.9820627802690582,False
S+R,200,locked_test,53,5,0.9773584905660377,0.9622641509433962,0.9811320754716981,False
S+R,25,all_eligible,276,5,0.9311594202898551,0.8188405797101449,0.9963768115942029,False
S+R,25,development,223,5,0.9246636771300448,0.8071748878923767,0.9955156950672646,False
S+R,25,locked_test,53,5,0.9584905660377359,0.8679245283018868,1.0,False
S+R,50,all_eligible,276,5,0.9565217391304348,0.9057971014492754,0.9927536231884058,False
S+R,50,development,223,5,0.9542600896860987,0.905829596412556,0.9910313901345291,False
S+R,50,locked_test,53,5,0.9660377358490566,0.9056603773584906,1.0,False
S+R,all,all_eligible,276,5,0.9673913043478262,0.9347826086956522,0.9855072463768116,False
S+R,all,development,223,5,0.9632286995515695,0.9237668161434978,0.9865470852017937,False
S+R,all,locked_test,53,5,0.9849056603773585,0.9811320754716981,1.0,False
S+R+F,100,all_eligible,276,5,0.8804347826086957,0.7318840579710145,0.9782608695652174,False
S+R+F,100,development,223,5,0.8780269058295964,0.726457399103139,0.9775784753363229,False
S+R+F,100,locked_test,53,5,0.8905660377358491,0.7358490566037735,1.0,False
S+R+F,200,all_eligible,276,5,0.9543478260869566,0.8985507246376812,0.9818840579710145,False
S+R+F,200,development,223,5,0.9524663677130045,0.8923766816143498,0.9820627802690582,False
S+R+F,200,locked_test,53,5,0.9622641509433962,0.9245283018867925,0.9811320754716981,False
S+R+F,25,all_eligible,276,5,0.9630434782608696,0.8623188405797102,0.9963768115942029,False
S+R+F,25,development,223,5,0.9614349775784753,0.8609865470852018,0.9955156950672646,False
S+R+F,25,locked_test,53,5,0.969811320754717,0.8679245283018868,1.0,False
S+R+F,50,all_eligible,276,5,0.8905797101449275,0.7717391304347826,0.9601449275362319,False
S+R+F,50,development,223,5,0.8923766816143498,0.7802690582959642,0.9596412556053812,False
S+R+F,50,locked_test,53,5,0.8830188679245283,0.7358490566037735,1.0,False
S+R+F,all,all_eligible,276,5,0.9623188405797102,0.927536231884058,0.9818840579710145,False
S+R+F,all,development,223,5,0.9623318385650225,0.9282511210762332,0.9820627802690582,False
S+R+F,all,locked_test,53,5,0.9622641509433962,0.9245283018867925,0.9811320754716981,False
S+R+F+H,100,all_eligible,276,5,0.9326086956521739,0.8659420289855072,0.9746376811594203,False
S+R+F+H,100,development,223,5,0.9345291479820628,0.874439461883408,0.9730941704035875,False
S+R+F+H,100,locked_test,53,5,0.9245283018867925,0.8301886792452831,0.9811320754716981,False
S+R+F+H,200,all_eligible,276,5,0.9666666666666667,0.9311594202898551,0.9891304347826086,False
S+R+F+H,200,development,223,5,0.9695067264573991,0.9372197309417041,0.9910313901345291,False
S+R+F+H,200,locked_test,53,5,0.9547169811320755,0.9056603773584906,0.9811320754716981,False
S+R+F+H,25,all_eligible,276,5,0.9572463768115942,0.8333333333333334,0.9927536231884058,False
S+R+F+H,25,development,223,5,0.9542600896860987,0.8251121076233184,0.9910313901345291,False
S+R+F+H,25,locked_test,53,5,0.969811320754717,0.8679245283018868,1.0,False
S+R+F+H,50,all_eligible,276,5,0.9398550724637681,0.8913043478260869,0.9746376811594203,False
S+R+F+H,50,development,223,5,0.9426008968609866,0.8968609865470852,0.9775784753363229,False
S+R+F+H,50,locked_test,53,5,0.9283018867924528,0.8679245283018868,0.9811320754716981,False
S+R+F+H,all,all_eligible,276,5,0.9608695652173913,0.927536231884058,0.9818840579710145,False
S+R+F+H,all,development,223,5,0.9596412556053812,0.9282511210762332,0.9775784753363229,False
S+R+F+H,all,locked_test,53,5,0.9660377358490566,0.9245283018867925,1.0,False
S+R+F+H+M,100,all_eligible,276,5,0.8833333333333333,0.7753623188405797,0.9528985507246377,True
S+R+F+H+M,100,development,223,5,0.8798206278026905,0.7668161434977578,0.9506726457399103,True
S+R+F+H+M,100,locked_test,53,5,0.8981132075471698,0.8113207547169812,0.9622641509433962,True
S+R+F+H+M,200,all_eligible,276,5,0.946376811594203,0.8913043478260869,0.9818840579710145,True
S+R+F+H+M,200,development,223,5,0.9506726457399103,0.8968609865470852,0.9865470852017937,True
S+R+F+H+M,200,locked_test,53,5,0.9283018867924528,0.8679245283018868,0.9622641509433962,True
S+R+F+H+M,25,all_eligible,276,5,0.8405797101449275,0.5652173913043478,0.9528985507246377,True
S+R+F+H+M,25,development,223,5,0.8403587443946189,0.5695067264573991,0.9551569506726457,True
S+R+F+H+M,25,locked_test,53,5,0.8415094339622642,0.5471698113207547,0.9433962264150944,True
S+R+F+H+M,50,all_eligible,276,5,0.8427536231884057,0.717391304347826,0.927536231884058,True
S+R+F+H+M,50,development,223,5,0.8439461883408071,0.7219730941704036,0.9237668161434978,True
S+R+F+H+M,50,locked_test,53,5,0.8377358490566038,0.6981132075471698,0.9433962264150944,True
S+R+F+H+M,all,all_eligible,276,5,0.9333333333333333,0.8804347826086957,0.9746376811594203,True
S+R+F+H+M,all,development,223,5,0.9381165919282511,0.8878923766816144,0.9730941704035875,True
S+R+F+H+M,all,locked_test,53,5,0.9132075471698113,0.8490566037735849,0.9811320754716981,True
S+R+F+M,100,all_eligible,276,5,0.8681159420289855,0.7644927536231884,0.9601449275362319,True
S+R+F+M,100,development,223,5,0.862780269058296,0.7488789237668162,0.9596412556053812,True
S+R+F+M,100,locked_test,53,5,0.8905660377358491,0.7924528301886793,0.9622641509433962,True
S+R+F+M,200,all_eligible,276,5,0.9442028985507246,0.8840579710144928,0.9818840579710145,True
S+R+F+M,200,development,223,5,0.9443946188340807,0.8834080717488789,0.9820627802690582,True
S+R+F+M,200,locked_test,53,5,0.9433962264150944,0.8867924528301887,0.9811320754716981,True
S+R+F+M,25,all_eligible,276,5,0.8978260869565218,0.6557971014492754,0.9891304347826086,True
S+R+F+M,25,development,223,5,0.8968609865470852,0.6502242152466368,0.9865470852017937,True
S+R+F+M,25,locked_test,53,5,0.9018867924528302,0.6792452830188679,1.0,True
S+R+F+M,50,all_eligible,276,5,0.8326086956521739,0.6992753623188406,0.9384057971014492,True
S+R+F+M,50,development,223,5,0.8286995515695067,0.6905829596412556,0.9327354260089686,True
S+R+F+M,50,locked_test,53,5,0.8490566037735849,0.7358490566037735,0.9622641509433962,True
S+R+F+M,all,all_eligible,276,5,0.9347826086956522,0.8840579710144928,0.9637681159420289,True
S+R+F+M,all,development,223,5,0.9354260089686098,0.8834080717488789,0.9641255605381166,True
S+R+F+M,all,locked_test,53,5,0.9320754716981132,0.8867924528301887,0.9622641509433962,True
S+R+H,100,all_eligible,276,5,0.9347826086956522,0.8913043478260869,0.9710144927536232,False
S+R+H,100,development,223,5,0.9336322869955157,0.8878923766816144,0.968609865470852,False
S+R+H,100,locked_test,53,5,0.939622641509434,0.9056603773584906,0.9811320754716981,False
S+R+H,200,all_eligible,276,5,0.9492753623188406,0.8985507246376812,0.9927536231884058,False
S+R+H,200,development,223,5,0.946188340807175,0.8923766816143498,0.9910313901345291,False
S+R+H,200,locked_test,53,5,0.9622641509433962,0.9245283018867925,1.0,False
S+R+H,25,all_eligible,276,5,0.9521739130434783,0.8623188405797102,0.9891304347826086,False
S+R+H,25,development,223,5,0.9488789237668162,0.8609865470852018,0.9865470852017937,False
S+R+H,25,locked_test,53,5,0.9660377358490566,0.8679245283018868,1.0,False
S+R+H,50,all_eligible,276,5,0.946376811594203,0.9094202898550725,0.9891304347826086,False
S+R+H,50,development,223,5,0.9470852017937219,0.9103139013452914,0.9910313901345291,False
S+R+H,50,locked_test,53,5,0.9433962264150944,0.9056603773584906,0.9811320754716981,False
S+R+H,all,all_eligible,276,5,0.9543478260869565,0.8985507246376812,0.9891304347826086,False
S+R+H,all,development,223,5,0.9515695067264573,0.8968609865470852,0.9865470852017937,False
S+R+H,all,locked_test,53,5,0.9660377358490566,0.9056603773584906,1.0,False
S+R+H+M,100,all_eligible,276,5,0.8913043478260869,0.8115942028985508,0.9528985507246377,True
S+R+H+M,100,development,223,5,0.8878923766816144,0.8026905829596412,0.9506726457399103,True
S+R+H+M,100,locked_test,53,5,0.9056603773584906,0.8490566037735849,0.9622641509433962,True
S+R+H+M,200,all_eligible,276,5,0.922463768115942,0.8586956521739131,0.9891304347826086,True
S+R+H+M,200,development,223,5,0.9219730941704036,0.8565022421524664,0.9910313901345291,True
S+R+H+M,200,locked_test,53,5,0.9245283018867925,0.8679245283018868,0.9811320754716981,True
S+R+H+M,25,all_eligible,276,5,0.8528985507246377,0.6702898550724637,0.9420289855072463,True
S+R+H+M,25,development,223,5,0.8484304932735426,0.6591928251121076,0.9417040358744395,True
S+R+H+M,25,locked_test,53,5,0.8716981132075472,0.7169811320754716,0.9622641509433962,True
S+R+H+M,50,all_eligible,276,5,0.8826086956521739,0.822463768115942,0.9528985507246377,True
S+R+H+M,50,development,223,5,0.8798206278026905,0.8251121076233184,0.9461883408071748,True
S+R+H+M,50,locked_test,53,5,0.8943396226415095,0.8113207547169812,0.9811320754716981,True
S+R+H+M,all,all_eligible,276,5,0.9217391304347826,0.8586956521739131,0.9782608695652174,True
S+R+H+M,all,development,223,5,0.9174887892376682,0.8565022421524664,0.9730941704035875,True
S+R+H+M,all,locked_test,53,5,0.939622641509434,0.8679245283018868,1.0,True
S+R+M,100,all_eligible,276,5,0.894927536231884,0.8369565217391305,0.9492753623188406,True
S+R+M,100,development,223,5,0.8923766816143498,0.8385650224215246,0.9417040358744395,True
S+R+M,100,locked_test,53,5,0.9056603773584906,0.8301886792452831,0.9811320754716981,True
S+R+M,200,all_eligible,276,5,0.9282608695652174,0.8804347826086957,0.9710144927536232,True
S+R+M,200,development,223,5,0.9210762331838565,0.874439461883408,0.9641255605381166,True
S+R+M,200,locked_test,53,5,0.9584905660377359,0.9056603773584906,1.0,True
S+R+M,25,all_eligible,276,5,0.8797101449275362,0.7028985507246377,0.9746376811594203,True
S+R+M,25,development,223,5,0.8780269058295964,0.6995515695067265,0.9730941704035875,True
S+R+M,25,locked_test,53,5,0.8867924528301887,0.7169811320754716,0.9811320754716981,True
S+R+M,50,all_eligible,276,5,0.8913043478260869,0.8260869565217391,0.9420289855072463,True
S+R+M,50,development,223,5,0.8887892376681614,0.820627802690583,0.9327354260089686,True
S+R+M,50,locked_test,53,5,0.9018867924528302,0.8301886792452831,0.9811320754716981,True
S+R+M,all,all_eligible,276,5,0.9289855072463769,0.8876811594202898,0.9637681159420289,True
S+R+M,all,development,223,5,0.9228699551569507,0.8834080717488789,0.9551569506726457,True
S+R+M,all,locked_test,53,5,0.9547169811320755,0.9056603773584906,1.0,True
S+R+P,100,all_eligible,276,5,0.927536231884058,0.8659420289855072,0.9710144927536232,False
S+R+P,100,development,223,5,0.9255605381165919,0.8699551569506726,0.9641255605381166,False
S+R+P,100,locked_test,53,5,0.9358490566037736,0.8490566037735849,1.0,False
S+R+P,200,all_eligible,276,5,0.9492753623188406,0.9021739130434783,0.9818840579710145,False
S+R+P,200,development,223,5,0.9452914798206278,0.8968609865470852,0.9820627802690582,False
S+R+P,200,locked_test,53,5,0.9660377358490566,0.9245283018867925,0.9811320754716981,False
S+R+P,25,all_eligible,276,5,0.9115942028985508,0.75,0.9818840579710145,False
S+R+P,25,development,223,5,0.9076233183856502,0.7443946188340808,0.9820627802690582,False
S+R+P,25,locked_test,53,5,0.9283018867924528,0.7735849056603774,0.9811320754716981,False
S+R+P,50,all_eligible,276,5,0.9536231884057971,0.8985507246376812,0.9927536231884058,False
S+R+P,50,development,223,5,0.9533632286995516,0.8968609865470852,0.9910313901345291,False
S+R+P,50,locked_test,53,5,0.9547169811320755,0.9056603773584906,1.0,False
S+R+P,all,all_eligible,276,5,0.963768115942029,0.9239130434782609,0.9855072463768116,False
S+R+P,all,development,223,5,0.9596412556053812,0.9147982062780269,0.9820627802690582,False
S+R+P,all,locked_test,53,5,0.9811320754716981,0.9622641509433962,1.0,False
S+R+P+F,100,all_eligible,276,5,0.8789855072463768,0.7246376811594203,0.9818840579710145,False
S+R+P+F,100,development,223,5,0.8780269058295964,0.7174887892376681,0.9820627802690582,False
S+R+P+F,100,locked_test,53,5,0.8830188679245283,0.7547169811320755,0.9811320754716981,False
S+R+P+F,200,all_eligible,276,5,0.9594202898550724,0.9202898550724637,0.9818840579710145,False
S+R+P+F,200,development,223,5,0.9587443946188341,0.9192825112107623,0.9820627802690582,False
S+R+P+F,200,locked_test,53,5,0.9622641509433962,0.9245283018867925,0.9811320754716981,False
S+R+P+F,25,all_eligible,276,5,0.9195652173913044,0.6739130434782609,0.9927536231884058,False
S+R+P+F,25,development,223,5,0.9139013452914798,0.6591928251121076,0.9910313901345291,False
S+R+P+F,25,locked_test,53,5,0.9433962264150944,0.7358490566037735,1.0,False
S+R+P+F,50,all_eligible,276,5,0.8528985507246377,0.6739130434782609,0.9492753623188406,False
S+R+P+F,50,development,223,5,0.8556053811659193,0.6860986547085202,0.9551569506726457,False
S+R+P+F,50,locked_test,53,5,0.8415094339622642,0.6226415094339622,0.9811320754716981,False
S+R+P+F,all,all_eligible,276,5,0.9586956521739131,0.9166666666666666,0.9855072463768116,False
S+R+P+F,all,development,223,5,0.957847533632287,0.9192825112107623,0.9820627802690582,False
S+R+P+F,all,locked_test,53,5,0.9622641509433962,0.9056603773584906,1.0,False
S+R+P+F+H,100,all_eligible,276,5,0.9304347826086956,0.8768115942028986,0.9782608695652174,False
S+R+P+F+H,100,development,223,5,0.9318385650224216,0.8834080717488789,0.9730941704035875,False
S+R+P+F+H,100,locked_test,53,5,0.9245283018867925,0.8490566037735849,1.0,False
S+R+P+F+H,200,all_eligible,276,5,0.9695652173913043,0.9492753623188406,0.9818840579710145,False
S+R+P+F+H,200,development,223,5,0.968609865470852,0.9506726457399103,0.9820627802690582,False
S+R+P+F+H,200,locked_test,53,5,0.9735849056603774,0.9433962264150944,1.0,False
S+R+P+F+H,25,all_eligible,276,5,0.9079710144927536,0.6268115942028986,0.9855072463768116,False
S+R+P+F+H,25,development,223,5,0.9049327354260089,0.6278026905829597,0.9820627802690582,False
S+R+P+F+H,25,locked_test,53,5,0.9207547169811321,0.6226415094339622,1.0,False
S+R+P+F+H,50,all_eligible,276,5,0.9202898550724637,0.8260869565217391,0.967391304347826,False
S+R+P+F+H,50,development,223,5,0.9201793721973094,0.8340807174887892,0.968609865470852,False
S+R+P+F+H,50,locked_test,53,5,0.9207547169811321,0.7924528301886793,0.9811320754716981,False
S+R+P+F+H,all,all_eligible,276,5,0.9615942028985507,0.9384057971014492,0.9782608695652174,False
S+R+P+F+H,all,development,223,5,0.9587443946188341,0.9372197309417041,0.9730941704035875,False
S+R+P+F+H,all,locked_test,53,5,0.9735849056603774,0.9433962264150944,1.0,False
S+R+P+F+H+M,100,all_eligible,276,5,0.8847826086956522,0.7862318840579711,0.9528985507246377,True
S+R+P+F+H+M,100,development,223,5,0.8896860986547085,0.7982062780269058,0.9551569506726457,True
S+R+P+F+H+M,100,locked_test,53,5,0.8641509433962264,0.7358490566037735,0.9433962264150944,True
S+R+P+F+H+M,200,all_eligible,276,5,0.9579710144927537,0.9057971014492754,0.9818840579710145,True
S+R+P+F+H+M,200,development,223,5,0.9623318385650225,0.9147982062780269,0.9865470852017937,True
S+R+P+F+H+M,200,locked_test,53,5,0.939622641509434,0.8679245283018868,0.9811320754716981,True
S+R+P+F+H+M,25,all_eligible,276,5,0.8079710144927537,0.47101449275362317,0.9347826086956522,True
S+R+P+F+H+M,25,development,223,5,0.8062780269058296,0.4798206278026906,0.9327354260089686,True
S+R+P+F+H+M,25,locked_test,53,5,0.8150943396226416,0.4339622641509434,0.9433962264150944,True
S+R+P+F+H+M,50,all_eligible,276,5,0.8449275362318841,0.6956521739130435,0.9420289855072463,True
S+R+P+F+H+M,50,development,223,5,0.8457399103139014,0.7130044843049327,0.9372197309417041,True
S+R+P+F+H+M,50,locked_test,53,5,0.8415094339622642,0.6226415094339622,0.9622641509433962,True
S+R+P+F+H+M,all,all_eligible,276,5,0.9333333333333333,0.894927536231884,0.9601449275362319,True
S+R+P+F+H+M,all,development,223,5,0.9372197309417041,0.9013452914798207,0.9641255605381166,True
S+R+P+F+H+M,all,locked_test,53,5,0.9169811320754717,0.8679245283018868,0.9433962264150944,True
S+R+P+F+M,100,all_eligible,276,5,0.8536231884057971,0.7427536231884058,0.9601449275362319,True
S+R+P+F+M,100,development,223,5,0.8484304932735426,0.7309417040358744,0.9596412556053812,True
S+R+P+F+M,100,locked_test,53,5,0.8754716981132076,0.7924528301886793,0.9622641509433962,True
S+R+P+F+M,200,all_eligible,276,5,0.95,0.8985507246376812,0.9746376811594203,True
S+R+P+F+M,200,development,223,5,0.9497757847533632,0.8968609865470852,0.9730941704035875,True
S+R+P+F+M,200,locked_test,53,5,0.9509433962264151,0.9056603773584906,0.9811320754716981,True
S+R+P+F+M,25,all_eligible,276,5,0.8717391304347826,0.5833333333333334,0.9746376811594203,True
S+R+P+F+M,25,development,223,5,0.873542600896861,0.5919282511210763,0.9730941704035875,True
S+R+P+F+M,25,locked_test,53,5,0.8641509433962264,0.5471698113207547,1.0,True
S+R+P+F+M,50,all_eligible,276,5,0.8253623188405798,0.6847826086956522,0.9492753623188406,True
S+R+P+F+M,50,development,223,5,0.8242152466367713,0.6905829596412556,0.9461883408071748,True
S+R+P+F+M,50,locked_test,53,5,0.8301886792452831,0.660377358490566,0.9622641509433962,True
S+R+P+F+M,all,all_eligible,276,5,0.9376811594202898,0.8985507246376812,0.9601449275362319,True
S+R+P+F+M,all,development,223,5,0.9390134529147982,0.8968609865470852,0.9641255605381166,True
S+R+P+F+M,all,locked_test,53,5,0.9320754716981132,0.9056603773584906,0.9622641509433962,True
S+R+P+H,100,all_eligible,276,5,0.9434782608695652,0.9021739130434783,0.9746376811594203,False
S+R+P+H,100,development,223,5,0.9417040358744395,0.9013452914798207,0.968609865470852,False
S+R+P+H,100,locked_test,53,5,0.9509433962264151,0.9056603773584906,1.0,False
S+R+P+H,200,all_eligible,276,5,0.9492753623188406,0.9130434782608695,0.9818840579710145,False
S+R+P+H,200,development,223,5,0.9452914798206278,0.9103139013452914,0.9775784753363229,False
S+R+P+H,200,locked_test,53,5,0.9660377358490566,0.9245283018867925,1.0,False
S+R+P+H,25,all_eligible,276,5,0.9376811594202898,0.8188405797101449,0.9746376811594203,False
S+R+P+H,25,development,223,5,0.9345291479820628,0.8071748878923767,0.9730941704035875,False
S+R+P+H,25,locked_test,53,5,0.9509433962264151,0.8679245283018868,0.9811320754716981,False
S+R+P+H,50,all_eligible,276,5,0.9565217391304348,0.9311594202898551,0.9818840579710145,False
S+R+P+H,50,development,223,5,0.9587443946188341,0.9372197309417041,0.9775784753363229,False
S+R+P+H,50,locked_test,53,5,0.9471698113207547,0.9056603773584906,1.0,False
S+R+P+H,all,all_eligible,276,5,0.9449275362318841,0.9130434782608695,0.967391304347826,False
S+R+P+H,all,development,223,5,0.9408071748878923,0.9103139013452914,0.9641255605381166,False
S+R+P+H,all,locked_test,53,5,0.9622641509433962,0.9245283018867925,0.9811320754716981,False
S+R+P+H+M,100,all_eligible,276,5,0.9123188405797101,0.8623188405797102,0.9565217391304348,True
S+R+P+H+M,100,development,223,5,0.9112107623318386,0.8609865470852018,0.9506726457399103,True
S+R+P+H+M,100,locked_test,53,5,0.9169811320754717,0.8679245283018868,0.9811320754716981,True
S+R+P+H+M,200,all_eligible,276,5,0.9311594202898551,0.8876811594202898,0.9710144927536232,True
S+R+P+H+M,200,development,223,5,0.9309417040358744,0.8878923766816144,0.968609865470852,True
S+R+P+H+M,200,locked_test,53,5,0.9320754716981132,0.8867924528301887,0.9811320754716981,True
S+R+P+H+M,25,all_eligible,276,5,0.8442028985507246,0.6304347826086957,0.9202898550724637,True
S+R+P+H+M,25,development,223,5,0.842152466367713,0.6278026905829597,0.9147982062780269,True
S+R+P+H+M,25,locked_test,53,5,0.8528301886792453,0.6415094339622641,0.9433962264150944,True
S+R+P+H+M,50,all_eligible,276,5,0.9115942028985508,0.8659420289855072,0.9528985507246377,True
S+R+P+H+M,50,development,223,5,0.9130044843049328,0.8699551569506726,0.9506726457399103,True
S+R+P+H+M,50,locked_test,53,5,0.9056603773584906,0.8490566037735849,0.9622641509433962,True
S+R+P+H+M,all,all_eligible,276,5,0.9166666666666666,0.8768115942028986,0.9456521739130435,True
S+R+P+H+M,all,development,223,5,0.9156950672645741,0.8834080717488789,0.9417040358744395,True
S+R+P+H+M,all,locked_test,53,5,0.9207547169811321,0.8490566037735849,0.9622641509433962,True
S+R+P+M,100,all_eligible,276,5,0.8920289855072464,0.8297101449275363,0.9456521739130435,True
S+R+P+M,100,development,223,5,0.8968609865470852,0.8475336322869955,0.9417040358744395,True
S+R+P+M,100,locked_test,53,5,0.8716981132075472,0.7547169811320755,0.9622641509433962,True
S+R+P+M,200,all_eligible,276,5,0.9268115942028985,0.8876811594202898,0.9637681159420289,True
S+R+P+M,200,development,223,5,0.9219730941704036,0.8878923766816144,0.9551569506726457,True
S+R+P+M,200,locked_test,53,5,0.9471698113207547,0.8867924528301887,1.0,True
S+R+P+M,25,all_eligible,276,5,0.8594202898550725,0.6304347826086957,0.9565217391304348,True
S+R+P+M,25,development,223,5,0.8556053811659192,0.6233183856502242,0.9551569506726457,True
S+R+P+M,25,locked_test,53,5,0.8754716981132076,0.660377358490566,0.9622641509433962,True
S+R+P+M,50,all_eligible,276,5,0.9065217391304348,0.8442028985507246,0.9565217391304348,True
S+R+P+M,50,development,223,5,0.9067264573991032,0.852017937219731,0.9461883408071748,True
S+R+P+M,50,locked_test,53,5,0.9056603773584906,0.8113207547169812,1.0,True
S+R+P+M,all,all_eligible,276,5,0.9260869565217391,0.894927536231884,0.9528985507246377,True
S+R+P+M,all,development,223,5,0.9237668161434978,0.9013452914798207,0.9461883408071748,True
S+R+P+M,all,locked_test,53,5,0.9358490566037736,0.8679245283018868,0.9811320754716981,True
