id,label,source_group,role,group_id,component_id,duration_view_s,native_sample_rate_hz,input_sha256
ai_acestep_muse_cn_suno_cn_000107_1,1,ACE-Step,development,muse:suno_cn_000107,component_000001,30,48000,f1ad9adb85b9b6093784bb2f0e69bffdbe344393e67d94e4b61be72761971d6b
ai_acestep_muse_cn_suno_cn_000134_1,1,ACE-Step,development,muse:suno_cn_000134,component_000002,30,48000,be18479b59e57d6ef1f2139fb06c774b7cd53502e73eb510d663aad88b45ef5a
ai_acestep_muse_cn_suno_cn_000268_1,1,ACE-Step,development,muse:suno_cn_000268,component_000004,30,48000,cc96d5edfff0bf821cda247f981624d27436c9e7008d01c9e49e8438cc3263bb
ai_acestep_muse_cn_suno_cn_000394_1,1,ACE-Step,development,muse:suno_cn_000394,component_000005,30,48000,14592376deca4f5a37d18d37028b13f4e6317d21fc584c33ffa37f3852d23a40
ai_acestep_muse_cn_suno_cn_000484_0,1,ACE-Step,development,muse:suno_cn_000484,component_000006,30,48000,d2ac3bc11179a8de7303cffc0cd7c68ef5c0fdfe24aed7ec6e1f41794866f15b
ai_acestep_muse_cn_suno_cn_000585_1,1,ACE-Step,development,muse:suno_cn_000585,component_000007,30,48000,d8655adc8fa6e7a6481fdbd093eb9f5c76b42e0d5dc0bd3efc64d94fe0ef8304
ai_acestep_muse_cn_suno_cn_000676_0,1,ACE-Step,development,muse:suno_cn_000676,component_000008,30,48000,169b1a9965993f8e59cf539be445c220ad93373e2f09b7be353b4e95698c7df6
ai_acestep_muse_cn_suno_cn_000679_1,1,ACE-Step,development,muse:suno_cn_000679,component_000009,30,48000,898bbe6bc7f3d6bb3ff61b1c1994d8ef3217f00164daf2e0ce39704a5ec0624f
ai_acestep_muse_cn_suno_cn_000887_1,1,ACE-Step,development,muse:suno_cn_000887,component_000011,30,48000,156472a9c9b1b5e71aa695540c19de377c1b20bc5afbbfd612196d9393839bb6
ai_acestep_muse_cn_suno_cn_000896_0,1,ACE-Step,development,muse:suno_cn_000896,component_000012,30,48000,bc260254cb8b4671a9a2d810008816f96d2a57d659919d61287a88ef89680c56
ai_acestep_muse_cn_suno_cn_000955_0,1,ACE-Step,development,muse:suno_cn_000955,component_000014,30,48000,248dc3e34b39828c78bd0f68c431b5fbaa52d7790ad93688c828cea82d103d70
ai_acestep_muse_cn_suno_cn_001149_0,1,ACE-Step,development,muse:suno_cn_001149,component_000016,30,48000,5a6cbb36d08f07f5456f8ca628fff33a98a17b2b485c763da3e68bf85905cc8e
ai_acestep_muse_cn_suno_cn_001191_0,1,ACE-Step,development,muse:suno_cn_001191,component_000017,30,48000,3215e4d765df291bd3362d1383a78cdde62b63cdcc658e4fab4ed5310658ebc9
ai_acestep_muse_cn_suno_cn_001270_0,1,ACE-Step,development,muse:suno_cn_001270,component_000019,30,48000,722028d23f538e0581a31f999ce7387ce2ef6623aad60ff4b499a69d776793db
ai_acestep_muse_cn_suno_cn_001353_1,1,ACE-Step,development,muse:suno_cn_001353,component_000020,30,48000,adf0a9df5f20f724900bee949d450b69d4a4f1a9952c051878a6027335945df1
ai_acestep_muse_cn_suno_cn_001668_0,1,ACE-Step,development,muse:suno_cn_001668,component_000021,30,48000,3cb95b6b4167acbcff82967b27b36231a471d6be020d4471c8ce63218bb31bcd
ai_acestep_muse_cn_suno_cn_001690_1,1,ACE-Step,development,muse:suno_cn_001690,component_000022,30,48000,31dafa872b591dc3d054434f9b5ecf4d98af5f403d9246c82ece0642db5eecd0
ai_acestep_muse_cn_suno_cn_001808_0,1,ACE-Step,development,muse:suno_cn_001808,component_000023,30,48000,5384e2aeef25f89690ec9e61b4e48052d88fdb1fbf46b9369339296fefac45ad
ai_acestep_muse_cn_suno_cn_002120_0,1,ACE-Step,development,muse:suno_cn_002120,component_000025,30,48000,2486a1b4d2c2d3fa41b7ec9decbe24081dbd479e734e17d285b54ab23ff13812
ai_acestep_muse_cn_suno_cn_002130_1,1,ACE-Step,development,muse:suno_cn_002130,component_000026,30,48000,dd71111e10cadc2d0f94312a74475a5edc227eb9c9e7bf9d0e5e09d7c32c9495
ai_acestep_muse_cn_suno_cn_002202_0,1,ACE-Step,development,muse:suno_cn_002202,component_000027,30,48000,d79476fecf9ea78e5a802471283ce77612c02c56fbbf83422bf2e11de74e2100
ai_acestep_muse_cn_suno_cn_002228_0,1,ACE-Step,development,muse:suno_cn_002228,component_000028,30,48000,233cb49d31ab6a056070a15147f0ba7781232043c3529ca7fe835d7b28164a1b
ai_acestep_muse_cn_suno_cn_002440_1,1,ACE-Step,development,muse:suno_cn_002440,component_000029,30,48000,2b190bb276a5e3ca8748d60cccd7d1ea5370be31f531838bfb04e034f666d644
ai_acestep_muse_cn_suno_cn_002516_1,1,ACE-Step,development,muse:suno_cn_002516,component_000030,30,48000,59bf815fce54a555981e0335fc6020c1fca1229cb0049891e0a30ae1def7ab68
ai_acestep_muse_cn_suno_cn_002551_0,1,ACE-Step,development,muse:suno_cn_002551,component_000031,30,48000,c758f50ed6f64d8f4b6c4fb9a1abdbd61cb7385d85c7a596f37f15f90eb20679
ai_acestep_muse_cn_suno_cn_002585_1,1,ACE-Step,development,muse:suno_cn_002585,component_000032,30,48000,28cf8af87f752e6d1a918715b1eb23507813411e90e2e3c381136f96ff5be31d
ai_acestep_muse_cn_suno_cn_002619_1,1,ACE-Step,development,muse:suno_cn_002619,component_000033,30,48000,fa63a2d79819aab9ab85bf21213c3d284cd1f6191f90b5d3ce0462abd6dc6987
ai_acestep_muse_cn_suno_cn_002660_0,1,ACE-Step,development,muse:suno_cn_002660,component_000034,30,48000,bbfda2daf075f432d51481a1e3430c2954712ad16c89a6ebe055c99ba163d22f
ai_acestep_muse_cn_suno_cn_002718_0,1,ACE-Step,development,muse:suno_cn_002718,component_000035,30,48000,f21ef0e156f40389b83861e08c926fd4798febb7c07eba9b87e290c08f78d924
ai_acestep_muse_cn_suno_cn_002840_0,1,ACE-Step,development,muse:suno_cn_002840,component_000036,30,48000,f148729b2c39c3ff2440af912ce25f6ae698216a9cc91684855fb781219e5241
ai_acestep_muse_cn_suno_cn_002958_0,1,ACE-Step,development,muse:suno_cn_002958,component_000037,30,48000,96b0ec4e87075ae42e7491b27460221545d80a522d2d65021f8b57dd50e8a1b4
ai_acestep_muse_cn_suno_cn_003042_0,1,ACE-Step,development,muse:suno_cn_003042,component_000038,30,48000,54a6366bfa0b706fca0485271f77810eae83ac38a65172c106b5cd7e0cde6be5
ai_acestep_muse_cn_suno_cn_003067_1,1,ACE-Step,development,muse:suno_cn_003067,component_000039,30,48000,36934e655b10e6e719b58d17a39d707dc72989a211276ef07021998d30314490
ai_acestep_muse_cn_suno_cn_003137_1,1,ACE-Step,development,muse:suno_cn_003137,component_000041,30,48000,6e7ff97dc3553e2e97a872e0a756cea9bac5d3380bb3478ab16ae036548ee841
ai_acestep_muse_cn_suno_cn_003251_0,1,ACE-Step,development,muse:suno_cn_003251,component_000042,30,48000,95e44fafe7e3e26371cc3cd4f2b7eaf7b86fc208c41c180c2d64556f0989e174
ai_acestep_muse_cn_suno_cn_003275_1,1,ACE-Step,development,muse:suno_cn_003275,component_000043,30,48000,d2c9882cb72db2206bb33aeae7344b29d2f7233075157433b8aac4ab56ccfe21
ai_acestep_muse_cn_suno_cn_003278_1,1,ACE-Step,development,muse:suno_cn_003278,component_000044,30,48000,0ccfef83586147559573fe68b3d02cfb82a5877d0a03405f276e03bb4ab12efb
ai_acestep_muse_cn_suno_cn_003299_0,1,ACE-Step,development,muse:suno_cn_003299,component_000045,30,48000,74eabdcc708fe37d911c8d313b0110fb3cb761d858d9895ce81d96aebeb69f59
ai_acestep_muse_cn_suno_cn_003559_0,1,ACE-Step,development,muse:suno_cn_003559,component_000046,30,48000,85db61e40de939523b5858991a0122f8203c950ab17cdeede13ca23e83514adc
ai_acestep_muse_cn_suno_cn_003766_1,1,ACE-Step,development,muse:suno_cn_003766,component_000047,30,48000,482d664ea9a0ce43619855d51226a1cc771b6da765ec8de667497ef05197cd03
ai_acestep_muse_cn_suno_cn_003884_0,1,ACE-Step,development,muse:suno_cn_003884,component_000048,30,48000,3acde8116f7a22e76fcd9da167099f74423a5b89351504e0eb116929b09ae1c0
ai_acestep_muse_cn_suno_cn_003983_0,1,ACE-Step,development,muse:suno_cn_003983,component_000049,30,48000,46cd44f145e21b7f0a2bfc54fc2e8d1cab7e15547b3e57f75aacfcb9899c7388
ai_acestep_muse_cn_suno_cn_004044_0,1,ACE-Step,development,muse:suno_cn_004044,component_000050,30,48000,eb43ed88c30189655117fcfa627c5114329fd8b2e3e9257e53211438824238eb
ai_acestep_muse_cn_suno_cn_004068_1,1,ACE-Step,development,muse:suno_cn_004068,component_000051,30,48000,faa9ac705b35d0ac25898e8b9ca9df64d0f042090eaf1fae1a654a0fd3c57553
ai_acestep_muse_cn_suno_cn_004138_0,1,ACE-Step,development,muse:suno_cn_004138,component_000052,30,48000,38f466065abc2f142d1d376656113efa951917115439035a6ac80a910144fdf7
ai_acestep_muse_cn_suno_cn_004405_1,1,ACE-Step,development,muse:suno_cn_004405,component_000053,30,48000,fa07b0d814da7e497961a69e6832de3f15290e8b92ef3c6fcb710db4576be881
ai_acestep_muse_cn_suno_cn_004485_1,1,ACE-Step,development,muse:suno_cn_004485,component_000054,30,48000,1296f1af9900bd0d03c0a0eaaeb810e5c4e8fda0259542c1b458e3dc82358682
ai_acestep_muse_cn_suno_cn_004770_0,1,ACE-Step,development,muse:suno_cn_004770,component_000055,30,48000,4c4a72e13d22279a6992f1de2393c43973a8153c29afd214888b592453cb8b20
ai_acestep_muse_cn_suno_cn_004806_1,1,ACE-Step,development,muse:suno_cn_004806,component_000056,30,48000,ba19246e9bafccd229ab77cd1ebd358860fca8aa3b13e7ff3e910dfbd974deb3
ai_acestep_muse_cn_suno_cn_004936_1,1,ACE-Step,development,muse:suno_cn_004936,component_000057,30,48000,3feff8698af67eaebf0ba2a743306629edb3dccc0c8054ee08d7d913867c4296
ai_acestep_muse_cn_suno_cn_005005_1,1,ACE-Step,development,muse:suno_cn_005005,component_000058,30,48000,164f0f288df7f72338415858741a648d51491d61839a427fdab4c1b8dc71dcfa
ai_acestep_muse_cn_suno_cn_005164_1,1,ACE-Step,development,muse:suno_cn_005164,component_000059,30,48000,48e65f51dab369ca6d6a1cee096bd08a6840575ae52a4a1bfe91abf034d472ca
ai_acestep_muse_cn_suno_cn_005322_1,1,ACE-Step,development,muse:suno_cn_005322,component_000060,30,48000,49c8413beb090dffcc71126e235992f03b3ac53973084943d102ab90c3e986ab
ai_acestep_muse_cn_suno_cn_005324_0,1,ACE-Step,development,muse:suno_cn_005324,component_000061,30,48000,3040c28c9069a9b0ff41dfcb078787bcafdcd743470026e07e29c75b1ea3f134
ai_acestep_muse_cn_suno_cn_005351_0,1,ACE-Step,development,muse:suno_cn_005351,component_000062,30,48000,5ab6f4a65eeb23e21716a3d506edd74bc6cd7e17e5d69102c0104a0438a79b9f
ai_acestep_muse_cn_suno_cn_005459_0,1,ACE-Step,development,muse:suno_cn_005459,component_000064,30,48000,bb778504ef0d1f8c58ad8de4ac57fe3b151384a358aa78f26c34939e1fe5b6a5
ai_acestep_muse_cn_suno_cn_005537_1,1,ACE-Step,development,muse:suno_cn_005537,component_000065,30,48000,65b40053eb64d0faf6401301bcfd6191ac82d1ba6f4efa73e4502251e59d6de5
ai_acestep_muse_cn_suno_cn_005597_1,1,ACE-Step,development,muse:suno_cn_005597,component_000066,30,48000,028c35432bbbe74de3ebdf8228e793dd1167f02941be21cb7f867a9c083cb70e
ai_acestep_muse_cn_suno_cn_005832_0,1,ACE-Step,development,muse:suno_cn_005832,component_000067,30,48000,c6ec9bb46eeae564ef85b93a2503edce552a91b539684c455ca99d0d53b5e37e
ai_acestep_muse_cn_suno_cn_005841_1,1,ACE-Step,development,muse:suno_cn_005841,component_000068,30,48000,7b8391b3d33c443781cc37a9bf66004194e92d733c0e11089cf4496633e24b60
ai_acestep_muse_cn_suno_cn_005844_0,1,ACE-Step,development,muse:suno_cn_005844,component_000069,30,48000,27786869ed9631e638a0fb6f709ff07b971213c8a2e6de34db3a4ec8ba64b752
ai_acestep_muse_cn_suno_cn_005879_0,1,ACE-Step,development,muse:suno_cn_005879,component_000070,30,48000,76430bb9111dd95c93b100d60ed6aaaca4758306853352c26a49c9e8674088e0
ai_acestep_muse_cn_suno_cn_006023_1,1,ACE-Step,development,muse:suno_cn_006023,component_000072,30,48000,8639e9b5cae7751aacf541371dfec97ca22fc466a83ba61f8ed5fadbbb07e5c6
ai_acestep_muse_cn_suno_cn_006047_0,1,ACE-Step,development,muse:suno_cn_006047,component_000073,30,48000,725ecc299fc2e4a4a08c9f7bdb72cc2161c3ee3d3d789e75f563576550ba1f9d
ai_acestep_muse_cn_suno_cn_006115_0,1,ACE-Step,development,muse:suno_cn_006115,component_000074,30,48000,a9a9f4ed343a03eb91afb2e988f581b0c48cdfd075e0dacecfafe196986859a0
ai_acestep_muse_cn_suno_cn_006140_0,1,ACE-Step,development,muse:suno_cn_006140,component_000075,30,48000,2ea4e55e37e072793e101c5c1fe83478cffd0905881bb4ea9b8db6108524173d
ai_acestep_muse_cn_suno_cn_006142_0,1,ACE-Step,development,muse:suno_cn_006142,component_000076,30,48000,3446b692ff0b8148395de9eaa4e477aaea0d98e77cfb5fa03e609448c57312e3
ai_acestep_muse_cn_suno_cn_006204_1,1,ACE-Step,development,muse:suno_cn_006204,component_000077,30,48000,6dde7608bcbaa74027666c623f0887dfef1f5f2d474b3588c488f5433aaac5ee
ai_acestep_muse_cn_suno_cn_006375_0,1,ACE-Step,development,muse:suno_cn_006375,component_000078,30,48000,c182f8162d58c0e253a03fa92684ba89cf22d5906fb9b2aa7166988245faf713
ai_acestep_muse_cn_suno_cn_006670_1,1,ACE-Step,development,muse:suno_cn_006670,component_000079,30,48000,260c00002b953a200c1a7d9e30404fcb9a1a96e986c0557d6a08db11855ab9dd
ai_acestep_muse_cn_suno_cn_006851_1,1,ACE-Step,development,muse:suno_cn_006851,component_000080,30,48000,1006dc21d14ad0d939ec54c69711242e012f11580d2d85975fdbc727a957dd93
ai_acestep_muse_cn_suno_cn_007242_0,1,ACE-Step,development,muse:suno_cn_007242,component_000082,30,48000,a102260b7730018c69fed6bb75e0f4f967db2a02f5afb5b57c88517e03db11bd
ai_acestep_muse_cn_suno_cn_007250_1,1,ACE-Step,development,muse:suno_cn_007250,component_000083,30,48000,aaf10e6d39a0e1a7e4ea711e9b72281f513933a991d89fc2fd4e4e6219ae7046
ai_acestep_muse_cn_suno_cn_007265_1,1,ACE-Step,development,muse:suno_cn_007265,component_000084,30,48000,66e3f629dcd15eb2212d6c8f18a00a8b576c3e6572d84d589f991e1c82891ba5
ai_acestep_muse_cn_suno_cn_007401_1,1,ACE-Step,development,muse:suno_cn_007401,component_000085,30,48000,5e4a8b4ec61ff10dc39d56fc523209a1cce33d53a22ec5924dbe746693d879fc
ai_acestep_muse_cn_suno_cn_007990_0,1,ACE-Step,development,muse:suno_cn_007990,component_000088,30,48000,5332761f7a546f4a90a7e769fd35f94cc528ceeff934a73febb33810af71e23b
ai_acestep_muse_cn_suno_cn_008405_1,1,ACE-Step,development,muse:suno_cn_008405,component_000091,30,48000,2b09ab8e4275b591fe887037d2ede01fda3a36423b1359b8f274d30ede1d004c
ai_acestep_muse_cn_suno_cn_008426_0,1,ACE-Step,development,muse:suno_cn_008426,component_000092,30,48000,4de536ed42b2bad257003b733b968aa2c0982e2cc94e5c44cc8ef6dc6007b1bd
ai_acestep_muse_cn_suno_cn_008528_0,1,ACE-Step,development,muse:suno_cn_008528,component_000093,30,48000,72905c27aaa639f351dd0452bf94c219f881f6d3ccfdff8cfe54e8552e572f1f
ai_acestep_muse_cn_suno_cn_008555_0,1,ACE-Step,development,muse:suno_cn_008555,component_000094,30,48000,775422ee3be8edd06aac09155b16ca0c35a2d696ac74cd7d482eef7e0dbbdf3d
ai_acestep_muse_cn_suno_cn_008777_0,1,ACE-Step,development,muse:suno_cn_008777,component_000096,30,48000,0ec9779eb7e3a9d6f9912bab04f3d8b95b2b9bcc651d55ae78e54d4edd3d4066
ai_acestep_muse_cn_suno_cn_009034_0,1,ACE-Step,development,muse:suno_cn_009034,component_000099,30,48000,87755fc5265b7a33917235d8d0d52ffa55a31054c49cd3e28041ba14fe883359
ai_acestep_muse_cn_suno_cn_009181_0,1,ACE-Step,development,muse:suno_cn_009181,component_000100,30,48000,d67d6971b51b3ce07a73f5f068f8d66ffcc4094980231accee990293fdc56c26
ai_acestep_muse_cn_suno_cn_009437_0,1,ACE-Step,development,muse:suno_cn_009437,component_000101,30,48000,5cd8d42732eba43b39f5f0a9fb4f5fc8655de2f1db4c8fc815cb481b15236106
ai_acestep_muse_cn_suno_cn_009521_0,1,ACE-Step,development,muse:suno_cn_009521,component_000102,30,48000,0686af11a5f8f352b53e2ed4ec41d2fd737f0ac04a56d800a041695293d1af30
ai_acestep_muse_cn_suno_cn_009697_0,1,ACE-Step,development,muse:suno_cn_009697,component_000103,30,48000,c47ee3818198973760e52a2a628d5d410c397f2a5e6ccf0860b9a7f01140ffaf
ai_acestep_muse_cn_suno_cn_009859_0,1,ACE-Step,development,muse:suno_cn_009859,component_000104,30,48000,5ca745d53e0af3250c845eefa2ae7a0dd654b12949f6106be0f8a0fcd1c79887
ai_acestep_muse_cn_suno_cn_010060_0,1,ACE-Step,development,muse:suno_cn_010060,component_000105,30,48000,c230c9db22f334ba59661e1ceaf50f6469dc5b130b170bbeb4d03fd4c9ab99c6
ai_acestep_muse_cn_suno_cn_010120_1,1,ACE-Step,development,muse:suno_cn_010120,component_000106,30,48000,ac20a00770765525c989109677b36a3d3e02cea712121ce8d002f6aaed9db382
ai_acestep_muse_cn_suno_cn_010422_0,1,ACE-Step,development,muse:suno_cn_010422,component_000108,30,48000,49a49c05794a6bf3ca0b6c55d7ddcbacf2d382f070af24c1860f6babe902c057
ai_acestep_muse_cn_suno_cn_010426_1,1,ACE-Step,development,muse:suno_cn_010426,component_000109,30,48000,54b1698472130a903f7b68cd98f4c5b5349dff16116594110e4a42fda43acc7f
ai_acestep_muse_cn_suno_cn_010468_1,1,ACE-Step,development,muse:suno_cn_010468,component_000110,30,48000,c9d3b1da18e3d79c7b6844b26bf94c9da0672536e27362b78a89fb03bf201ba1
ai_acestep_muse_cn_suno_cn_010720_0,1,ACE-Step,development,muse:suno_cn_010720,component_000111,30,48000,b6e60df3f270a3dff4f3b82dbe43d089a8df8de180667e96ffc14c7e1143ad2b
ai_acestep_muse_cn_suno_cn_010769_0,1,ACE-Step,development,muse:suno_cn_010769,component_000112,30,48000,06129f4ab4647f7e8140231dd38674b56499bd712ddcd8a83ad05239faf4f77e
ai_acestep_muse_cn_suno_cn_010854_0,1,ACE-Step,development,muse:suno_cn_010854,component_000113,30,48000,e47661724f4d9acb0dd140c116be764ab6a6531ecd5bf1f64ab12508eef28688
ai_acestep_muse_cn_suno_cn_010922_0,1,ACE-Step,development,muse:suno_cn_010922,component_000114,30,48000,13e0ca64e3d8f4f051a5ba877dfa5bfb4e7acd79c987bb830fbb314fe1007080
ai_acestep_muse_cn_suno_cn_010968_1,1,ACE-Step,development,muse:suno_cn_010968,component_000115,30,48000,d0f95e35c8bdc6ebb41ed34712b4385a4b5590310ae0b349defc7162ad511e15
ai_acestep_muse_cn_suno_cn_010976_1,1,ACE-Step,development,muse:suno_cn_010976,component_000116,30,48000,81d41685b36a80a8e3a5b9781ed1a51e361da4faae588eee518fc6a68194432f
ai_acestep_muse_cn_suno_cn_011062_1,1,ACE-Step,development,muse:suno_cn_011062,component_000117,30,48000,0104b8dcd85494653ac5c02e361f99ffa3b64f7233b6291b8680e959407bd201
ai_acestep_muse_cn_suno_cn_011091_0,1,ACE-Step,development,muse:suno_cn_011091,component_000118,30,48000,1e8d6c70a5ffe1f9f14148c14e8587b84a7340c7ae0c77e3fe81336095a52831
ai_acestep_muse_cn_suno_cn_011204_1,1,ACE-Step,development,muse:suno_cn_011204,component_000120,30,48000,fef888d7a21c0edd7f675a2c3ccc3b194222b46bf7376d4566cb9c0188900e20
ai_acestep_muse_cn_suno_cn_011565_0,1,ACE-Step,development,muse:suno_cn_011565,component_000123,30,48000,d79979f1d01fafbc62c81a0143bfdf4d210647680c1ee31e5cb23143ea04d97b
ai_acestep_muse_cn_suno_cn_011610_0,1,ACE-Step,development,muse:suno_cn_011610,component_000124,30,48000,f6006b489a86b0ae20b19ec329a06e6e330b2a90bfa1641fe7a198992d3b28c8
ai_acestep_muse_cn_suno_cn_011638_1,1,ACE-Step,development,muse:suno_cn_011638,component_000125,30,48000,6faf340230a758e9808816bbdbecd1df23a07d0711d38aa54f9a9a5415d31d37
ai_acestep_muse_cn_suno_cn_011869_0,1,ACE-Step,development,muse:suno_cn_011869,component_000127,30,48000,57cd415b09a8c064cc5f66764def84698e60298d3ec9d18b45e1015edb93ef6e
ai_acestep_muse_cn_suno_cn_012107_1,1,ACE-Step,development,muse:suno_cn_012107,component_000129,30,48000,0d7d8d1fb65112b3d2de3e4a6e6d31f99ace676694e149c129a12787888978c8
ai_acestep_muse_cn_suno_cn_012177_0,1,ACE-Step,development,muse:suno_cn_012177,component_000130,30,48000,a9d4aef182cc6fbc821fee658815b46f6430fcc01f23cea001e6b2a4ebf26c09
ai_acestep_muse_cn_suno_cn_012498_0,1,ACE-Step,development,muse:suno_cn_012498,component_000132,30,48000,e1c489a720501ee14d51992e189bf9fea2eb664d7cd29fdd0e33731eb7b1e7b3
ai_acestep_muse_cn_suno_cn_012705_0,1,ACE-Step,development,muse:suno_cn_012705,component_000134,30,48000,8d3e88763c6e0aecb233be99a018ad2afc146c4be7126be9c85bef5fbe09296d
ai_acestep_muse_cn_suno_cn_012899_1,1,ACE-Step,development,muse:suno_cn_012899,component_000135,30,48000,b40d6e1a099157b05c4bb6be72215b43b22c63a66b936d42d9c3541771907bde
ai_acestep_muse_cn_suno_cn_012967_1,1,ACE-Step,development,muse:suno_cn_012967,component_000136,30,48000,15ad2b1bb14d020802f20d699b366d4dd9b7f81651dffb0b7eeb4ee99e9bd63a
ai_acestep_muse_cn_suno_cn_013167_0,1,ACE-Step,development,muse:suno_cn_013167,component_000137,30,48000,e02643b77d775844aae869a19e7aaf44a675f559876071d9d040dbe673e14827
ai_acestep_muse_cn_suno_cn_013206_0,1,ACE-Step,development,muse:suno_cn_013206,component_000138,30,48000,c60e2018d84c67ca797fb5b86590649308bd3fa9d1077139e4d0a57c40caf8b7
ai_acestep_muse_cn_suno_cn_013209_1,1,ACE-Step,development,muse:suno_cn_013209,component_000139,30,48000,1177c90cef868039bc609413286bcb7f5fe9b4cbc5ecefd866a34259a1ce4f92
ai_acestep_muse_cn_suno_cn_013771_1,1,ACE-Step,development,muse:suno_cn_013771,component_000143,30,48000,3cbce509695e5064193fe7fef6de442de1425b8b53935a093b2a9623b97b224d
ai_acestep_muse_cn_suno_cn_013851_1,1,ACE-Step,development,muse:suno_cn_013851,component_000144,30,48000,60420c28440766a4e4d1751fe2fe72c84c15ae88090832e5baa9929a4f5f39dd
ai_acestep_muse_cn_suno_cn_014378_1,1,ACE-Step,development,muse:suno_cn_014378,component_000146,30,48000,5f17d3bc92bc025f900115557a7669d34fda887998dcb8ea67b30581c4a5d425
ai_acestep_muse_cn_suno_cn_014516_1,1,ACE-Step,development,muse:suno_cn_014516,component_000148,30,48000,46202bade1de08cf1a42cb2b430e8a39abd1d1a4f1119fbfcbe8ae2a80fd39c7
ai_acestep_muse_cn_suno_cn_014692_0,1,ACE-Step,development,muse:suno_cn_014692,component_000149,30,48000,e23daf93a1cf3e6b5b3322e3e3451be9d8b4132a860425596f5173af69f173dd
ai_acestep_muse_cn_suno_cn_014722_0,1,ACE-Step,development,muse:suno_cn_014722,component_000150,30,48000,2a991e730b6cc01be945534e679c6aa537a1da752c694d638122e85365ed8b25
ai_acestep_muse_cn_suno_cn_014780_1,1,ACE-Step,development,muse:suno_cn_014780,component_000151,30,48000,f97ceede785e393eefbb51848aeb424e14d04616f4d38152e330e485e9f5b78e
ai_acestep_muse_cn_suno_cn_014976_0,1,ACE-Step,development,muse:suno_cn_014976,component_000153,30,48000,ea899d543a04fa687dec0bbe91a35fafb99f98c48b52552c5b079adb0f0d7aa3
ai_acestep_muse_cn_suno_cn_015187_1,1,ACE-Step,development,muse:suno_cn_015187,component_000155,30,48000,137f961a20b8556bfe6ed2f11155d3d30817b992f558f689acc44ec9a55b5e77
ai_acestep_muse_cn_suno_cn_015622_0,1,ACE-Step,development,muse:suno_cn_015622,component_000156,30,48000,37356e621dcd100695c56e94329b5c74b19ecc7945881b5fda8d2211ed23d7bd
ai_acestep_muse_cn_suno_cn_015652_0,1,ACE-Step,development,muse:suno_cn_015652,component_000157,30,48000,0a9c95653730ecfdb0c171c85f9c30d3146947c0314ade7c8fd38054ff25125f
ai_acestep_muse_cn_suno_cn_015840_1,1,ACE-Step,development,muse:suno_cn_015840,component_000158,30,48000,ae45da4bdb1c721b6fd20820870e4e68f589628ed13d01eed4da63e70fad6f68
ai_acestep_muse_cn_suno_cn_015869_0,1,ACE-Step,development,muse:suno_cn_015869,component_000159,30,48000,f2a44aec583da314123992e8e779d9b7d8aec451e7ae90809e0d9591953425c7
ai_acestep_muse_cn_suno_cn_015906_0,1,ACE-Step,development,muse:suno_cn_015906,component_000160,30,48000,b5a1053dc3e033b1975369f31abf6d5f289baacf7865e3387c77d7cec6a13b3c
ai_acestep_muse_cn_suno_cn_016011_0,1,ACE-Step,development,muse:suno_cn_016011,component_000161,30,48000,8ff49398f33e79677e22dc214d667a76d89c80ca3d5079f1643af5d95c03f7a0
ai_acestep_muse_cn_suno_cn_016186_1,1,ACE-Step,development,muse:suno_cn_016186,component_000162,30,48000,6feb58b96148093801d9fa82d7b243c56f3d78cfa0b9dc2e3d09072b1a12d11a
ai_acestep_muse_cn_suno_cn_016201_1,1,ACE-Step,development,muse:suno_cn_016201,component_000163,30,48000,4239463133bca0441b5ffe8a6f69390d43a3887d31edb375b68af4a6151eb3dd
ai_acestep_muse_cn_suno_cn_016541_1,1,ACE-Step,development,muse:suno_cn_016541,component_000164,30,48000,b20aa115f5f2607705084480e83317a7ef4cb69e25f4112e22eb31f854c0b296
ai_acestep_muse_cn_suno_cn_016564_1,1,ACE-Step,development,muse:suno_cn_016564,component_000165,30,48000,31394e09ee7cba3989c190cb866be9885757bc10bd9e95925044118ef510ad43
ai_acestep_muse_cn_suno_cn_017217_1,1,ACE-Step,development,muse:suno_cn_017217,component_000167,30,48000,51b611166b6857ed23f1ed8ba47a9ac6065f8f71eeba9e22b3ef36cd39cd74d0
ai_acestep_muse_cn_suno_cn_017343_0,1,ACE-Step,development,muse:suno_cn_017343,component_000170,30,48000,e86949c2d6b6cbfd2f8670caaaa4d151cde3e3aa85e88af56cbc0449726c438e
ai_acestep_muse_cn_suno_cn_017373_0,1,ACE-Step,development,muse:suno_cn_017373,component_000171,30,48000,617ebbb83d6158c688094b8cb84c5640f27b8bff7000f332e3d4abb5ba8e5bec
ai_acestep_muse_cn_suno_cn_017486_0,1,ACE-Step,development,muse:suno_cn_017486,component_000172,30,48000,4265ca9944290a6016a407f6b498d9121bf935b2f65cbaf2543cdaf5690cdcbf
ai_acestep_muse_cn_suno_cn_017531_0,1,ACE-Step,development,muse:suno_cn_017531,component_000173,30,48000,3a748a107e23ecde3882ff30de402dda85e1eeb81234f8fa0589bff11944ba25
ai_acestep_muse_cn_suno_cn_017645_1,1,ACE-Step,development,muse:suno_cn_017645,component_000175,30,48000,c6f5af3c67b9fd02120205aa732e91644d7c0ab646bc89f72dfcb393c7351515
ai_acestep_muse_cn_suno_cn_017803_1,1,ACE-Step,development,muse:suno_cn_017803,component_000177,30,48000,53d1b1aea3bd1cc98ffc1a4730f92fd3dd024c8b6536d2335b3ff91158842053
ai_acestep_muse_cn_suno_cn_017832_1,1,ACE-Step,development,muse:suno_cn_017832,component_000178,30,48000,6c32a2911d14ea0495427224442294231cd5bf1a6af4e871afa24ab71d387694
ai_acestep_muse_cn_suno_cn_017956_1,1,ACE-Step,development,muse:suno_cn_017956,component_000179,30,48000,900c8b68f933cb51b14672e0b40255db55964fd5a1f5fe9054bf078188f1ec5d
ai_acestep_muse_cn_suno_cn_017992_0,1,ACE-Step,development,muse:suno_cn_017992,component_000180,30,48000,59b68bd540900e486a6c1aa0d801f9475043a973c32d33ddaeebd4dd88816e2c
ai_acestep_muse_cn_suno_cn_018057_0,1,ACE-Step,development,muse:suno_cn_018057,component_000181,30,48000,c27ceae7e04aeb854d60fe946b0d7e8c5523e763511a52260e3a3ecf68353475
ai_acestep_muse_cn_suno_cn_018338_1,1,ACE-Step,development,muse:suno_cn_018338,component_000182,30,48000,3a084a75d5ad0466cdea9419651b3a054028057dfd212fc5ba6e5b4fa42bd72d
ai_acestep_muse_cn_suno_cn_018558_1,1,ACE-Step,development,muse:suno_cn_018558,component_000183,30,48000,4f2b7788c079d89cbe98471a324d13bd285ecb4b6a1dc1ba9f2b7dc3f1781aea
ai_acestep_muse_cn_suno_cn_018563_0,1,ACE-Step,development,muse:suno_cn_018563,component_000184,30,48000,0b1dd180a8bcfbf62d8b2abaedd763a5a39b1bc9d4c5719ad1f5fa788a26d043
ai_acestep_muse_cn_suno_cn_018634_1,1,ACE-Step,development,muse:suno_cn_018634,component_000185,30,48000,86f73636c56580c94e33290c6add4244af9ae36a8716305181cad2eccbbaa7d9
ai_acestep_muse_cn_suno_cn_018814_1,1,ACE-Step,development,muse:suno_cn_018814,component_000187,30,48000,a0a33a7a03296603e6f15532150bbadd34fe2c0940f97623949ef5b7384ac83d
ai_acestep_muse_cn_suno_cn_019033_1,1,ACE-Step,development,muse:suno_cn_019033,component_000188,30,48000,e498e9aa33d9cd2762d0aeec2cdb5fbae06c3f4e695768e92f695e586642200f
ai_acestep_muse_cn_suno_cn_019084_0,1,ACE-Step,development,muse:suno_cn_019084,component_000190,30,48000,a53238f638e032e0be4f205e77e34227b5da66cb1456bd8d1af2eab50be2f756
ai_acestep_muse_cn_suno_cn_019155_0,1,ACE-Step,development,muse:suno_cn_019155,component_000191,30,48000,55dbca7a2ef4bd7ade69e6b8799256d48dfa6b111cfb2911a844d33c52eb762c
ai_acestep_muse_cn_suno_cn_019557_1,1,ACE-Step,development,muse:suno_cn_019557,component_000192,30,48000,90b0246bb3050a74071f217a4b2f14442747289cc8869b041878b921f4cbbad5
ai_acestep_muse_cn_suno_cn_019593_0,1,ACE-Step,development,muse:suno_cn_019593,component_000193,30,48000,f87b7b41621756e33a99c6e559589388de652a079d24f7f090b863923476a15b
ai_acestep_muse_cn_suno_cn_019618_0,1,ACE-Step,development,muse:suno_cn_019618,component_000194,30,48000,71e6baf2ef522c3da9e296d20bc994cb7d8f78006f84d09a88022ce1614d0a25
ai_acestep_muse_cn_suno_cn_019709_1,1,ACE-Step,development,muse:suno_cn_019709,component_000195,30,48000,e0837f6549c0818a20f98b41d6cf3dabc41f6f0978547185b7486f39cd065391
ai_acestep_muse_cn_suno_cn_019962_1,1,ACE-Step,development,muse:suno_cn_019962,component_000198,30,48000,5580d30a2207e1766697ec09e9ee3f0f6a4b613bbdfc7d2a620145a28ac60a4f
ai_acestep_muse_cn_suno_cn_020151_1,1,ACE-Step,development,muse:suno_cn_020151,component_000200,30,48000,7d47af219157da33066b3bd445d2d20deb08716d2e8040b2e4fa16ecd647856a
ai_acestep_muse_cn_suno_cn_020176_0,1,ACE-Step,development,muse:suno_cn_020176,component_000201,30,48000,5eb074290aba98870e18cbf91274470e48d59df52961251c691cf11bce3d8421
ai_acestep_muse_cn_suno_cn_020583_0,1,ACE-Step,development,muse:suno_cn_020583,component_000204,30,48000,f859c2b9cf9f22be91529526fd038ee9069e82b593c0ea07a153fdc247f1fee6
ai_acestep_muse_cn_suno_cn_020622_1,1,ACE-Step,development,muse:suno_cn_020622,component_000206,30,48000,ee8aad18c16f72389ecbc95f9a5669579eb2ae5178fe778f6b20b8abf681dc37
ai_acestep_muse_cn_suno_cn_020623_0,1,ACE-Step,development,muse:suno_cn_020623,component_000207,30,48000,cce155b584c24db1c2e6450468bbf333ab874b66f24981d4dfbc8250fac8da9a
ai_acestep_muse_cn_suno_cn_020838_1,1,ACE-Step,development,muse:suno_cn_020838,component_000208,30,48000,065064389416dad987ff23bd91988c7155fe6ce6d72543eb223366721152c971
ai_acestep_muse_cn_suno_cn_020854_0,1,ACE-Step,development,muse:suno_cn_020854,component_000209,30,48000,782bce0b63d535a97c898fbdbfad144715b0a61a6bdb24ac115c1eb92fbf7774
ai_acestep_muse_cn_suno_cn_020956_0,1,ACE-Step,development,muse:suno_cn_020956,component_000210,30,48000,944163b6d884bf71a79b08ad4acc160881e57f7cf3bc322ea5f0ba2f3df0a7e7
ai_acestep_muse_cn_suno_cn_020962_1,1,ACE-Step,development,muse:suno_cn_020962,component_000211,30,48000,f3ed7171da65115ee5bf15d036be89b5b0baea36002c5c3f089ba48bf374d514
ai_acestep_muse_cn_suno_cn_021072_1,1,ACE-Step,development,muse:suno_cn_021072,component_000213,30,48000,ddfff24375b3c0b2217bdae614015efa5d03eae5fbf636b3cd548ed62c504140
ai_acestep_muse_cn_suno_cn_021265_1,1,ACE-Step,development,muse:suno_cn_021265,component_000214,30,48000,2041c70955a7a3956a41eceace7e03a6f6a3649dc7286fe14a283a22ab4feaa2
ai_acestep_muse_cn_suno_cn_021396_1,1,ACE-Step,development,muse:suno_cn_021396,component_000215,30,48000,5ec466686c87844572b68c6ef03e01a327a64631795e41b891d55dd06b6e0110
ai_acestep_muse_cn_suno_cn_021599_1,1,ACE-Step,development,muse:suno_cn_021599,component_000216,30,48000,e0efc8f6e1367aacf4b07ed30cf9f54671595abdd0c3bb262e35fd7af00a6e25
ai_acestep_muse_cn_suno_cn_021662_1,1,ACE-Step,development,muse:suno_cn_021662,component_000217,30,48000,3d7520583b626b7524200ef961a60e31af4601c8db3e30d35d9071fbd3432b29
ai_acestep_muse_cn_suno_cn_021766_1,1,ACE-Step,development,muse:suno_cn_021766,component_000218,30,48000,0ea7232f8b1c39defae2ce62e2d84a75237956d4b653c176758d578da5862d5b
ai_acestep_muse_cn_suno_cn_021803_0,1,ACE-Step,development,muse:suno_cn_021803,component_000219,30,48000,80ca2c25e71abf3af9107bb5dda9e17a383b8557e5ae2307c511412a1cb32d63
ai_acestep_muse_cn_suno_cn_021942_1,1,ACE-Step,development,muse:suno_cn_021942,component_000220,30,48000,2492066c3c3dcc347e458b640534e877d2e72bda55e5ced2a10ce2e33ca715c1
ai_acestep_muse_cn_suno_cn_021964_1,1,ACE-Step,development,muse:suno_cn_021964,component_000221,30,48000,83ee6878763f96bea07b5bd1098fd78b7c43170972ea54efde8460f1265cbc07
ai_acestep_muse_cn_suno_cn_021992_0,1,ACE-Step,development,muse:suno_cn_021992,component_000222,30,48000,c3c9555ca3dc1303ca7432c808722ab4a63f4e7e0a97c59850089d66138b9f7e
ai_acestep_muse_cn_suno_cn_022781_1,1,ACE-Step,development,muse:suno_cn_022781,component_000223,30,48000,6870a02a3391376501569c51518fc43d926d58c56f7cdaefa4c689d422bb6701
ai_acestep_muse_cn_suno_cn_022963_0,1,ACE-Step,development,muse:suno_cn_022963,component_000224,30,48000,1638d4954b05f03f6fa0a9f3a3902640fff17916732ded7d3fd03ea83c366062
ai_acestep_muse_cn_suno_cn_023026_0,1,ACE-Step,development,muse:suno_cn_023026,component_000225,30,48000,fe6a880a99c77361d3a7e54071dfb2e84cb6b0bf6c46b946b5492f048dae8817
ai_acestep_muse_cn_suno_cn_023072_0,1,ACE-Step,development,muse:suno_cn_023072,component_000226,30,48000,1c606f6da45f10e3cd216a7c48a39742e2e9dae10ce054c119851bcb8071a11d
ai_acestep_muse_cn_suno_cn_023110_0,1,ACE-Step,development,muse:suno_cn_023110,component_000227,30,48000,7f583125c056f86b9da232d7e35e6a6810bec19dbbb6e58d7bdd2d32b19e92f4
ai_acestep_muse_cn_suno_cn_023220_0,1,ACE-Step,development,muse:suno_cn_023220,component_000229,30,48000,182f2177449c966d7e92410e0069479fb3f916aef8c7490ea37e6e0432085c3d
ai_acestep_muse_cn_suno_cn_023274_0,1,ACE-Step,development,muse:suno_cn_023274,component_000230,30,48000,8dfbc87ca2a03b58ca971983660ee8d0065f6e24df4f81a06450385ce33c5fea
ai_acestep_muse_cn_suno_cn_023399_0,1,ACE-Step,development,muse:suno_cn_023399,component_000231,30,48000,96ce1b50560a40878d94f727e7863d97df89039823c19bdaee6c601a1cae41f6
ai_acestep_muse_cn_suno_cn_023450_0,1,ACE-Step,development,muse:suno_cn_023450,component_000232,30,48000,5b0e6669e8ef7b8dc046d8931860b1f1b1d50e6d8c0759d2e5c921f367edcf78
ai_acestep_muse_cn_suno_cn_023486_1,1,ACE-Step,development,muse:suno_cn_023486,component_000233,30,48000,d0ee8850cf92e68a23ee7b3238429308dd64bcc503adbbc1e138434302e9ded1
ai_acestep_muse_cn_suno_cn_023805_0,1,ACE-Step,development,muse:suno_cn_023805,component_000234,30,48000,d910a00a33f01a80e3a23184a1b9a263c1d50fe49388bf21da6846d9cbea6123
ai_acestep_muse_cn_suno_cn_023829_1,1,ACE-Step,development,muse:suno_cn_023829,component_000235,30,48000,ea4f80935c95b7b3939e72655617fcd037d49088838033608a11fe8ca336cb44
ai_acestep_muse_cn_suno_cn_023885_1,1,ACE-Step,development,muse:suno_cn_023885,component_000236,30,48000,10f6c75e59d8193dffd49ac3e9ae259f671880518e4559e85efd461d3f233f48
ai_acestep_muse_cn_suno_cn_023910_1,1,ACE-Step,development,muse:suno_cn_023910,component_000237,30,48000,924b511d70d4db3ceba5a697c0887cdb98dc706cafaa1d4dbf41c50164ce0dbb
ai_acestep_muse_cn_suno_cn_023964_1,1,ACE-Step,development,muse:suno_cn_023964,component_000238,30,48000,4bb9c93968cc985ced144c624d1c332b0a53f79daf8797f8f57cef058891a0ae
ai_acestep_muse_cn_suno_cn_024218_0,1,ACE-Step,development,muse:suno_cn_024218,component_000240,30,48000,8a9739147d8ec38e99b284fac8b63dab1183a581575eb5ec74c7612f04fa6e66
ai_acestep_muse_cn_suno_cn_024242_1,1,ACE-Step,development,muse:suno_cn_024242,component_000241,30,48000,3b964db6d3d2b4a3faf6251b4e954c59394dbe869ce5c0aab8014650bdbce8ed
ai_acestep_muse_cn_suno_cn_024403_1,1,ACE-Step,development,muse:suno_cn_024403,component_000242,30,48000,e16e037f8a96fe26194dfbe2020f9241a78fc0c4afdb76203f56c0af3db8b891
ai_acestep_muse_cn_suno_cn_024482_0,1,ACE-Step,development,muse:suno_cn_024482,component_000243,30,48000,56d9eae5cefdf1dadb2b82f6bd7d6f1ea52e036c2fe41c79e49a39a4772ed80d
ai_acestep_muse_cn_suno_cn_024491_1,1,ACE-Step,development,muse:suno_cn_024491,component_000244,30,48000,39bdd18c48f7185390c8a075482922e2b67836b6545891f52ce4186f0cbd9ce4
ai_acestep_muse_cn_suno_cn_024565_0,1,ACE-Step,development,muse:suno_cn_024565,component_000245,30,48000,d1e442231ef9f1f95b2c22dca2bb61cc34f0c548c56052c535dd82b6a31a05b6
ai_acestep_muse_cn_suno_cn_024768_0,1,ACE-Step,development,muse:suno_cn_024768,component_000247,30,48000,dd3e21fd8882858696b25e3fad980f965455fb4ddd84361eedac72a765983a5d
ai_acestep_muse_cn_suno_cn_024852_1,1,ACE-Step,development,muse:suno_cn_024852,component_000248,30,48000,8b0abaa8953cfb7078e5464be9eac15d645410314a80a9d158548535faecd608
ai_acestep_muse_cn_suno_cn_024907_1,1,ACE-Step,development,muse:suno_cn_024907,component_000249,30,48000,5d49922452bebdbd7dcdd98e557c1e296bcdbeb1f7b46df740402ab05dede224
ai_acestep_muse_en_suno_en_000171_1,1,ACE-Step,development,muse:suno_en_000171,component_000251,30,48000,1b96d9fd18e98b4c4524292db78eeced9ef769206bd516d482425bb4fe3bb9ee
ai_acestep_muse_en_suno_en_000178_0,1,ACE-Step,development,muse:suno_en_000178,component_000252,30,48000,6a7db53b7b60fca62878d33184b3092aa77bdea8ca1f541021e5b25145faa980
ai_acestep_muse_en_suno_en_000234_1,1,ACE-Step,development,muse:suno_en_000234,component_000253,30,48000,a8a33efbde6867559dee54f774e8dfa67e508c4d46710a020cafb310aed1eb28
ai_acestep_muse_en_suno_en_000300_1,1,ACE-Step,development,muse:suno_en_000300,component_000254,30,48000,11babcab108b928ef63f3699aa16842dd756296604fcaa64b364d0ec07270898
ai_acestep_muse_en_suno_en_000394_1,1,ACE-Step,development,muse:suno_en_000394,component_000255,30,48000,405a73ae58cca07bf97b6506be09dac0a93f47e619a825571ece857bc8f876a6
ai_acestep_muse_en_suno_en_000542_1,1,ACE-Step,development,muse:suno_en_000542,component_000256,30,48000,161d9e7fe46387d6214db2156c30050103c59a10936a3d0a30b64bf31d817987
ai_acestep_muse_en_suno_en_000948_0,1,ACE-Step,development,muse:suno_en_000948,component_000258,30,48000,1b6599906c7f0bf1e27f081d499fc2d9c5843a2423799c3dd9adf980d724e873
ai_acestep_muse_en_suno_en_000972_1,1,ACE-Step,development,muse:suno_en_000972,component_000259,30,48000,d7c4267e58cae32ba873c5e0210fa06be6c459e59ac6e8db8b5bc0d2563d0031
ai_acestep_muse_en_suno_en_001129_0,1,ACE-Step,development,muse:suno_en_001129,component_000260,30,48000,9abaa2d46f60dec056b9594832be71b1ed762f217f9fc0bba8ab4dedab353871
ai_acestep_muse_en_suno_en_001537_0,1,ACE-Step,development,muse:suno_en_001537,component_000261,30,48000,d578a2f40bedb2251729613f5240894d004d21115cf4cdaf5cdb1031ab06b56e
ai_acestep_muse_en_suno_en_001605_1,1,ACE-Step,development,muse:suno_en_001605,component_000262,30,48000,16be8561c5b350bbb00d281bb901913307c5ffb6073f8604eefffefacdbe7f32
ai_acestep_muse_en_suno_en_001633_0,1,ACE-Step,development,muse:suno_en_001633,component_000263,30,48000,7185a9a92bb0fddda696d495a1d7587431878db66ce0ab9dbb8f031b053e1398
ai_acestep_muse_en_suno_en_001875_0,1,ACE-Step,development,muse:suno_en_001875,component_000265,30,48000,3aceed7cb22cccc9035859d6c47e440f67d9ca96db075bdd5ffff851e7529238
ai_acestep_muse_en_suno_en_001913_1,1,ACE-Step,development,muse:suno_en_001913,component_000266,30,48000,664863188562fccc15bcd2f88f0e75d56162414172abae6d5e367d05ed1aefb2
ai_acestep_muse_en_suno_en_002048_1,1,ACE-Step,development,muse:suno_en_002048,component_000267,30,48000,ff360492e6ed9015ef19649293dee9d65b024d0ed62680271faa1ec13709c05a
ai_acestep_muse_en_suno_en_002255_1,1,ACE-Step,development,muse:suno_en_002255,component_000268,30,48000,dc8f70f5d2e42a4e5946ae0f49c57ff163d92f52046b732e5b57f4839491a83f
ai_acestep_muse_en_suno_en_002426_1,1,ACE-Step,development,muse:suno_en_002426,component_000269,30,48000,3cbf0a498827b8da7c36550ccbd10bd45bd547ac918840d66817308499e703f7
ai_acestep_muse_en_suno_en_002603_1,1,ACE-Step,development,muse:suno_en_002603,component_000272,30,48000,6abe4c30d5758f3fd58c481257c6527d6a21547711567941b4e1b2d554cf522b
ai_acestep_muse_en_suno_en_002634_0,1,ACE-Step,development,muse:suno_en_002634,component_000273,30,48000,5cf679e96836ce1940ffbab9a4de4baa7ba3d7bb5803621deb79fbebe092d064
ai_acestep_muse_en_suno_en_002699_0,1,ACE-Step,development,muse:suno_en_002699,component_000274,30,48000,0979f24cf8c78402fd84a693e13d4ad7b93423e0ccf242043aa51c557a0a1cc9
ai_acestep_muse_en_suno_en_002723_1,1,ACE-Step,development,muse:suno_en_002723,component_000275,30,48000,0b345286cb8348ef498600049b485b99c99fbf4f69a2f552916a0e476f62305c
ai_acestep_muse_en_suno_en_002724_1,1,ACE-Step,development,muse:suno_en_002724,component_000276,30,48000,e489b88aae3088fae8a7a027919a7f20e74f1230914e7a42043b8bab3164fad8
ai_acestep_muse_en_suno_en_003147_1,1,ACE-Step,development,muse:suno_en_003147,component_000277,30,48000,a66d375bcea3286841b1caeee53cc32b488ab5ccec8b6c7afbdc2ca6d0e3b0b3
ai_acestep_muse_en_suno_en_003424_1,1,ACE-Step,development,muse:suno_en_003424,component_000279,30,48000,3962d7a1c65434ea8ca830189b72eac5b65de126433ed9eca49f839781bfed61
ai_acestep_muse_en_suno_en_003451_1,1,ACE-Step,development,muse:suno_en_003451,component_000280,30,48000,6f416d2f412f0f7dd5839657155a0c3d4f7d0eef375437464e57c543c3522c4a
ai_acestep_muse_en_suno_en_003642_1,1,ACE-Step,development,muse:suno_en_003642,component_000281,30,48000,e3ee50787f874fa52ba967bef7bd38cc759f364b0e72ea9efdd017d49d883b6b
ai_acestep_muse_en_suno_en_003666_1,1,ACE-Step,development,muse:suno_en_003666,component_000282,30,48000,bfe48c02051226e4a0e43dd4c74a50b55990e6f35ff1020fce4184388eaa5cfc
ai_acestep_muse_en_suno_en_003903_1,1,ACE-Step,development,muse:suno_en_003903,component_000283,30,48000,73610141720106f3578dc66dcb577178033ac031b93bb5e059ec112121536ff8
ai_acestep_muse_en_suno_en_003961_0,1,ACE-Step,development,muse:suno_en_003961,component_000284,30,48000,4a282f0a39b0b5f3f7845256268022e7f295c11f96cbfb2d6ca54d9fb686a2f2
ai_acestep_muse_en_suno_en_004118_0,1,ACE-Step,development,muse:suno_en_004118,component_000285,30,48000,a8eb173ba8def978101148ea7242db84c343a78501c46ab7bb10791ede8e2951
ai_acestep_muse_en_suno_en_004217_0,1,ACE-Step,development,muse:suno_en_004217,component_000286,30,48000,cc24b3aa2257e4e2f08b0cbf9ff50e5c8090fa93e9199d6cc05e305d88aa7afb
ai_acestep_muse_en_suno_en_004417_1,1,ACE-Step,development,muse:suno_en_004417,component_000287,30,48000,1c37a6775a349342788828b3a47609d97fcba75dcb820dadba4afed7f7c2fc84
ai_acestep_muse_en_suno_en_004466_1,1,ACE-Step,development,muse:suno_en_004466,component_000288,30,48000,0e3088e7ad0bfb37fb1298cd92626ea9db1fd8a4a080eca42b931e6e7f40496c
ai_acestep_muse_en_suno_en_004478_0,1,ACE-Step,development,muse:suno_en_004478,component_000289,30,48000,d51a2fc080a330fb9c345a708ed4d772e01c2761d390b7a2229fc5a79d86e072
ai_acestep_muse_en_suno_en_004730_1,1,ACE-Step,development,muse:suno_en_004730,component_000290,30,48000,9b5fbd50779344fb8c58b1ded4ca55da286c3b12dd1ed6bc57aa79aa5e97a3d4
ai_acestep_muse_en_suno_en_004749_1,1,ACE-Step,development,muse:suno_en_004749,component_000291,30,48000,b13f9586ac51ad0586480f9a08f295c5477606e89a0db734f2fef9ab36d59d6b
ai_acestep_muse_en_suno_en_005012_1,1,ACE-Step,development,muse:suno_en_005012,component_000293,30,48000,299b27782a0c36e3fba2fd51214a05330c703662a274f8300aa2a34a828c6905
ai_acestep_muse_en_suno_en_005190_0,1,ACE-Step,development,muse:suno_en_005190,component_000294,30,48000,102ab1002150e7ca0c0379c5893b24a38430d602ff28d577722dc2cae84cef46
ai_acestep_muse_en_suno_en_005195_1,1,ACE-Step,development,muse:suno_en_005195,component_000295,30,48000,b25c18fe96c835bde120487889376b236f4aa8c7655e543a4f5397071353ef0a
ai_acestep_muse_en_suno_en_005991_0,1,ACE-Step,development,muse:suno_en_005991,component_000299,30,48000,ac8017eb4e4d46d7bdc288dab15677e333aed413513133ccc9c3631fe6f6d498
ai_acestep_muse_en_suno_en_005992_1,1,ACE-Step,development,muse:suno_en_005992,component_000300,30,48000,6034b1fc9470676d89e608cabab42c715f6861a07b21fbe9bce6545309c1017d
ai_acestep_muse_en_suno_en_006200_0,1,ACE-Step,development,muse:suno_en_006200,component_000301,30,48000,51bcbbd5fc8156fdad662e5d83e0c77646385221bea2da6524a2812dbb38ea9b
ai_acestep_muse_en_suno_en_006876_0,1,ACE-Step,development,muse:suno_en_006876,component_000303,30,48000,40b2d5fcbe6451a35e8f56cc8551af08282380a594e7673b7e4cc34b06343ea3
ai_acestep_muse_en_suno_en_007117_0,1,ACE-Step,development,muse:suno_en_007117,component_000304,30,48000,3ba38a180f324fdb824941845387afae14686248d190b6091785f23b141d7b43
ai_acestep_muse_en_suno_en_007200_1,1,ACE-Step,development,muse:suno_en_007200,component_000305,30,48000,d3d97e4be123fb4052491c4fa7b9761d24cf28bb7872d0c3ebb95585ad9bb7ac
ai_acestep_muse_en_suno_en_007332_0,1,ACE-Step,development,muse:suno_en_007332,component_000306,30,48000,455e56e006f0656b75c5594bf5cd4073f14717b12f5d006c6dc3a8a1bdcf2a78
ai_acestep_muse_en_suno_en_007376_0,1,ACE-Step,development,muse:suno_en_007376,component_000307,30,48000,8686ce2c9594ecba275c1a67d6798e009ae32f26b5845f2782da631af70993bb
ai_acestep_muse_en_suno_en_007625_1,1,ACE-Step,development,muse:suno_en_007625,component_000309,30,48000,ce429c8324334aac4916554904376ec267f8a63060d79d668db0d8126d3657e2
ai_acestep_muse_en_suno_en_007810_1,1,ACE-Step,development,muse:suno_en_007810,component_000310,30,48000,8798cdb4d4c74361345b7ca5e760b257cd242c5fb3d6bd8ed1deebd51074b693
ai_acestep_muse_en_suno_en_007954_1,1,ACE-Step,development,muse:suno_en_007954,component_000312,30,48000,86ec49bd65c4e682aed6a4de1ffc4842ff6839d82e85c4c8ed19583209c15019
ai_acestep_muse_en_suno_en_008171_0,1,ACE-Step,development,muse:suno_en_008171,component_000313,30,48000,ee07168ac65021a6a2da22d14df39b34a3128362778f0f5e822f3d6f20259010
ai_acestep_muse_en_suno_en_008190_1,1,ACE-Step,development,muse:suno_en_008190,component_000314,30,48000,61746870cb88cbc61aedf7687c5d021f7cd56bccae48cbf38b28e5e5b6b1ff4a
ai_acestep_muse_en_suno_en_008204_0,1,ACE-Step,development,muse:suno_en_008204,component_000315,30,48000,718cae646195cafff6b8501f7647321714ee634214a39ef2f4a840458c65f512
ai_acestep_muse_en_suno_en_008284_1,1,ACE-Step,development,muse:suno_en_008284,component_000316,30,48000,d79ba6da10533eb658c1786808cf9200611d9be77cd629a64a0effad74ee5724
ai_acestep_muse_en_suno_en_008435_1,1,ACE-Step,development,muse:suno_en_008435,component_000317,30,48000,ef2146384b06586e27d78655293f87b50aeeed52fca4c24c9d0745f30e0beb9c
ai_acestep_muse_en_suno_en_010654_0,1,ACE-Step,development,muse:suno_en_010654,component_000319,30,48000,800d2fb739b63fa57ba392de83776f0d6a9c24cdf18429a030249b20791c40f7
ai_acestep_muse_en_suno_en_010719_1,1,ACE-Step,development,muse:suno_en_010719,component_000320,30,48000,f195b7a6c240c8f47930210e5280d41ac6d8fd3d277b9a24528226d9c0427c5b
ai_acestep_muse_en_suno_en_010805_1,1,ACE-Step,development,muse:suno_en_010805,component_000321,30,48000,227a0de94e221d1b6ddc351cfec5910360e404de697ab85fb9f803d3fdc2454f
ai_acestep_muse_en_suno_en_011022_1,1,ACE-Step,development,muse:suno_en_011022,component_000323,30,48000,d9a3d5a3c0a2db34e098789a97a79dfdbef20e6c1b0f23c93124fdac856b0116
ai_acestep_muse_en_suno_en_011062_1,1,ACE-Step,development,muse:suno_en_011062,component_000324,30,48000,39ff862577278f4e2f8596c93e0a4403ac44b2c2277d6c14c8f9535f57d53671
ai_acestep_muse_en_suno_en_011375_1,1,ACE-Step,development,muse:suno_en_011375,component_000326,30,48000,c7c143359f35cfff925f2be721d661cb4eefecfd992fcea0dce4015809c9568f
ai_acestep_muse_en_suno_en_011430_0,1,ACE-Step,development,muse:suno_en_011430,component_000327,30,48000,a49db0dd3cde5c1045f4f5e958b57b788c903bd29eebbffb923e73a0dbec50ca
ai_acestep_muse_en_suno_en_011432_0,1,ACE-Step,development,muse:suno_en_011432,component_000328,30,48000,6b873424cd8d1b79e1a2bf26a37317229f76306bb611cb5036a57845b4a47b73
ai_acestep_muse_en_suno_en_011584_1,1,ACE-Step,development,muse:suno_en_011584,component_000329,30,48000,5afdf353a5e5b4e8c1aff5c007887832d060590ae8b19aeb95cdca6bd802dc2f
ai_acestep_muse_en_suno_en_011976_0,1,ACE-Step,development,muse:suno_en_011976,component_000330,30,48000,3992f4025e4ff3a331c55e164758abd18a5df29ecc0b1abe1b5ce60fe6a47cbd
ai_acestep_muse_en_suno_en_012038_1,1,ACE-Step,development,muse:suno_en_012038,component_000331,30,48000,ca566916635b81756d1cc2cf7590d0f13860e164bd054ff4b8cf8f9b6810e73f
ai_acestep_muse_en_suno_en_012329_0,1,ACE-Step,development,muse:suno_en_012329,component_000333,30,48000,8d416992ccd8d0e2cd13132104e930d1822f4d49d03eea4e5fdd03b872951e28
ai_acestep_muse_en_suno_en_012364_0,1,ACE-Step,development,muse:suno_en_012364,component_000334,30,48000,869ddf18fbf431a537f08ee7092ce40b751b56c8c43af56123063ecb25f7ae8b
ai_acestep_muse_en_suno_en_012403_1,1,ACE-Step,development,muse:suno_en_012403,component_000335,30,48000,7213304c9e9d18ddaaaeb0abae9b2d23e11990b1ef0b2f492299abdd995045a8
ai_acestep_muse_en_suno_en_012425_0,1,ACE-Step,development,muse:suno_en_012425,component_000336,30,48000,6b82f49a947a3c3f83210310aaca2d158c1439466c1abae4a0b130b8efe3a94e
ai_acestep_muse_en_suno_en_012475_0,1,ACE-Step,development,muse:suno_en_012475,component_000337,30,48000,999904baba877e4807c7030df0084f9a65d19fdfe31b5f1a8cd2470d35432402
ai_acestep_muse_en_suno_en_013020_0,1,ACE-Step,development,muse:suno_en_013020,component_000339,30,48000,7196487e6b2e866e0a5bb8bf993a717f0aac819c57cddba50e3c6eac176c89d0
ai_acestep_muse_en_suno_en_013448_1,1,ACE-Step,development,muse:suno_en_013448,component_000340,30,48000,7b41c3eae479d9f5c7479bbb2ad10e9fe1a4a37143b986cc0bdcd57e14f32256
ai_acestep_muse_en_suno_en_013480_1,1,ACE-Step,development,muse:suno_en_013480,component_000341,30,48000,2f45531aa549e680654186652fc27e57606e830265f4beba1f57267a3d51ee6e
ai_acestep_muse_en_suno_en_013488_0,1,ACE-Step,development,muse:suno_en_013488,component_000342,30,48000,d9896e9183cf09c1217fb7a2e01f649d75905f19a760196be6c10c60a1e38ccd
ai_acestep_muse_en_suno_en_013579_1,1,ACE-Step,development,muse:suno_en_013579,component_000344,30,48000,0597132c7c7729fd9e9e04a08f37fe2964e270626451db4adf2d559d26104955
ai_acestep_muse_en_suno_en_013733_1,1,ACE-Step,development,muse:suno_en_013733,component_000345,30,48000,8f47f3a073af61ee68fd7f6246122a686fa25a4d2eb84f3ba6083a36ec95698a
ai_acestep_muse_en_suno_en_013915_1,1,ACE-Step,development,muse:suno_en_013915,component_000346,30,48000,6abfb6c213785bf171588534c69eea4b7978e47c4a24d757431eb43099b01963
ai_acestep_muse_en_suno_en_013922_0,1,ACE-Step,development,muse:suno_en_013922,component_000347,30,48000,d1ee516558ab203f2b120dc0aea4d4a9a11e7c048bbbd9238cedbc01d9d1f7b1
ai_acestep_muse_en_suno_en_013933_1,1,ACE-Step,development,muse:suno_en_013933,component_000348,30,48000,4c650b4493c3df97f9a6f2d5d6a23527fe18a9442efb0a3b003fc0555f0e0935
ai_acestep_muse_en_suno_en_014015_1,1,ACE-Step,development,muse:suno_en_014015,component_000349,30,48000,aca0083da865ea9bf26f173eed7a4062edc1bd10a639ed242f3d9c470198aa22
ai_acestep_muse_en_suno_en_014158_0,1,ACE-Step,development,muse:suno_en_014158,component_000350,30,48000,4d06ca60b8603d5d20b9187b8eb557ed5178385f5c333a1d966295aad3cfbf7f
ai_acestep_muse_en_suno_en_014209_1,1,ACE-Step,development,muse:suno_en_014209,component_000351,30,48000,92bc44fed449078ab29f5ec18b6e9cad37f70b0e8d00d2cd511db56a80ee28f0
ai_acestep_muse_en_suno_en_014585_0,1,ACE-Step,development,muse:suno_en_014585,component_000352,30,48000,496fcb9e18f4bf79d6641ccfc419039d8b975ab8d1869027b2d8ec8af3cc9af3
ai_acestep_muse_en_suno_en_015012_1,1,ACE-Step,development,muse:suno_en_015012,component_000353,30,48000,c7b8f019f44f76ab3abd0525fa4ec7bfc8229d41b9e69b682df8785ef7af7d21
ai_acestep_muse_en_suno_en_015231_0,1,ACE-Step,development,muse:suno_en_015231,component_000354,30,48000,6a4636c4e2f3c8dd81e7a4f3e2952daeb2a7c9769823f1185264c298a66f6e00
ai_acestep_muse_en_suno_en_015394_1,1,ACE-Step,development,muse:suno_en_015394,component_000355,30,48000,655c6a6f961ecaa8d66953081743fba7c123aa613e2cd9e5958042e0afa15369
ai_acestep_muse_en_suno_en_015401_0,1,ACE-Step,development,muse:suno_en_015401,component_000356,30,48000,82ea9f85776888e97dd2f6501d40f939123381cb2ec130898ac1d6f02bc57b9f
ai_acestep_muse_en_suno_en_015503_0,1,ACE-Step,development,muse:suno_en_015503,component_000357,30,48000,76da56b8db3d4257e996f7cda395f4a730da7be76f8ecf40401779c9ec543c17
ai_acestep_muse_en_suno_en_015987_0,1,ACE-Step,development,muse:suno_en_015987,component_000358,30,48000,4659cb9e44f7745f8c0a92dec5098e86a711aa7d5fe092f536f6ac009b30fc39
ai_acestep_muse_en_suno_en_016103_1,1,ACE-Step,development,muse:suno_en_016103,component_000359,30,48000,d669c9fee19dd0f33788c18b2ca98b4cd9715601409cecbfc3e7c8199da84fa8
ai_acestep_muse_en_suno_en_016116_0,1,ACE-Step,development,muse:suno_en_016116,component_000360,30,48000,c83cd995b9c3af376b4f7862f0800ff8089c6736bfb496ba3489b96ad24be9a1
ai_acestep_muse_en_suno_en_016463_0,1,ACE-Step,development,muse:suno_en_016463,component_000362,30,48000,f917f09522dd991745128613bb097f03b6cdb25a4977a253fba23e96104d98cc
ai_acestep_muse_en_suno_en_016716_1,1,ACE-Step,development,muse:suno_en_016716,component_000363,30,48000,6ac9483e89609fa0355c31910d0ec74c0711920e1b315b57c1904c2be483bcda
ai_acestep_muse_en_suno_en_016830_1,1,ACE-Step,development,muse:suno_en_016830,component_000365,30,48000,21fa7b533e6b00b78f0860578b892442804180536dbc16886abf8d196a064968
ai_acestep_muse_en_suno_en_016880_0,1,ACE-Step,development,muse:suno_en_016880,component_000366,30,48000,0df3284eedb2ec5efe8033410409139a32a68743668ec406ce39c23cda6c802b
ai_acestep_muse_en_suno_en_017155_0,1,ACE-Step,development,muse:suno_en_017155,component_000367,30,48000,af29d4236bfeb920562081d348ad8be6c7690c9a54ad3937c5ad5dccbc0f6e91
ai_acestep_muse_en_suno_en_017349_0,1,ACE-Step,development,muse:suno_en_017349,component_000370,30,48000,6ab2951423b00a17c7336e710112a1b850b1c8d5c13bc085ad986ab69b0ee355
ai_acestep_muse_en_suno_en_017690_0,1,ACE-Step,development,muse:suno_en_017690,component_000373,30,48000,eaf7b1cf5dff5cec601e8b666a5c5ce68582fd08d4012c565a57fe9ab01b1248
ai_acestep_muse_en_suno_en_018072_0,1,ACE-Step,development,muse:suno_en_018072,component_000375,30,48000,738916ef2af34584a2d791211c42f614a861538353e74592bf8ec5dbc94ea485
ai_acestep_muse_en_suno_en_018225_0,1,ACE-Step,development,muse:suno_en_018225,component_000376,30,48000,0682cdb6d1668bc90a674e4f2711e97367acc2d98b1934d787b973162f02038e
ai_acestep_muse_en_suno_en_018255_1,1,ACE-Step,development,muse:suno_en_018255,component_000377,30,48000,4130b4cef30b12a4a15133d5fe1f0e64481a3d6e8a8ab98f1b5a02739c06cb5d
ai_acestep_muse_en_suno_en_018455_1,1,ACE-Step,development,muse:suno_en_018455,component_000378,30,48000,ca83491f6a573ab6552fa062dfa582e122d1d0cdd60a1373fbfe7215400c0b40
ai_acestep_muse_en_suno_en_018560_1,1,ACE-Step,development,muse:suno_en_018560,component_000379,30,48000,f49bc49d7f101710fed5391df173348bf2df67ffeb727dee6a1a283b381c5b49
ai_acestep_muse_en_suno_en_018763_1,1,ACE-Step,development,muse:suno_en_018763,component_000380,30,48000,20412eb87281ae4321da5e0a1d519103612f5476b9a230f779f8f2f027a91c8c
ai_acestep_muse_en_suno_en_018861_0,1,ACE-Step,development,muse:suno_en_018861,component_000381,30,48000,9c0ed84b87d582116607d4e59a1725d1330a1f91d1413de8febc86998de40da4
ai_acestep_muse_en_suno_en_018923_1,1,ACE-Step,development,muse:suno_en_018923,component_000382,30,48000,e676c8e145ee4a330578c3843d660f646b15133380d61bff9523d4497fca3b7e
ai_acestep_muse_en_suno_en_019197_1,1,ACE-Step,development,muse:suno_en_019197,component_000383,30,48000,ba21664f5ae3f436642d3eb80540a2ecb4f3a64ddba4f098907c1c6df4d97999
ai_acestep_muse_en_suno_en_019500_1,1,ACE-Step,development,muse:suno_en_019500,component_000385,30,48000,b9a989e62326a9c1abbb2d5eae4bb0c7e3f255ddf24cbcdbaa8792958dad966e
ai_acestep_muse_en_suno_en_019611_1,1,ACE-Step,development,muse:suno_en_019611,component_000386,30,48000,ea540bbf6a2b1aa92bb5f48c27b6259ef3bca78e990af8c9e90575b5c0d48843
ai_acestep_muse_en_suno_en_019715_1,1,ACE-Step,development,muse:suno_en_019715,component_000387,30,48000,655fe77fe969551cc03dc5c4ee810fd28515355f0ace2b9a75d1193282f61fb9
ai_acestep_muse_en_suno_en_019907_0,1,ACE-Step,development,muse:suno_en_019907,component_000388,30,48000,0310ebe790fdf26fde842f929afeaee4307d7fc63f615dc9706d9aea8364b7d4
ai_acestep_muse_en_suno_en_019981_0,1,ACE-Step,development,muse:suno_en_019981,component_000389,30,48000,edc4c21475fffd2fe3be3c3297170bf8fcbf29d8cbc0ed1f20fca18d8bb2d93e
ai_acestep_muse_en_suno_en_019992_1,1,ACE-Step,development,muse:suno_en_019992,component_000390,30,48000,e5adcf6c2c98777e596e465a8d75116efb91a48a9d02c16438448d41abeec0aa
ai_acestep_muse_en_suno_en_020030_0,1,ACE-Step,development,muse:suno_en_020030,component_000391,30,48000,42da7be0c3e99b2976800471fa76ba0d4a0ed8ac58e1999e85e6bf1df595eabf
ai_acestep_muse_en_suno_en_020197_1,1,ACE-Step,development,muse:suno_en_020197,component_000392,30,48000,d1e4957e4c54530be9793a00e6743ef2dc5d3d2b26a00a41db92fb7203738177
ai_acestep_muse_en_suno_en_020307_1,1,ACE-Step,development,muse:suno_en_020307,component_000393,30,48000,824ce0a802b28cbf0adc5e7eff2a7f82fafd40a4d82072b350764c59572eedbd
ai_acestep_muse_en_suno_en_020365_0,1,ACE-Step,development,muse:suno_en_020365,component_000394,30,48000,725523045284aafc9f66d515d33c0526b72fb374ecf992efce8796136fd1be36
ai_acestep_muse_en_suno_en_020375_0,1,ACE-Step,development,muse:suno_en_020375,component_000396,30,48000,a4108f1c780b5bb359fb9da1a859db882670e339c787206a2e90acd0cbf6b38c
ai_acestep_muse_en_suno_en_020754_1,1,ACE-Step,development,muse:suno_en_020754,component_000398,30,48000,dd3e3b34c69c7fc7d9257d00119fd19b0295cfa6555f36eb1045b8b3216d4362
ai_acestep_muse_en_suno_en_020788_0,1,ACE-Step,development,muse:suno_en_020788,component_000399,30,48000,3a21517976c27da5504db07f1aa184aa41d6e72a8143094e82a4e40e68552238
ai_acestep_muse_en_suno_en_020867_1,1,ACE-Step,development,muse:suno_en_020867,component_000402,30,48000,22b133e9bda19ff351c543051a865664365ddc219e919db52351390b23cc5d95
ai_acestep_muse_en_suno_en_020874_0,1,ACE-Step,development,muse:suno_en_020874,component_000403,30,48000,130aa2adc3c5fba1cf82d0975c0252e70ac860a39afcc1d85d3c5c2edff0452a
ai_acestep_muse_en_suno_en_020950_0,1,ACE-Step,development,muse:suno_en_020950,component_000404,30,48000,fc189af84fae9fedebd26fd47309f0864b277f1fb42df84288db5c731059a856
ai_acestep_muse_en_suno_en_020968_1,1,ACE-Step,development,muse:suno_en_020968,component_000405,30,48000,417ccc88aadc8c65f5106684099c2a95dfbca04e805a23e293777975e4d89aea
ai_acestep_muse_en_suno_en_021221_1,1,ACE-Step,development,muse:suno_en_021221,component_000406,30,48000,90e48bde6f8506133effd9ffcca85d635c6f3f81c9fe6f0b7d887200ac6a1849
ai_acestep_muse_en_suno_en_021746_1,1,ACE-Step,development,muse:suno_en_021746,component_000407,30,48000,b6aac039275d85a359441c3751054d2a6817cad873f5922418eb313b3a45bb56
ai_acestep_muse_en_suno_en_022194_1,1,ACE-Step,development,muse:suno_en_022194,component_000409,30,48000,6de1c93fd1e49f5249d26dc85c6ac1714b0274ada6f16f30952243694052e59a
ai_acestep_muse_en_suno_en_022546_1,1,ACE-Step,development,muse:suno_en_022546,component_000410,30,48000,f88b59b3a75509159fdc9e7fc43c95a5ea1668a571c1825676d2a996ea640200
ai_acestep_muse_en_suno_en_022591_0,1,ACE-Step,development,muse:suno_en_022591,component_000411,30,48000,c2bea16b6e136b9ca9437eea96d3a2d99ad4f968a2c4688d7a6b42e39f3cf88a
ai_acestep_muse_en_suno_en_022669_1,1,ACE-Step,development,muse:suno_en_022669,component_000412,30,48000,ff2d824d2821edc3dff86bdaca9ce8d6c8e4b2b9ac2a87f0808839b71e30d5ee
ai_acestep_muse_en_suno_en_023024_1,1,ACE-Step,development,muse:suno_en_023024,component_000413,30,48000,9d5aa07a3b3aee6950a2b2024d704acdecbe296730343762de6984b6ad240ad6
ai_acestep_muse_en_suno_en_023209_1,1,ACE-Step,development,muse:suno_en_023209,component_000414,30,48000,ccf1e1a304b6d90fbdea15a42c5085e1b0e77311e4abdb7688fc5523cb5e886f
ai_acestep_muse_en_suno_en_023285_1,1,ACE-Step,development,muse:suno_en_023285,component_000415,30,48000,3bd1d6f023cbfdcfd748cb148e9364ca97c3635c20073b5edf5c649543152e4c
ai_acestep_muse_en_suno_en_023320_1,1,ACE-Step,development,muse:suno_en_023320,component_000416,30,48000,ed734135d5ef4e6f01b59eeaca45aa1be73f169b585eee0a42fe579145f5a868
ai_acestep_muse_en_suno_en_023496_0,1,ACE-Step,development,muse:suno_en_023496,component_000417,30,48000,4945681b9a9d8eef9cbe0ae33de6c30005ef413c500ff502197ee54e17883765
ai_acestep_muse_en_suno_en_023694_1,1,ACE-Step,development,muse:suno_en_023694,component_000418,30,48000,93d7e2683f9eeffb78c7610220f513a2af5d788d5f470d66efb19cacb521ad6f
ai_acestep_muse_en_suno_en_023752_1,1,ACE-Step,development,muse:suno_en_023752,component_000419,30,48000,76b330b582789070db9cbffb454632fe203545c6ab01bb8fd01dae01d7cb2dd1
ai_acestep_muse_en_suno_en_023819_0,1,ACE-Step,development,muse:suno_en_023819,component_000420,30,48000,b98f5155f1fbf6419f2a5a28be503e212b2a109e9a685b96cf2fa3e710c0962f
ai_acestep_muse_en_suno_en_023877_0,1,ACE-Step,development,muse:suno_en_023877,component_000421,30,48000,bb21964862ab5912d9183dc35abfb14c83bec5dae46a9eba8b2c8f6b3e447e2e
ai_acestep_muse_en_suno_en_024029_1,1,ACE-Step,development,muse:suno_en_024029,component_000422,30,48000,60065989cb9cc52fe7f6bc6aac1710b85215f6123d83bd4eb3ff73430b4d6971
ai_acestep_muse_en_suno_en_024709_1,1,ACE-Step,development,muse:suno_en_024709,component_000425,30,48000,7b9bb4549e254abe957d2fb35d85d8d9786bfc58e7692a0ae0cb9ca2d5306404
ai_acestep_muse_en_suno_en_024741_0,1,ACE-Step,development,muse:suno_en_024741,component_000426,30,48000,393a4076fa2dbe8433aa227255937622cf606eaa1d2d1144d1ad7dea1588ff05
ai_acestep_muse_en_suno_en_025125_0,1,ACE-Step,development,muse:suno_en_025125,component_000427,30,48000,373d1f1fcd3b28412f62af7b8baaf76c3f9ff9d929255209fa98e07edccf2411
ai_acestep_muse_en_suno_en_025332_0,1,ACE-Step,development,muse:suno_en_025332,component_000428,30,48000,447efaff108fad516ada73280eabc53ad6acfa3d5d9f970048af4a33316d1db0
ai_acestep_muse_en_suno_en_025448_0,1,ACE-Step,development,muse:suno_en_025448,component_000429,30,48000,d8e394f56aae467e02ce904ba40f42e9e61228ad22417a16ac5f209a95d013f9
ai_acestep_muse_en_suno_en_025603_1,1,ACE-Step,development,muse:suno_en_025603,component_000430,30,48000,4cf85b7e38ad384e782826e53ff740013959137f73c1fdc3faa5f13e251c24de
ai_acestep_muse_en_suno_en_025839_1,1,ACE-Step,development,muse:suno_en_025839,component_000431,30,48000,f1d2a12358f9f1f16643bce75b0fa01e834e39d23120381767458ee2f4054d7d
ai_acestep_muse_en_suno_en_025875_1,1,ACE-Step,development,muse:suno_en_025875,component_000433,30,48000,9cfc2e9cb96ed20e8a41036b47df262672bf88492e7a5a4be5509d254f4f8ba8
ai_acestep_muse_en_suno_en_026005_0,1,ACE-Step,development,muse:suno_en_026005,component_000434,30,48000,741ce3bf33dbfb69449253b7279fa58dde2df8dee8c213da36fa8dff42eb7571
ai_acestep_muse_en_suno_en_026074_0,1,ACE-Step,development,muse:suno_en_026074,component_000435,30,48000,e67f4155f5474ca0911f9ff1447ee42d556a1a26997eb38c3e1feff01237cc0e
ai_acestep_muse_en_suno_en_026397_0,1,ACE-Step,development,muse:suno_en_026397,component_000437,30,48000,3f8d2dca81877e3e2fed46221b7b38aa402fca55d6839e03f06775127984b323
ai_acestep_muse_en_suno_en_026431_1,1,ACE-Step,development,muse:suno_en_026431,component_000438,30,48000,7d5fc429139bd590bbc8c96cb42ea2ec8db708bfc3d9eeebf04ba0d6c3cd6ac0
ai_acestep_muse_en_suno_en_026494_1,1,ACE-Step,development,muse:suno_en_026494,component_000439,30,48000,7ce16eecd4d41bf03aeb66379286f14c0c953c7897caeed7e274461434d1acd7
ai_acestep_muse_en_suno_en_026592_0,1,ACE-Step,development,muse:suno_en_026592,component_000440,30,48000,59171268fe24d4b00e516a33b28823482ddb09553dba0f0d50fcb21316de65af
ai_acestep_muse_en_suno_en_026618_1,1,ACE-Step,development,muse:suno_en_026618,component_000441,30,48000,16e492599b6bd0c9498f6d4a99494f3f91a619c651577c49bfea160f66a36fef
ai_acestep_muse_en_suno_en_026759_1,1,ACE-Step,development,muse:suno_en_026759,component_000442,30,48000,04c0e1b9d0766889d98302a5098a2589ff079c6adfb828f68e85a3f00d0a9c93
ai_acestep_muse_en_suno_en_026793_0,1,ACE-Step,development,muse:suno_en_026793,component_000444,30,48000,3dea7b2c17e0611105d95def540f9fbc3524ffb3ce87ed50a5871a2fce09967d
ai_acestep_muse_en_suno_en_026819_0,1,ACE-Step,development,muse:suno_en_026819,component_000445,30,48000,cff3eb014e4af8da7e64dac6c6a598721ba16e1db30a8ca487a7ef431903ad1c
ai_acestep_muse_en_suno_en_026837_0,1,ACE-Step,development,muse:suno_en_026837,component_000446,30,48000,486392d353d0135061efd185fdd918f8776b831c91536b655ced38f4f8e3e369
ai_acestep_muse_en_suno_en_026922_0,1,ACE-Step,development,muse:suno_en_026922,component_000447,30,48000,9b6f8d5957a1681e351d251661a6c3cdf8647ee0c1522017613c2002f238a1bb
ai_acestep_muse_en_suno_en_026938_1,1,ACE-Step,development,muse:suno_en_026938,component_000448,30,48000,774c67f3ee97801246185c600ee2b07323ad9d1eedef1f6b6312ad057b21b9f1
ai_acestep_muse_en_suno_en_026962_0,1,ACE-Step,development,muse:suno_en_026962,component_000449,30,48000,6a9db51db197729fec4437cdb93e1af653e4cd4d01efe401a02464e7ba7a0393
ai_acestep_muse_en_suno_en_027511_1,1,ACE-Step,development,muse:suno_en_027511,component_000450,30,48000,9200991003cb0fb0af28a289f96ad07df0a7a262a132d5b0e3ff2152518e01e0
ai_acestep_muse_en_suno_en_027586_0,1,ACE-Step,development,muse:suno_en_027586,component_000451,30,48000,88ceafda9f8715697a19487e73dd475a1e9e94b8742603ddaa10110a8a851ddf
ai_acestep_muse_en_suno_en_027758_0,1,ACE-Step,development,muse:suno_en_027758,component_000452,30,48000,31c61e49549fbaccd4cfaf84eabec42589fb20424a43da55ce0c6a3a54fdb54b
ai_acestep_muse_en_suno_en_028128_1,1,ACE-Step,development,muse:suno_en_028128,component_000453,30,48000,2a4a992e069f297a6f5223c4b43012a9fe99ac44080eec9cbb972be150895bd1
ai_acestep_muse_en_suno_en_028351_1,1,ACE-Step,development,muse:suno_en_028351,component_000456,30,48000,68fde1d3bd5db94223d30128d48196ff3bd5427b1a48808ac7889b216e174690
ai_acestep_muse_en_suno_en_028422_1,1,ACE-Step,development,muse:suno_en_028422,component_000457,30,48000,8c1434732a8069c9aa6cfb17655cd339b97dcad62d1dfddfa042b14e0a3ea3a3
ai_acestep_muse_en_suno_en_028597_0,1,ACE-Step,development,muse:suno_en_028597,component_000459,30,48000,4625a89ebc2af0e5e974aa00ee38aa8150c683957486940c7e920e6cad174673
ai_acestep_muse_en_suno_en_028605_0,1,ACE-Step,development,muse:suno_en_028605,component_000460,30,48000,7c63613eceab83e6262419ea8bfbeae0bbabc6db0673943899e7462e248c5db7
ai_acestep_muse_en_suno_en_028765_0,1,ACE-Step,development,muse:suno_en_028765,component_000461,30,48000,06ea6c189e27deed1833684e1f27753f4543f2b107cc1becd6c17227d79f7ecf
ai_acestep_muse_en_suno_en_029154_0,1,ACE-Step,development,muse:suno_en_029154,component_000462,30,48000,0ad06374d8c738316c666195a8fcb0f593557b20268441745106496d3834b49a
ai_acestep_muse_en_suno_en_029220_0,1,ACE-Step,development,muse:suno_en_029220,component_000463,30,48000,ca3099017e44d2d6c56ca35634e4fa7f5d9b9e6e358ba7eaf6e7640945f590ca
ai_acestep_muse_en_suno_en_029528_0,1,ACE-Step,development,muse:suno_en_029528,component_000465,30,48000,90a9f13b498cd547f92aef3391a7c9d081f85c1f7be743d1fc6370a360d323eb
ai_acestep_muse_en_suno_en_029708_1,1,ACE-Step,development,muse:suno_en_029708,component_000466,30,48000,bb68c502e2875a29c7ec673cc8dd0b36b56089a95617d8b7806ca12e77a54351
ai_acestep_muse_en_suno_en_029735_0,1,ACE-Step,development,muse:suno_en_029735,component_000467,30,48000,74772314b5094decf5f28b99983827ce498d7d1967cccb6590a9ea34e9eebe2e
ai_acestep_muse_en_suno_en_030151_0,1,ACE-Step,development,muse:suno_en_030151,component_000468,30,48000,4472481b84feafc6b717c91d9fc8cc43b30c0423a2182bb8fe667b4f43ddfeb2
ai_acestep_muse_en_suno_en_030373_1,1,ACE-Step,development,muse:suno_en_030373,component_000469,30,48000,bf4003a4779ef43669d6c8ab60be70fd5dee849145a898197e6cf390cd264469
ai_acestep_muse_en_suno_en_030441_1,1,ACE-Step,development,muse:suno_en_030441,component_000470,30,48000,0763c247599832b74301bc374d96ffd7d565fd572ca86e10da34340c1e571961
ai_acestep_muse_en_suno_en_030623_1,1,ACE-Step,development,muse:suno_en_030623,component_000471,30,48000,2fe2fa617ce5c564b5512cd586339db6a0206a18d7a2e96c5f727016f68877f7
ai_acestep_muse_en_suno_en_030631_0,1,ACE-Step,development,muse:suno_en_030631,component_000472,30,48000,4ebd3e4efaad73d4bb72f0c0fe02a420992a89ab1c71b1692136e293ddfadf74
ai_acestep_muse_en_suno_en_031001_1,1,ACE-Step,development,muse:suno_en_031001,component_000475,30,48000,b4e16f9ffdf310be6834314b0a7c9693e04c90ad797d31cb5c52cbc9bb4ad31a
ai_acestep_muse_en_suno_en_031012_0,1,ACE-Step,development,muse:suno_en_031012,component_000476,30,48000,2bb5fba5616f9d89db78c8849fb1abcbbed85ee248ee0b9c37991f02f253bd27
ai_acestep_muse_en_suno_en_031167_1,1,ACE-Step,development,muse:suno_en_031167,component_000477,30,48000,ed1622469c7e44a7faa02742550345be54a69e7da6e69b9fe4cfc6a138629cff
ai_acestep_muse_en_suno_en_031548_1,1,ACE-Step,development,muse:suno_en_031548,component_000479,30,48000,31f02db85a7c5bf289082041503d15526f182801efa09608812470cdc1bcf9ab
ai_acestep_muse_en_suno_en_031573_1,1,ACE-Step,development,muse:suno_en_031573,component_000480,30,48000,a29bb48c5cdec9335cba00a954bce99dcb02d9ba3ba0fff199b0963199536921
ai_acestep_muse_en_suno_en_031620_1,1,ACE-Step,development,muse:suno_en_031620,component_000481,30,48000,fe5260d1e269c8d4323479ff7a0fbbb48427958657ea2ad2fbd2ab37381680a6
ai_acestep_muse_en_suno_en_031869_1,1,ACE-Step,development,muse:suno_en_031869,component_000482,30,48000,be0564b1df3b6af910c4f7be4fadb12f578f2d8ecb75d492ef3ba0577c0e5a5f
ai_acestep_muse_en_suno_en_031950_0,1,ACE-Step,development,muse:suno_en_031950,component_000483,30,48000,f51f2128349762d3d2abe633338eaadf2922f4e1728f9536d56bdbfd860ae52e
ai_acestep_muse_en_suno_en_032126_1,1,ACE-Step,development,muse:suno_en_032126,component_000484,30,48000,aeb4d1e874b964a8b0ec4ce6103d65401e7af0c6d802bd46a2cbb9e283313857
ai_acestep_muse_en_suno_en_032496_1,1,ACE-Step,development,muse:suno_en_032496,component_000485,30,48000,0599cb8f09f7cbe56642a191cdbed2e8aa0788856789e86c27c6212025ca3db3
ai_acestep_muse_en_suno_en_032888_0,1,ACE-Step,development,muse:suno_en_032888,component_000488,30,48000,60634ee61a18386f70522e2885cd2ad9c00a5823ad73c256840ab3afa6f22e11
ai_acestep_muse_en_suno_en_033015_1,1,ACE-Step,development,muse:suno_en_033015,component_000489,30,48000,ffc5ccae431e23033fb9a1d38762c552b84db9f866f2154149d1808e345efdbc
ai_acestep_muse_en_suno_en_033149_1,1,ACE-Step,development,muse:suno_en_033149,component_000491,30,48000,4fbe1e99cab873a6645a5e919046ec7a2bb0102048d42120d6310e3dcf49f8be
ai_acestep_muse_en_suno_en_033249_1,1,ACE-Step,development,muse:suno_en_033249,component_000492,30,48000,7886fd526d8c70e63c1089d8ad4c8fb4b5de011dd7cf1d7b255f55e2e4652669
ai_acestep_muse_en_suno_en_033608_1,1,ACE-Step,development,muse:suno_en_033608,component_000494,30,48000,ad88744758f31fc9006824731fbd5a79de33e916c668fca1dda1c9746b618e34
ai_acestep_muse_en_suno_en_033908_1,1,ACE-Step,development,muse:suno_en_033908,component_000496,30,48000,1df353305251ee09794da2f55acf7fefda4d018cc8956da8f4eecf475c1def39
ai_acestep_muse_en_suno_en_034099_0,1,ACE-Step,development,muse:suno_en_034099,component_000498,30,48000,d156d89ea59ac39f72ebe6324f6befb29f7ec1f7485961f0038838cfe97ad556
ai_acestep_muse_en_suno_en_034135_1,1,ACE-Step,development,muse:suno_en_034135,component_000500,30,48000,db9148f867f3905adcf3d64e9c08ee12b6e09e9131abfa4f54d5ea5c59af84b0
ai_heartmula_muse_cn_suno_cn_000107_1,1,HeartMuLa,development,muse:suno_cn_000107,component_000001,30,48000,ea88a13a7700cadb7fb0cd204d52a3d7cbf56e3c76b7b439db6d2184ff4eb04f
ai_heartmula_muse_cn_suno_cn_000134_1,1,HeartMuLa,development,muse:suno_cn_000134,component_000002,30,48000,51d7ac1412bc69bcfc459abe74d4034e7e97b6077daec2a7ab351a6f903b545e
ai_heartmula_muse_cn_suno_cn_000268_1,1,HeartMuLa,development,muse:suno_cn_000268,component_000004,30,48000,553f47ed6a2a4241ecc4404457946f2c5ba7bf3c4bedcf97650e73268b308513
ai_heartmula_muse_cn_suno_cn_000394_1,1,HeartMuLa,development,muse:suno_cn_000394,component_000005,30,48000,274884f5a1f257374000c2ed9a613f56672603a73a52ae40a3fbc3f3dd117cc6
ai_heartmula_muse_cn_suno_cn_000484_0,1,HeartMuLa,development,muse:suno_cn_000484,component_000006,30,48000,3e35339637b2fccc95873fce0e636d599da0af69844a0a4d8818888a20b2b470
ai_heartmula_muse_cn_suno_cn_000585_1,1,HeartMuLa,development,muse:suno_cn_000585,component_000007,30,48000,b2fac8ad33fe597b186030d9c1f3286517ea9534de97a6e5f969c39a475f4ccf
ai_heartmula_muse_cn_suno_cn_000676_0,1,HeartMuLa,development,muse:suno_cn_000676,component_000008,30,48000,b39108a49f7ab8996363d3f60d3b37db53eebb724f713860b14a07e50a4bfee1
ai_heartmula_muse_cn_suno_cn_000679_1,1,HeartMuLa,development,muse:suno_cn_000679,component_000009,30,48000,72301e7a1b26ab66390c6e5501270b8ec19899ee85a9078799d74c2242c93976
ai_heartmula_muse_cn_suno_cn_000896_0,1,HeartMuLa,development,muse:suno_cn_000896,component_000012,30,48000,3ca0bb89def7e96922ab850108b41020d73b84f180219c68b45ba60b7b9f0aa9
ai_heartmula_muse_cn_suno_cn_000955_0,1,HeartMuLa,development,muse:suno_cn_000955,component_000014,30,48000,7d95cd3acea38e9f05889dfb4d3cdf2ab329d904cd8dd90e9b061dc7392810ed
ai_heartmula_muse_cn_suno_cn_001149_0,1,HeartMuLa,development,muse:suno_cn_001149,component_000016,30,48000,5809f60aa55e3919e48242e4fd22540885ee4102b9c530bc0f51d2d87ccd170c
ai_heartmula_muse_cn_suno_cn_001191_0,1,HeartMuLa,development,muse:suno_cn_001191,component_000017,30,48000,eeca1adddf47fe9627211721bcd2db90d78e33dde91ec67b3d322ca2e20bd3e2
ai_heartmula_muse_cn_suno_cn_001270_0,1,HeartMuLa,development,muse:suno_cn_001270,component_000019,30,48000,bf2cfb315b42751cc3ec92dd5fe42c42f6c4dca3ee1b1fa9422873c2dec5228b
ai_heartmula_muse_cn_suno_cn_001353_1,1,HeartMuLa,development,muse:suno_cn_001353,component_000020,30,48000,86e6571f2a8d59de6d60b5b4f279d4f8fda5923cd74cb0d5f70f19acae845609
ai_heartmula_muse_cn_suno_cn_001690_1,1,HeartMuLa,development,muse:suno_cn_001690,component_000022,30,48000,268e0e09f8d9785948802a5e01a2ecb8c4e8e328a4a1079cb4634b889f2f4db6
ai_heartmula_muse_cn_suno_cn_001808_0,1,HeartMuLa,development,muse:suno_cn_001808,component_000023,30,48000,ef0546c930063f5917fc8098a30d337ecb4e305907159f075b4e22a6839bcba3
ai_heartmula_muse_cn_suno_cn_002120_0,1,HeartMuLa,development,muse:suno_cn_002120,component_000025,30,48000,0d382c3d08623f9c801cfc36651a62647656f55e51b5f8da855c751b6f975ad1
ai_heartmula_muse_cn_suno_cn_002130_1,1,HeartMuLa,development,muse:suno_cn_002130,component_000026,30,48000,0bd915e959efa779694deb4f55cd84c5b19864f3ee5974b12b97d6e5f9c7989e
ai_heartmula_muse_cn_suno_cn_002228_0,1,HeartMuLa,development,muse:suno_cn_002228,component_000028,30,48000,a27b077d2c3e73f9f1917610246ef6dad8c80afe80c21d07604148ec390ae14a
ai_heartmula_muse_cn_suno_cn_002440_1,1,HeartMuLa,development,muse:suno_cn_002440,component_000029,30,48000,ff053bb1955b28b7472baf04591d35dcd6d87339146d016c1f1aef1d6a571883
ai_heartmula_muse_cn_suno_cn_002516_1,1,HeartMuLa,development,muse:suno_cn_002516,component_000030,30,48000,0222847848d32466f679ae94d72143838f21981ebd17a99bf110acc308c00893
ai_heartmula_muse_cn_suno_cn_002585_1,1,HeartMuLa,development,muse:suno_cn_002585,component_000032,30,48000,33e755ae078d40ca857222157bb5fba9439465173f9a86dac0c325b8a14f1413
ai_heartmula_muse_cn_suno_cn_002619_1,1,HeartMuLa,development,muse:suno_cn_002619,component_000033,30,48000,da3578ed1e2e47f5465e8c92aa603fc89ccfba3bcd46008c40ed7f5ee12cea1d
ai_heartmula_muse_cn_suno_cn_002660_0,1,HeartMuLa,development,muse:suno_cn_002660,component_000034,30,48000,5adee60a0b981fde7d532a53cc83103344d6e55cccc3b718c7bf8c37e3d54ffa
ai_heartmula_muse_cn_suno_cn_002718_0,1,HeartMuLa,development,muse:suno_cn_002718,component_000035,30,48000,9780e55d2c5cf0447838de7e25a297273b5b665d56f7149d2858410ba6513c1a
ai_heartmula_muse_cn_suno_cn_002958_0,1,HeartMuLa,development,muse:suno_cn_002958,component_000037,30,48000,1488db6062452349dcc796c28292d3c6256c821c8a4ebf936e67cbea14e98abf
ai_heartmula_muse_cn_suno_cn_003042_0,1,HeartMuLa,development,muse:suno_cn_003042,component_000038,30,48000,d3aa3a717761c9962e536b9074a833f2426c5b0b5b10dea61dc17ee2c0444864
ai_heartmula_muse_cn_suno_cn_003137_1,1,HeartMuLa,development,muse:suno_cn_003137,component_000041,30,48000,4ffd10ffb8e51970ae2ff2227f78cedb6882cb4321a64e88b8708598c3b6cb25
ai_heartmula_muse_cn_suno_cn_003251_0,1,HeartMuLa,development,muse:suno_cn_003251,component_000042,30,48000,ed70aa588ef7505ec245e01f2aabc02a76b661d0ae193d10ea261ece8075c480
ai_heartmula_muse_cn_suno_cn_003278_1,1,HeartMuLa,development,muse:suno_cn_003278,component_000044,30,48000,41c64cd82a70dc0c7fdc55861b2c8f89a82d3de11c34115f265d0d1a6b54cf3c
ai_heartmula_muse_cn_suno_cn_003299_0,1,HeartMuLa,development,muse:suno_cn_003299,component_000045,30,48000,e83371acf416e623213817a4ae9015ab606e656095b6c5b2e9640a9616f1a5aa
ai_heartmula_muse_cn_suno_cn_003559_0,1,HeartMuLa,development,muse:suno_cn_003559,component_000046,30,48000,816d629b7c3f29371ec59286dbd5b1a0d3b854bcf83a0bde9e18cba85d962874
ai_heartmula_muse_cn_suno_cn_003766_1,1,HeartMuLa,development,muse:suno_cn_003766,component_000047,30,48000,5d47af9ea9157f912704701f6c5def165ec4a06f406e86e2b246f13ddd3d3d2a
ai_heartmula_muse_cn_suno_cn_003884_0,1,HeartMuLa,development,muse:suno_cn_003884,component_000048,30,48000,f57458bb3d78611dfecbe5517292d1451abfd378ae70d9a2df2c8e9be3d42414
ai_heartmula_muse_cn_suno_cn_004044_0,1,HeartMuLa,development,muse:suno_cn_004044,component_000050,30,48000,c305a1b2de10c833721bd1d1fd7a1c88f9dc4f6496df24da335edc8e16d18335
ai_heartmula_muse_cn_suno_cn_004068_1,1,HeartMuLa,development,muse:suno_cn_004068,component_000051,30,48000,2147486bc46103869ec7d45a66095828b10c6dd9072fbc85de680c8108ed5b3f
ai_heartmula_muse_cn_suno_cn_004138_0,1,HeartMuLa,development,muse:suno_cn_004138,component_000052,30,48000,71ff7fac6753ed837340d43d8ac134b869a5b54fd850415a4d9c1348a359062c
ai_heartmula_muse_cn_suno_cn_004405_1,1,HeartMuLa,development,muse:suno_cn_004405,component_000053,30,48000,ed8e65a8f1538dade73e58a65bed95768cb2afbceac68deaab7cbad20742eb63
ai_heartmula_muse_cn_suno_cn_004485_1,1,HeartMuLa,development,muse:suno_cn_004485,component_000054,30,48000,6402ddf6cdf37b73499b89cbc87a5e89dac8c5f0f7527136c1f57f2d07248241
ai_heartmula_muse_cn_suno_cn_004770_0,1,HeartMuLa,development,muse:suno_cn_004770,component_000055,30,48000,b5bc12bb8f00b4fb9b24e858d873d75d7cd4e56ac384f6398cc9b7a2479b5108
ai_heartmula_muse_cn_suno_cn_004806_1,1,HeartMuLa,development,muse:suno_cn_004806,component_000056,30,48000,3b7db1ef70a7e615a3166bf610b019b0e1c77e060fa74dab718b16fb543e192e
ai_heartmula_muse_cn_suno_cn_004936_1,1,HeartMuLa,development,muse:suno_cn_004936,component_000057,30,48000,2e06faa05321c2b294dd81d6094d7e15ffad05c57f81668b8b32ab345cf64411
ai_heartmula_muse_cn_suno_cn_005005_1,1,HeartMuLa,development,muse:suno_cn_005005,component_000058,30,48000,120892fe4b99662c9a58f702fdf71aa4cd5a23dc97292d6b2e1afe28011fab9d
ai_heartmula_muse_cn_suno_cn_005164_1,1,HeartMuLa,development,muse:suno_cn_005164,component_000059,30,48000,dab2c359847eb521cb1c72c0c018fde721a29f435e43cbcfabf4397a812690ca
ai_heartmula_muse_cn_suno_cn_005322_1,1,HeartMuLa,development,muse:suno_cn_005322,component_000060,30,48000,1f775704324991c06f71d03c6c0ac27a3c154e97854bf9691146c9599ba7d6b9
ai_heartmula_muse_cn_suno_cn_005324_0,1,HeartMuLa,development,muse:suno_cn_005324,component_000061,30,48000,ca4424369967e5018a7f3b1d9103ce0a9cd4f675f499a26a4ca6e26dc6e0b3f6
ai_heartmula_muse_cn_suno_cn_005351_0,1,HeartMuLa,development,muse:suno_cn_005351,component_000062,30,48000,2a3bedf5073b950f3dc2dad2f28682ed0ef5178ce9700793d5a26fa01d6d26af
ai_heartmula_muse_cn_suno_cn_005459_0,1,HeartMuLa,development,muse:suno_cn_005459,component_000064,30,48000,4ac02a2c56174d8bb28970d4a146435626fe8337ab0b44e79125f15e73862562
ai_heartmula_muse_cn_suno_cn_005537_1,1,HeartMuLa,development,muse:suno_cn_005537,component_000065,30,48000,7f1e93b9f92e26ee16d4ea27c3a3c10240129ecdda0d1578342878ae9dd7944c
ai_heartmula_muse_cn_suno_cn_005597_1,1,HeartMuLa,development,muse:suno_cn_005597,component_000066,30,48000,7e93bfdc75b74350ca4f31519dd97b417d6b57b301ad5d73cf83424f60eaae44
ai_heartmula_muse_cn_suno_cn_005832_0,1,HeartMuLa,development,muse:suno_cn_005832,component_000067,30,48000,12d7634da4ee6f7c51a869010594467ad3aba13670b32ed3166a9224d673d574
ai_heartmula_muse_cn_suno_cn_005841_1,1,HeartMuLa,development,muse:suno_cn_005841,component_000068,30,48000,cb652c98ebc57ecdf41d748842b68f042141f5130dcf3c752b67fef45d448903
ai_heartmula_muse_cn_suno_cn_005844_0,1,HeartMuLa,development,muse:suno_cn_005844,component_000069,30,48000,de461759636912f6a238cc97bf273537be9d391c09603ea6bd31a930139915c0
ai_heartmula_muse_cn_suno_cn_005879_0,1,HeartMuLa,development,muse:suno_cn_005879,component_000070,30,48000,9b109362e2fe6823d647b19bb1c8e0488f10a562f468ef4a6bcdce3d76445999
ai_heartmula_muse_cn_suno_cn_006023_1,1,HeartMuLa,development,muse:suno_cn_006023,component_000072,30,48000,176aafe39eccf7a8a4586ace853c543114a00028d40b377065e409083c0eaa60
ai_heartmula_muse_cn_suno_cn_006047_0,1,HeartMuLa,development,muse:suno_cn_006047,component_000073,30,48000,2179caaffd3d6ac768f491a986b8d759e0fd6f29f689d4e9e2753ee2f1472b80
ai_heartmula_muse_cn_suno_cn_006115_0,1,HeartMuLa,development,muse:suno_cn_006115,component_000074,30,48000,7236a8512485903b457ad39cfc0d4e56bed2a417941e5f183020a7835fe2675d
ai_heartmula_muse_cn_suno_cn_006140_0,1,HeartMuLa,development,muse:suno_cn_006140,component_000075,30,48000,98083eb16c237c4b4fec9a5a2f15ca50c6433b1ce08e57d92f02ab368bd95ebc
ai_heartmula_muse_cn_suno_cn_006142_0,1,HeartMuLa,development,muse:suno_cn_006142,component_000076,30,48000,1c9d24312b882d075fcae6c21d981febd00e1f28dee55ebe553ab72f53b1a24b
ai_heartmula_muse_cn_suno_cn_006204_1,1,HeartMuLa,development,muse:suno_cn_006204,component_000077,30,48000,2938275b95773236a39abc34d55bb57a2097139297e0e3a1a415e5ed389e1d3f
ai_heartmula_muse_cn_suno_cn_006670_1,1,HeartMuLa,development,muse:suno_cn_006670,component_000079,30,48000,d2ae6144581848145209d904884e411628ec7e9bf7067d2b0add655419055745
ai_heartmula_muse_cn_suno_cn_006851_1,1,HeartMuLa,development,muse:suno_cn_006851,component_000080,30,48000,fd929a0986a3d2af168fb32499b3902dedddeb39246513bc9b91dc8ba820c516
ai_heartmula_muse_cn_suno_cn_007242_0,1,HeartMuLa,development,muse:suno_cn_007242,component_000082,30,48000,0df0c1fd6f3e82d8b65d8df8cef64a0934c289ac655067515f3640d4065d2752
ai_heartmula_muse_cn_suno_cn_007250_1,1,HeartMuLa,development,muse:suno_cn_007250,component_000083,30,48000,e61e89b8bff0d270e0dbc2884378af4207a774c832722155e361035a2b995e57
ai_heartmula_muse_cn_suno_cn_007265_1,1,HeartMuLa,development,muse:suno_cn_007265,component_000084,30,48000,39844cca80cade34929134ba4ebb0b741699a112b47088c593ef46c6cf70f6eb
ai_heartmula_muse_cn_suno_cn_007401_1,1,HeartMuLa,development,muse:suno_cn_007401,component_000085,30,48000,8c9658fc55ffa966def1535ce6ae58941c1a03fb9d14c2d73b669155629a6abe
ai_heartmula_muse_cn_suno_cn_007990_0,1,HeartMuLa,development,muse:suno_cn_007990,component_000088,30,48000,2bdca0e14189c6cd08867c0b4d0c2e32770d81fb1b49bcc25f964b69baf96e79
ai_heartmula_muse_cn_suno_cn_008405_1,1,HeartMuLa,development,muse:suno_cn_008405,component_000091,30,48000,a98093e6f08fdcdbbd6dc264805a79775989a390d91f31380b8692a79bba66b9
ai_heartmula_muse_cn_suno_cn_008426_0,1,HeartMuLa,development,muse:suno_cn_008426,component_000092,30,48000,7db7cb12459f786dacb433b0e71d486a2feeb3913cba1e06a7bd202e82ca45a5
ai_heartmula_muse_cn_suno_cn_008528_0,1,HeartMuLa,development,muse:suno_cn_008528,component_000093,30,48000,0b97e4df5f89bd676f7cfc2bb65dca05f37bd9d8ac33def0d5a311124e16fd75
ai_heartmula_muse_cn_suno_cn_008555_0,1,HeartMuLa,development,muse:suno_cn_008555,component_000094,30,48000,5049df8b505ab2b83d02ffc2bd0e8f6b6e7e45dbcac2af6ffd852942e7d619f4
ai_heartmula_muse_cn_suno_cn_008777_0,1,HeartMuLa,development,muse:suno_cn_008777,component_000096,30,48000,73d43a24334aadc9fdea575c8d29501476fd9d8be009dc0e2bdd8537dbfbb10e
ai_heartmula_muse_cn_suno_cn_009034_0,1,HeartMuLa,development,muse:suno_cn_009034,component_000099,30,48000,c63c3aadf7632709c715a2ef6403b1b47329e58548fae649ec92f893ceb37205
ai_heartmula_muse_cn_suno_cn_009521_0,1,HeartMuLa,development,muse:suno_cn_009521,component_000102,30,48000,7879fb8b44c65b69cfceeb9281cba733047ba285522fb6d102e77b76ce69c59d
ai_heartmula_muse_cn_suno_cn_009697_0,1,HeartMuLa,development,muse:suno_cn_009697,component_000103,30,48000,ed860e6f304e67e6633f38df089d472da5cc059fdae8b794bdb720a778917c35
ai_heartmula_muse_cn_suno_cn_009859_0,1,HeartMuLa,development,muse:suno_cn_009859,component_000104,30,48000,7c19e60a6785833afb61cd04a84a9bff47c50c110ad01b3002ede9716ec9832c
ai_heartmula_muse_cn_suno_cn_010120_1,1,HeartMuLa,development,muse:suno_cn_010120,component_000106,30,48000,1afb46ecccd9ed0790abe38fb9ef789e8a1946f99c89cfeae0d6bb2219e4e322
ai_heartmula_muse_cn_suno_cn_010422_0,1,HeartMuLa,development,muse:suno_cn_010422,component_000108,30,48000,c96da4d9ab6cfa8a7d917bf6ee82588fb81d36a74d6495fd907b9c689c62a05d
ai_heartmula_muse_cn_suno_cn_010426_1,1,HeartMuLa,development,muse:suno_cn_010426,component_000109,30,48000,ef787faa565541845b2babff94825a628785912113907bee6234d0b4f9d0efff
ai_heartmula_muse_cn_suno_cn_010468_1,1,HeartMuLa,development,muse:suno_cn_010468,component_000110,30,48000,e0b2bb6d43ebaea339b1c818d8c50577d3f0cb9314e7fafca18685030bfde359
ai_heartmula_muse_cn_suno_cn_010720_0,1,HeartMuLa,development,muse:suno_cn_010720,component_000111,30,48000,2beb6f590b133a20861cf9a106d2058b5aee90b4612a47ec0bbd04db9322f3d1
ai_heartmula_muse_cn_suno_cn_010769_0,1,HeartMuLa,development,muse:suno_cn_010769,component_000112,30,48000,5f4f0e1547fc12c4f43bca3e72298f7a4f12b858b6e819c96044ddb7c12da2e0
ai_heartmula_muse_cn_suno_cn_010854_0,1,HeartMuLa,development,muse:suno_cn_010854,component_000113,30,48000,b936d27981db85b05b92fa2b058c8bc2f5f03df0119a82dd37f0875add27bbad
ai_heartmula_muse_cn_suno_cn_010922_0,1,HeartMuLa,development,muse:suno_cn_010922,component_000114,30,48000,3a2ace6f1f6a58c9279903ff91969f1e9ff14388d37fd734cacd5cc1225f26cf
ai_heartmula_muse_cn_suno_cn_010968_1,1,HeartMuLa,development,muse:suno_cn_010968,component_000115,30,48000,65ff9937e6a2e18e16580e22fbd9c23144c553d91b7350fdb429818692a2235a
ai_heartmula_muse_cn_suno_cn_010976_1,1,HeartMuLa,development,muse:suno_cn_010976,component_000116,30,48000,97738e896c52ebdf4c75165be95a59dc69b0a5ce2ed06392f0782306dc74515e
ai_heartmula_muse_cn_suno_cn_011091_0,1,HeartMuLa,development,muse:suno_cn_011091,component_000118,30,48000,fde9c09ed08ab9fc343a23fede9f2ec1eee84ee3c699b9728b09489ac2cfab05
ai_heartmula_muse_cn_suno_cn_011204_1,1,HeartMuLa,development,muse:suno_cn_011204,component_000120,30,48000,ce6b77c5752101a067bb284e174ce33fb0a6c1100c75b5d3ab8a22c241dd645e
ai_heartmula_muse_cn_suno_cn_011610_0,1,HeartMuLa,development,muse:suno_cn_011610,component_000124,30,48000,502d358fdbedc29e386817a574a6e8e84130e56cf01acf2d37cec9571df6f3d3
ai_heartmula_muse_cn_suno_cn_011638_1,1,HeartMuLa,development,muse:suno_cn_011638,component_000125,30,48000,7236c847304bbba2c3ca030fa2e143f2e9896a667e8da54667b1b41e632d1b4b
ai_heartmula_muse_cn_suno_cn_011869_0,1,HeartMuLa,development,muse:suno_cn_011869,component_000127,30,48000,67f3cb67ac650b9d75cf342d995d78ce022a6408bf37616a0750d79297399cbe
ai_heartmula_muse_cn_suno_cn_012107_1,1,HeartMuLa,development,muse:suno_cn_012107,component_000129,30,48000,cae43bf920f89427f054118fa60255a6da1d1e33fa32bb97fe374a36737e1932
ai_heartmula_muse_cn_suno_cn_012177_0,1,HeartMuLa,development,muse:suno_cn_012177,component_000130,30,48000,6bb02467f83871a65b407947b7b3a1df11a90a08512d349a14fa1581529f9baf
ai_heartmula_muse_cn_suno_cn_012498_0,1,HeartMuLa,development,muse:suno_cn_012498,component_000132,30,48000,de812bb3caae3a1bc6eb45c7e02fffed7b15a29b2c6f9f784cc4cfaa5bb12c63
ai_heartmula_muse_cn_suno_cn_012705_0,1,HeartMuLa,development,muse:suno_cn_012705,component_000134,30,48000,d39136e6ac7fd7a9db7e8c2addbd73d5905ccbbdbafc1a950a63091957c3ae2b
ai_heartmula_muse_cn_suno_cn_012899_1,1,HeartMuLa,development,muse:suno_cn_012899,component_000135,30,48000,f6e7fb0a2f5622aed7f158e377cbb3ea8d5a7720b128e715cd880c63c0255402
ai_heartmula_muse_cn_suno_cn_012967_1,1,HeartMuLa,development,muse:suno_cn_012967,component_000136,30,48000,fec99ecce349d72e663ff1a6c3438a5a656749df6160fc9c0fe315b4d41a188a
ai_heartmula_muse_cn_suno_cn_013167_0,1,HeartMuLa,development,muse:suno_cn_013167,component_000137,30,48000,fc67a3831dacef871eb901fb3bbfdb5c435424d3549ad455dde45e9270d62694
ai_heartmula_muse_cn_suno_cn_013209_1,1,HeartMuLa,development,muse:suno_cn_013209,component_000139,30,48000,6688c593797929fb832c1b4fd992e9b6a9f35d854d187ed430aa577714030ca8
ai_heartmula_muse_cn_suno_cn_013771_1,1,HeartMuLa,development,muse:suno_cn_013771,component_000143,30,48000,2ad3584bbb753797956637deca8afb13d3a1e3bf9f004461d57466f4ba6d8ae6
ai_heartmula_muse_cn_suno_cn_013851_1,1,HeartMuLa,development,muse:suno_cn_013851,component_000144,30,48000,5acf81da25e1ce0cf7ec797d79055b2048a363cfec6d6cfc64f8a42df7cf10df
ai_heartmula_muse_cn_suno_cn_014378_1,1,HeartMuLa,development,muse:suno_cn_014378,component_000146,30,48000,2008c4d24c1c8520a360822b0e69ffc574029c409b154d0b28a9d34edcc13fe5
ai_heartmula_muse_cn_suno_cn_014722_0,1,HeartMuLa,development,muse:suno_cn_014722,component_000150,30,48000,0285f028e940f5222571b29e85b3144c92977d06f143c346bf0637766dec7e3c
ai_heartmula_muse_cn_suno_cn_014780_1,1,HeartMuLa,development,muse:suno_cn_014780,component_000151,30,48000,de1db5b34276af92d67bd91f60812bcb1c03ef4b359024458e5face2d5ee6d81
ai_heartmula_muse_cn_suno_cn_014976_0,1,HeartMuLa,development,muse:suno_cn_014976,component_000153,30,48000,2ab36e5c7d6d01b834e971c58cb779edce8682d348a313bdbb7ecfa26277e380
ai_heartmula_muse_cn_suno_cn_015187_1,1,HeartMuLa,development,muse:suno_cn_015187,component_000155,30,48000,d616591505bcd28c469755d8d985dd160689f22e7d6711831a1115d832b5f87a
ai_heartmula_muse_cn_suno_cn_015622_0,1,HeartMuLa,development,muse:suno_cn_015622,component_000156,30,48000,e324d21a057e3e7bb1aaa03a498f0bc3e3199651cff929788a0554747ceb3f6a
ai_heartmula_muse_cn_suno_cn_015652_0,1,HeartMuLa,development,muse:suno_cn_015652,component_000157,30,48000,df03a6e11f0bb33ae711b4368446ccaef56f76761efdd97be2dd57c645b477ae
ai_heartmula_muse_cn_suno_cn_015840_1,1,HeartMuLa,development,muse:suno_cn_015840,component_000158,30,48000,c0add9fb5a0c68ed6485c615ad188e1717ad1e32426f45db1e5c4d1d6a68d22e
ai_heartmula_muse_cn_suno_cn_015869_0,1,HeartMuLa,development,muse:suno_cn_015869,component_000159,30,48000,1006bdc5d3b8de2623e7b5f1177252f20a7cc834ee9a37c70f31be4f7a298b03
ai_heartmula_muse_cn_suno_cn_015906_0,1,HeartMuLa,development,muse:suno_cn_015906,component_000160,30,48000,41fb1090fa941d61a920d1717fc53d4ee0380ce02649bac7e5e62f367bae6b17
ai_heartmula_muse_cn_suno_cn_016011_0,1,HeartMuLa,development,muse:suno_cn_016011,component_000161,30,48000,4ddd75f50572901344ea59f342cd82f623c13f27e6c675a77811f13cbc1d727a
ai_heartmula_muse_cn_suno_cn_016186_1,1,HeartMuLa,development,muse:suno_cn_016186,component_000162,30,48000,8af0aef54b1379da8c64222b857c90efa2e87c5d436f7288396f7646246118f0
ai_heartmula_muse_cn_suno_cn_016201_1,1,HeartMuLa,development,muse:suno_cn_016201,component_000163,30,48000,62eb467bf7f5fb36023ecc4c03d2072ed22bd53cf0df533b6aabe732993e626e
ai_heartmula_muse_cn_suno_cn_016541_1,1,HeartMuLa,development,muse:suno_cn_016541,component_000164,30,48000,0a5c347627301a3091fa40cc7b3d32da75cee99cb01ace1367dd36961885b28c
ai_heartmula_muse_cn_suno_cn_016564_1,1,HeartMuLa,development,muse:suno_cn_016564,component_000165,30,48000,93de9362cf9f70a21eaa25a554822497b649bdd40930424ba2f3808dc67d1e64
ai_heartmula_muse_cn_suno_cn_017217_1,1,HeartMuLa,development,muse:suno_cn_017217,component_000167,30,48000,c4ae32b5d4e3d465afdd6a7d4ac1e292086bbf08fd811d5efb8f7bfa46e2b6c8
ai_heartmula_muse_cn_suno_cn_017373_0,1,HeartMuLa,development,muse:suno_cn_017373,component_000171,30,48000,ad120c5c8bf4f02d2167579705fe48b729c8f3bef154e979eb49cf6c50b20b17
ai_heartmula_muse_cn_suno_cn_017486_0,1,HeartMuLa,development,muse:suno_cn_017486,component_000172,30,48000,56b881ebbfd6f07bdfa5a38368442edfe21871a64e83be50357dee00cfb5f354
ai_heartmula_muse_cn_suno_cn_017531_0,1,HeartMuLa,development,muse:suno_cn_017531,component_000173,30,48000,fcb277606af9f89ce7ff0976c8d48e4f63b3f11a1a197d15a0451002a8ac3ec6
ai_heartmula_muse_cn_suno_cn_017645_1,1,HeartMuLa,development,muse:suno_cn_017645,component_000175,30,48000,49cd4fdb386b705490b40f3afb3c033619fa5597f065c79242a646e07b218429
ai_heartmula_muse_cn_suno_cn_017803_1,1,HeartMuLa,development,muse:suno_cn_017803,component_000177,30,48000,af84a0cee1260740306fab14cf710029f0df6c7ead2bf1551bae5091fb7ed694
ai_heartmula_muse_cn_suno_cn_017832_1,1,HeartMuLa,development,muse:suno_cn_017832,component_000178,30,48000,78c2423246017d335f814a641dbea264c04cbb090436f6d01cc8360d59d4548e
ai_heartmula_muse_cn_suno_cn_017956_1,1,HeartMuLa,development,muse:suno_cn_017956,component_000179,30,48000,6d8b29da7cfda1bb6a652d3adae6eea811db3f948ebf38e4070e5fc5fd63092e
ai_heartmula_muse_cn_suno_cn_018057_0,1,HeartMuLa,development,muse:suno_cn_018057,component_000181,30,48000,8c32ea632c6f62e435afe3600340f4d26387960c07bda1fcf3edabbef6daa36c
ai_heartmula_muse_cn_suno_cn_018338_1,1,HeartMuLa,development,muse:suno_cn_018338,component_000182,30,48000,4749e710c8e298ca56f6e6da6609ace6f0386249e9799cfa3efa6d9d55235547
ai_heartmula_muse_cn_suno_cn_018558_1,1,HeartMuLa,development,muse:suno_cn_018558,component_000183,30,48000,9a694a98c142e53ecef12bc5bfa57d18b8bd30732b745519df4daad14cd6e958
ai_heartmula_muse_cn_suno_cn_018563_0,1,HeartMuLa,development,muse:suno_cn_018563,component_000184,30,48000,0e3847683fe300ddac89466942396b6d05cebcfaa8e792f0cd26a62101c951a2
ai_heartmula_muse_cn_suno_cn_018634_1,1,HeartMuLa,development,muse:suno_cn_018634,component_000185,30,48000,4ae3aec6814d71b467fcefec4ffa04ec9a1eff974a09e4aab19fbf51598a7b06
ai_heartmula_muse_cn_suno_cn_018814_1,1,HeartMuLa,development,muse:suno_cn_018814,component_000187,30,48000,c267e4a1b10285c6148ddced63116d8d0b0eee4891bdea38b539b944b3820e56
ai_heartmula_muse_cn_suno_cn_019033_1,1,HeartMuLa,development,muse:suno_cn_019033,component_000188,30,48000,d5e85540a3b953892120985be48b216a097592fd8af17e3605e08d9ca50a384b
ai_heartmula_muse_cn_suno_cn_019084_0,1,HeartMuLa,development,muse:suno_cn_019084,component_000190,30,48000,011a5c2b93f1db90b5817d12f78910bb0bd2cd32805dca1f3ea55b034b3f4cfa
ai_heartmula_muse_cn_suno_cn_019155_0,1,HeartMuLa,development,muse:suno_cn_019155,component_000191,30,48000,8e817b3a045934b0b78f86bb9cac0446d27a6a6ae3c1a14a0f41de0b81c2336c
ai_heartmula_muse_cn_suno_cn_019593_0,1,HeartMuLa,development,muse:suno_cn_019593,component_000193,30,48000,e25aeacc710bb84e43a505f38c632db07e42b5ccd88512f7e130f445035cfeca
ai_heartmula_muse_cn_suno_cn_019618_0,1,HeartMuLa,development,muse:suno_cn_019618,component_000194,30,48000,f4d3cd8e6456c282ba54552019757dc655bc246bbfef4d79375b615f270a01ae
ai_heartmula_muse_cn_suno_cn_019709_1,1,HeartMuLa,development,muse:suno_cn_019709,component_000195,30,48000,9f0147a193e38a47d713c4aeaa8c8c7d602a5cd395b892b1522fdc96c9cc0fb0
ai_heartmula_muse_cn_suno_cn_019962_1,1,HeartMuLa,development,muse:suno_cn_019962,component_000198,30,48000,7e1c75816e6c5e25348835c218cb16ce74739edf00a44c348cccd3e5bcac9d7e
ai_heartmula_muse_cn_suno_cn_020151_1,1,HeartMuLa,development,muse:suno_cn_020151,component_000200,30,48000,1cb71bb61b87eb979dbfd9904dd6ea33cbfea9f74ad85d418ea3cc28d8ee6ef7
ai_heartmula_muse_cn_suno_cn_020176_0,1,HeartMuLa,development,muse:suno_cn_020176,component_000201,30,48000,7c51aaa652fb1707cb9af795f470cc6f3b39ae5462cc5762575a9513cba6d785
ai_heartmula_muse_cn_suno_cn_020583_0,1,HeartMuLa,development,muse:suno_cn_020583,component_000204,30,48000,318bb8c9da241dd46fd21d1cd42d37f679b2db2c9444518d8d0824f67453b7f9
ai_heartmula_muse_cn_suno_cn_020622_1,1,HeartMuLa,development,muse:suno_cn_020622,component_000206,30,48000,6588a4b745f471d42b1fcfae3f0dab525db4395e0351da21f11d6210e0e87b29
ai_heartmula_muse_cn_suno_cn_020623_0,1,HeartMuLa,development,muse:suno_cn_020623,component_000207,30,48000,0c7ad06e0e563c363a4f067d892bd3a5b8f13989d68ec6e16d7a4bd3f821ff6b
ai_heartmula_muse_cn_suno_cn_020838_1,1,HeartMuLa,development,muse:suno_cn_020838,component_000208,30,48000,6c809d34ad4e2dbec10e7e843ef2433f693465b9744074192e47f34a61e36087
ai_heartmula_muse_cn_suno_cn_020854_0,1,HeartMuLa,development,muse:suno_cn_020854,component_000209,30,48000,df3afb2a8119cc571e75e59b28a19a58666726f191da886d6b73717c611c6e46
ai_heartmula_muse_cn_suno_cn_020956_0,1,HeartMuLa,development,muse:suno_cn_020956,component_000210,30,48000,e48e119293c5855b793eb63b5b6487b5d10050849e85a833137caa3878096f07
ai_heartmula_muse_cn_suno_cn_020962_1,1,HeartMuLa,development,muse:suno_cn_020962,component_000211,30,48000,0c8775fb7c81d554f1151f99952930910caf23990a0f5c0e5998877d4449d084
ai_heartmula_muse_cn_suno_cn_021072_1,1,HeartMuLa,development,muse:suno_cn_021072,component_000213,30,48000,c909008c2ddcb54245680add850e743b8636310983325b2249f033f2fa12fd24
ai_heartmula_muse_cn_suno_cn_021265_1,1,HeartMuLa,development,muse:suno_cn_021265,component_000214,30,48000,333e95f3e571033c1f9b21b89860dcacffa0d647f32d2fff4b79326f5385847e
ai_heartmula_muse_cn_suno_cn_021396_1,1,HeartMuLa,development,muse:suno_cn_021396,component_000215,30,48000,33336cb2f2dd67c3f1da4a091ad21d938a86b0bfbfda2d588a43cc22bb03a5a0
ai_heartmula_muse_cn_suno_cn_021662_1,1,HeartMuLa,development,muse:suno_cn_021662,component_000217,30,48000,30637fd4b5f62b58c541fe4a49fdbbcc1e89fb3ad91ec3dbf27fc399ae479825
ai_heartmula_muse_cn_suno_cn_021942_1,1,HeartMuLa,development,muse:suno_cn_021942,component_000220,30,48000,d2d5806b09dc8f1d10f16cf47258f054c06f581b5c34e3ae5209145a2a8ca4da
ai_heartmula_muse_cn_suno_cn_021964_1,1,HeartMuLa,development,muse:suno_cn_021964,component_000221,30,48000,8b5e7f2d0df63dc001e47fc468e87b089409a3c243331bed2f3aa04a1da4602e
ai_heartmula_muse_cn_suno_cn_022781_1,1,HeartMuLa,development,muse:suno_cn_022781,component_000223,30,48000,ac7dd410591002f7c7c7b6f5acea521d593ef01fe93706cd284137ae5a2ddf6a
ai_heartmula_muse_cn_suno_cn_022963_0,1,HeartMuLa,development,muse:suno_cn_022963,component_000224,30,48000,48061f187ce22dbe2237223d3f3ac6c455921d39467a77d4a7f12308adc2303b
ai_heartmula_muse_cn_suno_cn_023026_0,1,HeartMuLa,development,muse:suno_cn_023026,component_000225,30,48000,127561e22c3aa5cd41b7757e43566f22bd3e2fe4c03aff4467c20e87a3af1ace
ai_heartmula_muse_cn_suno_cn_023072_0,1,HeartMuLa,development,muse:suno_cn_023072,component_000226,30,48000,6a87919a124f362142d5af5c849d549deffade2537ee92dea5aee12d32e44088
ai_heartmula_muse_cn_suno_cn_023110_0,1,HeartMuLa,development,muse:suno_cn_023110,component_000227,30,48000,ce2a99feb56f86dccd1d996390ede82b4d9336ddcf7b771893dc30492a8768ae
ai_heartmula_muse_cn_suno_cn_023220_0,1,HeartMuLa,development,muse:suno_cn_023220,component_000229,30,48000,b692335f1fe2a45853fd65233cddd165521a99b8db4413a599ccce34e909e84f
ai_heartmula_muse_cn_suno_cn_023274_0,1,HeartMuLa,development,muse:suno_cn_023274,component_000230,30,48000,1006dab81a804505b1e356ed6eb567a891ef66f4db40315b69d9179441d7eb4f
ai_heartmula_muse_cn_suno_cn_023450_0,1,HeartMuLa,development,muse:suno_cn_023450,component_000232,30,48000,31c98b49f44addb810b0eb0e1b91b130865b39e2903dd5ecf2ad2b19afc9ea11
ai_heartmula_muse_cn_suno_cn_023829_1,1,HeartMuLa,development,muse:suno_cn_023829,component_000235,30,48000,cb6b73ab64857b116c4895fae256a6a2419a3c0765a6045197f4c2d4c0bd14d0
ai_heartmula_muse_cn_suno_cn_023885_1,1,HeartMuLa,development,muse:suno_cn_023885,component_000236,30,48000,c91107c846eb6777f01903fabbce231be40ed2c1a48ac43247fcce2ca6422dd2
ai_heartmula_muse_cn_suno_cn_023910_1,1,HeartMuLa,development,muse:suno_cn_023910,component_000237,30,48000,3d51a44cb29840585bf293b1a8b6076111753bcb9ccc135300bd06ba3dbcd816
ai_heartmula_muse_cn_suno_cn_023964_1,1,HeartMuLa,development,muse:suno_cn_023964,component_000238,30,48000,f7b67bc3cfab1d622cb71c7862d33bebd377e5e54fc67029a7e0c95776e2be6b
ai_heartmula_muse_cn_suno_cn_024218_0,1,HeartMuLa,development,muse:suno_cn_024218,component_000240,30,48000,357e314e127c1bd37bb59a5188b5caa220a78ee8bc48f36c2c8b00eec82ddd4e
ai_heartmula_muse_cn_suno_cn_024242_1,1,HeartMuLa,development,muse:suno_cn_024242,component_000241,30,48000,1ac82b787ccbca181a43521b429b827afd340e10d52b24967a16432092f2c714
ai_heartmula_muse_cn_suno_cn_024403_1,1,HeartMuLa,development,muse:suno_cn_024403,component_000242,30,48000,3a656d245215de118548c0a78fe15bd69934b22b88f7ae9c848555c0e0c7d848
ai_heartmula_muse_cn_suno_cn_024482_0,1,HeartMuLa,development,muse:suno_cn_024482,component_000243,30,48000,c9f9aea147c4a6aad5f1711d9e9418d86fc4ed6c176d449b643de21ca5526a97
ai_heartmula_muse_cn_suno_cn_024491_1,1,HeartMuLa,development,muse:suno_cn_024491,component_000244,30,48000,86d98a5cec8a112472ad7d4688821fc06328cb1bb7cd3362febad4292c4615aa
ai_heartmula_muse_cn_suno_cn_024565_0,1,HeartMuLa,development,muse:suno_cn_024565,component_000245,30,48000,3d12f64b185f53888facafc920e00027a56e6257955123de09082ba081278f4a
ai_heartmula_muse_cn_suno_cn_024768_0,1,HeartMuLa,development,muse:suno_cn_024768,component_000247,30,48000,cffd63c5384c44574bbfe59a530641d14cf71c41b941673988ebaaff2ffc1da2
ai_heartmula_muse_cn_suno_cn_024852_1,1,HeartMuLa,development,muse:suno_cn_024852,component_000248,30,48000,7d8faf05983b595050c06052656eeaaf65d56c2085d629017ff3586837279b85
ai_heartmula_muse_cn_suno_cn_024907_1,1,HeartMuLa,development,muse:suno_cn_024907,component_000249,30,48000,6993bc4c4204a3f9e864db3016dd6ee7f0623194195ec5d865cb4d2b9a06dbfd
ai_heartmula_muse_en_suno_en_000171_1,1,HeartMuLa,development,muse:suno_en_000171,component_000251,30,48000,8e4cc80b417bfc1ab3be5d5007e976107cd9006eed44344729b81a9a5e198cdc
ai_heartmula_muse_en_suno_en_000178_0,1,HeartMuLa,development,muse:suno_en_000178,component_000252,30,48000,6e993d3979796e3ebdaf102577a68d32295755d07d35033e5666c9dac2887f1e
ai_heartmula_muse_en_suno_en_000234_1,1,HeartMuLa,development,muse:suno_en_000234,component_000253,30,48000,a5e872b1ccb7e303673c03314ca07017cdb1bd617754ce16df25ffa3dfcb55aa
ai_heartmula_muse_en_suno_en_000300_1,1,HeartMuLa,development,muse:suno_en_000300,component_000254,30,48000,b63071c19a3f1bfd1744a833bda4b275e4b310f867c42ff88797cb380e8ba1a4
ai_heartmula_muse_en_suno_en_000394_1,1,HeartMuLa,development,muse:suno_en_000394,component_000255,30,48000,014a2c963b5d01404e8e6aa861cf4c43b752295b0bfbd69df370719fda8577a4
ai_heartmula_muse_en_suno_en_000542_1,1,HeartMuLa,development,muse:suno_en_000542,component_000256,30,48000,f87e64402c011e3ad4c089f77db9d07493bbb84f12529dd54d3dfe036bd936d1
ai_heartmula_muse_en_suno_en_000948_0,1,HeartMuLa,development,muse:suno_en_000948,component_000258,30,48000,72f2dcd8b349563b253701246a88c977f07463a05f7fbeb06d6d55388e0d5af5
ai_heartmula_muse_en_suno_en_000972_1,1,HeartMuLa,development,muse:suno_en_000972,component_000259,30,48000,2be197d46c302135bf6f972b147531325fb34a2a435845e708d668d259a7d03a
ai_heartmula_muse_en_suno_en_001129_0,1,HeartMuLa,development,muse:suno_en_001129,component_000260,30,48000,3ff342d7eedb24b92443526194355f6ad916e5c117b8d23abecda4628e8fee9c
ai_heartmula_muse_en_suno_en_001537_0,1,HeartMuLa,development,muse:suno_en_001537,component_000261,30,48000,83fe5d4e93fa366e875bb1c6a15f43ac60ea4447721af4571cd75b7ebf4ef2a4
ai_heartmula_muse_en_suno_en_001605_1,1,HeartMuLa,development,muse:suno_en_001605,component_000262,30,48000,d2a6031598e6df57615c8552159ffb2d7288d992ea028a322c78df911a8a4d29
ai_heartmula_muse_en_suno_en_001633_0,1,HeartMuLa,development,muse:suno_en_001633,component_000263,30,48000,59ad900f07cdb04331c126cb4bbead6ffaba8d2c191c16fb1c0a9a1cea5bbf3b
ai_heartmula_muse_en_suno_en_001875_0,1,HeartMuLa,development,muse:suno_en_001875,component_000265,30,48000,265feaabed27fb585747c033ab2119623c044dcc0461517275bd28eabd96cfac
ai_heartmula_muse_en_suno_en_001913_1,1,HeartMuLa,development,muse:suno_en_001913,component_000266,30,48000,7efd4a6c75a9ec8ba18cea894549d038552dc44fdf421858fcb86544b720c5d9
ai_heartmula_muse_en_suno_en_002048_1,1,HeartMuLa,development,muse:suno_en_002048,component_000267,30,48000,c8f34deb3432b0a99b9cfcc98fdce44e7801be25c4d7b47bc335087f6014a204
ai_heartmula_muse_en_suno_en_002255_1,1,HeartMuLa,development,muse:suno_en_002255,component_000268,30,48000,260ca0543ccf4a92a1a0892ddaab965c50e0dbe472ab5bf5b390d670edae0ea7
ai_heartmula_muse_en_suno_en_002426_1,1,HeartMuLa,development,muse:suno_en_002426,component_000269,30,48000,9f9c81ae6f94aea4f622a0687e622e13f257d32b2e4f221f50168c2adc2d66dc
ai_heartmula_muse_en_suno_en_002603_1,1,HeartMuLa,development,muse:suno_en_002603,component_000272,30,48000,9eca54d9fc69f68839bde67669217dc9ef7309fbef6f37b423eaf0add4079877
ai_heartmula_muse_en_suno_en_002634_0,1,HeartMuLa,development,muse:suno_en_002634,component_000273,30,48000,f50f9d184c0d7d8b3c99fa57d30748afca84caff76def02c982c71012e246253
ai_heartmula_muse_en_suno_en_002699_0,1,HeartMuLa,development,muse:suno_en_002699,component_000274,30,48000,0a0e7a501abbc9bbccf106d551473c2af137d48d62e0205ae244b9c460e3ca15
ai_heartmula_muse_en_suno_en_002723_1,1,HeartMuLa,development,muse:suno_en_002723,component_000275,30,48000,f5aa85fa366b503aae2863ff23bbb6603127a01d3fecd067afa8855032864500
ai_heartmula_muse_en_suno_en_002724_1,1,HeartMuLa,development,muse:suno_en_002724,component_000276,30,48000,fd294b35dbdb4416bc2b63a78772191c35122bb91a472171496e9a3e9b9454a0
ai_heartmula_muse_en_suno_en_003147_1,1,HeartMuLa,development,muse:suno_en_003147,component_000277,30,48000,6dfe79172f05534c42cbcbdabf142efd15ec8639bd81ff77f19af598c4153429
ai_heartmula_muse_en_suno_en_003424_1,1,HeartMuLa,development,muse:suno_en_003424,component_000279,30,48000,81954c6af7a9db7127d1568c7e1d7cfcede317c41b0fc18d173bc25d5492f836
ai_heartmula_muse_en_suno_en_003451_1,1,HeartMuLa,development,muse:suno_en_003451,component_000280,30,48000,20402b9d7954b9cc0fd0823ddefd92ef9ffde65e292fe4b4f9de8988f482c425
ai_heartmula_muse_en_suno_en_003642_1,1,HeartMuLa,development,muse:suno_en_003642,component_000281,30,48000,abb6c297ae74d0bafd694c610ddb93febc53b6874926f1958df585ee3f64c8dc
ai_heartmula_muse_en_suno_en_003666_1,1,HeartMuLa,development,muse:suno_en_003666,component_000282,30,48000,ad3a691ba9fbb27afee52c6a193ff2769548454f6ea14e3460ec58f43e3b8911
ai_heartmula_muse_en_suno_en_003903_1,1,HeartMuLa,development,muse:suno_en_003903,component_000283,30,48000,99e2e637505747aaf575a7ab137757c5851b8333f1e43123d588b01d17ac8a47
ai_heartmula_muse_en_suno_en_003961_0,1,HeartMuLa,development,muse:suno_en_003961,component_000284,30,48000,c96974764274b6a49e79fad434892edb4734045d43a0769cdd1cb3e332d15d2a
ai_heartmula_muse_en_suno_en_004118_0,1,HeartMuLa,development,muse:suno_en_004118,component_000285,30,48000,971522ed8f47297a5afc20b7c37b2b722a56000d87d127aa1b28a3cfa0ae9c5f
ai_heartmula_muse_en_suno_en_004217_0,1,HeartMuLa,development,muse:suno_en_004217,component_000286,30,48000,7c997d40c3d25cb0669e9cc5d633d414271305c26a758ff71ee10dca7f85615d
ai_heartmula_muse_en_suno_en_004417_1,1,HeartMuLa,development,muse:suno_en_004417,component_000287,30,48000,2e61b6e277cdd58b54104478b36c558b0950029d8625d865fa93e70324f9bd3b
ai_heartmula_muse_en_suno_en_004466_1,1,HeartMuLa,development,muse:suno_en_004466,component_000288,30,48000,733a8a8c68c75afb2a9fa822741ee2c46e365847ca0afeb7b32bcdf7556e2964
ai_heartmula_muse_en_suno_en_004478_0,1,HeartMuLa,development,muse:suno_en_004478,component_000289,30,48000,a629f2afc2e60723b20d10f6c43bd67e09dd9650bb282529af4031758b363c5c
ai_heartmula_muse_en_suno_en_004730_1,1,HeartMuLa,development,muse:suno_en_004730,component_000290,30,48000,77ad1ba3326d29509cabeeddbd8bedd4979c3de23f443436abffd1d3b6f90f97
ai_heartmula_muse_en_suno_en_004749_1,1,HeartMuLa,development,muse:suno_en_004749,component_000291,30,48000,644cb76866bd1549d316c068ab63204219b1aeaab08b55ad1c0b01bacf76ca14
ai_heartmula_muse_en_suno_en_005012_1,1,HeartMuLa,development,muse:suno_en_005012,component_000293,30,48000,eb8b5f65e27729aec60c18d8fe45ad6ea5056d7c2ead75a146593af81bcc2309
ai_heartmula_muse_en_suno_en_005190_0,1,HeartMuLa,development,muse:suno_en_005190,component_000294,30,48000,00cb52fb12a3b18325a5c25a030d5a87fa9ceb9fc96f06a10bc0dcbf9dcd70c0
ai_heartmula_muse_en_suno_en_005195_1,1,HeartMuLa,development,muse:suno_en_005195,component_000295,30,48000,73d367c18ae69df08d34d18b235c82930557184291589c93f89539e9ad243e32
ai_heartmula_muse_en_suno_en_005991_0,1,HeartMuLa,development,muse:suno_en_005991,component_000299,30,48000,b599b1be227f15a7f3cb82424976e87776bfbfee32faaa5b1651481769078fb8
ai_heartmula_muse_en_suno_en_005992_1,1,HeartMuLa,development,muse:suno_en_005992,component_000300,30,48000,531bd5a7836afa14f004fd29d5c4b34824d8b8bdae5e49d02f5da64c32bcec2e
ai_heartmula_muse_en_suno_en_006200_0,1,HeartMuLa,development,muse:suno_en_006200,component_000301,30,48000,9a07eca59c324f679a19f97fbe40a8ba00e07af92a33417fc257628c6f420aae
ai_heartmula_muse_en_suno_en_006876_0,1,HeartMuLa,development,muse:suno_en_006876,component_000303,30,48000,9dafc5da72e2a1a5a6fc9bbc4978502540f8bf324998d257db5e2d1a5c9cd4dd
ai_heartmula_muse_en_suno_en_007117_0,1,HeartMuLa,development,muse:suno_en_007117,component_000304,30,48000,1ab3e7c6382e7b0627997844b3c9a67fa8089c32d0cffaeff73a0fda72b3bbfe
ai_heartmula_muse_en_suno_en_007200_1,1,HeartMuLa,development,muse:suno_en_007200,component_000305,30,48000,aac3718e6065a5746c5236fcc727282a5b14dd8a113807948fbdd2f9b7d115bd
ai_heartmula_muse_en_suno_en_007332_0,1,HeartMuLa,development,muse:suno_en_007332,component_000306,30,48000,a0598ee9715921b0563ce63b07c50602b871a6e79167eb8cd45c205af62472c9
ai_heartmula_muse_en_suno_en_007376_0,1,HeartMuLa,development,muse:suno_en_007376,component_000307,30,48000,13734307a9f59513e8f1fc082a2358e87d983f9eef58a1e56feef6e9c76fcb4d
ai_heartmula_muse_en_suno_en_007625_1,1,HeartMuLa,development,muse:suno_en_007625,component_000309,30,48000,8d1e96e00347e871c7e59a11f2632f1bd95fd6ab0991cc6efe5991bbad474f74
ai_heartmula_muse_en_suno_en_007810_1,1,HeartMuLa,development,muse:suno_en_007810,component_000310,30,48000,5aee77f918d765b6ca8b7367216d2ef78eadcb61661a78c18acaec2a94162163
ai_heartmula_muse_en_suno_en_007954_1,1,HeartMuLa,development,muse:suno_en_007954,component_000312,30,48000,ecd83eadabd8d775ab4d8f5ab13875ae9fd2d8a4cf69cdac06de6952e9473df8
ai_heartmula_muse_en_suno_en_008171_0,1,HeartMuLa,development,muse:suno_en_008171,component_000313,30,48000,20d50a71c9b3dd9a39c72f11ef5542386a0563995541282b4f40131b68909b2b
ai_heartmula_muse_en_suno_en_008190_1,1,HeartMuLa,development,muse:suno_en_008190,component_000314,30,48000,1f4c11839bb7baddc829195e45da7cabac0ed7d510d9a1217c86e1bd69526676
ai_heartmula_muse_en_suno_en_008204_0,1,HeartMuLa,development,muse:suno_en_008204,component_000315,30,48000,75ca1978958b19a64e782320715e3e2277531ed0853b56c1d4337aad88ca5ce5
ai_heartmula_muse_en_suno_en_008284_1,1,HeartMuLa,development,muse:suno_en_008284,component_000316,30,48000,885d8d2afcdb21aef68d4ce67186fb7baef7a8f85bbf31d39661432278096a38
ai_heartmula_muse_en_suno_en_008435_1,1,HeartMuLa,development,muse:suno_en_008435,component_000317,30,48000,f57f233d8b75973340da1353f564a07c17b9935d55a022b0f40c0dd24f324646
ai_heartmula_muse_en_suno_en_010654_0,1,HeartMuLa,development,muse:suno_en_010654,component_000319,30,48000,410839918165404b30d0141c7b6c6a7686d075f66556b8c8b14a21bc40a2f879
ai_heartmula_muse_en_suno_en_010805_1,1,HeartMuLa,development,muse:suno_en_010805,component_000321,30,48000,71a3ab090ee8c74e62685ad76c636f213e6f008d8fe5a2e71f89fbe7de213d87
ai_heartmula_muse_en_suno_en_011022_1,1,HeartMuLa,development,muse:suno_en_011022,component_000323,30,48000,5d88bb4964d059a673f48435d58ca2336207378f6e2881b9fb6bb6b1facd2936
ai_heartmula_muse_en_suno_en_011062_1,1,HeartMuLa,development,muse:suno_en_011062,component_000324,30,48000,55180b0d59047b8cc98e3159f91e0fc204693a605aab0e969a981970746ef577
ai_heartmula_muse_en_suno_en_011375_1,1,HeartMuLa,development,muse:suno_en_011375,component_000326,30,48000,2eeae7efe755dd309211af796029199cceb092e6687402f4061eb46989b511e8
ai_heartmula_muse_en_suno_en_011430_0,1,HeartMuLa,development,muse:suno_en_011430,component_000327,30,48000,bb9f7fb349c4fb9beac559c2d3b77b69780e9340ca7277291f975983e56e686b
ai_heartmula_muse_en_suno_en_011432_0,1,HeartMuLa,development,muse:suno_en_011432,component_000328,30,48000,3ecc118b9291c4caa6779a38a831a6a8ea5df98b43dde54acea65bcc258ecfe0
ai_heartmula_muse_en_suno_en_011584_1,1,HeartMuLa,development,muse:suno_en_011584,component_000329,30,48000,a1ee3e96063f414703783325b2a69b5fc8af5837a6b01d81531d616023af31e3
ai_heartmula_muse_en_suno_en_011976_0,1,HeartMuLa,development,muse:suno_en_011976,component_000330,30,48000,8d01436f14b90861a556c66230865b44f85ffe97d672207dd99f82d25bc78d63
ai_heartmula_muse_en_suno_en_012038_1,1,HeartMuLa,development,muse:suno_en_012038,component_000331,30,48000,70a77accd5c8870220d0d894df8d0eb399492954281c610685b156d8fe07cd35
ai_heartmula_muse_en_suno_en_012329_0,1,HeartMuLa,development,muse:suno_en_012329,component_000333,30,48000,c962feea8ac34e291d11dfbbe1711ef409788ecf8b1b2f8f9f72057bf5a6ae8c
ai_heartmula_muse_en_suno_en_012364_0,1,HeartMuLa,development,muse:suno_en_012364,component_000334,30,48000,82d4e1ba0c603f8c9c7647a9aa4a264a3054db57688d008800accbec0d4daa4a
ai_heartmula_muse_en_suno_en_012425_0,1,HeartMuLa,development,muse:suno_en_012425,component_000336,30,48000,594d604781896497d81def0b13a34276e3779f105157984fc9afdfed9d6879d3
ai_heartmula_muse_en_suno_en_012475_0,1,HeartMuLa,development,muse:suno_en_012475,component_000337,30,48000,9273ec3b714f372e69ea0eaa9649c9b44cda4fa1dd33ce6feee9e8a125e6b498
ai_heartmula_muse_en_suno_en_013020_0,1,HeartMuLa,development,muse:suno_en_013020,component_000339,30,48000,fa641289dbcc6f5f079e3b0b342a33d31c9949c997c14e596a728b85091cb924
ai_heartmula_muse_en_suno_en_013448_1,1,HeartMuLa,development,muse:suno_en_013448,component_000340,30,48000,0d4c898c1e3575d2099df28eb47aae381e443166709dda222e906283ad53ec3e
ai_heartmula_muse_en_suno_en_013480_1,1,HeartMuLa,development,muse:suno_en_013480,component_000341,30,48000,a8ba7c99a430136500ca86e7a9ad301a976bdc832abbfcdfc539c72821f8410f
ai_heartmula_muse_en_suno_en_013488_0,1,HeartMuLa,development,muse:suno_en_013488,component_000342,30,48000,8a1388c85792cc95fa8e9320085583b96841d23e9771c1f8e3b22efdd42bf7cf
ai_heartmula_muse_en_suno_en_013579_1,1,HeartMuLa,development,muse:suno_en_013579,component_000344,30,48000,ee135843700ecc91223c0935827d9838488263cb599d8270134bd7f0b13eaf17
ai_heartmula_muse_en_suno_en_013733_1,1,HeartMuLa,development,muse:suno_en_013733,component_000345,30,48000,93e7a6c7dd1383ab2ad602b93495fee81bebbc4fffbe655fb23c1082b8f442f1
ai_heartmula_muse_en_suno_en_013915_1,1,HeartMuLa,development,muse:suno_en_013915,component_000346,30,48000,98c16485fc5813bbf1500ad4a606f5006a31d4a41e6619cd01d4f3a40520866f
ai_heartmula_muse_en_suno_en_013922_0,1,HeartMuLa,development,muse:suno_en_013922,component_000347,30,48000,1968c665c44b577eaae29844fd337d987ad660191dbaefd72b61ce2d0f173d2a
ai_heartmula_muse_en_suno_en_013933_1,1,HeartMuLa,development,muse:suno_en_013933,component_000348,30,48000,4e5ff7b09f98c27e75b60bb7a864ae1eb0c036515beb182c3e15cfb4ba1f10e3
ai_heartmula_muse_en_suno_en_014015_1,1,HeartMuLa,development,muse:suno_en_014015,component_000349,30,48000,2cbc03ba6a27cde5a73efca633857730d3ab9cc70b32bed0fdd9b279aeec2c71
ai_heartmula_muse_en_suno_en_014158_0,1,HeartMuLa,development,muse:suno_en_014158,component_000350,30,48000,5aad873742944878d220efb19207fede4340b563490ea0580211e8e7c8edb618
ai_heartmula_muse_en_suno_en_014209_1,1,HeartMuLa,development,muse:suno_en_014209,component_000351,30,48000,524d9692511372cb3cd9f9c81c9a9b5b421d25eab028126e5e0a1c21017c39b1
ai_heartmula_muse_en_suno_en_014585_0,1,HeartMuLa,development,muse:suno_en_014585,component_000352,30,48000,ebdacf9d33a30adc725e0fadab10df6a065a12f11d9637f6edcd5237810a1b62
ai_heartmula_muse_en_suno_en_015012_1,1,HeartMuLa,development,muse:suno_en_015012,component_000353,30,48000,b67a8eb0ce4b9c07296a21d735455f80e1afe7572114b9b94dba31c2e292a04b
ai_heartmula_muse_en_suno_en_015231_0,1,HeartMuLa,development,muse:suno_en_015231,component_000354,30,48000,628c805e18f7f64221d0ebaf12173704b5327aa80e234adffdf7edb59449925f
ai_heartmula_muse_en_suno_en_015394_1,1,HeartMuLa,development,muse:suno_en_015394,component_000355,30,48000,777e6deece79f1198960b013254a3f8a6504daad4e24a90360f6311fd80764a2
ai_heartmula_muse_en_suno_en_015401_0,1,HeartMuLa,development,muse:suno_en_015401,component_000356,30,48000,58ead1e95a6d12bca4524ba61447ce9b892cd2928165203c4c11186a574df2ec
ai_heartmula_muse_en_suno_en_015503_0,1,HeartMuLa,development,muse:suno_en_015503,component_000357,30,48000,3046f867e3e2f568bdd1933b4202d39a905d31d00ce2108c0dcb7c0ea6754ee3
ai_heartmula_muse_en_suno_en_015987_0,1,HeartMuLa,development,muse:suno_en_015987,component_000358,30,48000,2260b5ac83ca08ce8a20fe645b0ab0021f0f729b657c2264b19341e71de12a5b
ai_heartmula_muse_en_suno_en_016103_1,1,HeartMuLa,development,muse:suno_en_016103,component_000359,30,48000,b52d8a2ab56cdf37c36bb441fba02f5dcd9322b0b967a4a71479008f8bfb9595
ai_heartmula_muse_en_suno_en_016116_0,1,HeartMuLa,development,muse:suno_en_016116,component_000360,30,48000,df7793d2f917132f4de92bce0c7693b62acb238876c24734b4ede2472774b2dc
ai_heartmula_muse_en_suno_en_016463_0,1,HeartMuLa,development,muse:suno_en_016463,component_000362,30,48000,e3de94860705533f95e492f14660925d9a514f7a0a738688a11461a90fdb9928
ai_heartmula_muse_en_suno_en_016716_1,1,HeartMuLa,development,muse:suno_en_016716,component_000363,30,48000,ab15a41ff47176e5a050df2178058705ecffb67c926dc38b67b53d6d36e06e02
ai_heartmula_muse_en_suno_en_016830_1,1,HeartMuLa,development,muse:suno_en_016830,component_000365,30,48000,1b3c5383c2adab28600f564eb12e9b8dd23a19956cfbffafc74bdd9557455ee0
ai_heartmula_muse_en_suno_en_016880_0,1,HeartMuLa,development,muse:suno_en_016880,component_000366,30,48000,2ba4c8600b5390e089398cf5408c7ec06358d8e8ca185cd9b6e1db961948208d
ai_heartmula_muse_en_suno_en_017155_0,1,HeartMuLa,development,muse:suno_en_017155,component_000367,30,48000,f160fa2f3f49374f3cba9e9d79d34bb5c8a186eacc3e0addcc7b15d54162e7ef
ai_heartmula_muse_en_suno_en_017349_0,1,HeartMuLa,development,muse:suno_en_017349,component_000370,30,48000,67748e5d851a84530b1a36e35cf53481c4b245a262bcffc7a8372ae1b10e1bb6
ai_heartmula_muse_en_suno_en_017690_0,1,HeartMuLa,development,muse:suno_en_017690,component_000373,30,48000,68b22bc4985b15613dd3c5bc7ff70978de72ac7090bb3d301cd18d2b453e725e
ai_heartmula_muse_en_suno_en_018072_0,1,HeartMuLa,development,muse:suno_en_018072,component_000375,30,48000,ce136645381e5bb5cec67f3b2ec424bb84e063559e657631fa820970115b5f5d
ai_heartmula_muse_en_suno_en_018225_0,1,HeartMuLa,development,muse:suno_en_018225,component_000376,30,48000,e0d9ff995cdaa76c71f30cb4f05faca7341cf147e1a6c96e49f0cd6b97653148
ai_heartmula_muse_en_suno_en_018255_1,1,HeartMuLa,development,muse:suno_en_018255,component_000377,30,48000,f333b0a190d20da90b8670f1ec84c8065b62b4a8ec3e931d43b9c443042c3963
ai_heartmula_muse_en_suno_en_018560_1,1,HeartMuLa,development,muse:suno_en_018560,component_000379,30,48000,229c25eef07073056cc2cedbc17bad11ee062939035a709c4b02259b2ee45256
ai_heartmula_muse_en_suno_en_018763_1,1,HeartMuLa,development,muse:suno_en_018763,component_000380,30,48000,f71f83429ffc3dba46a963be0066916e81844f395961a8674a9cb1e7860cfb07
ai_heartmula_muse_en_suno_en_018861_0,1,HeartMuLa,development,muse:suno_en_018861,component_000381,30,48000,4f0d6b9c8b93a985eabcb74ceced465989bbd69f56390f81dedc15aee66463ee
ai_heartmula_muse_en_suno_en_018923_1,1,HeartMuLa,development,muse:suno_en_018923,component_000382,30,48000,b80e89c2a4413577dd8d6a3a9e257d8265be134daccce332ccddd7ae532686b7
ai_heartmula_muse_en_suno_en_019197_1,1,HeartMuLa,development,muse:suno_en_019197,component_000383,30,48000,81eaef06512df7696cd5cff0373964de6ff2cb5bbba5c252496c754760b89ac9
ai_heartmula_muse_en_suno_en_019500_1,1,HeartMuLa,development,muse:suno_en_019500,component_000385,30,48000,ab829c110e02226ed1b9b8b78f3d78943b42d2dd6a19bc34a88d0006cfad22f9
ai_heartmula_muse_en_suno_en_019611_1,1,HeartMuLa,development,muse:suno_en_019611,component_000386,30,48000,43e74db863cc2d1b28bb003b6e1c13382d2c7e595cf1a1e86b5d229ee766d166
ai_heartmula_muse_en_suno_en_019715_1,1,HeartMuLa,development,muse:suno_en_019715,component_000387,30,48000,a8e7f30c131cbc2df05e7d6079dce9aa05b4df08e6b234d408512a387eed5578
ai_heartmula_muse_en_suno_en_019907_0,1,HeartMuLa,development,muse:suno_en_019907,component_000388,30,48000,e61faf6c3ccc593fa72bd89f659376ce4c5d7414a40d7659aa4e7d1cadb41b92
ai_heartmula_muse_en_suno_en_019981_0,1,HeartMuLa,development,muse:suno_en_019981,component_000389,30,48000,fe94ea33cec5ecd5de87ffdf6671ab45cd2a37001bf2f42ddf04b3fddab756c5
ai_heartmula_muse_en_suno_en_019992_1,1,HeartMuLa,development,muse:suno_en_019992,component_000390,30,48000,64f9e4d3920c56ddcf2231f803e63e09a30142641ba4c2c3ceb3f75972f5b481
ai_heartmula_muse_en_suno_en_020030_0,1,HeartMuLa,development,muse:suno_en_020030,component_000391,30,48000,f9f8b0a75f3626d1c432615a8d5cf76085d5dc3d9927ee84aeadd0fb16a2457a
ai_heartmula_muse_en_suno_en_020197_1,1,HeartMuLa,development,muse:suno_en_020197,component_000392,30,48000,18f8dadf37f7725bf27c26c5d216db3b162387500bf5b6525c6e02559ad931ea
ai_heartmula_muse_en_suno_en_020307_1,1,HeartMuLa,development,muse:suno_en_020307,component_000393,30,48000,82de34251162abe2785fddf3bc33ff0eba52e1ab3d0d4832c2f78611df77319d
ai_heartmula_muse_en_suno_en_020365_0,1,HeartMuLa,development,muse:suno_en_020365,component_000394,30,48000,ffedf27ffabad2dacdf0dfdc7d79187a28e93b2d84deebaf91d4e45f8e7e8d5e
ai_heartmula_muse_en_suno_en_020375_0,1,HeartMuLa,development,muse:suno_en_020375,component_000396,30,48000,6108759bb00825c5d1b7b2985a1675d71eddc854d0d58527a8db276d2e3e54b7
ai_heartmula_muse_en_suno_en_020754_1,1,HeartMuLa,development,muse:suno_en_020754,component_000398,30,48000,0f4525087cddcf5d18dc33a5920b31366bbaf7d0d69c1b0376c5b8a8566f07bd
ai_heartmula_muse_en_suno_en_020788_0,1,HeartMuLa,development,muse:suno_en_020788,component_000399,30,48000,83649c66d197d30a871c1347fe5c6f892eec2baee34e015f3a0da1a3c99ae209
ai_heartmula_muse_en_suno_en_020867_1,1,HeartMuLa,development,muse:suno_en_020867,component_000402,30,48000,35a7002da8f7d55c04443f180dd66c1ab8a67ceef886117f8ed929a74e73abff
ai_heartmula_muse_en_suno_en_020874_0,1,HeartMuLa,development,muse:suno_en_020874,component_000403,30,48000,d2c9df926c36c04a827abeebd599bf40eb9b5c60ffb9773430a90a355d098bd6
ai_heartmula_muse_en_suno_en_020950_0,1,HeartMuLa,development,muse:suno_en_020950,component_000404,30,48000,7006adef4961f8d9cee65f53fe02f41b96bf1e5bdf16911903574444fd298d64
ai_heartmula_muse_en_suno_en_020968_1,1,HeartMuLa,development,muse:suno_en_020968,component_000405,30,48000,aebb18bdc5d2a7e7106268d226685c92449a91a3f9ca981256699b63d99e22cf
ai_heartmula_muse_en_suno_en_021221_1,1,HeartMuLa,development,muse:suno_en_021221,component_000406,30,48000,7c4b7226e1af0d2d9adfa3bbfbadd820b91ec8e9451301d143f24164858db44f
ai_heartmula_muse_en_suno_en_021746_1,1,HeartMuLa,development,muse:suno_en_021746,component_000407,30,48000,71123aca62895835d62f7731a9472f71375366eef434e5f8826e2b8fde21347e
ai_heartmula_muse_en_suno_en_022194_1,1,HeartMuLa,development,muse:suno_en_022194,component_000409,30,48000,1db3d0af82e24fc2c98883f1e6f675c4869fbeadb9095f6fe743600011d5175a
ai_heartmula_muse_en_suno_en_022546_1,1,HeartMuLa,development,muse:suno_en_022546,component_000410,30,48000,3ab0f52ef5286e9f21665607a0f5713673a9846ed9ee1f59345b6b4eab44e104
ai_heartmula_muse_en_suno_en_022591_0,1,HeartMuLa,development,muse:suno_en_022591,component_000411,30,48000,a1a340bc7b4aea37b624f8d0f417f694f3950269504a7a34c24519410731e774
ai_heartmula_muse_en_suno_en_022669_1,1,HeartMuLa,development,muse:suno_en_022669,component_000412,30,48000,f3bde885d7676f29302b4918f2b5a924dc5d9ba18fdfaf7fa4e3f4f0d7a395c0
ai_heartmula_muse_en_suno_en_023024_1,1,HeartMuLa,development,muse:suno_en_023024,component_000413,30,48000,e4e02809e3601e944a287bcd0ec5454147c72c71adab408fa3362675cf35e2b2
ai_heartmula_muse_en_suno_en_023209_1,1,HeartMuLa,development,muse:suno_en_023209,component_000414,30,48000,7f626c21a2c7ebc40235f482713d873e9b551862448e484fdaba67fb8af99460
ai_heartmula_muse_en_suno_en_023285_1,1,HeartMuLa,development,muse:suno_en_023285,component_000415,30,48000,b8ae8607b4f346be0d5b0fe6b2b0f54f28c6cf1671bb30a26e0e4392ede9f64a
ai_heartmula_muse_en_suno_en_023320_1,1,HeartMuLa,development,muse:suno_en_023320,component_000416,30,48000,ca1becc397a3cdc77db4346d20042729e4f03f59933cdfd737279b5d3ff9bf2c
ai_heartmula_muse_en_suno_en_023496_0,1,HeartMuLa,development,muse:suno_en_023496,component_000417,30,48000,bcba462b822e83c8952362ce7b6739a4705b406805193cd2d1ab9f05da1b1fcb
ai_heartmula_muse_en_suno_en_023694_1,1,HeartMuLa,development,muse:suno_en_023694,component_000418,30,48000,4b3ee4af818853202567a977d57e548896fa8f8ac3db0681ebb7f4444df5df47
ai_heartmula_muse_en_suno_en_023752_1,1,HeartMuLa,development,muse:suno_en_023752,component_000419,30,48000,da8e8fa2f613e8720d4c1c08221f29a331e08ac21ca52955c5d1d21cb6d2f910
ai_heartmula_muse_en_suno_en_023819_0,1,HeartMuLa,development,muse:suno_en_023819,component_000420,30,48000,7c8e1fe786eb3c18b0565f0d5780eab9ce74aca905a880c20b67a6e6b4be5198
ai_heartmula_muse_en_suno_en_023877_0,1,HeartMuLa,development,muse:suno_en_023877,component_000421,30,48000,29dfebe4b96af1fc1a2c3195602abdb951f7b69f0281d1e7ecf906be54727637
ai_heartmula_muse_en_suno_en_024029_1,1,HeartMuLa,development,muse:suno_en_024029,component_000422,30,48000,719c4fba64d42e9725d3d7de6371dcfec2692684cfc3e67a72c444a19fe3a098
ai_heartmula_muse_en_suno_en_024741_0,1,HeartMuLa,development,muse:suno_en_024741,component_000426,30,48000,822f2854fef9d5b56796f0d1c24bc43bd1f97cc3c5bfb3ab5cfac4b215f7e84d
ai_heartmula_muse_en_suno_en_025125_0,1,HeartMuLa,development,muse:suno_en_025125,component_000427,30,48000,4d65dde8acb7b89638ee01f9df960db28c472d4fcd9cb8e9311aa622170c8a5e
ai_heartmula_muse_en_suno_en_025332_0,1,HeartMuLa,development,muse:suno_en_025332,component_000428,30,48000,1fa0d9b5af66ae8359146da3fa9b4af5ce71465818cf126f04c5877aa83d8471
ai_heartmula_muse_en_suno_en_025448_0,1,HeartMuLa,development,muse:suno_en_025448,component_000429,30,48000,3526f8978d5e66ee531f3543dcd2398b8a3b8311d4b440d3a26deff18b1a014b
ai_heartmula_muse_en_suno_en_025603_1,1,HeartMuLa,development,muse:suno_en_025603,component_000430,30,48000,2e109027fb91f9b631e3997512d36dd01bb7b02dd2a4b51b5bbb783611dad07c
ai_heartmula_muse_en_suno_en_025839_1,1,HeartMuLa,development,muse:suno_en_025839,component_000431,30,48000,a3fb5bb7d6a418f078733191bb2a3bc3f4524738b1220bf4bb2b276c4b9c4c02
ai_heartmula_muse_en_suno_en_025875_1,1,HeartMuLa,development,muse:suno_en_025875,component_000433,30,48000,f82e416f5c6b367a5baee2cf5d38ae9477be33650d5436a7eb72d934f2695bb5
ai_heartmula_muse_en_suno_en_026005_0,1,HeartMuLa,development,muse:suno_en_026005,component_000434,30,48000,0bdf7b9a1d5a9578397ff5dd7c00d50349e910478f0436b7f4445fe648f14d0d
ai_heartmula_muse_en_suno_en_026074_0,1,HeartMuLa,development,muse:suno_en_026074,component_000435,30,48000,769faabf1c170b64933d181cf24a2f0d211b9dd4a962abbb0750a34bab1b6feb
ai_heartmula_muse_en_suno_en_026397_0,1,HeartMuLa,development,muse:suno_en_026397,component_000437,30,48000,4d1b28aca294141a11270ac51d22924b202479d693f178a383d4f02908b26b1e
ai_heartmula_muse_en_suno_en_026431_1,1,HeartMuLa,development,muse:suno_en_026431,component_000438,30,48000,0b641f734bfe7c04711a857c9e08282750a7de9073457a362f43e90d1a570b56
ai_heartmula_muse_en_suno_en_026494_1,1,HeartMuLa,development,muse:suno_en_026494,component_000439,30,48000,b328db5928434be3fe1d246678fa5a65902cfc1cb2b00c361ba3b69bfd3abba6
ai_heartmula_muse_en_suno_en_026592_0,1,HeartMuLa,development,muse:suno_en_026592,component_000440,30,48000,23e775356ea4c6f86c26d2f95403c41cbf93477e32deca5c0bd67a27eca398a4
ai_heartmula_muse_en_suno_en_026618_1,1,HeartMuLa,development,muse:suno_en_026618,component_000441,30,48000,30183a06fb6c88cc9ff494fc29df05d06d68ebb37291ae788cfd9a89b9624d34
ai_heartmula_muse_en_suno_en_026759_1,1,HeartMuLa,development,muse:suno_en_026759,component_000442,30,48000,6e81c3860872176d64d9e8306e159269d03771978fe07c49e1edd8abc765b158
ai_heartmula_muse_en_suno_en_026793_0,1,HeartMuLa,development,muse:suno_en_026793,component_000444,30,48000,0f460e56e3bd68f32b592f8bd0e5d5aa543b98ce1dd5a33ee8981640d0a1369d
ai_heartmula_muse_en_suno_en_026819_0,1,HeartMuLa,development,muse:suno_en_026819,component_000445,30,48000,e54f7ef6d54eeb0a0e8cb1e9ff8f58b02d085ab0ee74520cefde1587a1ab881b
ai_heartmula_muse_en_suno_en_026837_0,1,HeartMuLa,development,muse:suno_en_026837,component_000446,30,48000,4659c95c5496cc2725891da99ee4e51bd829fec90cea2151065842e0ce363b1e
ai_heartmula_muse_en_suno_en_026922_0,1,HeartMuLa,development,muse:suno_en_026922,component_000447,30,48000,d7cc13e347829183f309c3c17f8bd09a1f0e696109819b9ef9f2b795e1d7c7d9
ai_heartmula_muse_en_suno_en_026938_1,1,HeartMuLa,development,muse:suno_en_026938,component_000448,30,48000,f03c481d3bb3d9d1c1acf8228a7e5861d2ddae32e6e93d65f578bd4a7dd8f2ef
ai_heartmula_muse_en_suno_en_026962_0,1,HeartMuLa,development,muse:suno_en_026962,component_000449,30,48000,827f9cef2e1a4454b5218a0ba2f17439a32ac73b633e37090cbf7740b8ae5a6a
ai_heartmula_muse_en_suno_en_027511_1,1,HeartMuLa,development,muse:suno_en_027511,component_000450,30,48000,584b7bfdd350563b34f9e1d08afac2eee4a7a13f46002f89c2ad5e08b1406b95
ai_heartmula_muse_en_suno_en_027586_0,1,HeartMuLa,development,muse:suno_en_027586,component_000451,30,48000,56a281ce7521ebd362eb9644c122f0070dcc11f03ed425c9d461c2361d17d479
ai_heartmula_muse_en_suno_en_027758_0,1,HeartMuLa,development,muse:suno_en_027758,component_000452,30,48000,af6734e5ebe1702d890d80b9037780e96544ec2f41bb35b0867cbfc17f37280b
ai_heartmula_muse_en_suno_en_028128_1,1,HeartMuLa,development,muse:suno_en_028128,component_000453,30,48000,cc04a6655911cc3e14408e0c70793f37ed6294f9a43d310198c1534d005a9592
ai_heartmula_muse_en_suno_en_028351_1,1,HeartMuLa,development,muse:suno_en_028351,component_000456,30,48000,f34a5bd0748732fe889baa46085f2dd4fa30f8d72c86fce9edc2aaa44370e852
ai_heartmula_muse_en_suno_en_028422_1,1,HeartMuLa,development,muse:suno_en_028422,component_000457,30,48000,f634e518ea90fac1b7e993c7b9a5eece526376a96a2dfce817f2e166fd9d31b3
ai_heartmula_muse_en_suno_en_028597_0,1,HeartMuLa,development,muse:suno_en_028597,component_000459,30,48000,c80121e04d643e42d785a3b6ce2c0367925a5fdf6c597a2bff69adcf015ea8a1
ai_heartmula_muse_en_suno_en_028605_0,1,HeartMuLa,development,muse:suno_en_028605,component_000460,30,48000,be91d736c2c2c063522bebe9f2669b9700347061eb1f552ebf5cd251f5f5a058
ai_heartmula_muse_en_suno_en_028765_0,1,HeartMuLa,development,muse:suno_en_028765,component_000461,30,48000,cb3c3e0bdfea8f530f03dd62056836524edcdbc398dabc646071e591430899b0
ai_heartmula_muse_en_suno_en_029154_0,1,HeartMuLa,development,muse:suno_en_029154,component_000462,30,48000,5739f694f6fa37ab656ca251b4ccfa127281fb105e0aafa4aff10b9b06bb9692
ai_heartmula_muse_en_suno_en_029220_0,1,HeartMuLa,development,muse:suno_en_029220,component_000463,30,48000,9568abd343ce587325425676e6eb97127957f4ca999d98094acba77768aeec0b
ai_heartmula_muse_en_suno_en_029528_0,1,HeartMuLa,development,muse:suno_en_029528,component_000465,30,48000,6739756f9ec6825fae9f0e7a11a1fe39d2816b7eca305aa5f766415b2d13c11a
ai_heartmula_muse_en_suno_en_029708_1,1,HeartMuLa,development,muse:suno_en_029708,component_000466,30,48000,d3bc9a04abfff176590700adbe649105def459d7d23ea8881df817d719054c4b
ai_heartmula_muse_en_suno_en_029735_0,1,HeartMuLa,development,muse:suno_en_029735,component_000467,30,48000,6066cafa9c4388ee9f2b59ef3d0a540178602f8142a0e8431be6153d1a3e3f3d
ai_heartmula_muse_en_suno_en_030151_0,1,HeartMuLa,development,muse:suno_en_030151,component_000468,30,48000,a8b06a37ad3ac8327dfabf0b06bf6605923c809c37046fa0d1048df1517e4026
ai_heartmula_muse_en_suno_en_030373_1,1,HeartMuLa,development,muse:suno_en_030373,component_000469,30,48000,a032ca3213e019303cf4f6553239decd25ce38a7f52b5db2bd4c167ae19676db
ai_heartmula_muse_en_suno_en_030441_1,1,HeartMuLa,development,muse:suno_en_030441,component_000470,30,48000,9201e91e5f4bcf208a3b59232be1de765112c69f16b232eafe24aa436e7b1457
ai_heartmula_muse_en_suno_en_030623_1,1,HeartMuLa,development,muse:suno_en_030623,component_000471,30,48000,a339f7a669afc58412993b685ebd92c48491adb698a5e9463d340b81265f94bd
ai_heartmula_muse_en_suno_en_030631_0,1,HeartMuLa,development,muse:suno_en_030631,component_000472,30,48000,c9bf9d188dcf026388ddd6729ee9ea5e743f5717a0a109c7d70b552f03fa0948
ai_heartmula_muse_en_suno_en_031001_1,1,HeartMuLa,development,muse:suno_en_031001,component_000475,30,48000,4424dafc85ba1bf940ce83f15de1b58b7ed4d238241503db428597d19fe72d68
ai_heartmula_muse_en_suno_en_031012_0,1,HeartMuLa,development,muse:suno_en_031012,component_000476,30,48000,bf7f7f7af0d275dd88cabec7a5651c6586a40b3ba2c244498a4c3e40a343ad0c
ai_heartmula_muse_en_suno_en_031167_1,1,HeartMuLa,development,muse:suno_en_031167,component_000477,30,48000,279ebce02bbf3def605fd13123fd963c9468947bfd6f367b311e23c3b50a7fae
ai_heartmula_muse_en_suno_en_031548_1,1,HeartMuLa,development,muse:suno_en_031548,component_000479,30,48000,306cb3a0d57c60bfbabe434d9cd42ce97bf77bea3978d0faf8822951709febbf
ai_heartmula_muse_en_suno_en_031573_1,1,HeartMuLa,development,muse:suno_en_031573,component_000480,30,48000,1fe37a52a0a427b000b2abc7365c23e6b526368fd94748ec1823aa909674aa72
ai_heartmula_muse_en_suno_en_031869_1,1,HeartMuLa,development,muse:suno_en_031869,component_000482,30,48000,6e265f910ae405b7a6f529b97a3791771299dce969e839c84be218ed3b3d528d
ai_heartmula_muse_en_suno_en_032496_1,1,HeartMuLa,development,muse:suno_en_032496,component_000485,30,48000,224b26ec20f801671dc40cf01ec0718f0803cff2301e7231fbf351ec33e653a5
ai_heartmula_muse_en_suno_en_032888_0,1,HeartMuLa,development,muse:suno_en_032888,component_000488,30,48000,3cd3c3814634316a9701763ff3a26c1cb593757a6676ef2f18a374b642dba7e6
ai_heartmula_muse_en_suno_en_033015_1,1,HeartMuLa,development,muse:suno_en_033015,component_000489,30,48000,e61784bc7049d33cfefc5c8c15b66d8957f1f7f0232464ae5d78ff308a7abec5
ai_heartmula_muse_en_suno_en_033149_1,1,HeartMuLa,development,muse:suno_en_033149,component_000491,30,48000,5678546a07dc76aff1e103b76783a513d75470202defaeec0b1cbbc42c2ab1db
ai_heartmula_muse_en_suno_en_033249_1,1,HeartMuLa,development,muse:suno_en_033249,component_000492,30,48000,47c938afd653965fdac32ea2cbea96997136e4c92a89b00499a1b9b4babd3f60
ai_heartmula_muse_en_suno_en_033608_1,1,HeartMuLa,development,muse:suno_en_033608,component_000494,30,48000,caf2e3e23bb2f653c03ac4de148088c13b6b4bb5ca7be12a86643d3837600595
ai_heartmula_muse_en_suno_en_033908_1,1,HeartMuLa,development,muse:suno_en_033908,component_000496,30,48000,ac4e9a3a66b4c4a946cf305bd012679a5cd708ba68fa1174e986736c59fefa9c
ai_heartmula_muse_en_suno_en_034099_0,1,HeartMuLa,development,muse:suno_en_034099,component_000498,30,48000,664c0a9594195882cc6fbe887a0e32e8e5da990d03c0001df48817949a98d9ae
ai_heartmula_muse_en_suno_en_034135_1,1,HeartMuLa,development,muse:suno_en_034135,component_000500,30,48000,c46abba754ed5d75a8eabf82f4150cb5a3fbe17b27b22ed596bed24663a54696
ai_humair_suno_02db49220afe3195,1,Suno,development,humair_suno:dj_stone_burner,component_001011,30,48000,d52a784ad303835063010d6e7136e31bbb68b0afc3df35ea3baa641c36179848
ai_humair_suno_033dc40829db4b46,1,Suno,development,humair_suno:taran_o_whaldoon,component_001012,30,48000,7e6f5e1f5c4aebf52b6491ee69ff63cc5b0ffe51cb89a8d4668b00a67679155d
ai_humair_suno_0483f5d0856b5328,1,Suno,development,humair_suno:gildedunstablegeese,component_001013,30,48000,d0f181b2f80431bca342855bffe0521f2367aae137f275d14583c95e291c2d34
ai_humair_suno_059f07040649934c,1,Suno,development,humair_suno:wahyu_blind_guitarist,component_001015,30,48000,814189f4605b1671d527419267e9ca877ef359c5c9fa7b59b0deaf73f698a2e7
ai_humair_suno_0609ed47af961586,1,Suno,development,humair_suno:despotseagull,component_001016,30,48000,8906a8f425d1f8225710c9a088d816eecee478506b5049cad6cee88b32205554
ai_humair_suno_07186fbd95b53581,1,Suno,development,humair_suno:exoticgroupie279,component_001017,30,48000,55ad74066ef9a26f365725a429e7d6988609b516560166b8604ba90928a5fba4
ai_humair_suno_086fd0ba42dabf37,1,Suno,development,humair_suno:wandering_wanderer,component_001018,30,48000,2bf73c08ebafe36a853f94704e144c1d92ca19a2b6a945af8dc67bf29c58bdf4
ai_humair_suno_09adf2597a3bfa1a,1,Suno,development,humair_suno:miirage,component_001019,30,44100,375aaa6aed7444f261add1ecc63711a1a68552276a4723d813629773488aa6ea
ai_humair_suno_09ba889f0e4dc521,1,Suno,development,humair_suno:gtan86,component_001020,30,48000,be82d7705ef238c63132cfd40827b390a13da76d23fbd854c9138c8c97b90280
ai_humair_suno_0a4a6c182363b2d8,1,Suno,development,humair_suno:sensualfade813,component_001021,30,48000,e617ea0886c4dbdf3459bdd2aed08f39b1722997695781c42292aa898e1ff41b
ai_humair_suno_0bc194256a7c5cfa,1,Suno,development,humair_suno:entertainingimprints7432,component_001022,30,48000,3863d3d3cdccc3e84f605776147e0856056809252451cf778b927bb444fe5359
ai_humair_suno_10fba3aaa5f80855,1,Suno,development,humair_suno:subliminalaudacity1142,component_001023,30,48000,fca9b9ae2fb94c0ffc9184b7c2a196e7d3b88a4446a22d4f396d48ecdf579c6c
ai_humair_suno_136babb9388d7711,1,Suno,development,humair_suno:immovablemusicjournalist2278,component_001024,30,48000,5c91932a6bcd37db464af4e37feb9be32ea1ad53d5052524df9c7e75ba1ceedd
ai_humair_suno_144abee78d73f795,1,Suno,development,humair_suno:yellowvinyls3227,component_001025,30,48000,08f2f5ad735f9b5ef1fdec369918a3637b401af1f27c820e8f7b69cf7790afb5
ai_humair_suno_17db3ca84b66c177,1,Suno,development,humair_suno:reservednocturnes5709,component_001027,30,48000,4177e4c374cc515742a151fe2ec3908945890d58e41c6d61071d6ea4188dadab
ai_humair_suno_18012a45df959455,1,Suno,development,humair_suno:austereelectronic5032,component_001028,30,48000,031e59a204cc8cdb7f2ed028172a9fcbe3ad078d5135132ff46e8accf0eb6903
ai_humair_suno_18a4bb0ed6826214,1,Suno,development,humair_suno:rockandroll600,component_001030,30,48000,443910112af94238c6c86f4173022a0150cc689822fc371aba5a67c6db679f86
ai_humair_suno_19a6c00aa4a3fa54,1,Suno,development,humair_suno:jakewinters,component_001032,30,48000,c751d366207928bbefa60faaa0c269d607bcc65420e98104dd0a3b0d56920f2f
ai_humair_suno_19e923de4a3568f9,1,Suno,development,humair_suno:technicalrecorders826,component_001033,30,48000,0b31fae70674c1870e176fe3b10a398081747a70d9d5b01c02254128c5531e95
ai_humair_suno_1a2a31746746632e,1,Suno,development,humair_suno:mattalista,component_001034,30,48000,e31888673d807989ebcea2e2954b9f15552b575f045766fee79126bca2bd9298
ai_humair_suno_1a2a63f8c603df45,1,Suno,development,humair_suno:funkmup512,component_001035,30,48000,b99d5b0467d3a1e00f1fac8c1a298bc03f213ff24f3679519b6631906d15b149
ai_humair_suno_1b8bc8ef075842be,1,Suno,development,humair_suno:jovialsessionmusician6853,component_001036,30,48000,d481a069e2641b689bb9421459e9fa930973dcab6c24dba62734b60688b9d702
ai_humair_suno_1c283d216c47bb51,1,Suno,development,humair_suno:reservedvirtuoso4774,component_001037,30,48000,70ee9a214dd0399778c1361df6c982120b9b5ac0e156d1659e4fd6f5f664ab4e
ai_humair_suno_1c2990e75b383ddc,1,Suno,development,humair_suno:darkcrimson25,component_001038,30,48000,14f963cd285ce8ea4faa4b459499d9d3853ad0548f5f12993825d93dc1e11875
ai_humair_suno_1d08313e74204509,1,Suno,development,humair_suno:maldonatti99,component_001039,30,48000,7434889ff1bf12e57c6106dc81b618071bbf2a312c5eeb9c2d799982b76b9921
ai_humair_suno_1d11bffb2b01565e,1,Suno,development,humair_suno:bakasarubpms998,component_001040,30,48000,72da8584e129943e717ee4a3d9a9b26d0813b9164af21afcfe84036dfb07121f
ai_humair_suno_1db07405bd41a8e4,1,Suno,development,humair_suno:echoingpolyrhythm1749,component_001041,30,48000,23caa81737dd2238b82b8b369955d89ac25ef39032ef6abc6a3c6d1e155ca5ef
ai_humair_suno_20a692611666dfcd,1,Suno,development,humair_suno:techneo,component_001042,30,48000,faaab6d829a2863f31d3be5db54125040fd5ecd0013f7ba1c3a19b1d031be041
ai_humair_suno_263481e74f9c96fb,1,Suno,development,humair_suno:yaviii,component_001045,30,48000,b59d8c8c090b741e82c0c34d1566ef1d99149cf90101722f917a223da0f5744b
ai_humair_suno_26e5becc3a4e5f97,1,Suno,development,humair_suno:silentwolff,component_001046,30,48000,c55fa70aacd3d3376075af39fc1c55eaa7eded678062bd69084cd2d572583ea5
ai_humair_suno_28358d5c94aed2d7,1,Suno,development,humair_suno:atrosus,component_001047,30,48000,2adfa67cd9be03cba3b88add97d656bb9da43390b20578bc38493b79e736d3ce
ai_humair_suno_2872d08c01e89604,1,Suno,development,humair_suno:austerearia3645,component_001048,30,48000,4e5e52bfcba155edd3121d485831528bcd625223f0b59753f051a1dc1a67967d
ai_humair_suno_29b0511ae2ab79e8,1,Suno,development,humair_suno:terraazura,component_001050,30,48000,4788aab95fc0b7afe9b60c5e599007784293a066cfef58a6bf5391b8f36b00f6
ai_humair_suno_29f9ccdc25cd9122,1,Suno,development,humair_suno:furtivepatakh,component_001051,30,48000,74c09bd2d719bad9bee2c9be79704f4708f9db53c5f4d544a511c16d63e3d41e
ai_humair_suno_2abcb235b0120f94,1,Suno,development,humair_suno:williamyipdotcom,component_001052,30,48000,363e86e9f5ea9b3877c27716e9085da661e5028e9a065ffb860d5525f7d03f45
ai_humair_suno_2af044321b79f217,1,Suno,development,humair_suno:eriknomitch,component_001053,30,48000,a178bc3faa7a32d7b5a4ef0e0993f843a7531ae99a759771901c8a0df180c872
ai_humair_suno_2b2d6132ca42bb2f,1,Suno,development,humair_suno:naishasings,component_001054,30,48000,0a031a204fe81db77fffa654588aa929b424dbe6d0ce20009f5f529169d0ecf8
ai_humair_suno_2b9c7cbbf14562ba,1,Suno,development,humair_suno:evangeistfeldyoutube,component_001055,30,48000,5d6c6b67b6414af9c39d36524030a81e3fe4f8b2102312fc12f9da57601c0993
ai_humair_suno_2cccdc5dca128fe5,1,Suno,development,humair_suno:cirrusxr,component_001056,30,48000,9f68dabbfa2dd6cc4278caa3f0e05b9651c2c1d510328878e9eda7664d4c1def
ai_humair_suno_2cff478177049993,1,Suno,development,humair_suno:zonnestraal,component_001057,30,48000,271d6c49f98fe0471b62fdcd2f25884183185419f9dbf1a3988ef47cd0c5c0af
ai_humair_suno_2d9e55152457a8d4,1,Suno,development,humair_suno:holamono,component_001058,30,48000,046ac746c91801f612cc2fbbabcc171d50ed887104f7ce1fbb3e9cb796a257b5
ai_humair_suno_2f9c5bc65ee0fc85,1,Suno,development,humair_suno:stratosphericorgan2826,component_001059,30,48000,25ef120bd8a5e114ab9ebdf53fcd54c24b6e157e77835273eaecf56123a9baa3
ai_humair_suno_318f0d9ccc13b7aa,1,Suno,development,humair_suno:bubblyfunk739,component_001061,30,48000,4ea5b9b01de3b81e628b5305f989691ffd1405881b4a4a03667104b36359f985
ai_humair_suno_31f11ba963bb79f7,1,Suno,development,humair_suno:loudlowpassfilters7852,component_001062,30,48000,4b08de2f93486eec192b8db13318ad7b1027e5442517e0b99f615c977b7920b4
ai_humair_suno_3320421ad4385efa,1,Suno,development,humair_suno:dissonanthocket0442,component_001063,30,48000,353eef8025b642bd0288b6514128753c571ff712575c4c099b0f7ee52d71aba3
ai_humair_suno_34276495a30c6bee,1,Suno,development,humair_suno:kitsune88,component_001064,30,48000,fbdca230bc48274fd29873a2818a72ced656c1faaf840a9ff18c7dc9ab8717cf
ai_humair_suno_343af0bbf1988095,1,Suno,development,humair_suno:lordshockedelic,component_001065,30,48000,d587dc911e5cb8a5fda44ea525d7f43ea467cf803498a90f36c2dcfe01629191
ai_humair_suno_3503e6af97f544ea,1,Suno,development,humair_suno:undulatingchirping5453,component_001066,30,48000,5935b5074a22ea75918459b99f4024b557383f0ea3a9ef0cace02b7021d81b0b
ai_humair_suno_35aa05ea2dae15ec,1,Suno,development,humair_suno:entertainingconductor3052,component_001068,30,48000,644af2616fe4822ea19b8876b6a7174e3680c9c20c8dbf768c484a8dcc4fefb6
ai_humair_suno_37dc6a153fad8d1a,1,Suno,development,humair_suno:blownawaywhitenoise120,component_001069,30,48000,18251eab003647e6baaf5abe20b2f54c8c14678b377564f6fd686def026acba8
ai_humair_suno_3b98fb8107dec899,1,Suno,development,humair_suno:xxcorpsexx,component_001072,30,48000,2ed7ffdb2e5f94ee19d9c70699c55ae4b6754782f791c4efc8e2068d9288d857
ai_humair_suno_3c1f1d3b3850274d,1,Suno,development,humair_suno:sterlnation,component_001073,30,48000,1dbc55d0a37d8a2eef43d28db9209a7e451bea082a809cb123195d04944b4af2
ai_humair_suno_3c4569b890d85e3a,1,Suno,development,humair_suno:partywelt,component_001074,30,48000,4528ee54385dc13ab2a214488f429e7ea86a667dae44d496de79adefc7310330
ai_humair_suno_3c5137e99d6036b7,1,Suno,development,humair_suno:therapeuticsantiagoflo,component_001075,30,48000,2246cfe87f6817d313292ccf0189ee745c28bcac8eab5cad8fc34931be2be3f1
ai_humair_suno_3d07b838f88cd5aa,1,Suno,development,humair_suno:galvanizingvibration6577,component_001076,30,48000,5c6edea46afe1b0f75d523bdf6f27e466d036415ca6f28973c90ff3b71c9506e
ai_humair_suno_3e9371dbc1664bb7,1,Suno,development,humair_suno:tantalizingtimbres6216,component_001077,30,48000,4192247b57ddf2ed9a73d1ee43897ed969432107456b5970715ee80a4aef7c22
ai_humair_suno_3f3a4f7ebe58eb23,1,Suno,development,humair_suno:keyedup,component_001078,30,48000,e563319a49e5a66711979bead5f60085a5eba7d7ed6f0ccf3c06c8b5dfbd817b
ai_humair_suno_454ada14a99e938c,1,Suno,development,humair_suno:shewhinne,component_001081,30,48000,ff9c228ad1eed46fad4335d8f031698be0d55b66c4b87b9324d50243a3b4ffb9
ai_humair_suno_4c331b3d0440fd3e,1,Suno,development,humair_suno:mesmericorchestration863,component_001083,30,48000,3b3d456572dbfeef3697c96625aacabd53152cb72e5da412e2e7f3369a992706
ai_humair_suno_4d29c7c9f368b9ef,1,Suno,development,humair_suno:diaitigai9599,component_001084,30,48000,2524fd7cee658cb3acbf80ae432e7715b76214ed02fcfb5ca185b39e78b4c703
ai_humair_suno_4ff271271ed23f1e,1,Suno,development,humair_suno:traceys_favourite_dedications62,component_001087,30,48000,897bd646af4986322b0ca58ca81d685d7929c3a39827e8181f0a1a778270ddce
ai_humair_suno_51fee96fea090e23,1,Suno,development,humair_suno:jianniscamel,component_001088,30,48000,d8935d456c953f757171b74292dec831b927f62616eb94ad7a067ca8d066443b
ai_humair_suno_53290bf3a110b301,1,Suno,development,humair_suno:billnugget,component_001089,30,48000,89775497f7ff63fdb9cab9f6852b439c56a8e56b10dee7867d0ca411a8e7d6ae
ai_humair_suno_538a02df5e87af4e,1,Suno,development,humair_suno:bubblyrest1609,component_001090,30,48000,35cda0a3e94a9b72a95a7541bb68605892f3643c1b31b32656f2c307cd0d3be0
ai_humair_suno_54cfafb6f8fb7c49,1,Suno,development,humair_suno:djepceo1,component_001091,30,48000,2e46658ade22ca55021a4ac6c8551dfa6d312f12847b020654b32e691c3e7f61
ai_humair_suno_56db174c0389ef06,1,Suno,development,humair_suno:introvertedsoloists137,component_001092,30,48000,bacf3015ad9d6e7f7a28cf3b7a690d909780cc5fcf8bd3784069199c1776b631
ai_humair_suno_56fffde9355daa6e,1,Suno,development,humair_suno:cleverkazoos507,component_001093,30,48000,96bc414528b59ff4359a14761050b61960e5beaee0f8a26dd14e6706edc771f4
ai_humair_suno_5758d9aa5412e565,1,Suno,development,humair_suno:exesuno,component_001094,30,48000,afd54c9c5ebecf5253a5e101024fc50abb4b6292691bb0cf8a998f70c610d30b
ai_humair_suno_58fd24c2f68cfa6f,1,Suno,development,humair_suno:immutableexpression009,component_001096,30,48000,662110e606b40652b325b0f37baf10f3129d28453b809f491f7e6d3fee31e92b
ai_humair_suno_5a7ce363709b27a0,1,Suno,development,humair_suno:slowguitarcase873,component_001097,30,48000,2c3461dcc110b2c9972a9abcdd9d176d88e30bf7cf75e3c1ec65047516ff8707
ai_humair_suno_5e0553a22cc0aaf4,1,Suno,development,humair_suno:calypsotune4878,component_001098,30,48000,0d76388bfad7285aabbed72155f365570944da9d2e31c6cf5cc41eb3ec15453a
ai_humair_suno_606dbd208faca5ef,1,Suno,development,humair_suno:kev_,component_001099,30,48000,85312805bef16a24f46d3585a81fde30b8d49fda14034e2e56da0b579fe52a03
ai_humair_suno_62f847798616ebe8,1,Suno,development,humair_suno:hardheartedbangers139,component_001100,30,48000,7a9ca08f755e1ecef43de6cf916c1f8ed9b343c93ea1722abafc9be704d012ac
ai_humair_suno_63496380dc8ffffc,1,Suno,development,humair_suno:vocalconductor410,component_001101,30,48000,8662263dd2db565abeb3e2ff0378b60d05ad7a1026428aa8b6e88a3c7515b874
ai_humair_suno_63be33c2bb095174,1,Suno,development,humair_suno:gremlinsause,component_001102,30,48000,7601acb5a995ae7fa2131b3ba592f33720f8d3b39f6139c9dc1309f539164d5a
ai_humair_suno_65edc7c63935f741,1,Suno,development,humair_suno:unforgivingchorale075,component_001103,30,48000,1644f4dfff432a7f0baf5b18c8ef11b0661d86275cf1706e6f22cb2e1251ab88
ai_humair_suno_6646de5bc624ae60,1,Suno,development,humair_suno:xerox55,component_001104,30,48000,43e76d0e1071957f0a27b8c57409a974e7a6294ce0a6f6878889f0c4e5793bf1
ai_humair_suno_6661bbbfd607fcec,1,Suno,development,humair_suno:vocalkidfolk314,component_001105,30,48000,77f76d21b22c2dbe78336191572e20768b911e68442344083f6ee4b3051fb9ca
ai_humair_suno_67c45c95b036d8e7,1,Suno,development,humair_suno:playfuljazzpunk459,component_001106,30,48000,fdb743a1248bc987f9eca2e32ad3cec56b58058ec488c1bdf94a34e6d36d2575
ai_humair_suno_67d240ce470a75a1,1,Suno,development,humair_suno:resyn,component_001107,30,48000,5a3f84bc553e3f24211516be0b0c52e07dcb4d9ad7d886a368ef1513765393b5
ai_humair_suno_680448ce2f9caa94,1,Suno,development,humair_suno:speedysoftail,component_001108,30,48000,78c8f812c6323a63bbd2e958ba3448ebf3ea0f63c26286882b5abfbcadd09d7c
ai_humair_suno_6a03d489df449961,1,Suno,development,humair_suno:harmonicphotographer157,component_001109,30,48000,45dff5fa05dc8ec48502d31f5debfebdb191bb41ff171957139ab8e6c49f37f2
ai_humair_suno_6ac6fbc14c9507c3,1,Suno,development,humair_suno:captainflyingfun,component_001110,30,48000,f9f8e7b86334ef18c8768f59a618a8d46c77bcf20094a2da7293d5df54f4ded5
ai_humair_suno_6b585afa0b6da984,1,Suno,development,humair_suno:inningsbutter,component_001111,30,48000,99255ae8ea64894befef1e15a3c6d96cc81ca95e82550a5126a4b887fae30e79
ai_humair_suno_6c3a4b33b508a148,1,Suno,development,humair_suno:chillaudience6570,component_001112,30,48000,49a94b6c17c6a75ba1758e16af62189e9166b26a2633bd52ce68b1315165809c
ai_humair_suno_6dfbb9342808ea99,1,Suno,development,humair_suno:mellifluouskey021,component_001114,30,48000,87b592f34f659dc8cd3de3184f180a6c2ebe2db24e68eeef364d76870f2e5ab5
ai_humair_suno_71d4cfd7c5465ef2,1,Suno,development,humair_suno:unhurriedecholalia9642,component_001116,30,48000,0ada80c2e9ee46d30616e74d24a0044afb0b7cfb2564002380553af20baf4598
ai_humair_suno_7231b9bc1cb5545f,1,Suno,development,humair_suno:sophisticatedslapbass565,component_001117,30,48000,987c77aa760876af4ecade241c29c83532ea68f1a8194fbd92d20c1f3fb4fda7
ai_humair_suno_7257973de26fa708,1,Suno,development,humair_suno:galvanizingaudioproducer0085,component_001118,30,48000,9fdbd679edae6fcd8f2327d1eb2889855af3031fcaf793e869ecc80857ef65e7
ai_humair_suno_738504d1bd7cabd5,1,Suno,development,humair_suno:osamabinusman,component_001119,30,48000,81aa9064c27b07cee34c037d1e5aee41f23c2014d8250b0cf2b2e44bb7f048c2
ai_humair_suno_74f3915e54f5100d,1,Suno,development,humair_suno:rub4613,component_001120,30,48000,6525002cfaf67e13c038ac1d50f675e06d7d845fc02f0fb085555ca37fd16270
ai_humair_suno_75d05749833c9ebc,1,Suno,development,humair_suno:chillsoprano8256,component_001121,30,48000,b5833dbc6e79307683f5f6e2bf02c8c9d8e9bc19c5ed68ba8ed5ed0e52b06607
ai_humair_suno_765fbddac7337d81,1,Suno,development,humair_suno:sotakira,component_001122,30,48000,aa0d1160352f8a4bf73e0d31890abe44716fffbc2a93a66cd4ed07c552c51fd2
ai_humair_suno_789c4c59af087632,1,Suno,development,humair_suno:djleazur890,component_001126,30,48000,f12571a09f0103a8c70e8d8ccc9b3f79710043112ba36a1c71dc1b890ac7cd37
ai_humair_suno_78c5fc2bcc5387f0,1,Suno,development,humair_suno:swirlingguitarpedals0150,component_001127,30,48000,888539a9c59529d2d5a7e31abe8cc2883b88df695b7b77cbe168c208fd43df8d
ai_humair_suno_78e5246c955c2802,1,Suno,development,humair_suno:elgalize,component_001128,30,48000,640bff13a5147903de1c8720f35924acadbe6d30db33b2b9d603fffb69990049
ai_humair_suno_79645399c21f2431,1,Suno,development,humair_suno:resourcefulbubblegum4366,component_001129,30,48000,227a94b5479471176b0dab51ae5267bf431967d4b17e6ebeb43f35615a3054fd
ai_humair_suno_7a98f1d5a24be883,1,Suno,development,humair_suno:nettobr,component_001130,30,48000,53ac53b60bf97e0114c2003f038a96d630736d45e6be49be2e8041e89b235c99
ai_humair_suno_7bd72d9b62174bb7,1,Suno,development,humair_suno:cunninggothicmetal4779,component_001131,30,48000,13860fd46e6a141eefcac91ac65ffa1b31e86fc9aa1a495863dd39ffe5d3caa1
ai_humair_suno_7ecf39f3227fe44e,1,Suno,development,humair_suno:j2vibes,component_001132,30,48000,6ce929aae079157c49e781d89de4b0bb9503d29911511f1a01819ae82bd602e2
ai_humair_suno_800df1d25ce03553,1,Suno,development,humair_suno:darkchillwave6956,component_001133,30,48000,4ce27e3c64e5a480b7fd6e802bee92a6ae51d43dce772fe9c179087d43fa0c0f
ai_humair_suno_8222d8be90f688f0,1,Suno,development,humair_suno:kezo,component_001135,30,48000,2d3882657b97b5203c2a2900eb6d0b4cca5186e33b059daffb03c28d47961b43
ai_humair_suno_837749fc68033edc,1,Suno,development,humair_suno:peoples418,component_001136,30,48000,3621d11d010921674eea75f580e218c259e17839f488b4afc5761cd81e052328
ai_humair_suno_845bd32d408ed6a1,1,Suno,development,humair_suno:undulatingsemitone4538,component_001137,30,48000,ce918326254b4fd265654b56b5ee045e553e8665072cbe5c2938cacd87accec0
ai_humair_suno_858a1c6e95ab316e,1,Suno,development,humair_suno:dissonantpostdisco8117,component_001138,30,48000,afa201192e69c72159392a45fdb64c49d166ee92a459f77f205667340eab5b71
ai_humair_suno_87b774e0ccd01680,1,Suno,development,humair_suno:ozzy75official,component_001139,30,48000,2a4f19b2c68ca88bd087c139cbfed129d1fdbb984b06aafbb62b796e31482dd0
ai_humair_suno_885e34fb8fc9767d,1,Suno,development,humair_suno:anttar13,component_001140,30,48000,9b7e99383bd411deff9799d427db3bfdbe22c252e9e6ab7ff8ecd681f5d07096
ai_humair_suno_8bb34ad6d9d9d68a,1,Suno,development,humair_suno:thedutchduke,component_001144,30,48000,ce127a2f3ba2d5b151276e8bc023dcfec3b5c55cb61f6d844b63460faa4c1276
ai_humair_suno_8c167dca4308215a,1,Suno,development,humair_suno:placidpublisher744,component_001145,30,48000,3245e289aad95fd32e47d7eafac59040a21fc6c5434997030e586ba8f9d3e44f
ai_humair_suno_8e07601f1ccdb87c,1,Suno,development,humair_suno:glamorouscoverband5523,component_001146,30,48000,c5f8998a527bb642ab0e7a71f6244599235fd88353a25a0f591136e23c9e7516
ai_humair_suno_8ff885582d3feb61,1,Suno,development,humair_suno:mughat,component_001147,30,48000,905fd3efbabbb65f23cd89ac787d58053c6b85a95635988d64c53985c674ed45
ai_humair_suno_9208b203780c08c8,1,Suno,development,humair_suno:salsamashup3156,component_001149,30,48000,3a3e415aeb8909c38ae98ce47054a338f33f1c25b04070f7851d509f81a9e582
ai_humair_suno_9527680021b04146,1,Suno,development,humair_suno:awafflez,component_001151,30,48000,772f84b547f4a3f02f7866cb440df590144f08558f78c8e18934d2c4617c8c7e
ai_humair_suno_973951cc5a15424d,1,Suno,development,humair_suno:complextabla0860,component_001152,30,48000,c1f36ec3a218596e1680d450d5741cd209b51d71efc1b5b4d360bcd619beeb4b
ai_humair_suno_97959b3e243aacc2,1,Suno,development,humair_suno:suntoshi,component_001153,30,48000,1be0224bd0b0ccd76f05098205aba0ad79f25079f91c5ad75f2628ad017443eb
ai_humair_suno_97f75f0dcc2a9c06,1,Suno,development,humair_suno:bubblymaestro3034,component_001154,30,48000,7685622fabd55199112244100b82559b43c2d12a07c09c054b603b1e5c883733
ai_humair_suno_9adcf080cac737cc,1,Suno,development,humair_suno:hudtp,component_001155,30,48000,c26e1882d9bae1e60bba3b9a5ba362eb5d0a4dfaf776e964a9e653e733a53eb4
ai_humair_suno_9afb134d89f43738,1,Suno,development,humair_suno:dissonantclarinet2384,component_001156,30,48000,7ced5658305355957ba9bd234f53ce9bafba60ede7b7837111908ab968a46cd3
ai_humair_suno_9b948230bd8b00c2,1,Suno,development,humair_suno:aidotoudot,component_001157,30,48000,8e567c9141b330c94a935159cf9e14078e7c1047118a3aa65b1e14a8008340e6
ai_humair_suno_9c1200e7a52c7585,1,Suno,development,humair_suno:blueeyezkpop,component_001158,30,48000,9946ab2335564dc62b32a9869ca5ccb4aa90915120920f8794268e884a5eb63e
ai_humair_suno_9c9cc41a3ceadec7,1,Suno,development,humair_suno:netwolf,component_001159,30,48000,1622d8e5ce92fb3b343dc3586963699ce582de108ad38e8fcee6b5a8312e019c
ai_humair_suno_9d3e253e21d34aa2,1,Suno,development,humair_suno:salsaslidewhistle6621,component_001160,30,48000,fc9a8ec7c47c2757596610635bdf206a41e4fb837f53b94c1d118a4d2c1fd541
ai_humair_suno_9d7736b2b154b15a,1,Suno,development,humair_suno:zeetechnomancer315,component_001161,30,48000,e2a338617fd529eba337868f4ffe06130a1551112f28ee4f73cb7f673d6d4859
ai_humair_suno_9e4cc7b009551a19,1,Suno,development,humair_suno:heynath,component_001162,30,48000,6512063449c4f5a1a518f3fd455c4ded3ef9ddd27bec1354c5a8ab6fcaf50bec
ai_humair_suno_9eb2454c3a01a90d,1,Suno,development,humair_suno:loudflac5112,component_001163,30,48000,0c072a0cca00224c600b1ab9114b56298529f012c9bb143c129c6eb6b34851ad
ai_humair_suno_9f5c53b0eff942ae,1,Suno,development,humair_suno:xenoreptire__,component_001164,30,48000,ab1fb4efed9a7e5ad9bcd9201870071da0410bd883ec6a5d5a234f583b478e69
ai_humair_suno_a220189a85f73f58,1,Suno,development,humair_suno:artwhimsically,component_001165,30,48000,ec5f9d82e3ea8b0cacc11cc5fe159b55d06dc2e4d1075135f48830631acbbf62
ai_humair_suno_a24d88b2f00e55d9,1,Suno,development,humair_suno:joshyuagorgon,component_001166,30,48000,d0d856804ae3aa26f9204e20a9d40ea02ad6a8f00728e086c0599c0a16d92f08
ai_humair_suno_a33faca410189c6f,1,Suno,development,humair_suno:addictiveclassical092,component_001167,30,48000,661126a209b9a362813fa5ed562593c15bfcb277109050ccaae937c62e91d426
ai_humair_suno_a48e1e29c5502678,1,Suno,development,humair_suno:renstar,component_001168,30,48000,3c29891aed515269db2376b49ca1532e616869b56cd1a9343128124b0711abab
ai_humair_suno_a6adc7efe4a28ecc,1,Suno,development,humair_suno:militanthitchhiker,component_001171,30,48000,6e99da8accd41921d1b35a7ef32d495855baa57cb4dd744b5e15761c77f92711
ai_humair_suno_a85c16a832010362,1,Suno,development,humair_suno:complexbird5266,component_001172,30,48000,46af9848793fbee53563a5e425ee0a0ec4a04fede26abd1bed86149177194e5c
ai_humair_suno_a9f72cde95a69f23,1,Suno,development,humair_suno:nervoustechnique835,component_001173,30,48000,edffdebc85926fade42412ff5454af7016a49f3ac72ed11f3c1099ac15d158f4
ai_humair_suno_aa8e607d0523ae0c,1,Suno,development,humair_suno:dissonantminimalism0196,component_001174,30,48000,824738d89ff6fde2cb28b27f26a3c40a716780bc29e0e585437c765677613010
ai_humair_suno_abf941d4ad94a633,1,Suno,development,humair_suno:mesmerisinghighpassfilter4809,component_001175,30,48000,92ffb54e3df02895c7fc63ef6c710b58f5b0386a6d4e03227eb739fd1db6024f
ai_humair_suno_acbb6e7809648045,1,Suno,development,humair_suno:iiooi,component_001176,30,48000,0f94e264c8eae47b36bdbf398ae72741cd21783d0bd739cc4b3f55e9fab06138
ai_humair_suno_ada9f22d5d1ebed0,1,Suno,development,humair_suno:fearlessexpressions2306,component_001177,30,48000,be6e7a50f9a3214a53fe247992a0e5a7fc30b54bdfbc6fcb763b0a7e6ef1cb0d
ai_humair_suno_ae12488731d1f1c0,1,Suno,development,humair_suno:subversivecassette491,component_001179,30,48000,bea0c7ceefd721f6e8922b093f09287541f50780f22fd771314751c8ddbf91bc
ai_humair_suno_af2ab270b4a82a94,1,Suno,development,humair_suno:melomoon,component_001180,30,48000,9eff2d67ad1a82053592472ffc75820b86eeccc9d0268bfe54ab743c8c1508ab
ai_humair_suno_b3e94e2c40624458,1,Suno,development,humair_suno:mishel_1234,component_001182,30,48000,3f008984f6751057cb5e6f5ae3aea6b8107ec673d1a2b69e94f75c1be6ae27e1
ai_humair_suno_b52ae2892af723a4,1,Suno,development,humair_suno:shinefy,component_001183,30,48000,dca84e1eb9b3b28e785f76c4c0d41b09d033ce3fb4a2728c3cef1a8e6c2ac41e
ai_humair_suno_b5a66443c979aea1,1,Suno,development,humair_suno:skyler0,component_001184,30,48000,6307fe8324adca63eda77de3cee0047a7b9b9491751fb94988eee32763ef34a6
ai_humair_suno_b98e1162aed40f86,1,Suno,development,humair_suno:spacioussound376,component_001186,30,48000,0700e724efb97c9199cf7842ff34605e7f01ed2681065e4bba9395989353b7a3
ai_humair_suno_bac8d3588b3ee523,1,Suno,development,humair_suno:nemesisevil,component_001187,30,48000,0b12fb35ce1a2a6d947a743852a33c419a09aa20f25f57b8c1442b05851f46c2
ai_humair_suno_bbaa678e26a27f7a,1,Suno,development,humair_suno:sokang4flang,component_001188,30,48000,a3acfc72a65eea2b1614a125c00c07bcaf29149a2b906d16ec5e0f89d361e15f
ai_humair_suno_bc79b1940b1fea58,1,Suno,development,humair_suno:007tacky,component_001189,30,48000,d5d8369941067b704042332f21b971786e183b195a4ecd1b0db8762ee3ea55ed
ai_humair_suno_bd2f9c22f6d6df84,1,Suno,development,humair_suno:milet,component_001190,30,48000,900b2a75f882804453d87ec38a6b224bd5f1512eca52f02e1c51260c78b27aac
ai_humair_suno_bee1ad92b34df880,1,Suno,development,humair_suno:alexanderkruk,component_001192,30,48000,5ac071e9a47bbff4923b60d263e11177411ec2ca1cfab689e87dba03030bd36f
ai_humair_suno_bf5dd68706a6c9dc,1,Suno,development,humair_suno:molator,component_001193,30,48000,99aa7eb645e8aa773ee7ffe5175decf4a12738491c4fda35a64bbd0725e6ff64
ai_humair_suno_c0bd15ab3081fc4a,1,Suno,development,humair_suno:entertainingplaylists2545,component_001194,30,48000,055f16b21a49a2a36a9ee8b57515b9334f9912fea2a5b8b0c2731aefa3eefb1b
ai_humair_suno_c3d91c7866f2eba6,1,Suno,development,humair_suno:tobbe82,component_001195,30,48000,ecee4ed53652dec188ac8933340a64c8eee648260143127d372905754f532d3f
ai_humair_suno_c550b0e6c7bf4772,1,Suno,development,humair_suno:byz9527,component_001196,30,48000,4b8591f4dede2b4188dd1e2fbdf0d0f4d521e1eaa9d5ef28fb6e4f447eb9ba0b
ai_humair_suno_c6d5003dc5201589,1,Suno,development,humair_suno:hnbtd,component_001197,30,48000,39393172a3499703104bb92b7923efdd9ca11946514e27efe9716fdc557c804d
ai_humair_suno_c717fdff11899df3,1,Suno,development,humair_suno:disconcertedvaportrap2531,component_001198,30,48000,17bcd3b75697b08a9b48fa8fb939e84e453985b584a02fece344986ad70c066f
ai_humair_suno_c7484a112390015d,1,Suno,development,humair_suno:blisteringdancepop696,component_001199,30,48000,06cf76dea10a681cf818e53819fa98c60b3eed94e974b57e48007183a49c7d85
ai_humair_suno_c97869da8a60f900,1,Suno,development,humair_suno:conflagrantpace8964,component_001201,30,48000,601b1993ee54dd3576077368851a1d33592a4f6376f94b56bd86dd8868645efa
ai_humair_suno_c9c697acef20e3a1,1,Suno,development,humair_suno:onestonetwostones,component_001202,30,48000,96a499f2059443b0eda09ce74524f471ceaa23a1a4b7de0eb2c51cce708e5474
ai_humair_suno_c9f70d19d6e6e641,1,Suno,development,humair_suno:celticsemitone030,component_001203,30,48000,0f58702cebc6a084f58bb08ae471fc8d3a9fac670dffe0cce25b33d905dde728
ai_humair_suno_cb09eee5bc090635,1,Suno,development,humair_suno:titillatingliturgy806,component_001204,30,48000,e6584d652a75a87a7773c0f3bf484db4a5050527bbf85e87b035411d9d2fddc6
ai_humair_suno_cbc5fe43d76d3ac3,1,Suno,development,humair_suno:cykoman123456,component_001206,30,48000,98eb1bf2d3d2eb7a5124c2dd24ffefb5ab735e8c9bd660283af07c6b6987c477
ai_humair_suno_cc04d65ea9e1b3b2,1,Suno,development,humair_suno:adamrice,component_001207,30,48000,5e2500a5123f51253eb0483b17a1b12ffeed5d4a78e9d48124fdd217f11725e0
ai_humair_suno_cd89b1bbaf959cc8,1,Suno,development,humair_suno:aia,component_001208,30,48000,f63886e64ce38f71f754efcd997c5b3ef190fdcf93a3cc16bfe08b2cdcb5c5a0
ai_humair_suno_ce72773ededa9033,1,Suno,development,humair_suno:galvanizingdancepop9434,component_001210,30,48000,b82822a70fec1725ee318dc0101ee8438bb5bfdd2bfe73b4a75484cf146ff9b3
ai_humair_suno_d0e9ab00243916ce,1,Suno,development,humair_suno:shetekhmusic,component_001211,30,48000,e881f40c6bb4c250f624b44fa4e124870f179854740550fefd567ca4f6f572be
ai_humair_suno_d0f0e3e29693f67e,1,Suno,development,humair_suno:iccio83sv,component_001212,30,48000,324af9b552807afc4b54484ef20c00f07fa6340b23e55c3540cc27b39ba17b98
ai_humair_suno_d2c6905c0a1953bd,1,Suno,development,humair_suno:dissonantsubtleties6831,component_001213,30,48000,12c62263358687918dd707faa57e435eaf45d8d7ac35a062755e3eee992c14f5
ai_humair_suno_d37317068084c3b8,1,Suno,development,humair_suno:johnwack,component_001215,30,48000,7c976b4d9888fa9fdc7e17d37011a9d17946456b9bff79d628d222cf4ab84555
ai_humair_suno_d693b0c870b080f9,1,Suno,development,humair_suno:stableendings364,component_001217,30,48000,2a460b08cb21ead72a21f0e39240a00d261c5196ccb3afbb6f01d31683d45a84
ai_humair_suno_d6dd74752fc3acde,1,Suno,development,humair_suno:okari,component_001218,30,48000,f4bb8ca3d5e289d14f6c3abc6efa02ebf4a3387bf5d836a6172098cd61d30234
ai_humair_suno_d7715d80bc4a56de,1,Suno,development,humair_suno:resourcefulopera3713,component_001219,30,48000,342ddb8107ab4881d0043033a9a9bda3559b284742a5b2c20b1b94f57ecc8b5c
ai_humair_suno_d7c6626cd3066815,1,Suno,development,humair_suno:dremu1812,component_001220,30,48000,24ddf6069cbf8bf67f52e663bb7f03d952946f925d59b4986b6247719064b23c
ai_humair_suno_d8e267cb0d0e9bc2,1,Suno,development,humair_suno:ondrejtocik,component_001222,30,48000,60dadfb1297afcd037909a28d48bd9b527011fecfd8b748dc82341617ccbc7fd
ai_humair_suno_da8528306bafba38,1,Suno,development,humair_suno:charttoppingguitarpedals593,component_001224,30,48000,df4fe85645175b1285156a1965a8c0935fa5bc1a02720d2c7fbc43bce3f2468d
ai_humair_suno_dbe96958e620571d,1,Suno,development,humair_suno:greentieproductions,component_001225,30,48000,b6d1027076a6fe3eeece57fbe62c5e7067ac50589bc709ad04ddc2e29cd0212b
ai_humair_suno_dd6c2b598eb8704b,1,Suno,development,humair_suno:diveira,component_001226,30,48000,5e6d7fe8a7c21ec28d0def1243ade0c6c3a7322f31bb781d3d87ca43f8b0038f
ai_humair_suno_deb2ec7bcebd85d7,1,Suno,development,humair_suno:brilliantplatinum547,component_001228,30,48000,3e349afea2ecef281d1c7fa1e9b8fe8d5ef5dd7568b4ced15101bc20a413667e
ai_humair_suno_dfe492b197280c24,1,Suno,development,humair_suno:stereophonicmaracas9522,component_001229,30,48000,0a12c73b2be79855df051d6d72f67df889c8de61caa09918e5d9073a0242dc82
ai_humair_suno_e13c0a7bf49c0ae4,1,Suno,development,humair_suno:bachalion,component_001230,30,48000,2c99a61dbe6578c7e31a8290cd94d83010c97759e2ab80b3993cd50d052e011f
ai_humair_suno_e2d0d33d58fa0135,1,Suno,development,humair_suno:ironiccadenzas962,component_001232,30,48000,f3efc640bded8e7db628d61a0a3a24c83e4264931fb7cd06e01f50fd16c6e8cc
ai_humair_suno_e61de48757a3b332,1,Suno,development,humair_suno:kojima,component_001233,30,48000,5017f528e5d466748c07d163626d48b2f9982a2967ae9d1461b0a2d0caa809cf
ai_humair_suno_ea377b86e0a25a40,1,Suno,development,humair_suno:fearlessdjs5291,component_001235,30,48000,d36441c033cf25a8749984d542f1743961062055cbf3a6bc36bea5ac5fd1901d
ai_humair_suno_eb59791a91fc6f5b,1,Suno,development,humair_suno:groovycymbal019,component_001236,30,48000,ea627dcb94ce42ab53d0dc5f1e7b259ec4bcf15e18dbef4544b6dbc96faf4a6e
ai_humair_suno_ec42b9f50c359594,1,Suno,development,humair_suno:rhapsodicrange784,component_001237,30,48000,c9f182126a2f622c472e575b246998de37069cb837af159d8a9b5ff421cc24dd
ai_humair_suno_eec2ae721fdd4e59,1,Suno,development,humair_suno:pnwbornnbred,component_001240,30,48000,2795a1364afb8f2b4452d89a86f4ca45cb782206bc19adfbf2c80ceac07bde7a
ai_humair_suno_ef138ac33290c165,1,Suno,development,humair_suno:facetiousacidjazz895,component_001241,30,48000,6679d05e014197c6121d27dbbf41729a2a1a97fa884460e91a2d84f65fe6d056
ai_humair_suno_f1234c3264ef652a,1,Suno,development,humair_suno:macbograms,component_001244,30,48000,84aa27e78dffb5bdc063a157678cbf965739b7107846a8b7eb28b8b73e8d8b0b
ai_humair_suno_f19729fa6d5701ee,1,Suno,development,humair_suno:sid07nine,component_001245,30,48000,d9100dd32543c52942abfb5de0623d8557808869d1836bb30f6ff1418d253c5c
ai_humair_suno_f594377e7d98185a,1,Suno,development,humair_suno:sayrex555,component_001246,30,48000,160fe6c10295b093f929a7cab94e8e3ab80a7ec7888a79775a4b37838a53cfeb
ai_humair_suno_f5a94ad9701f4f4c,1,Suno,development,humair_suno:timelessdistortions618,component_001247,30,48000,395724b6030e24965b15090e85105a4fbccd876f74508692c816a57db74ca182
ai_humair_suno_f625ed1a0a66a71d,1,Suno,development,humair_suno:homecomingsummer,component_001249,30,48000,abd6d79160100d3589725cdb0d4a479a959150272cd78291eb3212bff07af16b
ai_humair_suno_f70adea51a0b9006,1,Suno,development,humair_suno:tantalizingtone9588,component_001250,30,48000,cd532964448711686a349dfbc72f455e621de916d09f105e11a70120e794c154
ai_humair_suno_f973109696cd571a,1,Suno,development,humair_suno:reservedchamber6626,component_001251,30,48000,7f3353e4bfd4eec1b23e4165a087c4fcc8555dc9891d3b2d6fd4f9b39711a782
ai_humair_suno_f98c0213b22e8245,1,Suno,development,humair_suno:bubblymusicologist7847,component_001252,30,48000,9ccc5f91762d11902893d97787f51c9f5e874d8c31871aa92e91ae5f0cc5c03a
ai_humair_suno_f9a1fa59080191c7,1,Suno,development,humair_suno:thewombats,component_001253,30,48000,1d68eedf877996e4b00207da42849589b287217808cec81536c9ae3984547af5
ai_humair_suno_faa99760769dbcfe,1,Suno,development,humair_suno:calypsoelectro2222,component_001255,30,48000,d493dd5a7c4fd966fe34918b1f0894c68316037a03a5483f28e1e1b5b18ca473
ai_humair_suno_fc44feb7f92c3679,1,Suno,development,humair_suno:sergio0505,component_001256,30,48000,3fcb8d03cbe4f24cc83d5fe2b25b00233be9b69e99efa306a5778e09d6506367
ai_humair_suno_fc49f9b8366bdede,1,Suno,development,humair_suno:t_r0ck,component_001257,30,48000,ff2419dd84d8d3863bf256f0d04ddb597cdd06648220afcdb1cf5c9b2ea7e254
ai_humair_suno_fd343425bff9a2f0,1,Suno,development,humair_suno:calypsowires9819,component_001258,30,48000,ce8a4efc42a0c6659101cabd73a17f71ae580a21b50d6425958fbe7bde47c6a7
ai_humair_suno_fdf658cbba8e2c7c,1,Suno,development,humair_suno:uberfox360,component_001259,30,48000,ff3a398aac29c2385eb0b2ea181f143c29897d6ab17688568896260c174725fd
ai_humair_suno_fe721ce94240c85f,1,Suno,development,humair_suno:innercore,component_001260,30,48000,877d87ecb34b35cb46363fd9b529eb82514406720fef5724fb771df68e826d0c
ai_suno_unknown_03157c477b70d68c,1,Suno,development,suno_unknown:03157c477b70d68c,component_001262,30,48000,276f9b6c1c714f561a200a59171f0c75a172a253c2e000e2f72484a5a0f3fc11
ai_suno_unknown_045c19e769eebc0c,1,Suno,development,suno_unknown:045c19e769eebc0c,component_001263,30,48000,e6c75bb572eb5ab20dbbca94c850f25e34bfaafc025109ba11e20c9de92e2782
ai_suno_unknown_0757aec80f01362c,1,Suno,development,suno_unknown:0757aec80f01362c,component_001264,30,48000,25899984b993a65a69bb8aaeb3eebc3dc6081af3644bbe47657a091788ad57ca
ai_suno_unknown_08c6b141f838252a,1,Suno,development,suno_unknown:08c6b141f838252a,component_001265,30,48000,d5694af32c2db260634e287a786b3dd8a406426e1481c3f3dd25b44a78c4799f
ai_suno_unknown_09f52756a4b93dfd,1,Suno,development,suno_unknown:09f52756a4b93dfd,component_001266,30,48000,988e8c0136f097d1ea79dc2136a72d51a5908102e2e03ddaa019fa98eb827976
ai_suno_unknown_0b316fac53b5a509,1,Suno,development,suno_unknown:0b316fac53b5a509,component_001267,30,48000,0dad70caa0d136ee6fddaecbe71ebec5660b76e0178ebc01a184ea5dea9a204c
ai_suno_unknown_0cf7de1f26138903,1,Suno,development,suno_unknown:0cf7de1f26138903,component_001268,30,48000,ff96f23d9d48839be24aad4bf45a77c099f15f1c2729f806cc2b05e2592122ab
ai_suno_unknown_0d94b2e13987563e,1,Suno,development,suno_unknown:0d94b2e13987563e,component_001269,30,48000,9179ce7b000576493122baa3b4b4d76e7229d1b02655afbd4218480279f2f17e
ai_suno_unknown_0e64c8bbf1d7b54e,1,Suno,development,suno_unknown:0e64c8bbf1d7b54e,component_001271,30,48000,80819b38082d246676a56c698bb1fa40220575f02f9c0fee0f02d2f30a5a7d89
ai_suno_unknown_107cd9076aac63e7,1,Suno,development,suno_unknown:107cd9076aac63e7,component_001273,30,48000,b1d40e1747a3f6974c3cded2a2689307d6118c446ab557d49bffb4fd1e9090fc
ai_suno_unknown_10be307c565f6662,1,Suno,development,suno_unknown:10be307c565f6662,component_001274,30,48000,d9a6f864468ca3a34a6b921d55d53ade4ae5ac11384ced90d35bac5493e6f489
ai_suno_unknown_11fd4e798f2ad815,1,Suno,development,suno_unknown:11fd4e798f2ad815,component_001276,30,48000,992526355300ce1c47f92278088689a7c27d5a67f8b8b311a5958aca644b860c
ai_suno_unknown_12de27b80094408c,1,Suno,development,suno_unknown:12de27b80094408c,component_001277,30,48000,f6d7b2b0df457a6d894522ad8155dc9930e552158d10ac111ee57611e05f9f2b
ai_suno_unknown_14f20c76c38473c9,1,Suno,development,suno_unknown:14f20c76c38473c9,component_001279,30,48000,33bb86abb2e129084677dded96839531a7df33aea99d4abbf307d2c08ab7edbb
ai_suno_unknown_15065b779c98e08a,1,Suno,development,suno_unknown:15065b779c98e08a,component_001280,30,48000,a35de24410f696248969599871b077c172c8fca20ebafabfbee45e90ba20aa15
ai_suno_unknown_15d2e024ef206a00,1,Suno,development,suno_unknown:15d2e024ef206a00,component_001281,30,48000,4859360a16a0be5f920ab23e8c20ccca9718f2dafdd769843ed68cbaae92548b
ai_suno_unknown_162ea79d47055289,1,Suno,development,suno_unknown:162ea79d47055289,component_001282,30,48000,2601b5074436dded83ed690117d5a9b6621a974ae915f2d3b30f11c3002859c8
ai_suno_unknown_164ce1e046846d1f,1,Suno,development,suno_unknown:164ce1e046846d1f,component_001283,30,48000,6b282e1f7a1dd45a8fc6a9be997ddbf4b1c61d234e5645049e69d3090f78fe27
ai_suno_unknown_16ad3e9aecea8e66,1,Suno,development,suno_unknown:16ad3e9aecea8e66,component_001284,30,48000,7396f29e6ef99b1887fb99ad0c245f55592f8f9e81afa8a68fe127a762b22988
ai_suno_unknown_19bb9d66e634425b,1,Suno,development,suno_unknown:19bb9d66e634425b,component_001286,30,48000,4fcf6e04fe5122ae19edfde0d1a4afdcb475bad9481520019d12f8fd9e281391
ai_suno_unknown_20d8f8afec5ff07f,1,Suno,development,suno_unknown:20d8f8afec5ff07f,component_001288,30,48000,8979367314d1c1ecb488d01a7982d06fa0804874cdac52bca0f06b25e26daf79
ai_suno_unknown_21032bd8622e46db,1,Suno,development,suno_unknown:21032bd8622e46db,component_001289,30,48000,398c58b8a5a11837eb8556a7ff77b82bdfa3d215641046d533a12f86b7e925e0
ai_suno_unknown_215bc3a6d18ee37a,1,Suno,development,suno_unknown:215bc3a6d18ee37a,component_001290,30,48000,bd834c1932418d0613cb8d4ebab6a10453df57cb5a70a26ae15a00935d18fc7d
ai_suno_unknown_24ed30fcfa8a89d7,1,Suno,development,suno_unknown:24ed30fcfa8a89d7,component_001291,30,48000,64e845d2e75766acebc8dca5a9e01e63a24ca14c9ee75d17b942f43fe2d8219c
ai_suno_unknown_25ac27ba8564cfef,1,Suno,development,suno_unknown:25ac27ba8564cfef,component_001292,30,48000,66f45e1e5d600c555918a6e2c4efca2da7a430f926d720b5b0c92ede457ba351
ai_suno_unknown_275c3497d77ef2df,1,Suno,development,suno_unknown:275c3497d77ef2df,component_001293,30,48000,14d82863fccc83cb23133e674ea65fe6c4d8575ba6a348b97fe456071cb27bd5
ai_suno_unknown_2827e7988f1bf96f,1,Suno,development,suno_unknown:2827e7988f1bf96f,component_001294,30,48000,4b108735de696bf372496db9bd2120c86df7ce9c9efee323eacbb92af320fb0b
ai_suno_unknown_2abd77f9661b8835,1,Suno,development,suno_unknown:2abd77f9661b8835,component_001295,30,48000,dce14082e864ffecb1e50c7230ed7ccf069ccef072999d0e8aa004caba58785f
ai_suno_unknown_2babacabb3573bbb,1,Suno,development,suno_unknown:2babacabb3573bbb,component_001296,30,48000,420e10482545108c49708c1f1defd917f5ce34ca86eaa57f34d1022b12ba6c5c
ai_suno_unknown_2bd3fe411dc57d65,1,Suno,development,suno_unknown:2bd3fe411dc57d65,component_001297,30,48000,85a560d662ef6ef975d8f20e27517e0ec603b49c34bf4088de7841a8364b1674
ai_suno_unknown_2d74f8f476ab880f,1,Suno,development,suno_unknown:2d74f8f476ab880f,component_001298,30,48000,5300416e4e9d94f60f275bed77b1de6c4cde7729866ca03c5ec8bffdc5e2f2bd
ai_suno_unknown_2e4004ffd08d3626,1,Suno,development,suno_unknown:2e4004ffd08d3626,component_001299,30,48000,5e241c1b53de4341d92a5b456b4c07be22164ddd2d62717d1f0f182790a5e7d2
ai_suno_unknown_2e9e59c7704a72d8,1,Suno,development,suno_unknown:2e9e59c7704a72d8,component_001300,30,48000,a322f89bd07e1a7e74565c01cb20da727c1b9316841df453b8a7473c40ca0583
ai_suno_unknown_2eb2b683c0ddcb0c,1,Suno,development,suno_unknown:2eb2b683c0ddcb0c,component_001301,30,48000,905b49e2487c25efb61094b38b5f5f205e7ca2898f771c640d733c5cce331d1b
ai_suno_unknown_2ee5af9baa455fc1,1,Suno,development,suno_unknown:2ee5af9baa455fc1,component_001302,30,48000,97ddcdf85cb33e28cbb6d3e4082b4fc81878a8d3a0d7cd5486cb0d9ffd303a5c
ai_suno_unknown_2f815584cb8cbcd8,1,Suno,development,suno_unknown:2f815584cb8cbcd8,component_001303,30,48000,42659ecee4bced62bd9b0fb0fec4501c3459800f0afbd5f21669f639e7bddb4d
ai_suno_unknown_30597e7d706abe4f,1,Suno,development,suno_unknown:30597e7d706abe4f,component_001304,30,48000,6138603ac9c3cccd1d608742eab7133de93cf9d42cde373fdc78012f3d033d7e
ai_suno_unknown_30a3137ac4019b19,1,Suno,development,suno_unknown:30a3137ac4019b19,component_001306,30,48000,8237c4d36d5f07c7e48688a6a2e7d4aabe301b60a264677322cac17fca773911
ai_suno_unknown_30fe67c81b48acc0,1,Suno,development,suno_unknown:30fe67c81b48acc0,component_001307,30,48000,19d9776bc233d6f6f9e89e26f8136ed5b4a96d9be0d92b713658296dc408dfbc
ai_suno_unknown_35021d60efa5f0e1,1,Suno,development,suno_unknown:35021d60efa5f0e1,component_001308,30,48000,15de89fed5fed207863531d65b9d6877a159260499430531651c1c780eaaf739
ai_suno_unknown_351f91d3bcce59c8,1,Suno,development,suno_unknown:351f91d3bcce59c8,component_001309,30,48000,2208058e42d158c46830c58cdd997149ecfcfc043f5668ed74944e28c53257c2
ai_suno_unknown_3720d8fdd6c809c0,1,Suno,development,suno_unknown:3720d8fdd6c809c0,component_001310,30,48000,99861329984259e78b85f89221399ec7bea2abf2efad2b8e4bdf25d55f30e090
ai_suno_unknown_37d46e1ee0482b14,1,Suno,development,suno_unknown:37d46e1ee0482b14,component_001311,30,48000,9533c91c350fdf43eb86bf759909f2fa7fedb8f1f61bf34089bb6f2ace8ad086
ai_suno_unknown_3815b0b6e5113025,1,Suno,development,suno_unknown:3815b0b6e5113025,component_001312,30,48000,4cfb9643137333c4224d5f599f90fafe10748521f61e5966bcb3294cfcdf92e2
ai_suno_unknown_3827e2610e9e6dc4,1,Suno,development,suno_unknown:3827e2610e9e6dc4,component_001313,30,48000,fad3e30f28b68f45d0469a8f0555e6e64972fecffe3e86e7e6f8bd8075007fcd
ai_suno_unknown_38d978871c73b6d9,1,Suno,development,suno_unknown:38d978871c73b6d9,component_001314,30,48000,5d181dd137eda3e4e8e8611b6d99cb1bb4411c83e9bb1e6851630f49f74f6893
ai_suno_unknown_3a2798328395e82b,1,Suno,development,suno_unknown:3a2798328395e82b,component_001315,30,48000,1c9c1424c63bb98983421c2ce845a643cbc8785d4f1227776f399773ed3a98ac
ai_suno_unknown_3d27c84d16901aa8,1,Suno,development,suno_unknown:3d27c84d16901aa8,component_001316,30,48000,20cfed4020d90fb585a385853aa5dd5f6f62adab20a8c9288eaf15cf3575afa6
ai_suno_unknown_3e19721e9e114f3e,1,Suno,development,suno_unknown:3e19721e9e114f3e,component_001318,30,48000,577c30b32f99da4761c794660063ab4644012f7068bfa7e9d15fc1c943371695
ai_suno_unknown_4039cc7d8b3bcb57,1,Suno,development,suno_unknown:4039cc7d8b3bcb57,component_001319,30,48000,d7ed44b7858d5347c917dbc8c9231799a93bc62a3013eebe4e63bb8498b54cc4
ai_suno_unknown_404e826d94af548e,1,Suno,development,suno_unknown:404e826d94af548e,component_001320,30,48000,3918e12a5ffd81b2570aeb4061e6f1bc545c16ff7cf279e622407d2f361b85db
ai_suno_unknown_41a1a8fc1b12d395,1,Suno,development,suno_unknown:41a1a8fc1b12d395,component_001321,30,48000,ab42c024b2ab89b6c14a60c6eb8202485bc277240625874e697fbfa9a13aa1ed
ai_suno_unknown_46188d7344a9663a,1,Suno,development,suno_unknown:46188d7344a9663a,component_001324,30,48000,3438cb4181c79cf53467957ee9097cc3c553da8dd521ad05d381b71729a15a77
ai_suno_unknown_4682ab1930523a71,1,Suno,development,suno_unknown:4682ab1930523a71,component_001326,30,48000,70e7ba2355072e6924f0dcf933002643fa966423172084946235d4eb8d428dab
ai_suno_unknown_473f80bec5dbb381,1,Suno,development,suno_unknown:473f80bec5dbb381,component_001327,30,48000,fceb911dd25f5ea802f578549a3a4ae0951d0ba93caa9f024daf314a81976339
ai_suno_unknown_4a5c61b0c70f069f,1,Suno,development,suno_unknown:4a5c61b0c70f069f,component_001328,30,48000,edaa7f924c99bc5946cf8c814b017e74988cc3612cb7d91b2165542322a23a12
ai_suno_unknown_4e1465f5e320392b,1,Suno,development,suno_unknown:4e1465f5e320392b,component_001330,30,48000,91047ace3e012a4808580e2e684b277cf1702eda57a2f946be5e1194e85323b2
ai_suno_unknown_50b3d7e222d631f4,1,Suno,development,suno_unknown:50b3d7e222d631f4,component_001332,30,48000,0cf8d5e72da88d523993d8713844465d20aa678297ba1457dabd660d5a6d2c04
ai_suno_unknown_514719dd84b31293,1,Suno,development,suno_unknown:514719dd84b31293,component_001333,30,48000,81d90cd8e0dffbf8ea6227786a518ddd18e71baa5bc024d67f345f33d3017798
ai_suno_unknown_51dbdb5b46559295,1,Suno,development,suno_unknown:51dbdb5b46559295,component_001335,30,48000,440c8ec37957aba2c5aca8a16951897918afdd4051dfb3dd98410fe79884005c
ai_suno_unknown_5295f005170912b6,1,Suno,development,suno_unknown:5295f005170912b6,component_001337,30,48000,e6372c492f789d60f9c43de49c0b2e445fb7ae513c56bcbb35d203c885b3fa0b
ai_suno_unknown_52fa2cf5da098e68,1,Suno,development,suno_unknown:52fa2cf5da098e68,component_001338,30,48000,b8b7f6d870ca51d191bd0a77d13d0cc4904053dda8ea88139736ae941cf84f7a
ai_suno_unknown_5392888e1e0ae235,1,Suno,development,suno_unknown:5392888e1e0ae235,component_001339,30,48000,5372bdba9914ee77fa16248fdf9831f3b5b79ad3e4dfff503f69355ccb28e752
ai_suno_unknown_542020c32924e4fd,1,Suno,development,suno_unknown:542020c32924e4fd,component_001340,30,48000,90a529e3d7afbc8c6f680ae748222db70aac5c1c3441eb17170980a130b27e84
ai_suno_unknown_55ef7ab509af5619,1,Suno,development,suno_unknown:55ef7ab509af5619,component_001341,30,48000,4b863872ce90c2c4b97f229c00cbdd1430cafd1a007907b63bc49bc89ca627cc
ai_suno_unknown_55f8c8164fcd550d,1,Suno,development,suno_unknown:55f8c8164fcd550d,component_001342,30,48000,62731ee3e94273d3c1b59f2ce36cbe4dd7b3f2b7428ba9031019f04defa9ce76
ai_suno_unknown_583ad4ec5402056c,1,Suno,development,suno_unknown:583ad4ec5402056c,component_001343,30,48000,a634a297414840b947f51c0efcb57f1038e93acf205482f3b8012c39e684ade8
ai_suno_unknown_58c398c13834f7a8,1,Suno,development,suno_unknown:58c398c13834f7a8,component_001344,30,48000,9dd4b1f29ed506efb53a263ab176672d57e2561970ecfc26d4913147e34d8223
ai_suno_unknown_5947d7ee103425d9,1,Suno,development,suno_unknown:5947d7ee103425d9,component_001345,30,48000,5f798d6fabc2457d59fabd8d83f99a31e1323b7f85398b4df19a58ef67d5fcf2
ai_suno_unknown_5976e1d400b37825,1,Suno,development,suno_unknown:5976e1d400b37825,component_001346,30,48000,560606e5333e439d77be7578059d6d03821dff08efe82907c799bee1d8177fba
ai_suno_unknown_5db363e18b6eb70e,1,Suno,development,suno_unknown:5db363e18b6eb70e,component_001348,30,48000,68966af46c4773f7f8500c6bde732e5617508949cf85b65b347208e70f58482a
ai_suno_unknown_5e00e7019916f5f9,1,Suno,development,suno_unknown:5e00e7019916f5f9,component_001349,30,48000,7bd86647a037fd59b87dddf6993e9d1b71deddb6ae2e48a446dbe96f6a808336
ai_suno_unknown_5f0fbee77d2d2b2b,1,Suno,development,suno_unknown:5f0fbee77d2d2b2b,component_001350,30,48000,3ade6fc38b4b9539ba74f5029210fb7834735ff5c7a0dd1bea8aa8cdb6c5f1dc
ai_suno_unknown_601d4a4d8141f7fe,1,Suno,development,suno_unknown:601d4a4d8141f7fe,component_001351,30,48000,e38bcfc95e0fea404201c8808a22d16b3f7ead3d95e5e36b8287fcb5fae20008
ai_suno_unknown_608a33a9d73a375f,1,Suno,development,suno_unknown:608a33a9d73a375f,component_001352,30,48000,e6edd92da48f9bc6ca341c017d54f9481a88b7bd2ca068379ffb916a110a8b38
ai_suno_unknown_6157712a52b16494,1,Suno,development,suno_unknown:6157712a52b16494,component_001353,30,48000,d5c4e896d42fc5b144c4d9e585d7ed83ab3129dbd783a3c5aea574e3667de619
ai_suno_unknown_62c1d9a8229dc775,1,Suno,development,suno_unknown:62c1d9a8229dc775,component_001354,30,48000,e1d5c3f1c3850a1c706c147914049ee5974aa7be14d1a79a4fb12210fd6a3eb4
ai_suno_unknown_63c8ee451b3df5fa,1,Suno,development,suno_unknown:63c8ee451b3df5fa,component_001356,30,48000,5e1af69e470ffaa9d9bc672bc3cf232ed7e068b599c64e62d03ab1e9a8fb1719
ai_suno_unknown_6404d75506be1e1b,1,Suno,development,suno_unknown:6404d75506be1e1b,component_001357,30,48000,acfb216e998240b4a4c7dfd126ca4998df768576017026ef689666950da057d1
ai_suno_unknown_64442dbd254124d7,1,Suno,development,suno_unknown:64442dbd254124d7,component_001358,30,48000,8291647f4f6e0768b9d9ad8cca61a6f479df53f7b08d103c3f73a771bf69b9a8
ai_suno_unknown_647ff21370b7c5dd,1,Suno,development,suno_unknown:647ff21370b7c5dd,component_001359,30,48000,f56b776739a2705e47f11c9c284ccbe7b5c463ded5b99297f765c2f85831c40a
ai_suno_unknown_64d45afefa6d28d0,1,Suno,development,suno_unknown:64d45afefa6d28d0,component_001360,30,48000,e0872f81bd9d1ae713b3410bf397f94c12c60acdace06f5ce87e2553f7d7ef0b
ai_suno_unknown_65812acb2a67b04d,1,Suno,development,suno_unknown:65812acb2a67b04d,component_001361,30,48000,9d75d197859b42eba7b78db030cb5677beaf4b5700effa7b9b7283fa080bc543
ai_suno_unknown_6840d1d00ec50722,1,Suno,development,suno_unknown:6840d1d00ec50722,component_001362,30,48000,e5616d186d43283c26a30d1d64f2d23930246b721c17488f0b7310e3e5a316c9
ai_suno_unknown_694d2adeb192d4ff,1,Suno,development,suno_unknown:694d2adeb192d4ff,component_001363,30,48000,5aaa7be63924524c7cf1a7bec2abcdbdcd61a90bb1c70f7ba22d1c79fc18a5d7
ai_suno_unknown_6a1352f0394b5042,1,Suno,development,suno_unknown:6a1352f0394b5042,component_001364,30,48000,e7e5dff9e963eb9ac5ee2a2b5440ad831b49a1a5ed323826a163dd9f7f2a154a
ai_suno_unknown_6b4b8ee102675ce5,1,Suno,development,suno_unknown:6b4b8ee102675ce5,component_001365,30,48000,80937cabaac9897dc8f0dd1bf7b60b6f66a19052974db3c0fceab4d6e2156052
ai_suno_unknown_6bbe5ccf4b15ac97,1,Suno,development,suno_unknown:6bbe5ccf4b15ac97,component_001366,30,48000,dcf6c3385aa2eee26f2e8b00f84b786e23602b8955c7a306dba96e3344bfa54b
ai_suno_unknown_6c8a6307f57fe86f,1,Suno,development,suno_unknown:6c8a6307f57fe86f,component_001368,30,48000,e1e5a74d40d519dab2193ce2151540a77ea756d6cc7c11c65cd8a6ea64cd9585
ai_suno_unknown_6df2bfdf6e5b683c,1,Suno,development,suno_unknown:6df2bfdf6e5b683c,component_001369,30,48000,c3b661910400d577f7385c2da71935a106d627518fa14b37302a1ade0ffb4c6c
ai_suno_unknown_7003b6c7adebe263,1,Suno,development,suno_unknown:7003b6c7adebe263,component_001370,30,48000,ae4aeefd5c4c116b811c982432a706e5f75be6fa3b00b80495033a5146a629f6
ai_suno_unknown_7176236f089d1484,1,Suno,development,suno_unknown:7176236f089d1484,component_001371,30,48000,6e0fe2054519f2df3a2f2783bf0aa19152187e732e49ad84b86e62e64e912d1a
ai_suno_unknown_71f65f442180391f,1,Suno,development,suno_unknown:71f65f442180391f,component_001372,30,48000,5884b8f36620ffae56c582bab8d8f965eb4eb8a5c1a6efd6fe6bb063ea5b5306
ai_suno_unknown_720fc317ee6ac31b,1,Suno,development,suno_unknown:720fc317ee6ac31b,component_001373,30,48000,b6d7e392849d06fd68f1b4795c1fb8214e62060e8148d30085f5e2b203ccc18d
ai_suno_unknown_72208444befdbdd5,1,Suno,development,suno_unknown:72208444befdbdd5,component_001374,30,48000,32a9cbcc4c10f8c9f21400a5ca9590e299ef6ece092622a8a6d0277fce6b1dc7
ai_suno_unknown_72b3bbb8080871a5,1,Suno,development,suno_unknown:72b3bbb8080871a5,component_001375,30,48000,c09c848f670ece95a5056625fa0676aff01ae3d604963f0fc3b75b639d9b4bd1
ai_suno_unknown_73576d2107acae44,1,Suno,development,suno_unknown:73576d2107acae44,component_001376,30,48000,77c9c71775d55fa599b902fd6ddf40cb1608cb605171ad2988eb5f783f6c8bd1
ai_suno_unknown_739cb4cc2235ef3d,1,Suno,development,suno_unknown:739cb4cc2235ef3d,component_001377,30,48000,b9fe5cd0a795be63540377a51225ef5366605f5232786021dbef4d137796654f
ai_suno_unknown_75aa1fe5870ae3d2,1,Suno,development,suno_unknown:75aa1fe5870ae3d2,component_001378,30,48000,351ea387c7d90c1deb09cbb5fa07e033af4b01242671e39cbcb4059bd6592e55
ai_suno_unknown_7ab56aaf01a28ad4,1,Suno,development,suno_unknown:7ab56aaf01a28ad4,component_001383,30,48000,b5f5dfd9cad1446a2c9e25ff7ad03649964c72c8b60d6abe07171485f834d3f7
ai_suno_unknown_7ae35248dc74f157,1,Suno,development,suno_unknown:7ae35248dc74f157,component_001384,30,48000,a8bdf91cd3a18658406384e4ccb5528f6d16d22ccd6ea4128bc630ebd2c04a01
ai_suno_unknown_7b6399b9d015a733,1,Suno,development,suno_unknown:7b6399b9d015a733,component_001385,30,48000,4b53ad097340453e732b634345928b25dccb8cc02ab30a7ab77da27111ee7232
ai_suno_unknown_7b926048b847e8cb,1,Suno,development,suno_unknown:7b926048b847e8cb,component_001386,30,48000,a30fa93347255f48fe959a1b937077921f828026b8449f043ac9715f221bc897
ai_suno_unknown_7c417f3053a9cdd4,1,Suno,development,suno_unknown:7c417f3053a9cdd4,component_001387,30,48000,0b0ed5d5ddb27e88a17377700ba0e5d8448d516824d189792b3d18ce5421af0d
ai_suno_unknown_7d028b268b6aa0b4,1,Suno,development,suno_unknown:7d028b268b6aa0b4,component_001389,30,48000,087b03bbc53cbe377455588eb8913651038685e69f0ec56aa61d2285173a2222
ai_suno_unknown_7dca9fa1b51d0860,1,Suno,development,suno_unknown:7dca9fa1b51d0860,component_001390,30,48000,c1f96ac8a58ca1a0e3dc988bcbeefe6edff6d85f6ac65e6adcbd277304134f0f
ai_suno_unknown_7de42b05b90b5794,1,Suno,development,suno_unknown:7de42b05b90b5794,component_001391,30,48000,6e367c2d85eb9f59f34fe242a49a0ca716b1d3be3036c367318bbbc414f4ebcc
ai_suno_unknown_7e268d43231bee7e,1,Suno,development,suno_unknown:7e268d43231bee7e,component_001392,30,48000,3004e4ed79c682afb34979591639cb1bd0de31f239750a97ab970e1de93c339c
ai_suno_unknown_80777a127ea924ba,1,Suno,development,suno_unknown:80777a127ea924ba,component_001394,30,48000,407ab3e1c354f392316c6bd8e3a4763596b4b3c14cdff93b55cb3de9abdf77a8
ai_suno_unknown_845c0f2d46c97806,1,Suno,development,suno_unknown:845c0f2d46c97806,component_001396,30,48000,0755475dafa5858e639adbe9555af3f7f5c698b48988666a8ecc0ae737f2083d
ai_suno_unknown_84f2183a9e224e43,1,Suno,development,suno_unknown:84f2183a9e224e43,component_001397,30,48000,18081243ea802fb1ccf477ce31cc82e19a63fddd98123866abbe48cf5f33d9ad
ai_suno_unknown_858e050732dfc29b,1,Suno,development,suno_unknown:858e050732dfc29b,component_001398,30,48000,ef50e4f82461937de509863952b69bfaa92f85d01e12e0a37825f40549eb49ae
ai_suno_unknown_8638c9e223d6cc5b,1,Suno,development,suno_unknown:8638c9e223d6cc5b,component_001399,30,48000,1f2676c2e89771b17f1fedd542cb08e2bd17aebbdd898dd52275515bac73853b
ai_suno_unknown_87c63577110e326c,1,Suno,development,suno_unknown:87c63577110e326c,component_001400,30,48000,1dbca8153f12d2937160dc14b8138feec49e7b5f53f6e8f3e0bf45a3975d5b68
ai_suno_unknown_89caefac5d2f5863,1,Suno,development,suno_unknown:89caefac5d2f5863,component_001404,30,48000,edfbc367e54c133fa2baee4b6f5e8affd55229a3232c0b773f57b249a9b23834
ai_suno_unknown_8a9d32e589c86d7a,1,Suno,development,suno_unknown:8a9d32e589c86d7a,component_001405,30,48000,c4c816ef3479040ff9f86980b8a938815f0df3a0daaae068b42f96cbc0a21ff9
ai_suno_unknown_8bf8b928bda5edf9,1,Suno,development,suno_unknown:8bf8b928bda5edf9,component_001406,30,48000,b46ece2db1466785ef25ebd88d3864aa70ef40c50f4938fcd448233682711da0
ai_suno_unknown_8d7795d292fc1286,1,Suno,development,suno_unknown:8d7795d292fc1286,component_001407,30,48000,ab8705319f74fb7fe385cf42d60ee9035b65d530847a5ed891ace9ac7b4b9791
ai_suno_unknown_8ded041814fe1a0d,1,Suno,development,suno_unknown:8ded041814fe1a0d,component_001408,30,48000,fefc88357580deb134ad60a958c9e71721f45bbe43ea6296ac001883027a5711
ai_suno_unknown_8ee43445a2ab1f7b,1,Suno,development,suno_unknown:8ee43445a2ab1f7b,component_001409,30,48000,57eedf5306ac6568ca0394fab49843cb0896f1482aa63dc1cde3b1bee702f8fc
ai_suno_unknown_8ff0e6c8b2091568,1,Suno,development,suno_unknown:8ff0e6c8b2091568,component_001410,30,48000,7b9a96cc5892a2cc9331c46f7bf759fdf667869c55f9b28a4c3acd71c849789f
ai_suno_unknown_9221203068c94729,1,Suno,development,suno_unknown:9221203068c94729,component_001411,30,48000,577d3bf3bdffee393005c5f2644ea6bf716b34a5038d595da958c0257085200c
ai_suno_unknown_9265048a2d51cfcf,1,Suno,development,suno_unknown:9265048a2d51cfcf,component_001412,30,48000,037c2b29fc4adaf1260a7fb220bfcb45da3d69a239901a6124e0e46480b145b5
ai_suno_unknown_933bb2cf54935f0b,1,Suno,development,suno_unknown:933bb2cf54935f0b,component_001413,30,48000,786b7479bca52ba42e1e5e3d09d83666a92f00864baa6cc63cdf201885cb5102
ai_suno_unknown_9547b3135fbee5dc,1,Suno,development,suno_unknown:9547b3135fbee5dc,component_001414,30,48000,8b4995d27fec8db8e3b95cbf539fb249229f3e390de94d7c1183c2547b154cfc
ai_suno_unknown_954ef275fb76164d,1,Suno,development,suno_unknown:954ef275fb76164d,component_001415,30,48000,b30172327ff9c1b1e8f18a1eeca5902e203f77050bb1b7f2785ef1fef69d4dd8
ai_suno_unknown_95d1796068fbb8e2,1,Suno,development,suno_unknown:95d1796068fbb8e2,component_001416,30,48000,6c9a09df316d34c57d2222516128c03304ac783db3a9d11a92e4b28bdbf7552b
ai_suno_unknown_993674b1a6a2f295,1,Suno,development,suno_unknown:993674b1a6a2f295,component_001418,30,48000,89d1903256efea1b370faf888d9f182c0fdba47eacd131e449317ce1f7963759
ai_suno_unknown_9ad5cdabf9795fb9,1,Suno,development,suno_unknown:9ad5cdabf9795fb9,component_001419,30,48000,097cef6dc1278e66276196c48059a39e9a2a8b5f2665dded5bd22fee3857b3db
ai_suno_unknown_9c661f1d206f6258,1,Suno,development,suno_unknown:9c661f1d206f6258,component_001420,30,48000,bfcf3d716092387a741347d0b99afaf05cfe3c2233efee54c3c17c758a055128
ai_suno_unknown_9daee49b4b58018c,1,Suno,development,suno_unknown:9daee49b4b58018c,component_001421,30,48000,af2140107455d17409a545759a12fc2ee5442c24e6d9d00bce5aee21cfa76dcb
ai_suno_unknown_9f1b71a4f4d1ba8f,1,Suno,development,suno_unknown:9f1b71a4f4d1ba8f,component_001424,30,48000,5b6d5286cfdb61a4b583043ea7ea671fa16de1a556d21e12173684563b65f010
ai_suno_unknown_a06eb225419de896,1,Suno,development,suno_unknown:a06eb225419de896,component_001425,30,48000,4b1131421893655bdffcfecf37a9393ec4be6b3258657533935ddfa6d3be36ca
ai_suno_unknown_a08f0f1835380461,1,Suno,development,suno_unknown:a08f0f1835380461,component_001426,30,48000,a8d0bd2bd3dc20a2ee48b1ac2d2bb7efdbfd0842566b5bce7367497c6d2483b9
ai_suno_unknown_a127d199bcf8c4da,1,Suno,development,suno_unknown:a127d199bcf8c4da,component_001427,30,48000,9715352f1f8b16f6de364454b90ee8772c7cd4eca974d9a6dc22d6c50d6daccf
ai_suno_unknown_a5372e36fce3d7bc,1,Suno,development,suno_unknown:a5372e36fce3d7bc,component_001429,30,48000,487822c8cabdf9b460b779e6fa26b52f98472c2e00b88a7026fc44c082dc7198
ai_suno_unknown_a67efe2cc9d08467,1,Suno,development,suno_unknown:a67efe2cc9d08467,component_001430,30,48000,62b7bf788432b184dac15a5c3f966f870d6b27d9090c94202732039baef167f2
ai_suno_unknown_a6a9bcc737b306b2,1,Suno,development,suno_unknown:a6a9bcc737b306b2,component_001431,30,48000,5816b825b10f8a91ba905fbc7c0fe981131b707e12bdcd11c0a9e228ad623177
ai_suno_unknown_aa229d4d970b8d62,1,Suno,development,suno_unknown:aa229d4d970b8d62,component_001435,30,48000,225d5395f3aa6e84f13719d7b96623fe6a9f539b122e673b55071abda2da3edc
ai_suno_unknown_aa64cb31e8354f22,1,Suno,development,suno_unknown:aa64cb31e8354f22,component_001436,30,48000,55e8c499329af3646d407df670e3bc28ebec74c6722c4489f020ad84c2f0c66a
ai_suno_unknown_ab3d0eafde26a5d4,1,Suno,development,suno_unknown:ab3d0eafde26a5d4,component_001437,30,48000,f99e457113eaa6b346007d3564747156b099347cbeb25ba6044fc9a7eaa5f381
ai_suno_unknown_add0e33abcc8dedf,1,Suno,development,suno_unknown:add0e33abcc8dedf,component_001439,30,48000,96c10af8cdd2cc0fdf17750dd49718cbde7a710e90ea237c9d4b90d80698591b
ai_suno_unknown_ae07f291c657f707,1,Suno,development,suno_unknown:ae07f291c657f707,component_001440,30,48000,59aecaf4088d0e2fad0ca98edb6dd0ca2a7b17ed5771c3fc6fbad7052644a5d1
ai_suno_unknown_afb94a05d7b2ae8e,1,Suno,development,suno_unknown:afb94a05d7b2ae8e,component_001441,30,48000,e0eee05117a9b5562cf6ac896a9e5d11b173ffbc1e7f3c782fb8db62657ab3f8
ai_suno_unknown_b00a975eb09bac64,1,Suno,development,suno_unknown:b00a975eb09bac64,component_001442,30,48000,ae2978f3cd8f57f53e60ef5a6031c898f44671dc8bf988045a0e56c92a67489a
ai_suno_unknown_b021bf73d734a006,1,Suno,development,suno_unknown:b021bf73d734a006,component_001443,30,48000,b736bc51f5d84088d04819f92cdcc56674f16eac25bd69719d99f306ef87a1b2
ai_suno_unknown_b1969126cc649dc4,1,Suno,development,suno_unknown:b1969126cc649dc4,component_001444,30,48000,daa07a3f7d453901a1a7dd7922eac498f295dd436fbbe0dcdac242b7b42bccb2
ai_suno_unknown_b4ec5975c599e28f,1,Suno,development,suno_unknown:b4ec5975c599e28f,component_001445,30,48000,d7a45a151d94ef1edbcdb8817623f8f61561d9a32dab51ad114b34282802925f
ai_suno_unknown_b7227007b94af61d,1,Suno,development,suno_unknown:b7227007b94af61d,component_001446,30,48000,ce9339d49581774d37ee0dbb19ded093169e9838f38d1d059f4a76d8bd6858af
ai_suno_unknown_b97bf85b58ba3c7a,1,Suno,development,suno_unknown:b97bf85b58ba3c7a,component_001447,30,48000,e4c06bc345a7b5fb157b257ddea4cdb452efee3f7ca0bf99766f4851074f32b8
ai_suno_unknown_bcf08c6fcfc59e15,1,Suno,development,suno_unknown:bcf08c6fcfc59e15,component_001448,30,48000,b30418318f0dbd895be1d09fa94e4c56b34f88ab1a42ed5eb04f6ca17fcaaf75
ai_suno_unknown_bd116323a7a6e8fe,1,Suno,development,suno_unknown:bd116323a7a6e8fe,component_001449,30,48000,2e6cae2e5fe7a997d507f80ffc287ce81fa23ba32eb3c62184b01e009c44aa61
ai_suno_unknown_bef081aca1634564,1,Suno,development,suno_unknown:bef081aca1634564,component_001451,30,48000,da03fc98b91501284d11e0b8ba0d9fa2d9a6b588ac4822b3b9c665cfa9b3c5b5
ai_suno_unknown_bf1eb63799ada69c,1,Suno,development,suno_unknown:bf1eb63799ada69c,component_001452,30,48000,298483a22b12d6e7a2fb110b745f3d243e5fd7b9e152a346afdaf30d010bb9be
ai_suno_unknown_c003c16f0a4e9ed6,1,Suno,development,suno_unknown:c003c16f0a4e9ed6,component_001453,30,48000,dd4805d8b87a64bd6998bcc78dc38a24958790a5816249037e86aab9b55fb3f3
ai_suno_unknown_c052fdc3f3825c87,1,Suno,development,suno_unknown:c052fdc3f3825c87,component_001454,30,48000,5ed580b8918ae6be64a78ed4d7d0816e4bf97d5ee70c5b1b252d1842c8ecdbeb
ai_suno_unknown_c45dac766e7f88d5,1,Suno,development,suno_unknown:c45dac766e7f88d5,component_001455,30,48000,3782917346bd8393ab02356db9def4500307d09c5fd0bb4a2b0afbc4d20743e2
ai_suno_unknown_c5bf78ac3d273809,1,Suno,development,suno_unknown:c5bf78ac3d273809,component_001456,30,48000,4af1fa34952785b0839ada01813884147b1c5a883ef4aa448bb682a638c7845f
ai_suno_unknown_c697cb50bf6fcb99,1,Suno,development,suno_unknown:c697cb50bf6fcb99,component_001457,30,48000,2ded6a46ccaa41d19476c8bd71ee6ff4cf531e1c404506e91835e1f93edcb077
ai_suno_unknown_c80ae1fcdc5d45a0,1,Suno,development,suno_unknown:c80ae1fcdc5d45a0,component_001458,30,48000,ff64600e4ac9d5dc3805d8122ba6403bd57d994bc3d1d9cf4b45c558b82a1ebd
ai_suno_unknown_cda6e4aaa541aed9,1,Suno,development,suno_unknown:cda6e4aaa541aed9,component_001462,30,48000,21f7d38415b97af7c4327d518294ae9ce95e83308851bfe2afae8240e58fd8e1
ai_suno_unknown_cf019cd2fd5f5782,1,Suno,development,suno_unknown:cf019cd2fd5f5782,component_001464,30,48000,5d167d6a7beaf211878bd5a3474c373630259801a8667f07d0f439c4a9cc6f04
ai_suno_unknown_cf573c83ccff7b4a,1,Suno,development,suno_unknown:cf573c83ccff7b4a,component_001465,30,48000,7ffb06c399ad785e467f8fcdfa46dcac135ab2764e73e4843d33d634518c4823
ai_suno_unknown_d118c1765d0f4abe,1,Suno,development,suno_unknown:d118c1765d0f4abe,component_001467,30,48000,448a39446d6d5edaa0d7afdd38cdaf164d539bb03ffd8045a4ff703472f371aa
ai_suno_unknown_d26545b665efc516,1,Suno,development,suno_unknown:d26545b665efc516,component_001469,30,48000,a7254f0449e6eed6189602cfc4bc183842f1eb6097cccded0ac178864543f49a
ai_suno_unknown_d31c97469e64356c,1,Suno,development,suno_unknown:d31c97469e64356c,component_001471,30,48000,ea99759c66eda0f3c173aadf897b548f8a77f5fc8f2250b8315b10935db7782a
ai_suno_unknown_d4a2d96ac6a9c278,1,Suno,development,suno_unknown:d4a2d96ac6a9c278,component_001473,30,48000,93c5f3c3cdef4018e094b45af00f5bbad0c44ae50435a2fe5906c495add853f2
ai_suno_unknown_d67c4f3686d23d2b,1,Suno,development,suno_unknown:d67c4f3686d23d2b,component_001475,30,48000,f70328fc5d8ee2aaf80ac0cd3f214443c811c2db4f684617569e9a53a8c63b4f
ai_suno_unknown_d706ef1c1f3be00e,1,Suno,development,suno_unknown:d706ef1c1f3be00e,component_001476,30,48000,e406563a8f45b6b9f1d36878fcb8968267651b8e0f0d8baa0001d86b1ad42778
ai_suno_unknown_d784e8e1c3ef4452,1,Suno,development,suno_unknown:d784e8e1c3ef4452,component_001477,30,48000,1e14921ff0307252e987282f52da4c48306cc3e2c4d764631ba61b4799e6fe9a
ai_suno_unknown_d7ec12cdbffeb70f,1,Suno,development,suno_unknown:d7ec12cdbffeb70f,component_001478,30,48000,11fcb1733a7438b7dc329535614f676c61f2e15803da7a30a22e62769ce00b23
ai_suno_unknown_d8426d118698dc88,1,Suno,development,suno_unknown:d8426d118698dc88,component_001479,30,48000,1b5cae8754c8b6db824cceb620a5b02ef31df6e697f4b20d4d57f00413c2b09e
ai_suno_unknown_d86275f958255b09,1,Suno,development,suno_unknown:d86275f958255b09,component_001480,30,48000,a046b47e557e3adcab3db7d5ae8caee6c5adb9589672e2abc6eb41008fe6bdd3
ai_suno_unknown_db037bccde04a63d,1,Suno,development,suno_unknown:db037bccde04a63d,component_001481,30,48000,228231deb92f980db3a15e2f482eb97d738e783e7299edfd3809b295197e65e7
ai_suno_unknown_dcc024024c95300b,1,Suno,development,suno_unknown:dcc024024c95300b,component_001482,30,48000,e8740800915f33f8b4b2e18f7e25d5062809a49f96067deab349eebe523c46cc
ai_suno_unknown_dcf2b9279639f4f4,1,Suno,development,suno_unknown:dcf2b9279639f4f4,component_001483,30,48000,6ee1d5079f2f0f9d55ca8d674016613799cb41139eb796e96e7ddbbdd019a5e6
ai_suno_unknown_dd2a667eaada14b2,1,Suno,development,suno_unknown:dd2a667eaada14b2,component_001484,30,48000,7a41ae537f2b68149a03096ec20d113850a3a4bffc918775af6228d6dab788ad
ai_suno_unknown_dea0456824be4631,1,Suno,development,suno_unknown:dea0456824be4631,component_001486,30,48000,d7834088610f76f3a5214b1e574d7bb75dbaf2a2ec3076ccbb127b5122986a4f
ai_suno_unknown_ded7a68ff493fb48,1,Suno,development,suno_unknown:ded7a68ff493fb48,component_001487,30,48000,4916ed654d2b987d7a2a7e6c8d662622d0e6451f155000e0a53d4c6009e66c11
ai_suno_unknown_df0d918f1c4c2bca,1,Suno,development,suno_unknown:df0d918f1c4c2bca,component_001489,30,48000,e9693664056de8488990200b20d1772162712ff5aedbe33107106f152cde3bfb
ai_suno_unknown_df13a6adb70b0e39,1,Suno,development,suno_unknown:df13a6adb70b0e39,component_001490,30,48000,5de36867b16ab3c81ef6dcc37fd5d390c0dc01670ebf6359892c772d79fc862e
ai_suno_unknown_e0e04ef6d1156bfe,1,Suno,development,suno_unknown:e0e04ef6d1156bfe,component_001491,30,48000,148f64787ed5b054600e1e5be09971ae3fa7eb70ae8ae0832e46c50b94663f46
ai_suno_unknown_e3c3142b68ce6af5,1,Suno,development,suno_unknown:e3c3142b68ce6af5,component_001492,30,48000,3e78de7a35a577303799497e0da33006f859baa6ab1da86defbbe71e2fbbd272
ai_suno_unknown_e443f3f3f24ca851,1,Suno,development,suno_unknown:e443f3f3f24ca851,component_001493,30,48000,dd6c17bf14b570f6dc9c0b69d910d884c8bc185698ff69175ad0986ac021a386
ai_suno_unknown_e6b64f5e3b6f902c,1,Suno,development,suno_unknown:e6b64f5e3b6f902c,component_001494,30,48000,1b53df8afa1bdba441b637ff132d290bf3b897c65b3d05153a2c2704dd4fe842
ai_suno_unknown_e6ee60dbe6f3b775,1,Suno,development,suno_unknown:e6ee60dbe6f3b775,component_001495,30,48000,fc3a17e0866b504a9a0e93d15b40dafb245328a1d83203491b5209e788117a5c
ai_suno_unknown_e94cc62596976002,1,Suno,development,suno_unknown:e94cc62596976002,component_001497,30,48000,e418c2874725bff1b924572767b8a7e5cd386475f5c72d96311733a61772d5c7
ai_suno_unknown_e9a6fedc0b250f3b,1,Suno,development,suno_unknown:e9a6fedc0b250f3b,component_001498,30,48000,e008ad3d183e1b72551bd508a7cf476de70f91f8abaf166eb192ed6fb9af7284
ai_suno_unknown_ec60047fe3bbf376,1,Suno,development,suno_unknown:ec60047fe3bbf376,component_001499,30,48000,dcc3f1d660f3ea51cd4f2dce37cfa545acb496555ae9efdd6ee936864f090f1f
ai_suno_unknown_ecb2e3b89426baf5,1,Suno,development,suno_unknown:ecb2e3b89426baf5,component_001500,30,48000,13ef55e1b24a0d73a2b8044a774a632e474c2016802e0743fa51f0a9f532bd1a
ai_suno_unknown_f2f261db73e46ec4,1,Suno,development,suno_unknown:f2f261db73e46ec4,component_001501,30,48000,05251d2d17a0399480693a0d0a71c7d361837e9a0fc105a82c6c20d7ce15d41e
ai_suno_unknown_f3beb023fed7fa71,1,Suno,development,suno_unknown:f3beb023fed7fa71,component_001502,30,48000,6a98aa77816b50e41ac261f0512829210c96c7b786f18b1ab64cb10db6b73779
ai_suno_unknown_f5da1fb644513cbf,1,Suno,development,suno_unknown:f5da1fb644513cbf,component_001503,30,48000,d7e1fdca68af66dbaaa295a1571e4c3e7fd94cb2ac384d9e1d2f4d25001221fe
ai_suno_unknown_f69ed332353605d0,1,Suno,development,suno_unknown:f69ed332353605d0,component_001504,30,48000,367eea539ee77fd0294ab76e54ac88919a83aca67439588fb1792bb7805749dc
ai_suno_unknown_f75c20ed8b535695,1,Suno,development,suno_unknown:f75c20ed8b535695,component_001505,30,48000,782e9e9f8f720af5b9dab05f9b4140ce22b3aa7a380b2dc96e2e1a9ebb150f84
ai_suno_unknown_f8b39318a1169b8d,1,Suno,development,suno_unknown:f8b39318a1169b8d,component_001506,30,48000,81b4c9b6705763f57e60bca64026fa2b421190840f2678bec3553fcd68d0bc35
ai_suno_unknown_faf814c244144451,1,Suno,development,suno_unknown:faf814c244144451,component_001507,30,48000,72735327d66ba028a56076e317ef452d4cb6b93a8f9cb08e5429badf408ce31a
ai_suno_unknown_faf8f8140756ba8f,1,Suno,development,suno_unknown:faf8f8140756ba8f,component_001508,30,48000,8ff759e67510c22cb848df441d838c2e3845309d2bc085e1788a648239e492f5
ai_suno_unknown_fcd1abe0cb58577a,1,Suno,development,suno_unknown:fcd1abe0cb58577a,component_001509,30,48000,a58d7e36a8230ddec54c3de58c42cf39fa0564e3e91072203a903c404066ec55
ai_suno_unknown_fcd1e8eb4b7085b5,1,Suno,development,suno_unknown:fcd1e8eb4b7085b5,component_001510,30,48000,78e069f67b450b73fce5217f103a6027585dd69bcce79bfe971b246d75303501
aime_mtg_jamendo_06001,0,MTG-Jamendo,development,aime:10e6a7b173bea219,component_001641,30,48000,f7720524d141cfffeb1f6b068c475e290b69858794d4a3f983939379042c4d47
aime_mtg_jamendo_06002,0,MTG-Jamendo,development,aime:f9b2636cac5fb5d9,component_001723,30,48000,0d202e6164db5af4f8371e65e623fd3a6db7b24198e4264ee1095efc6dddaf10
aime_mtg_jamendo_06003,0,MTG-Jamendo,development,aime:2e4ef3f7d32f60ab,component_001821,30,48000,7dc0f2c44f35eeac7173ba06806338d7212dcba0eecaa5ca57cd123bdb5d2bee
aime_mtg_jamendo_06004,0,MTG-Jamendo,development,aime:101909ab0c824c49,component_001633,30,48000,71078066f5a8c27698d0657b05570a0185bd46398ce288abdc5c6db808f0ffbe
aime_mtg_jamendo_06005,0,MTG-Jamendo,development,aime:44ecb85d46cfd985,component_001982,30,48000,666750e6b7027650b97e7b5985d32d6bb041871a5e53a0057ed92fdefb74f9c5
aime_mtg_jamendo_06006,0,MTG-Jamendo,development,aime:8d2348f3d1dd40c2,component_001722,30,48000,f3e30374708a2df8ad5e1db567edc00fe81be243826ad548cd637b8702ec91be
aime_mtg_jamendo_06007,0,MTG-Jamendo,development,aime:b1eabe9700bdd479,component_001688,30,48000,744ad57e4fb65817a0f78b37b75bfecb342055688d0fefa36bc61c313b49708a
aime_mtg_jamendo_06008,0,MTG-Jamendo,development,aime:addfb6ab68d60452,component_001951,30,48000,a50aee2b3aeffe6c1b0ff414aa3a483976289ee7fc969da8c1b33dd557d0350d
aime_mtg_jamendo_06009,0,MTG-Jamendo,development,aime:73df2f8257183be0,component_001808,30,48000,22e53de778106087e93c52c114626c1fda38809030fd5009cb58c94b42d4cb40
aime_mtg_jamendo_06010,0,MTG-Jamendo,development,aime:add786d6fa2c7f3f,component_001789,30,48000,8a4015834d033fec41c7e5c8125b19a64e934bc60daac2fe71681284b87183ca
aime_mtg_jamendo_06011,0,MTG-Jamendo,development,aime:59c8e0246f7ef1af,component_001788,30,48000,a5e866638041446b388e9a911bbd88691722d5a411015d10950defe2b771375b
aime_mtg_jamendo_06012,0,MTG-Jamendo,development,aime:4cd78955eb53f4d8,component_001903,30,48000,6564b827a71b84637ce01cc99b884ea0eae767c16f8ae342e5f547bd7edc4673
aime_mtg_jamendo_06013,0,MTG-Jamendo,development,aime:d0a5b366627de9f2,component_001535,30,48000,16209b8e88da690ab9cc148e45fcd72f5114327d949b594ed2741f18535d0e7e
aime_mtg_jamendo_06014,0,MTG-Jamendo,development,aime:d02d16eebe97197b,component_001726,30,48000,e558a23c63662be0c8d27100cb76724c55f024ffb76a889b0050f6e8e1b13629
aime_mtg_jamendo_06015,0,MTG-Jamendo,development,aime:2a611633710c5080,component_001541,30,48000,b876ac920efe6775b0391043d3cb6554e19846da79c347a3d2f7b23f1cb08269
aime_mtg_jamendo_06016,0,MTG-Jamendo,development,aime:4c8ba257b7dfc429,component_001602,30,48000,e424132a18c4f4a231f911e0823016b939d94484f6aa79e79468220c68f57455
aime_mtg_jamendo_06017,0,MTG-Jamendo,development,aime:43981bbfc22919dd,component_001827,30,48000,e65986306c989229e3c36dcd8bcbfe023c6130701803113893675269ce7a3708
aime_mtg_jamendo_06018,0,MTG-Jamendo,development,aime:4cfbe99c85f409f4,component_001612,30,48000,9715cdb6e589cfda5ac91d1113a6cc8e96999d904e8c570c5016885ddc3dacfd
aime_mtg_jamendo_06019,0,MTG-Jamendo,development,aime:d14c6c3adbebe127,component_002006,30,48000,119bd74c2fbc4b9062b9f0bdf38d172c388b2963a378b3dc7c83ab22af3b0466
aime_mtg_jamendo_06020,0,MTG-Jamendo,development,aime:9be5109f6421f2c6,component_001775,30,48000,8ecae146a8f3e59f73c080bf68b8f364ed84982dde1eeee1134055500b5da9d3
aime_mtg_jamendo_06021,0,MTG-Jamendo,development,aime:351dc474b913362c,component_001949,30,48000,6ca2c0971b77f5c0c4425964b678d67fd57a492ada368c5dc24fd93b24376b5b
aime_mtg_jamendo_06022,0,MTG-Jamendo,development,aime:dc0febbb88e8198a,component_001892,30,48000,9bae3c3f1dd852f3c3f04771657cac5785477670b8f2953912867abd2c7e9532
aime_mtg_jamendo_06023,0,MTG-Jamendo,development,aime:06cacc8b365503b7,component_001744,30,48000,acbf6c7cb84169c25fd45393c2406d8dc869ce23709bd1bd1d5b6b943a99b01e
aime_mtg_jamendo_06024,0,MTG-Jamendo,development,aime:b799672a270d5024,component_001905,30,48000,d253f5bef0993b5c3c6a36eef279ceb59586976f09bbdcfb897b85c605501fac
aime_mtg_jamendo_06025,0,MTG-Jamendo,development,aime:6fdbd1cfa47cc1cf,component_001629,30,48000,6ff119503dc931a05d0ac4f4ae3356b0482a9cee5994c2a839591eef307f455b
aime_mtg_jamendo_06026,0,MTG-Jamendo,development,aime:0896adbf9155f32d,component_001734,30,48000,8070ba7a0b1a7dfc295e9522efcec65980d098dd0329c66fe99bbeb819704ce9
aime_mtg_jamendo_06027,0,MTG-Jamendo,development,aime:a5f6953ff4ae94cf,component_001802,30,48000,94d91a2355d0b70e7daf5fecb160363cdc7b86a3b3d8b8f352b7df2364611727
aime_mtg_jamendo_06028,0,MTG-Jamendo,development,aime:e13013a53f9c7f69,component_001710,30,48000,e9466618e22e62db47eb2a83c7485f635e9150f11f87f71daae2a7270c35a63a
aime_mtg_jamendo_06029,0,MTG-Jamendo,development,aime:ff8bc641ee7623a0,component_002000,30,48000,1827d3450f5a5ea854b46e4c260377932358c34458f358f1eb2214208c6fd0be
aime_mtg_jamendo_06030,0,MTG-Jamendo,development,aime:909f94b4be5ad428,component_001712,30,48000,19c496425d6a7e517c2b32f63aef1c9cb6b2f2a8d6c8ac5221ab205b595a5159
aime_mtg_jamendo_06031,0,MTG-Jamendo,development,aime:d456acc6c3547f3a,component_001689,30,48000,aaca0fd205c80bf039736cf4253a2b053fcf4a180a94b63f7007a1bacf10f621
aime_mtg_jamendo_06032,0,MTG-Jamendo,development,aime:82f5942203842f22,component_001930,30,48000,60c53b72100ef5a138369e11cf6bdf606f54259b1bebcef9f77fe6caa92602f8
aime_mtg_jamendo_06033,0,MTG-Jamendo,development,aime:e92f84e48b56940f,component_001705,30,48000,c1877c35d3a75012a58cef8a7ec54c6f94a135c7e7f6e7c54e32f915a2d8abd5
aime_mtg_jamendo_06034,0,MTG-Jamendo,development,aime:4565497e3acba532,component_001709,30,48000,80f1fe6306173b06bfb72be8e487f76f53a5cd1953f7a563631df7ebc3d64c17
aime_mtg_jamendo_06035,0,MTG-Jamendo,development,aime:6d0c25e97bb8267b,component_001909,30,48000,95ca9bc0aa6c285a46fc4309c5deacdb78dccb49cc827baef84ea9e58837af6c
aime_mtg_jamendo_06036,0,MTG-Jamendo,development,aime:f15d1da6a258e684,component_001716,30,48000,4526d1855c70069387a7024ea1721cd1839ef21d0967d1f86a88938aa28b759b
aime_mtg_jamendo_06037,0,MTG-Jamendo,development,aime:8fc392de7a4046b3,component_002008,30,48000,288e25ed373e01b53d9eea6bf122da48c9aecd90d3367f0f511f0b3297648e24
aime_mtg_jamendo_06038,0,MTG-Jamendo,development,aime:ef7d6538a34b7582,component_001646,30,48000,3b900b550bf71b58cbaf87c433175702235233eaccfea04fb2503665bab9adc6
aime_mtg_jamendo_06039,0,MTG-Jamendo,development,aime:46cdb34d187ee083,component_001524,30,48000,40d0636585b47079ddb10f2ef5cc4609681a4f41ac33059ad951d4bea1ec8a7f
aime_mtg_jamendo_06040,0,MTG-Jamendo,development,aime:696c06c962c7208e,component_001719,30,48000,2d0010c26b89f35761d56a448ea1902d2662d0abc2759b13bdd9b455e355d34b
aime_mtg_jamendo_06041,0,MTG-Jamendo,development,aime:6d44676ff9452203,component_001991,30,48000,5468dfdc8e8f8d46ec2fcc6adae89c03115844d2c777e44b5c9c12af2b053719
aime_mtg_jamendo_06042,0,MTG-Jamendo,development,aime:194b7c5046338d61,component_001784,30,48000,65286add0e8c89fa08a2aab35cb3c207e3fd2c6c46990c7ef5fb4fde29b723da
aime_mtg_jamendo_06043,0,MTG-Jamendo,development,aime:363fe05a3240ad00,component_001697,30,48000,0d609569d6e6c86f8102bc136f4b514770c5d9f96f249edae4e96b3215880049
aime_mtg_jamendo_06044,0,MTG-Jamendo,development,aime:ff43a66fd518268e,component_001661,30,48000,940553d6e9621c322c021f10fd238fec3c475bf8be34b0b53f1d47b6a1d3ae7d
aime_mtg_jamendo_06045,0,MTG-Jamendo,development,aime:509716c825433b5d,component_001978,30,48000,641e68fc86d9c4d908587f156441b1134ebd1d6ba1a3d6218adc0dd0fed29513
aime_mtg_jamendo_06046,0,MTG-Jamendo,development,aime:60c86268dc018ebc,component_001591,30,48000,a64f8417772dae91e9726fea1bcda1d1117225e159e1024a03ef6cb32bdd0d1e
aime_mtg_jamendo_06047,0,MTG-Jamendo,development,aime:4698f9efab1475b2,component_001780,30,48000,1d34f55c0d43f6ffbba76eab8c6bd93fcb25e0f7a19776a2ba1da867f4078a64
aime_mtg_jamendo_06048,0,MTG-Jamendo,development,aime:3ebb96e3a33ae79f,component_001681,30,48000,764a76661b888c193276601d027f0609c67c9552d6ff031c7f5b1bb5f25ecfb7
aime_mtg_jamendo_06049,0,MTG-Jamendo,development,aime:fdc57ec83c79945e,component_001547,30,48000,e05173b4fa92393c5b384b875d0615a6f58af3b52621d4c9833b0662455f9324
aime_mtg_jamendo_06050,0,MTG-Jamendo,development,aime:3c5c5302257b3fc6,component_001617,30,48000,2c958764add08265eeea4dd7283b1a8623e7f6002bac736f28ba6590e93d0ffa
aime_mtg_jamendo_06051,0,MTG-Jamendo,development,aime:115aa8eba1458771,component_001911,30,48000,c2b4ff6794b2bd567be7aac33371d4e2f8aa2da9a2883d72c8dc8ae5b1d094e1
aime_mtg_jamendo_06052,0,MTG-Jamendo,development,aime:78ab471cc431a762,component_001686,30,48000,5952233cc5a5efe9e9c29a6db65a9bd1868577f08848fed2f011ebc8901690c9
aime_mtg_jamendo_06053,0,MTG-Jamendo,development,aime:1ff82c6b30ebd1ab,component_002005,30,48000,d2cc9e7b5371c0f102721003d7d975e016f9bae6accd2bfd2dcc369dc4b66624
aime_mtg_jamendo_06054,0,MTG-Jamendo,development,aime:70309723ea52fa11,component_001760,30,48000,d2c1304ef0e11a5154992a8b4b24d7b0dcff27d56ee80a3e701612181c52eeed
aime_mtg_jamendo_06055,0,MTG-Jamendo,development,aime:ca8ecccad02aed6d,component_001651,30,48000,eedc2bc097332096335ea08d897bb84f34156f85e10946fa9a6c44bee02d9d99
aime_mtg_jamendo_06056,0,MTG-Jamendo,development,aime:ddb13fce0bdfdd4a,component_001967,30,48000,ae1a4f493cbbc37a3c1e95b0e6ec85158fdabae269d7e201ba193f9a1006b1f4
aime_mtg_jamendo_06057,0,MTG-Jamendo,development,aime:7a2d2f2cc5bd900b,component_001984,30,48000,9a68affe061ab2fcc57d459f104febbbc85426a7d084bd016d9561d3fa6e41ad
aime_mtg_jamendo_06058,0,MTG-Jamendo,development,aime:fae5443868337d70,component_001565,30,48000,73c07e80c935bc01629612d086eb8d723e21a65efc78940b69707f0c7e2798e8
aime_mtg_jamendo_06059,0,MTG-Jamendo,development,aime:9ea02384c57744a4,component_001604,30,48000,83dea736a8847d635985fba9d27d8e7ccc740b552474c94bd623608dd766b0f3
aime_mtg_jamendo_06060,0,MTG-Jamendo,development,aime:799a905b0592b3c5,component_001587,30,48000,49ed5a2e433b4737439242c1742bbed5a2a4a1c8e2e28965e1ba00e3d2075b35
aime_mtg_jamendo_06061,0,MTG-Jamendo,development,aime:a3cd2bb1a257d542,component_001610,30,48000,22600a27d97f5452b6c52516e58bd6b4bb205eef279ae96d9e578f264e629336
aime_mtg_jamendo_06062,0,MTG-Jamendo,development,aime:c5a2a8eb58f04f90,component_001924,30,48000,bc24447d3f4e466efe4ee2f0ee75efa2dfdebb70e57608972f348c1269c0e9ac
aime_mtg_jamendo_06063,0,MTG-Jamendo,development,aime:bfc136c3186c9a6d,component_001920,30,48000,5e16c23c277345d0049ad2f2fdc4ba09c289554608bfe848f413095a7f40abb1
aime_mtg_jamendo_06064,0,MTG-Jamendo,development,aime:e7d0f57daf968209,component_001830,30,48000,db2beccb9424a6388e5314d0bc338e2542bd9e319fe723f9859df4b4c98d711d
aime_mtg_jamendo_06065,0,MTG-Jamendo,development,aime:953ef5f84b15573d,component_001664,30,48000,23a26e0f9544dcae9c4dfbabb23999d6f0fc5214cf7a1acc2056669c5826fd96
aime_mtg_jamendo_06066,0,MTG-Jamendo,development,aime:bad7ced2a12ae0d5,component_001657,30,48000,c9c1ca837d3d8c033d1d00bd27bd18c825353f03436eff226d83126964047877
aime_mtg_jamendo_06067,0,MTG-Jamendo,development,aime:84f9236dd1f63d15,component_001848,30,48000,66aa686a0b283adafbc2a6e45614a5d75874f7d0241198414b0688557c4f4f67
aime_mtg_jamendo_06068,0,MTG-Jamendo,development,aime:c6a17e9d4d7f78a2,component_001704,30,48000,8aca00f3e49f534e4328e9eff9b6e3b40578e2df30edda9a6d09adbe3f14ad98
aime_mtg_jamendo_06069,0,MTG-Jamendo,development,aime:93fe164d19f5bf43,component_001595,30,48000,586aae15455a54a14eba38b0acb7706ed56e028428d0f30ebc7f20ce5580b9e5
aime_mtg_jamendo_06070,0,MTG-Jamendo,development,aime:2531e3567fa7ac7a,component_001616,30,48000,6f1dc9bbcdaf1ddc44dc2f48ac65a1b9fa940ef306abe6f5352c51dba48176a2
aime_mtg_jamendo_06071,0,MTG-Jamendo,development,aime:66d6aa1bd6465c59,component_001569,30,48000,7940ff6064062154401f5a539c5a105b7dfefa4161b08630e0534e172898c6a4
aime_mtg_jamendo_06072,0,MTG-Jamendo,development,aime:1f4dab7ea613ddba,component_001511,30,48000,38267009711f158647067b691401247400b0883a7abdcc2b035224c37c73abc5
aime_mtg_jamendo_06073,0,MTG-Jamendo,development,aime:c1236b20799fca39,component_001644,30,48000,13c31ef02c98dcd11b2aebc0d82fba7a8909f93ad14d55d927e7530c50e866e2
aime_mtg_jamendo_06074,0,MTG-Jamendo,development,aime:21eddd18e14e7d34,component_001621,30,48000,026cf6d0681575925929d61786f7b2b53109c3350e7cec49a17fb8b7b00a3596
aime_mtg_jamendo_06075,0,MTG-Jamendo,development,aime:fe19337344f80386,component_001708,30,48000,a27ca014f8dbb7802104a4f5f7cd76bb055275c645a42585878949dbab4f6ee4
aime_mtg_jamendo_06076,0,MTG-Jamendo,development,aime:52f29e11527e3584,component_001627,30,48000,b23829eb7a462a2c0af5c2de66d957a43a87ecec3804c9fc8aa2693923f6bfc5
aime_mtg_jamendo_06077,0,MTG-Jamendo,development,aime:43d156f418ed165d,component_001813,30,48000,fdc334a22eca5738679416360175d5e6647f827ac74f298a59e0f63be0551443
aime_mtg_jamendo_06078,0,MTG-Jamendo,development,aime:47a2f48f18a6d8cd,component_001818,30,48000,d536fc2d9cbe329a27083865897d98caaedc1e8e4e5db9bed9acfce9b0b1dcd9
aime_mtg_jamendo_06079,0,MTG-Jamendo,development,aime:31565cf1a190910b,component_001580,30,48000,1c654259bdeed3803da2882a5b4e06c9bf4a65e8dcd32e68cf0793d08b046453
aime_mtg_jamendo_06080,0,MTG-Jamendo,development,aime:8b4cd5c60c055185,component_001630,30,48000,4b194ad61d27ff236268572ad5bb012c9b2b66d60a39a4775613cca858825bae
aime_mtg_jamendo_06081,0,MTG-Jamendo,development,aime:d449ee3ca278fc03,component_001677,30,48000,441db9feb5f6473013be8f3d6b7404fced6a27280ac775e08be07a07cd613b16
aime_mtg_jamendo_06082,0,MTG-Jamendo,development,aime:cc9521dbb232f5a3,component_001876,30,48000,9efb169695fb268baafc442791ada732665baad7421cb33c5a6a06baf97487a4
aime_mtg_jamendo_06083,0,MTG-Jamendo,development,aime:1a0375830a1f0e2e,component_001561,30,48000,5457b52f09558ce9b3a56b805cdd16c604660918931495bef6635c9abf70b99e
aime_mtg_jamendo_06084,0,MTG-Jamendo,development,aime:ff9711f656e2224a,component_001544,30,48000,c42d3ad6629d6fb201e46f47edfaf0add5e842e622f087dd5bbd189835e52ff8
aime_mtg_jamendo_06085,0,MTG-Jamendo,development,aime:f594d4a5d4c54471,component_001877,30,48000,0c0adb2c1222779301213b9c54bb95f2758300428131902392af023e180606c4
aime_mtg_jamendo_06086,0,MTG-Jamendo,development,aime:1a3bd16b6f918515,component_001582,30,48000,49442ffb4902dd38aa6b40f236f54c166e3e60ca3f16758c77d1594715698841
aime_mtg_jamendo_06087,0,MTG-Jamendo,development,aime:16648d7887d55671,component_001737,30,48000,6a7b3d5636c832dbc178d59a2aca109655fcf090c76e6f533a8fc00b779e0219
aime_mtg_jamendo_06088,0,MTG-Jamendo,development,aime:c9f85bfbf94a766b,component_001592,30,48000,0a6610360d65500f9961d0a9a437327e27f29794d884091d35886eac9375ad5e
aime_mtg_jamendo_06089,0,MTG-Jamendo,development,aime:dca7d28403f3eb2b,component_001529,30,48000,611c6c16044f3b58f374b3ee64ee8ebb8cec54e22868d78cb9c8e0a2a0fc3d25
aime_mtg_jamendo_06090,0,MTG-Jamendo,development,aime:10741119e6d82d94,component_001898,30,48000,b4bd0f7d8021c348d93f2f7b7776241f05e2d7ba97e9ee914e5f86327a6730c5
aime_mtg_jamendo_06091,0,MTG-Jamendo,development,aime:dd282877574c1243,component_001628,30,48000,094bb377c8ccfb004801a349031b17bc0f20649021565303a6391fdbefeab8b5
aime_mtg_jamendo_06092,0,MTG-Jamendo,development,aime:6cdf24636aed8019,component_001757,30,48000,27e89414acc6a474be526db91363b1ceabcad32eaf9fd32648ac79ad832722f9
aime_mtg_jamendo_06093,0,MTG-Jamendo,development,aime:50e047295f8cd8f2,component_001913,30,48000,faf569a616c9c2fce22fa5ae57705a7fba2ad8fa7156388728a9b743f26170df
aime_mtg_jamendo_06094,0,MTG-Jamendo,development,aime:5e39fcb0c4ec1681,component_001865,30,48000,ba0436698ffabe973002f3b9af817c6cd294c07cb646b6382bc9b00dad457934
aime_mtg_jamendo_06095,0,MTG-Jamendo,development,aime:3cf39364caf501b7,component_001916,30,48000,fe4d83233886aefce88fdcf85f7081e5a06f776f33ae6078d6096b70c3383287
aime_mtg_jamendo_06096,0,MTG-Jamendo,development,aime:9556135e6e57538c,component_001658,30,48000,39e639c6333a6763636d0416468b9cb5de68834a3c28f5e1e117bb87b7e937fe
aime_mtg_jamendo_06097,0,MTG-Jamendo,development,aime:ad57811ad03ad334,component_001919,30,48000,61b155b0a68afa0668022d429be8e3df72a7fb6b5091e1dd7b8693a6a1e5708e
aime_mtg_jamendo_06098,0,MTG-Jamendo,development,aime:36b7b2bbb3f14043,component_001797,30,48000,5a3b722ab39fc5c1bc5c4113dc5715b30f43a3a93172e824d5ff67b90ee37a84
aime_mtg_jamendo_06099,0,MTG-Jamendo,development,aime:0da7d5bbcd9aefd7,component_001599,30,48000,181a3c82bb6581398e60f7bcad667ea39c0322047da364b899164c7a3da1cd7e
aime_mtg_jamendo_06100,0,MTG-Jamendo,development,aime:e013a16fa135af52,component_001944,30,48000,8426a99b5e96ad8b79aebcf09bf46e68e1e0b53b8c07a86c2e5c4a24659a62ed
aime_mtg_jamendo_06101,0,MTG-Jamendo,development,aime:92729486cb2b479a,component_001973,30,48000,e4cb69a60544b44b1b070cf9fa2776591776d7028e3a012a907fd6025b65ee07
aime_mtg_jamendo_06102,0,MTG-Jamendo,development,aime:210fcf96418dafa5,component_001673,30,48000,5bc985297629bfe8aa17c763a7286929e295712bdce1d078c731bd5aa784b5fc
aime_mtg_jamendo_06103,0,MTG-Jamendo,development,aime:ac960272e31edc64,component_001843,30,48000,1aefc94e7d36d62db7e8c11f7ce241b9f43a2783377500b811ebc5a2a1bfba9e
aime_mtg_jamendo_06104,0,MTG-Jamendo,development,aime:19592228d8eab26f,component_001998,30,48000,0c9b6d2a79c0d67353ced905e8789bc4228141c9e87c00875fcc10db013b0a02
aime_mtg_jamendo_06105,0,MTG-Jamendo,development,aime:8f15a6814abfe19e,component_001729,30,48000,75e14281d92a184b90c6d8758eaefd613dea1473e6a1d75f51ed498eaf834b99
aime_mtg_jamendo_06106,0,MTG-Jamendo,development,aime:1aa2fa95a6f6a1af,component_001670,30,48000,eff4080061269a9be24927fb16d6dfbb112457b9bcf09c754c0c0dd925aa8a23
aime_mtg_jamendo_06107,0,MTG-Jamendo,development,aime:b56abad16edcd8d4,component_001781,30,48000,01a20e4fb03b19b7d0ca0de14fc9110b62c1dd44754a8bd3523ca2b7166b3c04
aime_mtg_jamendo_06108,0,MTG-Jamendo,development,aime:7a78b8b1cfadad04,component_001546,30,48000,6b31392c6b979cfa5e1efd7f5c2be04ebdba13d3fe3fc0467104178d0f863087
aime_mtg_jamendo_06109,0,MTG-Jamendo,development,aime:c81c5cdffa28975d,component_001874,30,48000,438d3a09adb265cdd5be30a709ed3822e9368ab6fe72e30b93a1b8010b7a960e
aime_mtg_jamendo_06110,0,MTG-Jamendo,development,aime:631e594115815ab9,component_001890,30,48000,ba987910b2293ad09712ddd62d52838b92bac1dc9b09910c23ed101ca344b918
aime_mtg_jamendo_06111,0,MTG-Jamendo,development,aime:ce6236de961c0e47,component_001926,30,48000,42f3dc72223d59b9394b0ad3951fcf07e45215ed97c0f506e84bc6947e07ec92
aime_mtg_jamendo_06112,0,MTG-Jamendo,development,aime:094cc74b373f8183,component_001654,30,48000,d7fc3bc1001ad2953fc6c825d92148ed5e1cb9daa984689150aa65b0706632d4
aime_mtg_jamendo_06113,0,MTG-Jamendo,development,aime:ea2edd7921857791,component_001767,30,48000,c8e37ce0998741fd84040df23c1da355b83c394a219cff4d73cced86ae6f29da
aime_mtg_jamendo_06114,0,MTG-Jamendo,development,aime:6d9102e292ba227a,component_001590,30,48000,07bb2304d8bcb7fbed73f5eef7fcd600c26b41f7a24179ac56985f6cc79ac424
aime_mtg_jamendo_06115,0,MTG-Jamendo,development,aime:0c49f7d13ab3ee1c,component_001923,30,48000,108afa1e7cdeb16ad22d6faadef2ef171f2ac9f0088255ed5df4c7d01e4f2b33
aime_mtg_jamendo_06116,0,MTG-Jamendo,development,aime:a507885dff491d8d,component_001528,30,48000,0df5395e08e2137ef1a16d700545527f22f2692056a06356f141c806e17ae225
aime_mtg_jamendo_06117,0,MTG-Jamendo,development,aime:f7beea518f38ff5b,component_001609,30,48000,5f9030cc3b8eac64fc94bd5a4560d609324761782e5ec1de37eeb5bce1d77d19
aime_mtg_jamendo_06118,0,MTG-Jamendo,development,aime:242165c625856204,component_001891,30,48000,e9d43ef41a09b4e01e963087cb1b0c103cf6ac366a6581bfb10444166e719ace
aime_mtg_jamendo_06119,0,MTG-Jamendo,development,aime:90178c5182e222cf,component_001908,30,48000,b7003c023dd164add19073585f14749c30d2930b054dd3e92554ea7b8f9d28ae
aime_mtg_jamendo_06120,0,MTG-Jamendo,development,aime:a9ed080ffcf9f649,component_001598,30,48000,95f89d0f75f3f2c146236327cb9d2333df34e721587ab66ebc5580da0294c4ae
aime_mtg_jamendo_06121,0,MTG-Jamendo,development,aime:1c8f9070d4f43049,component_001577,30,48000,64de381c8f6c4b9415aba44ecf0de06e429d3dbc77e49a1f6527864ec7a42bb0
aime_mtg_jamendo_06122,0,MTG-Jamendo,development,aime:a5b05aea8f90b6eb,component_001553,30,48000,00aaa1b2638a0f8178045d67e2a367d14a75a4f878786ac8732314a262a5f389
aime_mtg_jamendo_06123,0,MTG-Jamendo,development,aime:633ffe4189fc084e,component_001770,30,48000,9ad2dfb67b6a28a513eb9f01a0685f62953cb587cb15c0704f503c7b8f840d81
aime_mtg_jamendo_06124,0,MTG-Jamendo,development,aime:42464e960b586cde,component_001772,30,48000,a352e64c25308019c07ba746abf92fd1b3504a650142a3f2d65c9e56554d43de
aime_mtg_jamendo_06125,0,MTG-Jamendo,development,aime:fbe1d8500bc92120,component_001660,30,48000,e1043433bde97bf4e0f473b64ed08eaf80c4da0bdc348a1529f81dc6900ad723
aime_mtg_jamendo_06126,0,MTG-Jamendo,development,aime:5e347dbbef259473,component_001742,30,48000,a6322f881c47eda1c9afa6da5afedf61f313b8bf7988b75271e55e4a510afc64
aime_mtg_jamendo_06127,0,MTG-Jamendo,development,aime:5d52cda3b6d031fd,component_001766,30,48000,8c65eeb86cad8f475ab292f8da467368e1a2308ed85873ce60181d654a4b8358
aime_mtg_jamendo_06128,0,MTG-Jamendo,development,aime:5d52c3ad04854455,component_001845,30,48000,9246df9271b9a2d11bbd5fd44206ba03ae7c09d56e775399def62d06231ac6c6
aime_mtg_jamendo_06129,0,MTG-Jamendo,development,aime:b160b5b35ffdf646,component_001632,30,48000,80a7ad2243e79f4cebc181d01e32429d370581aa8877b9b42497df7419b78f18
aime_mtg_jamendo_06130,0,MTG-Jamendo,development,aime:ccaee6b73f2214fb,component_001730,30,48000,70c7046429f1f7e478cc09d842da2c4ff2c2b8a261d33310c5773e3c853396e1
aime_mtg_jamendo_06131,0,MTG-Jamendo,development,aime:4ab28fb19c613d5c,component_001574,30,48000,a911f031a3053238e86fa54f50bfa27ce89f0dced31082557275da625886aca9
aime_mtg_jamendo_06132,0,MTG-Jamendo,development,aime:22438f56a92aece8,component_001656,30,48000,f95a425783713a8bedd0b239bcdd043d23325473f08a4ec98399508762b9d7b3
aime_mtg_jamendo_06133,0,MTG-Jamendo,development,aime:f68555568c32618e,component_001787,30,48000,689d4569d3667025105fc392a72f69a7bfdd2e7974d445c68301582374872503
aime_mtg_jamendo_06134,0,MTG-Jamendo,development,aime:efe9b5fd566eee19,component_001964,30,48000,e0a3dbae2791f742c5dce3e2a1e1fd3144eb82da86e8b6e03511f8474571a40e
aime_mtg_jamendo_06135,0,MTG-Jamendo,development,aime:12df0f3f1aa7c11c,component_001791,30,48000,6c046173d3b3dc4bdb37b98b9553518ec6dd97b522ff49b11864827d20576a13
aime_mtg_jamendo_06136,0,MTG-Jamendo,development,aime:7b57420b189a9a58,component_001626,30,48000,83960272d5274004bc09850a70f2f88c93613d5870714b22ee96e59c74dbec2e
aime_mtg_jamendo_06137,0,MTG-Jamendo,development,aime:bde99b9eae4a72f2,component_001831,30,48000,d408eb095757977d9d71ef7984c995b9039d286399a0f86b0fc96167edf9b94f
aime_mtg_jamendo_06138,0,MTG-Jamendo,development,aime:653adbc4619f9965,component_001695,30,48000,a8775ba7c747dd0e8e429f00f1a8e29d1a832b4466ff3311e7bc44e8070c85e1
aime_mtg_jamendo_06139,0,MTG-Jamendo,development,aime:21c8c3c66dc34bc9,component_001796,30,48000,42b4cdc0734b5b175715b5d96ab1e9a7c8fee23bb4e470beb6260ac63a3a259c
aime_mtg_jamendo_06140,0,MTG-Jamendo,development,aime:f8486fb06a2f002c,component_001559,30,48000,82ccaac5d405eea8b9b01965ae94df653fa7a6cea5aa7e522374234f12f8d0b2
aime_mtg_jamendo_06141,0,MTG-Jamendo,development,aime:793b85cfbc449de2,component_001750,30,48000,d1c92c00be1826a15f8c129d2752204b5b186481ce0815245e3d0386866b29e4
aime_mtg_jamendo_06142,0,MTG-Jamendo,development,aime:ef4e8d983bd3bfc3,component_001687,30,48000,2a84d687de2850f2a08cca62f37dd1e8ae10bb74332054e2badf5c6412deda8f
aime_mtg_jamendo_06143,0,MTG-Jamendo,development,aime:f2e7a4efe193301e,component_001868,30,48000,ab7b4a3ae670dd17c15cedf91c30a24b6460088c5e487d422a37e674ae29c68e
aime_mtg_jamendo_06144,0,MTG-Jamendo,development,aime:7df072a1caba87cd,component_001714,30,48000,f96d49cb0a8c29c92da00cb343288d3f0f4e2385d00605d56c3e7b955f2968e1
aime_mtg_jamendo_06145,0,MTG-Jamendo,development,aime:d710281ea281c677,component_001961,30,48000,b97eceeb7de9eb8493b04a32c25baeb354defd01557f319eda2844b3c1719c8b
aime_mtg_jamendo_06146,0,MTG-Jamendo,development,aime:0b8e815569d42f82,component_001623,30,48000,f6e52301f61cdc6e61f6e227701e2161acfe1e461cad3d4314bcc8062bfc4a27
aime_mtg_jamendo_06147,0,MTG-Jamendo,development,aime:074cf59f5131953c,component_001855,30,48000,8dccad1a76beab6c00e155188301edc25cae5b3c681b26ea895163883af5e9c0
aime_mtg_jamendo_06148,0,MTG-Jamendo,development,aime:acefe10859e5ede5,component_001679,30,48000,851eff63625ca095b48ce9a2552abd27a7d488ca621a0786f0541d9082829245
aime_mtg_jamendo_06149,0,MTG-Jamendo,development,aime:44167a2500fc6930,component_001910,30,48000,1c9da7784eb9e3285f921912877b524eef41a397f308bb1b3127e94b215940d6
aime_mtg_jamendo_06150,0,MTG-Jamendo,development,aime:62d095d93f614bf5,component_001653,30,48000,e15d427c0b19a04548836e3a1fd51700eadd7a0acad6ac3180e1ab3de55386f3
aime_mtg_jamendo_06151,0,MTG-Jamendo,development,aime:2d32eecd3c548c1d,component_001994,30,48000,f89604ab1e3834a995dd8dec5880a41a0ac5d389190275238388e79715230b11
aime_mtg_jamendo_06152,0,MTG-Jamendo,development,aime:684ea60be0dd7ad9,component_001668,30,48000,ee783d8cb492d6c16e7beed78c260f2b40c2e30348a43541de5e010dbbd32a9c
aime_mtg_jamendo_06153,0,MTG-Jamendo,development,aime:60810331950d9e1d,component_001853,30,48000,e0249d0a780f3efa8fbe9b087a0032312630c2b8f689dfec858e35a97630488b
aime_mtg_jamendo_06154,0,MTG-Jamendo,development,aime:762995238cc7a4be,component_001820,30,48000,111f93e35a9cc5198ff2438ae6dc1cdd1268b71f39564e63a44f5eed1bfe40bf
aime_mtg_jamendo_06155,0,MTG-Jamendo,development,aime:405ce8e799a7e166,component_001572,30,48000,929560e4b90868da88145b729dc0a4fb7d093e7536c2bccbc310f20804f380e7
aime_mtg_jamendo_06156,0,MTG-Jamendo,development,aime:a0a28f1f879eebf9,component_001896,30,48000,b28383406e26b23e5667a31c7ddd1bf8ff2b0cb8a5de72c78f0f6bcb6ba79fad
aime_mtg_jamendo_06157,0,MTG-Jamendo,development,aime:ee6aa1943a756955,component_001700,30,48000,4934fee76f491b578afc18d388b96c12c827e6ff2095b4dfe6066aaecd10509d
aime_mtg_jamendo_06158,0,MTG-Jamendo,development,aime:797772406991b43a,component_001987,30,48000,84fa0a84c66d23ac49a86eb089975304a041c75a4c78c74e1dbfc785d4b0940e
aime_mtg_jamendo_06159,0,MTG-Jamendo,development,aime:da37115889c8582e,component_001550,30,48000,3252838ee01293355a1ea3165008e860f17d2ebbd5cfa22008903ea8d2d3f473
aime_mtg_jamendo_06160,0,MTG-Jamendo,development,aime:41b38fa3d2276df6,component_002010,30,48000,6a5833d92d6a8b86017a0476aa173c2eaaf0f32b61f4dc2b6a299fb1715dd1b5
aime_mtg_jamendo_06161,0,MTG-Jamendo,development,aime:7d361e962d5f1218,component_001829,30,48000,58b2abd435548346c6179cd2529a7ac7652dbf813f57228a96f815d537916e67
aime_mtg_jamendo_06162,0,MTG-Jamendo,development,aime:b114f47e6a3497d5,component_001647,30,48000,1ccff7bcd5c5a7b7692372098ba17db24b5ee307f10d489c7cf14f183ca3c25b
aime_mtg_jamendo_06163,0,MTG-Jamendo,development,aime:f86d1ff68af73d10,component_001912,30,48000,f4a9957a2a85a69676d8482f695307d5c75be74547de604be4d29f40b8895870
aime_mtg_jamendo_06164,0,MTG-Jamendo,development,aime:3564d717442d0128,component_001952,30,48000,da2c39e149659bfbbcaa1be9849e01e62a7233f36b86647a79fa0985b45b8c20
aime_mtg_jamendo_06165,0,MTG-Jamendo,development,aime:ca7dcbc7be88ac47,component_001948,30,48000,f9ee9f30fa961965f26892e802735bc944c39772cf22785538db0eef80ecb0bd
aime_mtg_jamendo_06166,0,MTG-Jamendo,development,aime:71fc267cec07bfb7,component_001886,30,48000,6b2a6a6b5d573d9272fb679089015a8e119c6b34ccc2c847abc7130bdc37d168
aime_mtg_jamendo_06167,0,MTG-Jamendo,development,aime:2a13d1c77c3a87c3,component_001692,30,48000,0fdb0b42b0a90cf226287d68f1b0b5040fb93f9ae4d8bc168adef545ac40d3f6
aime_mtg_jamendo_06168,0,MTG-Jamendo,development,aime:0d1a79d00d8022c2,component_001634,30,48000,cc419333c411d0a5bd39a2dddc10d512e71a198fae8411111bbdc89010c63252
aime_mtg_jamendo_06169,0,MTG-Jamendo,development,aime:4d1c88953b1ec259,component_001768,30,48000,fedc14e7b5236738c9005fd9d5ac85b08199bda45c98d1943554224e06414a17
aime_mtg_jamendo_06170,0,MTG-Jamendo,development,aime:07701faf6bbdab87,component_001765,30,48000,a3692a06a9aa0011a163d94de37bf96088c64dd3ebd651e7e2c162582111e32f
aime_mtg_jamendo_06171,0,MTG-Jamendo,development,aime:1b960627f9df0107,component_001776,30,48000,b0bfe69bb23cdd419c021002a6b76a4c77bddfd27df272e09927a19dd8abfe6d
aime_mtg_jamendo_06172,0,MTG-Jamendo,development,aime:214f65544c9f6c1f,component_001888,30,48000,f8982e50507ed8c5e51f473bdd01d7f5d702cf232d4b460dcfe6dd9b9a69d50a
aime_mtg_jamendo_06173,0,MTG-Jamendo,development,aime:a78a5c3979eb702c,component_001693,30,48000,a69a0d845d19c6b250a0901ec1fc17e4a7414f8852f0e559d24dfeb9e75d055c
aime_mtg_jamendo_06174,0,MTG-Jamendo,development,aime:6671cac4af98f0df,component_001995,30,48000,983a4110faf1f7a6919e1865aa6dce53e8ecdd484d1aab8a0eae87443a0ad2b5
aime_mtg_jamendo_06175,0,MTG-Jamendo,development,aime:e970f08b304d2237,component_001562,30,48000,efcc89f0e8aef7d1b985ff3d174df6756f078994af8cc40b1d69e085d573582a
aime_mtg_jamendo_06176,0,MTG-Jamendo,development,aime:ba50bd14c07c6836,component_001939,30,48000,948952efaceb96ae0753db4f44871b29085512f920733b0ee234ad0ee19dd11f
aime_mtg_jamendo_06177,0,MTG-Jamendo,development,aime:85874a920e2c6b00,component_001918,30,48000,c82782c85f429e5b570dfdf2b27ed198cf969054b7b40b041d8e369db88a7439
aime_mtg_jamendo_06178,0,MTG-Jamendo,development,aime:3980a16f366d7ff7,component_001624,30,48000,e02dbb2a60753d447469e5ed5b6b0882a761fe342653e8aabc3e5faf9d018cf8
aime_mtg_jamendo_06179,0,MTG-Jamendo,development,aime:7bff207bd5f34a5b,component_001631,30,48000,0a1e25670ce75fc0fef34f89f30eb10dc7e3c5a7011e0e45b1bc7c62146a7792
aime_mtg_jamendo_06180,0,MTG-Jamendo,development,aime:5548b2b83e44507f,component_001872,30,48000,64160e1077029f0542d4ad85df45c4a437b522067d22f3da00e6f1daa138a48a
aime_mtg_jamendo_06181,0,MTG-Jamendo,development,aime:e8f4361aaa86dc95,component_001540,30,48000,6e1bef6064c5bdc6c6f1e1b910d2eace499fa30f3093b8da337071883c78cb46
aime_mtg_jamendo_06182,0,MTG-Jamendo,development,aime:0c64adfd8c352b76,component_001731,30,48000,3f35e0903ba867c731dc8225ad1080f29ea4abf95baacc960acdf0c8aa613c7a
aime_mtg_jamendo_06183,0,MTG-Jamendo,development,aime:c78cbbcd4d345545,component_001718,30,48000,c3cdbf18e95921d61afd44617b6bb635b62977a1f0aedd8a2b49d5232a2fd1b8
aime_mtg_jamendo_06184,0,MTG-Jamendo,development,aime:5838741af343b2ad,component_001585,30,48000,a6c0579cf0f2d95ec22b9f746f7f29fc9ce844ab36b6d893a6811c4c65c94b55
aime_mtg_jamendo_06185,0,MTG-Jamendo,development,aime:02e868494bf74e55,component_001966,30,48000,9e250609c8f6db99398e238f4a59a830e8c4513d32a008f90665896f8374ec89
aime_mtg_jamendo_06186,0,MTG-Jamendo,development,aime:92b2177feac3bb5a,component_001516,30,48000,4fc22298f265b3a96e82de9ab8b99a25bfdfc5c8b6d314b03c784942d49242c7
aime_mtg_jamendo_06187,0,MTG-Jamendo,development,aime:3430b81b79cb1927,component_001762,30,48000,88784cd6af6bfc02d02c6b8ef905b50f499f13dcca1c71037f16048766259b61
aime_mtg_jamendo_06188,0,MTG-Jamendo,development,aime:3d28bad50e0e9f4d,component_001974,30,48000,dfcb4acba9602f17a7cba24c35df8f78db95bbbd9b0c26abdead73b34544cf9c
aime_mtg_jamendo_06189,0,MTG-Jamendo,development,aime:ab699136de604f51,component_001684,30,48000,c4000c1499846b812432a42094a6b52ed44a7d53ba893c289f133565083fb998
aime_mtg_jamendo_06190,0,MTG-Jamendo,development,aime:d6bc1451d3dbe1e8,component_001858,30,48000,9b6be4fe87fc79361421b35fa8fccb5821f0760ddadad8b61829495e3df1624c
aime_mtg_jamendo_06191,0,MTG-Jamendo,development,aime:a63eaaf850bce6b1,component_001551,30,48000,535540fb0952fbc23bb1fce7a0801e1fc5be7acd8024221cb94309b9dd6a1a4a
aime_mtg_jamendo_06192,0,MTG-Jamendo,development,aime:22d63bc0864b6990,component_001928,30,48000,fdb3208277cab3513140010b4e8edd1ea5f827fcf0d06084b0324df466d7c6f4
aime_mtg_jamendo_06193,0,MTG-Jamendo,development,aime:37b4066c62d883ae,component_001864,30,48000,2a374126435cbba7ac198e84dfe22c33e4b2a5b931c8afdad3b2e17c96792acb
aime_mtg_jamendo_06194,0,MTG-Jamendo,development,aime:b790e0ed978a8625,component_001567,30,48000,eb8e9c422e899e25f29974d433f5ca7f508ec3aa7bf9fb38a7aa9414e87b7498
aime_mtg_jamendo_06195,0,MTG-Jamendo,development,aime:f0c3324f4cf0ea4c,component_001997,30,48000,858f1c4be5c493d6db8492c2e3dc12d131cb18aad0b6e9d96eb60553db434071
aime_mtg_jamendo_06196,0,MTG-Jamendo,development,aime:1717398fd9de5f76,component_001707,30,48000,371e7ef28eab80a5e03b6e8dd012fd74a535712b93421ba3bba480aac6754bfd
aime_mtg_jamendo_06197,0,MTG-Jamendo,development,aime:719d2e67a05f19ce,component_001636,30,48000,090df1425e81512fc4ddb3955fe0bc3d5f3569860df0b7d997b0c55897d4d057
aime_mtg_jamendo_06198,0,MTG-Jamendo,development,aime:2953a0b27366ab26,component_001990,30,48000,7c0c3604a14a0be9eed965392511f58ea26d0987f5915af5a36b3d11b9f4e2d8
aime_mtg_jamendo_06199,0,MTG-Jamendo,development,aime:d5ce6b571994b414,component_001863,30,48000,a9531ba6ada13af175001f597b11875028acad623fcf3e943c7921783ce70b34
aime_mtg_jamendo_06200,0,MTG-Jamendo,development,aime:77bc54445edbd71f,component_001518,30,48000,6c58f84d88d0493f2188ee213cb96ed69fbbaeead4310d942094c50f09203470
aime_mtg_jamendo_06201,0,MTG-Jamendo,development,aime:2e0d3c679c1a268a,component_001694,30,48000,c2b5ed33e8e300ae8fc6713b14f41eaa1d63abea3d6098dab333bb8b1a89924b
aime_mtg_jamendo_06202,0,MTG-Jamendo,development,aime:1b0f60fec20e707f,component_001703,30,48000,cd9b53c1f970210a36f8866e09bc79f8c8c310eceb35754ba111ef8f07c3fa6e
aime_mtg_jamendo_06203,0,MTG-Jamendo,development,aime:b602a0579c626ecc,component_001514,30,48000,6bee7249d820003df00ae6abcbdeb54656ebf53f7e7551ada2d0a0b3542891f9
aime_mtg_jamendo_06204,0,MTG-Jamendo,development,aime:ffdaa617559614d0,component_001615,30,48000,3cd047d3659eae8132306c521ab7181842bab7bdeffe02784fbd7116da0555bd
aime_mtg_jamendo_06205,0,MTG-Jamendo,development,aime:4f5e2e6962b90c86,component_001643,30,48000,c22e45f813561f3e0f44474c4f9dbe3444066f8b80378bf0e0f566c98392dff8
aime_mtg_jamendo_06206,0,MTG-Jamendo,development,aime:ec2237e72e69632e,component_001667,30,48000,5b06d7ebde209d036f1086dc7adbb1752e51f2bc4687fadeac4efc771015a43e
aime_mtg_jamendo_06207,0,MTG-Jamendo,development,aime:d0be0272d054681b,component_001893,30,48000,465f071e98e67ea75343964bd5db082eae39b63c9bba00c50cfeb39154b1bded
aime_mtg_jamendo_06208,0,MTG-Jamendo,development,aime:ffa972e4691a8507,component_002003,30,48000,d56a4f829ca1696e9c4503d62bde413ddf62282cdd1510125ddf5c7a0e88c0bd
aime_mtg_jamendo_06209,0,MTG-Jamendo,development,aime:6349f240f9ce71a7,component_001542,30,48000,0718ccf8950206385f836530212f320fe550670c9e17f74480b0aebe0ef095c4
aime_mtg_jamendo_06210,0,MTG-Jamendo,development,aime:d564111fda790570,component_001648,30,48000,abc9944a6be16b505da550e210c2285d3bc3a4dc1edcf2b172b1756d97449939
aime_mtg_jamendo_06211,0,MTG-Jamendo,development,aime:88505085ac7d86b4,component_001826,30,48000,b0cc0108801e60ef65719a780ee0d4ef404eea0f47150c7b5287f93a415ca7e9
aime_mtg_jamendo_06212,0,MTG-Jamendo,development,aime:32f46be93608ee74,component_001539,30,48000,0614cfa987b03903269097175d8a1b6d2379d57ba64b4020459bafdac8e48e33
aime_mtg_jamendo_06213,0,MTG-Jamendo,development,aime:3d6dd0f0f501bf78,component_001915,30,48000,3a3eab3a9a956c779765c63c5c028407acdd068b3dfa89f77bbd7f3a3a597d1c
aime_mtg_jamendo_06214,0,MTG-Jamendo,development,aime:7f7026a6ad77dc57,component_001563,30,48000,77e20393473167c20423b5ce24427c6441dd91eb278b58cc2120eed51c971ea6
aime_mtg_jamendo_06215,0,MTG-Jamendo,development,aime:a2f12e1eef484ec9,component_001690,30,48000,6ea7ba92543e92bf3f6fa40b683f84c41457cadd52191be8578bfbdb27a72bdf
aime_mtg_jamendo_06216,0,MTG-Jamendo,development,aime:7e2a328073f7f34e,component_001579,30,48000,b0aacd7d9376fc832d7c1dd58d03b77b59519956882461972571d65116d61784
aime_mtg_jamendo_06217,0,MTG-Jamendo,development,aime:d04dd018ac1bdff8,component_001806,30,48000,9b49ea4bfa9477f82a2623315af248902c2280cf3627b1447b117bc2cb9dd7dc
aime_mtg_jamendo_06218,0,MTG-Jamendo,development,aime:5a72e4be71e2e662,component_001778,30,48000,9135c0acceece2fe9014f0dd69be87ddb1132e72a9a65b9781bca5390fb7f834
aime_mtg_jamendo_06219,0,MTG-Jamendo,development,aime:5135c3e531c591ce,component_001854,30,48000,1e212fb4220f25224ca7335de91b68fafa743846cc7771b7c0cf84b7488a05db
aime_mtg_jamendo_06220,0,MTG-Jamendo,development,aime:298fe38dce0f2654,component_001902,30,48000,3f4a6244a5d46a05da22caf91bd530a7d3f6a23a17e98bcf783c6999f3c7e708
aime_mtg_jamendo_06221,0,MTG-Jamendo,development,aime:e7ab2b43077399b4,component_001932,30,48000,79b8ab7196994548d2e14e3ba5edb66a08c0f5ec4ade2597cbd7ac7a74ad4e1e
aime_mtg_jamendo_06222,0,MTG-Jamendo,development,aime:9570cc1ddef35792,component_001942,30,48000,8c0f4c02ae590a60d51de43a1d64792f17f4a7a5513f13c133bec271e73bd4fa
aime_mtg_jamendo_06223,0,MTG-Jamendo,development,aime:a95e7be1ecc7abb9,component_001838,30,48000,e9025e77abd4292e21e5e78bbecd89487a69f81b585916a3d25559aa1b37f1c2
aime_mtg_jamendo_06224,0,MTG-Jamendo,development,aime:942a89d04e9d9871,component_001989,30,48000,fcbd76e08658384c65e003f89eef4fc7f749e65d9e7fce6a602cdef88e0d7e57
aime_mtg_jamendo_06225,0,MTG-Jamendo,development,aime:8f5cf2e39c7a89e5,component_001999,30,48000,4635e842b4dad5b91975a4aae7d97e8fb362fe9fdb1ed445c8d19d42df85b3be
aime_mtg_jamendo_06226,0,MTG-Jamendo,development,aime:8215046c5a29c81e,component_001956,30,48000,c70338a73fc4ec258996318caf11cc90f670b5e746ab6dad9e988b6eb5265017
aime_mtg_jamendo_06227,0,MTG-Jamendo,development,aime:c660f5d690f90edc,component_001645,30,48000,dccef1e198e9e2245ae16761c386f1ce97adc7d29eb8cac7f6971e1d08cbfdbe
aime_mtg_jamendo_06228,0,MTG-Jamendo,development,aime:cd6e7bb3e783a92c,component_001947,30,48000,820bb3aad0bebb0ba48d4061320a35204cdf5a333deb7b4e322e23ab36bebe19
aime_mtg_jamendo_06229,0,MTG-Jamendo,development,aime:8b06c7e9eb9daf3b,component_001931,30,48000,6271c6b1b8f91c9e4b480fd30971a5d7b06e1b6bac78dd3682e6db4265fd7200
aime_mtg_jamendo_06230,0,MTG-Jamendo,development,aime:b3eaaeca19d3315a,component_001581,30,48000,eb6c3993f5c6f3b15e9110f36fdedb4507a17bc5ec95461b576cfa820bef0378
aime_mtg_jamendo_06231,0,MTG-Jamendo,development,aime:08e4762d6ec74c63,component_001887,30,48000,c2d8fc6183f502b094aa3832a1a114a036bb4e6501f9e88cd157429ba29d6712
aime_mtg_jamendo_06232,0,MTG-Jamendo,development,aime:82290cbf74c789b5,component_001798,30,48000,3fe2dfdb498ab2dac2d6eae7860fcac259a00b6620d129e8c2c159b948f95210
aime_mtg_jamendo_06233,0,MTG-Jamendo,development,aime:98d09bbbeb8f8f61,component_001882,30,48000,68aa705475adfcb16fbebeb5751553a05b29535ccdceeb878d82ec266f0c6ee2
aime_mtg_jamendo_06234,0,MTG-Jamendo,development,aime:37078451ce367e1a,component_001983,30,48000,1a24d492b4ffcdaa5bbadc99dc91a2a42f532caca0ac30555aa492462f25a852
aime_mtg_jamendo_06235,0,MTG-Jamendo,development,aime:a64fd39a82cb3867,component_001701,30,48000,448483c2dd80fd6b5e76f9d3a85bb44927a55a1a46d8bb93c312a2b456d3923c
aime_mtg_jamendo_06236,0,MTG-Jamendo,development,aime:8fb091516e8c6ae8,component_001834,30,48000,623dbabc2d9a66f769f593f574c7b063a8871135d99122b0f640315fde38edcf
aime_mtg_jamendo_06237,0,MTG-Jamendo,development,aime:5c95c399dd03ccea,component_001743,30,48000,61fd1864320b03c28a51def83e4da8063c6a9646b54e95eeb3b4746e013f03c4
aime_mtg_jamendo_06238,0,MTG-Jamendo,development,aime:201dd3ae90524daa,component_001691,30,48000,e428d0d059507351fcef73b43c490f83ac31b0c64ea4c6a008c2f180c513e54b
aime_mtg_jamendo_06239,0,MTG-Jamendo,development,aime:912cde0e22544d22,component_001794,30,48000,ce9c21118d8199f64800ac86ff0a83de34b4d24d9fa0581267c6d854dab57ff4
aime_mtg_jamendo_06240,0,MTG-Jamendo,development,aime:3aa677a97b069b57,component_001556,30,48000,eaafe552853017fe56495850a6d28f890f7dc3efebc3a62e48bab61988ddc60e
aime_mtg_jamendo_06241,0,MTG-Jamendo,development,aime:49052d471beb9a09,component_001938,30,48000,9c6c9f1ee5f926fab75a2fd7bf9bcdaf09eaba5afb695ea1e2d3aaa1b2806eb8
aime_mtg_jamendo_06242,0,MTG-Jamendo,development,aime:832048d0c1f57f36,component_001593,30,48000,92a17bea0c4f5e2c5ef389c9e25c0dcccdb4d2fd18e8158e0cb7b6b50b1d9cc2
aime_mtg_jamendo_06243,0,MTG-Jamendo,development,aime:56e03dd2f616fdd9,component_001720,30,48000,f989a50a76f907c70439f8ab8d7c0f4594322fc7c3bc3536af929c73b89a5d69
aime_mtg_jamendo_06244,0,MTG-Jamendo,development,aime:cec6444e5d1cdf3f,component_001870,30,48000,a2ec72d4ceeca15b8b75f6121608b81b769fa34c3a5b900eb28368393b74a70a
aime_mtg_jamendo_06245,0,MTG-Jamendo,development,aime:80c1c3befdc15f9d,component_001513,30,48000,ee6af5ccb341fdfe8654f617e0f1a4571d0d778da199bb1a09ff7c922debb842
aime_mtg_jamendo_06246,0,MTG-Jamendo,development,aime:b4389eb774e0f409,component_001763,30,48000,49fe1d13b0c919a955e524b8a30dd0bd615ff1d82653d58b691def87b96f41aa
aime_mtg_jamendo_06247,0,MTG-Jamendo,development,aime:3793f89d402b2208,component_001993,30,48000,7aadf6611ae0f993176083274973601f5e64c0d1f0c95bd7f3c63693fec8a2d4
aime_mtg_jamendo_06248,0,MTG-Jamendo,development,aime:18cc56c4864fc5a6,component_001605,30,48000,f8819db1990b42a9346d27ee211ad70c7de0dcc4b621d438a0fa4cd015892772
aime_mtg_jamendo_06249,0,MTG-Jamendo,development,aime:a26fb004582154f1,component_001586,30,48000,611429ef9b6388cdcbf20902f3e915b82931880cee103229b6e41cd2f5bbb3c2
aime_mtg_jamendo_06250,0,MTG-Jamendo,development,aime:56e714fff1858889,component_001521,30,48000,952d9527ce3919ada0f3c41e0c63680296822da76758aefc7d63bc8e1b693528
aime_mtg_jamendo_06251,0,MTG-Jamendo,development,aime:f2be6056547fe745,component_001869,30,48000,6720fa6c6c173e85bb1271d9b52499c27794cf7bded81111ae7062ab582ffce3
aime_mtg_jamendo_06252,0,MTG-Jamendo,development,aime:ec8ad37f43eb313f,component_001839,30,48000,15e65a690f6e17d4cc23f2fc177285f109bbe2bcf225af9e35c72ea3e7486008
aime_mtg_jamendo_06253,0,MTG-Jamendo,development,aime:299d9e3d0bf19c6f,component_001946,30,48000,bf13d758c83cfd6a428fe2a6cc96a2a064927863933cfd7a8bb6d67c48d23a06
aime_mtg_jamendo_06254,0,MTG-Jamendo,development,aime:aaa1c279bf0b949b,component_001584,30,48000,d469bbc6970a343ae34221827397d0035619e4cfcd3fad1b6297395c6c8760de
aime_mtg_jamendo_06255,0,MTG-Jamendo,development,aime:d3100171c968af4d,component_001849,30,48000,c8aa0b275b08bbad91494b251814d7c2d30aa4188cd6f0d51ae8cbf3719fb9ec
aime_mtg_jamendo_06256,0,MTG-Jamendo,development,aime:42f4fdac78a0d17b,component_001663,30,48000,0b457501adba303976f9a6e9e6976959a88aad1abbae310426151b31968e348e
aime_mtg_jamendo_06257,0,MTG-Jamendo,development,aime:5aeb4b7da9a1e5b1,component_001815,30,48000,5daf0d18e173e7667706a6d51a2269783475887afcd753af4f951bf4ba6f3886
aime_mtg_jamendo_06258,0,MTG-Jamendo,development,aime:6b76b2d3f14fa058,component_001963,30,48000,0ed72b01d47fea8f6c7e5b469c38641fbe08cca774cb0953b2098103bf1946e0
aime_mtg_jamendo_06259,0,MTG-Jamendo,development,aime:16a45a0cb6f4beda,component_001702,30,48000,b618353a0d80b78d9425c7679fd287aceaf4620353e7a96f585796183df55496
aime_mtg_jamendo_06260,0,MTG-Jamendo,development,aime:c8719d80acbaa6f7,component_001578,30,48000,f6e9a392133d75e3c7b35b623b8a6dd1f92a89604973a47a6b8f4a087d370943
aime_mtg_jamendo_06261,0,MTG-Jamendo,development,aime:12053fe978efb9e0,component_001800,30,48000,b991a95b102e4dc69ef2f6da100905e93978461f9e19b8312eefcbfa8c3d46cf
aime_mtg_jamendo_06262,0,MTG-Jamendo,development,aime:73f9a0e150dc2f93,component_001678,30,48000,d826f73589d5adffd75ccacc08ef66c654cbecdb215cfd8b54b8ff6d09abab76
aime_mtg_jamendo_06263,0,MTG-Jamendo,development,aime:c65f07a2c5936ecb,component_001851,30,48000,ea951c77d584aa7f40f0019ad3e5d526bd227d10d17f92de6eef090e8b3984cd
aime_mtg_jamendo_06264,0,MTG-Jamendo,development,aime:2f814af6887e2165,component_001799,30,48000,369bae36f98097de62bdb610cc18bf143d8e74d18f57da0429fbbbffffb3ef16
aime_mtg_jamendo_06265,0,MTG-Jamendo,development,aime:9d23d17618a09bfe,component_001842,30,48000,bb318b204e12287f92066c4826356112e4a7602b888f70a2046a79e99c26a37f
aime_mtg_jamendo_06266,0,MTG-Jamendo,development,aime:46b99b6d3e91ebac,component_001866,30,48000,e698c7315a54717ae81fbe467d985606b665fe8883f30ad80a98fa3cf78096b3
aime_mtg_jamendo_06267,0,MTG-Jamendo,development,aime:b7a19c6dbe92c4a7,component_001532,30,48000,f130d5d0a20bbbf8e1a85f09552d53c38b9ed466a32002e25bfef29c73c4ecaf
aime_mtg_jamendo_06268,0,MTG-Jamendo,development,aime:c592fa8bb190703e,component_001724,30,48000,0c3986b42d0b2fcab597bbe8bdd598388336c0fab070ea264b69a3055c7c37bc
aime_mtg_jamendo_06269,0,MTG-Jamendo,development,aime:7d093236050ae0b1,component_001957,30,48000,0def9e6cd0d286986d6f403e8a8664cb303222216ee0d9f47d5d43560c4972f7
aime_mtg_jamendo_06270,0,MTG-Jamendo,development,aime:bf7955e77233e458,component_001662,30,48000,b14d46231f73735450c22273d5f5f4c48fa5f9ece8f1dfc4a29dad0fe331d265
aime_mtg_jamendo_06271,0,MTG-Jamendo,development,aime:5080101b9d897809,component_001937,30,48000,a6b5084d71acd3fc8ffe516111e0511ced709f7159dc969d8c46c1230e010679
aime_mtg_jamendo_06272,0,MTG-Jamendo,development,aime:ab30c926584a302f,component_001659,30,48000,41c6dab176eeb411940919e1497aad039507cadfd7958f7c5774ad77636373e5
aime_mtg_jamendo_06273,0,MTG-Jamendo,development,aime:beb2d14df4400679,component_001752,30,48000,daee9c957f2969f3d10464af121849d56e085f45a93a2296f96c7e21ba353cdc
aime_mtg_jamendo_06274,0,MTG-Jamendo,development,aime:cda3c32bf33cf5d3,component_001823,30,48000,0773c03aac931f8787a24567d8ba43cd3211c931a67456acab4fd2f22d897726
aime_mtg_jamendo_06275,0,MTG-Jamendo,development,aime:23414a8a056eef62,component_001619,30,48000,f01106e21dbed49fce0b4b01dc4c799ab8d1bb9b0262ffcf2eb8250cd6fc79aa
aime_mtg_jamendo_06276,0,MTG-Jamendo,development,aime:e527cf1e6f02eaf3,component_001925,30,48000,0ec3b4611ae38dc8e36d4fcf7de888ab79e50ee36791af8b6dcbb3b2de8c0503
aime_mtg_jamendo_06277,0,MTG-Jamendo,development,aime:2246efb7559ce34f,component_001746,30,48000,15636707ea14754068ae2d57a488c6da93292f36d9c42033305d6a929f2d2ad8
aime_mtg_jamendo_06278,0,MTG-Jamendo,development,aime:1e31dc88a2668d58,component_001812,30,48000,3dc2780d8307b06df3eff9e8956e78f220d8f743325cdf59b28f26a30daa4256
aime_mtg_jamendo_06279,0,MTG-Jamendo,development,aime:27cd37ce3efdec20,component_001682,30,48000,a09cebadc0c4a6ccea6564113ee27b757acb0a7f8a52c64da6eda31ccc7e839a
aime_mtg_jamendo_06280,0,MTG-Jamendo,development,aime:a4de6d1a49fc7a54,component_001676,30,48000,f9a4f930baf9a95a17489c8da8143bd0d36aac96be06f06f6a1e342b7724e452
aime_mtg_jamendo_06281,0,MTG-Jamendo,development,aime:a8a0950b608f3a63,component_001828,30,48000,da4149a53e63e844df7e322ce8a55446bf68a499614cab47229b02809637a60e
aime_mtg_jamendo_06282,0,MTG-Jamendo,development,aime:e642a60e4279a3a2,component_001801,30,48000,fc6704f75aa19d351ee21ab52cca6a54f216b21b11432f97c700f210538306d9
aime_mtg_jamendo_06283,0,MTG-Jamendo,development,aime:212a7fb897743843,component_001601,30,48000,50e25db4ecfb12a9baaf7e052e3a9cd7460092520a78889fa4fd39689ae20572
aime_mtg_jamendo_06284,0,MTG-Jamendo,development,aime:4726166bccaf80cd,component_002007,30,48000,468aa4b29af376feea3d26ee36d916e9ae5f59b48399e016949488bc4559b203
aime_mtg_jamendo_06285,0,MTG-Jamendo,development,aime:792eb2eae99d755f,component_001669,30,48000,77db683120d4aeedbeacadc12f348db1b1f8edca0cb1b6b22ed017a0fba4fe71
aime_mtg_jamendo_06286,0,MTG-Jamendo,development,aime:909f6b49ecab5850,component_001981,30,48000,cb5fa96f2a4b53bc6c4dd56ee48710e1e5f4e577303bce8185ccfd874bf9ed3d
aime_mtg_jamendo_06287,0,MTG-Jamendo,development,aime:27c37c79e16077ad,component_001600,30,48000,f92dd948d043aba6a8675825fd1e2969a7eb04208fe21757000b648e2fbd2605
aime_mtg_jamendo_06288,0,MTG-Jamendo,development,aime:5de190dc3a13c8c6,component_001900,30,48000,ad09c46dc01b4119410841bcf2ba898817ec5deb88aefa9670ef1160f9e168db
aime_mtg_jamendo_06289,0,MTG-Jamendo,development,aime:ccc504da1cd7abbd,component_001576,30,48000,9b2173638b7a43e1ae6f06ea4fc1f74dea5fd8925c338a96d616b54e265db907
aime_mtg_jamendo_06290,0,MTG-Jamendo,development,aime:5913e081deeefbf5,component_001558,30,48000,168d5716ad312a0c780be3468852580f66955061759e657eab7fdaf216781159
aime_mtg_jamendo_06291,0,MTG-Jamendo,development,aime:297eb580bf5160ed,component_001862,30,48000,6ffde598a85c08fdb127013aab9f142b7248a760b04736f1fbbb843eae5f6ab9
aime_mtg_jamendo_06292,0,MTG-Jamendo,development,aime:72499403a4bdae80,component_002009,30,48000,5d2f1b3e6b7d30c7d38b9eb9f0fef088b35b3b4b2e8da65bb8f7b2cc7cf211e3
aime_mtg_jamendo_06293,0,MTG-Jamendo,development,aime:2dd70c3ed8c6dcaf,component_001520,30,48000,62085b89b65f73216ac583d4bee25a711b3c5fa9f53131d0349e7c7916ca834c
aime_mtg_jamendo_06294,0,MTG-Jamendo,development,aime:466f78c08561bb33,component_001552,30,48000,38db8e074e0b3ffebca38eaa88a344d87731ff1fdef3154111dc88978e2a7334
aime_mtg_jamendo_06295,0,MTG-Jamendo,development,aime:84d871bae0dbd713,component_001819,30,48000,8ec31a52a6fddaf7feeac11761b9ef180ebb01175fbb018cad6aebe2cd284197
aime_mtg_jamendo_06296,0,MTG-Jamendo,development,aime:6b4dc7061f524e63,component_001921,30,48000,ecaa3ee3c1c11552ad31f323e4cd0d87df1184eaeb251ea6f9f3ecd38e11749a
aime_mtg_jamendo_06297,0,MTG-Jamendo,development,aime:99c94cbc15aca6d5,component_001672,30,48000,d4678354644fe57c2f24ec06c138a8b0bece77f8a9b4d241ed18693b1ddceffe
aime_mtg_jamendo_06298,0,MTG-Jamendo,development,aime:742d07a5f2d57e1d,component_001649,30,48000,61637bc901cee6a033b61be1183c1919bc8a9be471b2fc568bc34740693a7529
aime_mtg_jamendo_06299,0,MTG-Jamendo,development,aime:6b736e49145d8164,component_001755,30,48000,ce8e7ffc4e984092020434903154811d21d441faa7bc3aa81f18ca41ec082805
aime_mtg_jamendo_06300,0,MTG-Jamendo,development,aime:c8bbe7446213b972,component_001727,30,48000,a09c55fd7edc310d524108058ec182c68f80c0722fc67d9e43629c8d7b49fb8c
aime_mtg_jamendo_06301,0,MTG-Jamendo,development,aime:caf9c57c9c6b66c0,component_001761,30,48000,123c308af4517c9a71815511d73e642b8f01f86444f5951831df36674af8537b
aime_mtg_jamendo_06302,0,MTG-Jamendo,development,aime:83752006f6cd7f3d,component_001969,30,48000,9dd8d86d26b953e7e8b68beb74e396325a89aef1a0f66b5cfc85876df75496c7
aime_mtg_jamendo_06303,0,MTG-Jamendo,development,aime:cb70977f12c6da89,component_001733,30,48000,96fa3eb63163cd46a4163e51d32cadce1d4c97a4dc6bdfe76ec05a8cdd37417c
aime_mtg_jamendo_06304,0,MTG-Jamendo,development,aime:2c7ddc09a9cebc30,component_001699,30,48000,f8012966619e8fdbff90f6bb4a2881820c34fcd2ae001450dce5513363a11632
aime_mtg_jamendo_06305,0,MTG-Jamendo,development,aime:bdeb2f4243ed89cb,component_001950,30,48000,a174e1a4e75df030cec6bc361c10f1a47388c80c69c53b30abc7959033aaf581
aime_mtg_jamendo_06306,0,MTG-Jamendo,development,aime:ee18554a45aadc3f,component_001735,30,48000,4d9cfca77099ddeb187001f2fc8e50aad8906b159a45f9089da3ef9710468e20
aime_mtg_jamendo_06307,0,MTG-Jamendo,development,aime:68ff81d452f30657,component_001871,30,48000,5aa38b48c6ab99cee7690d79ddbf2441b4a40a6c253114023b503a522d5cf470
aime_mtg_jamendo_06308,0,MTG-Jamendo,development,aime:6c88ea5e5a7184dd,component_001555,30,48000,46a44950c653058472b8e18e0d1ef3e7d71dfdc4b5ab0ef609699661f038037c
aime_mtg_jamendo_06309,0,MTG-Jamendo,development,aime:46014159f46c6e82,component_001782,30,48000,a46f854b6956c01557577b7e781e5612edbb28e0a43c3c89a6614a66d61f5d4f
aime_mtg_jamendo_06310,0,MTG-Jamendo,development,aime:fb51ffd5a27fab90,component_001537,30,48000,f85406a91b878fdee519ea54a04fb1b4985c43920feebef1933682ac9ae20d21
aime_mtg_jamendo_06311,0,MTG-Jamendo,development,aime:9e0257383dd2773f,component_001545,30,48000,ac8ca881514cf1ce215631f9642b29dcbae48d75cc7c71ec0ccb3d446090592f
aime_mtg_jamendo_06312,0,MTG-Jamendo,development,aime:0fc57004a7fd8e4e,component_001642,30,48000,d45e0aa9ac1e7b21635dab722ccd64e10bb4708156d9944e1ca60929dcb7f1fe
aime_mtg_jamendo_06313,0,MTG-Jamendo,development,aime:53ca0ecb3516d9d8,component_001972,30,48000,576f9876d69726ebc4ecb464074324081065d8b6cb62b3c82141e16209c2f8eb
aime_mtg_jamendo_06314,0,MTG-Jamendo,development,aime:ba68167d3e4027ef,component_001927,30,48000,815facb4ad09626f929e1827b60ad296ba73701faa44768772fec1346b8a8ae8
aime_mtg_jamendo_06315,0,MTG-Jamendo,development,aime:c3aa730520d94d3e,component_001954,30,48000,15aca2e3c1f0df50b728184c9963c011b1790fa064885f64c358d11d5aa3ab7c
aime_mtg_jamendo_06316,0,MTG-Jamendo,development,aime:7b5b6b2ac78aaf8f,component_001706,30,48000,d9fc20b283aa78484df629264a3e4c644ac57e707a7c910890c63f27b00c70df
aime_mtg_jamendo_06317,0,MTG-Jamendo,development,aime:060ff8c750269f14,component_001783,30,48000,c8d3f3cf9a895cd8c2b0dfaff09580732323c692f5f1dbe26581733c7b173785
aime_mtg_jamendo_06318,0,MTG-Jamendo,development,aime:9a0a9d7a67bdec2d,component_001589,30,48000,b160163997a3c9d3a6feb0d44a30b097bd0c5b1b4843986f6ed5665ccf71e6fc
aime_mtg_jamendo_06319,0,MTG-Jamendo,development,aime:0f8c5677998ec3c3,component_001953,30,48000,c59a0af72b932c21f91624cdb406d3bc350d964c1a60fff46e1784063cd9e6e1
aime_mtg_jamendo_06320,0,MTG-Jamendo,development,aime:7917832520022634,component_001895,30,48000,4a75fa0ec701e306c72033182cb9e78cdbdc00d975d16e155507f498b435f172
aime_mtg_jamendo_06321,0,MTG-Jamendo,development,aime:da20bd2da97c33f3,component_001985,30,48000,aa5fb9cbaf9170a255dbc991a68454e3fa433aed57488f76b2b34fd4c3072a99
aime_mtg_jamendo_06322,0,MTG-Jamendo,development,aime:3d007cacc841a6c3,component_001899,30,48000,a042d6c8291b1a44e03a7484c5b9afb1389ed344798a901ad685e2cfca8de6b4
aime_mtg_jamendo_06323,0,MTG-Jamendo,development,aime:e9bcfb44037e0a98,component_001597,30,48000,86b53e5fd38314ae16cbfbd65f22c52c491cc35e56eb99df4588874fb4282f08
aime_mtg_jamendo_06324,0,MTG-Jamendo,development,aime:9128113061c9a862,component_001603,30,48000,142c7b872a9a2b941f0c2fe2e9dc5dd9459195a07670660d40b21480ee4dc594
aime_mtg_jamendo_06325,0,MTG-Jamendo,development,aime:054a70aeba07cb9e,component_001554,30,48000,86b2627795c83e682c477d38a6d8dd7b64593e00e8490a0e4062513fe58d48af
aime_mtg_jamendo_06326,0,MTG-Jamendo,development,aime:58d62283b35d55d9,component_001884,30,48000,d8168696576f4f7bef8aec251eb9b85b365ae6cbcf71c6c954185d24636d26df
aime_mtg_jamendo_06327,0,MTG-Jamendo,development,aime:2a14abd978e50854,component_001671,30,48000,3d9088ed407b77b628f4fd68b955383e9c8d940e39fb9e3fd3a2d18b67f40893
aime_mtg_jamendo_06328,0,MTG-Jamendo,development,aime:0a56751a3953bbf3,component_001650,30,48000,a7f22720e1c99d9fdb989795307759efb05db0e10451e4052ab22a94e0c5d653
aime_mtg_jamendo_06329,0,MTG-Jamendo,development,aime:4708a9465595445b,component_001549,30,48000,518a5f6360fcf3d58bac1ebbb9d1643e7eacc25961f0410dc10bb8d530f2e6bd
aime_mtg_jamendo_06330,0,MTG-Jamendo,development,aime:2780272797066528,component_001880,30,48000,3eb8e1a978286a01a21833ffe5f9e62ca2a1e1f521468137dd694ea78eb4e20f
aime_mtg_jamendo_06331,0,MTG-Jamendo,development,aime:dfee7d772faf0eff,component_001736,30,48000,19492152998491c0a4a562d1179febe27b9ee5f66ae8c97d5f9413840e770322
aime_mtg_jamendo_06332,0,MTG-Jamendo,development,aime:d7814e8776d66091,component_001771,30,48000,c0880a646d3d678b35166f29e7a59749f7cb30a1b1a41ee4da34aed37b13624a
aime_mtg_jamendo_06333,0,MTG-Jamendo,development,aime:92d85047b0a0f9dc,component_001637,30,48000,ec397f83b7d536ecbb8c1e819113f10081d870cd6ea313961357c4bb44738068
aime_mtg_jamendo_06334,0,MTG-Jamendo,development,aime:7c6e413ba5b94e5f,component_001666,30,48000,d920d536f583101cdc256a5943336a3d99a1fb271fe656c96c889046ed166468
aime_mtg_jamendo_06335,0,MTG-Jamendo,development,aime:6f100944ecb80877,component_001618,30,48000,5e694c8ca55abefdac639bbb692e46f00a9696e37bb5a34cfb2efaf0e2186d02
aime_mtg_jamendo_06336,0,MTG-Jamendo,development,aime:a15398c191fb9a7e,component_001960,30,48000,37b2cef6a4ef5925e8ff330776f25566525a1bad4a09e5f83d965e9a1b58458c
aime_mtg_jamendo_06337,0,MTG-Jamendo,development,aime:2a21df8d91d74280,component_001807,30,48000,28ca3b049c90cbf0ffbb656afd0e6737741348e33d5db5913e8b0d5dd5224675
aime_mtg_jamendo_06338,0,MTG-Jamendo,development,aime:0e56ca9ac019ae96,component_001901,30,48000,43ccfa63bebffb6ca1a9edb0d10fd8d3f7a03dbed9eb9feabbbce84c61992457
aime_mtg_jamendo_06339,0,MTG-Jamendo,development,aime:e59c2b80a4aafc43,component_001512,30,48000,61a11092ded61b1bf43db59c3f2116ab477e6ef037a4ad28d98407c91ba23ffb
aime_mtg_jamendo_06340,0,MTG-Jamendo,development,aime:48dc02e60ed634c9,component_001536,30,48000,e64f06234e47d21d163ae1ac7ee2d078152b794aaa379431a0047c4a7d3d3a85
aime_mtg_jamendo_06341,0,MTG-Jamendo,development,aime:ac9f9abbdd889483,component_001652,30,48000,01ef3fab99f91879a7a97b664d6938fe92507d53151827b53f6e64120031ba3a
aime_mtg_jamendo_06342,0,MTG-Jamendo,development,aime:67117b173635a814,component_001769,30,48000,e5b7ec507cfd105f230434bbf1a233e37bdd505d57c0f49e995c2e5ed41f165a
aime_mtg_jamendo_06343,0,MTG-Jamendo,development,aime:e4dea5039ee28b21,component_002001,30,48000,f2b9f846fe36c49a29c5623cd5bf1eaaa936f0c92aa28890d1dcf2a26525db55
aime_mtg_jamendo_06344,0,MTG-Jamendo,development,aime:b914bd8cf8c226e0,component_001638,30,48000,02f67e0a19b7352daea528861a928ee91e6371d42390eb863ed6b81b774c48a2
aime_mtg_jamendo_06345,0,MTG-Jamendo,development,aime:6e3704989b092abf,component_001861,30,48000,8b251c09f1e3ddb40fa1a3a195abda78f63076e2846f7db872ea8dabe0f314a0
aime_mtg_jamendo_06346,0,MTG-Jamendo,development,aime:e820367bd68d1bfd,component_001860,30,48000,4f912921d7f034904d038015943f2295e8f9002449d91267f69adef1242838bb
aime_mtg_jamendo_06347,0,MTG-Jamendo,development,aime:7ad23c046577cb20,component_001740,30,48000,f1f7095a902c76a4e8160219104c43a145f009eb562e5a1a6b2c4b22bf1523db
aime_mtg_jamendo_06348,0,MTG-Jamendo,development,aime:c7cefb41a242be78,component_001935,30,48000,ba9533f2109c2d43eae34e3b763b790f052184c583915e86d7cd3ad6a19f1f6e
aime_mtg_jamendo_06349,0,MTG-Jamendo,development,aime:3e22a6375f5aff4d,component_001857,30,48000,4075d999ed6181e65dd2a99f8eafe5be4a31e49a11ec302d95920e01eafaf571
aime_mtg_jamendo_06350,0,MTG-Jamendo,development,aime:ece33a1391dbe952,component_001790,30,48000,b643c2145c57483eda043122fd38db1939ba1dc2fead593f7a5c88c7f8de3317
aime_mtg_jamendo_06351,0,MTG-Jamendo,development,aime:9ea58910c6dd74e2,component_001696,30,48000,018a4067d589ebe6edbe06f389f512f134f04e41e081cff172f297d8368cbcb8
aime_mtg_jamendo_06352,0,MTG-Jamendo,development,aime:34f69d6a4c7cc901,component_001795,30,48000,6df19486937304c0e71d59a5cffc405a11a2b643dc23f76a4a1ccb8dd198aa30
aime_mtg_jamendo_06353,0,MTG-Jamendo,development,aime:d2a6bbf1068ea7e2,component_001852,30,48000,4a3b823abb0cef237f3cd45ea80fa474bba3d773297e535ed70e99a19229f641
aime_mtg_jamendo_06354,0,MTG-Jamendo,development,aime:22d3d7b5cb8b857b,component_001914,30,48000,2918e2f0e079f37323c01b8576a2b030eeae0cea79104bafe3bab4f8c37aa403
aime_mtg_jamendo_06355,0,MTG-Jamendo,development,aime:fc49717c123f4e87,component_001759,30,48000,9d7414ae4a715b7cd2a2fe23a245ffba2c544999aef5584a4b7065d706a95e8c
aime_mtg_jamendo_06356,0,MTG-Jamendo,development,aime:b1530c93e42ab72b,component_001745,30,48000,41468248251c4407af60fd7141d84a4d43091399f92aa2ae0730fd45b3022a64
aime_mtg_jamendo_06357,0,MTG-Jamendo,development,aime:03e1114f54f04733,component_001566,30,48000,16223f44d2c8e3afa795cfc0f08298c17a823213601a578a283ba232de34c4ac
aime_mtg_jamendo_06358,0,MTG-Jamendo,development,aime:3e9c4f58ba9c74b2,component_001825,30,48000,393b00c9c4c3156535b5458ec0e3ba99ae79a8dae822e465ddcc312634fe358e
aime_mtg_jamendo_06359,0,MTG-Jamendo,development,aime:b6f32d1a97b7c4d5,component_001945,30,48000,8ad26cb411b5e403429f34286144d2f9a8e7d746fad43414e93f5ab7ab587108
aime_mtg_jamendo_06360,0,MTG-Jamendo,development,aime:5c77de61368624fe,component_001804,30,48000,daa95567f9b792f58f3304e3571fef7cb9c63894db9335a3cb4411b0ed2591d8
aime_mtg_jamendo_06361,0,MTG-Jamendo,development,aime:3fa8d7634c95cae6,component_001988,30,48000,e8d06cb5d299b4d556bad2236889083718d38e8238b71145dfe9f03783f385b7
aime_mtg_jamendo_06362,0,MTG-Jamendo,development,aime:d9ac8c8dae04a04a,component_001875,30,48000,4cb211805454faafee398c22b6738d20550bac578177fb2fa98bd0272ca66c15
aime_mtg_jamendo_06363,0,MTG-Jamendo,development,aime:1b2ea787b9d82b59,component_001515,30,48000,c9141ae37356fbd41e4838e23af4581739b47ac62a808540d50585579b0472d8
aime_mtg_jamendo_06364,0,MTG-Jamendo,development,aime:cce111db0e3e9e86,component_001732,30,48000,8ab5364a3b089e7637d6f9dab2f774af139b15cb4e7e737d99017c2dc6179d9a
aime_mtg_jamendo_06365,0,MTG-Jamendo,development,aime:6dcae9388633957e,component_001837,30,48000,407d97e9489a78c2a5781afd4c782b1617b169095b3cbc78b87f0cc7ba9ac778
aime_mtg_jamendo_06366,0,MTG-Jamendo,development,aime:f2c9ea2ab445f789,component_001564,30,48000,662c701cdcb81ccfd2533c2622d8a0b6d7f0a1b19bcf85ab9702edb0adb2516d
aime_mtg_jamendo_06367,0,MTG-Jamendo,development,aime:faae3d6dc8e65468,component_001811,30,48000,3a3b801b309ff2b751770692a977a4ce10feba7563530b7b370d1a71e75f8e14
aime_mtg_jamendo_06368,0,MTG-Jamendo,development,aime:b0126a6a3e215ccf,component_001840,30,48000,2ec31b8779968514a7433061c0c24fb1cf771c551b873e86893990c10a0bd430
aime_mtg_jamendo_06369,0,MTG-Jamendo,development,aime:aa18a14951b66375,component_001728,30,48000,10b3e70205739ccfc702bd8321792fa4479e7b2305597aba19b9dbeda261f5e0
aime_mtg_jamendo_06370,0,MTG-Jamendo,development,aime:faaba1c6a694e319,component_001785,30,48000,452448f1f8d61334e6a83353d94bdf2af99ed6971537433f93ec55e74148e368
aime_mtg_jamendo_06371,0,MTG-Jamendo,development,aime:fc6b9a4d8c6b7d0e,component_001753,30,48000,7c929545469a0a37b30204b53e8232056584f5764f334db725d494fe3457ff30
aime_mtg_jamendo_06372,0,MTG-Jamendo,development,aime:6a0d2ba7151ec32c,component_001525,30,48000,f313d4d5321ac9c6d67820d21047e2e79ff42d18afbf52f7cd8fd3385467f35c
aime_mtg_jamendo_06373,0,MTG-Jamendo,development,aime:ab21ff625554db9b,component_001894,30,48000,2266936711ff9cad0476a067e697c1377cf5e74ac380a7cd60feb2dbcc2b704d
aime_mtg_jamendo_06374,0,MTG-Jamendo,development,aime:525c5637a1c5df48,component_001739,30,48000,23777736f200845f6a8d44ca08afa86efd649a8c274eb0300fec52265c3178aa
aime_mtg_jamendo_06375,0,MTG-Jamendo,development,aime:fdd8bb395c4a37a9,component_001606,30,48000,9302f88f7c5bff1f60ca6c874dcf38914f5c07d617bbd59cec54e296b8b497cb
aime_mtg_jamendo_06376,0,MTG-Jamendo,development,aime:f49c5479f43b80c6,component_001879,30,48000,ae90bf0b629897c13344e8577ad5ad290e5beac7112d3ef3c1e7eb3caa5a0a76
aime_mtg_jamendo_06377,0,MTG-Jamendo,development,aime:1d5edb2953576885,component_001867,30,48000,491f2121bce5a425ad50612d4dcc4c7a7d7452b7fdc22baead9d8b8b1d52698b
aime_mtg_jamendo_06378,0,MTG-Jamendo,development,aime:001a0a48562c812f,component_001793,30,48000,a4356d680113f19c745283ad044fff9959efca35ddbc9592248fec0326199d76
aime_mtg_jamendo_06379,0,MTG-Jamendo,development,aime:fdebe67c6197eec7,component_001846,30,48000,e58f755b55548f342807364ab229de6dc157315367936613098a7c8a8b3b49db
aime_mtg_jamendo_06380,0,MTG-Jamendo,development,aime:48c374447a031aab,component_001844,30,48000,2f1098d50269114596f02d82d116039be8f7e9bf71c95c3417245ed2076b9a93
aime_mtg_jamendo_06381,0,MTG-Jamendo,development,aime:e8b2fda58a3e2a02,component_001747,30,48000,eb3844e46ad0455665fabe4a9a52b8a621f821f57cb170f319d2f4f7e0337660
aime_mtg_jamendo_06382,0,MTG-Jamendo,development,aime:60c9d18642d46200,component_001955,30,48000,469afb8887ceaacc538376f8cda6ed305e891746102660b3e480dbe4aa48cbdc
aime_mtg_jamendo_06383,0,MTG-Jamendo,development,aime:ee3a2143a431f499,component_001971,30,48000,b5aabe779918c617affa14961589faccd07601f325546c152b3f95d9d03f2a55
aime_mtg_jamendo_06384,0,MTG-Jamendo,development,aime:23c7a66b9415e156,component_001614,30,48000,51bb898985bd5330f30ac5d42866b76c6b9de221152552ae09f66966c49b30ce
aime_mtg_jamendo_06385,0,MTG-Jamendo,development,aime:8fd6c9042346a453,component_001721,30,48000,c52caab53ead932b18aadab093ddb095ec3a3a2983d9e07d98b2d148d27e3da3
aime_mtg_jamendo_06386,0,MTG-Jamendo,development,aime:02a43823f48d7848,component_001543,30,48000,5ea3f6636a493dddd2550f6cfd578cc6c2b8468b4b141a5ec60b472d1b69c110
aime_mtg_jamendo_06387,0,MTG-Jamendo,development,aime:79efafd5ea899f92,component_001568,30,48000,f61bb6085344d5e2824602be6b00b854c09097fd497193d9c59bf92a0afc9c7e
aime_mtg_jamendo_06388,0,MTG-Jamendo,development,aime:fe6d5e518931a263,component_002004,30,48000,c973205642b42b9ff352d19931c9ac6fd29ea3a481e6d2a2940d6769d329ef57
aime_mtg_jamendo_06389,0,MTG-Jamendo,development,aime:f35323b5836eaf99,component_001674,30,48000,6d56efca50ec65032debd0ecff65f14feb7e8ff34e06f9ca948ce0e517730f1b
aime_mtg_jamendo_06390,0,MTG-Jamendo,development,aime:b2854b33b2cf9116,component_001640,30,48000,4c41f3874ffb37e31423131d9c7f97d7732b74dafaef081fa00282d3e089d403
aime_mtg_jamendo_06391,0,MTG-Jamendo,development,aime:9b706b62a1052c98,component_001758,30,48000,5c7771218cf173cb37d00f8c81f8e105407b484e5e49dd4f7399513886ebc042
aime_mtg_jamendo_06392,0,MTG-Jamendo,development,aime:91f155fbc22af56f,component_001685,30,48000,baf2f61629ab88b252b8fe1af5355d51d15345b7163a53162055f7face022e8f
aime_mtg_jamendo_06393,0,MTG-Jamendo,development,aime:0ccc573719a7f46d,component_001779,30,48000,7b51fd095725cabf8e7bbfcb32370ee7d9308987bf6b1b6e8483f24c2e11d27f
aime_mtg_jamendo_06394,0,MTG-Jamendo,development,aime:6a8a758cce094f33,component_001968,30,48000,1f176ac1e02c75a2e3710e7879f9bab0902101bcd97e525d8083b371280a3ec7
aime_mtg_jamendo_06395,0,MTG-Jamendo,development,aime:4dc0f2d6d53a3239,component_001824,30,48000,c9422594b4ec6584cb61c4aedf4145a51b3a6e31be35abc0b1ab43166aa166a8
aime_mtg_jamendo_06396,0,MTG-Jamendo,development,aime:d9e3d1be33503e64,component_001977,30,48000,d7bc85f1d603a85ddc77841133a70cbb3ddfb5c9c52e9def2b3e23c85f0c98f2
aime_mtg_jamendo_06397,0,MTG-Jamendo,development,aime:d4fcddd4078efd57,component_001533,30,48000,fe394fe2c3d2aa819aa921a521e0007949c87f677fc20c3f29b3349523d60da4
aime_mtg_jamendo_06398,0,MTG-Jamendo,development,aime:bb5e616ad9605868,component_001711,30,48000,251befb8a131deea2d8968b01b23dadefe724384a2134b486e7452e758d12444
aime_mtg_jamendo_06399,0,MTG-Jamendo,development,aime:916e732f7209b91a,component_001748,30,48000,fba0bf656f9fad4b9057688615e5a04ffa96d61765f5b2eb865b11d36e1b0ac6
aime_mtg_jamendo_06400,0,MTG-Jamendo,development,aime:88a151d58d2c1b12,component_001639,30,48000,6819482cdaca6122158205825c6167d2b4cbcef1f4ce24df81577e5fc10154b8
aime_mtg_jamendo_06401,0,MTG-Jamendo,development,aime:e755087b30d882da,component_001836,30,48000,59fd6a2c6a32f1de17f47a370e4c69ba64ef1abfd6d16ddd98cec0abfc45159a
aime_mtg_jamendo_06402,0,MTG-Jamendo,development,aime:f618429a7a965a8e,component_001534,30,48000,bb7465c4ee6f135be8e3d155aa8a423839c54f650258adaea7e454f5fd6f830d
aime_mtg_jamendo_06403,0,MTG-Jamendo,development,aime:114f4f28ae0b42ad,component_001817,30,48000,75cd2bee053b29bf1d37fc7cfb34977fd652edc6aeafcb0786ab47e3003b7f8a
aime_mtg_jamendo_06404,0,MTG-Jamendo,development,aime:da9cbcfbd337dfb0,component_001777,30,48000,5ad39d956b87c82517643e4cd52261eb4266e9c5d040de8b4a96857d769dc1c5
aime_mtg_jamendo_06405,0,MTG-Jamendo,development,aime:7397153766f477a9,component_001738,30,48000,d5735186ae80ca737f2d1cc22278f04f817eca3a3c99a9568db64e3b692f4364
aime_mtg_jamendo_06406,0,MTG-Jamendo,development,aime:2fab39bd97f61f43,component_001889,30,48000,881a1d5008f518111740123f2a6e1e46ec72464de8f3e889c5aaa002f0fb777b
aime_mtg_jamendo_06407,0,MTG-Jamendo,development,aime:03a6ced3a683b7a7,component_001607,30,48000,dc5e2645ea8dca1c989a7a77566fd6751018d4b4f3ea5f33937c75bc91888109
aime_mtg_jamendo_06408,0,MTG-Jamendo,development,aime:4452f55308439a9c,component_001588,30,48000,f30584ab0dd9fbb573c0e7d2ff95abe927c343b625c22dba5c34f0ed1ec53c42
aime_mtg_jamendo_06409,0,MTG-Jamendo,development,aime:50d4a0f7d88db787,component_001936,30,48000,cfd1d99619e82543f161030f11751cc010bc4590ee385b0e71d2859acebadc92
aime_mtg_jamendo_06410,0,MTG-Jamendo,development,aime:edd5bb4763c6eb09,component_001786,30,48000,130a49bc5abe20719465d5a8565de8d23a7f9d7aa1f9f8f52cddd86ea8bd550f
aime_mtg_jamendo_06411,0,MTG-Jamendo,development,aime:4aea9a4c8124cdb0,component_001803,30,48000,c3900bee01372387d19292838849c7b896017677710e09518fcc6fdc83a9bc0c
aime_mtg_jamendo_06412,0,MTG-Jamendo,development,aime:f8fa5c14ade1a73d,component_001573,30,48000,ab249030da48518f6983be5fa0c2344ff90e1dbbced07ba74a75f4c49660f2e6
aime_mtg_jamendo_06413,0,MTG-Jamendo,development,aime:5ea0731991fc2cf0,component_001822,30,48000,85c4ec268982d034cbdcf96f58084676790aaf31ba54ed87b3498f4ebe39e750
aime_mtg_jamendo_06414,0,MTG-Jamendo,development,aime:52e9ac0414509b60,component_001725,30,48000,a89d0f6b93d85a7a80f909a9e12d4b603bdace811b70d8053707d8c2282592da
aime_mtg_jamendo_06415,0,MTG-Jamendo,development,aime:cbbc13961d50d67c,component_001959,30,48000,3f62b8dc56e8547f803fcc51fa79843157263204caf62770f431187c1f57cb01
aime_mtg_jamendo_06416,0,MTG-Jamendo,development,aime:15e081e5a0ac7cff,component_001986,30,48000,1b87ce0583bdfd693b4f83d72e8d2540ba0ef536d0934ae6f417e0a7e8dadefa
aime_mtg_jamendo_06417,0,MTG-Jamendo,development,aime:186d61e3403a9ad2,component_001976,30,48000,4f81b17826f7ad863481807579fbd017567632d2cfe142de61f4d2e781393cd7
aime_mtg_jamendo_06418,0,MTG-Jamendo,development,aime:85d05a74bd71a6a4,component_001675,30,48000,c93fa80b8cec69026c4095a47c1585c748b59563739dc9f211515b61d97462e1
aime_mtg_jamendo_06419,0,MTG-Jamendo,development,aime:5b16a0404e96eccf,component_001907,30,48000,b4cf269e95b31123b4ca6661bbfa6106e5d4ee738eb15f120017e55e790cd613
aime_mtg_jamendo_06420,0,MTG-Jamendo,development,aime:97734fd37f522743,component_001594,30,48000,606d9a74b7a0548d2d5e3a8b8e516033a84840617215e411b31e43e0b8be44cf
aime_mtg_jamendo_06421,0,MTG-Jamendo,development,aime:b6b0a9e37a782842,component_001933,30,48000,78e591049e0f6636e1f9c0b351c447399ceb09741909d02a50992afbb95e4e36
aime_mtg_jamendo_06422,0,MTG-Jamendo,development,aime:edc60af3e40b2ffc,component_001596,30,48000,63eb04ae25b384280e12d6beb521e6eee07bed18e9ae5c2f9569c3f9e11ada8c
aime_mtg_jamendo_06423,0,MTG-Jamendo,development,aime:b5e947310702a8bd,component_001698,30,48000,96dd9dabbcf1b8853d048b14e1b8d2493e6c760040f8514adf70ec27d41395bc
aime_mtg_jamendo_06424,0,MTG-Jamendo,development,aime:937c51820ea19c96,component_001773,30,48000,fbeef25323fc4bf182aaab75b85c1e436c6f46b187205534e432c7a459c3bc71
aime_mtg_jamendo_06425,0,MTG-Jamendo,development,aime:1929dc163c072644,component_001526,30,48000,584804800f41f53397bb76f76266899b0b6549f68671758bbeb90d2caee707b5
aime_mtg_jamendo_06426,0,MTG-Jamendo,development,aime:371dc847cde66987,component_001655,30,48000,127d18d3ea698c95baab9a356320d63528b073e351c163573d07f77b854ba4e9
aime_mtg_jamendo_06427,0,MTG-Jamendo,development,aime:20f5c2903de3994b,component_001934,30,48000,d66d26393b7b240654a8d2026ebb965465dfc50792befa04a69508a411e3c309
aime_mtg_jamendo_06428,0,MTG-Jamendo,development,aime:c4b481a07349c2cf,component_001548,30,48000,f6da0a318ebcc92e8e0adbce77e50b391a34dea5bb23b0ee0102990fdbdfc92b
aime_mtg_jamendo_06429,0,MTG-Jamendo,development,aime:34d6eff1cffa69e5,component_001754,30,48000,cee92c59092081b35f50d328161736239139bee533ad97f78a137146667fcf3f
aime_mtg_jamendo_06430,0,MTG-Jamendo,development,aime:b51540fae9a9864e,component_001814,30,48000,cff72dd99560c8d3c3be352fee61d6055804d2245f445a14c1f9676167f40a36
aime_mtg_jamendo_06431,0,MTG-Jamendo,development,aime:5c137d308cdbf145,component_001943,30,48000,dbe95f106f20b7b4486eb61473f12f0244ba79eb2c442f856249752d6153824b
aime_mtg_jamendo_06432,0,MTG-Jamendo,development,aime:74fd43a5662fb6f3,component_001792,30,48000,61ee6f0c40c5c818e06b31da5acd23c35c58ced61f1d6f94d9219cc3660ec736
aime_mtg_jamendo_06433,0,MTG-Jamendo,development,aime:4f77226ec73b0336,component_001608,30,48000,62926702a0051240338ddb66fc319b1beace6f59625fd6d4430f69731400cdfa
aime_mtg_jamendo_06434,0,MTG-Jamendo,development,aime:e20b823fea6b7ef6,component_001809,30,48000,32945ad19455673e6d4c6c7b50aa261f92a7825d5b603dba39ee64f7b957c856
aime_mtg_jamendo_06435,0,MTG-Jamendo,development,aime:da0f68a9bfefb464,component_001519,30,48000,235f006a47df915a24d0cd5167cde3e65b7135549a224bce4f11e8cf5afd6686
aime_mtg_jamendo_06436,0,MTG-Jamendo,development,aime:3f39a3e2b8e5d116,component_001557,30,48000,0caa29a2412badc6afe5f102bda51a0684b0c0341be5d15baea3cf4e0a7862de
aime_mtg_jamendo_06437,0,MTG-Jamendo,development,aime:eb04fb35747df1ce,component_001530,30,48000,50269ea5604426631ce1839a323a0093857c8d530faba32c9fbd0f706f92987c
aime_mtg_jamendo_06438,0,MTG-Jamendo,development,aime:fd3a59c2c6578b83,component_001774,30,48000,b096b3c0933899de7e9bfeae3cf84df244c31441939b74083fa27bd8ff340dbf
aime_mtg_jamendo_06439,0,MTG-Jamendo,development,aime:0ff70182db298fc8,component_001749,30,48000,88e20d4d68aebf753bcf9f9a603ed6a8d7704ea02913871e880d26bc54f2d1c1
aime_mtg_jamendo_06440,0,MTG-Jamendo,development,aime:506e956aafeea70f,component_001517,30,48000,6c89da1c08330ba7248806527477d5145627471fcd2c9372b327cf6a31b17f2a
aime_mtg_jamendo_06441,0,MTG-Jamendo,development,aime:b7b650f71c1b4dab,component_001992,30,48000,c0cbfb0f85accd768e70f37e1c82d908d40cee15d083090b8ef84d0ef716f51a
aime_mtg_jamendo_06442,0,MTG-Jamendo,development,aime:0a0daf7e6dfcf329,component_001756,30,48000,7f60b3d54cee6eea1be9016ba4cfa63888c339182ae79818ecb7b0dbf834fb39
aime_mtg_jamendo_06443,0,MTG-Jamendo,development,aime:3e1db8e1c1f9d780,component_001570,30,48000,8c7f847ee46ac236175f45f4cfb6e97132fce7d25f50bc25a85821fd94b8ca27
aime_mtg_jamendo_06444,0,MTG-Jamendo,development,aime:1c2174c87a0832a7,component_001859,30,48000,2ac89f937b2b11c8462b3101bb252ae17fecf29e7f35d8ba29ff080471ebd623
aime_mtg_jamendo_06445,0,MTG-Jamendo,development,aime:1667137b8ef4e911,component_001613,30,48000,3c7fa0ad9490501b54443e001e1449e3f3ec7736d423d3493f206d37e4710faf
aime_mtg_jamendo_06446,0,MTG-Jamendo,development,aime:c71f31e1a9f0c399,component_001527,30,48000,d5c73551a8489b28d4e373af1d498417a5009e692d785870765b86ecad1f1cf2
aime_mtg_jamendo_06447,0,MTG-Jamendo,development,aime:a7b18260f06fc378,component_001560,30,48000,cd0b70d71b079fc51ef407b86fa216f95803e50628a9eb311081dd75d05fbb58
aime_mtg_jamendo_06448,0,MTG-Jamendo,development,aime:3a814669d185acd6,component_001980,30,48000,d4ca6fa59b16de26404762b487b9b41be5110b212285e28f6f1819fbe869689e
aime_mtg_jamendo_06449,0,MTG-Jamendo,development,aime:8786173ea98420dd,component_001979,30,48000,939d500f0bcbb60016477e1d515b5393ad9d8a73732ee02a4d624521f06d7483
aime_mtg_jamendo_06450,0,MTG-Jamendo,development,aime:a89c4c1ac2b61f18,component_001850,30,48000,4432bd3a49b556a2f80f31186817eafa4435d3aeeb61c55b257e01261aa38f71
aime_mtg_jamendo_06451,0,MTG-Jamendo,development,aime:e74d0668ce5a1d54,component_001873,30,48000,c22df572a757642624a70e95eb1b1429bf7bd6cc410eb81570fa06949c2bdd22
aime_mtg_jamendo_06452,0,MTG-Jamendo,development,aime:d39ae6e0850940fd,component_001897,30,48000,0fce59378babde01fc69c646202bb206bf52b0a5edb16847a6783163a491fef4
aime_mtg_jamendo_06453,0,MTG-Jamendo,development,aime:76917375c968b887,component_001881,30,48000,b99d8fbbfc8a56e653e711dd814b57371d2cb362687c71bbef2f7dd3fcabbf83
aime_mtg_jamendo_06454,0,MTG-Jamendo,development,aime:88538212a0f3df92,component_001717,30,48000,6ccd91fd0b90416f3a8aa06ed4eeef5624283d7cb8d92583f61e10500198c652
aime_mtg_jamendo_06455,0,MTG-Jamendo,development,aime:1f4a895f7006f740,component_001665,30,48000,04894df4f1d1a84761b4ae97b6e4de22a6c1a3e7856e1d59cffc0fbfa18e5eb1
aime_mtg_jamendo_06456,0,MTG-Jamendo,development,aime:84cf37a9f196f617,component_001832,30,48000,ec9b88eb3abbecbb94bfe45cba0538f6ca7abc0a4e3523e5a9ce567bdb359908
aime_mtg_jamendo_06457,0,MTG-Jamendo,development,aime:61b718617636eabf,component_001683,30,48000,3f760ad56c213ee768f553f67b0915fea83ce54741b94870369de1418ce45a01
aime_mtg_jamendo_06458,0,MTG-Jamendo,development,aime:924509251d4a2d59,component_001878,30,48000,ed9b9835f6ea8803414f6a20ef56a8bd86ee4445b051b01479946c70b93128ac
aime_mtg_jamendo_06459,0,MTG-Jamendo,development,aime:0317c7bb49221933,component_001620,30,48000,362005996bd86dec63081380f3557eeadd993bda90dec6ca87269c6561f8b776
aime_mtg_jamendo_06460,0,MTG-Jamendo,development,aime:f6c2cb95f6d0d773,component_001571,30,48000,9757222c9101ee53c3ab0cdf194e4f4b9aec749a91e40f6afae9d35e3f399e18
aime_mtg_jamendo_06461,0,MTG-Jamendo,development,aime:ef61adf010fab796,component_001904,30,48000,c0611f0460defc2a771cee5e46f76f89cee2420e807a1b475083208b37bb0e96
aime_mtg_jamendo_06462,0,MTG-Jamendo,development,aime:552a64be2310d402,component_001523,30,48000,9660dfd7e134f67191d300d889685770bd3c9f2e2f753466db303c2347e876f7
aime_mtg_jamendo_06463,0,MTG-Jamendo,development,aime:8b3c3663ce899ddf,component_001713,30,48000,8c55313c97e8fe2641d516e513455a9aff4653e104d13742547c62f5ab623eaa
aime_mtg_jamendo_06464,0,MTG-Jamendo,development,aime:39ebb3c8c271f108,component_001885,30,48000,aed898fc88c76de8af2a3ac00bf383334ead77b05f56f6d2f9cd9add9a940dc6
aime_mtg_jamendo_06465,0,MTG-Jamendo,development,aime:b27b920e4fdad6d5,component_001538,30,48000,d18683d0f33c369712476833524d70a7375118edee20891d6c3e694bcb4ad317
aime_mtg_jamendo_06466,0,MTG-Jamendo,development,aime:0d57cad825eff491,component_001833,30,48000,f3c04bf5f86755bfe0fad3d34d58865dee1b91a43e9b2a06d406c878d30856c5
aime_mtg_jamendo_06467,0,MTG-Jamendo,development,aime:cf4a754e950c4fc9,component_002002,30,48000,6871fe3aa9805fcc19c1814afeae9b468cf35644f78a41a016aa97a6644583b9
aime_mtg_jamendo_06468,0,MTG-Jamendo,development,aime:fc80959dfd410e52,component_001958,30,48000,c27910f29653ee77236b3104418452a9c82c628b735fa7eef4f9bc5320db6821
aime_mtg_jamendo_06469,0,MTG-Jamendo,development,aime:11f57148bc522534,component_001922,30,48000,7af6937a69bf9e0d8ed1b5ca2d7b0990aba48b6de418e453b40fae0e10fbca07
aime_mtg_jamendo_06470,0,MTG-Jamendo,development,aime:54032eb3a6c7c684,component_001962,30,48000,88958ab3df73faba3b5e5dc3980a26b63dec402ca5ad4f1ca24ef3b0ed1623f3
aime_mtg_jamendo_06471,0,MTG-Jamendo,development,aime:87ed07ac5a4f1cee,component_001810,30,48000,89a19bebcda4c6d3b14985ce4c60c3476b4fd84801d9eabe45bdd4056cb26b64
aime_mtg_jamendo_06472,0,MTG-Jamendo,development,aime:9362f62aca81643c,component_001975,30,48000,f3dcea32cbce472eb54930b5e4247a36cf31fa5cc3d5d54606dd92da5d18062f
aime_mtg_jamendo_06473,0,MTG-Jamendo,development,aime:50eb1bad0fb0cb13,component_001611,30,48000,8617f8af290399d6253a1ddcab1c5c29fdb910355524aa205523a1471c890495
aime_mtg_jamendo_06474,0,MTG-Jamendo,development,aime:c6e255a712ec987c,component_001970,30,48000,eb6780a7c118b9ae530abe2835b758a357fd9c46533dde385c0b6208a3685259
aime_mtg_jamendo_06475,0,MTG-Jamendo,development,aime:c4529432015913f7,component_001906,30,48000,56b172f9fab109cc2d2d8c2dfe4874fda823ee9bc1e3fadcb0d71f7f74865362
aime_mtg_jamendo_06476,0,MTG-Jamendo,development,aime:bd4ff6c67c3988ce,component_001522,30,48000,22c4ff80b10bdd3d2b06d871e78fa648206dcbf7267983580490c5b947740da8
aime_mtg_jamendo_06477,0,MTG-Jamendo,development,aime:a9104a9429cdfa46,component_001531,30,48000,8bac127bf992ab92a6ffd304e8380e8f0e4004528104c619614fb11a20172b54
aime_mtg_jamendo_06478,0,MTG-Jamendo,development,aime:be23ca779e374b12,component_001965,30,48000,bbfc9f1a202873328fa49313817a230cf14cb9d3e021c5a5593a3147e6038116
aime_mtg_jamendo_06479,0,MTG-Jamendo,development,aime:ae35faded27bf3ca,component_001816,30,48000,52e296a7b3db1d1cbf1a890d35830b7c64ff1429209783c42f75be117f4c99fb
aime_mtg_jamendo_06480,0,MTG-Jamendo,development,aime:ad23ef4675f8baa9,component_001680,30,48000,f11bce7a475a2a2fe48af8b3354f092ba7a61436656eb12b76da0653530170bf
aime_mtg_jamendo_06481,0,MTG-Jamendo,development,aime:f55b7d2cee1348c8,component_001715,30,48000,349da97be781ab429f23743ca30eba7fcecb62a1fb74e860736a7b18cf1559fc
aime_mtg_jamendo_06482,0,MTG-Jamendo,development,aime:b5da2b2e45cfe964,component_001622,30,48000,d29ab5553cd2a615e0a89fb1d15de83959f54aca5ee48141b7d4b868329dac38
aime_mtg_jamendo_06483,0,MTG-Jamendo,development,aime:354d65f8c922be75,component_001835,30,48000,f0ae18a64458f9ed87c67db71146562b11931cb6826911385fc974b720140630
aime_mtg_jamendo_06484,0,MTG-Jamendo,development,aime:3f4c43a2eb71e830,component_001847,30,48000,99b86af3fd7ed973e6eed61377cd22b0c1fe7463dbd8dfc1082edf25e9c04729
aime_mtg_jamendo_06485,0,MTG-Jamendo,development,aime:482c49dcd976ce8f,component_001883,30,48000,06dbb736e9171de04271baf14c332665596dbe5fab26ec31a8338134ef5b8c04
aime_mtg_jamendo_06486,0,MTG-Jamendo,development,aime:b98557fe3d515832,component_001996,30,48000,53ec7014f5e86de7eaad7f702c53e2c5fbf364af03d154b78d0a5b0c2f8428d0
aime_mtg_jamendo_06487,0,MTG-Jamendo,development,aime:8c105a0d84a5288e,component_001929,30,48000,40ae73c8a1a2b520dbff99c11e8515c4bab8f5ff5fa3e6d0747f686ad500b1a3
aime_mtg_jamendo_06488,0,MTG-Jamendo,development,aime:d37d4c85db5b216c,component_001625,30,48000,795b40fc3ac6f32effd746c93d4125fe50d962b813b273e8222c0cfc44588507
aime_mtg_jamendo_06489,0,MTG-Jamendo,development,aime:3004141521c2daae,component_001764,30,48000,8750a642176566533cf85566576b3d5f9dae4b926400d8872abae91d8432de17
aime_mtg_jamendo_06490,0,MTG-Jamendo,development,aime:9b633114690c5947,component_001856,30,48000,c7a80c8acd7d9c6e4088d2fda2f1bf6be9a0da4982bdffba82b0e5360190d440
aime_mtg_jamendo_06491,0,MTG-Jamendo,development,aime:8f7ad71d7482c728,component_001583,30,48000,86a9cffb2f3f9774180a2d7032f63add16acf9d346a517e81ac24a40d6d092e0
aime_mtg_jamendo_06492,0,MTG-Jamendo,development,aime:557302d66b4440cc,component_001940,30,48000,649520f663596f699e2be9b68ec737f298097ed27263e4f9751bdd3ddd7ceb7f
aime_mtg_jamendo_06493,0,MTG-Jamendo,development,aime:56fa0483bc3147c7,component_001741,30,48000,38ff5a4a26f5742d39b05a5bf53132d84b6a9f0309368270e1e0326249f8489c
aime_mtg_jamendo_06494,0,MTG-Jamendo,development,aime:257c3bf73c56ef4a,component_001941,30,48000,60deecedb76ff8030f0e1aaa15411e58d8d7507cadbd3479f9e35e6535c99134
aime_mtg_jamendo_06495,0,MTG-Jamendo,development,aime:f433b755c2d88a54,component_001805,30,48000,5b6a9714d27272bdbf14d6951c23951fed833e29d6bd1dd77ec6296cd7f071f2
aime_mtg_jamendo_06496,0,MTG-Jamendo,development,aime:bb643964ff1a0e8b,component_001917,30,48000,57be2ee78ffc7ece9f6ba6396558a3e03e07fac77b131d7ddce460608dc400f0
aime_mtg_jamendo_06497,0,MTG-Jamendo,development,aime:b04d2b9cdb78ccc9,component_001575,30,48000,c26b76faa68cd291908d1960036d3dfbf9fb013d0c4bc7a70c21d26e0d023374
aime_mtg_jamendo_06498,0,MTG-Jamendo,development,aime:9168e96de66765d9,component_001841,30,48000,9e84875ac4515735821b7ba7dfd179125f8c0051cf07ff6efc508955c1fb5df9
aime_mtg_jamendo_06499,0,MTG-Jamendo,development,aime:b2e26f7a60765cb5,component_001635,30,48000,de4c0f4ce15754659700e0a17d08f93367b7d999d175da95af3d9575587bce11
aime_mtg_jamendo_06500,0,MTG-Jamendo,development,aime:5a558e507f07fa20,component_001751,30,48000,dc74b0a9c85a3725cce8237279cb782fbb6c8102eb1f99c5fa7f977692992d87
aime_udio_04501,1,Udio,development,aime:10e6a7b173bea219,component_001641,30,48000,9cbe0aa5ff8f4d6e1a77a74efbc1052cc98d37f8f9c9e1cfe183dd221858a671
aime_udio_04502,1,Udio,development,aime:f9b2636cac5fb5d9,component_001723,30,48000,9d89c4877ab296cab3f49d7d5f680f0ae4b5c6b932db844ea70a1f573f259b4d
aime_udio_04503,1,Udio,development,aime:2e4ef3f7d32f60ab,component_001821,30,48000,3e3e98c4d13a279df12af46aed10331965ca5e24df2470ffed14a56a6db95a41
aime_udio_04504,1,Udio,development,aime:101909ab0c824c49,component_001633,30,48000,e932b6f83c340c8dd179aff500d29532067f4994be816a1f160805a1f2d8f213
aime_udio_04505,1,Udio,development,aime:44ecb85d46cfd985,component_001982,30,48000,a7815b4a54c61d9086409d805aebedae3870780ca09aeedf794432e8f94a391c
aime_udio_04506,1,Udio,development,aime:8d2348f3d1dd40c2,component_001722,30,48000,9409990e688dac96bcda8c5e0399cbc83cd62f135ed9218c8311a4beb1780b8e
aime_udio_04507,1,Udio,development,aime:b1eabe9700bdd479,component_001688,30,48000,29b8a133c61edf2212f089e55c3fcdcf5bf2dddfbebf16ca91582e1d07ebd22c
aime_udio_04508,1,Udio,development,aime:addfb6ab68d60452,component_001951,30,48000,2e89f334c8642afd777bb821cffb87200effff3e2b499b7c22eb0409ee703951
aime_udio_04509,1,Udio,development,aime:73df2f8257183be0,component_001808,30,48000,50469be0871c8eac20dc7275282f57b425a1654143a7a70de33403706eb6279f
aime_udio_04510,1,Udio,development,aime:add786d6fa2c7f3f,component_001789,30,48000,f9ada9c028833656aedf3b44b3b3126a7a77da5aec8f54a9baa3ae71772fea84
aime_udio_04511,1,Udio,development,aime:59c8e0246f7ef1af,component_001788,30,48000,2723ec1a6523bce951cf8628f15777971afbead57ba8ba9db3b26b4e043fe575
aime_udio_04512,1,Udio,development,aime:4cd78955eb53f4d8,component_001903,30,48000,111ebf1fdc5c3b901d180d4cf865cf4863b75afd89b57904f0cc0f630b9295e5
aime_udio_04513,1,Udio,development,aime:d0a5b366627de9f2,component_001535,30,48000,cd0de71e1013b59c51310e557efa2c36168ebb96e66370f953be8fbe3e07142f
aime_udio_04514,1,Udio,development,aime:d02d16eebe97197b,component_001726,30,48000,fb7f78f73f446917ddd2fa793340230a33989463f0f2c544ddf3fcaa5fa58ef5
aime_udio_04515,1,Udio,development,aime:2a611633710c5080,component_001541,30,48000,5cb8d49aa12658b4d883959164c8e3acb285468f4813efb8797ee277ba2c5964
aime_udio_04516,1,Udio,development,aime:4c8ba257b7dfc429,component_001602,30,48000,597c818e698e65bb805d198d4109024cc93613839a36478fd62108207ef50afd
aime_udio_04517,1,Udio,development,aime:43981bbfc22919dd,component_001827,30,48000,500bfe8812bc1a9bb4ed911f97bc81d922b1c379cb1085b76664aeb7de573f6c
aime_udio_04518,1,Udio,development,aime:4cfbe99c85f409f4,component_001612,30,48000,518822be9f82e7a49dbb6106e3e2f9f5891acaab8217a53a8fe8d155b3b9efe1
aime_udio_04519,1,Udio,development,aime:d14c6c3adbebe127,component_002006,30,48000,20cd55a331bdd87d6f9d09c40cca64c10de95ad73d90fc575303939172fb1203
aime_udio_04520,1,Udio,development,aime:9be5109f6421f2c6,component_001775,30,48000,dd0d00f5682c821a3c61d1d90a05a9217bc852cd77b6bb4dabcdea5c882d53e3
aime_udio_04521,1,Udio,development,aime:351dc474b913362c,component_001949,30,48000,51dc2ed96d1ba6109eb2284bf159c48075b2b14cf9ad8e6f81b4c30d740fc474
aime_udio_04522,1,Udio,development,aime:dc0febbb88e8198a,component_001892,30,48000,4ceff9b73b6032f246cab5fae32312659bcf11debf6cd3fd109cb88d6de075e5
aime_udio_04523,1,Udio,development,aime:06cacc8b365503b7,component_001744,30,48000,092f87dd50503784d350f47db7797d982259f0a32c972a07f958d60607188125
aime_udio_04524,1,Udio,development,aime:b799672a270d5024,component_001905,30,48000,952e17b0105c7eb0ed3866c69f94a10ca1c0973ef524ffc712bea86e9bd17f1f
aime_udio_04525,1,Udio,development,aime:6fdbd1cfa47cc1cf,component_001629,30,48000,bf6e822f329eebe6d45a4694e547e5e157dbe1088e0e525703392b12023616a4
aime_udio_04526,1,Udio,development,aime:0896adbf9155f32d,component_001734,30,48000,b06bfdb9b40e0703f3d8e0e5c40fddd753cc3012bfde2da9aa9cdd7927ceb7e9
aime_udio_04527,1,Udio,development,aime:a5f6953ff4ae94cf,component_001802,30,48000,0a05dd77410be28b14a3529b6ae278f034f3bcaf773647c40573742c3820c265
aime_udio_04528,1,Udio,development,aime:e13013a53f9c7f69,component_001710,30,48000,5c6b6b436f40000e80161deb7de6be1cd27f40466fb44b270bd1b1d83a36ae3f
aime_udio_04529,1,Udio,development,aime:ff8bc641ee7623a0,component_002000,30,48000,a869256222137e432537021d5e1ac2039036884f8b00a41c6f3ac25a653d6160
aime_udio_04530,1,Udio,development,aime:909f94b4be5ad428,component_001712,30,48000,c7722c66c4617e8d543016eecd1803ff66060bcffec64f8dd2e4300f8559c881
aime_udio_04531,1,Udio,development,aime:d456acc6c3547f3a,component_001689,30,48000,ab148ac29c54baf15b78d0cea5aed45c3a0f275a38a778eaa1d31aca4ffa435d
aime_udio_04532,1,Udio,development,aime:82f5942203842f22,component_001930,30,48000,877ea34f99d4d454ad1055a5dcf878b808ba3a1a296f43f30620fed9bf62542d
aime_udio_04533,1,Udio,development,aime:e92f84e48b56940f,component_001705,30,48000,c23265fac66975ba32ccced375728aa409f7f64249f2854d9125a0e0dc54e049
aime_udio_04534,1,Udio,development,aime:4565497e3acba532,component_001709,30,48000,6a3536afb6a6878c3db791ea6e2fcc37c61b95ee794231ef5259a0171bcb47d6
aime_udio_04535,1,Udio,development,aime:6d0c25e97bb8267b,component_001909,30,48000,901ac13bdb4e9976b0405aa260903b8fd5ad9ae5ed01f526f71e9c5569efa67a
aime_udio_04536,1,Udio,development,aime:f15d1da6a258e684,component_001716,30,48000,ac43204df54ad0534bb619b6a4bbcc0891ba0a04d0560ebb7c9f0cabff0730ca
aime_udio_04537,1,Udio,development,aime:8fc392de7a4046b3,component_002008,30,48000,b80707822d3d4071260eaebb8257289c2558914155483d779c0ee20004a34ca5
aime_udio_04538,1,Udio,development,aime:ef7d6538a34b7582,component_001646,30,48000,5b02592f26a89f88d909c0c87cb15e0b62881fc381ab181713aad448c09a867b
aime_udio_04539,1,Udio,development,aime:46cdb34d187ee083,component_001524,30,48000,b613482f62f7b4aaa3659eb1beb7fb5745ab5c1e30b5b1e6788f98d85582fdad
aime_udio_04540,1,Udio,development,aime:696c06c962c7208e,component_001719,30,48000,2a56bf056cb10046684fe25ce50fb21875e3336a12385b43a5941e25d3dd635b
aime_udio_04541,1,Udio,development,aime:6d44676ff9452203,component_001991,30,48000,1918cdbdc695553fffea3c4535bc4e0da469c8ce6e4397489eeff9bcbddec7b3
aime_udio_04542,1,Udio,development,aime:194b7c5046338d61,component_001784,30,48000,d806a9b9d8c4372e6724382b13057803f3bc2dd8d7a39d7d1913ac43786f0f01
aime_udio_04543,1,Udio,development,aime:363fe05a3240ad00,component_001697,30,48000,9a6a5c0cc299e196f295e39cb10e0a3b8a23440c1dbc805449c5007a8d6a0809
aime_udio_04544,1,Udio,development,aime:ff43a66fd518268e,component_001661,30,48000,8bfbe27091d096b68c6b4bb588b44afd703ce17140396a8c1c5b0b0062eaaf5a
aime_udio_04545,1,Udio,development,aime:509716c825433b5d,component_001978,30,48000,615578223c4e4543aaf87fcad5fd577b2c6e2ecf1a612a237288a661462ebe50
aime_udio_04546,1,Udio,development,aime:60c86268dc018ebc,component_001591,30,48000,e418da8e428cf76621f57fd6bedc981da692e41972cdd692f93602a70d706661
aime_udio_04547,1,Udio,development,aime:4698f9efab1475b2,component_001780,30,48000,98c3a13c2d11da28312645a3b50160335591a8b0e386f02970b58cc8ad74426c
aime_udio_04548,1,Udio,development,aime:3ebb96e3a33ae79f,component_001681,30,48000,17f361ecfe20bc631484a6370b82a00e96ddef6474aa6da6399bd6ff4144ffef
aime_udio_04549,1,Udio,development,aime:fdc57ec83c79945e,component_001547,30,48000,3fbfe6e21b1d15340db107a184f6d4da8544152dcf176d51208c32a77691bbd2
aime_udio_04550,1,Udio,development,aime:3c5c5302257b3fc6,component_001617,30,48000,4a92ee7f245087e42904d46069f78c5ec7ae5488732ad37fd9a0d77824085525
aime_udio_04551,1,Udio,development,aime:115aa8eba1458771,component_001911,30,48000,ab1a97bf09c6d021fc3ac2ae9e8e3519ad8fc41a71703a301236fadab5aaf428
aime_udio_04552,1,Udio,development,aime:78ab471cc431a762,component_001686,30,48000,67785bbe491c03a12d458f041720ea720df11b69c56fb571f82fbdab7ec61ee1
aime_udio_04553,1,Udio,development,aime:1ff82c6b30ebd1ab,component_002005,30,48000,651908711609ac52de4720648f0cf6d994e278fd7f0265362f07e4b3d6e880c5
aime_udio_04554,1,Udio,development,aime:70309723ea52fa11,component_001760,30,48000,dffe73a98d1081faef55224286b20bb25cba3e4fa108cbc2a2d34aa712348f83
aime_udio_04555,1,Udio,development,aime:ca8ecccad02aed6d,component_001651,30,48000,110e99ea9ec70a2784588be5d570c5c4ddf2d33c38355402bb0494a0932c4939
aime_udio_04556,1,Udio,development,aime:ddb13fce0bdfdd4a,component_001967,30,48000,d2c203cfc3beeb6a58dbbd55900406b04d8af46196ee34407487604930669bfb
aime_udio_04557,1,Udio,development,aime:7a2d2f2cc5bd900b,component_001984,30,48000,90dac79825e4a634a3cbe6cad1ef20cd800013f6513997dd3f805e2f654b5eae
aime_udio_04558,1,Udio,development,aime:fae5443868337d70,component_001565,30,48000,9384ffa66cf9080282bfad295ceb90ab333b678626e5eddba1cc3dc02d694812
aime_udio_04559,1,Udio,development,aime:9ea02384c57744a4,component_001604,30,48000,f7377a4d9f4efb531d2c9a1d20dbafb4485a257c1732664be0b5eebf12afa722
aime_udio_04560,1,Udio,development,aime:799a905b0592b3c5,component_001587,30,48000,a50127c784db450242c9170cceb06574a6e6b14d95f602b86faedba825926d29
aime_udio_04561,1,Udio,development,aime:a3cd2bb1a257d542,component_001610,30,48000,faa519c35dff3cb8a7c9e279753949c65f70ed0c0c13bcdb153f48d1ee4016fd
aime_udio_04562,1,Udio,development,aime:c5a2a8eb58f04f90,component_001924,30,48000,b4c277c14d5b8adc9aa3ad3a6386eb45ae74de565fc977953d0022788bf11ce4
aime_udio_04563,1,Udio,development,aime:bfc136c3186c9a6d,component_001920,30,48000,1065f89d794ad284fb9f3b31307c0df7d6fdae365804ef454f4f1db00b7c5f90
aime_udio_04564,1,Udio,development,aime:e7d0f57daf968209,component_001830,30,48000,2f009bc9d391578234cdf746c69bb87515a5572afdefb102da3d6ae26d7e090c
aime_udio_04565,1,Udio,development,aime:953ef5f84b15573d,component_001664,30,48000,a76654a842cad3592c9e2d6599560f37e974f131067a714b11645b0878970bd4
aime_udio_04566,1,Udio,development,aime:bad7ced2a12ae0d5,component_001657,30,48000,e442d6931732bad06b68fb02fb2d030a542f1aef1c712353fcec9f0df4d7bf00
aime_udio_04567,1,Udio,development,aime:84f9236dd1f63d15,component_001848,30,48000,412029474e25e7c3c34b66c60732ba2633c6cb79b928cc1165ca14ed80f7d371
aime_udio_04568,1,Udio,development,aime:c6a17e9d4d7f78a2,component_001704,30,48000,95e91b1de7d4651005a6e7f5e376dd9722b2b6eb708c108981644add06038051
aime_udio_04569,1,Udio,development,aime:93fe164d19f5bf43,component_001595,30,48000,67781f107c3cd39379dc6f80f76edb217d8f104656085cdcf07460e1b682d5b3
aime_udio_04570,1,Udio,development,aime:2531e3567fa7ac7a,component_001616,30,48000,402a2d35e4bec2c38a5a59160ab6eb1da65a45c0546bac36f33f67e0f14c17a3
aime_udio_04571,1,Udio,development,aime:66d6aa1bd6465c59,component_001569,30,48000,b9ef59da63a3f4d6f40887d133fdd460a2feca930bb97170ca5fb474c1507dfc
aime_udio_04572,1,Udio,development,aime:1f4dab7ea613ddba,component_001511,30,48000,cce79dde6532518a10c2badadc686b1271940023d1051ac4a04ba9495047df79
aime_udio_04573,1,Udio,development,aime:c1236b20799fca39,component_001644,30,48000,b729f784afed2ecb534d9988d3516365f12893af68780d8be7061bd4ba1b75c8
aime_udio_04574,1,Udio,development,aime:21eddd18e14e7d34,component_001621,30,48000,ef2465989c5746cfa6640ac85bef76e2a41a67191cc069b31b1973c20d2cbf10
aime_udio_04575,1,Udio,development,aime:fe19337344f80386,component_001708,30,48000,d6c734f03b7e55a25633b8636244aad08cdea93c9982380cff7bc2485b06d0c3
aime_udio_04576,1,Udio,development,aime:52f29e11527e3584,component_001627,30,48000,d855134d5d24354a44cbe4595eca51ae6ff01f3ecf9ba03656ff954a2b9d02ee
aime_udio_04577,1,Udio,development,aime:43d156f418ed165d,component_001813,30,48000,4e62fe6f871891d5f96fef19f7dc953b6ec4b56febec19800cb3f4682a6b09ec
aime_udio_04578,1,Udio,development,aime:47a2f48f18a6d8cd,component_001818,30,48000,1fd610a79fe7b9d68b130213986539a9e20f40b17efee8d07f29dc3bebf65a28
aime_udio_04579,1,Udio,development,aime:31565cf1a190910b,component_001580,30,48000,747f6b0d1bd5b65e77504c180b4f6153152aa719cabbdacd2898d57b4169545e
aime_udio_04580,1,Udio,development,aime:8b4cd5c60c055185,component_001630,30,48000,e1a159b3ccd084f5137212981a35c2ee938d0fbc1d73412dfa6f90c01dd877bf
aime_udio_04581,1,Udio,development,aime:d449ee3ca278fc03,component_001677,30,48000,6199f4f81e0a4d2c153fd55f077ea341a10ecca773cbafcfc92bcb7b2c19a8ff
aime_udio_04582,1,Udio,development,aime:cc9521dbb232f5a3,component_001876,30,48000,a2230700906dd0df956174256bafdb183ff202f4410b2cf616464260311e41dc
aime_udio_04583,1,Udio,development,aime:1a0375830a1f0e2e,component_001561,30,48000,7076a0f6107e7e2b6dc533622ed857740c35651dfc5df37f7d3eed34abad1a60
aime_udio_04584,1,Udio,development,aime:ff9711f656e2224a,component_001544,30,48000,4f76dead2d3b2c616d894d84eed326fa774c8f0626aa51252147c04bc2eabd7d
aime_udio_04585,1,Udio,development,aime:f594d4a5d4c54471,component_001877,30,48000,b7da9814334c014db4202e57c2a10a6eb918ae2d1151dcd8dfc452d4fdbaa3d3
aime_udio_04586,1,Udio,development,aime:1a3bd16b6f918515,component_001582,30,48000,ac1c3f1b440bf0df9f13b70aab6e10debed72c32d442f38c487629255f87c4e5
aime_udio_04587,1,Udio,development,aime:16648d7887d55671,component_001737,30,48000,30be86ad32b59705ed039dcb1835fcf9703fbc0ed0058497d0efb46b606df555
aime_udio_04588,1,Udio,development,aime:c9f85bfbf94a766b,component_001592,30,48000,58af05b54c8eaea83e456b92afe33bc6b9eb172e7bdb486040058d16d5fad4fd
aime_udio_04589,1,Udio,development,aime:dca7d28403f3eb2b,component_001529,30,48000,5d54c5c4e874a6465c44aec349ec2e27d16df890da119f9a2fca003ec34b6ef4
aime_udio_04590,1,Udio,development,aime:10741119e6d82d94,component_001898,30,48000,af43872bde2c15722408cdd2ae9c4cf79bb36e22a48605694dc54c4b15d6b6e7
aime_udio_04591,1,Udio,development,aime:dd282877574c1243,component_001628,30,48000,9ad53743407821a8761c7dd0c8b956188b5fcdbd2f2dcc85ade7fc3188fcc919
aime_udio_04592,1,Udio,development,aime:6cdf24636aed8019,component_001757,30,48000,25f97a822d0f9bdd865c2c7001b972b92630829ca1e5296c769e27cfce70dc9c
aime_udio_04593,1,Udio,development,aime:50e047295f8cd8f2,component_001913,30,48000,32a6ea188f88793f6028f9230c72296f8d7a9fc71089593bb21a72c36f585653
aime_udio_04594,1,Udio,development,aime:5e39fcb0c4ec1681,component_001865,30,48000,3a6908434a04ff38176372bd01b431fc377fd3556d3dcdcedb1d26b54b39cfdb
aime_udio_04595,1,Udio,development,aime:3cf39364caf501b7,component_001916,30,48000,14a968805635084ed222e1be34af1f04fa390b1dcec8479759ae517fc144074c
aime_udio_04596,1,Udio,development,aime:9556135e6e57538c,component_001658,30,48000,c597ff7089023f3970b72b9ab08adf41362974e9760c811f1b8485a666dc8efd
aime_udio_04597,1,Udio,development,aime:ad57811ad03ad334,component_001919,30,48000,8f891c73838d908094b8eb02eda566b65855b79d18595cdfbcbc2d13b0baebd6
aime_udio_04598,1,Udio,development,aime:36b7b2bbb3f14043,component_001797,30,48000,1d9fd1746b1173b9210b8c6d3a20e89b0a3baf3a9ebb59204389452bff8c355e
aime_udio_04599,1,Udio,development,aime:0da7d5bbcd9aefd7,component_001599,30,48000,7a807c8689b4f5255b6a03e59bd2b0771802f51640fd9cf12e205be2e6c79c83
aime_udio_04600,1,Udio,development,aime:e013a16fa135af52,component_001944,30,48000,b0e4d7e14becb30fc6bdd62bff8cdd662518d961163ac770748443aa5410089d
aime_udio_04601,1,Udio,development,aime:92729486cb2b479a,component_001973,30,48000,7f9d99ad1d484ca85a857d0feb2e25105dbcd4f72a7e4267bcaaa3d4fdad75e9
aime_udio_04602,1,Udio,development,aime:210fcf96418dafa5,component_001673,30,48000,f07767ed652f54a161fab819068834a5b96c840a174e33058feaf624d8ffb7fc
aime_udio_04603,1,Udio,development,aime:ac960272e31edc64,component_001843,30,48000,7ec66625a9d56478d02845012ac06c3fa2ac99b7213458de27e73b12bd089abd
aime_udio_04604,1,Udio,development,aime:19592228d8eab26f,component_001998,30,48000,f15493a60e09e9a5177d4510ec2e8cd441aa87ebef93cb5cefb98e39a3c3dacc
aime_udio_04605,1,Udio,development,aime:8f15a6814abfe19e,component_001729,30,48000,b0fa4199ff7cc8fb6d499bf2405f01dc3e7fde37c272fc23c2d96d89da5bcac5
aime_udio_04606,1,Udio,development,aime:1aa2fa95a6f6a1af,component_001670,30,48000,afce3a40b8e02b726ac55a286e9a08a17bf646498fd83df1d7e2dcd87eaf4a12
aime_udio_04607,1,Udio,development,aime:b56abad16edcd8d4,component_001781,30,48000,bc60b0376b25865c53732cc4928ef3e3a1a9186fe0ed47232ad6dfc1403a4818
aime_udio_04608,1,Udio,development,aime:7a78b8b1cfadad04,component_001546,30,48000,8b9892373c1b6d29be3aae32f781054e909e323d373045272d86bd034085aee6
aime_udio_04609,1,Udio,development,aime:c81c5cdffa28975d,component_001874,30,48000,4e58278669c4cdecf154acc9d8874d00b9f501d442e9a2b45802acba34de8cc6
aime_udio_04610,1,Udio,development,aime:631e594115815ab9,component_001890,30,48000,39643d1901275715566b9051a022257b2915fd53aebe9d7a98bbce3ec80203e6
aime_udio_04611,1,Udio,development,aime:ce6236de961c0e47,component_001926,30,48000,137b825ade4fa8dab36ae5924e896dbe24a9c8755c9d4c2d358d62c3e2750baa
aime_udio_04612,1,Udio,development,aime:094cc74b373f8183,component_001654,30,48000,53986c680d8198ad17585c9d4ac3c0a8ebbaeb1bfeb8569cfd0741665e6e31bd
aime_udio_04613,1,Udio,development,aime:ea2edd7921857791,component_001767,30,48000,b8cc78a8d018bc477c2dec7549a4f5438a4c82af1ce608b8ac0cc662f302ddcf
aime_udio_04614,1,Udio,development,aime:6d9102e292ba227a,component_001590,30,48000,732031c5e688e360662caac8ccbaba92ecbb58aa9435e910202759c418542eb5
aime_udio_04615,1,Udio,development,aime:0c49f7d13ab3ee1c,component_001923,30,48000,f032695e327204b6cdb1adb1c64fa49cd34c26375451072b496d6e69f7b91dbf
aime_udio_04616,1,Udio,development,aime:a507885dff491d8d,component_001528,30,48000,4a02213c8896b12d629b967ab4eb9749fdf51332f6d553c23e8bcb227d3de4ef
aime_udio_04617,1,Udio,development,aime:f7beea518f38ff5b,component_001609,30,48000,280ed0751cb3f29b2457d353482d540319db642895ebacf8b826c8e04efb27c4
aime_udio_04618,1,Udio,development,aime:242165c625856204,component_001891,30,48000,78b1daa53edf6b42d61606f21ab9e48e2ab670142b792040896abb8fef6c24c5
aime_udio_04619,1,Udio,development,aime:90178c5182e222cf,component_001908,30,48000,17fddb07ebc7ea4a3417cab6e8fd495a087919cd52a86e728781f12657c06a76
aime_udio_04620,1,Udio,development,aime:a9ed080ffcf9f649,component_001598,30,48000,6ac4c534ff3a6752c5374cd871b26efa429b5547d36c3ae3fbcc4df0ca88ed97
aime_udio_04621,1,Udio,development,aime:1c8f9070d4f43049,component_001577,30,48000,050bf4861a56bebf86b37ae1f2574f0ab674ce2a98c5577bdd154fda7a72d0b3
aime_udio_04622,1,Udio,development,aime:a5b05aea8f90b6eb,component_001553,30,48000,a1de6468db6a0d8faecb847bb1bfdb232020e91e051c8df77f66242fcd9b5647
aime_udio_04623,1,Udio,development,aime:633ffe4189fc084e,component_001770,30,48000,6b49fd8456e8a44ac51eafbafd3e6bfe0e08c212b556271c5153d50bc87a3137
aime_udio_04624,1,Udio,development,aime:42464e960b586cde,component_001772,30,48000,4fae7e4c314efdf2e6a93076ced25c8f58a1705738969ff6451cdf36a9a178b3
aime_udio_04625,1,Udio,development,aime:fbe1d8500bc92120,component_001660,30,48000,949be4a9c668390a9acba6d9d86c15df21ad489ac4c995949ab1f3d37743e574
aime_udio_04626,1,Udio,development,aime:5e347dbbef259473,component_001742,30,48000,73effd1ccd7c48c468874fc0daa3495a4dfb1cf4c80b883e45ecefcc815e2c89
aime_udio_04627,1,Udio,development,aime:5d52cda3b6d031fd,component_001766,30,48000,0bc7527add4d290619e0a0f3dbdc8a1c31d9a9ecb16d6099878b24dcbf21c5d2
aime_udio_04628,1,Udio,development,aime:5d52c3ad04854455,component_001845,30,48000,f7b1a6cb8d16ee7953a9eb0d6d382d275dfacef23da0fb9f34396762137254a6
aime_udio_04629,1,Udio,development,aime:b160b5b35ffdf646,component_001632,30,48000,9e69fd7c73429d49dad327e486c5a9dd33f068b7b9baf2e11fd95d47eea9732a
aime_udio_04630,1,Udio,development,aime:ccaee6b73f2214fb,component_001730,30,48000,df14f35442b51fbd545fc0a6d4afe9300db00d860a900257b075697de68fac98
aime_udio_04631,1,Udio,development,aime:4ab28fb19c613d5c,component_001574,30,48000,9e08a79e3e0de313c868ab36d69309cc79e25b2c807ea7a2e40b28599fa6102e
aime_udio_04632,1,Udio,development,aime:22438f56a92aece8,component_001656,30,48000,d3c15d82881c7014bee2b854393038cc1f2d288737260c9e7387c56dfecd0188
aime_udio_04633,1,Udio,development,aime:f68555568c32618e,component_001787,30,48000,7b8cdfa12cbe9f7c9737084d5f968a97a85260453e9bdcc757c1b32acd812749
aime_udio_04634,1,Udio,development,aime:efe9b5fd566eee19,component_001964,30,48000,47f75b3f379661dff43f50e8efc9d933fa19e472693e3deb6e801acf19c02764
aime_udio_04635,1,Udio,development,aime:12df0f3f1aa7c11c,component_001791,30,48000,4c092d8d9aaf422eb8a4af799ba3bbdbbd70092e8eccad2feb557b5e12503fbc
aime_udio_04636,1,Udio,development,aime:7b57420b189a9a58,component_001626,30,48000,6dfa91ec3a39465dcc6ca518ad2c8e89fd26c68e9231c65dfb2e7d8ef39d42a3
aime_udio_04637,1,Udio,development,aime:bde99b9eae4a72f2,component_001831,30,48000,33f88ebb0f447bd0e0b80ef373c26d020c95fdbfc552421248220b6db0e2b261
aime_udio_04638,1,Udio,development,aime:653adbc4619f9965,component_001695,30,48000,3fb58f849a11b94db24d8f46c07ce8232e3ea2d15d07d5bb0380ac560098ab37
aime_udio_04639,1,Udio,development,aime:21c8c3c66dc34bc9,component_001796,30,48000,c185e8d5ecb54a134ce6cce15feaf858c8aedd6ae53718c05bfdefecc83ee126
aime_udio_04640,1,Udio,development,aime:f8486fb06a2f002c,component_001559,30,48000,698f15b113e0083664e4c3ffe4b874854a5c9653a9620ad38f8292d58dbbc5b4
aime_udio_04641,1,Udio,development,aime:793b85cfbc449de2,component_001750,30,48000,889c1c9a972ee84a879d5082d179d7031baa852f1acc221618eb6357c7156ece
aime_udio_04642,1,Udio,development,aime:ef4e8d983bd3bfc3,component_001687,30,48000,02ba0ada81dd7cd1cbd454d4b17a5aae528b9e1389edabee06c98bb71735ae5d
aime_udio_04643,1,Udio,development,aime:f2e7a4efe193301e,component_001868,30,48000,886cd7bb7a17d0714a672a5b001b1a535d4c4c6756821b578224feaefa5d3a7d
aime_udio_04644,1,Udio,development,aime:7df072a1caba87cd,component_001714,30,48000,8f6b93c8a475df9ac8f78ceca3d5a55e1977503ebd8eff6c4cec76da5b55e780
aime_udio_04645,1,Udio,development,aime:d710281ea281c677,component_001961,30,48000,40d0b0d7e08234c225b4ae975a0959574e3d7f6b905135fc74a776670be86b9a
aime_udio_04646,1,Udio,development,aime:0b8e815569d42f82,component_001623,30,48000,55249441548100339f619f161d620dd0b547a3f10b800152b5d0d853fc9f9f0e
aime_udio_04647,1,Udio,development,aime:074cf59f5131953c,component_001855,30,48000,c8033f652144043dcaef181384243b62991588a276017b46d1e935255d00c785
aime_udio_04648,1,Udio,development,aime:acefe10859e5ede5,component_001679,30,48000,9b8d48fa94e868eb760b124784616ecd03632c869cc35117c5ef968d39644f60
aime_udio_04649,1,Udio,development,aime:44167a2500fc6930,component_001910,30,48000,7be5dfbbfe44e35382c57412802009d9728f3ef939e57fb609bcd592e5d0cbe0
aime_udio_04650,1,Udio,development,aime:62d095d93f614bf5,component_001653,30,48000,d2efa5aad043c82a932be70ffadbb993d91f6f3af935002097588d93738a13f9
aime_udio_04651,1,Udio,development,aime:2d32eecd3c548c1d,component_001994,30,48000,32ff5320e01b0908ddd59260759114bb6ca161713ae1877f5a931e3ac9459870
aime_udio_04652,1,Udio,development,aime:684ea60be0dd7ad9,component_001668,30,48000,f9d6552e8bee6741542c50d1b406496cb88043ed2b2ec6c1386c15d5173819b7
aime_udio_04653,1,Udio,development,aime:60810331950d9e1d,component_001853,30,48000,d690869ce96d6fe17c54a20dd0f5d68d227de1586c44ec435c8522eede87b3df
aime_udio_04654,1,Udio,development,aime:762995238cc7a4be,component_001820,30,48000,481a2490920dbb963a1f543e9fae1143264950fd7a7a1f4776578485a2b3a200
aime_udio_04655,1,Udio,development,aime:405ce8e799a7e166,component_001572,30,48000,ea1ef07902058575d43d47a324012c073f3d6b91a85dc82fc1ba65c4ceef903f
aime_udio_04656,1,Udio,development,aime:a0a28f1f879eebf9,component_001896,30,48000,e9ebfbafaed37eb0c3d25e416b7ca2cd1e9c8d20b4f97d9cdfbc732db4bcd898
aime_udio_04657,1,Udio,development,aime:ee6aa1943a756955,component_001700,30,48000,14880965be6323730df7640aba78e448b87fcecdcd0732cd87aae25b1aef9759
aime_udio_04658,1,Udio,development,aime:797772406991b43a,component_001987,30,48000,c2be03d7a96cbb2bc349459ed6a741bfcddf710da33f1ab7cdcc46aeb4e2845e
aime_udio_04659,1,Udio,development,aime:da37115889c8582e,component_001550,30,48000,19ac92ab1de935fc2f9d6f742a6b66dd75a61dafdb3826fc3d793e9d2febf06a
aime_udio_04660,1,Udio,development,aime:41b38fa3d2276df6,component_002010,30,48000,523afee0531066e9c024b46f6510c57178ee6cb5176084fbcde34a33d1762efe
aime_udio_04661,1,Udio,development,aime:7d361e962d5f1218,component_001829,30,48000,6a9fc33582fe8c88763b4e75c3bfafd58d2fe622f3a09959536f5486e9a343a3
aime_udio_04662,1,Udio,development,aime:b114f47e6a3497d5,component_001647,30,48000,8038dc1f0f835b98aa9f0771c02d521f424f36979b48ec2ff49ae303f79cdfd8
aime_udio_04663,1,Udio,development,aime:f86d1ff68af73d10,component_001912,30,48000,93f64671e214dab329107d97cbf1a73d78285ad6b97ecee782fb5a6543604428
aime_udio_04664,1,Udio,development,aime:3564d717442d0128,component_001952,30,48000,2c2488c1debefbf1bae6fa51986d3fd1acae0c52be7dd21cd6a6532f3cf4443d
aime_udio_04665,1,Udio,development,aime:ca7dcbc7be88ac47,component_001948,30,48000,b2668f55b12487001dd46fdf070050b7da811165daeb047415eb07016f5633d2
aime_udio_04666,1,Udio,development,aime:71fc267cec07bfb7,component_001886,30,48000,9d311f1178e8f7a22249d560fab1853310789ff005ca6696901ec128fc75a3f1
aime_udio_04667,1,Udio,development,aime:2a13d1c77c3a87c3,component_001692,30,48000,154f3ad1102837ad075e698564cddc4d16168ee1dd537ea414c06efaee86540b
aime_udio_04668,1,Udio,development,aime:0d1a79d00d8022c2,component_001634,30,48000,5499e7e3e0dd8fda1d1dd8c9a41d10cb58d9bab6fb5fe117d6eacf0b1d12f483
aime_udio_04669,1,Udio,development,aime:4d1c88953b1ec259,component_001768,30,48000,4759f440ad965c6620dafc89bb765807dedad70f978da00825b2d572e5765af9
aime_udio_04670,1,Udio,development,aime:07701faf6bbdab87,component_001765,30,48000,84a75177c94abbba89c0a0403aef2bf4f351627e440c3affde038ad8e0fca2d5
aime_udio_04671,1,Udio,development,aime:1b960627f9df0107,component_001776,30,48000,27a0533a9f451f63f1739cf89aa82664990758ea115240385f5f9da43f6403fe
aime_udio_04672,1,Udio,development,aime:214f65544c9f6c1f,component_001888,30,48000,a8163fb7f880d18a95577d53c167fec1191be72cfcaf56c0fa84426784e9ba9f
aime_udio_04673,1,Udio,development,aime:a78a5c3979eb702c,component_001693,30,48000,9f8e40570ceb1d57046f1760c58ff79917810e12a775eec4c9f46fa247673aea
aime_udio_04674,1,Udio,development,aime:6671cac4af98f0df,component_001995,30,48000,fd903758c6ffd95ac0710fb2ee3c4ed9f6ef0a1b87ce8d667f22b61077becb8a
aime_udio_04675,1,Udio,development,aime:e970f08b304d2237,component_001562,30,48000,2ce70e485d03f2888e803bf5af1c9d057ea079c5bfc9a0b84a579ca5642d63d5
aime_udio_04676,1,Udio,development,aime:ba50bd14c07c6836,component_001939,30,48000,cd6849f0b1d173f89458fda76131b132360a6dd2650a5f704a4c7748f0b18748
aime_udio_04677,1,Udio,development,aime:85874a920e2c6b00,component_001918,30,48000,b8267426350c33a5514e6f432d9a75ea85fbce98b4e5acb3275da4c5766d4c24
aime_udio_04678,1,Udio,development,aime:3980a16f366d7ff7,component_001624,30,48000,c7c3036621587100455d52876f384049f10cbd13f77977b9098f3b1996ba086d
aime_udio_04679,1,Udio,development,aime:7bff207bd5f34a5b,component_001631,30,48000,356a03a6cf6fdb31de4a00c23f74a01eef2802651c7313b2f3e471321fccf0f6
aime_udio_04680,1,Udio,development,aime:5548b2b83e44507f,component_001872,30,48000,525f01862ee8e8dbffae1b2aeddde9dfbe6689ddf4158e5f1156038910aef308
aime_udio_04681,1,Udio,development,aime:e8f4361aaa86dc95,component_001540,30,48000,39b4a0b61d991c696538c5916738edcb095fc576ba27f8c2aee16919028c55cb
aime_udio_04682,1,Udio,development,aime:0c64adfd8c352b76,component_001731,30,48000,cff02d2e45ca470b2e7da5f46cc4c8727c03dfbd08785e0572dfb5646160fc5b
aime_udio_04683,1,Udio,development,aime:c78cbbcd4d345545,component_001718,30,48000,bca1d5f29c391e20456e96a0d7d1a50cce897c91dc49aacffc817b869c05af12
aime_udio_04684,1,Udio,development,aime:5838741af343b2ad,component_001585,30,48000,f8e9b65961de7fc4d6eee5b26ee9095e1691a79ccb433c2e36268c940d530b8f
aime_udio_04685,1,Udio,development,aime:02e868494bf74e55,component_001966,30,48000,ff1b6992cc2c1ab3289d94a3514de134382c366334dbaa996e92c8cf760096ba
aime_udio_04686,1,Udio,development,aime:92b2177feac3bb5a,component_001516,30,48000,2ca53a7dc5a01150906d5c0998277b20bb19bc2407f25426f717b5f41cf0b867
aime_udio_04687,1,Udio,development,aime:3430b81b79cb1927,component_001762,30,48000,1d6b6e7fbfe9ae0e4cd6cdb65e7170b8a0eeaa3d47c20b6caa2ef46c65953b51
aime_udio_04688,1,Udio,development,aime:3d28bad50e0e9f4d,component_001974,30,48000,2a214dcc3d2a6e1a200a9ca5af9428f1fd88493e4a792397f57c9ca040291c2b
aime_udio_04689,1,Udio,development,aime:ab699136de604f51,component_001684,30,48000,38c169c6351a7fe9aa5d8fd4aa6b5157f06959cb9300a8f50afb4b56f9385536
aime_udio_04690,1,Udio,development,aime:d6bc1451d3dbe1e8,component_001858,30,48000,73efcefda625022aa606043ec40656b13ba630984cb17bbe949210a8fc53e663
aime_udio_04691,1,Udio,development,aime:a63eaaf850bce6b1,component_001551,30,48000,a5dbffebfd84f7bfc11491802de3c4f74d41ecf3c23d5464a07881d3effd8985
aime_udio_04692,1,Udio,development,aime:22d63bc0864b6990,component_001928,30,48000,7b15f6549a8fe29c2b07b85da255a1b408c025c471372ba6e30859777c712de7
aime_udio_04693,1,Udio,development,aime:37b4066c62d883ae,component_001864,30,48000,8b8a7d6185ff6d3d2edbad5bfffe3f361257fef229352bdb28a1f034bb75f3bd
aime_udio_04694,1,Udio,development,aime:b790e0ed978a8625,component_001567,30,48000,c681b5acc52d1432d979bc604cf7b3e4adfc04cd9ba6b726432fa1b696de1ab9
aime_udio_04695,1,Udio,development,aime:f0c3324f4cf0ea4c,component_001997,30,48000,f2dc5a882fac4a7d1c1de199d00181c2d986445fd91e42150da64dbcfb645668
aime_udio_04696,1,Udio,development,aime:1717398fd9de5f76,component_001707,30,48000,f9e78391ef8db6d16eec90a2ddb6c4feefded3c3daca7940a6a3fc450571b978
aime_udio_04697,1,Udio,development,aime:719d2e67a05f19ce,component_001636,30,48000,08513cefbc5ffb79097f071c4b235a3762517045d50721f9bda6ae7331bf2742
aime_udio_04698,1,Udio,development,aime:2953a0b27366ab26,component_001990,30,48000,72005f017aee5936e6f595bae73930bddd778fb0836f5f45ae2264f2542cc600
aime_udio_04699,1,Udio,development,aime:d5ce6b571994b414,component_001863,30,48000,93c760e953a44d1b93db50bca4a31f74194094595409db502497b0ebe180b197
aime_udio_04700,1,Udio,development,aime:77bc54445edbd71f,component_001518,30,48000,5e3ed4bbddd9fcb87d3e50bd5850556adc7143ca6d6cef231a693861d6db3da7
aime_udio_04701,1,Udio,development,aime:2e0d3c679c1a268a,component_001694,30,48000,2178a65ed4f7989d0c1f75d773459bdac6fb20a212c579759c14f253fc8b4104
aime_udio_04702,1,Udio,development,aime:1b0f60fec20e707f,component_001703,30,48000,5cc88fbc96457a2b92bc6df533164df6d314a97ddcd98179e758581f62e98600
aime_udio_04703,1,Udio,development,aime:b602a0579c626ecc,component_001514,30,48000,101bc647eb52e87df670640e789a0a62ac03db5200bf0f78525a3ad9f2fd9f71
aime_udio_04704,1,Udio,development,aime:ffdaa617559614d0,component_001615,30,48000,c2a102a84e18bc9764cc2d58ac1f2666c54a0f891e917b329d958b67d9a3ec23
aime_udio_04705,1,Udio,development,aime:4f5e2e6962b90c86,component_001643,30,48000,ba9d106908afbb98de46741f127c041a3ae844c117b0df7e809985f96aa5c25c
aime_udio_04706,1,Udio,development,aime:ec2237e72e69632e,component_001667,30,48000,75d0ac59578c78c64b5a48ed0875a6acbb156dc777c91025de2d4c9d5b018e9d
aime_udio_04707,1,Udio,development,aime:d0be0272d054681b,component_001893,30,48000,78a68a8f10f019afe4bc3773d894fd8000d11aba87d8a392b44435c38d522b64
aime_udio_04708,1,Udio,development,aime:ffa972e4691a8507,component_002003,30,48000,f8618a0ad0d685533e8a3498958ab8d4076c98947a5406779040c212c9e51ff5
aime_udio_04709,1,Udio,development,aime:6349f240f9ce71a7,component_001542,30,48000,65c384e66f2ec1a0327aff310ebc072da921582b2d1c4bcca93f6792ec5accad
aime_udio_04710,1,Udio,development,aime:d564111fda790570,component_001648,30,48000,23e3b59ad6039598fca9f86d817b2fd172b68476de61be5a981022f84a0249ab
aime_udio_04711,1,Udio,development,aime:88505085ac7d86b4,component_001826,30,48000,b20f7da6dc5d1cdea2c30e4cd1e48cd762dd65ba8d8b23970f00becabab8f765
aime_udio_04712,1,Udio,development,aime:32f46be93608ee74,component_001539,30,48000,eb9e1c2c2367f9054f9ad6b20cd79ec70ba19a31320feb2876d7b5f777775a60
aime_udio_04713,1,Udio,development,aime:3d6dd0f0f501bf78,component_001915,30,48000,ae453024e1c7dfa8b4ca95f4019cdc52cc19638dbb9b37db6954dae4ab5a8b64
aime_udio_04714,1,Udio,development,aime:7f7026a6ad77dc57,component_001563,30,48000,ab159de12e413f37290ba96fddc33e751d9d34909691546965f60245a9abd505
aime_udio_04715,1,Udio,development,aime:a2f12e1eef484ec9,component_001690,30,48000,ccf5421f0a457b35986e87b96b6de24f764efd1707ce538fee4a8b93a4fa2dc8
aime_udio_04716,1,Udio,development,aime:7e2a328073f7f34e,component_001579,30,48000,19d7d094a1a7a09d963d7d2496a422e65e611ba7a6c854d7a3931d2310a8be98
aime_udio_04717,1,Udio,development,aime:d04dd018ac1bdff8,component_001806,30,48000,91a3e3bde8895961fc1808440c65703b35f1c79d281dc9445c9e983f9b1af14a
aime_udio_04718,1,Udio,development,aime:5a72e4be71e2e662,component_001778,30,48000,cd7ac64d012461c493bd636d69612171136d1f7fc562e41d5902da8bb55179a8
aime_udio_04719,1,Udio,development,aime:5135c3e531c591ce,component_001854,30,48000,777ff240ff9b6f15ca136a8f8ad1ceeb2726e385ebcda1b6d8a29fc39e311284
aime_udio_04720,1,Udio,development,aime:298fe38dce0f2654,component_001902,30,48000,9c68cb41a1772b249438c9aa8158081725d244cbee85229aa5b1733833f63a86
aime_udio_04721,1,Udio,development,aime:e7ab2b43077399b4,component_001932,30,48000,65e881467f0ffeec7fdd51bb4e6da8e2709b8065fa9ab3cfd13c6d599ccb73f2
aime_udio_04722,1,Udio,development,aime:9570cc1ddef35792,component_001942,30,48000,00382c0bfa1b581ad5f36803daadb38ab360d9230da794d6d4bf768202cc270b
aime_udio_04723,1,Udio,development,aime:a95e7be1ecc7abb9,component_001838,30,48000,69bef053a96773b61113619584b7f27600f8de914e4e3882351d8f936eab8e03
aime_udio_04724,1,Udio,development,aime:942a89d04e9d9871,component_001989,30,48000,ac5302bcb89a90441053e39031c572b4d7ce1e5fe37df9613057125cab2fae17
aime_udio_04725,1,Udio,development,aime:8f5cf2e39c7a89e5,component_001999,30,48000,6bd7ed4ceff05a8b0c3c2eee89130b029fca168343533bdda7fbb7a7e3b5b716
aime_udio_04726,1,Udio,development,aime:8215046c5a29c81e,component_001956,30,48000,da07b32fceb531eecd99d641c13d707bb9f85df68cf27d77e0e9fb44531b3753
aime_udio_04727,1,Udio,development,aime:c660f5d690f90edc,component_001645,30,48000,53ec6a368466ae56a7ed7ca546f4c88185265c13c81a96325ff03a71d04dbca2
aime_udio_04728,1,Udio,development,aime:cd6e7bb3e783a92c,component_001947,30,48000,4b9055f171a89b8400112d72bad81e24de5f91bb30c67bf5b2116a3c798d07d8
aime_udio_04729,1,Udio,development,aime:8b06c7e9eb9daf3b,component_001931,30,48000,85b965fd53de3274c8cf05ab081a43745229a8ae0c01e9fef6dfb798043723d1
aime_udio_04730,1,Udio,development,aime:b3eaaeca19d3315a,component_001581,30,48000,3db5fd2ed83f1414b524a767f37d1975925bf6253d7cc11a71106de4bb8775e4
aime_udio_04731,1,Udio,development,aime:08e4762d6ec74c63,component_001887,30,48000,3987a455ce10b4d91ae8133d5ef91c9cc599d9718777d0bf7185df72a859f57e
aime_udio_04732,1,Udio,development,aime:82290cbf74c789b5,component_001798,30,48000,82327907944798306f9343ced546bc2a9a08efa1785308a094488f41b4b38427
aime_udio_04733,1,Udio,development,aime:98d09bbbeb8f8f61,component_001882,30,48000,34791d96a762333ae1ab61c8f6c6e4ad687bbe6bf5871debd8f6e8f68c643a6f
aime_udio_04734,1,Udio,development,aime:37078451ce367e1a,component_001983,30,48000,760eab743ba0cfdd998ce92b1b1372309d3d05437195a1f71b2d604d3e49dd81
aime_udio_04735,1,Udio,development,aime:a64fd39a82cb3867,component_001701,30,48000,30083f6603019dcb6e33cbb5052097ace398369ec91856c5bb29657d3e79196a
aime_udio_04736,1,Udio,development,aime:8fb091516e8c6ae8,component_001834,30,48000,546530da08fdfdf64a02a2785e5512ba8fb709d6cba46669cd46b219987dfbcc
aime_udio_04737,1,Udio,development,aime:5c95c399dd03ccea,component_001743,30,48000,347c984ea17300e12708489bf29f2eb718bd66fa9f18882962f1cd36aa4de42a
aime_udio_04738,1,Udio,development,aime:201dd3ae90524daa,component_001691,30,48000,fd628e08524ba52d88b639b67f790440d9ef13cc3e03f073d77c3fcc3d654f4c
aime_udio_04739,1,Udio,development,aime:912cde0e22544d22,component_001794,30,48000,467a9dc13ab199279521205a1954e383c31c40f59556e1181ac5b89d860b9570
aime_udio_04740,1,Udio,development,aime:3aa677a97b069b57,component_001556,30,48000,c5fba93c52c55ca57ca1b2181c03ebe5c24a4e2c15e44d1bd64ed5dd22848701
aime_udio_04741,1,Udio,development,aime:49052d471beb9a09,component_001938,30,48000,46934c3f8e2d5f1eb5083c4407900dde41cbd7d717238ee748965fc690570b09
aime_udio_04742,1,Udio,development,aime:832048d0c1f57f36,component_001593,30,48000,241fe82b182f3a65e0a5a8023e4b2861806c95140cc75d2dce5e147ce67cc3c0
aime_udio_04743,1,Udio,development,aime:56e03dd2f616fdd9,component_001720,30,48000,c41334d1e89a626fb56f90076e5be7b1271a06323a1b0bd6f8ae38a00ed702d5
aime_udio_04744,1,Udio,development,aime:cec6444e5d1cdf3f,component_001870,30,48000,6dec380075ce503111a3f34c64c08af886c9f1a8621ea59c88005f3b7aa8ce5a
aime_udio_04745,1,Udio,development,aime:80c1c3befdc15f9d,component_001513,30,48000,b1798f52dab403afdde821364e3f4c9977857058465508f58355471efa91e281
aime_udio_04746,1,Udio,development,aime:b4389eb774e0f409,component_001763,30,48000,ec446621294c302bb5ddada3e54efd4b2e378e8e9f88a8e0f0f8cc3a6cf417af
aime_udio_04747,1,Udio,development,aime:3793f89d402b2208,component_001993,30,48000,883777ed4e71b3f2ebeacfeced3901a3eb54a183866578ddf2ec4229078b4215
aime_udio_04748,1,Udio,development,aime:18cc56c4864fc5a6,component_001605,30,48000,1e55be2bea918a37b74923f45287732afab55242375c199310e9da2a2c4d442d
aime_udio_04749,1,Udio,development,aime:a26fb004582154f1,component_001586,30,48000,b1367c007ac72e6dbae4f89c449b233971c16363806dea7960446eb9329b5fa1
aime_udio_04750,1,Udio,development,aime:56e714fff1858889,component_001521,30,48000,83589f0433927f4c7fed45a73f90a08a520588ad90f98ad61042eced53c1f994
aime_udio_04751,1,Udio,development,aime:f2be6056547fe745,component_001869,30,48000,6b0b6ea9250120d5cd8132fe3aff707c0626ab19c703b4a0ec551cc0ade8a41d
aime_udio_04752,1,Udio,development,aime:ec8ad37f43eb313f,component_001839,30,48000,5b5e37e3f9689faede0198892c95fb5d96e89d67b9da01e5611990143c728e59
aime_udio_04753,1,Udio,development,aime:299d9e3d0bf19c6f,component_001946,30,48000,ed536e16326a4516dce31edbfb6aabcde0be60ba590ebbeb9f954b6050a7b177
aime_udio_04754,1,Udio,development,aime:aaa1c279bf0b949b,component_001584,30,48000,324d03eeb51917d3f25159558dd1c3f5269005548d31a77eb660dcde1b8de830
aime_udio_04755,1,Udio,development,aime:d3100171c968af4d,component_001849,30,48000,ba8c9e99d82f1e7d56b7d20a68381cb35a81bf61328f3027441c51ecb8144a1f
aime_udio_04756,1,Udio,development,aime:42f4fdac78a0d17b,component_001663,30,48000,1f1a315f5bf274c0cd826b36052fdc5f6ef21eda6fa3cb66c0945460a2f53e6f
aime_udio_04757,1,Udio,development,aime:5aeb4b7da9a1e5b1,component_001815,30,48000,abccd861f5a873540e50cb57344e585dfdd1088003efb43d5ccba931e20a976e
aime_udio_04758,1,Udio,development,aime:6b76b2d3f14fa058,component_001963,30,48000,ce15990991a27fb9a4a531f84e5e626f3f615cedac33785444b1b3b579652eea
aime_udio_04759,1,Udio,development,aime:16a45a0cb6f4beda,component_001702,30,48000,32797235a3eef775f76616cf1b9b51a4eec2e8cfcce82b72c6c9ef2508008847
aime_udio_04760,1,Udio,development,aime:c8719d80acbaa6f7,component_001578,30,48000,d46bbcd5d544d7b672eb161ac3e5eac122dc19c1cf95b7473d7615b4dcc6e00d
aime_udio_04761,1,Udio,development,aime:12053fe978efb9e0,component_001800,30,48000,fb738e68274adaee29380fd233eb6eb9cad4315154f89ac00486a18e31bf2817
aime_udio_04762,1,Udio,development,aime:73f9a0e150dc2f93,component_001678,30,48000,553c7765dc5f5b86342c1df28c5b284730704601abd4eae725bbf9e9be8eee2f
aime_udio_04763,1,Udio,development,aime:c65f07a2c5936ecb,component_001851,30,48000,559a4ae9a82e1f46fedf18ff0e3bc643feba5bd119b588d61e79eda710bdc3d3
aime_udio_04764,1,Udio,development,aime:2f814af6887e2165,component_001799,30,48000,eec21f1b1ca51559c2908c63a62f71f724871337a7f1488e17eddaaebf09ace2
aime_udio_04765,1,Udio,development,aime:9d23d17618a09bfe,component_001842,30,48000,3c0bc5ca02d4107d7e422321882fc87f94082fd6c2e36a070de0422b8ff1bb03
aime_udio_04766,1,Udio,development,aime:46b99b6d3e91ebac,component_001866,30,48000,be9c3e18d714a44d2c95c635c67f7903c15d9afb59ca97e963f605b055432c16
aime_udio_04767,1,Udio,development,aime:b7a19c6dbe92c4a7,component_001532,30,48000,66d24d690288fe02f46052d76c829954fa1012dbb0eee896d527dd39f91c9585
aime_udio_04768,1,Udio,development,aime:c592fa8bb190703e,component_001724,30,48000,21a56c433b1c71ab19f20a880990663ec8bf688fc6f0f881ebaa49449c406827
aime_udio_04769,1,Udio,development,aime:7d093236050ae0b1,component_001957,30,48000,44a2721545700b45b3b915ac95684b38191ab6abc26e495463fb5279889968d7
aime_udio_04770,1,Udio,development,aime:bf7955e77233e458,component_001662,30,48000,704a68392eeb2913904abc657ef0f0a5bd3455c173e8bb937d418f9a8ed54de9
aime_udio_04771,1,Udio,development,aime:5080101b9d897809,component_001937,30,48000,17dfdc90a56dd65ad0c5a6ee92ba849424fc1d5a8521b31e2ccfa28f8bf474cc
aime_udio_04772,1,Udio,development,aime:ab30c926584a302f,component_001659,30,48000,1bd6a59ba772d770a72195ed0c3415efa1900a6553d50d5d8cc19e19b2b7cc34
aime_udio_04773,1,Udio,development,aime:beb2d14df4400679,component_001752,30,48000,87ddb36dc5ec967d7d182731d2f677d577a7dd00ce33ddfc3be9bf1f119c672e
aime_udio_04774,1,Udio,development,aime:cda3c32bf33cf5d3,component_001823,30,48000,2d129b0631d4e6ded77bf658f24c0b19c261f2c9e8efa34bd9f5fdc3b8dc3ec6
aime_udio_04775,1,Udio,development,aime:23414a8a056eef62,component_001619,30,48000,6a0a154394bf5e58d9f256a28fa949130d75ce067f52ea9f582644e5ab6e0106
aime_udio_04776,1,Udio,development,aime:e527cf1e6f02eaf3,component_001925,30,48000,57a5a3ea505aa4542bed5c118b39b7003688d104bba380d1b56375792171f33a
aime_udio_04777,1,Udio,development,aime:2246efb7559ce34f,component_001746,30,48000,f7630d093480203139ee4b69c10f346cca3cdb3695760059b62a5ea2ba5ffd05
aime_udio_04778,1,Udio,development,aime:1e31dc88a2668d58,component_001812,30,48000,99533593f7a335f57adf9f79dcb4335dee47e4fbee9e77769edf29d7c7aa4dc1
aime_udio_04779,1,Udio,development,aime:27cd37ce3efdec20,component_001682,30,48000,08946936acc8d23be595aaad89da39a2162677af755ff1faf0ed97d5b25af799
aime_udio_04780,1,Udio,development,aime:a4de6d1a49fc7a54,component_001676,30,48000,d889a62746e7f1f4f8b36d80b5a5bdc0855ab8045e28add3dc3cd2b1a5153f05
aime_udio_04781,1,Udio,development,aime:a8a0950b608f3a63,component_001828,30,48000,013c405d7443cb9f9c428122996568d8692a775db61dc9cf8c2da57d62440935
aime_udio_04782,1,Udio,development,aime:e642a60e4279a3a2,component_001801,30,48000,6f90ab200d3382345a4e2a322561967d664e5c1d2b4150fc30500aaae2ec6b4b
aime_udio_04783,1,Udio,development,aime:212a7fb897743843,component_001601,30,48000,4d1fc3e1f6b0f98ecebdb0e87b892fbeb10631bf6b9e2cce6ddb5eec641c9b98
aime_udio_04784,1,Udio,development,aime:4726166bccaf80cd,component_002007,30,48000,0e897b0ac15ef6cdf0085c83796dd0e1f56280fec7fab1d8d030bafd529dd088
aime_udio_04785,1,Udio,development,aime:792eb2eae99d755f,component_001669,30,48000,3fb3da955ed8b8020cc77c0a17c077364e9e15209d6312cae91937c37af9a3c6
aime_udio_04786,1,Udio,development,aime:909f6b49ecab5850,component_001981,30,48000,69fc69805fe81883941d5d680f1cd35a271b2b651ccf5c8ad4b78d8eaf4776db
aime_udio_04787,1,Udio,development,aime:27c37c79e16077ad,component_001600,30,48000,c5ed829b069423ec6da8dc148f58d90f513bacead88698bc0ed96a0d9225f695
aime_udio_04788,1,Udio,development,aime:5de190dc3a13c8c6,component_001900,30,48000,17d173a00fd8573f33ebbc5b5df3b165f04a104a7da17c6ac148176e97b76419
aime_udio_04789,1,Udio,development,aime:ccc504da1cd7abbd,component_001576,30,48000,41398ca5fbb25caf6567b944110a33eb6a3f6189a1e99f73795cada8f5b2067b
aime_udio_04790,1,Udio,development,aime:5913e081deeefbf5,component_001558,30,48000,229db0cf088cf4557696b6a24d8649a3d8d4169c49defe3f4bf2896eed22895a
aime_udio_04791,1,Udio,development,aime:297eb580bf5160ed,component_001862,30,48000,4d87b02bf6a66b67e1f8be7190025d73cf4259964cf821ff69a858afdbcc7922
aime_udio_04792,1,Udio,development,aime:72499403a4bdae80,component_002009,30,48000,2241c25c6f39a5c95e8a398c6df8519c9480cda0c14021474861d4d1f35c9f6b
aime_udio_04793,1,Udio,development,aime:2dd70c3ed8c6dcaf,component_001520,30,48000,872fa3b4f8926c6e8aa0d787585e0ec205df58a9911208b21fb823d6307da90a
aime_udio_04794,1,Udio,development,aime:466f78c08561bb33,component_001552,30,48000,9bec846b006635e4e34258259ead3048b23d9d74af6eb2b89aed62ec9896490d
aime_udio_04795,1,Udio,development,aime:84d871bae0dbd713,component_001819,30,48000,44533507dce4c8cf858faee595229a12586ddac0edd7a46aa7c9645e780e76e8
aime_udio_04796,1,Udio,development,aime:6b4dc7061f524e63,component_001921,30,48000,6106fd5fcf8094cda525f01c7c906922cbb0f8450ff908c239d57a0cd66323d2
aime_udio_04797,1,Udio,development,aime:99c94cbc15aca6d5,component_001672,30,48000,fb9269864d689e9a2be0f5806d5727c94267fc02ad6dd2512d590d1a4450facd
aime_udio_04798,1,Udio,development,aime:742d07a5f2d57e1d,component_001649,30,48000,2ea59b77c7280f18d359cd2592b1e5264a0983a914bd982eefdf93adc7a1a7b5
aime_udio_04799,1,Udio,development,aime:6b736e49145d8164,component_001755,30,48000,dfa1fe11506a1037465598b48be9407515ccde4ee55a800ec69bb765ff9db7f9
aime_udio_04800,1,Udio,development,aime:c8bbe7446213b972,component_001727,30,48000,291ae5e2d8ae2757d50550111a80dd4b5a568c51983c972ac769698b5b6c15d7
aime_udio_04801,1,Udio,development,aime:caf9c57c9c6b66c0,component_001761,30,48000,f8496a601d478daab41a3465323d435caff452472deee531acd4209c2414b9b7
aime_udio_04802,1,Udio,development,aime:83752006f6cd7f3d,component_001969,30,48000,5d65b4f20a0da7a98ebde82d1270a4519e2ea37e49780d6e04d9ee6a137e4316
aime_udio_04803,1,Udio,development,aime:cb70977f12c6da89,component_001733,30,48000,eb9da1638330ac39e051d9528025133a78bfa250fde38877597b338f40ffe2a9
aime_udio_04804,1,Udio,development,aime:2c7ddc09a9cebc30,component_001699,30,48000,6c85797dc62d92a6d6cc5f203b1ef32eb85c9225c377aee1eacdc5842141c157
aime_udio_04805,1,Udio,development,aime:bdeb2f4243ed89cb,component_001950,30,48000,8f9f5380b3ff4b234aa4ea2bd6b8598ea9593c32fd2cd01c09dc9c33a460503a
aime_udio_04806,1,Udio,development,aime:ee18554a45aadc3f,component_001735,30,48000,ce40c076e4f0bd339c50aad7ae1b2ac55e5258e86c6b2a7b5dcb68dd66a57a9f
aime_udio_04807,1,Udio,development,aime:68ff81d452f30657,component_001871,30,48000,5b88186efa03e69d695f75413f9de3d8b2e49c3cc6d7be292fe8a7d4eecae4b6
aime_udio_04808,1,Udio,development,aime:6c88ea5e5a7184dd,component_001555,30,48000,7f00b1a8a53bf00d808647a32ffcb824e5c3fe72e871a437561d5954bb0876c9
aime_udio_04809,1,Udio,development,aime:46014159f46c6e82,component_001782,30,48000,f7b366f24dec606d1eeb543a21ec7b4bf5f881f6d92d6ad57262ee4d2f77322b
aime_udio_04810,1,Udio,development,aime:fb51ffd5a27fab90,component_001537,30,48000,1ede15cf36df09ad3abf866f29f35039dfa43cdcc181480ec54ce8caef73c239
aime_udio_04811,1,Udio,development,aime:9e0257383dd2773f,component_001545,30,48000,29d3148d47aecac421800532d34d996e82c3a294ae9eff1f6c02830a53590df8
aime_udio_04812,1,Udio,development,aime:0fc57004a7fd8e4e,component_001642,30,48000,4c7678a8f1c51f893969e846c91b16add941f8ebf1386ddbc99979ec0668d1aa
aime_udio_04813,1,Udio,development,aime:53ca0ecb3516d9d8,component_001972,30,48000,6043a167013ebfcff654d90d47c81ed8355a77948060d1b6dfc0b1f60b2c5561
aime_udio_04814,1,Udio,development,aime:ba68167d3e4027ef,component_001927,30,48000,942f91069d444a0ea14ad1b362c3ac70ee92aee7386ebd85cadf81644cc62ccf
aime_udio_04815,1,Udio,development,aime:c3aa730520d94d3e,component_001954,30,48000,7fcf72ec7da237db8b7a6fb381122ca56fe5389d7fc9f9319698399040d810f2
aime_udio_04816,1,Udio,development,aime:7b5b6b2ac78aaf8f,component_001706,30,48000,7acaec5021bd60ba7beb84889ea8b5b6f4b0698804d84b3404b77ebca9a1a124
aime_udio_04817,1,Udio,development,aime:060ff8c750269f14,component_001783,30,48000,b832489c88f624093e571117a00dade95fe150caa39a48885b8634de5780ad83
aime_udio_04818,1,Udio,development,aime:9a0a9d7a67bdec2d,component_001589,30,48000,8d2cd08f2c392fc6eb34882ca64d90f6c29090446debfaacc71416e53f60aeb4
aime_udio_04819,1,Udio,development,aime:0f8c5677998ec3c3,component_001953,30,48000,3081e442fe96bb7953ac86b772ab9fdda367736241b0038cecaee4c872e86975
aime_udio_04820,1,Udio,development,aime:7917832520022634,component_001895,30,48000,2f06ad529b37dccd2fdc5671f0d9c412d60e3d157f9032a5b37468111b55d27a
aime_udio_04821,1,Udio,development,aime:da20bd2da97c33f3,component_001985,30,48000,f4d157b35bfbd9bd744db0a9aaa0353cbd47eaa1ec06b536c981df9c2219ff9a
aime_udio_04822,1,Udio,development,aime:3d007cacc841a6c3,component_001899,30,48000,849cf4effa8abd1c93f237abc0fcfc7daad5c038689512f43dc008b1919fecfe
aime_udio_04823,1,Udio,development,aime:e9bcfb44037e0a98,component_001597,30,48000,a091894884063d28ebbbf7499dc2462deb692ed00bf4d88733b214134433aca2
aime_udio_04824,1,Udio,development,aime:9128113061c9a862,component_001603,30,48000,04aae62e0b63c92247d11ec0a4127ef7d2067db41b3525a3730b22c50e67a951
aime_udio_04825,1,Udio,development,aime:054a70aeba07cb9e,component_001554,30,48000,ce5a4f2b162c3407f13fa10ffbcbea151da5eca91d30207f6616e7f24c8fef03
aime_udio_04826,1,Udio,development,aime:58d62283b35d55d9,component_001884,30,48000,358641e86d08a872b44a692e25c9712f4728ed73e3947db2d4a9aa4d92e0626c
aime_udio_04827,1,Udio,development,aime:2a14abd978e50854,component_001671,30,48000,592684d06e6602781ee8adf66397b6cb31cf8a186d20354ba29c2ca87aaf69b1
aime_udio_04828,1,Udio,development,aime:0a56751a3953bbf3,component_001650,30,48000,9bc2d4d46451df72e9f4e62564f2592f0e3f4d1e56a2ce89b9567a303563f9cc
aime_udio_04829,1,Udio,development,aime:4708a9465595445b,component_001549,30,48000,a5f94429b2d601b254362cb985c73a606013734120e66c2d480495ed21e1f919
aime_udio_04830,1,Udio,development,aime:2780272797066528,component_001880,30,48000,4b306f557c5768a62e92584794e97f04b185371d95ad7a5e47dcae5139c36f5f
aime_udio_04831,1,Udio,development,aime:dfee7d772faf0eff,component_001736,30,48000,8215284d7cc652d51e6a39c1598121d3f0cb02bf59637164da4237f44c44c8f9
aime_udio_04832,1,Udio,development,aime:d7814e8776d66091,component_001771,30,48000,cc4a4236d39d1137c92cc51621840f09fd47a55282a6d4557d6c41f7a79ad75f
aime_udio_04833,1,Udio,development,aime:92d85047b0a0f9dc,component_001637,30,48000,33bc6ce44ccbdff8ab438bb2b463a68699cf62a28467311f173a5e70fbb94b04
aime_udio_04834,1,Udio,development,aime:7c6e413ba5b94e5f,component_001666,30,48000,2cb5276a10cffce8ca75fa3af156e17aa7968c86078aab70048cc63f51dbabe2
aime_udio_04835,1,Udio,development,aime:6f100944ecb80877,component_001618,30,48000,c340a935154561247dff6ce7eb2f028d1b53afdfee2124a2c18679f95fd6b80b
aime_udio_04836,1,Udio,development,aime:a15398c191fb9a7e,component_001960,30,48000,2b24708ea211523cfcd16d8a9a3765bf1041c2c215ac5ca6721f8624c2ca2215
aime_udio_04837,1,Udio,development,aime:2a21df8d91d74280,component_001807,30,48000,8a41402a4f06aeaf63542099055468df0b1128199da800435f6e65476a7ba229
aime_udio_04838,1,Udio,development,aime:0e56ca9ac019ae96,component_001901,30,48000,c17c16b88b77e9cffea9425e5d16b8858106434681694339330ea7d03719e7df
aime_udio_04839,1,Udio,development,aime:e59c2b80a4aafc43,component_001512,30,48000,d7a08d9357e0940c40364fe20253e7ec7665565697fd8e17c272b6d16298940f
aime_udio_04840,1,Udio,development,aime:48dc02e60ed634c9,component_001536,30,48000,3875be17e241d1eafcdd3c4e5d07830ef5342be844bc74fec7c9a72254ce916d
aime_udio_04841,1,Udio,development,aime:ac9f9abbdd889483,component_001652,30,48000,b79c21e68697361ee37e930db24910ca06e22bdde5a7fef4a5606f9524da73b0
aime_udio_04842,1,Udio,development,aime:67117b173635a814,component_001769,30,48000,af2e08d82fd86d985ee0ce09825b28b8d795512ffd882639f03ac916d0904639
aime_udio_04843,1,Udio,development,aime:e4dea5039ee28b21,component_002001,30,48000,cfeceeeeaf90bed61b4f845013d5bd08dd14070cf098bb6c0fff765da74afed2
aime_udio_04844,1,Udio,development,aime:b914bd8cf8c226e0,component_001638,30,48000,e6b8b2379b0383d90eac84551b8c12513b1e85d116cee1d0beaca81d4197dccd
aime_udio_04845,1,Udio,development,aime:6e3704989b092abf,component_001861,30,48000,b4b50cd0c0f4561154f87d4fd82857e954ca6ab1d3db94b96c98bb5a5047d963
aime_udio_04846,1,Udio,development,aime:e820367bd68d1bfd,component_001860,30,48000,669f919d6958bd6be70efe366e1fd3f6a1e0be3b875d93606c6c5253a81a92a5
aime_udio_04847,1,Udio,development,aime:7ad23c046577cb20,component_001740,30,48000,d899c27f35c7d28a5194c32741e4f7aa36fdf11044c6c8b6eb30a5c18ea66478
aime_udio_04848,1,Udio,development,aime:c7cefb41a242be78,component_001935,30,48000,df3b01bc271859fcb177795a1d882e4ec30fa46e9860b28845d68322baf04202
aime_udio_04849,1,Udio,development,aime:3e22a6375f5aff4d,component_001857,30,48000,3236dc451ef6a0d17191c65efe12a633ad51d0a181d9dab748b213ede797b3c6
aime_udio_04850,1,Udio,development,aime:ece33a1391dbe952,component_001790,30,48000,05173ed5e87a57b7c1d0bbc196568bb81e9623ab3b6de4235a893fa082d51b93
aime_udio_04851,1,Udio,development,aime:9ea58910c6dd74e2,component_001696,30,48000,635a4e6a4b987d381451f6e753d7c25b68ca209a5bf27e6720a4e6d15e410746
aime_udio_04852,1,Udio,development,aime:34f69d6a4c7cc901,component_001795,30,48000,31c34fc473a9bee25cb9b446a9e44708cfe446258c5624f0fc92625377304226
aime_udio_04853,1,Udio,development,aime:d2a6bbf1068ea7e2,component_001852,30,48000,3b3be11397df8bc3de11853b2377f90cb99949850bb90c6ef523684fbe113956
aime_udio_04854,1,Udio,development,aime:22d3d7b5cb8b857b,component_001914,30,48000,c4eae08341315d010f4b0f823fb7eb3437e9aa8f776744fa228a2253831c67a9
aime_udio_04855,1,Udio,development,aime:fc49717c123f4e87,component_001759,30,48000,0fbbb5f33af5eed531241211ee827df4191c8b9bc0da3784c971a93dac26a69c
aime_udio_04856,1,Udio,development,aime:b1530c93e42ab72b,component_001745,30,48000,985b41e8a6b2c95a556dad86c0262e81bfadd4939712adec1c6d20ccb2da047b
aime_udio_04857,1,Udio,development,aime:03e1114f54f04733,component_001566,30,48000,5b0bc954bf946578d25aea4cd236c4dda6af6b5301cbbbfde7f8de5c470ea9f9
aime_udio_04858,1,Udio,development,aime:3e9c4f58ba9c74b2,component_001825,30,48000,7a75f072225bfe6ebba47e49b1d5b27830a2399d7b7e15a117569c85928b9076
aime_udio_04859,1,Udio,development,aime:b6f32d1a97b7c4d5,component_001945,30,48000,672cb87cc497951ab7a25d33879630c788d88dd514d327abb54072439cf5f956
aime_udio_04860,1,Udio,development,aime:5c77de61368624fe,component_001804,30,48000,fba5e324d26f69cb3c0f8de8ebb06496b3224526f552825f91c3daab704820f7
aime_udio_04861,1,Udio,development,aime:3fa8d7634c95cae6,component_001988,30,48000,222a109a0d9b507e42ae0b3f1512fc4fa5530c663730f6cf02ae719a26d270d7
aime_udio_04862,1,Udio,development,aime:d9ac8c8dae04a04a,component_001875,30,48000,e6bbea91c125adf2dc1d69b1e14176b2c488d092ec7ac2db4a8f85542a5cba11
aime_udio_04863,1,Udio,development,aime:1b2ea787b9d82b59,component_001515,30,48000,86881e3f8ea05908bb05e966d577ddc7b8639798ac3264112f25525736a26ef8
aime_udio_04864,1,Udio,development,aime:cce111db0e3e9e86,component_001732,30,48000,90e36bcdf1fb46a8690d8cab6c8e99493826de9528aa55e86bd9411beb62f032
aime_udio_04865,1,Udio,development,aime:6dcae9388633957e,component_001837,30,48000,00cc670abdaefe782d78f0b63d7f3520460a6956bd83623015f15d095bacfad8
aime_udio_04866,1,Udio,development,aime:f2c9ea2ab445f789,component_001564,30,48000,422b415ad8113b88a349727989510b7eb0d39dc55f66a24db0d63f08424e5c8e
aime_udio_04867,1,Udio,development,aime:faae3d6dc8e65468,component_001811,30,48000,2e765aaa2baaea80731fb96593831c0aceaa6afdb26750ddf2eac08c26f14007
aime_udio_04868,1,Udio,development,aime:b0126a6a3e215ccf,component_001840,30,48000,505b70c2b3ec9d33ee441f85b8fbb0a21ffc413031db0e879d809f04bfbe9eb0
aime_udio_04869,1,Udio,development,aime:aa18a14951b66375,component_001728,30,48000,c2fd4490ee8c72bf16c15109c8809e98fc71f31b2a1edc1b41f6b1e0b8f31286
aime_udio_04870,1,Udio,development,aime:faaba1c6a694e319,component_001785,30,48000,660caa96e202f15c0fa9f235920afb5f03243016d40df7a1b5c480bb479de6f5
aime_udio_04871,1,Udio,development,aime:fc6b9a4d8c6b7d0e,component_001753,30,48000,bdfc05509a3408c5ffa23dd125410e6c549e787fc5280ae9fc2bb5aeb409d6d3
aime_udio_04872,1,Udio,development,aime:6a0d2ba7151ec32c,component_001525,30,48000,f68e915230e71318397c184045a8213ccca1cc5a9bd2af3240cf107b0a49b24c
aime_udio_04873,1,Udio,development,aime:ab21ff625554db9b,component_001894,30,48000,64e613ef1f73a4da672a723b623cada5eac695a4acaae413bacef23f086e9e69
aime_udio_04874,1,Udio,development,aime:525c5637a1c5df48,component_001739,30,48000,96b6b4db51532e8f104d123f6138041ab7d473a1b78acf835f3b942c994fed3c
aime_udio_04875,1,Udio,development,aime:fdd8bb395c4a37a9,component_001606,30,48000,f889afe6506055c4e334d6ffba8fd55a19e6012b5cfbbb12ab27ec3101e08bfd
aime_udio_04876,1,Udio,development,aime:f49c5479f43b80c6,component_001879,30,48000,53cb595d7623a9ef912ed882910292650ef29cd5e1385c0dad5005df657bb836
aime_udio_04877,1,Udio,development,aime:1d5edb2953576885,component_001867,30,48000,a7a5f07e6df8ac5a05930fbccd24846c0604852f5bf820348607b48bd3fe5a01
aime_udio_04878,1,Udio,development,aime:001a0a48562c812f,component_001793,30,48000,a7a9102f2dede24fa1f81353dff6a94247d827d23fdfeedea3008d4306f5483c
aime_udio_04879,1,Udio,development,aime:fdebe67c6197eec7,component_001846,30,48000,9297fa4e8924a48f473699494353570562bfd69764e30f18bd95c18ea78456f8
aime_udio_04880,1,Udio,development,aime:48c374447a031aab,component_001844,30,48000,e46a26edf73e5611b1c5d01b9d6a4edbc77594ef04802ee5ff0e26fd5f50a1c2
aime_udio_04881,1,Udio,development,aime:e8b2fda58a3e2a02,component_001747,30,48000,5b79b8091aa9fa2911d8945528306b71ca7d0b9b441578f84dfc28e6180711c8
aime_udio_04882,1,Udio,development,aime:60c9d18642d46200,component_001955,30,48000,9583ba0c79742ca9eb4867c6c0e69b38777d90b7e5cd0abcfb9640dc48218ba6
aime_udio_04883,1,Udio,development,aime:ee3a2143a431f499,component_001971,30,48000,f0fc71c9f436f330f7b32e77f04e3c0eb210c4fbf5d6b2f170cf36b19287ed62
aime_udio_04884,1,Udio,development,aime:23c7a66b9415e156,component_001614,30,48000,6b5562588947a92218438a78fa721240907eaa5da7439305be9084c92bb0e45b
aime_udio_04885,1,Udio,development,aime:8fd6c9042346a453,component_001721,30,48000,9c80aa811e9aa0e1cca5436ed993bfc6ed0da60baa7fc37e46447693e1ba8c34
aime_udio_04886,1,Udio,development,aime:02a43823f48d7848,component_001543,30,48000,cb86f6388e0fde8a9dddca92987af0c408fd1e5142e71de190be52ca3cc7606b
aime_udio_04887,1,Udio,development,aime:79efafd5ea899f92,component_001568,30,48000,542b4efafbe80af449b7017b8822c44518858dcf9f7e2f3bbdf73ec399d8f4ab
aime_udio_04888,1,Udio,development,aime:fe6d5e518931a263,component_002004,30,48000,0e38de5b9235b40729b165b3f1c1bb10907dad610aa97fd40de24ff18646348d
aime_udio_04889,1,Udio,development,aime:f35323b5836eaf99,component_001674,30,48000,4c2c868d4e5915ae068a0dc3a27b40baf883b1352b850faa068e714759ad362e
aime_udio_04890,1,Udio,development,aime:b2854b33b2cf9116,component_001640,30,48000,faca2ebdbb52dbf16782e39aca864581aeea2da86cc17311f3443a56dcfc2fcf
aime_udio_04891,1,Udio,development,aime:9b706b62a1052c98,component_001758,30,48000,2fa624219e210af3f9b8820177b5533a7a5a5382fb00788c7376e353cbd38009
aime_udio_04892,1,Udio,development,aime:91f155fbc22af56f,component_001685,30,48000,0a85511c18ec3f1d62ed925cdd3b53154a729218cd8db060b577adf74ee7c184
aime_udio_04893,1,Udio,development,aime:0ccc573719a7f46d,component_001779,30,48000,e224032618c332ecc41eeefbb4d3b614b87a265de570249ff46be59cd3c4be08
aime_udio_04894,1,Udio,development,aime:6a8a758cce094f33,component_001968,30,48000,52474caa5c45692f5009d579ab1ec1db41f9864326a98ee4b67940f7a20b2916
aime_udio_04895,1,Udio,development,aime:4dc0f2d6d53a3239,component_001824,30,48000,245a91ccf25a41fde7c7d311a9aeca032a7a106b325226e25fdb8937a5893bad
aime_udio_04896,1,Udio,development,aime:d9e3d1be33503e64,component_001977,30,48000,516f0990563de703ccb5b6b6cc63f91d314633aeb7786404ae9a179cdce50244
aime_udio_04897,1,Udio,development,aime:d4fcddd4078efd57,component_001533,30,48000,422c1f3b3e2e274f9c3b68710c441735fea627cefbbeffb618958558981cab00
aime_udio_04898,1,Udio,development,aime:bb5e616ad9605868,component_001711,30,48000,4e15ea69985ce575f5674ec4d523c4e9547ed357e0753609654ef470a2aae260
aime_udio_04899,1,Udio,development,aime:916e732f7209b91a,component_001748,30,48000,6ef4136c72f125b224b3be17b9e10e2745132f9ebd5124e6bd3c2aadef2f87bb
aime_udio_04900,1,Udio,development,aime:88a151d58d2c1b12,component_001639,30,48000,447b50cd494d686a49aa164c110db41f5c9ed04b5b08d4f9b25d5f170f2f1131
aime_udio_04901,1,Udio,development,aime:e755087b30d882da,component_001836,30,48000,c9367c2cdffcb2bf75d2d2a9a2d1419ade5be459421e327706352a669b47079e
aime_udio_04902,1,Udio,development,aime:f618429a7a965a8e,component_001534,30,48000,e5ac4ea9673f8fdc2e553cb2c782139fe4ca24549f7ef695c9079854af5023e9
aime_udio_04903,1,Udio,development,aime:114f4f28ae0b42ad,component_001817,30,48000,044ff6934cc0095543186da63e7f23b1b1138126c8852199b0e481e85c084fb1
aime_udio_04904,1,Udio,development,aime:da9cbcfbd337dfb0,component_001777,30,48000,edb69f613e38607106e5e58fd59a702344bd1189e0bd1892765529189500b805
aime_udio_04905,1,Udio,development,aime:7397153766f477a9,component_001738,30,48000,6ea2b7ae30903e5d7d7c33bd40de3b6062d82fb9dab5a799c60cd42515a1cb26
aime_udio_04906,1,Udio,development,aime:2fab39bd97f61f43,component_001889,30,48000,abacbbc458d6486416750f24dce6fd785913a7273bee11f5a000a1e628142178
aime_udio_04907,1,Udio,development,aime:03a6ced3a683b7a7,component_001607,30,48000,e29732979f1e1f7941fdf314a74148771cbdfc75e9696ea8f657e69814517e3e
aime_udio_04908,1,Udio,development,aime:4452f55308439a9c,component_001588,30,48000,15c5efd3c2cd4df0769088f5eb93929f8509edd938a64dc8072464f23cf7c540
aime_udio_04909,1,Udio,development,aime:50d4a0f7d88db787,component_001936,30,48000,aafb7dee35398aa199dd87f9dfa8f623f1ddb681f604c8e82c37c114d54414d8
aime_udio_04910,1,Udio,development,aime:edd5bb4763c6eb09,component_001786,30,48000,b14cb3a3407663e86ee82f6a4ea76688e042a10e609934737de898eb2acdb5dc
aime_udio_04911,1,Udio,development,aime:4aea9a4c8124cdb0,component_001803,30,48000,e7d274dc890e6b9caae04f1993976a3cb8fa60dea15efc7d7cab412f15614007
aime_udio_04912,1,Udio,development,aime:f8fa5c14ade1a73d,component_001573,30,48000,412f34253bb4dbd8d565a764ab1582762cd7636771eacf99ee3c068ed0bca7e5
aime_udio_04913,1,Udio,development,aime:5ea0731991fc2cf0,component_001822,30,48000,68e2a68e9a61206a8d56ae32e9841bad6296c3eee2a831667141b8618e3b4425
aime_udio_04914,1,Udio,development,aime:52e9ac0414509b60,component_001725,30,48000,fbf1d85d346dcb585b8c124856c68cac087d1799d990c375e914d1c3bcd17527
aime_udio_04915,1,Udio,development,aime:cbbc13961d50d67c,component_001959,30,48000,94d7117e615a5c9e53f905cc3e1be4dce41577fe48999ad11aaa5d74d5a10326
aime_udio_04916,1,Udio,development,aime:15e081e5a0ac7cff,component_001986,30,48000,187895e9a6736a389f760c9c566757eac201b3cdd7d7296b4bc2940faeba5b36
aime_udio_04917,1,Udio,development,aime:186d61e3403a9ad2,component_001976,30,48000,97873213a29bc227a9ccb687275bb51b367b67efa330c288965501c267080d23
aime_udio_04918,1,Udio,development,aime:85d05a74bd71a6a4,component_001675,30,48000,11e0c85a731e04f6a4edea4a70bf97b27befba097fe88e38cd39bab603c2f4df
aime_udio_04919,1,Udio,development,aime:5b16a0404e96eccf,component_001907,30,48000,8ce472829dc2aea81dceafa5275dd6d2d759b765f453aa64304dddf4d7b27643
aime_udio_04920,1,Udio,development,aime:97734fd37f522743,component_001594,30,48000,605b282e1e5036214f2f693b95fa7b947b10666564e0b0aa80626de94f468936
aime_udio_04921,1,Udio,development,aime:b6b0a9e37a782842,component_001933,30,48000,8f09e9476d1c59d726f03b6c160ac76d5fd054a31c6bc0a51cf89a09864015ed
aime_udio_04922,1,Udio,development,aime:edc60af3e40b2ffc,component_001596,30,48000,69618df787702327b85e9498b092c7ce9d887c16765e0e75da4c027913c63c60
aime_udio_04923,1,Udio,development,aime:b5e947310702a8bd,component_001698,30,48000,5d99de6978831af037a2625ccee0f9815ad8bb7a6816c65964e2d11f41cc74d2
aime_udio_04924,1,Udio,development,aime:937c51820ea19c96,component_001773,30,48000,ff0332e02bc96cb0c81ffff280d1a6371f097d54cc53825461fbc30c03c17f2f
aime_udio_04925,1,Udio,development,aime:1929dc163c072644,component_001526,30,48000,703f4366096e7ea29ec4c6182319cecf8529cffa383dde348ab4f37199275ed2
aime_udio_04926,1,Udio,development,aime:371dc847cde66987,component_001655,30,48000,cceaef1c1901d08acb1bca21bea8eb74a5501ddad6d96683725c357bf7ba1594
aime_udio_04927,1,Udio,development,aime:20f5c2903de3994b,component_001934,30,48000,aaf90ae243bbd14cb5f81fff097988bb84ab560feb72d6c104f9b7bb0844665a
aime_udio_04928,1,Udio,development,aime:c4b481a07349c2cf,component_001548,30,48000,4e3c278d7afebf0312280222036641f5e11f7357d55e232788510605e65e320a
aime_udio_04929,1,Udio,development,aime:34d6eff1cffa69e5,component_001754,30,48000,93b15b1e3bdd7efd6f13d26a86ae664de9a5d9943c9141d8d91c6a705d477716
aime_udio_04930,1,Udio,development,aime:b51540fae9a9864e,component_001814,30,48000,792f3065649b01f12b082b5ca3a274a476ddcfbf7060bfc4549e14da4fd28173
aime_udio_04931,1,Udio,development,aime:5c137d308cdbf145,component_001943,30,48000,843b31a8489e8d89ce7432cbfb5ca4cf0db09997d20c416c8e4b2678cd6ea228
aime_udio_04932,1,Udio,development,aime:74fd43a5662fb6f3,component_001792,30,48000,c849ad642b8e04f06358ac186c3e04348e4164bf7ec93630c8ebd719e7f105ef
aime_udio_04933,1,Udio,development,aime:4f77226ec73b0336,component_001608,30,48000,b3be6d9722199b26c318a8fa931c754268440a545d8a721f5059022987be6a19
aime_udio_04934,1,Udio,development,aime:e20b823fea6b7ef6,component_001809,30,48000,640a1a96e96e0e7d750cac8b3f7435798eca0c6015933b5436ea117cef83d3fd
aime_udio_04935,1,Udio,development,aime:da0f68a9bfefb464,component_001519,30,48000,034dfe6c6cd2cf696bdebcabef07674559006f7cf0002ee0ef92d7a03c7255e0
aime_udio_04936,1,Udio,development,aime:3f39a3e2b8e5d116,component_001557,30,48000,42abb5a287504f357c5c5f6543910525b3c0aa0a2ad7e412f57b1438c4df0004
aime_udio_04937,1,Udio,development,aime:eb04fb35747df1ce,component_001530,30,48000,11e9c805a2203bd345f4a2c2ddd0c26235940caeb78f90f265ba079d1e746cd6
aime_udio_04938,1,Udio,development,aime:fd3a59c2c6578b83,component_001774,30,48000,eee97a9e32fcfa06490315e5c6f601ff610f3da3822c71edf00ca26f4e3b6f0c
aime_udio_04939,1,Udio,development,aime:0ff70182db298fc8,component_001749,30,48000,9e756185d24fc14f1e6dc1b22687a56de3e61008fd35c106e85ebd7255ae34d2
aime_udio_04940,1,Udio,development,aime:506e956aafeea70f,component_001517,30,48000,775257c7c0703817c3ebd2c70fbf72b3456a75f7c4e442bbc55d44c1f234c562
aime_udio_04941,1,Udio,development,aime:b7b650f71c1b4dab,component_001992,30,48000,0e929a5207a9434dfef934902e5fe6ea836365e3a1b1f7f2d1cfee67bcb00963
aime_udio_04942,1,Udio,development,aime:0a0daf7e6dfcf329,component_001756,30,48000,03634c7f46eea7cae6cc32e6a467692d8f85a3df1bb167c489675bca500da763
aime_udio_04943,1,Udio,development,aime:3e1db8e1c1f9d780,component_001570,30,48000,66488cd773f9ae70ddb56b2f3a9df38970059b5d74e19667cf602228a1b9ac5d
aime_udio_04944,1,Udio,development,aime:1c2174c87a0832a7,component_001859,30,48000,4c4040e0304872de217ab9472e04b699ce658620eaccd6262a238a0d0f8bd95b
aime_udio_04945,1,Udio,development,aime:1667137b8ef4e911,component_001613,30,48000,e411e2619be9c21fa185c19068e17de03c0f1f4206984ed178116af958f35860
aime_udio_04946,1,Udio,development,aime:c71f31e1a9f0c399,component_001527,30,48000,c44a2f6835eb3cfbdb9de57530f3eb17cf45e1254e5df9c6c14876d3bcf367af
aime_udio_04947,1,Udio,development,aime:a7b18260f06fc378,component_001560,30,48000,33bc65d2ddb376e301c52f967ce4c10c16727cbef10281522292f267e759ce88
aime_udio_04948,1,Udio,development,aime:3a814669d185acd6,component_001980,30,48000,ff85633971d22f80c2c2ce28e25993dea5a18b9717d69cc4e1678e6d7649e895
aime_udio_04949,1,Udio,development,aime:8786173ea98420dd,component_001979,30,48000,d854e460b308d7f7e725c78f0bc8cf86d6f2d9e053e2231767027a50758e2664
aime_udio_04950,1,Udio,development,aime:a89c4c1ac2b61f18,component_001850,30,48000,7be0691e4d21bc702d325b751eb6ba56d8a5ea53dcb47fecce8e102c0076c15a
aime_udio_04951,1,Udio,development,aime:e74d0668ce5a1d54,component_001873,30,48000,69e5ce3c4ec24d2aead9c469f168c881b985a5d4162d7bfd5c96363e76f46911
aime_udio_04952,1,Udio,development,aime:d39ae6e0850940fd,component_001897,30,48000,eff660b1cd2a50ee7178e8ce823b09ca98d2606cfc0a0635d3c6ce11b3854da8
aime_udio_04953,1,Udio,development,aime:76917375c968b887,component_001881,30,48000,d98d754cf4f606ab066942e570ef5aa319f0a85992fb6edc0974a177d8e4fba3
aime_udio_04954,1,Udio,development,aime:88538212a0f3df92,component_001717,30,48000,6e60e72fbefa1393ca050d6c48ebb07905d38dcb7de55f11932e175c7014a901
aime_udio_04955,1,Udio,development,aime:1f4a895f7006f740,component_001665,30,48000,b2031770c2d5f929cf16f4787f0a2548ac4754952f87e86bac8f8cfdcf345931
aime_udio_04956,1,Udio,development,aime:84cf37a9f196f617,component_001832,30,48000,4b444dd7c9996ae9deb7033e9d11087275c285df454b65d95ffd8547d336085a
aime_udio_04957,1,Udio,development,aime:61b718617636eabf,component_001683,30,48000,aab5dd34367bc966cb8882d3ff5f4cd36a6cab98820c85970e2d0ae0e9f85285
aime_udio_04958,1,Udio,development,aime:924509251d4a2d59,component_001878,30,48000,2752ee736b0e70d559302dec5511cb2df546770736725228d7158fd5a999dcda
aime_udio_04959,1,Udio,development,aime:0317c7bb49221933,component_001620,30,48000,f18d7f629da6a8fcb1dbca0f8ad04e001391b43c1e07a61072b856f761cd6878
aime_udio_04960,1,Udio,development,aime:f6c2cb95f6d0d773,component_001571,30,48000,e48c5290da83ad30e74f109e5e9077bdc25f0e51ce7477e14d231a18afb35894
aime_udio_04961,1,Udio,development,aime:ef61adf010fab796,component_001904,30,48000,a49f1460dff2eadc93c523ace975c87baa16f6d18f42f03a96d0e09372e49e47
aime_udio_04962,1,Udio,development,aime:552a64be2310d402,component_001523,30,48000,1e6d29ce1d516e991e8a3f19ae6efb3db255413ced35d3b61e731c7d3cd45662
aime_udio_04963,1,Udio,development,aime:8b3c3663ce899ddf,component_001713,30,48000,af3194bc3893768c34d5658130c9961b868813ec1eb5af476bd87c78e994011a
aime_udio_04964,1,Udio,development,aime:39ebb3c8c271f108,component_001885,30,48000,33968d664140d83c9ad0c2daee060df78a0f5ffa43219c9330b2fd373efa471f
aime_udio_04965,1,Udio,development,aime:b27b920e4fdad6d5,component_001538,30,48000,8cf2c3bc7c573958df625c16c72995e40d11a2b303de5fc892f8ee151623c1bb
aime_udio_04966,1,Udio,development,aime:0d57cad825eff491,component_001833,30,48000,d353c536d8a8e03d0c30a7519507e10c183d88733734afd2e3c9bdce4f76ab44
aime_udio_04967,1,Udio,development,aime:cf4a754e950c4fc9,component_002002,30,48000,54104020aa2a3c25510128866c0405a8a98277ee903bfa4c2f24ca21ce5051b7
aime_udio_04968,1,Udio,development,aime:fc80959dfd410e52,component_001958,30,48000,db3e39491784662ef810b195eeb98749fc2a0a471e5a510ac946af2a982fc4a8
aime_udio_04969,1,Udio,development,aime:11f57148bc522534,component_001922,30,48000,926e3f3ada51d80354354ddffeaaa4cf27f10c1e87e53e45b9cece31c1a17c2d
aime_udio_04970,1,Udio,development,aime:54032eb3a6c7c684,component_001962,30,48000,8d787c6d98bd6f679e648411d69eb26d087ad55567cb67e7d77c690507a953bf
aime_udio_04971,1,Udio,development,aime:87ed07ac5a4f1cee,component_001810,30,48000,9efffd11627fa3c03d4a8deb8aeb1458803856c5d0facdc047a6151b2bc6a606
aime_udio_04972,1,Udio,development,aime:9362f62aca81643c,component_001975,30,48000,3ea75266226af5ca7e4d5d3be020233d558576e02b4c413a1dcd29ddfebc0ef7
aime_udio_04973,1,Udio,development,aime:50eb1bad0fb0cb13,component_001611,30,48000,067f8ff5b34a596b0f12a31765afbc42a4d3dbd1a344ee2bbac5e081cebfc5ad
aime_udio_04974,1,Udio,development,aime:c6e255a712ec987c,component_001970,30,48000,d6ac8565ff5640583ffd32addf9b6609ef001bff7e5ff2e00c52b919d8b4765a
aime_udio_04975,1,Udio,development,aime:c4529432015913f7,component_001906,30,48000,875f05a3c8b909f46dfc1c3b16f339126bfbe991d73a1b284d1626a695188c69
aime_udio_04976,1,Udio,development,aime:bd4ff6c67c3988ce,component_001522,30,48000,717e74ad0cfc6f4651bf765068e850636f5114a32c14a533db0a7ab4d26417e1
aime_udio_04977,1,Udio,development,aime:a9104a9429cdfa46,component_001531,30,48000,8e7ceb67e7466a32ef36d32b2346a3e9bbf09dea47010df9b50a48a4671d6d57
aime_udio_04978,1,Udio,development,aime:be23ca779e374b12,component_001965,30,48000,5e46fc7b50479d7c42cca111745ad081532daca73128958249e45db3a4796d93
aime_udio_04979,1,Udio,development,aime:ae35faded27bf3ca,component_001816,30,48000,5b7952739fe3eddd67623bd0457d0ae9a399f58556fa7652e0efb7a1f0b7fc7a
aime_udio_04980,1,Udio,development,aime:ad23ef4675f8baa9,component_001680,30,48000,2823f53c4a13e6ed775eaa1c795cf6e56b5d107cdadbb0e830ef2631ec7a363e
aime_udio_04981,1,Udio,development,aime:f55b7d2cee1348c8,component_001715,30,48000,5bc51468d0819bcad28561ae7200214702f3c902c4be7ee17f70a5baf82e2396
aime_udio_04982,1,Udio,development,aime:b5da2b2e45cfe964,component_001622,30,48000,98774b750bcd8e80d3233c293d485f098d7f4e17a111f92cab4d0ba0cdf74747
aime_udio_04983,1,Udio,development,aime:354d65f8c922be75,component_001835,30,48000,50db456549a9ecb7db00adf0bf75459c671d795b263de7f8582eb6db7879bfd2
aime_udio_04984,1,Udio,development,aime:3f4c43a2eb71e830,component_001847,30,48000,c7dee6a0e6f49a67210736bb6d2333755ae01ca779d30dc313775b0ec3ae6cbb
aime_udio_04985,1,Udio,development,aime:482c49dcd976ce8f,component_001883,30,48000,5103f59582dee74fb10043dd0949360eaebe508f5882c55629177d4a7b2b34de
aime_udio_04986,1,Udio,development,aime:b98557fe3d515832,component_001996,30,48000,b250b504104812d7f177067ab6ad83ea524fe18effd8b4d3e2cb170a4fc52ad5
aime_udio_04987,1,Udio,development,aime:8c105a0d84a5288e,component_001929,30,48000,453f0da5170ed19eb7d9746e97d3e2467cf0f97461537a430cf0a2bedef10590
aime_udio_04988,1,Udio,development,aime:d37d4c85db5b216c,component_001625,30,48000,a23035620dc6be61517e5d720a8db8849d100bd537f222e618f40c40a954341f
aime_udio_04989,1,Udio,development,aime:3004141521c2daae,component_001764,30,48000,41a734bb9433ce1f17bb0531d46651ac164f0521e23bfe96a9652397b37aacc7
aime_udio_04990,1,Udio,development,aime:9b633114690c5947,component_001856,30,48000,30ab31d26342c64c14cec012512789306abe5dda7add9cafc54916452259fb80
aime_udio_04991,1,Udio,development,aime:8f7ad71d7482c728,component_001583,30,48000,4932be3eaa6b4f286def78ed2c365f633361af265e833be9f7257e0459759fbc
aime_udio_04992,1,Udio,development,aime:557302d66b4440cc,component_001940,30,48000,0ec8c080a4af364413dda46ae45b05bfd649fb58b73c33c230ff9a3cb93923a6
aime_udio_04993,1,Udio,development,aime:56fa0483bc3147c7,component_001741,30,48000,422807d532a5876c0183db8efb6fcea8bbf7c54b9bc12d18cbb55e0edd55ab57
aime_udio_04994,1,Udio,development,aime:257c3bf73c56ef4a,component_001941,30,48000,ef5e985100d718e5713f659028a3f7a8480a17d682723a99bdf6aaa25fe096f3
aime_udio_04995,1,Udio,development,aime:f433b755c2d88a54,component_001805,30,48000,c7db255c2b5afc900197b112389ecb90d4f3f5573dec7f6690368418f0558ae6
aime_udio_04996,1,Udio,development,aime:bb643964ff1a0e8b,component_001917,30,48000,fe7e04aa6555cbe9aa83ac178fc396c741d1a62a664419fd2604d806097f905c
aime_udio_04997,1,Udio,development,aime:b04d2b9cdb78ccc9,component_001575,30,48000,0ae786cd74b7aa2913ca31b6614667bf17cf01b1e8f2497f25e36de0d1b11600
aime_udio_04998,1,Udio,development,aime:9168e96de66765d9,component_001841,30,48000,9209ec37c441c18f19724c176ddec693f2738943a4a773f2c7d22aa47e0ece93
aime_udio_04999,1,Udio,development,aime:b2e26f7a60765cb5,component_001635,30,48000,6dd9ed3b2362a4deb079a58aa18fb6651ae740682a72be093dd77e0c2e371eb0
aime_udio_05000,1,Udio,development,aime:5a558e507f07fa20,component_001751,30,48000,e29957bc4525370b955b91b768d5dca001b53d99a3096bf5e3f7df63df239fbd
human_fma_medium_0204c5ed58174dd4,0,FMA,development,fma_medium:5044,component_002312,30,44100,762f5b793f4089bd64724069c38693aa78c86ffbbd72e6216812e6110a6223e5
human_fma_medium_0383d2323abac1f2,0,FMA,development,fma_medium:21946,component_002313,30,44100,3eddd9bd94707877865a5fd1c4c1803ae0f8feeb220fb8b6d0bf35aae7e22e8e
human_fma_medium_03d5ae6794e831bb,0,FMA,development,fma_medium:14456,component_002314,30,44100,8dffcc728eeb3293f2ea80cbb85e0d14a873a58be8030869658d2a0915d351b6
human_fma_medium_042fd8cc5beeb6ae,0,FMA,development,fma_medium:217,component_002315,30,44100,0680603eda09d18be04a92a53efe380fffb373b5ca4a404e14d0e09125c2b442
human_fma_medium_04d12c8d92b299a9,0,FMA,development,fma_medium:21888,component_002316,30,44100,3331efbfbd81a3763249ed6e19ad51eb392c4a02342c71aec1e335e0ce43d34b
human_fma_medium_0671792d095db70b,0,FMA,development,fma_medium:16608,component_002318,30,44100,5e65e0015df0170ea1acd30a7f219b01281e0c1dcb978e57b502f31e70b64f92
human_fma_medium_06865aa24a5e12f6,0,FMA,development,fma_medium:19189,component_002319,30,44100,9ae923faeebc6f7be52397f626c48c6ec4b24cf85d3aedc099ab746c19da8139
human_fma_medium_07a513cb051c77d5,0,FMA,development,fma_medium:3475,component_002321,30,44100,b7566413c7003c562cc4a2cbe7b58d5e041f0c2216ec61c69ef4aa4bd7234c41
human_fma_medium_0854d6565b09478f,0,FMA,development,fma_medium:7395,component_002322,30,44100,48deb1f22110c236fbb18e0d4001755b75d3c8eb8657e15c79a4891c0535d5fa
human_fma_medium_08ddefd9608a924f,0,FMA,development,fma_medium:9409,component_002324,30,44100,cec874ea2b029a0e973a3a2cb2f852206846a7981b8e81d8668b94a4cf7d5d28
human_fma_medium_09352d8a625048b8,0,FMA,development,fma_medium:11089,component_002325,30,44100,aa80086132c175d738726f43c1a88e1549d1ea8fd066e2581d540c284ab2a30b
human_fma_medium_0b1b02f09e12a63f,0,FMA,development,fma_medium:7473,component_002330,30,44100,f63983cf55cea1e589f3ce44e5a0341ede8e3ad5a0d62a0f2b8412508d90d9b1
human_fma_medium_0b3ccf2c69cdbe86,0,FMA,development,fma_medium:17353,component_002331,30,44100,84a1555052ce896791563873656825d659ceeb452fb1f681a5cba94a476e2546
human_fma_medium_0cdef3c8216269c1,0,FMA,development,fma_medium:7178,component_002332,30,44100,83bf624c8fda0be32f28debb7d696c76a983f711ef2f106d90c89ce177686ac7
human_fma_medium_0d3d001f60f6385c,0,FMA,development,fma_medium:10030,component_002333,30,44100,a89e22d4fe929605aac04f66368de354c6b62914295dc43e6124670887b07f00
human_fma_medium_0d852bf2ab5d81a3,0,FMA,development,fma_medium:8506,component_002334,30,44100,785b8e442ff4d75425f1de909d242a857d2b2355fa0c3eba4fa1424c67252e80
human_fma_medium_0df4b093439b4047,0,FMA,development,fma_medium:21421,component_002335,30,44100,5d7ccfc79cd63d664b857ec47cc764606cd8cde474b4a22687416580d2268264
human_fma_medium_0f63535abe42aee5,0,FMA,development,fma_medium:12198,component_002337,30,44100,7009ff632478e8d7a0d278fdfd95dcc0cab56e91da5a73ba0e00c2556405ec36
human_fma_medium_0f768f0d32f8a8d7,0,FMA,development,fma_medium:12486,component_002338,30,44100,10a8ac52524f4857f6492313ce51d0a1522fe140a87714cc6dcb307c21ab806e
human_fma_medium_100f2c7cf590f31b,0,FMA,development,fma_medium:11576,component_002339,30,44100,14df4a057265ed739da48bb25a0884582d0f3abcbcf3961b429344511eab0eae
human_fma_medium_10ffe255d12cbb8c,0,FMA,development,fma_medium:13480,component_002341,30,44100,7a2ade29d87e5b9637f32b8e5989bbe5ce45e2d54607b5f31ca94cd6acb4b294
human_fma_medium_11fd0b7dab4490ea,0,FMA,development,fma_medium:19607,component_002343,30,44100,1f5b0ee69b7aa2ca4cf3921a1d0ce841b26299c0637d8a658015ed03ed83df62
human_fma_medium_12bf52c3659aa4f1,0,FMA,development,fma_medium:13476,component_002344,30,44100,0814a14ca6c3423ecc170fcdbb5dacd65aad6a14e4dbe2c5e4c97bccfb1901f8
human_fma_medium_15054b6f93b0be08,0,FMA,development,fma_medium:20324,component_002347,30,44100,9050c43a0654c592cc674160108956db61d5ae5eb43e286815cc743b1fbdbe70
human_fma_medium_16079de5a1784f23,0,FMA,development,fma_medium:10019,component_002348,30,44100,126bdb1501d36cac13036054134ecfd48e1bb5f88054047dce2edb62679ce9da
human_fma_medium_173a156dfa435b91,0,FMA,development,fma_medium:9883,component_002349,30,44100,40f640e82832a755a66acd46930c9d31a0c9eecfc72d719d00c521ab19d3f3a6
human_fma_medium_17fa567853e8e9d7,0,FMA,development,fma_medium:19459,component_002351,30,44100,f7ab3805025c649c0187d3ef3180a7b63d4e6579fed1f5968885a578b6048b76
human_fma_medium_1827cb0cb6505e36,0,FMA,development,fma_medium:16852,component_002352,30,44100,8ba16143ce4a644f87b772f7f66ec86b3311be7b0da0f5c623afac410c545b2b
human_fma_medium_18fe5eded2e53d6d,0,FMA,development,fma_medium:610,component_002354,30,44100,4cc502984d76b2ede0cbc42260766cb231df695380d7dabfb79aa8bc40b38561
human_fma_medium_191b5bf3a5d2546a,0,FMA,development,fma_medium:16191,component_002355,30,44100,2f3146c9f856d7e08424ed355ccd678b4d23f0dc8ad8a5f53b8b5c3abc647e31
human_fma_medium_1957cf7119c41804,0,FMA,development,fma_medium:19201,component_002356,30,44100,f890d5e26cc4bda015b403c38f1a81e9285d8f10c57cccbcc04a150e7e60f7ad
human_fma_medium_198feebef7f42920,0,FMA,development,fma_medium:3683,component_002357,30,44100,a94697d595bc6be12e3a151cd71f9ead98262895e43a6504cf2637c2dfbe70ad
human_fma_medium_19b9b40629bcf5d6,0,FMA,development,fma_medium:7041,component_002358,30,44100,105f4c68c6a631c9df15cdf0c6357001837b15e3d3aca15b786f85cee4b36a3f
human_fma_medium_1ac101a4f15d825d,0,FMA,development,fma_medium:23647,component_002360,30,44100,a7c6c2ab3123cbb51466bd0c838996a4b647cd34f6325a2bfbf3d910dea52731
human_fma_medium_1d20be9c4682bde1,0,FMA,development,fma_medium:21655,component_002363,30,44100,4abddcc322a2e303f4940b42759ece2cebcdf9549405885ebe2345c508d45ebd
human_fma_medium_1d660297b1333d19,0,FMA,development,fma_medium:3594,component_002364,30,44100,54a0ed2b0649eb4d9f61b34c873051a4d8b848b41a3d892bd778f8810256b6a0
human_fma_medium_1e920728a461b1a3,0,FMA,development,fma_medium:201,component_002365,30,44100,7bdfc549fb8dabd3328e9d0eb2310de7567f64c86582fc563b3ae8000badf8a7
human_fma_medium_1eea7d4c95fae823,0,FMA,development,fma_medium:10779,component_002366,30,44100,625c090e20c3e3232b69cf6c3f9e586029c84f3be47ae85e2ff591f0a615925f
human_fma_medium_1f36008f892c438c,0,FMA,development,fma_medium:1939,component_002367,30,44100,7faf4900b16c37aaca9d8ce57c5cfbbe0ab87d27c6ce68cffa7c1b41d9646a2f
human_fma_medium_1f4defcab49c5260,0,FMA,development,fma_medium:2823,component_002368,30,44100,a3aebc2aef1ae735501101909aed8c5f7ed0a6223be619bf6d8547715fc359e7
human_fma_medium_1f63e7c3b30352fa,0,FMA,development,fma_medium:4421,component_002369,30,44100,f44c3b786be32a3606e750cc81a84ecd1f1c0abfdc57497ae9738fccfacaac59
human_fma_medium_1f9cb23fbf697782,0,FMA,development,fma_medium:17350,component_002370,30,44100,cd3e63a524ac5efb74a6816cc106d057b514ca0abc1c8d052dde194f20598c12
human_fma_medium_207bc6ded4296e0c,0,FMA,development,fma_medium:23527,component_002371,30,44100,8062fc8936033c8b7e6a9299e559d3802aaa677d00d9f00dbd6b99cb49c9f8c5
human_fma_medium_2249ce6f509670bb,0,FMA,development,fma_medium:17550,component_002375,30,44100,bb8baa062d71a215a90aaa5519772ca0ca02f38c38087b73370d17c223f4f9a0
human_fma_medium_22ac05eac734f375,0,FMA,development,fma_medium:13736,component_002376,30,44100,a078e527fd9e960c01b4749f2165b500ac3e834078944f2d62c87add93613e4c
human_fma_medium_2429dab1fa33edc8,0,FMA,development,fma_medium:20913,component_002379,30,44100,3593742880067e9f2b46d668fde937f9372ee689d9b6ab99129dca72f240aaba
human_fma_medium_255fabcf05c03b14,0,FMA,development,fma_medium:18755,component_002382,30,44100,169ecd976e03209917e1260247485fbd66da4609667e5706c3f3616f0d700653
human_fma_medium_258d1c01da4c0588,0,FMA,development,fma_medium:11682,component_002383,30,44100,b9edd19be1f1ac6002d798f0db3677ba5545182406af6bb414ad79b126f6fa35
human_fma_medium_260f815c76fbe99e,0,FMA,development,fma_medium:14555,component_002384,30,44100,b99b459d9e8581970a4e0c015a5a9d9447a3a990ae625e20afa5b2bdddd6d2c1
human_fma_medium_275e976bb85d4426,0,FMA,development,fma_medium:96,component_002387,30,44100,b643398ad47ee047d81e9490855f9c3c07536b2aa5ffd29a46490d5e4b74a6c3
human_fma_medium_281882dc7030f51f,0,FMA,development,fma_medium:5897,component_002389,30,44100,41541f227749ac427be4954bae72ddfc2081e17b3b623f850fc53255fc13d4dd
human_fma_medium_28fb175d87c7b86a,0,FMA,development,fma_medium:16777,component_002390,30,44100,c3d1e05c4ae1eb54c9e4fefdeb6c1f868d9c28beb5e67bbddee45b6603566851
human_fma_medium_29abce0c0533253b,0,FMA,development,fma_medium:17125,component_002391,30,44100,9343dad618cb04741a4fec4d902e5d00b76aa8b4e9bb981d0d4d94f6a871cf72
human_fma_medium_2b8b4ce966605099,0,FMA,development,fma_medium:8039,component_002394,30,44100,1b2694291abfe80f99afcf91cea0cd3aabb45cc1aa4625eec8d6241a78d68c49
human_fma_medium_2cbe65c0045c6a05,0,FMA,development,fma_medium:8693,component_002396,30,44100,b0db323fb54a8a6d2f3f9dc4fcf49488820f2ecfadee2897039c566005f5f2b0
human_fma_medium_2db1b3b615afb526,0,FMA,development,fma_medium:21628,component_002398,30,44100,1445ee812c229e50489f8d70414ab553e482c6925118c153b2d52ef391a043b3
human_fma_medium_300d461848b757b0,0,FMA,development,fma_medium:16589,component_002401,30,44100,af68ca7a3d929e39c154d245656b86adc019ae6c9228fd3e68612a29020b3636
human_fma_medium_3014fb0c21352605,0,FMA,development,fma_medium:16554,component_002402,30,44100,d5329f38aa1c23d167843e4247c5d9df1d8a106a3b576a5d875758b57d91c269
human_fma_medium_306640153989eed0,0,FMA,development,fma_medium:8538,component_002403,30,44100,06efce50244a129e70f460413095cae561be3c80624f60de9dab58aa088e8fee
human_fma_medium_30c7db087d364e0d,0,FMA,development,fma_medium:3094,component_002404,30,44100,f30ea219a5687fd77428d274a93a1402895a9088f4893a3ef35cf28a2d2aaa67
human_fma_medium_31cc29baa36976ef,0,FMA,development,fma_medium:4917,component_002405,30,44100,3dceb01c14ac3d1a90d4911a9a3d2f131f24f0c5d21e98ed8b94a9e72df0d5c4
human_fma_medium_31ec54352c988937,0,FMA,development,fma_medium:21578,component_002406,30,44100,a66ad1ad49c142ba958c3c4f8921baf0e880ef956d117c106a43f2054a54478d
human_fma_medium_334e49a4b34eef23,0,FMA,development,fma_medium:17145,component_002407,30,44100,184a030a53bc3143fa31a5c8132fbb82608363ee86883191b4d197a21a1186fc
human_fma_medium_33ba31ef9d43610a,0,FMA,development,fma_medium:1407,component_002409,30,44100,d3119f6cb5b3c87b944e0e46e7697b493376a616d808775a009bbd8d73e32be8
human_fma_medium_34beebc42bf421a8,0,FMA,development,fma_medium:9985,component_002411,30,44100,f11e22a398fb5aeecd3d691f22d8b65d63423f78a15e1bee5056acdb6860a333
human_fma_medium_34dd322dc897e7b7,0,FMA,development,fma_medium:21061,component_002412,30,44100,c2de39b46554162dc7fbfbf2f17b68eb9162fccd22a561e2e1b7c0fb953ccfb9
human_fma_medium_35921782011111c9,0,FMA,development,fma_medium:12654,component_002413,30,44100,28438d9daabe81e34f557c4316499dc1e238f5b947ed19fca3a692ee4a042d7d
human_fma_medium_35a62f433280e72a,0,FMA,development,fma_medium:7207,component_002414,30,44100,86e64afbe28ba671f2dc21a80b8322ac5940ffb87985d7424dc5deb8a6343437
human_fma_medium_36bc64f821d8580a,0,FMA,development,fma_medium:23607,component_002415,30,44100,44be7f3f9588406c5d39246c99e291f4d3a706f7cc66b57a80a4283ed232445f
human_fma_medium_3711796d9bcddddb,0,FMA,development,fma_medium:21503,component_002416,30,44100,703dbc89ae3d9480076890b1c8d31ecb1cab93d0cbe49ff53d47de7e03e2f2a8
human_fma_medium_384b654938bd568a,0,FMA,development,fma_medium:21391,component_002417,30,44100,346ecbe063035bd30bc372a1ee4bb628e04ffa4e1cdf6b3d98e51b6560c5eeb9
human_fma_medium_38a030e54c2481f3,0,FMA,development,fma_medium:19268,component_002418,30,44100,f44df7db4d7c4d68a9281752e6b395b06bbd3e03043c57485bd0a31c10e766c0
human_fma_medium_38e76956d7173a5b,0,FMA,development,fma_medium:14212,component_002419,30,44100,4881ad83888465f725ae2119b0a3038300eab00aa63372f8cab941f789a036fb
human_fma_medium_391971358bee9fc6,0,FMA,development,fma_medium:21947,component_002420,30,44100,fed944a4d20a19b2e14416b7fd5399510ee2230ff9b281a4a3f948c54aac8350
human_fma_medium_399187b7f8010c8e,0,FMA,development,fma_medium:21677,component_002421,30,44100,e2485a1925653f9d34ed166d3043261b0bb16ae8f44a09925ee5eb9afe53d7e8
human_fma_medium_3a53a63d470a268c,0,FMA,development,fma_medium:9939,component_002422,30,44100,6feb7c52c7ddc4701db30e72c9ca2eb8dbea4162392729800e1be552705a5d2c
human_fma_medium_3b6197e18247a997,0,FMA,development,fma_medium:10072,component_002423,30,44100,ec1c6ca95e0373c621b5b8869b4766eade7a41abb8deb222695065240b84cdc6
human_fma_medium_3dd6a79768ee088e,0,FMA,development,fma_medium:12271,component_002429,30,44100,e9843a9a0baeacf9606b4ce2a316a51079d8e238e68438451ee0b1c686b72f8c
human_fma_medium_3eac881b2ab0cc9a,0,FMA,development,fma_medium:2806,component_002430,30,44100,551bb9e5f96909ede32390ff4c81fa44b9321bb1f0050b63ffdcea5361a5935a
human_fma_medium_3ec8f5e41410423c,0,FMA,development,fma_medium:6929,component_002431,30,44100,fac50ecc67088fc1d7ee72450316219932adbe291b271db79c9bac09f79c5f10
human_fma_medium_3f2513a115834fba,0,FMA,development,fma_medium:4614,component_002432,30,44100,cf525e127076c126e7c9dd8eac578a8826f78acee93891e8044273d5ee4acdea
human_fma_medium_3f5df3fc526d2940,0,FMA,development,fma_medium:11035,component_002433,30,44100,375dfacecebe9aba4c54e803666508d2712f47b77cc12156952ea6442ffb9edd
human_fma_medium_3fa829a72006132b,0,FMA,development,fma_medium:17128,component_002434,30,44100,ca8f8887169909d71ed1b6aee4c7e22c6abbac6da50244ad4b0782843c3e0ccb
human_fma_medium_4091c5514763a2a7,0,FMA,development,fma_medium:9513,component_002435,30,44100,3b98a52627abdbfacfcaa6b2678ec4dc8cfe07e6ec14dc135b641e8da7620b43
human_fma_medium_41f3267e75420e28,0,FMA,development,fma_medium:584,component_002436,30,44100,56d81d5c9f56e3cdc9aee78c667df0db576b386cfdabdba49b3949fcecdbc6de
human_fma_medium_42a566a6af33f5ec,0,FMA,development,fma_medium:19482,component_002437,30,44100,063eda4b40b42b5159ac6f559c7c410d03518565f9b6dc46c099c47abd62fec4
human_fma_medium_42b35ef84d5a245b,0,FMA,development,fma_medium:3222,component_002438,30,44100,da41548587ce25b50577a779f2b5e5baa7a9e6550e8598b1111776a6c5183aad
human_fma_medium_42bcba078ba11749,0,FMA,development,fma_medium:127,component_002439,30,44100,4c05084da54496909a41f1c7e548e066aef0b12be865a3095d89e3e08daf4b14
human_fma_medium_43180b85dc2b6ce3,0,FMA,development,fma_medium:19890,component_002440,30,44100,6c140f12b3e510d962f5a2b096c610da203740295ba99aac400190ee959276c5
human_fma_medium_431ab6da0163b4e3,0,FMA,development,fma_medium:307,component_002441,30,44100,a6bfbfbf2ba02595b5ba527e997fb0a0909cd33b06e4df4f9fcbeaed32343d49
human_fma_medium_44996dac243f77a6,0,FMA,development,fma_medium:16385,component_002444,30,44100,9204ccfa19b023e1d5abb9de69053f3fd5cde8307d73e90637c8970f1cecf9c7
human_fma_medium_44cfbae69387abbc,0,FMA,development,fma_medium:3600,component_002445,30,44100,f7bdd20f32c60275ac390d3e671301e9aa97b08aaab6dd7a853ea7ad345002d1
human_fma_medium_4647ba8b68813568,0,FMA,development,fma_medium:11423,component_002447,30,44100,7367b47d84098faed8ffa7a5a8239381cebf67c715b50c003eeff6197c29ad98
human_fma_medium_4674f1559a5559b9,0,FMA,development,fma_medium:8542,component_002448,30,44100,7fab55f014caede5f520660373c45bbd558518d2c1550051dd1ecc1c0a95b1e7
human_fma_medium_46c4ca88d2049916,0,FMA,development,fma_medium:210,component_002449,30,44100,dc304db9a9dd299840cfeb9fa635f76beeb50982eb9581fd8dd92a33308d7b6c
human_fma_medium_46cb68715468bf81,0,FMA,development,fma_medium:21691,component_002450,30,44100,eca681c0ae9d1febc63d9e2b9b6c626d9e41d7faf4978f1089ac5ed646f9bc4d
human_fma_medium_4777772b203d4e65,0,FMA,development,fma_medium:5248,component_002451,30,44100,0798f9088920d98b666a1a5502783e71c1677f1a80c1631c022d5cfd5708de43
human_fma_medium_48b43865afef2359,0,FMA,development,fma_medium:1829,component_002453,30,44100,e9f115e2fc9067ccc0fca64f984fbe49da09869964490298def94f431143c1b7
human_fma_medium_48faf1b5dd03c349,0,FMA,development,fma_medium:19461,component_002454,30,44100,243db0190e5a6e0297440407fcb94d0b803c4164fb6363085b1dff3f99f4ff67
human_fma_medium_4a82ff162e9da7e9,0,FMA,development,fma_medium:12173,component_002456,30,44100,f1ef40f3bf6f7e69fbcd5e8f624c4dbaa41438b6490e9667401565129125a003
human_fma_medium_4abe85aea7d7e541,0,FMA,development,fma_medium:20146,component_002458,30,44100,eb5af61d5f4ee0602026fbdc3f359d67281a2f11c749c179b8c7a58241a8138d
human_fma_medium_4ac3654786bd0f8c,0,FMA,development,fma_medium:13719,component_002459,30,44100,060fb846044153fd5ed57827eb4972ca0fa8aa60ccf49db8a59f33ee46c6cc36
human_fma_medium_4c9219fda1dd15a6,0,FMA,development,fma_medium:14580,component_002462,30,44100,dcb2576e8236cd12c5629ed3e74b4e3b173f8687af3a1b7bb8cb913446a3f697
human_fma_medium_4cba7a5e6eedff3f,0,FMA,development,fma_medium:3228,component_002463,30,44100,b742bfcfa817d83f786494e4cee197f613ffd29e65742eac83a7b41acb40444e
human_fma_medium_4cbc716e525883d2,0,FMA,development,fma_medium:8706,component_002464,30,44100,3e6d50a7e47e6951b5236370281b766edeaf51bbb8cfaa64463f7253e734c387
human_fma_medium_4e17f99be8056978,0,FMA,development,fma_medium:11572,component_002465,30,44100,e8126a748853631cb6464958f7471bdf166d6397e45e1622d8a172ba1b99cf61
human_fma_medium_4e3571deccc2202a,0,FMA,development,fma_medium:20156,component_002466,30,44100,1e2b37d00f89c8f68ccd9516817d0c9fa0a980155864d7383c61a23dcde87cc0
human_fma_medium_4f65a8eb22188b3c,0,FMA,development,fma_medium:19535,component_002468,30,44100,139894d61069d600def5acb40d3afcd43838bafd185ab7ce8c76d472dc4b35f5
human_fma_medium_516a64b1719d7804,0,FMA,development,fma_medium:6549,component_002469,30,44100,2f9bb0240e626df287f08be0847537dbfcfa33caa8283b6112bdaa27e51962e7
human_fma_medium_51b1d1117baa03eb,0,FMA,development,fma_medium:8611,component_002470,30,44100,1e32caa14f1157cef5e9208bbfb618b51bf3eb331d6b5d51e66b8c8679fe3ecf
human_fma_medium_532856d9a76e4be8,0,FMA,development,fma_medium:13824,component_002473,30,44100,de7bdeeadeb461fbad97e1567aca340380e1ac6ec9ed7309fa0d67c6b32aa998
human_fma_medium_53874d34fb7e163e,0,FMA,development,fma_medium:20865,component_002474,30,44100,1774d685fcf997df3df4055bbbcd1cd02c2033eb909b2fd9123c92790edaee69
human_fma_medium_53b1b132016c2830,0,FMA,development,fma_medium:19188,component_002475,30,44100,5c165ee5c903d7977d215cd8c04d38db1064020f64f3d75af2e4e249e497aa77
human_fma_medium_541764531923bd91,0,FMA,development,fma_medium:19410,component_002476,30,44100,76ec9c10bac60eace736b4641ea01c38d2394e415478545f61adea8a30140e31
human_fma_medium_546f98137ec3fd2b,0,FMA,development,fma_medium:111,component_002477,30,44100,5213795c861cbe6e268e573cda09a1bb9d35694cb20aee16f542113a000f1cec
human_fma_medium_55270f8ea04a4318,0,FMA,development,fma_medium:7956,component_002479,30,44100,341264af35dc9d0e24ada213fd4bb2d40b997837d1b3d9273bd2bbb0d2786377
human_fma_medium_559d928c76e7458d,0,FMA,development,fma_medium:11494,component_002480,30,44100,d844bcbb8aac841db3d1f5e3a2a7bed07a51ccc2aed11f0ec8aa5c1a5364be46
human_fma_medium_563aceb6a4f8131e,0,FMA,development,fma_medium:21470,component_002481,30,44100,7f47c1125a52faee107ee5cf1b7bdcd8a4a76e0366c5bdccb3457340dff26dc8
human_fma_medium_592c6d0e522be4b6,0,FMA,development,fma_medium:17227,component_002482,30,44100,080103f339479e649b45cbc43cb2cb56c9274eec2023f92f6e0c3db34795cbd9
human_fma_medium_59905a9d607abe49,0,FMA,development,fma_medium:2293,component_002483,30,44100,d23e9e9d2679521554d2a00cdc2b9fc3a669d8031ed09114a7c54ba8f760cee7
human_fma_medium_59fd8c3e197706d8,0,FMA,development,fma_medium:458,component_002485,30,44100,e6d952548ea1790c6f192b970038d7a76d3729e92b323cf317003616bd22e8af
human_fma_medium_5a94068a9b320b73,0,FMA,development,fma_medium:9286,component_002486,30,44100,06934c9daaf3655c516bb1cf1f5d929ca576d2c8f9dd9430b8c6684f852531d2
human_fma_medium_5b3452120c9bbc72,0,FMA,development,fma_medium:8619,component_002488,30,44100,e3ab52c0f97f75b5cc38096e464c0eabf5feddcd05222eb21e66fb6a17ea3598
human_fma_medium_5bcf82f181883cc6,0,FMA,development,fma_medium:11893,component_002489,30,44100,a8e7ee1235e081b26ab38290210dc6098dbc7f9a3bd3eedceec8f1164038a7b4
human_fma_medium_5c345ff1c22c4ea9,0,FMA,development,fma_medium:11605,component_002490,30,44100,83497d64f0a78be7221ab116e228486f5c20fa31ac58da0f8373b60b2d3a9e70
human_fma_medium_5e56696f5e93c60a,0,FMA,development,fma_medium:5256,component_002492,30,44100,e23acb83867c4f7f6b7ad4a2e7407d12365800d0a8529a601fd2ffc13f596548
human_fma_medium_5eeb03eed7e158a2,0,FMA,development,fma_medium:11989,component_002495,30,44100,ef538825a466e2945205217d8c49e78a4a812abbf85a4add68a45ee1a53470b6
human_fma_medium_6022b6f9f1c659ac,0,FMA,development,fma_medium:5644,component_002497,30,44100,7eacfc6658efc3817e7992215b36a81564fe2c7eb9838fa77f404ba78753d29f
human_fma_medium_6063eed0f43fce36,0,FMA,development,fma_medium:14543,component_002498,30,44100,da0da9f0629f4f8bed43e509c2c96a56471da3fe61e7d617c2428ac408d3d318
human_fma_medium_60bde097179d29fe,0,FMA,development,fma_medium:10469,component_002499,30,44100,ddbb84ac4a7e9f43ab9774a3fc7625b3cc5c52313b4904bb6f4b725e01a62d22
human_fma_medium_60d88e3cad49045e,0,FMA,development,fma_medium:23603,component_002500,30,44100,ad845cd351a194068bf7362ac64e8c7009830352fba8a88ea1f6e9afef865e7d
human_fma_medium_61813d57e6d7c7db,0,FMA,development,fma_medium:562,component_002501,30,44100,03ac874c2a74aa07002eab53cb04978347fd9271dfd6417e711f9a9ddfd62cd3
human_fma_medium_631c3e8ac763b6fa,0,FMA,development,fma_medium:14320,component_002503,30,44100,6820367556f96d2bd8191151ad49ed6a68f6ba6f62a7a87f9d8c46ef2cc9b9d8
human_fma_medium_642d5ae3d4598f6b,0,FMA,development,fma_medium:12750,component_002506,30,44100,d3bc8d84d8cad5f379aab0e6da93dfbd836ccc62e158cfa4c6e0c0addf489662
human_fma_medium_65060cac847d33ed,0,FMA,development,fma_medium:19842,component_002507,30,44100,0cecf2d3f4ca9ef9902874c812793218e342e9d1ef6ba6484b78df65c4ff0a71
human_fma_medium_6638493834b2eec2,0,FMA,development,fma_medium:4498,component_002509,30,44100,b8167eb666c104b3924da7607341633106cf380feb48c9d53f143acff5cb3dfb
human_fma_medium_668baaed9531749e,0,FMA,development,fma_medium:22127,component_002510,30,44100,c91ba0e324eb32eddbc011aa859d96d0bed87e6df6458de3a196bfe123e52d72
human_fma_medium_67ac07c840d05374,0,FMA,development,fma_medium:12338,component_002511,30,44100,d3e82f7884fb746e168b93c971423176ef2dc5f2400cc073c089b57053668076
human_fma_medium_67cb2d4dd51a36ce,0,FMA,development,fma_medium:12244,component_002512,30,44100,17c29a28e6b621ae04e6137aeda6bdc0e473178270ebae64db03852383b297c2
human_fma_medium_687bc84e36b1b2f1,0,FMA,development,fma_medium:14166,component_002513,30,44100,39afcd38a5e0dacf8f8fc984ff44fb4ddd1b73f8b53f5e964d298a8fde82d994
human_fma_medium_687cb0719a123da7,0,FMA,development,fma_medium:3477,component_002514,30,44100,05dbbe1b41cd4e33bfc97bdc647982c569fb73928c9b32d026be0fdbf7b541c6
human_fma_medium_6a62a2edd7ae8ad4,0,FMA,development,fma_medium:5147,component_002516,30,44100,5d3bfdba791447c42e426382ccdf6c6bf91029bbe7d8da3b949f29e21522776d
human_fma_medium_6ae6fef23d2b59a2,0,FMA,development,fma_medium:23115,component_002518,30,44100,d746e11a02ab254ff087e55912a026f546be19b49053c582134fe88050a74a10
human_fma_medium_6ba9afc94e8c28de,0,FMA,development,fma_medium:11574,component_002519,30,44100,1bef98b2b13e57a6932c441919360751c65ec31a51fcacd3bf4397c5f1f6d502
human_fma_medium_6bdf4f343fde403b,0,FMA,development,fma_medium:12844,component_002520,30,44100,cb6ca65fbd8b44ec2a38105417b232968679691be65706a91b42efdcda33b653
human_fma_medium_6d62e9119c34caa8,0,FMA,development,fma_medium:8021,component_002521,30,44100,5e8c9fb7b2cdca9965b0988ac24bd7d73acfe62bc65c0e1a56968c22af8e9a58
human_fma_medium_6ef4961c1304bafb,0,FMA,development,fma_medium:23195,component_002522,30,44100,5b632d25410e525a0312a04cfc5ee84edf845e55e5147c2fa17897aad55b7fba
human_fma_medium_704683f6d51a272f,0,FMA,development,fma_medium:19192,component_002523,30,44100,41da107ca471e97917697ceee37f28115e7d8c0d17e39fa40706149a5a07fa67
human_fma_medium_709836fe701ccf7c,0,FMA,development,fma_medium:20823,component_002524,30,44100,ebb01a20684fc72104849d8e9b235599d2520a235335e7b171957b8738219ccd
human_fma_medium_70d7cc28a1eed613,0,FMA,development,fma_medium:1767,component_002525,30,44100,a3e76ae4019b96042075811614cb14417abbeb4e051575da4655eb4c64b054f3
human_fma_medium_710559ef6eef098e,0,FMA,development,fma_medium:14741,component_002526,30,44100,16916fe4403613bb478e7dfdfa34e579ceedccfa87e6784a8a169def158b755e
human_fma_medium_71281c5183bb78ae,0,FMA,development,fma_medium:16841,component_002527,30,44100,78c0901d6c32d47ab19a21dd53b4cc1907eb1eca5be0b8599a325259f8acfa09
human_fma_medium_724fa4c4acb5eb2c,0,FMA,development,fma_medium:8109,component_002528,30,44100,25730860140c7ee4c767008287b3f2b10395103f49417d1d87e3998cb655fe97
human_fma_medium_72613dc9e4425fa4,0,FMA,development,fma_medium:12166,component_002529,30,44100,5e404b5bbc37c4c8c569f04ba0c85690d5b874c8b6ebe7a887b640eccb46a23e
human_fma_medium_72e58c9fa5eea219,0,FMA,development,fma_medium:14721,component_002530,30,44100,af9720f90db4dbeb3068216a250455856909daa775a0413c2fab4161a357d066
human_fma_medium_7311bc18511ed719,0,FMA,development,fma_medium:3078,component_002531,30,44100,9becd6b27cb66cdd97de23f89ddd2aa1bb71a7203f54dc5a6008c56d1b635549
human_fma_medium_7325abde95a8abc0,0,FMA,development,fma_medium:7486,component_002532,30,44100,fd422b3e8917d5c4fbba2652ac6911120a9562be26e0e9680dc94ebeeebbbcbe
human_fma_medium_741ad7dd9d5ade19,0,FMA,development,fma_medium:240,component_002534,30,44100,0d1b208a40f5b7c44ac1806533ba4408f7a57ee7ac2ec89dcaca4210693633ae
human_fma_medium_7590e66fcd8a3139,0,FMA,development,fma_medium:12073,component_002536,30,44100,a71896bdd048be8b4051f8335833c4ae80d4d0c27bacbbb044ed96149e048a82
human_fma_medium_76756a0ab4c5a33e,0,FMA,development,fma_medium:18872,component_002537,30,44100,ba250f3c165ae75c255ebe43185910c84e5106f9c8350302c91260c1ea8a80de
human_fma_medium_76af6d34102fc7b9,0,FMA,development,fma_medium:21502,component_002538,30,44100,18a8f75f18eba0203ef6193690353ea257724a8233956999d52dfea943b8754e
human_fma_medium_77ce4d937d979928,0,FMA,development,fma_medium:20157,component_002540,30,44100,b85cf0f447dc84039cc92b1d809f3a6f083f7e1fc098e84efa389bff389ffa24
human_fma_medium_786b799e4b710b07,0,FMA,development,fma_medium:9191,component_002541,30,44100,c0922358a0f3269d6114fb16722c93110836287746b6d127fcb3708276644bee
human_fma_medium_7a20960c4ccb8877,0,FMA,development,fma_medium:11810,component_002544,30,44100,13720b0914fe5fcc0be59fc4bf662cf6ab4b51d0d83f62a6475bdb1b566292d3
human_fma_medium_7a254f1aa098601d,0,FMA,development,fma_medium:23904,component_002545,30,44100,7d4f49bc739c98197cf7e4006b55fe08d61bff7948d75c1345b27e48c26ff21c
human_fma_medium_7b22ca24f48b024c,0,FMA,development,fma_medium:5300,component_002547,30,44100,7a0576cb1f96b4faec1ba464da32801e6f369a237e0e1ec52471f992e800d689
human_fma_medium_7b6e60df780b00c4,0,FMA,development,fma_medium:5835,component_002548,30,44100,3fcf37a2d963a55bdf7e23a26a6d987d3ee35017207c7c3170e204208b627ac5
human_fma_medium_7c8bb1f73082d11a,0,FMA,development,fma_medium:10023,component_002549,30,44100,9c78a8937bf8cca0e58bc916339ddd423b28560b11d9b050483a70fa53e051da
human_fma_medium_7d1bbaa176a0dcb5,0,FMA,development,fma_medium:12818,component_002550,30,44100,c03e62d5e7761fdae80216bdd9e14305323c9eda5bd1eacfb0a48fcc536051bb
human_fma_medium_7d2743f8665376ff,0,FMA,development,fma_medium:2623,component_002551,30,44100,27c83e617ad69a8d7cd7ec3406cdbe6e60ba5534ac48a01ded8041095ee56992
human_fma_medium_7db6c171635e3b96,0,FMA,development,fma_medium:7212,component_002552,30,44100,aff0aae89c30ce45a1176c29a67f0f8454a192789aa5cb67497f92a864a8a39f
human_fma_medium_7e53c1c2b5bd2b70,0,FMA,development,fma_medium:20629,component_002553,30,44100,a396056d8f88c02440ae547b6de66a677989dcd82e700e342f763506d2fc75bb
human_fma_medium_7e8da7ab7482b727,0,FMA,development,fma_medium:3770,component_002554,30,44100,69c836ef32e1bd47a80af43cb408e1174b6e4b0f6df5cfd223ba5421fd2347b1
human_fma_medium_7fc9d0c8a8c12127,0,FMA,development,fma_medium:20086,component_002556,30,44100,c98a815e3d74aca58aec9d79e814de8d0883d7d082d9007d566e4e68145020ef
human_fma_medium_804a06ab670a58f1,0,FMA,development,fma_medium:14420,component_002557,30,44100,e47abd6641b0b638baf963bb6caf5b55a8b1dbf867e5ee7c4834acd11b11723c
human_fma_medium_8145087c1916c243,0,FMA,development,fma_medium:18772,component_002558,30,44100,d7e9689ef8befd4653059e3465b621ab3f042530900d9fd766887f7bc8a54448
human_fma_medium_8315d69c4bf453c4,0,FMA,development,fma_medium:3011,component_002559,30,44100,9975031d3431508ef5a0575dd89fd1ab1bf52ef28fbf3967e2c29f3727214f3d
human_fma_medium_83e0e607c2ea7083,0,FMA,development,fma_medium:8017,component_002560,30,44100,65f8c5dc241cceb4f922a10cb378361dddef9fcca8be2bf4e2e732fcd696b4f5
human_fma_medium_83fc17aad496b130,0,FMA,development,fma_medium:14029,component_002561,30,44100,b37f24f8bc28270641b084166eb909ba392ee29e24acc0f89e0071359f9d8a7c
human_fma_medium_84bb253874580537,0,FMA,development,fma_medium:19499,component_002562,30,44100,4658121462a8eebca5977cc3b42870c7de8fd77ab38f355d794bcd3d39d6f01c
human_fma_medium_84e3c30930137042,0,FMA,development,fma_medium:2752,component_002563,30,44100,1a6fe1823ba1374fa97b9f389b669e9ebe5098af0cb762e09c0e8e445e981e7d
human_fma_medium_84f431102acb7ceb,0,FMA,development,fma_medium:19810,component_002564,30,44100,b614fdf5dee53c65a537a947b0a11f7174d98171a73689a55203441ff5e756d7
human_fma_medium_85f962d0be229ae7,0,FMA,development,fma_medium:9814,component_002566,30,44100,7294b9a236c7d5d599027164c16cfa88f13e65746e6b27c1653da2c0fe6d176a
human_fma_medium_862dac84fd21bdec,0,FMA,development,fma_medium:20826,component_002567,30,44100,1b0746fe8f98423c522735361ddb83a97b6484b773ae689f97bb25be07e2f6df
human_fma_medium_86f78b7f97fd6e31,0,FMA,development,fma_medium:22802,component_002568,30,44100,cf185fa74a664b95e843d0b10eb41f8efabe6cf1b225161d9c602b26612c5390
human_fma_medium_87eeb79f8032c947,0,FMA,development,fma_medium:18687,component_002570,30,44100,ed613ca4d3ad7004724105b5ecbf2938d626f6ed9e84abf29443e65df7791da8
human_fma_medium_8812da099d678c59,0,FMA,development,fma_medium:11513,component_002571,30,44100,2dde88bc6ef234ed3ec50ae4859325fc8fad448b126273ff0e4e8455c9686d86
human_fma_medium_8ae0565dbac0e073,0,FMA,development,fma_medium:22551,component_002575,30,44100,51bc51031254bca4b1472f9328154e62d2d2450c6b8f7e2c5352be9b81162654
human_fma_medium_8da06b21cd9ad9da,0,FMA,development,fma_medium:20584,component_002576,30,44100,4454e5137d602aeba731442a7f319058ec17592043a702362688e8da42d6e5c9
human_fma_medium_8e7990ed218cd838,0,FMA,development,fma_medium:22121,component_002577,30,44100,2726759d031f6e60fb915b83376654929f910b0f33a12d433d671671fbabc86d
human_fma_medium_9028ce21fada5fe1,0,FMA,development,fma_medium:14607,component_002580,30,44100,ad1de894989202676de26113bb5985be6d0e97ef02691acc60a94bc2103e512f
human_fma_medium_909954fc3a4d53c0,0,FMA,development,fma_medium:18018,component_002581,30,44100,18ce4e1bfaf84943263ee7c5a34ffacbce6ce8b90bf7a8a7f27bdbb0f9c6230c
human_fma_medium_90ccfe8783909c01,0,FMA,development,fma_medium:14224,component_002582,30,44100,afac184a4c6d98c6cd51701b9da375d91c7b08f0b516a8212f69e5dd1f443db5
human_fma_medium_9231f5ce206a4ded,0,FMA,development,fma_medium:8995,component_002584,30,44100,fa3c6f2ccc66a79ec8cbfbaa584b08b66722eb5bbd855026c84cf76d6153fd0b
human_fma_medium_937a4a7ce7aa4265,0,FMA,development,fma_medium:7171,component_002586,30,44100,722afa3d145941e7de02533578e456ca67cb5e455ae14f36034abb6e1e056251
human_fma_medium_94186e925d25195a,0,FMA,development,fma_medium:11417,component_002588,30,44100,8d8ca943048b4d9e38c874c037f3ad45e0a73429c7bc7d8737335eaae4739d76
human_fma_medium_94195a750c217d1f,0,FMA,development,fma_medium:10230,component_002589,30,44100,bddf5101868e890d1db6a8446abffc10c4b8bb942bf255c59bb3d6807d0ca78f
human_fma_medium_94eafac5098a7cc9,0,FMA,development,fma_medium:16692,component_002590,30,44100,0e39d8dce6859f1be9c32c76d5e4e5dda8d4183bac900fd61ac180383f66303b
human_fma_medium_953c92952208909d,0,FMA,development,fma_medium:20920,component_002591,30,44100,361c33ac1c8c1c2467d2f6eb98ebafb43abe96b3d8bf79332eb6160734eec1c0
human_fma_medium_96b76e38600705e8,0,FMA,development,fma_medium:13423,component_002593,30,44100,4d057942a9fa72fd9b4ce1e287ac263a4d66d47f659b8bb4182730d7b265712c
human_fma_medium_96bdd0e74f84f8bf,0,FMA,development,fma_medium:15536,component_002594,30,44100,dd108d8a4b4885d1740f1047c93e9be391e11973975e89981a0c7c66c180ddf7
human_fma_medium_97392492c41256a0,0,FMA,development,fma_medium:2631,component_002595,30,44100,9c0cafe32308b0a594edd6d85e6eac2ecf242523e8a7a898abe60a75d2167ffd
human_fma_medium_97ac9635e8414bc5,0,FMA,development,fma_medium:306,component_002596,30,44100,53f9646f76910a3c93b9e8ce08b674aa03abc0e156d56d7375d89d4979b0c817
human_fma_medium_98070f160d24822f,0,FMA,development,fma_medium:22467,component_002598,30,44100,4e92965d6d7635aced2f345ba0a6633bded665e3d06a77f3a54274932f326ada
human_fma_medium_9825a6f815096e14,0,FMA,development,fma_medium:3622,component_002599,30,44100,64494a8b843716fc42b516c30271a216acdd4be299803bde2d623fc62a5850be
human_fma_medium_98a7bd1229c205ce,0,FMA,development,fma_medium:18753,component_002600,30,44100,43f5b3aeb85fc5c3ecba8f4a0c7403ad2e7c87042b6ad7a4e993422a30927fc2
human_fma_medium_990b07382f18b541,0,FMA,development,fma_medium:3354,component_002601,30,44100,9478fd85cab5853b9215eef8d487dd7acc9f7de703463a3bf995eaf625e5a01e
human_fma_medium_991522c1894d29c1,0,FMA,development,fma_medium:19449,component_002602,30,44100,f24a9f9987a62bde082c22cd8e119fa0e62b91a943600376a5dd995c901f69be
human_fma_medium_99c46fb5e4872928,0,FMA,development,fma_medium:15848,component_002604,30,44100,7296798f701d0b8e3433d33510cfeec378fd06e07ce31b9a89143d47916287c0
human_fma_medium_99c6008d6bb3a577,0,FMA,development,fma_medium:4198,component_002606,30,44100,b63e77686052684fc8ffe4589005b40e05518659afd3bb010b3f7e1fb03c593c
human_fma_medium_99e179bc4316770a,0,FMA,development,fma_medium:4028,component_002607,30,44100,a44eb70e0b63693bf689ae24bb90c2edca3fd4bc91719d87622d1f8ddb005f3c
human_fma_medium_9a2301371e4aeed0,0,FMA,development,fma_medium:21616,component_002608,30,44100,fdcbb17a339a3f597847a4682e7f550437659df315ec2d9180d6901bd14155c5
human_fma_medium_9a6b2bc9114488d8,0,FMA,development,fma_medium:7496,component_002609,30,44100,191e374789ac487f4c797f90e801c1415e427268db331280386598eefff4eb0e
human_fma_medium_9add2bdda077fdfe,0,FMA,development,fma_medium:10391,component_002610,30,44100,9e0aa58969f163ba04b5e7a5882a8526ace37e2d36c6a2c3247e501e77c3fc6e
human_fma_medium_9f0924be81292aba,0,FMA,development,fma_medium:5361,component_002612,30,44100,d177511021a4ad632f625a9c17e2dc29acdc37108a1f8e91eb6f9f94ff6465cd
human_fma_medium_9ff929041d5acf5f,0,FMA,development,fma_medium:23552,component_002614,30,44100,5e30cc96e2ecaa40e9fb5e290325be0b3f5f6bb504a25f82e75b97ee1b22780a
human_fma_medium_a061908f021a4f3b,0,FMA,development,fma_medium:4132,component_002615,30,44100,c985892742b27fb7a7fb4279c15db7b995d8715345cc72a845688f9593d2e788
human_fma_medium_a088cff9a9ad4a8f,0,FMA,development,fma_medium:3717,component_002616,30,44100,0a83e82bd171de7d48afd5d86913f9a503b511d21796e713039a00a2fcbbc63d
human_fma_medium_a0d7b1fd18011016,0,FMA,development,fma_medium:19124,component_002617,30,44100,b8bce52a7624cd0e8cd849ae272a8a86c6d00e7e01f27cbc3867c9e68a575d06
human_fma_medium_a11a90a265f6b1b0,0,FMA,development,fma_medium:21879,component_002618,30,44100,ee335c75f43405fc22d48436dae371fec4d2f6e775c010ca7d3ef64061151362
human_fma_medium_a134dfa184f88841,0,FMA,development,fma_medium:23102,component_002619,30,44100,7761351f7896c0e7a2d3b3a89e641817d7073d9ff3e8aee670748fb71b263a8f
human_fma_medium_a19b7084d2919cfd,0,FMA,development,fma_medium:140,component_002620,30,44100,e0f40312ae58f8415be63a96c06c54a5654a0fc867950a2d6456e846c7ba6917
human_fma_medium_a1d805c13b07a3f5,0,FMA,development,fma_medium:3165,component_002621,30,44100,8e46df04e3e9290502335facbff4f8df8c054eefdb332e933999cb6b17bbe957
human_fma_medium_a25e7e22292da46d,0,FMA,development,fma_medium:10456,component_002622,30,44100,ef1616f639a96f72cf3ae79a133ff29ebd69eda34249b37a00b35aebbbd37350
human_fma_medium_a2b2f0826a470ab9,0,FMA,development,fma_medium:14746,component_002623,30,44100,363c2d18d5c79bc0726b4ede4aa538af44d9fa0197d5754f9e420e8abdf29b81
human_fma_medium_a2f4119c850b6c93,0,FMA,development,fma_medium:16167,component_002625,30,44100,6bda2d453e25c2d75fa7570b8406f12d1a9222d23a11b2fde99d9fe19d39b9c5
human_fma_medium_a47b23199e284eea,0,FMA,development,fma_medium:23919,component_002627,30,44100,c2baeb4b31ecd242b93fdce9016a115014b63a8216ed75ea4a139c2e30b7fabe
human_fma_medium_a4e81a70003bfb79,0,FMA,development,fma_medium:18834,component_002629,30,44100,af2a0e5817877bf9ebe77f987e079920b63649d094cdb6a5930dd6eadc422e4c
human_fma_medium_a5e4dce616781fd4,0,FMA,development,fma_medium:15861,component_002630,30,44100,e602604f1a593e88b2d4f8d8acdb47021be071f1236eea0539aaecf9e0635c4e
human_fma_medium_a7992e64ec7baa99,0,FMA,development,fma_medium:1907,component_002633,30,44100,5529b07040d5410bcd53efbaa8338ff93ca8273e08c10dc22a8a4ff7df8da8a3
human_fma_medium_a7a092fd08803e06,0,FMA,development,fma_medium:19128,component_002634,30,44100,13f254612becab8758793e717603a862706f3974c9b90c101773d547bd4a63f7
human_fma_medium_a7ec3c79283896a4,0,FMA,development,fma_medium:17198,component_002635,30,44100,3422199d9206cf6bb61acd3bb8aa9ccfa1b32e14f769f61858a1dbbf4c3e3aaa
human_fma_medium_a8c684d2fd182f14,0,FMA,development,fma_medium:19011,component_002636,30,44100,e7c67f6a0afaf1e8adf351aaafdb38ccbe34a1875735eee3684d9d791f4f1edf
human_fma_medium_a8ccc74bed96de66,0,FMA,development,fma_medium:18195,component_002637,30,44100,8a5f744576509304ba1381997285d97293872b0fa9e7ff7927786628511a1a9f
human_fma_medium_a9ea1bc1a68b5d78,0,FMA,development,fma_medium:15547,component_002639,30,44100,252b62e865305fed894f7dd7b3e78a8c078cf23c553a16b1d7bb443d8737eef6
human_fma_medium_aaa890587fb784e5,0,FMA,development,fma_medium:13864,component_002640,30,44100,6c7a2d82e72d214d5247f1ca2c52f7b9476b8f9ddebff2157da056f5f76ffd25
human_fma_medium_ab616a0eecfa0552,0,FMA,development,fma_medium:19472,component_002641,30,44100,9935f98459cfbaae2a5635edbe1b1989732ae3943eedd2fe07d1a9de867b3c26
human_fma_medium_ac9109f08cefdbf0,0,FMA,development,fma_medium:17332,component_002643,30,44100,3fe74ee261a48dd634697cbfbadbd411f8b053a55d487c491040fcd5386fe87c
human_fma_medium_ac97e264ee18a06b,0,FMA,development,fma_medium:7629,component_002644,30,44100,4b9ba9b836115da587f2830791bfc41a6644f9bace858835d0d0c1eaf88ad862
human_fma_medium_add2abebef6cec84,0,FMA,development,fma_medium:8894,component_002646,30,44100,dbaff10549631114206532d653b44984a3510a46ec91164642f0b672299e1757
human_fma_medium_af9839b8f39ef541,0,FMA,development,fma_medium:17283,component_002648,30,44100,616f15b9572bd095ceb1b317bf20852e75199e1b672a687e887bf3a0c391207b
human_fma_medium_aff6405b2d81f625,0,FMA,development,fma_medium:1917,component_002649,30,44100,0055b0539384818eda23825cfd68886541871ca54d299ed0e02e8dcbc46afd37
human_fma_medium_b13512a8c30d6aec,0,FMA,development,fma_medium:5467,component_002650,30,44100,81bc5e5493d3b6cdaf051539252190650672911733657bfca131276a27230eda
human_fma_medium_b212f78a352dafe9,0,FMA,development,fma_medium:18156,component_002651,30,44100,23e5fa3eae0d9b06bf98fd8b0580844a7160ffe55b05335500c5cfcc28d962e6
human_fma_medium_b38e1269596df785,0,FMA,development,fma_medium:10,component_002652,30,44100,af92d4ccdc137e9f4abb5cc6217af09c7fe53d70d2628507d735b472c736e34b
human_fma_medium_b3d07c0d4cd36855,0,FMA,development,fma_medium:17123,component_002653,30,44100,37383e95b6d6169b472f167d0d21c653c3f0aa2ee95991725e2434e5d55daaee
human_fma_medium_b62f6cd402740547,0,FMA,development,fma_medium:19671,component_002654,30,44100,40a78141121aa021c3cfeb96f63489566d8e05af15a6d11091fc448542c64c45
human_fma_medium_b96da4c5c3cdad02,0,FMA,development,fma_medium:4008,component_002657,30,44100,bf4a4867c5ff4c1595061161e25c4a05f6477e03c876f9a93ea200ee5c4481cb
human_fma_medium_b991318fd568dce5,0,FMA,development,fma_medium:129,component_002658,30,44100,35f06051314d4d9d6af2c8f64c27c1d1946aca04e6d5d095874a41b0493f3dd7
human_fma_medium_b9a1fa14540e16e3,0,FMA,development,fma_medium:13918,component_002659,30,44100,146ca660c3f9d6e26f33e4cd9c4a48b6bf17331e4b18523dc44e04d5cb0a5a92
human_fma_medium_bac62593da695f8e,0,FMA,development,fma_medium:77,component_002660,30,44100,5d64a61f45609110ee1b578a7fa53eefaa2338700c5b25c5bbe207bf9230bbdd
human_fma_medium_bba01c55ff69fa12,0,FMA,development,fma_medium:4798,component_002662,30,44100,1f881fe5a61061dba31e00bd19eec129581e5cd8ed46f20359cc9cd07a0ff283
human_fma_medium_bbcf67e10068bc05,0,FMA,development,fma_medium:19183,component_002663,30,44100,8a151a1f032bc855a48e1d9e680882044ce326c6a796181ac4f6237ac7d8aad8
human_fma_medium_bc1fffc92adb9e07,0,FMA,development,fma_medium:9264,component_002664,30,44100,6d7e22594a33e9b9f22ae9282bc692ec349a57339431751453d015b595e50681
human_fma_medium_bd2e546f6e69d7f9,0,FMA,development,fma_medium:3775,component_002665,30,44100,89c0c382440f7980ffafa9d376017781cf0a909208d7466babf250e5032a8661
human_fma_medium_bd6fba6dd2eeaae1,0,FMA,development,fma_medium:17124,component_002666,30,44100,593c55bab2a4e73cf1413690304cc485986a012b6577fde3f3531a39022c0d56
human_fma_medium_be91fdf28013aeaf,0,FMA,development,fma_medium:15769,component_002668,30,44100,456fd8a1d1950689f3f422f56ffc8a9c473d033fb9f86bbe5273b9eadb0d9ed0
human_fma_medium_be9e5e92317993a3,0,FMA,development,fma_medium:23544,component_002669,30,44100,71a28059624200e05be6f624c8114c7b6d6e4999234c85c0932187427956ebb7
human_fma_medium_bea294822cd4f751,0,FMA,development,fma_medium:13026,component_002670,30,44100,5f9d5254380ed1708030d20ce2fdc13c72f0d38c31ef4813472bb599029b1ad7
human_fma_medium_bfee0fdfbc447f25,0,FMA,development,fma_medium:11944,component_002671,30,44100,cc67ce3b1cb750b1ce07ed60070acf653c8eab3815f60e54647afea727f6f6bf
human_fma_medium_bff26c3963a2b84a,0,FMA,development,fma_medium:3578,component_002672,30,44100,d62fbbbb4a1cca14f570744d7d709ba2881f8c38ea7e04beedc6b57f120ec254
human_fma_medium_c035fffc16fe1211,0,FMA,development,fma_medium:13715,component_002673,30,44100,cbb7cdb78df7a6bff075744c8c3e193ef03abe32f02185abfc0d19354613a92f
human_fma_medium_c0367080f463bd4f,0,FMA,development,fma_medium:15990,component_002674,30,44100,27c73f8c2f0222955158db1f625fc22ddd381498a88e412915e1cb20d78a7f2e
human_fma_medium_c1248ca6ec495080,0,FMA,development,fma_medium:13494,component_002675,30,44100,34b2d5f6c8767adf1a235b3c71d991c7a192c36dd7950da76282a146533449cf
human_fma_medium_c2d8465cd6d90aed,0,FMA,development,fma_medium:16465,component_002676,30,44100,ae69d3aa66d130577e186f9d491a903fca9c1096d7557d981f2b8e9b157ee655
human_fma_medium_c440f686dadb3796,0,FMA,development,fma_medium:17999,component_002678,30,44100,2547abe264d7f13682ed8e703020b1d0037155acfe1f0f012848dd67a965113b
human_fma_medium_c47498b667d3bb22,0,FMA,development,fma_medium:20286,component_002679,30,44100,99e170e2b39c472bbae5be0a98b6e2f3e20de6ecd24322593ae9627ed016fc9b
human_fma_medium_c4df718c11382bcb,0,FMA,development,fma_medium:11428,component_002680,30,44100,79b4e746b360e93b910549a2f03381a4d8a976b9788f1314a911f880b7831a90
human_fma_medium_c4f9779f209a7d2f,0,FMA,development,fma_medium:16031,component_002681,30,44100,085c72b0ebbd0a49acb36acbd1da3064fc83aa7981ee262f3bfc7d190c5a2f39
human_fma_medium_c61c867f61acf6ad,0,FMA,development,fma_medium:14419,component_002682,30,44100,6352dc73193c0de5bff18747f1856f15d881a5fcba3254429be4955b314a6c26
human_fma_medium_c8908a03652b1421,0,FMA,development,fma_medium:16066,component_002684,30,44100,facab3408e2f0910e8da583b7a0fe7529e77c63c98cf4b3959ea4dcc19c4359a
human_fma_medium_c8eae304e5870daa,0,FMA,development,fma_medium:15117,component_002685,30,44100,a357422cd498d1cfb7ca54c5ce949bddde316f8272f627051189c9e4001078d9
human_fma_medium_c952c730ab02fead,0,FMA,development,fma_medium:4799,component_002686,30,44100,9fcd47e84b70ca321154a1fdab4e04094d46755bb12f2538668bc1afede89518
human_fma_medium_ca04e9f53328fa34,0,FMA,development,fma_medium:12960,component_002688,30,44100,120e2dcbb91a433dcc10872db363dca0e628f12c4d5fb26c7ae3b93cff568703
human_fma_medium_ca3cfe26bd53fff1,0,FMA,development,fma_medium:11346,component_002689,30,44100,499cee2373b0be8f5f5d42b69b99332db02dd2ca9ba77c31d569aba7a25d1b75
human_fma_medium_cb1da9e70f740458,0,FMA,development,fma_medium:8306,component_002691,30,44100,3b04a739a06555ea17f4f05f92d24dbaf93e6a0073d6318f5e2898b3ada9f78e
human_fma_medium_cd3c37ae56411721,0,FMA,development,fma_medium:21549,component_002694,30,44100,8820272f126f7475ccb8b63c10e0234e92521db6c111d60c03f0a54185c8d540
human_fma_medium_cf6267728fdae9f8,0,FMA,development,fma_medium:8449,component_002697,30,44100,149f9e53d10f88ac653636a40c6269189f649fcba0a585fe8df6bf6b301a73ab
human_fma_medium_cf9dbd8072dcc416,0,FMA,development,fma_medium:10458,component_002698,30,44100,37703d19085cf5f394b2c8ba3bf5cab24d6ff871c5e790875d5cb0c470d0d3cc
human_fma_medium_cfaaedde75747673,0,FMA,development,fma_medium:2007,component_002699,30,44100,4ca99a24c2dd7c402bebda71ace12ebc4a55c637d4afedcbdc761079d7bfbba9
human_fma_medium_cffe431d54592749,0,FMA,development,fma_medium:20536,component_002701,30,44100,4a939f38722b695a8f73392b7bc56949feecf863b221dda100a0a2cb827ff611
human_fma_medium_d04fd955df3ced6e,0,FMA,development,fma_medium:9224,component_002702,30,44100,d634df6225a25132637776d5e8ec92ef120704950f19697d4e28f2d869ce9c7f
human_fma_medium_d05f8a77b162f3cb,0,FMA,development,fma_medium:13314,component_002703,30,44100,654eb7898f2b45317a55af5b555041309b3a32390b588add58bd6645997eb640
human_fma_medium_d1283e73ece32645,0,FMA,development,fma_medium:12769,component_002704,30,44100,ec65391dcc5322b055de024b81be42aec658affd0dc7ac9657d58c47d7ee4a14
human_fma_medium_d1926d9990ee33f0,0,FMA,development,fma_medium:21033,component_002705,30,44100,087111d5046df88b01df11594ced80753531b59048e39002263d793d4c196c91
human_fma_medium_d1b9e2370926b717,0,FMA,development,fma_medium:305,component_002706,30,44100,831ad73b54d6d8cd1ef62ef74b61918cfaa51ad73917ed779dc214327c0603ba
human_fma_medium_d2f819298d960ca1,0,FMA,development,fma_medium:17238,component_002707,30,44100,8fd54f141623bf426a7df968e8c470ba5fe0f70354b585be06d68135437e51a9
human_fma_medium_d5ab993b0387d36b,0,FMA,development,fma_medium:6048,component_002708,30,44100,0e948a18c991e2a2108b6549336825481dc59c08898bcdea2d83320b657ef16c
human_fma_medium_d5f892a2e866f71b,0,FMA,development,fma_medium:8872,component_002709,30,44100,b80f441354d698160766d92fe00eb6eef77756f3d1204270427153e912894cf0
human_fma_medium_d6406a49453f99b7,0,FMA,development,fma_medium:8784,component_002710,30,44100,d8a1c091fd6553fe338d74b7d51e12a99c89bbc2248a28f4c381b1f9afce5596
human_fma_medium_d6ec4980229c3819,0,FMA,development,fma_medium:4558,component_002713,30,44100,0e29b760c9f6393795774fc97bcaaa64766f1670c93fe1a903b6f808a0d54675
human_fma_medium_d7597afeacfb44db,0,FMA,development,fma_medium:13223,component_002715,30,44100,1efa74ba697e05c3a1a9cff1d07679bfdac2babbba7435360fd246ae3aa34181
human_fma_medium_d8283a8a1ae9521d,0,FMA,development,fma_medium:13016,component_002716,30,44100,b41d480718753bfa25b2ec1ecbd4034ea212d9aa00979d5007e5c404ed73d159
human_fma_medium_d94bf984ce72772c,0,FMA,development,fma_medium:10623,component_002719,30,44100,0f027a6e358ed39dd780af40241ac2eed52ace4972b28e99580fb51c282e546c
human_fma_medium_d94df05540024645,0,FMA,development,fma_medium:16362,component_002720,30,44100,4c6b287e4ce3192560a9414279ab625c5b184362677045db65317d3458b93650
human_fma_medium_d95c1c430ecd2362,0,FMA,development,fma_medium:19271,component_002721,30,44100,497710ddf5b7c6ac6719e1dade2bb25916cefad61fc579a0280a7a6bec52319b
human_fma_medium_da8d084e15169781,0,FMA,development,fma_medium:16745,component_002722,30,44100,30e6d3d85a5fe09a365248f5dbc66bb9a5e58d438f8e380f04d5d302552a7035
human_fma_medium_daa4d50735879a34,0,FMA,development,fma_medium:3200,component_002724,30,44100,e6abfa832783e134462a24c0352b409be3befde4e441ec9e93f03f4f362b49c3
human_fma_medium_daed3f08327339d2,0,FMA,development,fma_medium:2984,component_002725,30,44100,84f1d5d6d669734595e69c179e360c44ae445bf9a68160a13aef8fc0691a0c1e
human_fma_medium_db37a6b666576322,0,FMA,development,fma_medium:13981,component_002726,30,44100,f1b47cd6148a0631039678389a1b2094cd9cd2a30af5d46552a91b5b25b42371
human_fma_medium_db9898af97b4c6c8,0,FMA,development,fma_medium:17017,component_002728,30,44100,c5da10b48caae5e7105d38e1beb2ad5bd38b3151b3e6ddc64559af48a7bb43bb
human_fma_medium_dcb830de5e2c33d5,0,FMA,development,fma_medium:1710,component_002729,30,44100,7374badff0557446f93a1fec7a903daa9ef1cb3ef668d1247173031e64db996a
human_fma_medium_ddc9057a1e047ff6,0,FMA,development,fma_medium:2240,component_002730,30,44100,c87b3d260439c466c23dc79d464cd1d544b77e7356df2b0f4cc5b9e279753986
human_fma_medium_de7462b3165de27c,0,FMA,development,fma_medium:2355,component_002732,30,44100,104e4cc81876b9e7edaa55c9bda83073ec84d15be07fad0bbbdb2f5fa6ab1992
human_fma_medium_de9890d138834fb7,0,FMA,development,fma_medium:21513,component_002733,30,44100,0f279b962a7fda1133cfa4d00a340013b1908f5b7958ecab0abf543aeed63f7c
human_fma_medium_dea97b6722b6ea88,0,FMA,development,fma_medium:3924,component_002734,30,44100,a0d9d428bb8739ecfa20a7dc8b47be08032c25cff4e8fdd97c770dcd5301a6bd
human_fma_medium_df88249dd5f117c0,0,FMA,development,fma_medium:13671,component_002736,30,44100,4f099a727d79240df6f2736ef0b77efff198e5829289226a9caa32092a249802
human_fma_medium_e019eb8dd4606bbb,0,FMA,development,fma_medium:1881,component_002737,30,44100,1b4b2757cad494bd59af4d5dde4a8e67113d0b0c4bea8fd0d5566dd438f5a81e
human_fma_medium_e05610c13930a733,0,FMA,development,fma_medium:12529,component_002738,30,44100,214569e2bfd5b908022fec1aa930240ac3a17113d26121c917cb6ab146a6e568
human_fma_medium_e09bfcc2afb08045,0,FMA,development,fma_medium:14343,component_002739,30,44100,2e0649a8542ecd86f40cbef373e50ee496d59a8f3739b01ef8f2c3bc2dcd34ee
human_fma_medium_e0dfc2693696ef7d,0,FMA,development,fma_medium:1395,component_002740,30,44100,0dca660582a83b4394c3dc336458176c5fa97db8f33c2a0305da5d3720896b0b
human_fma_medium_e110738404cfcd00,0,FMA,development,fma_medium:22772,component_002741,30,44100,d475396c5b618311bc665c0f93238306df2a0e3a91f2048fa2de7f178551148a
human_fma_medium_e1798f971a8367d8,0,FMA,development,fma_medium:12208,component_002743,30,44100,f07335369ca0641f11d8e60e7e2c3fb261ef903e31c5867e27d119f06bd76a2c
human_fma_medium_e25716fbf89c2478,0,FMA,development,fma_medium:19164,component_002745,30,44100,a93c785ab936ac87c327043429512dd01621fb1bdd40464371a181f0daf7c3be
human_fma_medium_e25a46918ac56ce1,0,FMA,development,fma_medium:12952,component_002746,30,44100,cd60b27777eaa930752263817acf01eda18034e3a10bd969461e2024554e9590
human_fma_medium_e2ff51ced13ab583,0,FMA,development,fma_medium:5621,component_002748,30,44100,e3feb9f04e201c5dfeb36c6a0bcee3e103e6e9b7cf3aa3354b9ff5cc148f5b98
human_fma_medium_e599868aa07c5e12,0,FMA,development,fma_medium:3640,component_002751,30,44100,a49d5bf3779bc585a4116fa3667c77d9ed10f0b1ec3411cd96fe84bb1080c60f
human_fma_medium_e6c4bf70e6636f26,0,FMA,development,fma_medium:16755,component_002752,30,44100,a686697eeca399abb26df6cf3312dc36c63925a2b898d844c8068ff8c38618e0
human_fma_medium_e7b8ec73efd115d0,0,FMA,development,fma_medium:13451,component_002754,30,44100,93586020bf3a93ab6ba5878d671d512b1f8dbce780e869beb78373ca484a4752
human_fma_medium_e7e10fc8fb0e4025,0,FMA,development,fma_medium:22774,component_002755,30,44100,cdca97a77209d7d58d8d077cf2ff43a640ea2bab1da40134c4e24a21704d9e88
human_fma_medium_ebb99f897ae6275f,0,FMA,development,fma_medium:22222,component_002758,30,44100,7f1976c65f1a7041b2deb8e19be8c4df7e180080f017ad0aef8d893456cf8207
human_fma_medium_ed3fdd7dce9b0bae,0,FMA,development,fma_medium:12291,component_002761,30,44100,f4d5b3af220c86e1ea516a746845780f7e7fc310fccf130eb99d14fc10e970c9
human_fma_medium_ede6d7d9fdeb4a3a,0,FMA,development,fma_medium:10017,component_002762,30,44100,8b2c279f41d2621e9287de7a267aaa985023ac9d4ba49127e142c87cbdb144e7
human_fma_medium_ef10e2bdc89c4838,0,FMA,development,fma_medium:7491,component_002763,30,44100,bd68553306b05beda354f284048becc8518f5c3b7a9001a65838c6f8fd4d3466
human_fma_medium_f04e58cb50b0d8d5,0,FMA,development,fma_medium:3696,component_002764,30,44100,35bc85cb8061794c4c99e565ab6ee603cbe8845b6e387e99e4ad690839411069
human_fma_medium_f09e5bc025cb8be5,0,FMA,development,fma_medium:13767,component_002765,30,44100,c5b1836b08ef7b15a324a7d4c52411dce7784c50f07eda7db811bd7865ad68c4
human_fma_medium_f1f25830afa3a247,0,FMA,development,fma_medium:23854,component_002770,30,44100,3b24bb004e5e8fa9abcd20775d2aad19b715c7b3b9fc57104690411e2c71bbec
human_fma_medium_f212cab31354a9da,0,FMA,development,fma_medium:17695,component_002771,30,44100,c47007f516932e2798e2b8ff9beff1c7ee2e57c3f1d005b7d2524eb9f5001a04
human_fma_medium_f221952739ee7fbd,0,FMA,development,fma_medium:17781,component_002772,30,44100,43c4c0a63074c8e57c288f01b1290989358ef5d7ac75f8a57b49ace2ef5bf270
human_fma_medium_f303645ac72f8443,0,FMA,development,fma_medium:21958,component_002773,30,44100,5f7078740fff7a90975c890d505df974c5caa8bcff51be7f09ce94e5c3db9e8e
human_fma_medium_f34adedc814830fd,0,FMA,development,fma_medium:10475,component_002774,30,44100,0bc60572d8deb27cbd1687802f1dc7f7e8ff61623eb105461da7d1fa826cd93a
human_fma_medium_f408914d6a3d2219,0,FMA,development,fma_medium:7340,component_002775,30,44100,f092726a35a304f4c23c684b8c20b509fd9e0cce773f3a0eefe7b67e5955c330
human_fma_medium_f4e24eff7395c99b,0,FMA,development,fma_medium:5928,component_002778,30,44100,941dea3597a3730da56da810a419d0c4a07d3d922c6413c9197097e83b2c0f31
human_fma_medium_f5580fe6a6ba0be0,0,FMA,development,fma_medium:1911,component_002781,30,44100,d90aa5021798ad555a4e62906fce05e2da625c24c5f5dba7dbf76d567e75eca9
human_fma_medium_f5b5b67a541f1c0e,0,FMA,development,fma_medium:128,component_002782,30,44100,f1430f13f9d60bdee2b39ebbb69fbf348a3939e9d1d9933e9c0600ee5c5e451d
human_fma_medium_f672bd03fb511023,0,FMA,development,fma_medium:22178,component_002783,30,44100,271f7eae95c91addca97f91626f4a76e5f1d6a984c0728d531b62e11ac4b933c
human_fma_medium_f69399cef0868c26,0,FMA,development,fma_medium:17496,component_002784,30,44100,b5cd744cacfaf6686c555f7aeb40f71a574bc1c9ebead36eae40f0a0931dd4d9
human_fma_medium_f6c5005aa57ed19d,0,FMA,development,fma_medium:13028,component_002785,30,44100,d00e4e5b12c4bb1cf0e0624e3dbf8df50031cc74c83ad7063843620ecb0e3b26
human_fma_medium_f7330e8e04557914,0,FMA,development,fma_medium:149,component_002787,30,44100,b302eed7bb38de09eadca5b812c038f4afaf4972d3bab6f195dc8e31a172747b
human_fma_medium_f73b9a7075ae4723,0,FMA,development,fma_medium:5265,component_002788,30,44100,23d79e197d7c8a0e396e28578653aadc18611e42df731e0baecd5404bcb75392
human_fma_medium_f8b8751a2f095250,0,FMA,development,fma_medium:4724,component_002792,30,44100,2be0d51cf2312cede848bddf8768085a1586e70b4f9ea3b2a7a113669aead381
human_fma_medium_f95d750c14794019,0,FMA,development,fma_medium:11979,component_002793,30,44100,d91a6f642acfa02b278171bd29e47237d4cc93b7c0260f023fc02e52349d26df
human_fma_medium_fa3ad561988d197b,0,FMA,development,fma_medium:20289,component_002795,30,44100,c6a5b7cbb438a955a9ef6ba98663329f7e39a30bf16e85b929635f0a035ab457
human_fma_medium_fb789e868ddd45df,0,FMA,development,fma_medium:21305,component_002797,30,44100,11c0d464eba5da6e11faa5d52b05708c10820a66efcc3877fc4bdab40c5dd9f9
human_fma_medium_fbfe652d03b336cd,0,FMA,development,fma_medium:21983,component_002798,30,44100,53310bd4c819b31cde1e3b7956bc60bdf71eb86509a948d14391bb855cb43132
human_fma_medium_fbfe81778eb91c20,0,FMA,development,fma_medium:19841,component_002799,30,44100,77a722a6f0791bfb049591b61c892346d3e9b0126b7aea5a3413875371d889d4
human_fma_medium_fc0a464f096ac01a,0,FMA,development,fma_medium:5260,component_002800,30,44100,26c71f330ce0c23709558dfaa9f51bfd9757538154469909a0c8a4d0ac346ed6
human_fma_medium_fc6fb00a9853f92f,0,FMA,development,fma_medium:21754,component_002802,30,44100,86ba57c24b8f127a944341c17a443ca5ca129884ce7f0cb471825b0fc9ea2659
human_fma_medium_fda25286dd99ca18,0,FMA,development,fma_medium:10012,component_002803,30,44100,cd51638d8872f737ded82de0c1b9252e7c521a74bf7d2f5a47a358b05bb25e07
human_fma_medium_feb02f0312f9d5ac,0,FMA,development,fma_medium:22583,component_002804,30,44100,13efe28ab1b8bf112918e68afc050c44a9fc452d1e1d3b44c9f12242788010ae
human_fma_medium_fee1d1b14cb3fbb7,0,FMA,development,fma_medium:10500,component_002805,30,44100,bb223e7402e9e65fb1d0b6bbf8ea810a9f5858874900d419a96f54a04104c76b
human_fma_medium_ff28a486c67119e4,0,FMA,development,fma_medium:1675,component_002806,30,44100,94de91fcccac154cb3ae935cc3bec64bd4dbca561d4d8ca9f3566768b0de8f20
human_fma_medium_ffe3be17181c3bc7,0,FMA,development,fma_medium:9367,component_002809,30,44100,ec23c33e03be9671ad0a44a528c2623f9781c22f6c52954f66c101c778147bcc
human_fma_medium_fff7f25b8703ad6f,0,FMA,development,fma_medium:13391,component_002810,30,44100,13992718ef975ac59d16a8570997297cf12409bf88ff59424162602805a5e627
human_maestro_0001,0,human_maestro_v3,development,human_maestro_v3:creator:Ludwig van Beethoven,component_003011,30,48000,90660b4ac80d61958a2b5f5280d1511337b475bcf5a538bd2da151d888ae0235
human_maestro_0002,0,human_maestro_v3,development,human_maestro_v3:creator:Claude Debussy,component_003012,30,48000,39d0a2ad60b54cc4d3787f7b8956e6734fa11fa3af028ced7410fa021d919ef3
human_maestro_0003,0,human_maestro_v3,development,human_maestro_v3:creator:Pyotr Ilyich Tchaikovsky,component_003013,30,44100,f06b4b970d71b3d7f9e21a003c7b3006f957e0773269fce21229bdefa18a50e4
human_maestro_0004,0,human_maestro_v3,development,human_maestro_v3:creator:Wolfgang Amadeus Mozart,component_003014,30,44100,736874070a441e51e06445dc63bc00bc3ed1a64517678fe37b4c9762725bdfc1
human_maestro_0005,0,human_maestro_v3,development,human_maestro_v3:creator:Frédéric Chopin,component_003015,30,48000,588ef8325f8265fd63f806fedab4936107af1206080ff750b372df90efbb4c53
human_maestro_0006,0,human_maestro_v3,development,human_maestro_v3:creator:Franz Liszt,component_003016,30,48000,8ca136f41296c56bfb77866ac681a7d6f08c423f80b4c33a0a7df96c3249f642
human_maestro_0007,0,human_maestro_v3,development,human_maestro_v3:creator:Alexander Scriabin,component_003017,30,44100,64e38d74989d5a9780c4a3bc79c413528488ada5fcb8fe1aeb144ce0443f8d97
human_maestro_0008,0,human_maestro_v3,development,human_maestro_v3:creator:Claude Debussy,component_003012,30,44100,34e376ec42fbaaebb1c2b1695ad0f3c4de05bac136fd36d9dc9502a280b80bda
human_maestro_0009,0,human_maestro_v3,development,human_maestro_v3:creator:Frédéric Chopin,component_003015,30,48000,a14d8ef84695cf1e6703e57f4c7860855668792bac0242d7ace4c9319d187710
human_maestro_0010,0,human_maestro_v3,development,human_maestro_v3:creator:Frédéric Chopin,component_003015,30,44100,ace01b4e6f598fc4f792d7ba8319bcfb5014f16f6c2858e793b9b86540c39231
human_maestro_0011,0,human_maestro_v3,development,human_maestro_v3:creator:Ludwig van Beethoven,component_003011,30,48000,0bc9c1291e336265ce3aabc968933f96c6019bc0ad88051249b5f4e7b58b1af1
human_maestro_0012,0,human_maestro_v3,development,human_maestro_v3:creator:Joseph Haydn,component_003018,30,44100,3c13d3f7cf43c206c2e886a5ba4abb88dec05c18a2fee92c6c471c9776763d27
human_maestro_0013,0,human_maestro_v3,development,human_maestro_v3:creator:Franz Liszt,component_003016,30,44100,127c0c72a07f7d80482ae8c9448e0ddcb3bf305e9a4f286c08110e81ae8cb6af
human_maestro_0014,0,human_maestro_v3,development,human_maestro_v3:creator:Frédéric Chopin,component_003015,30,48000,3352b1321275c33ec1d57428198556a2750bcde49468e51540975c3ba1e48d2e
human_maestro_0015,0,human_maestro_v3,development,human_maestro_v3:creator:Franz Schubert,component_003019,30,44100,24e7d420e0f051a9835cea41b7504837cc3430c481623293da3a64b439984cd8
human_maestro_0016,0,human_maestro_v3,development,human_maestro_v3:creator:Franz Schubert,component_003019,30,44100,24bd92b8bd4981afce3f6b8cb6a6e5322597d6b0ad7ca3032ff74b7be263d383
human_maestro_0017,0,human_maestro_v3,development,human_maestro_v3:creator:Domenico Scarlatti,component_003020,30,44100,09912dae207cbd485350a2d271e54b2f431e19ca6741cd553e8799f2c2b30ce3
human_maestro_0018,0,human_maestro_v3,development,human_maestro_v3:creator:Johann Sebastian Bach / Franz Liszt,component_003021,30,44100,7635439841f4577d191035a8dc98e1d3f4f7fde206c73caff23cd241fe81d86f
human_maestro_0019,0,human_maestro_v3,development,human_maestro_v3:creator:Domenico Scarlatti,component_003020,30,44100,94009a6d52580f3d603ca9fbcb54e3fc8320b3770821ee423cd50df1a0031670
human_maestro_0020,0,human_maestro_v3,development,human_maestro_v3:creator:Johann Sebastian Bach,component_003022,30,48000,c8b47040c0b2abf75d73ac3abb8b06226da1e4db3d4df0317b3796568b8f7255
human_maestro_0021,0,human_maestro_v3,development,human_maestro_v3:creator:Felix Mendelssohn,component_003023,30,44100,2ee8309727c71daaa00f5c1a7e8e5fa3dd89a8e0e7a4ac495dd54eae415b5246
human_maestro_0022,0,human_maestro_v3,development,human_maestro_v3:creator:Johann Sebastian Bach,component_003022,30,48000,90864f64202dbab6ea3ba22a7bd1f3f87c0b402ce6e45368c482a269d53c1f43
human_maestro_0023,0,human_maestro_v3,development,human_maestro_v3:creator:Ludwig van Beethoven,component_003011,30,48000,792f8352aad5bd5c9ce290d653fc38ce706160e76921a4f58bd56df882a8e3c5
human_maestro_0024,0,human_maestro_v3,development,human_maestro_v3:creator:Frédéric Chopin,component_003015,30,44100,df31b901d1d5446deae6bb0f243c20bf2075d863780baa685cac6de84a0ea905
human_maestro_0025,0,human_maestro_v3,development,human_maestro_v3:creator:Johann Sebastian Bach,component_003022,30,44100,74f49db59d872bad634d12b2638feab90804963568d584e74d56dbaec2d3fe5e
human_maestro_0026,0,human_maestro_v3,development,human_maestro_v3:creator:Franz Schubert,component_003019,30,44100,13c7e59c0146430eaaa98bb7c409b6f217ce725899a8c100a881abecf620c389
human_maestro_0027,0,human_maestro_v3,development,human_maestro_v3:creator:Franz Liszt,component_003016,30,44100,9b5dd5ec8f51b6fba29333ef4bc1b129bca87cba5ea5fde8d33c2d5d057cf9b9
human_maestro_0028,0,human_maestro_v3,development,human_maestro_v3:creator:Johannes Brahms,component_003024,30,44100,aa646f62fbf1bf6fa8d861211475553f6b2cbc5e26d1f260a167dd2bf2243881
human_maestro_0029,0,human_maestro_v3,development,human_maestro_v3:creator:Robert Schumann,component_003025,30,44100,5032ddc8f14aac1408e1b78015716b6218495846a481ce64ede46b29f25420cf
human_maestro_0030,0,human_maestro_v3,development,human_maestro_v3:creator:Franz Liszt,component_003016,30,44100,65854ffa901bdd9d6a5cffa5c60f3d2cd9a5d5961f104fc71885a6ffebc7e77f
human_maestro_0031,0,human_maestro_v3,development,human_maestro_v3:creator:Frédéric Chopin,component_003015,30,44100,384ad0523aa290fb33feb4122e16538b55fb28c7eff1bb65cd8875187d947ad9
human_maestro_0032,0,human_maestro_v3,development,human_maestro_v3:creator:Franz Schubert,component_003019,30,48000,d01696d7b344bad346bb854d636e7592fbb8d0f86f91c50d018cd759d45d5bf6
human_maestro_0033,0,human_maestro_v3,development,human_maestro_v3:creator:Robert Schumann,component_003025,30,44100,a75d440e5b9c7f7e675f9455497dccc4518f705fa41df0f44b6fdb9aa2135eb0
human_maestro_0034,0,human_maestro_v3,development,human_maestro_v3:creator:Joseph Haydn,component_003018,30,44100,a96bc27e555219267b7dfd3843d986bc49ecf2b8f7ad4ebf46bb09dc07c8280d
human_maestro_0035,0,human_maestro_v3,development,human_maestro_v3:creator:Franz Liszt,component_003016,30,44100,3a288a046cb1a4473b9f2c2f26619fc672287b86a96c111604351b3c28e6b56d
human_maestro_0036,0,human_maestro_v3,development,human_maestro_v3:creator:Johann Christian Fischer / Wolfgang Amadeus Mozart,component_003026,30,44100,3bbe96f68f735bf040072673b7aec8821990c809fb88a4b74f6a1ed352bdd69d
human_maestro_0037,0,human_maestro_v3,development,human_maestro_v3:creator:Ludwig van Beethoven,component_003011,30,48000,4de6c92f35d448fbd4ceebbbbc0afdf2b74fae362a03d08516c05360b80b0dad
human_maestro_0038,0,human_maestro_v3,development,human_maestro_v3:creator:Franz Liszt,component_003016,30,44100,bee788e05d95844c725310e24a8bda7f1e3c7284bf0563d1ae8f02a2ed2846a1
human_maestro_0039,0,human_maestro_v3,development,human_maestro_v3:creator:Franz Schubert,component_003019,30,44100,6d925ff9d4a4d6e70aa15fbf75a76311dc456643a66781905929907b136a7661
human_maestro_0040,0,human_maestro_v3,development,human_maestro_v3:creator:Alexander Scriabin,component_003017,30,44100,4bda968c3b4d8bf2ed5cc1e4eaae50f05257e166e8685000e8899ddbe6a94565
human_maestro_0041,0,human_maestro_v3,development,human_maestro_v3:creator:César Franck,component_003027,30,44100,dc11ec6e7c42894f44f39ee62aa33478a605737fe002d55e4c9a4de5dd0451ec
human_maestro_0042,0,human_maestro_v3,development,human_maestro_v3:creator:Pyotr Ilyich Tchaikovsky / Sergei Rachmaninoff,component_003028,30,44100,c1c7e7feb6b0f3989b02aedaa9d3f3e8375b171a008dde057e2e3df39e51417c
human_maestro_0043,0,human_maestro_v3,development,human_maestro_v3:creator:Frédéric Chopin,component_003015,30,44100,83172d8d18c115e3f3a0d2e247c414f043d4dc9f94f1b03256ea086246ab4f15
human_maestro_0044,0,human_maestro_v3,development,human_maestro_v3:creator:Frédéric Chopin,component_003015,30,44100,729b3b4f4063f8368dd7df2610ba3c86b2876fcbd351eb71666d23ebf2222437
human_maestro_0045,0,human_maestro_v3,development,human_maestro_v3:creator:Franz Liszt,component_003016,30,44100,ba1bee159e87b99650230703a1066641a70688c10349f7274ed26b971d9a98fa
human_maestro_0046,0,human_maestro_v3,development,human_maestro_v3:creator:Franz Schubert,component_003019,30,44100,7cff224686f6cc3bf2723512595664e905dc9f0424d30e9c531492d93f051efd
human_maestro_0047,0,human_maestro_v3,development,human_maestro_v3:creator:Franz Schubert,component_003019,30,48000,5f032700dbb25008497c7e6e66147bcb06b76fc63cb96904f62583c383bbd4bd
human_maestro_0048,0,human_maestro_v3,development,human_maestro_v3:creator:Franz Schubert,component_003019,30,44100,8b0468c5e90628eec742b44713acba2b389b6c9301bee8d9ba92d0888e96970b
human_maestro_0049,0,human_maestro_v3,development,human_maestro_v3:creator:Franz Schubert,component_003019,30,44100,fffa3b0898cff28984986c37f6251a5b4194fc47e9ad7d25598260726babd0f9
human_maestro_0050,0,human_maestro_v3,development,human_maestro_v3:creator:Frédéric Chopin,component_003015,30,48000,7acb6467dcf9297b582c82e6c98e248a307d3e0d7b747af7ec379df9433b603d
human_maestro_0051,0,human_maestro_v3,development,human_maestro_v3:creator:Joseph Haydn,component_003018,30,44100,77ca892200d3ae172e1389ecd6fd5c28480d19a45eec0e908bbd881b543ce110
human_maestro_0052,0,human_maestro_v3,development,human_maestro_v3:creator:Frédéric Chopin,component_003015,30,44100,dd765de6c88e34ad4f6d271af1a41c547de67680019a4dc084e0b553af585875
human_maestro_0053,0,human_maestro_v3,development,human_maestro_v3:creator:Frédéric Chopin,component_003015,30,44100,67ca31c2b84fbb44516f61840b330da3944f8b67e4eb34be985edda8da1b12d3
human_maestro_0054,0,human_maestro_v3,development,human_maestro_v3:creator:Frédéric Chopin,component_003015,30,44100,a5f7f35b9190f673637890949bc785d80d54fd8150496db0ae5b4cca9eaa4a34
human_maestro_0055,0,human_maestro_v3,development,human_maestro_v3:creator:Johann Sebastian Bach,component_003022,30,48000,58b8ab1c631153cb4b1157bf9443c7c1781c0a5a702c7ae130cfc77c3b73efc5
human_maestro_0056,0,human_maestro_v3,development,human_maestro_v3:creator:Franz Schubert,component_003019,30,44100,1782665acc52721d7a29fb320a85125e5a9495540e6fa95cc2668afcc15131b7
human_maestro_0057,0,human_maestro_v3,development,human_maestro_v3:creator:Robert Schumann,component_003025,30,44100,d9270c55150ef5e20e99f8b0e48589ef0e8ecda9d556d72431d19d1f90d11fa4
human_maestro_0058,0,human_maestro_v3,development,human_maestro_v3:creator:Franz Liszt,component_003016,30,44100,c9cf8de6cb62c3b1f94c355e8cf5ef97edd2d28ef42bd56ebe523bce0ecd1420
human_maestro_0059,0,human_maestro_v3,development,human_maestro_v3:creator:Frédéric Chopin,component_003015,30,44100,ba50d7d465196a9bdcb4571c6403ad464da81789cfd6e1bc82a1072dedbf6541
human_maestro_0060,0,human_maestro_v3,development,human_maestro_v3:creator:Frédéric Chopin,component_003015,30,44100,059e652ce697e6ee6adde3118777a18532fa62edb4c798881485c8ed7dc9775e
human_maestro_0061,0,human_maestro_v3,development,human_maestro_v3:creator:Felix Mendelssohn,component_003023,30,44100,aa84ff9301ed3de6c3c717fbc206618e27edc54583b9b3812dd1c3f806d1b596
human_maestro_0062,0,human_maestro_v3,development,human_maestro_v3:creator:Muzio Clementi,component_003029,30,44100,4aff99ecf2d15a74eaf7ffcb39e9b08147b12d35aa3d0e427129389ae7780bea
human_maestro_0063,0,human_maestro_v3,development,human_maestro_v3:creator:Leoš Janáček,component_003030,30,48000,81be29ce2f5c0194f288b9f6a7e1cdea49c9b1899df99840d9fa5a29fa83f912
human_maestro_0064,0,human_maestro_v3,development,human_maestro_v3:creator:Frédéric Chopin,component_003015,30,44100,b3d4a1cd2c2c104fc3e605248935504fa161be757387e63967e3ca126e4c50a0
human_maestro_0065,0,human_maestro_v3,development,human_maestro_v3:creator:Isaac Albéniz,component_003031,30,44100,c5b30ea86f3d153dff5bc0803c09ac51dff4724798e6779d290e39c02b05108f
human_maestro_0066,0,human_maestro_v3,development,human_maestro_v3:creator:Alexander Scriabin,component_003017,30,44100,e9af0b964443155a0fa806b5f84ee76971c8a6823de547d10a2d710a40323aff
human_maestro_0067,0,human_maestro_v3,development,human_maestro_v3:creator:Franz Schubert,component_003019,30,44100,a64eeaeecc0c2cae5e9c2c937a9c188626ab149ceba9cccab7de66206a032239
human_maestro_0068,0,human_maestro_v3,development,human_maestro_v3:creator:Franz Liszt,component_003016,30,44100,13d3bcf0400ef441003afdd2915d0e19d2d23e65e1c07e932f0b91ef6034e739
human_maestro_0069,0,human_maestro_v3,development,human_maestro_v3:creator:Ludwig van Beethoven,component_003011,30,44100,e5b9495ca87f0540b2a116d35adc45cf4ed2b950371e5d5fd805f17e9301e42c
human_maestro_0070,0,human_maestro_v3,development,human_maestro_v3:creator:Wolfgang Amadeus Mozart,component_003014,30,44100,a4532fb47e33a60ab61d05647f06ae93319565d44acdd9b70dc0ff7ae4d8f7ff
human_maestro_0071,0,human_maestro_v3,development,human_maestro_v3:creator:Frédéric Chopin,component_003015,30,44100,e64e541a3e1672a75854badf9c5feaa1c64020dc205c42b8d63ba7c7ddf6696f
human_maestro_0072,0,human_maestro_v3,development,human_maestro_v3:creator:Johannes Brahms,component_003024,30,48000,4d346e65287d583b0f50dc2a5dca4e731d20fec24b3ac387a5dc5d7d0493d27c
human_maestro_0073,0,human_maestro_v3,development,human_maestro_v3:creator:Ludwig van Beethoven,component_003011,30,44100,a409452622c975ac67fdd91809bb17c2912ad84d90c2e6feba4c109308ddddf2
human_maestro_0074,0,human_maestro_v3,development,human_maestro_v3:creator:Sergei Rachmaninoff,component_003032,30,44100,e343baa4d379857f58a2e74c7fc4e379739f5cee1d349e8a560c0acde87994d6
human_maestro_0075,0,human_maestro_v3,development,human_maestro_v3:creator:Alexander Scriabin,component_003017,30,44100,5fd346034d2a52ddbfddffe752ec67f98fbc6c185034c7eeefa232d0474a2064
human_maestro_0076,0,human_maestro_v3,development,human_maestro_v3:creator:Frédéric Chopin,component_003015,30,44100,a4cb64a80f50cc1600800bf61e323480332ffd300647b289d1379a65c50bca82
human_maestro_0077,0,human_maestro_v3,development,human_maestro_v3:creator:Claude Debussy,component_003012,30,44100,36ebdfdc3429c20bf61bc565e58c92fda32c31244a1d0c61db050f1ddc1c255c
human_maestro_0078,0,human_maestro_v3,development,human_maestro_v3:creator:Joseph Haydn,component_003018,30,44100,318785869b2755351bc4309d89011d31d329eee190a90dcf96096b37fb046b79
human_maestro_0079,0,human_maestro_v3,development,human_maestro_v3:creator:Franz Schubert,component_003019,30,44100,6b40d8ea887722df0c8748fe52b45c9c224ad7fb612600c462ab44f506cde16e
human_maestro_0080,0,human_maestro_v3,development,human_maestro_v3:creator:Franz Schubert,component_003019,30,44100,122b65123e4ab825f61b14a3cf70035d853180238b3a121a63b53cffc2e97285
human_maestro_0081,0,human_maestro_v3,development,human_maestro_v3:creator:Sergei Rachmaninoff,component_003032,30,48000,89b2024ef26f941f33d96c0d1e6b3afbfc0db47018350b11090bdb62978e40d1
human_maestro_0082,0,human_maestro_v3,development,human_maestro_v3:creator:Franz Schubert,component_003019,30,44100,628fc764eeb2890620f62546ed082fa29b98e17b6b3d12c6dd755bf649e5cd85
human_maestro_0083,0,human_maestro_v3,development,human_maestro_v3:creator:Franz Liszt,component_003016,30,44100,0c12ffd565a330ff23a5d8a479aa1fe8bee74cb7e08d4775a851cb981d9f7621
human_maestro_0084,0,human_maestro_v3,development,human_maestro_v3:creator:Richard Wagner / Franz Liszt,component_003033,30,44100,13bfe3595b8f953babd4c506a09ad59cc05ab0736de6bb3c63d0815b1ffb7a5e
human_maestro_0085,0,human_maestro_v3,development,human_maestro_v3:creator:Claude Debussy,component_003012,30,44100,324a8e1e7703358d78b587e66db1a930beba2822d67d29b130cffe5893a26faa
human_maestro_0086,0,human_maestro_v3,development,human_maestro_v3:creator:Sergei Rachmaninoff,component_003032,30,44100,dda57a68dcaa5370db76bc1b04ced29aab6757b041ca71274a744dd3caf28e62
human_maestro_0087,0,human_maestro_v3,development,human_maestro_v3:creator:Johannes Brahms,component_003024,30,48000,c9bf0de9ca6f26f6ad92022a9f79ac99d0a35118834118555e3ba078c8824287
human_maestro_0088,0,human_maestro_v3,development,human_maestro_v3:creator:Franz Schubert / Franz Liszt,component_003034,30,44100,38551abcc07ec2670c4452ab12d6c632070977f8fc9d362d68e65befd487509a
human_maestro_0089,0,human_maestro_v3,development,human_maestro_v3:creator:Franz Schubert,component_003019,30,44100,629d0a05106b273473cb9e5c1749f1921f5ef6f75ffd2736994323b3ce2467fc
human_maestro_0090,0,human_maestro_v3,development,human_maestro_v3:creator:Franz Liszt,component_003016,30,44100,c5804f71e1b10a813009d370adac8323ea1464c458b8e1f0df7db03a332ceff9
human_maestro_0091,0,human_maestro_v3,development,human_maestro_v3:creator:Johann Sebastian Bach,component_003022,30,48000,12878f44ca69080b59fdcaa67fb549556b2f55062900583e24186f6ba1a6249a
human_maestro_0092,0,human_maestro_v3,development,human_maestro_v3:creator:Frédéric Chopin,component_003015,30,44100,3aa3868886ab23dd4c462f11696e46f5e3500689889b39c933754f5c4724a069
human_maestro_0093,0,human_maestro_v3,development,human_maestro_v3:creator:Frédéric Chopin,component_003015,30,44100,ca238c73cf28a9a15a87131cc8eafb541fa3f2dbb3d4d76ef2fc4b39d197c544
human_maestro_0094,0,human_maestro_v3,development,human_maestro_v3:creator:Franz Schubert,component_003019,30,48000,5f70d49b7a0cea37a1383133ad65485562b9f264db30fa63c83d3ac801704790
human_maestro_0095,0,human_maestro_v3,development,human_maestro_v3:creator:Joseph Haydn,component_003018,30,44100,c30d62352c315c69c715c24b7866828bdcb26079054b4561b5a576dad93b2d46
human_maestro_0096,0,human_maestro_v3,development,human_maestro_v3:creator:Sergei Rachmaninoff,component_003032,30,44100,264a763d15715c50b84d8bcf8d7e38b962d13b9e8dfb06bc84bb20a576bef68a
human_maestro_0097,0,human_maestro_v3,development,human_maestro_v3:creator:Robert Schumann,component_003025,30,48000,588907bbbb0265f12a2acbd3eb09aeee15f465cb59481a0d1fbb66faeb31cfd4
human_maestro_0098,0,human_maestro_v3,development,human_maestro_v3:creator:Ludwig van Beethoven,component_003011,30,48000,c12a2b746d1abaf057905d3fc634165775b7072b27cf578cc0f35b1ba16a4f33
human_maestro_0099,0,human_maestro_v3,development,human_maestro_v3:creator:Frédéric Chopin,component_003015,30,44100,7cabdd2b073e1a8847918d355bc860fbdc40e2dcd8b543e1d2dcfc1f2812a541
human_maestro_0100,0,human_maestro_v3,development,human_maestro_v3:creator:Franz Schubert,component_003019,30,44100,3aeadb8a0ead1dff954aabe7146924980b2e56b7a78ab47d5fc9f00dbb96211e
human_maestro_0101,0,human_maestro_v3,development,human_maestro_v3:creator:Claude Debussy,component_003012,30,44100,d6281424fdb7c9609d46b29807f6994687434a89830d68612074cc023b262343
human_maestro_0102,0,human_maestro_v3,development,human_maestro_v3:creator:Wolfgang Amadeus Mozart,component_003014,30,44100,d8c9265a37d157a413d7c591f7372eff13eb540ffca77700dff90aa4a43b6fe1
human_maestro_0103,0,human_maestro_v3,development,human_maestro_v3:creator:Modest Mussorgsky,component_003035,30,48000,b3654365db32a85feaea7397cc2d5a9418c495fb24c1879c1773a2d7106c1f61
human_maestro_0104,0,human_maestro_v3,development,human_maestro_v3:creator:Franz Schubert,component_003019,30,44100,a962c5d1645c7f2cf5027e03aa81d4eb001fd2f37eeb26303fdc8d794fb791e2
human_maestro_0105,0,human_maestro_v3,development,human_maestro_v3:creator:Johann Sebastian Bach,component_003022,30,44100,a7867c2ce404b8b07430f20aa26204c1334283764c4a0ba266ffa243891c83fe
human_maestro_0106,0,human_maestro_v3,development,human_maestro_v3:creator:Alexander Scriabin,component_003017,30,44100,f2287f5ad553dee8f2447a30afd5a664ca8ca49bd90eb1cfce65550b2762d392
human_maestro_0107,0,human_maestro_v3,development,human_maestro_v3:creator:Muzio Clementi,component_003029,30,44100,ae11eff8b830eaa06b6e528e1949c677dd65a5fad7a92a9992d75349783eddc4
human_maestro_0108,0,human_maestro_v3,development,human_maestro_v3:creator:Franz Schubert,component_003019,30,44100,913f9920a3631494fb2e70aaca4e4a3b02e80c1cc00445c2278b7448e23e54e5
human_maestro_0109,0,human_maestro_v3,development,human_maestro_v3:creator:Domenico Scarlatti,component_003020,30,44100,0813c338af8e1ea5e252741f559067f83c0121b365de1293e8b72fcc77cec431
human_maestro_0110,0,human_maestro_v3,development,human_maestro_v3:creator:Muzio Clementi,component_003029,30,44100,6d8fb40081099faea1453a402c92954060d9c71ebe38a613b71d20d81197969c
human_maestro_0111,0,human_maestro_v3,development,human_maestro_v3:creator:Ludwig van Beethoven,component_003011,30,48000,6cef9ea26acbdb6846218f14cb391e52d5ad2859644bcfc41a2a6d0e5cc37486
human_maestro_0112,0,human_maestro_v3,development,human_maestro_v3:creator:Alexander Scriabin,component_003017,30,44100,1ec4a4533f6de9dd52f41a3b32fa86cb54e3d506d99e6301b529d6610a9e4d42
human_maestro_0113,0,human_maestro_v3,development,human_maestro_v3:creator:Franz Schubert,component_003019,30,44100,7e0969ab8cf2bfd7e97bee9e6c3ee452752d1e2c7b240ee5368aaf399f7d01b4
human_maestro_0114,0,human_maestro_v3,development,human_maestro_v3:creator:Johann Sebastian Bach,component_003022,30,44100,2d2696d48a01a95d4598aed07a7c57e4e290db708228dda782e77d9e7da72d87
human_maestro_0115,0,human_maestro_v3,development,human_maestro_v3:creator:Ludwig van Beethoven,component_003011,30,44100,c14a9a52727145c9dd35f7fc19d7d8ecab33fbe4dfe75d12640e730e477b5312
human_maestro_0116,0,human_maestro_v3,development,human_maestro_v3:creator:Johannes Brahms,component_003024,30,44100,b222eea905757ab15ecad1790050bcb5a88f01fa266263af6ca364b9885c94fe
human_maestro_0117,0,human_maestro_v3,development,human_maestro_v3:creator:Johann Sebastian Bach,component_003022,30,44100,bb8773954d479ca6cdc70b84af7d0b3720d27ebc597cc28882dd9bf5054af4e5
human_maestro_0118,0,human_maestro_v3,development,human_maestro_v3:creator:Franz Schubert / Franz Liszt,component_003034,30,44100,2272816bc42a363e0c426f8a955552729b936a253a85aa467936ea2feb8e9bc6
human_maestro_0119,0,human_maestro_v3,development,human_maestro_v3:creator:Ludwig van Beethoven,component_003011,30,44100,d7edabe517499963f989b8822c77df067c1f0ae0d25c5189df4a323496d3d164
human_maestro_0120,0,human_maestro_v3,development,human_maestro_v3:creator:Ludwig van Beethoven,component_003011,30,44100,3abe6c89971c5cfb08d4abb5561762cd3282527739b8fef9840d01024ebd6faa
human_maestro_0121,0,human_maestro_v3,development,human_maestro_v3:creator:Franz Schubert / Franz Liszt,component_003034,30,44100,ee7be28abf0946c2538ad1a5b9912e7818f56762d8cf7aae068c1c93549c7276
human_maestro_0122,0,human_maestro_v3,development,human_maestro_v3:creator:Franz Liszt,component_003016,30,44100,66c5fd67221e3dc1a9619217fcd8ff97e365366d1f20338ac4cae29ab8323e77
human_maestro_0123,0,human_maestro_v3,development,human_maestro_v3:creator:Johann Sebastian Bach,component_003022,30,44100,1dc8bdbe2bf7faaa3853390825349c5acb62b4a694ec004a97b887eb8ee8acba
human_maestro_0124,0,human_maestro_v3,development,human_maestro_v3:creator:Johann Sebastian Bach,component_003022,30,44100,5f9ac8a67e0ffe317db36fca85d57cb08420129bce9eb2037612b6cba20a373c
human_maestro_0125,0,human_maestro_v3,development,human_maestro_v3:creator:Franz Liszt,component_003016,30,44100,e4e908c167ad9d2232f696178799784aecfaa868c1be4873efb3748ac3cb1194
human_maestro_0126,0,human_maestro_v3,development,human_maestro_v3:creator:Felix Mendelssohn,component_003023,30,48000,aad96272225cbd6638cde9b042deec2b011a1b8271cca269bddabd3900a7db48
human_maestro_0127,0,human_maestro_v3,development,human_maestro_v3:creator:Robert Schumann,component_003025,30,44100,83787ab941ca0b0a88e25e2a0cc4ced5e50d8cc8720434c368b0bfb5f5970ce7
human_maestro_0128,0,human_maestro_v3,development,human_maestro_v3:creator:Franz Liszt,component_003016,30,44100,7dca9eb6c42bfe96ebae4ada59096b41d3d41370650bfebf1777f240387458dc
human_maestro_0129,0,human_maestro_v3,development,human_maestro_v3:creator:Ludwig van Beethoven,component_003011,30,44100,3fd509f9191bb1b72c09d909599033b05568d82819a1e6c051b2e7deef08edfd
human_maestro_0130,0,human_maestro_v3,development,human_maestro_v3:creator:Ludwig van Beethoven,component_003011,30,48000,c3513493bfa6de320d12d0d04bf8f167da579bbe893a4004bfc1a27309b5125a
human_maestro_0131,0,human_maestro_v3,development,human_maestro_v3:creator:Johann Sebastian Bach,component_003022,30,44100,d12c99d41d5b0c91f7097039f2ecc405336613bd7e75dc306e8c7261ef9b61cf
human_maestro_0132,0,human_maestro_v3,development,human_maestro_v3:creator:Giuseppe Verdi / Franz Liszt,component_003036,30,44100,f9bb759b675821a8a959384141e1ae01377e0db87d3e736366d0cc47fb1c063c
human_maestro_0133,0,human_maestro_v3,development,human_maestro_v3:creator:Franz Liszt,component_003016,30,44100,63c58043ec56782c3819bb9cc843d6e08e25abd48452b8e619349786d55431f2
human_maestro_0134,0,human_maestro_v3,development,human_maestro_v3:creator:Johann Sebastian Bach,component_003022,30,44100,552f93a111b474fd24e4dfc3ddae51e96034c75c2d682df64f9295bc2d863398
human_maestro_0135,0,human_maestro_v3,development,human_maestro_v3:creator:Domenico Scarlatti,component_003020,30,44100,42edea531860389261554a78930b7e0bb93a9ad6ee89a1bb6393b3f7a4bf4f41
human_maestro_0136,0,human_maestro_v3,development,human_maestro_v3:creator:George Frideric Handel,component_003037,30,44100,30ea8b7ba106f3f27a435c3c5b2d32fe30caf48b32cdba2c4e16a0d205dea6b8
human_maestro_0137,0,human_maestro_v3,development,human_maestro_v3:creator:Ludwig van Beethoven,component_003011,30,48000,83986586907a4f32aa3d3960b9f50cc5ac52b0c4ac51cabdcf82640d40c9d420
human_maestro_0138,0,human_maestro_v3,development,human_maestro_v3:creator:Joseph Haydn,component_003018,30,44100,58464b4b925971d7bd8e3a20b79ef3ea78a5b44049d5afbe2f5e7d203cc6e2ec
human_maestro_0139,0,human_maestro_v3,development,human_maestro_v3:creator:Ludwig van Beethoven,component_003011,30,44100,604c62e5b49ce681e0ae302564544f47019afd2d02bf3f31fcba668b7fd3c0d6
human_maestro_0140,0,human_maestro_v3,development,human_maestro_v3:creator:Sergei Rachmaninoff,component_003032,30,44100,ad7cb8b1971117d4bed74bcfff11282002948cb8a36d61cec8a936bcf1788db6
human_maestro_0141,0,human_maestro_v3,development,human_maestro_v3:creator:Ludwig van Beethoven,component_003011,30,48000,d083594786940f10c5c841cdc7a1937c3ce4c52922db73ba4785d12afa9f4cba
human_maestro_0142,0,human_maestro_v3,development,human_maestro_v3:creator:Franz Liszt,component_003016,30,48000,b443c115c9a9dbb64f3b1647a1de47b05fa5ebc7d3a697abc3a446d86e1c43cc
human_maestro_0143,0,human_maestro_v3,development,human_maestro_v3:creator:Johann Sebastian Bach,component_003022,30,44100,7b90107b7b62b9ad00b4e4c566d85f31027601ac656bdca2e9225307978e6794
human_maestro_0144,0,human_maestro_v3,development,human_maestro_v3:creator:Ludwig van Beethoven,component_003011,30,44100,95bb6e71a3d9e1c292b91977e91a44bd8a95967421254ade93527268edff5720
human_maestro_0145,0,human_maestro_v3,development,human_maestro_v3:creator:Mily Balakirev,component_003038,30,44100,379cc686b7de6cd9faff47a271e94b5059d162c8a75c7838567e4a5399b0fff5
human_maestro_0146,0,human_maestro_v3,development,human_maestro_v3:creator:César Franck,component_003027,30,44100,5c7da1d4c7953cc532729446a985bbed4f468672eb880d3b393f3115911166d5
human_maestro_0147,0,human_maestro_v3,development,human_maestro_v3:creator:Ludwig van Beethoven,component_003011,30,48000,0346b8566df11d14f562366daaabfd00b755b63e495427308f658aec69d180e4
human_maestro_0148,0,human_maestro_v3,development,human_maestro_v3:creator:Franz Schubert / Franz Liszt,component_003034,30,48000,9fcc11e3b36fe248e5261a21e145a975b106cbba8e97665dac46aa0f9744d878
human_maestro_0149,0,human_maestro_v3,development,human_maestro_v3:creator:Pyotr Ilyich Tchaikovsky / Mikhail Pletnev,component_003039,30,44100,731dd215046e4a21d3e3940a0359025e8572559f36ddf3af5d4f05f8f17a0757
human_maestro_0150,0,human_maestro_v3,development,human_maestro_v3:creator:Johann Sebastian Bach,component_003022,30,44100,00f3d4b7a88dfd47946750a366b06c9b7c2bcaab12a7306f99e4501a62e9d0af
human_maestro_0151,0,human_maestro_v3,development,human_maestro_v3:creator:Franz Liszt,component_003016,30,48000,3c6b3b1faf71c1617ca54e61059536981944d1181eb92316a73d9abbc9c6bd04
human_maestro_0152,0,human_maestro_v3,development,human_maestro_v3:creator:Johann Sebastian Bach,component_003022,30,48000,054d27c2599330e18515dde49021dfd66f4ac603829213a0aefd43616943130e
human_maestro_0153,0,human_maestro_v3,development,human_maestro_v3:creator:Isaac Albéniz,component_003031,30,44100,20a8b7565f1fe429db3f997f72b01fc27169e3ad58362a2af567ff3428a936ef
human_maestro_0154,0,human_maestro_v3,development,human_maestro_v3:creator:Johann Sebastian Bach,component_003022,30,48000,4aa164c21eacf04e99a5cfe041305c6bd5d7f4a88b90d19bb5b856e097b35510
human_maestro_0155,0,human_maestro_v3,development,human_maestro_v3:creator:Ludwig van Beethoven,component_003011,30,44100,db0d2eed77aa5d278e9dbace508b5832ba7d650b8a712b1fb3ab3c30889b0f35
human_maestro_0156,0,human_maestro_v3,development,human_maestro_v3:creator:Robert Schumann,component_003025,30,44100,6f62165c3cae3ad5d274624bd439c0571527aff67804e53a866d1728631f6132
human_maestro_0157,0,human_maestro_v3,development,human_maestro_v3:creator:Joseph Haydn,component_003018,30,44100,c30682ead353e1e5a1913d36e2bd1c79c805ef74724ea6fb0a928709bb63539a
human_maestro_0158,0,human_maestro_v3,development,human_maestro_v3:creator:Johannes Brahms,component_003024,30,44100,23138f8935960d5ec428d5ebdb1c78d7e4c045899b81d26352b9c3a1e8168795
human_maestro_0159,0,human_maestro_v3,development,human_maestro_v3:creator:Johann Sebastian Bach,component_003022,30,44100,27f0b7e7a220027b78255c4410fb80be54f530ca7fc091e6daf080b5b50eb830
human_maestro_0160,0,human_maestro_v3,development,human_maestro_v3:creator:Joseph Haydn,component_003018,30,44100,8af8dc55dc62e7c4bb6d7aa24e5a713ecf446be4c301da064d0fbd95498b4a12
human_maestro_0161,0,human_maestro_v3,development,human_maestro_v3:creator:Joseph Haydn,component_003018,30,44100,b6b81e0009440fd126825a1987fd178f059cd019b34d9049a863ddf588743e46
human_maestro_0162,0,human_maestro_v3,development,human_maestro_v3:creator:Franz Liszt / Camille Saint-Saëns,component_003040,30,44100,ba53f792b0efbec06be834866df1f974a7e57c24a4bc8441f86e60bcbc1ff1b3
human_maestro_0163,0,human_maestro_v3,development,human_maestro_v3:creator:Ludwig van Beethoven,component_003011,30,48000,c9737865379b4b90c68b61828de4c7a3431a7b84d69295ed2df60a294beb7292
human_maestro_0164,0,human_maestro_v3,development,human_maestro_v3:creator:Sergei Rachmaninoff,component_003032,30,44100,b99b8004a5fefa32a48a652839a8472f96d3312a17c135319e47894afe7f0117
human_maestro_0165,0,human_maestro_v3,development,human_maestro_v3:creator:Franz Liszt,component_003016,30,44100,05fa3d3912226ffaf7e46751f3d5d4f2430f7e8020329cb7dd4183136ee74a84
human_maestro_0166,0,human_maestro_v3,development,human_maestro_v3:creator:Domenico Scarlatti,component_003020,30,44100,e63fa3105f4e7ed52673fb90abdf54028927839300865ef2f9163f1d5e9dc14d
human_maestro_0167,0,human_maestro_v3,development,human_maestro_v3:creator:Percy Grainger,component_003041,30,48000,8038dfe1beb8b9879c93c55aa307af417c2feb7b97e33099ba86b1a6715f3802
human_maestro_0168,0,human_maestro_v3,development,human_maestro_v3:creator:Mily Balakirev,component_003038,30,44100,78edc87b01e785f7602a7e450cde0d8b24299c7b2abe729347f28c905b3a68e8
human_maestro_0169,0,human_maestro_v3,development,human_maestro_v3:creator:Sergei Rachmaninoff,component_003032,30,44100,ae358e13499925c08cb1855eafd94140370aa742753094882e9f346badf3012d
human_maestro_0170,0,human_maestro_v3,development,human_maestro_v3:creator:Sergei Rachmaninoff,component_003032,30,44100,f2f9bd02691d87a4b059a503250da3bc8b9b8447c00743c46d0dc6d0370e4389
human_maestro_0171,0,human_maestro_v3,development,human_maestro_v3:creator:Franz Liszt,component_003016,30,44100,a216a7b002a75cb56d331afea4407771e5bba8ca3fee24aee6bfe50326526c27
human_maestro_0172,0,human_maestro_v3,development,human_maestro_v3:creator:Johann Sebastian Bach,component_003022,30,44100,edebbc5c7394d7560d11ccd2b0bb9694194e31fb4e0b41520bd15109fce71804
human_maestro_0173,0,human_maestro_v3,development,human_maestro_v3:creator:Franz Liszt,component_003016,30,48000,2a9c4b535a5fd7aabb996dfdf65b3e74c9077e7c3cd20740160b8701d993ac56
human_maestro_0174,0,human_maestro_v3,development,human_maestro_v3:creator:Johann Sebastian Bach,component_003022,30,44100,4aaea9af71924ab346ff090e6de6f6a14383abab8a022ddcd0fa7dbd793f710a
human_maestro_0175,0,human_maestro_v3,development,human_maestro_v3:creator:Franz Schubert / Leopold Godowsky,component_003042,30,44100,9bedaaf4a2dcc8f806d19eda6a9aaa2176449a8561c9cbf3e5f545c852f12657
human_maestro_0176,0,human_maestro_v3,development,human_maestro_v3:creator:Muzio Clementi,component_003029,30,44100,3a2e95fc62b8650ffec5f5dbe65f72e297f0f2e69570e4779e159f6b508139c5
human_maestro_0177,0,human_maestro_v3,development,human_maestro_v3:creator:Alexander Scriabin,component_003017,30,48000,4bec58dbf173dd0758d536f700052e6ac1f0b31a4204e8db938d933c6377bd52
human_maestro_0178,0,human_maestro_v3,development,human_maestro_v3:creator:Johann Sebastian Bach,component_003022,30,44100,ec9e59efdbdd999f25ce0b9a3b8b5ded1a800b1ff89eb5c80e9783d231ff4bd8
human_maestro_0179,0,human_maestro_v3,development,human_maestro_v3:creator:Wolfgang Amadeus Mozart,component_003014,30,44100,822130d53f96c0b7c3afdb47a29cf0d0b4da3316fbd793a8111d0dbadc553fb9
human_maestro_0180,0,human_maestro_v3,development,human_maestro_v3:creator:Claude Debussy,component_003012,30,44100,9ecf4c9f6da7df58616123c455898c2abb5ec082ffa77ccf3a561c330c4aeac0
human_maestro_0181,0,human_maestro_v3,development,human_maestro_v3:creator:Johannes Brahms,component_003024,30,44100,45b31902318225d679da2f78ff9e304d6ab80783b46112552bf828255bad07cd
human_maestro_0182,0,human_maestro_v3,development,human_maestro_v3:creator:Alexander Scriabin,component_003017,30,44100,54a4fec19cc3ecbec2af62e9d076ee484ce94a75f480b847d000dd23c89583c8
human_maestro_0183,0,human_maestro_v3,development,human_maestro_v3:creator:Johann Sebastian Bach / Ferruccio Busoni,component_003043,30,44100,8eeb899c497b2b78285cf067ef0280a470861cf6e2082ed30715782209bffd3a
human_maestro_0184,0,human_maestro_v3,development,human_maestro_v3:creator:Johannes Brahms,component_003024,30,44100,be70c3e3211f8f45f04f4e60ae4f59af71225d80074d1dfb7ca11d13733080e0
human_maestro_0185,0,human_maestro_v3,development,human_maestro_v3:creator:Sergei Rachmaninoff,component_003032,30,44100,2ef460693903909f750877935f07be3a33d695d7a27eeaf1aa6c5189ad3bb014
human_maestro_0186,0,human_maestro_v3,development,human_maestro_v3:creator:Joseph Haydn,component_003018,30,44100,f8f3c2b8527b8a8c1442f6279ffbca46a0892d079866d5f5c3881c24d8c7ce20
human_maestro_0187,0,human_maestro_v3,development,human_maestro_v3:creator:Claude Debussy,component_003012,30,44100,47ce2826b1d5132ece94d424260c6328b817e83d2613def43c6ca62885523259
human_maestro_0188,0,human_maestro_v3,development,human_maestro_v3:creator:Sergei Rachmaninoff,component_003032,30,44100,88859cce4e5f63b3f22ccdda3150f1e4175224c4c19467af564ef9d4f61242a1
human_maestro_0189,0,human_maestro_v3,development,human_maestro_v3:creator:Felix Mendelssohn,component_003023,30,44100,3fcd98cbb4e9f59433cd5d34ce27c7c506d85442bdd150c2baa1c3a895733599
human_maestro_0190,0,human_maestro_v3,development,human_maestro_v3:creator:Johann Sebastian Bach / Egon Petri,component_003044,30,44100,784f710f65e3bafb0dc369503e166f223cc7edcd39c7fde7ef06cb4945347947
human_maestro_0191,0,human_maestro_v3,development,human_maestro_v3:creator:Robert Schumann,component_003025,30,44100,4d596c76e5fd00730eda45f904e7eaef6a518c0c4af7468eeeb56fe81cf364d9
human_maestro_0192,0,human_maestro_v3,development,human_maestro_v3:creator:Alexander Scriabin,component_003017,30,44100,7511677f9b6a171c975b744a420d5084205fe97c9262ee563359b7dd0f2cfc5d
human_maestro_0193,0,human_maestro_v3,development,human_maestro_v3:creator:Joseph Haydn,component_003018,30,44100,b26bae3ddcba9312b78ede37aace3c8996d9ffe05a5602e59293c3650b861df6
human_maestro_0194,0,human_maestro_v3,development,human_maestro_v3:creator:Joseph Haydn,component_003018,30,44100,5a1e4545355ff1e47f8a978915323b45593553d93d1791bfe28017ad445e6344
human_maestro_0195,0,human_maestro_v3,development,human_maestro_v3:creator:Robert Schumann,component_003025,30,44100,dd33c8fa63f8e112f5bef4e3b65f8898428e4139f2bd74f5243ee53543a30f0c
human_maestro_0196,0,human_maestro_v3,development,human_maestro_v3:creator:Claude Debussy,component_003012,30,44100,7030c340d2e72f4df08804973f8a5ba28bdb67331c042606d7d045b048ad6d87
human_maestro_0197,0,human_maestro_v3,development,human_maestro_v3:creator:Wolfgang Amadeus Mozart,component_003014,30,44100,e7875afafa8d64c12b741d0ddebd27d882a7a41abab1263be9d3500f61174970
human_maestro_0198,0,human_maestro_v3,development,human_maestro_v3:creator:Robert Schumann,component_003025,30,44100,fb9483e6c765be1c1a77c7bdbca7b236ba319c8fba9a2248fd83fc06606e47e7
human_maestro_0199,0,human_maestro_v3,development,human_maestro_v3:creator:Sergei Rachmaninoff,component_003032,30,44100,22faec8a6432c66898a6b709c4040e058297b7bbd559cf3f7936f7551d48ec80
human_maestro_0200,0,human_maestro_v3,development,human_maestro_v3:creator:Claude Debussy,component_003012,30,44100,4a12e6b24e77d32da6078307a178b2a8c76eb6a9afe3857712cb70357247e98a
human_maestro_0201,0,human_maestro_v3,development,human_maestro_v3:creator:Joseph Haydn,component_003018,30,44100,faa990c311851e2f682d2fe1c2f9e621071403ce89c6cf377996aa7d44221194
human_maestro_0202,0,human_maestro_v3,development,human_maestro_v3:creator:Johannes Brahms,component_003024,30,44100,0210058b6cf21493c031169623eec4df865d65f5af033be0448a0bea6176e2df
human_maestro_0203,0,human_maestro_v3,development,human_maestro_v3:creator:Claude Debussy,component_003012,30,44100,57576888fee7de4d80143926df16db187f56bebf0e8dabda87df942d16e2d213
human_maestro_0204,0,human_maestro_v3,development,human_maestro_v3:creator:Sergei Rachmaninoff,component_003032,30,44100,a628c14bd3ef235087cc3f4527a66f5b2040d1a49852d4e98e52f38eee8fbf4d
human_maestro_0205,0,human_maestro_v3,development,human_maestro_v3:creator:Claude Debussy,component_003012,30,44100,6330499b2dc44859547766ced8fe09c43ec8f40728896737eef683580a436d7a
human_maestro_0206,0,human_maestro_v3,development,human_maestro_v3:creator:Joseph Haydn,component_003018,30,44100,dbf83258d80228e3016f2693a66146dd425f235ebe4a7aaeecc5f3c6847c8287
human_maestro_0207,0,human_maestro_v3,development,human_maestro_v3:creator:Franz Schubert / Franz Liszt,component_003034,30,44100,278742ff25aaf9665c36c91a32fd8d3a8366226982544c12ee455d00e01d6d27
human_maestro_0208,0,human_maestro_v3,development,human_maestro_v3:creator:Johannes Brahms,component_003024,30,44100,6491fb952bea51fbcd28a108481320faa67835d58e099bae779690919a537f10
human_maestro_0209,0,human_maestro_v3,development,human_maestro_v3:creator:Claude Debussy,component_003012,30,44100,1f664ac7930385c84a7b8aa1738a8cc68955037cf392b673af915902eaa54f6e
human_maestro_0210,0,human_maestro_v3,development,human_maestro_v3:creator:Alexander Scriabin,component_003017,30,44100,62ca28d436cd165d0f0c832a1fea849e8fba5639c9f1f23f6db5270ae818f4fa
human_maestro_0211,0,human_maestro_v3,development,human_maestro_v3:creator:Alexander Scriabin,component_003017,30,48000,437b8b9c29ac80cbe384be496203119b5ffe77ab751d95fbe1fa977ddb2500c8
human_maestro_0212,0,human_maestro_v3,development,human_maestro_v3:creator:Johannes Brahms,component_003024,30,44100,217f701dd38b3e66d0f02c4b5a6104421cd0dc63407c94ab52e68042780feda0
human_maestro_0213,0,human_maestro_v3,development,human_maestro_v3:creator:Pyotr Ilyich Tchaikovsky,component_003013,30,44100,0745922db4628f260972214b52c89a4540933abbe87fb305397cf6a53c4df2e3
human_maestro_0214,0,human_maestro_v3,development,human_maestro_v3:creator:Domenico Scarlatti,component_003020,30,44100,bad7a4cc41fd568928dc4f7839f21e55cc9bdfbe90ccf7b402532d01da74655a
human_maestro_0215,0,human_maestro_v3,development,human_maestro_v3:creator:Leoš Janáček,component_003030,30,48000,c4ef70e9428aa9ade898d97fd45b754ec248645064a30430df288a109e788fb6
human_maestro_0216,0,human_maestro_v3,development,human_maestro_v3:creator:Domenico Scarlatti,component_003020,30,44100,0f531d636c841969a2911c367b685602e07727cc413a6b9d62d633229873fd01
human_maestro_0217,0,human_maestro_v3,development,human_maestro_v3:creator:Felix Mendelssohn / Sergei Rachmaninoff,component_003045,30,44100,55313f595260127aa2976bc5296d2c95701f96ed93da0ce25996ad1a4141c06d
human_maestro_0218,0,human_maestro_v3,development,human_maestro_v3:creator:Alban Berg,component_003046,30,48000,eb058d5b34805b206fa64de2d2bba68c4f6869e7f59fc6b466563550ca0cb6e2
human_maestro_0219,0,human_maestro_v3,development,human_maestro_v3:creator:Claude Debussy,component_003012,30,48000,972831494b255bd4e71102578ceda44127703b18b87a7f58a84c10a4647124fa
human_maestro_0220,0,human_maestro_v3,development,human_maestro_v3:creator:Claude Debussy,component_003012,30,48000,a140bfd221602baa34ac3f3e634f2bb334882495d45d7e1c96d45438e03f9c74
human_maestro_0221,0,human_maestro_v3,development,human_maestro_v3:creator:Sergei Rachmaninoff,component_003032,30,48000,ab75d21a12506641f7be02d485b68b5dd624c84b00a85639d081324db391533f
human_maestro_0222,0,human_maestro_v3,development,human_maestro_v3:creator:Pyotr Ilyich Tchaikovsky,component_003013,30,44100,1981a8cc312118d00a9f43cb064a937f2618e9a98439d016ca0f8ff3df03059c
human_maestro_0223,0,human_maestro_v3,development,human_maestro_v3:creator:Joseph Haydn,component_003018,30,44100,866826cbfb5acbbaa0bcc35c17b9cb5038c0be47796292f28b5d19e3f61bf1ac
human_maestro_0224,0,human_maestro_v3,development,human_maestro_v3:creator:Mikhail Glinka / Mily Balakirev,component_003047,30,44100,56f4a9713adda2f4ee0667865e41352db77f95c8f7bc6f1f3de9c1f7c2ebc833
human_maestro_0225,0,human_maestro_v3,development,human_maestro_v3:creator:Claude Debussy,component_003012,30,44100,7aa7d9296ef4e9fbeceb881b759c3b4673dd7a5569f7c6620ebad1af705fbc5c
human_maestro_0226,0,human_maestro_v3,development,human_maestro_v3:creator:Leoš Janáček,component_003030,30,44100,e261371d2c0bef4e09bb85dd845b7b61764779081ff7012db10d38bf555e4366
human_maestro_0227,0,human_maestro_v3,development,human_maestro_v3:creator:César Franck,component_003027,30,48000,00cbd0df83ef1496a5515c70d5b4fd308a9aacbe16e3f6bacaf55dc706cd83ea
human_maestro_0228,0,human_maestro_v3,development,human_maestro_v3:creator:Wolfgang Amadeus Mozart,component_003014,30,44100,dc98f7e86499cb4ac9b337baeb86e10b835f02bc3a80a269e94659882eada1d0
human_maestro_0229,0,human_maestro_v3,development,human_maestro_v3:creator:Franz Schubert / Franz Liszt,component_003034,30,44100,72a406b9fdcdcf8cd891d4aa3b418b93916d8ca8009f49293a1ce5e20473d992
human_maestro_0230,0,human_maestro_v3,development,human_maestro_v3:creator:Domenico Scarlatti,component_003020,30,44100,17544f9e47ea623ba0aff2ff242757f09f360a09625e01f1dbae03edb3b7bf16
human_maestro_0231,0,human_maestro_v3,development,human_maestro_v3:creator:Sergei Rachmaninoff,component_003032,30,44100,8c78227c291e19c3ed4495b8364575076025cc3ff6ad30ba06f8b5160b9115c8
human_maestro_0232,0,human_maestro_v3,development,human_maestro_v3:creator:Johann Sebastian Bach / Ferruccio Busoni,component_003043,30,44100,d6a702e65d05ab01c0e679af5b759ee0f392b31768f92094e07c7a114f21a7b9
human_maestro_0233,0,human_maestro_v3,development,human_maestro_v3:creator:Felix Mendelssohn,component_003023,30,44100,a6cb314cbf776f6764a8c957414314046bbe4f1addd3730c5f15947269212990
human_maestro_0234,0,human_maestro_v3,development,human_maestro_v3:creator:Johann Sebastian Bach / Ferruccio Busoni,component_003043,30,44100,4624636878a8cfeb06396328994bdaefa06b170b9a08f7c0870260b1f795da26
human_maestro_0235,0,human_maestro_v3,development,human_maestro_v3:creator:Wolfgang Amadeus Mozart,component_003014,30,48000,886b1d1ca62a0f12fa92474729198073f583ad566f94e593fd493eaf7a4eba33
human_maestro_0236,0,human_maestro_v3,development,human_maestro_v3:creator:Jean-Philippe Rameau,component_003048,30,44100,e2d723f9045de0754db12afa5cbc224f50f30fef8906a8ff9178e67d3f4af513
human_maestro_0237,0,human_maestro_v3,development,human_maestro_v3:creator:Robert Schumann,component_003025,30,44100,08fd49c914e8fbccd864a5d07ebe8d83c9347f0093a35e1d3a982095c35d127c
human_maestro_0238,0,human_maestro_v3,development,human_maestro_v3:creator:Domenico Scarlatti,component_003020,30,44100,d09872a4c11e406b73decc90305bd93a02454a13e0eeb3773cadc16ea6649126
human_maestro_0239,0,human_maestro_v3,development,human_maestro_v3:creator:Carl Maria von Weber,component_003049,30,44100,3e99317b74bb9c4705462db46bee14b6612ef0bd9691a8d8bf15045b5aabe2cf
human_maestro_0240,0,human_maestro_v3,development,human_maestro_v3:creator:Robert Schumann / Franz Liszt,component_003050,30,44100,3772849b2e5a1aa089e020e9ff0fc7b91b20ed951ca8c748e457b0528569c46f
human_maestro_0241,0,human_maestro_v3,development,human_maestro_v3:creator:Modest Mussorgsky,component_003035,30,44100,57e19dc7943d848c272878d127c1f8679ad9c95859553bfebb4aaedd35db9af6
human_maestro_0242,0,human_maestro_v3,development,human_maestro_v3:creator:Johann Sebastian Bach / Ferruccio Busoni,component_003043,30,44100,d36410afc8072873244fbf85851890612e7d19cb0a7c3a9ad11e05493381fae1
human_maestro_0243,0,human_maestro_v3,development,human_maestro_v3:creator:Mily Balakirev,component_003038,30,44100,c065fae400fbe72b05d857f5a6eab87b7a96a69299ef7eb0f985bf6c59656749
human_maestro_0244,0,human_maestro_v3,development,human_maestro_v3:creator:Joseph Haydn,component_003018,30,44100,6911b4f18d854556e617ae2c3e8dc8eb1a81437b6f9687ad6f3fc234e93c4f22
human_maestro_0245,0,human_maestro_v3,development,human_maestro_v3:creator:Alexander Scriabin,component_003017,30,44100,c9dc4698c96259197f1caafd6d96472488dc5b4dad58ae516c432f6197806f84
human_maestro_0246,0,human_maestro_v3,development,human_maestro_v3:creator:Domenico Scarlatti,component_003020,30,44100,597b91ed462824f03d954afbeb51cec6585341c2e8b2b193122e4c56c94bf949
human_maestro_0247,0,human_maestro_v3,development,human_maestro_v3:creator:Johann Sebastian Bach / Myra Hess,component_003051,30,44100,a66c29917605e0d12c7e7ed27b8e5e7cc833b801b49b845a98a4cab69f06f52f
human_maestro_0248,0,human_maestro_v3,development,human_maestro_v3:creator:Sergei Rachmaninoff,component_003032,30,44100,09b4d9396c1ce7dca62a46838dc7e1c8e6ba6601aee8d02b2e0284752b304d58
human_maestro_0249,0,human_maestro_v3,development,human_maestro_v3:creator:Georges Bizet / Vladimir Horowitz,component_003052,30,48000,08da5a8b6972ea23582b9973a635762ced6988b75b113ce71c1e602de53c2e77
human_maestro_0250,0,human_maestro_v3,development,human_maestro_v3:creator:Sergei Rachmaninoff,component_003032,30,48000,b40647ff38ef2c5bc51566095402ba6512092407ea83f221dc9831122f570bbd
human_maestro_0251,0,human_maestro_v3,development,human_maestro_v3:creator:Claude Debussy,component_003012,30,44100,068e5db915f4265108598318e547a2ae41b4f8e6e726aee790c307375d2e8082
human_maestro_0252,0,human_maestro_v3,development,human_maestro_v3:creator:Wolfgang Amadeus Mozart,component_003014,30,44100,df384c95dcf904859c0fe7ff6a6acd7b17cfa6e1f575344a0185b484e99ca837
human_maestro_0253,0,human_maestro_v3,development,human_maestro_v3:creator:George Frideric Handel,component_003037,30,44100,7ef827ac282a9ea97e47bba411fdc29148925a7e61d506de4fb31bf01e2a0e0a
human_maestro_0254,0,human_maestro_v3,development,human_maestro_v3:creator:Isaac Albéniz,component_003031,30,44100,76590ba5db47f2f2473eac3c4a8019107a2229f25adb05109520e77e67a86052
human_maestro_0255,0,human_maestro_v3,development,human_maestro_v3:creator:Sergei Rachmaninoff / Vyacheslav Gryaznov,component_003053,30,44100,8d7b892a46f86fe5cb96792b972bbab4d6c6da7c2df6fcb7e51a067154d0bb0a
human_maestro_0256,0,human_maestro_v3,development,human_maestro_v3:creator:Joseph Haydn,component_003018,30,48000,b530e8562bc742b435d234446448d00a48a69bf441bf79a8633cc2a040e0922f
human_maestro_0257,0,human_maestro_v3,development,human_maestro_v3:creator:Joseph Haydn,component_003018,30,44100,2077a7a62b844c1d93ace3d2b7aa8a9fb742e386a8d99d555eb313a3337545d2
human_maestro_0258,0,human_maestro_v3,development,human_maestro_v3:creator:Pyotr Ilyich Tchaikovsky / Mikhail Pletnev,component_003039,30,44100,dc03712c2ec1c20fa848ba9fef39c5085d67042bb6bd6fd584bc75a6cd15190a
human_maestro_0259,0,human_maestro_v3,development,human_maestro_v3:creator:Claude Debussy,component_003012,30,44100,0bf564421371cfa1669b5c94f5582cd42c48da5fb0520a32ca2d77ba8d3684da
human_maestro_0260,0,human_maestro_v3,development,human_maestro_v3:creator:Isaac Albéniz,component_003031,30,44100,7197ab589e7944a4b9396a4637e7b63f620c8e0382e14a68174e3243aebb552c
human_maestro_0261,0,human_maestro_v3,development,human_maestro_v3:creator:Sergei Rachmaninoff,component_003032,30,44100,5759f828858ac3eb60a45b504f18feb421dadc36441c0f99ef74a28018d7e529
human_maestro_0262,0,human_maestro_v3,development,human_maestro_v3:creator:Nikolai Rimsky-Korsakov / Sergei Rachmaninoff,component_003054,30,44100,88f6298e38e97f274166f4fd0076532f283637dca149f2073a63f5087a1426d0
human_maestro_0263,0,human_maestro_v3,development,human_maestro_v3:creator:Joseph Haydn,component_003018,30,44100,3a944bbe58805acdd8d79d577c30773dd66ecf6de5092505d6164942baad398f
human_maestro_0264,0,human_maestro_v3,development,human_maestro_v3:creator:Claude Debussy,component_003012,30,44100,b3b8a5f6817b6b1ec8e21cb798eb6df447781c0e8276725f5eaa277b3e568142
human_maestro_0265,0,human_maestro_v3,development,human_maestro_v3:creator:Robert Schumann,component_003025,30,44100,f9fea5bc90fdd6900ac60e00fbde69be2f6c91a041fe67466a2c4f9bfe6ab23b
human_maestro_0266,0,human_maestro_v3,development,human_maestro_v3:creator:Wolfgang Amadeus Mozart,component_003014,30,44100,ab6ab2f1a277bc318b28f1449131a5208487a81f93cd02cbc1234f9bd7f5021a
human_maestro_0267,0,human_maestro_v3,development,human_maestro_v3:creator:Nikolai Medtner,component_003055,30,44100,2493a798ad77ccb62382d12149f6b27ebdd4ca61a1ff42195cb0a827595e59f6
human_maestro_0268,0,human_maestro_v3,development,human_maestro_v3:creator:Robert Schumann,component_003025,30,48000,7a827389f8eb29c3c637aa859477952787dc723d9c3080d66ce02a23365b3034
human_maestro_0269,0,human_maestro_v3,development,human_maestro_v3:creator:Robert Schumann,component_003025,30,44100,c4c9325568633652e8ba7a5646ff6329af5210ac077405f7bfbe11d484543bb8
human_maestro_0270,0,human_maestro_v3,development,human_maestro_v3:creator:Johann Sebastian Bach / Egon Petri,component_003044,30,44100,934f4c42c86de517ea2349db4caa6fd19a36193bcba9906866271ce03b8547ed
human_maestro_0271,0,human_maestro_v3,development,human_maestro_v3:creator:Johannes Brahms,component_003024,30,48000,4f95c0af8aeb433a6d6b26dbd6cae04614a40151f4b8e70c771ad45dfbbd1e5d
human_maestro_0272,0,human_maestro_v3,development,human_maestro_v3:creator:Wolfgang Amadeus Mozart,component_003014,30,44100,b070a1b1e1d89653cea86ee6ecce981781e1ca9f03e229a7812b00d4439230f6
human_maestro_0273,0,human_maestro_v3,development,human_maestro_v3:creator:Alexander Scriabin,component_003017,30,44100,4dd48b3c219c6508474fcefc2ea24cf0fe906e96b7b6958d597416c889af98b8
human_maestro_0274,0,human_maestro_v3,development,human_maestro_v3:creator:Claude Debussy,component_003012,30,44100,c0d7eff3fad4c6aec4dc70811cdd0ede45752507a28c9233c45ed93944d4bd61
human_maestro_0275,0,human_maestro_v3,development,human_maestro_v3:creator:Domenico Scarlatti,component_003020,30,48000,c8498114f831b2778fd49ab34ab1068ddccbcb8df2f3354b7ed63ce1c467b4b3
human_maestro_0276,0,human_maestro_v3,development,human_maestro_v3:creator:Sergei Rachmaninoff,component_003032,30,44100,748ecf6dac40ef74db0becf8f2e22ef84c4023d518b0780e2ff24be76da48a74
human_maestro_0277,0,human_maestro_v3,development,human_maestro_v3:creator:Robert Schumann,component_003025,30,44100,2bd4104317798d67701fd29a3b8d327445aca278b5ce3f2a5c32626d387ae56e
human_maestro_0278,0,human_maestro_v3,development,human_maestro_v3:creator:Claude Debussy,component_003012,30,44100,8e1b565863b40bb3fbf7cdaee438e44cd238cd12514a62dfd1dc6e41b0c0a14b
human_maestro_0279,0,human_maestro_v3,development,human_maestro_v3:creator:Johannes Brahms,component_003024,30,44100,22d02bccb20d574dfa572352d3c9615e4b74a8869824383a5bcc8ccb1ee112ff
human_maestro_0280,0,human_maestro_v3,development,human_maestro_v3:creator:Isaac Albéniz,component_003031,30,44100,80628060a9f41035e8662de4a77aaa2161624666da0d32b0c67ce77836fda9b3
human_maestro_0281,0,human_maestro_v3,development,human_maestro_v3:creator:Wolfgang Amadeus Mozart,component_003014,30,44100,9d188066ee7f189a50f58ed890feb3f54d99be0d3231a40249b0784c444b80f7
human_maestro_0282,0,human_maestro_v3,development,human_maestro_v3:creator:Georges Bizet / Ferruccio Busoni,component_003056,30,44100,b4c5ccad7773311198a4e3527b4b6a1c58d29f89eec0fc746eafd9071ad71fa5
human_maestro_0283,0,human_maestro_v3,development,human_maestro_v3:creator:Sergei Rachmaninoff,component_003032,30,44100,ec01ee3c5eef5010b15cf08e0328b0f0ee39bab5d1992b9ca120be2bc4e0d9cb
human_maestro_0284,0,human_maestro_v3,development,human_maestro_v3:creator:Johannes Brahms,component_003024,30,44100,55854d211ae7f92677709d2d5fd44b0f9e32c5ae0ad267ba1b1884f1de8d4cd7
human_maestro_0285,0,human_maestro_v3,development,human_maestro_v3:creator:Johannes Brahms,component_003024,30,44100,06ead4f86932af10decff03ad3e7d159dcf0af8e95a8e78219745d9dc9a01d14
human_maestro_0286,0,human_maestro_v3,development,human_maestro_v3:creator:Alexander Scriabin,component_003017,30,44100,d5e19a2694b5caee21c639dba903c3d626aa05762db7558c3ad599fd17d3e92b
human_maestro_0287,0,human_maestro_v3,development,human_maestro_v3:creator:Johann Pachelbel,component_003057,30,44100,a27c9dbcdb97343451a9255b3c56687c3ce3f982c2a032fd0ab80f2bce7546cd
human_maestro_0288,0,human_maestro_v3,development,human_maestro_v3:creator:Joseph Haydn,component_003018,30,48000,ee963dc75adccae4f4376d726b0141618ccea7f79154795855e6e60754bc9be4
human_maestro_0289,0,human_maestro_v3,development,human_maestro_v3:creator:Sergei Rachmaninoff,component_003032,30,44100,ef61286391bbd6ccca610a121a32141b9da1d43c95780da99963917c684772ce
human_maestro_0290,0,human_maestro_v3,development,human_maestro_v3:creator:Wolfgang Amadeus Mozart,component_003014,30,44100,e25561afd82d43ca052b07d69cbf2460d5397bfc864fbe6c779fc2fbcd78b62e
human_maestro_0291,0,human_maestro_v3,development,human_maestro_v3:creator:Isaac Albéniz / Leopold Godowsky,component_003058,30,44100,9cbcabf8181db97c794a4a621d45ff1bd6581b21380e2af4ab2a165985ba5fd1
human_maestro_0292,0,human_maestro_v3,development,human_maestro_v3:creator:Franz Liszt / Vladimir Horowitz,component_003059,30,44100,cbdfcdcb6b48d1e6430c5dd19c5fb8f2b8c084457eca0515df02acdee847ee0e
human_maestro_0293,0,human_maestro_v3,development,human_maestro_v3:creator:Wolfgang Amadeus Mozart,component_003014,30,44100,bfaec73f8f0f5d1866245a3ab930302737236501337dcac2f24f559c32655565
human_maestro_0294,0,human_maestro_v3,development,human_maestro_v3:creator:Johannes Brahms,component_003024,30,44100,1f54a95a501e7c6e9f96adee2bde082bb92be876dbc61caba557131fa0ff50ed
human_maestro_0295,0,human_maestro_v3,development,human_maestro_v3:creator:Wolfgang Amadeus Mozart,component_003014,30,48000,baba906056295c9196b2b5b1a3c0263c59e19f73f503baf53294d3084b212e82
human_maestro_0296,0,human_maestro_v3,development,human_maestro_v3:creator:Alexander Scriabin,component_003017,30,44100,b8b938a0e0b466f9a0e974ba7128586134b6e355f50dc5497f46137d93543a0b
human_maestro_0297,0,human_maestro_v3,development,human_maestro_v3:creator:Felix Mendelssohn,component_003023,30,48000,260b0d8a876a18aa7f545539fc1f9b09806f2b65cb578b77200ae8fbc493b8de
human_maestro_0298,0,human_maestro_v3,development,human_maestro_v3:creator:Wolfgang Amadeus Mozart,component_003014,30,44100,c4e6eb252309d98a1bffbd4d0f204a801b7d9dda971729116a790a771bf01c2a
human_maestro_0299,0,human_maestro_v3,development,human_maestro_v3:creator:Pyotr Ilyich Tchaikovsky / Mikhail Pletnev,component_003039,30,44100,add78f6aa89d5a9b86dc955f687b8e550fab223f25df5740f8c4e6b4bee034ed
human_maestro_0300,0,human_maestro_v3,development,human_maestro_v3:creator:Robert Schumann,component_003025,30,44100,04b6dfc42ecda7b0bbb98949a4980576ef100c3b9dbb265f194e06c39c672f68
human_medleydb_0006d77f-b040-41c8-a37e-9400f04e655e,0,human_medleydb,development,human_medleydb:creator:TablaBreakbeatScience,component_003060,30,44100,eec9b534e9f99d6f7cae2f61984f4304f3eb3da63e7c248d639af15be575dc38
human_medleydb_024ebfff-8eb1-40d1-9894-6d200a196208,0,human_medleydb,development,human_medleydb:creator:HopsNVinyl,component_003061,30,44100,c03634adf5fbbad09aaba952a7ad688ce28a79b9316fbd581c3da91d5865251b
human_medleydb_0267d505-8304-473d-bd99-4cd18883238f,0,human_medleydb,development,human_medleydb:creator:SlowGhost,component_003062,30,44100,2a431f3db6fcf717b2b2ac2c7e8fc395fab95403fc449c91e3ccd5ce86a69384
human_medleydb_05cea7bc-5266-4851-b515-47049b2e48e0,0,human_medleydb,development,human_medleydb:creator:Sweat,component_003063,30,44100,a1b941e5af7fe04327b1bc5150305989aef06575d6020ef5e5f91c79a002dd47
human_medleydb_090d3238-1fd4-46d9-b783-d7a9fc80a5de,0,human_medleydb,development,human_medleydb:creator:MusicDelta,component_003064,30,44100,13d21fd2e963411cc82aea19a432476bca3021d8c463d175aa175a58abebb097
human_medleydb_0c48a5d3-0721-4218-8969-dea783707af4,0,human_medleydb,development,human_medleydb:creator:TheSoSoGlos,component_003065,30,44100,ec38d9626e621c4feed0542071108377793a8a275579537f06f682a2501bc855
human_medleydb_0d0b882e-fda7-4540-b955-8d2652a69f71,0,human_medleydb,development,human_medleydb:creator:MusicDelta,component_003064,30,44100,f5ca68237ff03e37ffe994342a0634a0fc702c1b02f72d2e3f14cba7c7e6d28e
human_medleydb_0d5bbca7-e009-41a9-92c0-c834fb5bcdd3,0,human_medleydb,development,human_medleydb:creator:MusicDelta,component_003064,30,44100,6717505052ef1df0c0bbffa6dca35fe6a730bee6dd465a82ca33d06d686520a0
human_medleydb_0ed22473-be4f-4c2c-ba25-636a574cda90,0,human_medleydb,development,human_medleydb:creator:MusicDelta,component_003064,30,44100,dd198f16e8acf10a6bac604cdfbd8cee82a246656618d18c1912cf4b57264e72
human_medleydb_0fbf1536-60eb-4549-9673-cb8bedf4487c,0,human_medleydb,development,human_medleydb:creator:Karachacha,component_003066,30,44100,49fccca7b0b73226e8164669956a22dd401b6807337f5c46aad71be19c18c466
human_medleydb_100f5931-316e-4e7b-a362-cc63e0ff985c,0,human_medleydb,development,human_medleydb:creator:LittleTybee,component_003067,30,44100,5a2e2216cbdaca416f9e1270635b6f29ef45c3602fee4b7154a825bd6bc68bce
human_medleydb_118f3233-99f3-41fd-9fae-100087ec08db,0,human_medleydb,development,human_medleydb:creator:FallingSparks,component_003068,30,44100,593b3ef9bf3e4b9237dcf59c5d9d7569239db3df7e4298f0d275ed1ab9ab164b
human_medleydb_1481744f-5206-4de1-b623-58f68574bf95,0,human_medleydb,development,human_medleydb:creator:MusicDelta,component_003064,30,44100,54188022e92c12b8d4901a02cd2e39276bfcd669f36655c388fcd44b5d8b2b60
human_medleydb_14e980ff-1989-4cda-a6e5-fed45779466f,0,human_medleydb,development,human_medleydb:creator:MidnightBlue,component_003069,30,44100,e25890594f75b061010166e4d0c55135faec71f9b8620e492d8b56cadbbfb8c0
human_medleydb_17b63123-b367-4c15-b4b8-a06f84aa0cc8,0,human_medleydb,development,human_medleydb:creator:ChrisJacoby,component_003070,30,44100,3d0b87a7ca7680bc7492a9f967e1ed4528230c909e830db0b11a89766d79c1a2
human_medleydb_17ef0f5c-c038-4113-ade0-74b8be0b9566,0,human_medleydb,development,human_medleydb:creator:TablaBreakbeatScience,component_003060,30,44100,5bb0433bffdb2ed0c81daf200d532c9494390310d6294e288d3cf1091930258f
human_medleydb_189bcc26-8055-4859-9512-8c45640329bf,0,human_medleydb,development,human_medleydb:creator:TheScarletBrand,component_003071,30,44100,69ab0896f9cff351f1e6c48fc1ef2432f90d41d13578ccb10c2f61d515ade336
human_medleydb_1aea0971-609e-431c-b3c1-c2f82b23c8a4,0,human_medleydb,development,human_medleydb:creator:FilthyBird,component_003072,30,44100,0dc59b8ddf6c9759ceebd1a8e039875ee13269c7e93596df2c6761f6f5bfcd8a
human_medleydb_1d133e09-ec60-4816-b013-4090fc013bed,0,human_medleydb,development,human_medleydb:creator:PoliceHearingDepartment,component_003073,30,44100,567522d208e0ae82997050070d0f43dfe61fc25ac057c04007bf391f8bd1078c
human_medleydb_1d6801ae-19f6-4aca-921d-f81bd3809259,0,human_medleydb,development,human_medleydb:creator:DeclareAString,component_003074,30,44100,96c882440658070c546e638159a9f35c1b38ccbb8d94c3857496dc2c7b3b4f8f
human_medleydb_1d97bf72-5c33-44dd-869d-7fe50fd9b2c2,0,human_medleydb,development,human_medleydb:creator:Cayetana,component_003075,30,44100,9fc300c944735e50ac43ca5c3295fa12ea1c855c416a7ac3d3106bd8ce672dd8
human_medleydb_1dfc4baf-3a27-48ba-bdbe-b1a6ec430fa2,0,human_medleydb,development,human_medleydb:creator:StevenClark,component_003076,30,44100,6677e0f90a92325110175034fbbb4934dd65da18777eee84a3548bc01363a636
human_medleydb_20b8c46e-b72c-4f37-9919-7f41c8a4729d,0,human_medleydb,development,human_medleydb:creator:MusicDelta,component_003064,30,44100,abaf22b23bf665f7353e7312911683649ab9381556878cddf3d77b21d62b8b88
human_medleydb_2218f8e3-7f94-4851-8f11-8cbf56795664,0,human_medleydb,development,human_medleydb:creator:MusicDelta,component_003064,30,44100,61bbeea9e5801b685059619197dd5ec95fa0b524a20c43bc4c3788708bfffb10
human_medleydb_2391411b-8dc8-4f62-b44e-15687b3f4e5d,0,human_medleydb,development,human_medleydb:creator:ClaraBerryAndWooldog,component_003077,30,44100,42b6511057734356ecaef7e6f0be6398b9af9e9a63ce177574b0393d457927a0
human_medleydb_2517db40-9159-4480-a9fd-e6298361f170,0,human_medleydb,development,human_medleydb:creator:MusicDelta,component_003064,30,44100,660f3cc228d5c50987c7b0f2af6596d1a1cb423424b6194475af93ea30e2a4ba
human_medleydb_257d887a-d31f-4b91-ace6-544c6ec0dd58,0,human_medleydb,development,human_medleydb:creator:Sweat,component_003063,30,44100,a0a4976a88c02baf5eb3b0add3851288ad939f628ac6736c5874ea4ea196d122
human_medleydb_28991e5b-ff5a-44cb-86c7-08eeb502d627,0,human_medleydb,development,human_medleydb:creator:Snowmine,component_003078,30,44100,41daac654b327ddabb16a2fc2b09c13eaca58be48440d044695fb1d58e52edc6
human_medleydb_2d077fcb-e657-4194-aecd-08f11114ba6a,0,human_medleydb,development,human_medleydb:creator:JoelHelander,component_003079,30,44100,c8bd04fc6dd7fe69ac4eef3057630fde797d83f49c72ba5f51461392d08b9471
human_medleydb_2fe5bff5-7865-4e06-a08b-aa6366ee2d3f,0,human_medleydb,development,human_medleydb:creator:ClaraBerryAndWooldog,component_003077,30,44100,b8ae6c8165d8451b6a3c5d9eb56c4f4eb4b51e16cb4072021733f19ecdf9b6b9
human_medleydb_307effca-e943-47e7-be05-4454bc44e784,0,human_medleydb,development,human_medleydb:creator:AlexanderRoss,component_003080,30,44100,b99f65f6d6e9dd74ebb10e22a242dd93d0af5c17e81a33c2c4143c88e5580937
human_medleydb_30af284c-7884-40eb-b6a5-31e92b20a168,0,human_medleydb,development,human_medleydb:creator:DahkaBand,component_003081,30,44100,b8a92e915187ffeeedd4848b46e571886f36223454e29f1e757c6066abb43a68
human_medleydb_30dbd936-bdb3-493b-bab0-447aa7a4c49f,0,human_medleydb,development,human_medleydb:creator:EthanHein,component_003082,30,44100,3ff9fa5a5a154dac0fa958c9be9ecfb2b1b42a7d48d78b74c80b0d0d9e3eec25
human_medleydb_320ddf23-b0e8-4196-bada-98bab771b139,0,human_medleydb,development,human_medleydb:creator:AmadeusRedux,component_003083,30,44100,4d7455957e9adf3215b9a19c25d49c6cfe0105af1fbb6383565d320c6bcdd659
human_medleydb_33e4ab05-94ec-4089-99ae-f72e6bd9984c,0,human_medleydb,development,human_medleydb:creator:DeclareAString,component_003074,30,44100,48a1bcf74b4101841654407d29644e0cc86ca41aaa2a3f49e7de0e826a562c7f
human_medleydb_3516baa0-5996-4bcd-b794-8397c259d5bc,0,human_medleydb,development,human_medleydb:creator:Phoenix,component_003084,30,44100,29efa89a62b971c18fa34ce52b9bda06713e621d6a502e3f6bb8943c3b72807e
human_medleydb_362a4cb0-30b5-4012-8e75-a91184f3a56b,0,human_medleydb,development,human_medleydb:creator:EthanHein,component_003082,30,44100,c99b01264341f34f77fd9cc8795dcb9df5a1684c2d41c08cfb59e2e81dbafab3
human_medleydb_37c35c5c-3060-4c65-8328-5c72fe35f0b2,0,human_medleydb,development,human_medleydb:creator:ChrisJacoby,component_003070,30,44100,5f719376975bf7fa5b2e50c1e6b75fbe30789cfed70f8b44e882deb986aea486
human_medleydb_37f56a89-a03f-4bf3-a105-9919f0098520,0,human_medleydb,development,human_medleydb:creator:RodrigoBonelli,component_003085,30,44100,cb25a07d794bb67b1977b4c96afaf96813c130ce0e3e89cbfb8976a1773d5263
human_medleydb_38e4a598-900e-48bb-95e9-b74ecfac6df0,0,human_medleydb,development,human_medleydb:creator:TablaBreakbeatScience,component_003060,30,44100,4f7efe30005cc114a3be2af49eeb3532b999ed5f0a37055fc00626399078f968
human_medleydb_3bbe4eb0-a2db-401e-99cb-0e90694f90dd,0,human_medleydb,development,human_medleydb:creator:Grants,component_003086,30,44100,272588d388c3a6abd5191bd3474d45acf25e619617dec5b7bb4b7ae44115e91a
human_medleydb_3bd94d17-9c35-4d3f-956b-474bba2ced5b,0,human_medleydb,development,human_medleydb:creator:TheTonTons,component_003087,30,44100,d8e9c6b74bf9cd7cc7b17af662b50af99ecb2098e85cc48b2dff18f2619fc77e
human_medleydb_3cef2107-a995-4bf3-b2d9-8e6159703e87,0,human_medleydb,development,human_medleydb:creator:DeadMilkmen,component_003088,30,44100,a834a96b8c947ffb466e6696871c20b888bff4002cc7fcdf5f48079ab04d79ed
human_medleydb_4051bf00-bcf9-4c59-9abb-ded4507872bf,0,human_medleydb,development,human_medleydb:creator:PoliceHearingDepartment,component_003073,30,44100,572ad8d98ea7e2b0a277abe0f824f1b9202b37a13bd98a72634a3a926aab9d08
human_medleydb_487771a2-70ef-4a86-9a52-f1743be4a2c7,0,human_medleydb,development,human_medleydb:creator:ClaraBerryAndWooldog,component_003077,30,44100,60c385bcb1a0c58a284f7ef8d7cf3073112a9e53161959e738154a1371cbbedb
human_medleydb_49e1276f-88d5-47fa-9477-3388b7946345,0,human_medleydb,development,human_medleydb:creator:FallingSparks,component_003068,30,44100,0203c53e928aa3f1554ad91bc4340e95fb042f62b2162e20af17fd04a0fe095f
human_medleydb_49f22db9-16e8-4f99-9e7b-80148963d232,0,human_medleydb,development,human_medleydb:creator:QuantumChromos,component_003089,30,44100,f5285fe7d3c8b3959a435c0b8218cc62ea16e5260cba9cbaf81cb9ee9349f87e
human_medleydb_4b796025-4c38-470e-ac7b-0a3ab44f5b1f,0,human_medleydb,development,human_medleydb:creator:MutualBenefit,component_003090,30,44100,a688f8868860926b801e3deaefec3e3410b07b90583b8edcf93a55cedc57cef4
human_medleydb_51f2de71-9672-4c43-9a62-e435aaf6ae9a,0,human_medleydb,development,human_medleydb:creator:SasquatchConnection,component_003091,30,44100,009150742dae1c3f5ff48c73af5804bd6e29546ae808c524ed4e7c12fcd56dd0
human_medleydb_532914fc-dc95-4a6c-8349-c54e1f4a7906,0,human_medleydb,development,human_medleydb:creator:PatternIsMovement,component_003092,30,44100,52944cee1029eb9709dc1e12e32959e71142f6c9b9aecd34cfa966c09d304e76
human_medleydb_54e97451-b853-4fab-9a22-a28be7d9e69f,0,human_medleydb,development,human_medleydb:creator:Plasma,component_003093,30,44100,91f6dcc02a30f898a9a8c8150239fc879be3ad8bfb8ad56d7f8fecd40ffc6280
human_medleydb_54eb5443-f5a5-47cc-9a8b-0671ffe05ec5,0,human_medleydb,development,human_medleydb:creator:DreamersOfTheGhetto,component_003094,30,44100,53d9684c537198eb9c8d09f37236bae3bfe23558eb2daca76877e0f779b0f045
human_medleydb_55339ae4-cbf9-48f1-a520-9500492bec7a,0,human_medleydb,development,human_medleydb:creator:AmadeusRedux,component_003083,30,44100,7a54d6dc45ebb72537317077a84b6217d59399fb18e8c4146eaece63ab79aa93
human_medleydb_578d186f-d400-4c1f-b229-2cc3f1e216a6,0,human_medleydb,development,human_medleydb:creator:TablaBreakbeatScience,component_003060,30,44100,8ee4d2baf9deb4069dcbe6577dbcb3a76d435e448a5edfcf3691c0d2444d3b68
human_medleydb_59cf97a3-b368-47cf-827a-e3658e7dc537,0,human_medleydb,development,human_medleydb:creator:MatthewEntwistle,component_003095,30,44100,4fa22db2982147ef1505f052f893c387d2a0abf1533b1f78e32571028772d517
human_medleydb_5aa51452-2f04-4286-aae8-74dbc233a4f9,0,human_medleydb,development,human_medleydb:creator:FruitCathedral,component_003096,30,44100,7d7560d69d4139c3af563f69e6a96435a34af69fee19700b0789585d39c1049d
human_medleydb_5b1ab02a-7045-4560-b391-5d18df2179d2,0,human_medleydb,development,human_medleydb:creator:HopsNVinyl,component_003061,30,44100,dbd1564572bb85e85f88708624d85508eb8b4d49282e8dd98b3646b42b442eda
human_medleydb_5c8de2ac-e8d4-4a2a-a555-33d3b04ab597,0,human_medleydb,development,human_medleydb:creator:PeterMatthewBauer,component_003097,30,44100,77aff70679c2842cd6d3e84786e5de8ac8a2cac2e8db8c0a66243aad2c9f74fb
human_medleydb_5d2bb28c-223b-4c81-b4ce-ebc10ddb54bc,0,human_medleydb,development,human_medleydb:creator:Auctioneer,component_003098,30,44100,925738a8c7477bc820d10e73b45b0e254c669129c7ec7e2ecde7720662f3ed85
human_medleydb_5d81fa87-294c-4572-85aa-82c0e9c03eab,0,human_medleydb,development,human_medleydb:creator:MatthewEntwistle,component_003095,30,44100,9663370aef42cd4fcc4eaf3aa90f547951928ea73b8f00938e51528d653b9692
human_medleydb_61811f24-e8ea-423d-96bf-881150995810,0,human_medleydb,development,human_medleydb:creator:Torres,component_003099,30,44100,2210ccfd23075ceebd09e11cbad3e121cb47fac51ca4be56c32fad2e5e019604
human_medleydb_63f18657-c511-4b9e-bc5e-d03048646647,0,human_medleydb,development,human_medleydb:creator:Sweat,component_003063,30,44100,fafc9468841e391f3a547b524d6eb7f8006c6e70cfdbe77fce6c91f4c417560a
human_medleydb_65424889-b8e2-4207-baf8-44e1eca627a4,0,human_medleydb,development,human_medleydb:creator:AvaLuna,component_003100,30,44100,5267463f2a5591320ca9c148dd6096fed5824b5eaaf9f90d384c1fe92ed8f2fa
human_medleydb_659975db-94ad-4de9-bdaa-b2b3adff6e8e,0,human_medleydb,development,human_medleydb:creator:FallingSparks,component_003068,30,44100,c4b97ee5aa89a2438cfe64f7f3aae3f3e6de95f141ed8c907d6021dac96a83ea
human_medleydb_67b13ebe-4f80-45c3-8b7d-326808390534,0,human_medleydb,development,human_medleydb:creator:StrandOfOaks,component_003101,30,44100,db7158082656aa1b212ebac0d023b22483d6978dad5e41683ed81b9143bdf810
human_medleydb_684e56e6-a1bf-4395-b404-bfd6191a7c9d,0,human_medleydb,development,human_medleydb:creator:SlowGhost,component_003062,30,44100,280872a16767f10d9dd88cebb1b2fd82e777d1868f6fc75de44f56450edc980a
human_medleydb_686f691b-035c-4667-92c5-165930bf0b00,0,human_medleydb,development,human_medleydb:creator:PoliceHearingDepartment,component_003073,30,44100,d598d9f26ddccf2ec45bd882579e24c25d32746b754c2fb297726ebfad20ab9e
human_medleydb_6b371ecf-99b5-4bc4-8065-ea3636670a3c,0,human_medleydb,development,human_medleydb:creator:FamilyBand,component_003102,30,44100,bdd8fbcf05120b55c5b4e1dc27281115cd000e1f429e400700cc549e22993059
human_medleydb_6c22efff-dfbf-4708-923d-82337ebe19e3,0,human_medleydb,development,human_medleydb:creator:TleilaxEnsemble,component_003103,30,44100,1fb481ab7b3ef4859e2a2b62a5a522d8cd4092a2af271e481a245155a05c9c2a
human_medleydb_6dea6f4b-aba1-4812-9c10-f79685dd3a8a,0,human_medleydb,development,human_medleydb:creator:Phoenix,component_003084,30,44100,d2855431f5caba126d37a8781ba7d0e8d1ea94f63122e28d77b7030ef74f6921
human_medleydb_6f0c81ca-398e-489e-8759-2a567109e380,0,human_medleydb,development,human_medleydb:creator:MatthewEntwistle,component_003095,30,44100,6855beba94870eb0d6f19bb4962751efb9ceec6f666153cb7ab90e462ed96a81
human_medleydb_700839ef-2971-4f6d-a1f6-651939dccb7d,0,human_medleydb,development,human_medleydb:creator:AmadeusRedux,component_003083,30,44100,bd4bb0561009564c979bb39ccc7a9e7863b3f39dd185e6c7caf65c36e321f13f
human_medleydb_710b0dc0-dd8b-4f2d-b616-7db783100da6,0,human_medleydb,development,human_medleydb:creator:MusicDelta,component_003064,30,44100,e1d91e4493a556d16500eeef18876f6ad57b6aa656f678b500b6c7f747c1e93c
human_medleydb_733edd30-3400-489d-b3d6-1b5e8d9b377b,0,human_medleydb,development,human_medleydb:creator:TheFranckDuo,component_003104,30,44100,f34f963ad50b715d5da3f0bb0aab04da3a742914d964544f3c5d86717a850f0a
human_medleydb_74a04b77-facd-4079-933e-08b5f3e30cee,0,human_medleydb,development,human_medleydb:creator:MichaelKropf,component_003105,30,44100,ae26b828f6b43d33bf3704f9767d50eb011336513308f73a07f97d64dd9308b9
human_medleydb_74b43693-d141-4b8c-b1cc-05cd5b5523e5,0,human_medleydb,development,human_medleydb:creator:TablaBreakbeatScience,component_003060,30,44100,2afe3e22b77b44ec0c87dfffe41977aebc5355460920020cf07271b26c86716b
human_medleydb_7782c26d-f69b-4d15-ae22-539637aecb49,0,human_medleydb,development,human_medleydb:creator:MusicDelta,component_003064,30,44100,26a2f276f566215f4f649f9041f8388b89906152c26d8407650e6234b059b459
human_medleydb_795d243f-3297-4d1f-971a-a4ac73f52e67,0,human_medleydb,development,human_medleydb:creator:AimeeNorwich,component_003106,30,44100,aa51d5ca4ec9119e5d325058f5c8b4d7cf39b1ad0aa592619d6618ace123f057
human_medleydb_7a721663-9df7-4f00-aa92-220c7ee77695,0,human_medleydb,development,human_medleydb:creator:CroqueMadame,component_003107,30,44100,572c42c020fbddb5c962d6690a62fe82f65fbdf636098c8e703cbec05ec1dcea
human_medleydb_7bb672f1-c779-495d-a524-040b810cb4dd,0,human_medleydb,development,human_medleydb:creator:HopAlong,component_003108,30,44100,3c5588f8da200cceb023a7a0a75dade5d9353027188e1c726d209b90bb9fface
human_medleydb_7f2ccb42-e40c-496a-9d3b-eba23f2d405f,0,human_medleydb,development,human_medleydb:creator:TablaBreakbeatScience,component_003060,30,44100,53d5c9c60d0fcbb83165dfb1c73c58383c383f4158266163becdca920c06ecbd
human_medleydb_7fdabb36-b5c4-4991-bee2-a9f0c303c8ea,0,human_medleydb,development,human_medleydb:creator:CatMartino,component_003109,30,44100,77796a663181d647a729b66b2c59be2fb8ab4d4c965e1cdf7d8b80775580304e
human_medleydb_83623d98-fdec-4a9f-b6aa-5291373a3fb4,0,human_medleydb,development,human_medleydb:creator:KarimDouaidy,component_003110,30,44100,85ce211dd35a2d1e3b553b381a0d1602eef36c1d8ac7adc195ab33deff0c933e
human_medleydb_8382cc63-0061-423b-b21a-825422d870b0,0,human_medleydb,development,human_medleydb:creator:TrevorAndTheSoundwaves,component_003111,30,44100,1fe20b60ed2b9918e87fa566bee736695a00909a87b354deb08e77feda31ad8b
human_medleydb_85d03a41-ef36-436f-a8be-4e13297ef869,0,human_medleydb,development,human_medleydb:creator:SasquatchConnection,component_003091,30,44100,4157c46502d3310533bc4024d671b147122dc49335570f884f7dced63edde62f
human_medleydb_8794fe08-3fdb-48f0-b55e-2b7db031580b,0,human_medleydb,development,human_medleydb:creator:Meaxic,component_003112,30,44100,9468d83daef32b59f52ec2219b0447be9f66a3d0bf1d165560e8140bc066a403
human_medleydb_893ced59-2d0f-4e4f-8760-415c73d4a473,0,human_medleydb,development,human_medleydb:creator:HopsNVinyl,component_003061,30,44100,1408f56bd0a0c8e38c0bc3da12ffc538bf57485b0373023b52350a95ad4283d5
human_medleydb_896da6d3-0545-4e11-9f39-243264f8bea1,0,human_medleydb,development,human_medleydb:creator:MusicDelta,component_003064,30,44100,53dc20b583421f852906d195cd221a39a469075f3fd2adff24366243959623b1
human_medleydb_8986bcfe-c9f5-43b4-b116-b980d56f9620,0,human_medleydb,development,human_medleydb:creator:MusicDelta,component_003064,30,44100,2ab77fd3a4c8bf6f73a45f5e1d25de715e4116c0b2b7bf45deef67155467e080
human_medleydb_8ab8119e-d5a6-46a0-96ca-b92e704b65eb,0,human_medleydb,development,human_medleydb:creator:CassandraJenkins,component_003113,30,44100,5522ad6b1fe4b0dcf159f48aacab9ff33ce2f549a8416116975bd37e31d60de9
human_medleydb_8dafb116-2bfb-4f03-9799-748378e47efb,0,human_medleydb,development,human_medleydb:creator:CroqueMadame,component_003107,30,44100,7fd8cb24c29e0d322264fc035fbec252e878e62ecbeb4b37efac21781e99f4ae
human_medleydb_92a66485-b33f-4aaf-8676-35e3391a043c,0,human_medleydb,development,human_medleydb:creator:EthanHein,component_003082,30,44100,68b849ccb2b1c7f17a791a8670e50145be9121f1dfd7eaf3a8c43ca2243e0d3a
human_medleydb_930b55ce-3f90-498c-bc06-e3dbcb63365c,0,human_medleydb,development,human_medleydb:creator:SasquatchConnection,component_003091,30,44100,83199485be9e86aead1f310aa58d524a86ff5477c5f491d761210855758e0321
human_medleydb_93d88e87-320a-414d-bc80-90df5747fa77,0,human_medleydb,development,human_medleydb:creator:MidnightBlue,component_003069,30,44100,932313eb6ff83af9293a82a0e9ad14de5654f1506800a676679fa889dddf4cdd
human_medleydb_95a3afdf-6195-4bb8-84a3-f65c5aee5973,0,human_medleydb,development,human_medleydb:creator:TablaBreakbeatScience,component_003060,30,44100,b8b3147ccdc505472ce86f9f086fa55295e6173f8944528aae70510c96bd2b89
human_medleydb_95d6fbe3-7e8f-437c-920a-d44d92bfe681,0,human_medleydb,development,human_medleydb:creator:MusicDelta,component_003064,30,44100,6950792f7edfd1e9e475d2f0b1c221d785e0f92e8eceda733a87994f1e078be2
human_medleydb_9a4d14b9-c79b-4d0b-b858-847d360b8d81,0,human_medleydb,development,human_medleydb:creator:SlowGhost,component_003062,30,44100,2dec70d57498f173b3e52351a5ca1271afaf715e9b9c73385bad19c921a1fde1
human_medleydb_9ab5c27e-bb58-48d0-b365-34f215e2d922,0,human_medleydb,development,human_medleydb:creator:Sweat,component_003063,30,44100,7268d94a24d96783842ed41fc8a351ca2f9b0891da61fe0457c589b7aadc99c5
human_medleydb_9aedc5eb-c9d6-4de9-83f1-bca32f6151d1,0,human_medleydb,development,human_medleydb:creator:SlowGhost,component_003062,30,44100,f9d75c2f92fddc4d77109d1a1712a628671c39a16447908b8462cc56b78673a1
human_medleydb_9b4f4cc5-9a5f-4689-bb38-9da29613a614,0,human_medleydb,development,human_medleydb:creator:MusicDelta,component_003064,30,44100,39afb6efd7795acad9b1d91f96c2be8c52f4e009bd76a08d764cff5095ef9310
human_medleydb_9cabe915-1ef3-4360-b453-ed2c10f27b22,0,human_medleydb,development,human_medleydb:creator:MusicDelta,component_003064,30,44100,a9d99683ead96d794e338ef4257652e6514e05128727bcfa49e8f5c77269ea9b
human_medleydb_9cb2c7ae-a7fc-4e00-9c03-7c9796c18d31,0,human_medleydb,development,human_medleydb:creator:MusicDelta,component_003064,30,44100,b80569a44b634853b9b14be1691fe5c605f8d9c568a9814785f402854fb59a72
human_medleydb_9ce1bf7c-3fec-4038-af7a-cc2adb9c50c8,0,human_medleydb,development,human_medleydb:creator:TheNoHoStringOrchestra,component_003114,30,44100,66bf3ce1f3fcfd33458a5943364675a6b2941722dcf5dbab00df5439ae294dc5
human_medleydb_9ee0faea-9354-4518-9633-c567b284b15e,0,human_medleydb,development,human_medleydb:creator:BarefootSisters,component_003115,30,44100,48ebedb5e7296e05d14558c8e1cd50fa5bfd2a2428005365118d3319b2521471
human_medleydb_a12ab166-1958-4bfb-a551-fc70431c5b96,0,human_medleydb,development,human_medleydb:creator:TheFranckDuo,component_003104,30,44100,6988a4e07c899cd10fcc8ef4bb876caa4307b6aeaea54c353205881c28203947
human_medleydb_a39c435b-86a3-4f4e-8427-27070b995a5d,0,human_medleydb,development,human_medleydb:creator:TheNoHoStringOrchestra,component_003114,30,44100,f1e432a18a2c75a785ed7cdadd8cceb997c457ebf2a3c7b860be07864fe3c743
human_medleydb_a4c7ddd1-428a-4d52-938d-9a9ab2be31e4,0,human_medleydb,development,human_medleydb:creator:TemperedElan,component_003116,30,44100,9c03526a21eb40b650ede5c34773d5823c420bc1926e0c3cc6cf720dd71608be
human_medleydb_a6074057-dae5-42ec-ace7-a22358e704c1,0,human_medleydb,development,human_medleydb:creator:HopsNVinyl,component_003061,30,44100,ebf3d8bc4ae7409b435aa63428651a8c19ec092fee1943c600762326f8fc3911
human_medleydb_a6f550f3-e901-4ca5-9e93-b27bad5b00dc,0,human_medleydb,development,human_medleydb:creator:SweetLights,component_003117,30,44100,1e938250b131894591b41bf018aba198ab69a241123822076e76479e4ce47132
human_medleydb_aae83dfb-bb31-418d-85e0-95c12158b52c,0,human_medleydb,development,human_medleydb:creator:MatthewEntwistle,component_003095,30,44100,9d8b27ef7bdefc9e0a6b7c03ef06b49121e6c1124fdb99a5bea08f055ffcd822
human_medleydb_ab30e447-029e-4084-99a6-70fb26227e04,0,human_medleydb,development,human_medleydb:creator:Allegria,component_003118,30,44100,520283ad0515f3dc9a24e9ce2240fedb15a5afa0e09ff51fa0fcb0186cab8279
human_medleydb_ad23841f-8615-41bf-b2eb-1a932d490aed,0,human_medleydb,development,human_medleydb:creator:BigTroubles,component_003119,30,44100,7032204742c7275b5cb5487cdaec2aa33dff94af6f8dbb57879f93c3e876c9af
human_medleydb_adab2bab-3719-43f3-aa32-bb54c86e00ea,0,human_medleydb,development,human_medleydb:creator:TablaBreakbeatScience,component_003060,30,44100,e11e6fd7b2c3b16a8a2410e3a78db6a3491d0b856877a0dae333515d6c66b054
human_medleydb_b0702a79-aa6e-4a0b-8c90-431e8bbe7e63,0,human_medleydb,development,human_medleydb:creator:HeladoNegro,component_003120,30,44100,f75f4fa60bdd206884cb40de76db7cd8936681ecf0c752339a58c8c1c6a3868b
human_medleydb_b69ef3ab-4134-4dc5-9183-53f5154a9aed,0,human_medleydb,development,human_medleydb:creator:LewisAndClarke,component_003121,30,44100,8123c9a651c4b8988dbf754a38398f27e35956f73309f168d5024d4f7fc37cda
human_medleydb_b6de3084-7ca3-414b-806c-9d8a6cb5b0b0,0,human_medleydb,development,human_medleydb:creator:Meaxic,component_003112,30,44100,ca0b1b050fb473b8f4048590b4fe49f09f0565f62724ef32462db2bb573ec654
human_medleydb_b8198172-337d-4d13-b811-4825800b3b57,0,human_medleydb,development,human_medleydb:creator:MusicDelta,component_003064,30,44100,d2e080c695a6179a15441093d26f43cce199415aee880b49718c23d7375a406c
human_medleydb_b927c74a-6a75-42e7-93fb-9a8ccb420bc1,0,human_medleydb,development,human_medleydb:creator:MusicDelta,component_003064,30,44100,b6379ac5715ae99e3fce74341e2386e91e327aa3d380009ebed63c8743c9d961
human_medleydb_b97e479e-857f-42b8-8b9f-2008e514c4f0,0,human_medleydb,development,human_medleydb:creator:SasquatchConnection,component_003091,30,44100,d4fe67700ae5df3df8d47fb5a4d1f655385057e23043b352d20c697e1761b4f7
human_medleydb_bb145f66-c718-42f3-a020-6286e53c07c8,0,human_medleydb,development,human_medleydb:creator:PoliceHearingDepartment,component_003073,30,44100,be57e230e73e585f7974ed65554bbb443a607d7e556f621263a94acd5b9b0e87
human_medleydb_bc59af25-1975-4a6b-8b3c-a433b41fe460,0,human_medleydb,development,human_medleydb:creator:TleilaxEnsemble,component_003103,30,44100,567ce02b9705511f41aef5efbbcf263e1c3160625832181758f99c07dfbd4199
human_medleydb_bebb6331-4c99-4b59-9fa3-32f488f54e60,0,human_medleydb,development,human_medleydb:creator:FennelCartwright,component_003122,30,44100,c311be66aaedaffefc633f1e68bbb0e75be308e8953bf1e19df84ece74131142
human_medleydb_c074d159-cd01-41a5-a02f-6122678db37b,0,human_medleydb,development,human_medleydb:creator:TablaBreakbeatScience,component_003060,30,44100,4dc28194b55f49a96a02fec5be2a7c2d75ec41084f71da86ba945e9cc5ce391d
human_medleydb_c0cecc23-4572-465c-91de-16183a23547f,0,human_medleydb,development,human_medleydb:creator:JoelHelander,component_003079,30,44100,12bb424dee0470032f8b3ea95c6210ccbb1eb79cbaffbf7feba91ad6e0be740f
human_medleydb_c1c7ec79-4e31-43d9-8e6b-402fded521a7,0,human_medleydb,development,human_medleydb:creator:SecretMountains,component_003123,30,44100,9a806284ed669a527939656fd85965d6e0774126f84669f876be34ec1f8724a0
human_medleydb_c2c318fd-01cb-44d9-8d44-aea04f6a85e0,0,human_medleydb,development,human_medleydb:creator:NightPanther,component_003124,30,44100,a5aef875b97e4665611d19121588d2f515bd6f99ab6939d9a63b1aea1b8d59ec
human_medleydb_c367d0f3-b5ac-4839-8178-3995d68abc52,0,human_medleydb,development,human_medleydb:creator:MusicDelta,component_003064,30,44100,bd341a984415084b75b544409fb4672d49459ab383fa6883404a40601b9c5ab9
human_medleydb_c7096094-aa22-4df2-bdf7-fd77a5dde9b7,0,human_medleydb,development,human_medleydb:creator:MusicDelta,component_003064,30,44100,365a65916b499ea5d735b0d073e3970e94bde18abaabba20d1ba400e8286626b
human_medleydb_ca7ff574-9043-4d4c-a621-3be8f8fe5f18,0,human_medleydb,development,human_medleydb:creator:FacesOnFilm,component_003125,30,44100,35cb9c19bb8e433bb083bbae87ec6e92e27ae8f45c1bd7864bbda3e76b88d735
human_medleydb_cc9c7398-34bc-47cc-815e-081df650f0a3,0,human_medleydb,development,human_medleydb:creator:MatthewEntwistle,component_003095,30,44100,e97b2fab9f7e7b94194d4b7e93edaad3978fd58e805e56d3709258debb05d710
human_medleydb_cd68c391-e4ad-43f8-91f8-42bfc9bc264f,0,human_medleydb,development,human_medleydb:creator:TheDistricts,component_003126,30,44100,b805adfaab856376194caf6364c47427afe65c65b77708b1679faf74328a0e4d
human_medleydb_cfbc61f9-0cb8-47bc-b156-c948b0bb701d,0,human_medleydb,development,human_medleydb:creator:Sweat,component_003063,30,44100,ccf019e275cdd992e6fdcbf6bce55c3d533b1fd9c87221c1d02c8fe6c348dc21
human_medleydb_d1ab8ef3-bee9-4504-8466-71859a406851,0,human_medleydb,development,human_medleydb:creator:Phoenix,component_003084,30,44100,3ad2fc35a4e8b3f400e48485ca19ea768c70744f192f8061d16f0cafa67857c0
human_medleydb_d3e879e0-0b00-4ee8-a267-3c2407535811,0,human_medleydb,development,human_medleydb:creator:JoelHelander,component_003079,30,44100,2acd63da5386ef6b2e20d5e45395cf74e6d85c531f94e8a8f08f7d5cc092b421
human_medleydb_d41fd98f-4366-4dae-9ed2-0db5296c21b3,0,human_medleydb,development,human_medleydb:creator:FennelCartwright,component_003122,30,44100,94a23363b0c3f582a1a585b66cabd82b8370bd4e55b268e2830fe61a9f82eed4
human_medleydb_d5736496-b9bf-4ab4-9af9-4b0557fe0c46,0,human_medleydb,development,human_medleydb:creator:MatthewEntwistle,component_003095,30,44100,d8fe303ba261a4d624a9efc749c4d3b79c91c786e90e72807958027e88a5e808
human_medleydb_d99e3af3-7e6a-466c-a7d1-7eb767de324e,0,human_medleydb,development,human_medleydb:creator:Phoenix,component_003084,30,44100,8dd8daa1e16e951e5f35d964b0baaaf5de487fbcdc2a1b631593a813b8eda51f
human_medleydb_da32a44f-0d57-4b59-b7e0-9e3a8c6caec1,0,human_medleydb,development,human_medleydb:creator:AmarLal,component_003127,30,44100,c274128558aacc5dd69c91f55515a344eabe971d25565a0ea277fec0cad8578a
human_medleydb_da672ef5-9e5c-4abd-813e-f8bdc0b24c18,0,human_medleydb,development,human_medleydb:creator:KarimDouaidy,component_003110,30,44100,3ede4387bb7f5a04daed1e34a3d60fc05c42d84501a9333765479dc919bafbb6
human_medleydb_da7f883c-6999-4089-ad1e-d5e6551ed1a5,0,human_medleydb,development,human_medleydb:creator:PoliceHearingDepartment,component_003073,30,44100,20fce09bccb5895dc258915367240b55a58036bed89b9e98d6db793885e9638d
human_medleydb_dad82f7f-963c-4f1f-ad4e-e41c67cd3e22,0,human_medleydb,development,human_medleydb:creator:Katzn,component_003128,30,44100,7b89fc45a909757842ca4c6476207a219c994800ed45a1b1df9b0c08f0e88f52
human_medleydb_db130824-ae33-4dcb-8a43-d25cdddb9aa1,0,human_medleydb,development,human_medleydb:creator:MusicDelta,component_003064,30,44100,4a1db6479cb788dadbfdbb71cdca3f76d11f5ed52362d91dbfd4836b5d8bd1a9
human_medleydb_db83ac3b-cf68-4007-bc77-10cf7c3478c5,0,human_medleydb,development,human_medleydb:creator:Phoenix,component_003084,30,44100,f44081d4fb226b433797f479b7be5aba2535d40087a7a200a201ef05467ff35c
human_medleydb_dcad6565-79de-442e-b08c-85f7e21c6b4a,0,human_medleydb,development,human_medleydb:creator:Lushlife,component_003129,30,44100,85ed3cdc3915f3567a6e467212f319d444dd43b1cf2f9fde8a2041568cdb61f1
human_medleydb_dd7119b9-f1be-46a2-b83f-a4e5358cf234,0,human_medleydb,development,human_medleydb:creator:SasquatchConnection,component_003091,30,44100,17cb6094f92e00e1574a8cab5fbce20765de5b33613f42c4b606100b3b96c3da
human_medleydb_de48b6b6-2bc8-4a82-b79d-8a4ccd4bb883,0,human_medleydb,development,human_medleydb:creator:PurlingHiss,component_003130,30,44100,a701c3f8154a1731a6072005f12ba2b7fa66082006c39971fe96313b6b09a1f0
human_medleydb_dfc4e80e-6277-49a0-a7c4-97805f05e324,0,human_medleydb,development,human_medleydb:creator:MusicDelta,component_003064,30,44100,67b2982dc21b92f3147c7cbba542808d126a4685926939b9c2028c871dc59a8b
human_medleydb_e32a1ea2-f33f-4c1a-84a0-4beb469c1cfd,0,human_medleydb,development,human_medleydb:creator:TemperedElan,component_003116,30,44100,a97527d676da92da759d2136cae4385dd79cd75add6b0437d9ec4767a07120fd
human_medleydb_e3d28c67-f1ea-4d9e-9de1-bcae1703e419,0,human_medleydb,development,human_medleydb:creator:ClaraBerryAndWooldog,component_003077,30,44100,653dfdaba6a6d54988d61d599485cc3952136f8b6ba15cf07779218431695d4d
human_medleydb_e5140d87-a97d-42c0-abec-6d488b00bf39,0,human_medleydb,development,human_medleydb:creator:HezekiahJones,component_003131,30,44100,ed91715b3f21189a3894ecb3465f07986431f7a7fc140a4c914346591243d456
human_medleydb_e686693f-26bf-4830-9c93-7aaff9f31585,0,human_medleydb,development,human_medleydb:creator:Creepoid,component_003132,30,44100,74c4e4d2f59b95ee7915d53b76572384dda565d47bdce21aa3626b13032e19e5
human_medleydb_e77e3528-5d6d-460e-89e8-9ff1e4739563,0,human_medleydb,development,human_medleydb:creator:MatthewEntwistle,component_003095,30,44100,223819db2f2e91b8ab18c8bc6bb2489f19b0d2b0b86bce5eece3377300d0acf6
human_medleydb_e78ef6dc-87f8-40db-90a1-6bb4e4e226c1,0,human_medleydb,development,human_medleydb:creator:AClassicEducation,component_003133,30,44100,3a8159bc2b4c1e594692bc422d8dcd3cb24ad01f0e17dd9491407af5da93d3cc
human_medleydb_e8be1606-bf88-424f-b8fd-d03d2681ac4a,0,human_medleydb,development,human_medleydb:creator:TheKitchenettes,component_003134,30,44100,0da98acdb1937eb15c3efe6144c8f9044f47766c5781c1ae8f2013116da92e3d
human_medleydb_eab9c582-4dfa-4b7a-9290-d2950472c94d,0,human_medleydb,development,human_medleydb:creator:TheNoHoStringOrchestra,component_003114,30,44100,9688b84ab871c82a87d5e35386f05ac2be294bd5b6b587274942b65fb04d0dd3
human_medleydb_eb41fe63-14c3-4891-a5cc-4d20302e7ed7,0,human_medleydb,development,human_medleydb:creator:PoliceHearingDepartment,component_003073,30,44100,6d45e163102c58e0f53b4345f04cf37b1285717d207953b8b7df19baf921fd6b
human_medleydb_f16310a8-6362-47db-a52a-f2126c8854c5,0,human_medleydb,development,human_medleydb:creator:PortStWillow,component_003135,30,44100,5150f711dc5047a77e9b00ad004f61dac790d835cd8eef38f62cdf3bf29c1ca1
human_medleydb_f35af9a6-694f-4d31-956a-c93e62c42014,0,human_medleydb,development,human_medleydb:creator:FallingSparks,component_003068,30,44100,aeeb8393b1479549972feea685b543aaf634e023ba83fe1ce4a3c024b8fbf646
human_medleydb_f5cabd03-fde3-4534-94e3-77a3330eafd2,0,human_medleydb,development,human_medleydb:creator:MusicDelta,component_003064,30,44100,a1337c065a8a258f3077668365d22ca2844ae712dc083337f37e67c5a2a77e84
human_medleydb_f620bbc7-0154-46d1-bfd9-d16452129ebb,0,human_medleydb,development,human_medleydb:creator:FennelCartwright,component_003122,30,44100,a1dccd636f4336967d8edaca4d5eace48bc16c9954590dd58e1b4f39dc4a812f
human_medleydb_f6acaf68-7330-4acd-9287-7f80095a4207,0,human_medleydb,development,human_medleydb:creator:InvisibleFamiliars,component_003136,30,44100,b1d7b23c20eaff1d4b070edb4578fd01828d140b9990c1e3479016857e0893c6
human_medleydb_f777ad13-66d2-4114-9368-eeb81c5b1ce7,0,human_medleydb,development,human_medleydb:creator:CelestialShore,component_003137,30,44100,7912920df02d34dd208ea81034b24fc9f18cf9b66aad9cadcfef50bc2ac74a8f
human_medleydb_fb7cf3b2-0906-45c2-9468-fdd984007563,0,human_medleydb,development,human_medleydb:creator:Sweat,component_003063,30,44100,4827f9ceb4f901daa434549bbb6f101ca04e7d230285ef2430947ffe091992a2
human_medleydb_fc7c8bba-8071-4d52-a735-a206bbff9363,0,human_medleydb,development,human_medleydb:creator:MusicDelta,component_003064,30,44100,545d94b45421730c03c6bbb0bec429f3aa2d8f0627d366506378e7d9401c26bd
human_medleydb_fda6b5e5-2e3b-4f39-a765-1e3f4f6f0747,0,human_medleydb,development,human_medleydb:creator:Phoenix,component_003084,30,44100,33662a85c895342aeb6c0d0f1af8a5493c7a500c44e11d65f83c5e340e8d5b16
human_medleydb_fdf1fa4e-b0a3-44bb-9ee2-f7d2627ea136,0,human_medleydb,development,human_medleydb:creator:EthanHein,component_003082,30,44100,0c85b0075fa2e026e15e3a69e1a9fbe60d5761a0192e2eb2e4561317280d5da3
human_medleydb_ff4f87d5-091e-47c5-a9bf-ed9fe7a6bc60,0,human_medleydb,development,human_medleydb:creator:AlexanderRoss,component_003080,30,44100,9a6b9eec2556a5820878a5b38b1f4bc38d2159651b79e37a3b7bd9aec9e6087b
human_medleydb_ffbc0530-c42a-4cd9-a50b-437997089783,0,human_medleydb,development,human_medleydb:creator:AimeeNorwich,component_003106,30,44100,717bc727a94a9e0d5ac040470a27f877cbed4bedb4ea2b4c08f2e0e87c5f7d9f
human_moisesdb_0044badf-486e-4d18-ad18-ba6b43785928,0,human_moisesdb,development,human_moisesdb:0044badf-486e-4d18-ad18-ba6b43785928,component_003138,30,44100,576f1033c9f7b9b4aeee4b6a5ddcc8198661776f7c67759908cfbc1a8e047724
human_moisesdb_007c03e0-15b0-4555-88f5-29687ee66e81,0,human_moisesdb,development,human_moisesdb:007c03e0-15b0-4555-88f5-29687ee66e81,component_003139,30,44100,8eba38c9d4e1c00d7ff0abf0ba3e03321ea62a08d519027185caa3c6f1043d52
human_moisesdb_01099056-a20b-4532-a6b8-40851f1a9a29,0,human_moisesdb,development,human_moisesdb:01099056-a20b-4532-a6b8-40851f1a9a29,component_003140,30,44100,4b8d009fa05d6c44ebfa530a6a9ae4497a1e42e26a5c4791604d82944964b90d
human_moisesdb_019ccf20-4d99-4bea-ac3b-88d132da8776,0,human_moisesdb,development,human_moisesdb:019ccf20-4d99-4bea-ac3b-88d132da8776,component_003141,30,44100,ded61be3a3305f2cea75911c05a398e58e6efcbec2e4248c31d67d43b5b46158
human_moisesdb_02f8fc2f-fcea-4152-8377-18c4a92b8bbb,0,human_moisesdb,development,human_moisesdb:02f8fc2f-fcea-4152-8377-18c4a92b8bbb,component_003142,30,44100,9596c3a42aff345187590a4f2f42ff8fe03bf0dc35a205b505980b154c85fd7e
human_moisesdb_0487d250-ffa5-495e-8a23-53ba942855e2,0,human_moisesdb,development,human_moisesdb:0487d250-ffa5-495e-8a23-53ba942855e2,component_003143,30,44100,428c2d3f0910dd8ca7645d1b79c942b1774d09e4ab6ae9325a3d41068ba6a3a3
human_moisesdb_06d21677-3ee5-4808-8f21-e28b40982a0b,0,human_moisesdb,development,human_moisesdb:06d21677-3ee5-4808-8f21-e28b40982a0b,component_003144,30,44100,48dfc70007ac5753f3ba469c781221f75ca364c3b2f68fe4ca46165b7c8ba02a
human_moisesdb_06f33f97-8531-407a-aa1d-6a5f56eb6416,0,human_moisesdb,development,human_moisesdb:06f33f97-8531-407a-aa1d-6a5f56eb6416,component_003145,30,44100,4a111501d5a731511766ab201fd3834bd250244a76928abf3a767358d5783c5b
human_moisesdb_07b98af1-4c18-4392-bbca-9ddd22c94948,0,human_moisesdb,development,human_moisesdb:07b98af1-4c18-4392-bbca-9ddd22c94948,component_003146,30,44100,5d2ec9a042128565f26c9ee49da9e44ebaed22cd1a71290f8eb59226e51cd900
human_moisesdb_0849b9ae-be4b-4d60-9b0e-ac629867de43,0,human_moisesdb,development,human_moisesdb:0849b9ae-be4b-4d60-9b0e-ac629867de43,component_003147,30,44100,ee9b4f71b7459250d29d874bbae22980cb4ce1e99cd457eabacd84d26e633b26
human_moisesdb_085052e9-daa6-4a28-bd25-425ca4612c7c,0,human_moisesdb,development,human_moisesdb:085052e9-daa6-4a28-bd25-425ca4612c7c,component_003148,30,44100,3fb58a092204d0d56866c7018205f36c4a94a672c0da1babde6c423e70aa518b
human_moisesdb_0e127183-69e9-4337-831c-dba2866d4e78,0,human_moisesdb,development,human_moisesdb:0e127183-69e9-4337-831c-dba2866d4e78,component_003149,30,44100,20d98de0632fafba95de292b23b9fa5c942a3358f83a42f8dae6c3ec9f22aa1b
human_moisesdb_0e73146f-a04a-438e-9e23-b62d1c1a1f3e,0,human_moisesdb,development,human_moisesdb:0e73146f-a04a-438e-9e23-b62d1c1a1f3e,component_003150,30,44100,3e47918a39f9bc0a060a1a13871c85aedc69307cbf775a194261a71e7dc7ad4a
human_moisesdb_122594ab-7f7f-4466-ace2-70bb7dfc65ec,0,human_moisesdb,development,human_moisesdb:122594ab-7f7f-4466-ace2-70bb7dfc65ec,component_003151,30,44100,51d6c223b1c7910ef19678393dbbb00cc1e026780b859d6acd06c2c0c39e8b7c
human_moisesdb_1233e312-4e59-4167-9234-a0ce2bd123ce,0,human_moisesdb,development,human_moisesdb:1233e312-4e59-4167-9234-a0ce2bd123ce,component_003152,30,44100,5e7e8d5e6ae46454616e098b853fc492616e45ab9c19e75063a747f968a7f557
human_moisesdb_12dc1cb2-2b96-405e-b58e-084d2fe37146,0,human_moisesdb,development,human_moisesdb:12dc1cb2-2b96-405e-b58e-084d2fe37146,component_003153,30,44100,6e4959340795e43f5fc5938e09ff6f6d0d37a2c1c7c1d784f8b2a0474cb8948f
human_moisesdb_140d4cbc-23d6-49bb-9365-51087a51f3f8,0,human_moisesdb,development,human_moisesdb:140d4cbc-23d6-49bb-9365-51087a51f3f8,component_003154,30,44100,f6106b4698e5865289a6c1f40680a5eeb3be8021f7d7b476a397e9cc73f458f3
human_moisesdb_1487dd4b-4bfe-49aa-b792-f343c126c892,0,human_moisesdb,development,human_moisesdb:1487dd4b-4bfe-49aa-b792-f343c126c892,component_003155,30,44100,34b9fa4ef6a6d2fec8d8aa71e6560369a0d17b26ea2c9e8635ada82381375054
human_moisesdb_160c34d9-66fb-43b5-b18d-aded6d7d4be5,0,human_moisesdb,development,human_moisesdb:160c34d9-66fb-43b5-b18d-aded6d7d4be5,component_003156,30,44100,639e18d3665141d263fd734e61bc011047d2c47195885dedf42cca6db213232b
human_moisesdb_1624ed65-a763-42a4-9a52-bdb297ecab34,0,human_moisesdb,development,human_moisesdb:1624ed65-a763-42a4-9a52-bdb297ecab34,component_003157,30,44100,58503750af3899a7079cb9f02dfb6880380ca16a71b0a06527989bd706bd9819
human_moisesdb_1660c699-cf5a-4fbb-b5f9-efb471ef2620,0,human_moisesdb,development,human_moisesdb:1660c699-cf5a-4fbb-b5f9-efb471ef2620,component_003158,30,44100,d6f6ed784ef950b42b8c6978c16dbfd4cba7d3848336df8800651353a35d6b07
human_moisesdb_178eb5db-c0a6-4682-be14-7b404fa376bf,0,human_moisesdb,development,human_moisesdb:178eb5db-c0a6-4682-be14-7b404fa376bf,component_003159,30,44100,29d599f820b8518ec2b62d3756770aa5ccf606dcd37a18856b9b829fef5b0db1
human_moisesdb_188c0680-f1ef-4d57-91f3-5b5b1f047a41,0,human_moisesdb,development,human_moisesdb:188c0680-f1ef-4d57-91f3-5b5b1f047a41,component_003160,30,44100,5fe0d65342f012fe234f51df6b3d5bd7c9d3b30d27e13df6a51c3f04cdcd17fa
human_moisesdb_19710ec3-197b-4ac2-8e6d-3b25cad3d72d,0,human_moisesdb,development,human_moisesdb:19710ec3-197b-4ac2-8e6d-3b25cad3d72d,component_003161,30,44100,8adc2d2cd35d10beb4c3a9b28c28f67d1f02a31d772376015c9ed21a35d38316
human_moisesdb_198a4178-9857-4264-a74e-679582b85a38,0,human_moisesdb,development,human_moisesdb:198a4178-9857-4264-a74e-679582b85a38,component_003162,30,44100,38b00f5880d63f86a70b2960b9074b066022c845f843f5fb5d9f1ca4afe15969
human_moisesdb_1a43bd92-e9df-46e6-b696-ff8ea2181025,0,human_moisesdb,development,human_moisesdb:1a43bd92-e9df-46e6-b696-ff8ea2181025,component_003163,30,44100,10b53ed636cde9f57128a6392a0ac7595d71de8a0656081512ce94333d2a3d19
human_moisesdb_1b3e7df0-2a6e-42b6-88f5-9236c235d073,0,human_moisesdb,development,human_moisesdb:1b3e7df0-2a6e-42b6-88f5-9236c235d073,component_003164,30,44100,c22b97f239cfbb210d6e63e5eaa92f2720cfd2790570fe4f970f4299bb3c76c1
human_moisesdb_1dc7895c-87e0-45bd-a301-c730bd734034,0,human_moisesdb,development,human_moisesdb:1dc7895c-87e0-45bd-a301-c730bd734034,component_003165,30,44100,74947d60a8daa25b0bbdd785e5bb397e9c8258e26a2403c14db8909d95307aff
human_moisesdb_1e47a85e-2983-4570-848b-9840c9928bf9,0,human_moisesdb,development,human_moisesdb:1e47a85e-2983-4570-848b-9840c9928bf9,component_003166,30,44100,e00261be4e846fa8a775d59f3dcf183996a2e9f2f54bf089218d69ee918227fe
human_moisesdb_1ec4c706-5839-45a5-ae4b-af3049cf2d2b,0,human_moisesdb,development,human_moisesdb:1ec4c706-5839-45a5-ae4b-af3049cf2d2b,component_003167,30,44100,93c8d2d60f0f66132add9c476c52e372b4f42741c46ccb9bb56a8c9148202735
human_moisesdb_1f79da81-65ad-408a-adb2-da28b5a3a252,0,human_moisesdb,development,human_moisesdb:1f79da81-65ad-408a-adb2-da28b5a3a252,component_003168,30,44100,35ccebf02285643199fa851c7e09d8992cec256dbb8ba82b72ded4e95f73241e
human_moisesdb_1ff87223-c759-4d06-a803-d7651c9ca5bb,0,human_moisesdb,development,human_moisesdb:1ff87223-c759-4d06-a803-d7651c9ca5bb,component_003169,30,44100,2218b89b3388d0016670ba24800879f594fa59f0091bc619e28b54e94d18e33d
human_moisesdb_223bed44-9f75-4cb0-9799-7f87c3f23a68,0,human_moisesdb,development,human_moisesdb:223bed44-9f75-4cb0-9799-7f87c3f23a68,component_003170,30,44100,d41c6191ecd6057c296eb8ab94d496c118329dd2e4c50f07ce467933499c4adf
human_moisesdb_2331166d-00a5-49d1-afc5-cca01d02406d,0,human_moisesdb,development,human_moisesdb:2331166d-00a5-49d1-afc5-cca01d02406d,component_003171,30,44100,e4d01abcb7bc9d9d06d89ebbdbe6c880d91fff17c9511b26f56aa9b70121c2ed
human_moisesdb_23cf3c97-1083-493f-b61c-a8af5f3ce84c,0,human_moisesdb,development,human_moisesdb:23cf3c97-1083-493f-b61c-a8af5f3ce84c,component_003172,30,44100,b3d0f47e2ad92a0a2acd74cfe79debdb9ec5f41a784c8e76a552205602585693
human_moisesdb_2552d8c9-d45d-4779-8add-451c8cf7f2c0,0,human_moisesdb,development,human_moisesdb:2552d8c9-d45d-4779-8add-451c8cf7f2c0,component_003173,30,44100,a6774c35f33c0285d0749f3253a68dda44fa764c6247a7b5c3f383e96f70315f
human_moisesdb_257f0b3c-4113-4a16-92da-65c4a80b7cac,0,human_moisesdb,development,human_moisesdb:257f0b3c-4113-4a16-92da-65c4a80b7cac,component_003174,30,44100,cec2c8f8ab63e3112c72b87a344f62558538cfcf34c026d6403a14efae9b9cb2
human_moisesdb_25c909a8-5346-4ac4-872c-5be5c75b8903,0,human_moisesdb,development,human_moisesdb:25c909a8-5346-4ac4-872c-5be5c75b8903,component_003175,30,44100,1b664b1b63b05f4168ccad95f103494da816c1755ae0712b425d455bb10ebb2e
human_moisesdb_26a7a156-9ffa-4ea9-b46b-638d38431076,0,human_moisesdb,development,human_moisesdb:26a7a156-9ffa-4ea9-b46b-638d38431076,component_003176,30,44100,1eaf92705e840b6ec498d5f424bfba38b1a0f249d9bfc4d29aad4c28c834cdf9
human_moisesdb_26e06c55-cf63-48c1-b7d7-b94f60876ee3,0,human_moisesdb,development,human_moisesdb:26e06c55-cf63-48c1-b7d7-b94f60876ee3,component_003177,30,44100,efca5d33efc81ab605a952c57d01cdee6e5523e497ead2ce6b10fa26d5d87f00
human_moisesdb_2976322f-2d02-474f-88d8-4e6a0654dc9c,0,human_moisesdb,development,human_moisesdb:2976322f-2d02-474f-88d8-4e6a0654dc9c,component_003178,30,44100,6e9a22128f57b1f0896172249fdc622064208245267d3324dc2ef7a3531d53ab
human_moisesdb_2e1285f3-3d9f-4ec0-9930-cfa8db48200f,0,human_moisesdb,development,human_moisesdb:2e1285f3-3d9f-4ec0-9930-cfa8db48200f,component_003179,30,44100,01f98ddb76b55f6c5840cfc8bf906ad8d5b79ef7613aaa91847a10695e3be4fa
human_moisesdb_2f7d856b-1077-4b67-82d7-56fe28fe2cf0,0,human_moisesdb,development,human_moisesdb:2f7d856b-1077-4b67-82d7-56fe28fe2cf0,component_003180,30,44100,7f74e8c8a29abb9fd2b8501ac89a5be7fe7c02aaee5d5fc00db4b5358a7dcd6c
human_moisesdb_30084401-8bb1-473d-acd7-0de075e497b9,0,human_moisesdb,development,human_moisesdb:30084401-8bb1-473d-acd7-0de075e497b9,component_003181,30,44100,2927e7bf873263809c0f4c6a292e7657da6db0da1fa2c9067c8665710dd57708
human_moisesdb_301e23d0-4e57-4c7d-a4d2-6474d53fabe9,0,human_moisesdb,development,human_moisesdb:301e23d0-4e57-4c7d-a4d2-6474d53fabe9,component_003182,30,44100,dcfecb70d53351a6112630530fa997476ba9b247967ceaeb4cb2d25c4962eb80
human_moisesdb_335029ea-35a0-4a3a-a80f-de45f1dcb9d4,0,human_moisesdb,development,human_moisesdb:335029ea-35a0-4a3a-a80f-de45f1dcb9d4,component_003183,30,44100,cb3339a193164f088e4bca6796e1804f89d18e2bbc32bbee8ea34e150c6bd8d2
human_moisesdb_33bb702a-f064-4cc0-b25e-3c1ceb1752b0,0,human_moisesdb,development,human_moisesdb:33bb702a-f064-4cc0-b25e-3c1ceb1752b0,component_003184,30,44100,a653da1fe6e2d13a673700b62c5819bbe7c55ba874b6072317132adea6c94089
human_moisesdb_353867f2-3ae6-460b-b3a0-037e6a0b34a6,0,human_moisesdb,development,human_moisesdb:353867f2-3ae6-460b-b3a0-037e6a0b34a6,component_003185,30,44100,d0077f2fdeb13cac190644c90b4f6fd57efa07adef7f37be026bab1e9758e4b5
human_moisesdb_36341fd2-a99e-4311-ae3b-fb3d6b201814,0,human_moisesdb,development,human_moisesdb:36341fd2-a99e-4311-ae3b-fb3d6b201814,component_003186,30,44100,095c46b3bbb8db4afdacad2eb32751e9dda6a45c82713462c8e24a259f883c7c
human_moisesdb_3779da04-c0ac-43c2-982a-9cfea5412509,0,human_moisesdb,development,human_moisesdb:3779da04-c0ac-43c2-982a-9cfea5412509,component_003187,30,44100,4974955b5ab013be270ad18e4e65305f303787b40ff9c4ea320dbed6fa1c4c19
human_moisesdb_3c0b5a76-ce96-489b-8c09-6d69b28930b0,0,human_moisesdb,development,human_moisesdb:3c0b5a76-ce96-489b-8c09-6d69b28930b0,component_003188,30,44100,f246fcaa0ca560895c3bad82b1ecc77425c9f7e2bd4e2d387be15bcf94554699
human_moisesdb_3dc82086-e99d-4ceb-b3f7-3c075adf1739,0,human_moisesdb,development,human_moisesdb:3dc82086-e99d-4ceb-b3f7-3c075adf1739,component_003189,30,44100,4b4a01cc1dc8c75e6431d72328698c5029e44213cdb0eb49bdbbd347d74e3680
human_moisesdb_3f10005d-d339-47ce-aed7-da12ef756aa4,0,human_moisesdb,development,human_moisesdb:3f10005d-d339-47ce-aed7-da12ef756aa4,component_003190,30,44100,fd61bbdfe1b218c20c94ac9540a62e13ec5fd8726887c6a40ac21b823346405c
human_moisesdb_3fa79c72-190a-4978-b3ca-16c1dd9c08b8,0,human_moisesdb,development,human_moisesdb:3fa79c72-190a-4978-b3ca-16c1dd9c08b8,component_003191,30,44100,8c6e639bd0b790dfed84aee11d8e601f5bd33126a8772502de9d561d59a386dc
human_moisesdb_40a5cc0a-18ad-425d-9c5b-1c4a6d97a296,0,human_moisesdb,development,human_moisesdb:40a5cc0a-18ad-425d-9c5b-1c4a6d97a296,component_003192,30,44100,b051d6d37281ba43d9e358fd12c45d539350c13ee3f2b79299d9373382fe6c54
human_moisesdb_4171b793-1c2a-412a-94c9-c521336b81dd,0,human_moisesdb,development,human_moisesdb:4171b793-1c2a-412a-94c9-c521336b81dd,component_003193,30,44100,79560d5324340fc564dbdfb5f703ffbeae93b0ae1fdb4aa895f9b6674ec14bb8
human_moisesdb_425d1532-8f32-4246-a2d3-d9eac74918ec,0,human_moisesdb,development,human_moisesdb:425d1532-8f32-4246-a2d3-d9eac74918ec,component_003194,30,44100,696dd76a5318eb981aca5440bb5d61bc667bd5062d9660abad924f6eca86d6c9
human_moisesdb_42aa265c-d51c-45ea-b8d9-5bc59600699e,0,human_moisesdb,development,human_moisesdb:42aa265c-d51c-45ea-b8d9-5bc59600699e,component_003195,30,44100,ed2c7c3b650a6d5836e57b0dcc393d86b62b55a5ae4903d0bf23c6d7cc033382
human_moisesdb_42b4b059-33eb-48f9-8d69-efd1578c6998,0,human_moisesdb,development,human_moisesdb:42b4b059-33eb-48f9-8d69-efd1578c6998,component_003196,30,44100,0c7719bd2bd264876948bda7468b7f1994450be9cca5d5c485984e30ae9256f3
human_moisesdb_438b4e4b-01d4-4022-8131-4771dd10ac68,0,human_moisesdb,development,human_moisesdb:438b4e4b-01d4-4022-8131-4771dd10ac68,component_003197,30,44100,735cb9d7c88aca9f5521641ab1b71dc505d55e8eeae351d72210507387aaf8c5
human_moisesdb_43dd139a-9cd6-4c61-b4e9-9487f4138925,0,human_moisesdb,development,human_moisesdb:43dd139a-9cd6-4c61-b4e9-9487f4138925,component_003198,30,44100,f421edbc25195e35246cc089447b60734144b12f198af1a3d7548e501adfc70c
human_moisesdb_47453192-1d6f-436e-b3a4-92280b769221,0,human_moisesdb,development,human_moisesdb:47453192-1d6f-436e-b3a4-92280b769221,component_003199,30,44100,ff78d5c6c0b1834d7a0fdb25b5fe93c91523936a94c671c6083dcb9d4e968623
human_moisesdb_4829ee1f-1e5d-403d-b289-cebfbdd85bc1,0,human_moisesdb,development,human_moisesdb:4829ee1f-1e5d-403d-b289-cebfbdd85bc1,component_003200,30,44100,dc8f29b34c96ecc0e5747bfaa4947e89f49d9e27f20d4b17374fe806e4dcda9d
human_moisesdb_4a1502f8-9b38-4ba9-a3bf-0cee1b30d115,0,human_moisesdb,development,human_moisesdb:4a1502f8-9b38-4ba9-a3bf-0cee1b30d115,component_003201,30,44100,bd944f58ff985d7ebdbfac903dfd8cfc5b6967d3a597d82791918c95e0522468
human_moisesdb_4b738760-38ec-482e-a733-880605bed66b,0,human_moisesdb,development,human_moisesdb:4b738760-38ec-482e-a733-880605bed66b,component_003202,30,44100,ab596fbe17bb3e2306bc71453adfe90361a1020b8d6acc090812855ddeeed459
human_moisesdb_4c1eb8dc-e464-41cb-9bc8-0d4b72b58e10,0,human_moisesdb,development,human_moisesdb:4c1eb8dc-e464-41cb-9bc8-0d4b72b58e10,component_003203,30,44100,01b42d51c5901a9e149a83b3355959f9f41f3393160d8fed2e0b3ff3d7be66ce
human_moisesdb_538fa384-63e0-40e6-9920-a0456988fe55,0,human_moisesdb,development,human_moisesdb:538fa384-63e0-40e6-9920-a0456988fe55,component_003204,30,44100,123b43ea66deb415ad60a29a83911025700f6a6c567ee72fa88daa35fbbf0ffa
human_moisesdb_549277f8-d550-4c7a-a02e-b6df05f463bb,0,human_moisesdb,development,human_moisesdb:549277f8-d550-4c7a-a02e-b6df05f463bb,component_003205,30,44100,610f1d366dc61c68cabdda3039cdf60f4ab7189169feb9741d3c4a26bbe1f37c
human_moisesdb_57323a9f-f67e-43f2-96d6-48bad7b81a5e,0,human_moisesdb,development,human_moisesdb:57323a9f-f67e-43f2-96d6-48bad7b81a5e,component_003206,30,44100,021e6677aafc196b0c9ed340a83e28bc6dc4c50039be449ee607670f1c16d541
human_moisesdb_573706eb-fcd9-4794-b90e-6eb38622903f,0,human_moisesdb,development,human_moisesdb:573706eb-fcd9-4794-b90e-6eb38622903f,component_003207,30,44100,bba4a9ff67b57b311047fec21a421b996a4cf9bc8275d7160be527684f6ca0e6
human_moisesdb_59675e1f-d5ae-4a35-adcb-6c19afe51aa2,0,human_moisesdb,development,human_moisesdb:59675e1f-d5ae-4a35-adcb-6c19afe51aa2,component_003208,30,44100,544d8d8ecb164c8b7717bfb408bdb4b7f22a3e5f023f664d9a910bfa67d6c0ee
human_moisesdb_5af89a81-2f91-49f7-a949-ed6dcea602a2,0,human_moisesdb,development,human_moisesdb:5af89a81-2f91-49f7-a949-ed6dcea602a2,component_003209,30,44100,3cc19a29d814db38c3c831be6bf12f3e3212908a8b10aa6e111067310d7f8cc0
human_moisesdb_5b8462d0-3e15-474e-b0fd-37d48953d2c9,0,human_moisesdb,development,human_moisesdb:5b8462d0-3e15-474e-b0fd-37d48953d2c9,component_003210,30,44100,ad0a49191cd0d88ce3ba65645509ed47bb240cb9abe9050893d28e5baa6c9b19
human_moisesdb_5deb3e04-d13d-4a0d-b407-515f934e551c,0,human_moisesdb,development,human_moisesdb:5deb3e04-d13d-4a0d-b407-515f934e551c,component_003211,30,44100,1b92e4476d706dacdbaef97c66d272d2f611736ce10aae13689f9110cc2f9374
human_moisesdb_5f971d9a-9031-4e56-8b4d-9c93ce375044,0,human_moisesdb,development,human_moisesdb:5f971d9a-9031-4e56-8b4d-9c93ce375044,component_003212,30,44100,2017d137b02f5fda70b44766979b782b74dd1cc59b8377ae22720987b6eeda71
human_moisesdb_620881ca-7e72-4377-af0b-241a5b46bf5c,0,human_moisesdb,development,human_moisesdb:620881ca-7e72-4377-af0b-241a5b46bf5c,component_003213,30,44100,d04ce83f1ea6307da550cdd8f1e7472174cc3f0f6f0f4809df4dcf5b47385571
human_moisesdb_626717ef-236f-462f-bb02-6fa37704ff31,0,human_moisesdb,development,human_moisesdb:626717ef-236f-462f-bb02-6fa37704ff31,component_003214,30,44100,679451cdbc2f658834b75948ae63ba5349460fdb623a2cd346755f09a82f28c3
human_moisesdb_627d0f38-c764-4436-91a6-bcb8431d3989,0,human_moisesdb,development,human_moisesdb:627d0f38-c764-4436-91a6-bcb8431d3989,component_003215,30,44100,c3ae7efe12d465ab3dd4db02dd02a018531af287c61ba80b4c8722ce8ce2e574
human_moisesdb_63782a17-6aac-4361-9878-87e11b1f1a41,0,human_moisesdb,development,human_moisesdb:63782a17-6aac-4361-9878-87e11b1f1a41,component_003216,30,44100,78545f6f3721a8275ebc97ed39b0bc5519688d85a61c09f0418931d4e20ab9b3
human_moisesdb_63e31819-4209-4a80-b86f-573ef67e7ab8,0,human_moisesdb,development,human_moisesdb:63e31819-4209-4a80-b86f-573ef67e7ab8,component_003217,30,44100,a747c3908c76472cd62511efc872fd07ff58de0cb06920b0a38ed7dee4ca4279
human_moisesdb_65ed4d66-79b6-4a79-8ae6-1061a9d86f47,0,human_moisesdb,development,human_moisesdb:65ed4d66-79b6-4a79-8ae6-1061a9d86f47,component_003218,30,44100,be51957447a5d3c82408aa00fed907fd7cd328f77ddfb616cfbacd6260e88000
human_moisesdb_66a041bd-34cd-4e65-943b-f3d4cb174355,0,human_moisesdb,development,human_moisesdb:66a041bd-34cd-4e65-943b-f3d4cb174355,component_003219,30,44100,15dbf6f9fe34c41ad8f7b954bb45eb3915cf583f7a789afdb101671fdcc48513
human_moisesdb_69b77753-8127-4e09-a1e3-a95116c09e1c,0,human_moisesdb,development,human_moisesdb:69b77753-8127-4e09-a1e3-a95116c09e1c,component_003220,30,44100,3325bacfb58b091b0d90438e6ef7ec37cc14e0f698a42c3ec896e0c8b58ccaa0
human_moisesdb_6a61244d-6109-4f61-b51f-b46663855bfc,0,human_moisesdb,development,human_moisesdb:6a61244d-6109-4f61-b51f-b46663855bfc,component_003221,30,44100,16c30915ff63223f367c4f558ed9c10b0a53e457cc2bd620997f1b545031f57f
human_moisesdb_6bbefc2f-9f18-46ca-b0de-9dc98d806a9b,0,human_moisesdb,development,human_moisesdb:6bbefc2f-9f18-46ca-b0de-9dc98d806a9b,component_003222,30,44100,a1be8613e17ff2607340ce9eececdb387921ff78addf2ac06fdcc0e22e6fe5c7
human_moisesdb_6ed5fb50-c9fc-4108-b6f5-c4e7b8c88bd0,0,human_moisesdb,development,human_moisesdb:6ed5fb50-c9fc-4108-b6f5-c4e7b8c88bd0,component_003223,30,44100,8f09a358544a2da3c44a79a385d69ba4213bed1011cda092c792e430efa5dc78
human_moisesdb_73880852-b60c-4c47-ae72-e3d40c3660c0,0,human_moisesdb,development,human_moisesdb:73880852-b60c-4c47-ae72-e3d40c3660c0,component_003224,30,44100,7196376cea59907f9d3ce60a5f57669d7a62470864ad97b54f332353f6b7be72
human_moisesdb_73c5cce6-83b0-4c8a-bff9-26c3388f0048,0,human_moisesdb,development,human_moisesdb:73c5cce6-83b0-4c8a-bff9-26c3388f0048,component_003225,30,44100,ec3a2bc0e8d5f034db743509dccbbbecf66fbd5291961b23033e5909b91f5890
human_moisesdb_746c5ae1-71b8-4f07-9595-503f57b99a94,0,human_moisesdb,development,human_moisesdb:746c5ae1-71b8-4f07-9595-503f57b99a94,component_003226,30,44100,bc36435f92582833afe350266a1fc237c3887f93db069eaa34b99cbe24c2dabb
human_moisesdb_74e96d75-cfa1-4a62-8bc8-a35317eb1840,0,human_moisesdb,development,human_moisesdb:74e96d75-cfa1-4a62-8bc8-a35317eb1840,component_003227,30,44100,c8f446517ffcdf160a2d6c012cc7b9150066ce7dab71b263639b12b02377d468
human_moisesdb_75733518-dbf4-4c25-8f16-f9e48afae2b6,0,human_moisesdb,development,human_moisesdb:75733518-dbf4-4c25-8f16-f9e48afae2b6,component_003228,30,44100,3373373251c18b4f81e89cf4ae01c0e44af9c1a8432360485fccfd48731eea65
human_moisesdb_761c542a-d8c5-4cb5-bc7e-dd7a26e77661,0,human_moisesdb,development,human_moisesdb:761c542a-d8c5-4cb5-bc7e-dd7a26e77661,component_003229,30,44100,293e8f550a53b3a00cdc4d67773f908756780896d804441bfc40ad62c90fa715
human_moisesdb_762218d9-e4ce-4067-a9c1-1976f7b3d69d,0,human_moisesdb,development,human_moisesdb:762218d9-e4ce-4067-a9c1-1976f7b3d69d,component_003230,30,44100,7b23657e28369729ccb2449a0013cedc493ad16ba1207b9face01aa692bf3deb
human_moisesdb_76664e23-cfa9-4708-a9b6-3d2474026805,0,human_moisesdb,development,human_moisesdb:76664e23-cfa9-4708-a9b6-3d2474026805,component_003231,30,44100,e1b9492d7f8aed37f4fd194de45b12f25fd18a2bc4ff4d5af0fca479f2aba8e3
human_moisesdb_76dd8ca2-272f-4978-80e8-cc047f91e658,0,human_moisesdb,development,human_moisesdb:76dd8ca2-272f-4978-80e8-cc047f91e658,component_003232,30,44100,72c5e5217c1b1cbd8b377c0100895ef7119135e983f8a5e5b62e515b25d26fcb
human_moisesdb_7771fc33-57b4-4431-8be6-891c277b38aa,0,human_moisesdb,development,human_moisesdb:7771fc33-57b4-4431-8be6-891c277b38aa,component_003233,30,44100,2a06ebeeaf569ba36c5aafe2777ea74a574fd3d582338bc3646ff979fc683b45
human_moisesdb_780a2bb2-0666-4f2a-bfc3-f9a89260c9fd,0,human_moisesdb,development,human_moisesdb:780a2bb2-0666-4f2a-bfc3-f9a89260c9fd,component_003234,30,44100,edc112139eabe21a924845f0289f0ceba8d2db2c93585bf2310e482fb7b866d3
human_moisesdb_783d670f-920f-4ef8-b080-7b6a9663d986,0,human_moisesdb,development,human_moisesdb:783d670f-920f-4ef8-b080-7b6a9663d986,component_003235,30,44100,fc08546b5f2f4b004dac2cd8cf74639b648739f00b35fc51e29775f6d82513dc
human_moisesdb_783f331b-5844-4ed3-8904-7fa25e94f182,0,human_moisesdb,development,human_moisesdb:783f331b-5844-4ed3-8904-7fa25e94f182,component_003236,30,44100,951d731ead675d743d454cdd85e2f13a4e9457d6372ac1738d41d3bf4b9b74b3
human_moisesdb_7a5a08f6-428d-4e61-af9e-647f98f96bc9,0,human_moisesdb,development,human_moisesdb:7a5a08f6-428d-4e61-af9e-647f98f96bc9,component_003237,30,44100,11206b75826431b5792c10f2c89114354eed8b5b1f391945dc9b417e5c2cc8af
human_moisesdb_7c066c0d-33b3-4f99-b0ad-f34941c87472,0,human_moisesdb,development,human_moisesdb:7c066c0d-33b3-4f99-b0ad-f34941c87472,component_003238,30,44100,4bf53803fe03cf276612774fb4448a3722407de55ff2308f129e4ba24f6ad371
human_moisesdb_7c45cf52-5862-4dac-960b-974eb36fa272,0,human_moisesdb,development,human_moisesdb:7c45cf52-5862-4dac-960b-974eb36fa272,component_003239,30,44100,fef38bb1ff8778e6db81b75836a94f2878996f5e9985ca5e6fab7f80c24c8484
human_moisesdb_7ed277f7-ac31-470c-b01d-9f106413f643,0,human_moisesdb,development,human_moisesdb:7ed277f7-ac31-470c-b01d-9f106413f643,component_003240,30,44100,bb9533a1814076369b83c7a619b9f4d5dfc4336dee5c3067d89f7ed395b18a47
human_moisesdb_7ee6db35-f312-4828-90d3-16650b79a342,0,human_moisesdb,development,human_moisesdb:7ee6db35-f312-4828-90d3-16650b79a342,component_003241,30,44100,567563681dbaca50589056b2de160415b44423408b2b87bb1d94b90de6e828da
human_moisesdb_810102cc-63c6-4d39-9194-f49a0cb3e740,0,human_moisesdb,development,human_moisesdb:810102cc-63c6-4d39-9194-f49a0cb3e740,component_003242,30,44100,ca994f7e30e4d3d7f0023135b477019e1752691430114e8fde1db684debef349
human_moisesdb_8244f8d9-9980-4829-a5e2-0548e3cc8c6f,0,human_moisesdb,development,human_moisesdb:8244f8d9-9980-4829-a5e2-0548e3cc8c6f,component_003243,30,44100,c65430fecaece5ca102f74b37949d5deece79b1eeb7bdd65dc03fe4296b41810
human_moisesdb_830ce3b9-c862-4602-8f1d-a9553de1eff2,0,human_moisesdb,development,human_moisesdb:830ce3b9-c862-4602-8f1d-a9553de1eff2,component_003244,30,44100,415414b94a4c49c155d01bd7e295a0dbe6574c33ef8d78b3f1a30472386e81f8
human_moisesdb_87b1a65a-875d-4cc6-89c8-dfce8ecc88b1,0,human_moisesdb,development,human_moisesdb:87b1a65a-875d-4cc6-89c8-dfce8ecc88b1,component_003245,30,44100,b20d77bdcb816a3f3779a393b2e10f381e7f54a4db492352150d2ccefd1e4e24
human_moisesdb_88320c35-adac-4d7c-9157-1a6e97c24235,0,human_moisesdb,development,human_moisesdb:88320c35-adac-4d7c-9157-1a6e97c24235,component_003246,30,44100,8e3e568cbf3491b103031091841effa98afcad53bd592bc010d70428c32b5df5
human_moisesdb_8833ada4-318f-4408-a65b-823ad31972c5,0,human_moisesdb,development,human_moisesdb:8833ada4-318f-4408-a65b-823ad31972c5,component_003247,30,44100,47d0b341725e572b392c0695b5489ddc7223587df5485f59177fcfe67b418179
human_moisesdb_897ed6f4-c981-4fa7-8e8c-a7bacb4bd3e8,0,human_moisesdb,development,human_moisesdb:897ed6f4-c981-4fa7-8e8c-a7bacb4bd3e8,component_003248,30,44100,fe93667dd8fbe507401eaf2860487590342e43522ffa4f2b9ef157160794b34e
human_moisesdb_8a856b82-d7b3-4383-90cf-ef9d92758ce6,0,human_moisesdb,development,human_moisesdb:8a856b82-d7b3-4383-90cf-ef9d92758ce6,component_003249,30,44100,a70965f39301975b5cf6de2f70ac6af1a72fc747ef4df4d3888a92ff6c93c598
human_moisesdb_8b0219e2-ab69-4548-aa66-93931b4e3e66,0,human_moisesdb,development,human_moisesdb:8b0219e2-ab69-4548-aa66-93931b4e3e66,component_003250,30,44100,175ca9d9dc03e05732ffe5ce162a88009a65c8a2cf3f161bc99f20c87deee044
human_moisesdb_8bf17955-73fd-4f73-8df0-2ffd12ea9c81,0,human_moisesdb,development,human_moisesdb:8bf17955-73fd-4f73-8df0-2ffd12ea9c81,component_003251,30,44100,885332d4aee49f86b143b91b447b0c44b066817d0ed9ea5a9b84a4c25484962b
human_moisesdb_8c0a1df2-f8a2-44b0-b916-0fd69323b830,0,human_moisesdb,development,human_moisesdb:8c0a1df2-f8a2-44b0-b916-0fd69323b830,component_003252,30,44100,df3e4e71141d766cc05733bde0a16ed47df5a27df9a6ad51595f35b57780a9e7
human_moisesdb_8cc61b3d-02a0-4e09-a566-2e893cfeabfc,0,human_moisesdb,development,human_moisesdb:8cc61b3d-02a0-4e09-a566-2e893cfeabfc,component_003253,30,44100,4efd75e1ead26e9499a9024e330b6c30245c83aa0a3b1e82224c007ba1f15e36
human_moisesdb_8ecaefa6-a1f2-45d5-b926-e291befbcc30,0,human_moisesdb,development,human_moisesdb:8ecaefa6-a1f2-45d5-b926-e291befbcc30,component_003254,30,44100,5cc2da20a41cb6c7dc65db51d8462a908973063ec783c001dded0cf462c75775
human_moisesdb_907c2fcf-dbd9-4162-a22e-ab9a7d15f520,0,human_moisesdb,development,human_moisesdb:907c2fcf-dbd9-4162-a22e-ab9a7d15f520,component_003255,30,44100,cbf6abf20b7488de39796522af483ce408c1c312335a4db0931cd57126a2408a
human_moisesdb_90a3c5f6-d798-4f89-a4bc-b9016a56252c,0,human_moisesdb,development,human_moisesdb:90a3c5f6-d798-4f89-a4bc-b9016a56252c,component_003256,30,44100,57bfbe08434730471feccbb32ff50c7a91f2fd9e365db8b21a91e087d099f241
human_moisesdb_91961d17-ac1f-46b9-b35a-ceeae8380554,0,human_moisesdb,development,human_moisesdb:91961d17-ac1f-46b9-b35a-ceeae8380554,component_003257,30,44100,96056e269954b986e87990f196cac76d35025bbf0f7ad6df1d3ba98907c3da88
human_moisesdb_93ba1916-d2d5-4e66-bdc3-673346e89d91,0,human_moisesdb,development,human_moisesdb:93ba1916-d2d5-4e66-bdc3-673346e89d91,component_003258,30,44100,8e6cfc656efe9445aad083481e0d122de1d7ce82f644548bd3866a8fd13480ec
human_moisesdb_97062af1-df66-457c-b029-8872f5b544f2,0,human_moisesdb,development,human_moisesdb:97062af1-df66-457c-b029-8872f5b544f2,component_003259,30,44100,350d5e2be115572a4222bb58d42da892c62894c1dc3e0df449ec951a22548306
human_moisesdb_98ad7b75-399e-4968-8474-c2207ab0482d,0,human_moisesdb,development,human_moisesdb:98ad7b75-399e-4968-8474-c2207ab0482d,component_003260,30,44100,81acd33206cc9edf21859d129d66d27036e2e91df1be77a064bc2fdc6ea85a69
human_moisesdb_9afbc5ac-c550-4e50-9e04-76cc71fbd2bd,0,human_moisesdb,development,human_moisesdb:9afbc5ac-c550-4e50-9e04-76cc71fbd2bd,component_003261,30,44100,87b33518b180bf236394ceda7f13338c9331630eae8aaa61a733ac25f979a0d5
human_moisesdb_9b489e2e-5c89-4fc4-bdf5-c166740a14b0,0,human_moisesdb,development,human_moisesdb:9b489e2e-5c89-4fc4-bdf5-c166740a14b0,component_003262,30,44100,7951f192d4f3157ac8ea60cf5cedc2eaf0fbdcf453f2c48cff4eec24b4a7c4a8
human_moisesdb_9b9e16f0-8a88-4162-9311-0036828a0ff8,0,human_moisesdb,development,human_moisesdb:9b9e16f0-8a88-4162-9311-0036828a0ff8,component_003263,30,44100,f0e2984352099d4122cecda0f97f4eb2767e7057baed3daea72a9b3365ec2c01
human_moisesdb_9c3d8b8e-14b4-41b6-9dac-e3e375810bed,0,human_moisesdb,development,human_moisesdb:9c3d8b8e-14b4-41b6-9dac-e3e375810bed,component_003264,30,44100,bcb1a98231e4c8fb047b453b64575dbad03ca5e14b17a8b835d86ef34248d1d0
human_moisesdb_9f7d881b-e36d-47ae-ac10-0966e8edbb14,0,human_moisesdb,development,human_moisesdb:9f7d881b-e36d-47ae-ac10-0966e8edbb14,component_003265,30,44100,e8628965c8803c2a1ffa56913f0b2e4fa3f721cb2ed4933142ef78eb00ee1872
human_moisesdb_a0da0fb0-c74e-4c6d-a5e4-d36693e7fa2e,0,human_moisesdb,development,human_moisesdb:a0da0fb0-c74e-4c6d-a5e4-d36693e7fa2e,component_003266,30,44100,c35d349df1a1b99f7dc841d511f7f9902d07d289f281df2ef5c2b6fe0055df41
human_moisesdb_a1d09860-6966-4c5f-9811-ad24acf6dbbf,0,human_moisesdb,development,human_moisesdb:a1d09860-6966-4c5f-9811-ad24acf6dbbf,component_003267,30,44100,1b3d0e04118700e9b0bd5f5d76e8a141dfc95c6fbfc3fa4d1b7a9ef1dab13b96
human_moisesdb_a2a55d67-7bb1-4e20-a552-59da32586ae3,0,human_moisesdb,development,human_moisesdb:a2a55d67-7bb1-4e20-a552-59da32586ae3,component_003268,30,44100,254e9369551af382512e5090186f3a4358594f5c7d20731df8140595da770638
human_moisesdb_a38bcc83-084a-4cb7-aed2-0467148b25c6,0,human_moisesdb,development,human_moisesdb:a38bcc83-084a-4cb7-aed2-0467148b25c6,component_003269,30,44100,01e017e9b7f0d5e8033d9c8aee92fdd1ffd75d19e90e6204974879ce610ebb61
human_moisesdb_a41c1e12-9d01-4cf1-b1f1-c30139875044,0,human_moisesdb,development,human_moisesdb:a41c1e12-9d01-4cf1-b1f1-c30139875044,component_003270,30,44100,b47f86b268a4e7897f39e9d5c414066ea2d2b2fbf00187bacc5e7b52177c88fb
human_moisesdb_a57bb1ed-51a1-445d-8c99-3b789ccdf06c,0,human_moisesdb,development,human_moisesdb:a57bb1ed-51a1-445d-8c99-3b789ccdf06c,component_003271,30,44100,68c1355a476a6510536ff69832406bc9983d75db48506bec597dfe012d81fa26
human_moisesdb_a7b63f1e-4b15-4bc8-b208-1c4dcf6b6669,0,human_moisesdb,development,human_moisesdb:a7b63f1e-4b15-4bc8-b208-1c4dcf6b6669,component_003272,30,44100,b2f24eff25d4e9312b5604ec83382313fdffb823ba728eed092a9844058bd9db
human_moisesdb_a85229ae-5e8f-4b88-98b2-398f3d984890,0,human_moisesdb,development,human_moisesdb:a85229ae-5e8f-4b88-98b2-398f3d984890,component_003273,30,44100,dc521f787df0f406152bd5820c0bf6bf546b4ce3deaa851cc8858da77749d949
human_moisesdb_a853da2a-f788-4e75-b637-e41c2aec37a5,0,human_moisesdb,development,human_moisesdb:a853da2a-f788-4e75-b637-e41c2aec37a5,component_003274,30,44100,658edefaefbaf818f848cc37eefca4ea309796c75363f10ad6d4d9d91dd8cae0
human_moisesdb_a859eaf9-d457-4756-921e-efeea3f156cf,0,human_moisesdb,development,human_moisesdb:a859eaf9-d457-4756-921e-efeea3f156cf,component_003275,30,44100,ee9a621b7ec3f999742772d58bbdb2226d8aded22af06a800f4f26d3e1783514
human_moisesdb_a9440be2-5205-4724-b395-df89d1921715,0,human_moisesdb,development,human_moisesdb:a9440be2-5205-4724-b395-df89d1921715,component_003276,30,44100,1ad6e58d3dad23d409230526f7e846f519522acb174a30227416367a41bca1ef
human_moisesdb_a95fc0fe-306f-4d5f-b6c4-38ffcb1353e8,0,human_moisesdb,development,human_moisesdb:a95fc0fe-306f-4d5f-b6c4-38ffcb1353e8,component_003277,30,44100,280d08dbae2762b6cc442e1f0e2a3904a240a33798768aafbfed54f8f2735a0d
human_moisesdb_a98caa0d-4f70-40aa-89b0-5fc6f2116259,0,human_moisesdb,development,human_moisesdb:a98caa0d-4f70-40aa-89b0-5fc6f2116259,component_003278,30,44100,56967663a6c0f55e5717e63faa6eb6066a86b2bb948468d7043d6c7af2a5ccb1
human_moisesdb_aae42673-c400-40cf-a342-2058dba4e8d5,0,human_moisesdb,development,human_moisesdb:aae42673-c400-40cf-a342-2058dba4e8d5,component_003279,30,44100,16afd77526f76b5de0901744cba7fff1490fd084bea6b04ec31f3130381015e1
human_moisesdb_ab390c58-8d7b-48dc-8c56-a89344f1993b,0,human_moisesdb,development,human_moisesdb:ab390c58-8d7b-48dc-8c56-a89344f1993b,component_003280,30,44100,c65bb14e4bb4bd9190718974b741b66fdc8f4b42adda65c4b72c0a33e420f76b
human_moisesdb_ab86c505-9ac8-4057-a75a-de69ba254709,0,human_moisesdb,development,human_moisesdb:ab86c505-9ac8-4057-a75a-de69ba254709,component_003281,30,44100,709ce6d4b0f5d2f46c6c1e93f5355faff9392ac5625207e0e21a1078a2145dd6
human_moisesdb_ab9e54e9-7b64-457e-a17d-87175b203031,0,human_moisesdb,development,human_moisesdb:ab9e54e9-7b64-457e-a17d-87175b203031,component_003282,30,44100,699556e890a5ea62787a26b4059953c680d42af800cbbe7d2f6223db8293ecf3
human_moisesdb_adc42fac-35e1-4c61-b496-3d089372ff60,0,human_moisesdb,development,human_moisesdb:adc42fac-35e1-4c61-b496-3d089372ff60,component_003283,30,44100,4e3f4bcc3a504c75536ce03cb1c81322ff62298868fd2400e9d3c671029729d9
human_moisesdb_aecbf681-2667-4dca-b1c6-56ec381cfbf7,0,human_moisesdb,development,human_moisesdb:aecbf681-2667-4dca-b1c6-56ec381cfbf7,component_003284,30,44100,3ce01921d1310cd2f458cf1197794fcc36fc3dc502e28ba1be1feecc545a155d
human_moisesdb_afa2103b-a84b-4bfd-a5b2-063df453ffe1,0,human_moisesdb,development,human_moisesdb:afa2103b-a84b-4bfd-a5b2-063df453ffe1,component_003285,30,44100,2f034995a57cdb304e1861d0ba7fd2de4b7dced607947b0e6878043706ee2263
human_moisesdb_afbc20f5-95b1-4710-977c-6cfebe05381d,0,human_moisesdb,development,human_moisesdb:afbc20f5-95b1-4710-977c-6cfebe05381d,component_003286,30,44100,ede02d7ce7c0dad2f876928cbbc80badaa2ffcc1340e05eb3cdbeb5193768a62
human_moisesdb_b2b799b0-507f-484a-852e-b88458a767e0,0,human_moisesdb,development,human_moisesdb:b2b799b0-507f-484a-852e-b88458a767e0,component_003287,30,44100,4f1d61d553de66fc2c01100b59839def77df593a728464bdbef4898f3f54833c
human_moisesdb_b342eaa2-d909-4506-ae4a-c834cdf3d4ea,0,human_moisesdb,development,human_moisesdb:b342eaa2-d909-4506-ae4a-c834cdf3d4ea,component_003288,30,44100,25096fc52179be4570a6000dbd6b56177dcf6c1bacc6f0c44c3030fc9bdf900e
human_moisesdb_b3689d3d-ff33-4145-81d6-0811c811648b,0,human_moisesdb,development,human_moisesdb:b3689d3d-ff33-4145-81d6-0811c811648b,component_003289,30,44100,aa347ddc3313c9cb20dfdf61f8d526881e14ad8a562433bc5efcffb4ff607ad5
human_moisesdb_b431c56f-eee7-404c-b34f-91232f3ad4b4,0,human_moisesdb,development,human_moisesdb:b431c56f-eee7-404c-b34f-91232f3ad4b4,component_003290,30,44100,2d4f296cd79cf1046f471e585a5ffce0900e6b81313bebef80c0a5693603892f
human_moisesdb_b55795d5-5e72-4263-93d1-39de8e15dffd,0,human_moisesdb,development,human_moisesdb:b55795d5-5e72-4263-93d1-39de8e15dffd,component_003291,30,44100,cf63a83addaa6a845df56228fa61b72523e1349322d9b417cb7a4162522bca1e
human_moisesdb_b6ab76ec-306a-4a85-87ca-e0fbde6f22c7,0,human_moisesdb,development,human_moisesdb:b6ab76ec-306a-4a85-87ca-e0fbde6f22c7,component_003292,30,44100,a359927f13807fb9ea522afc763f1af7e87cd1a7567fd4f4cf1bc4d21c64c111
human_moisesdb_b88ec226-5183-46f0-adf9-423c0a4bc64b,0,human_moisesdb,development,human_moisesdb:b88ec226-5183-46f0-adf9-423c0a4bc64b,component_003293,30,44100,069a28f05883a75dad686b424df89e5f0a9e645eb5aa71cf2b7927018a737a4f
human_moisesdb_b9735680-8262-4199-b72a-92cfdc0c01c3,0,human_moisesdb,development,human_moisesdb:b9735680-8262-4199-b72a-92cfdc0c01c3,component_003294,30,44100,5cc250558f5ae4ff4f54977b374de7ead1ca9682a8bb58a28972fb3f2d3f013d
human_moisesdb_b9ed4da7-c960-48aa-a742-59d5e904c900,0,human_moisesdb,development,human_moisesdb:b9ed4da7-c960-48aa-a742-59d5e904c900,component_003295,30,44100,f709e16fcd44afa40f7503cf96c5d2f0feeecb90112593c9274776820aca0ac5
human_moisesdb_ba60e6da-f96a-4907-8d5e-d6cd8ed854f7,0,human_moisesdb,development,human_moisesdb:ba60e6da-f96a-4907-8d5e-d6cd8ed854f7,component_003296,30,44100,fd7831976f8c94dad958581604a25ccdb9e6adedd1d140c1d9daf7aa73aceaf8
human_moisesdb_badacbf2-2117-46b7-a0aa-630d828fe5bf,0,human_moisesdb,development,human_moisesdb:badacbf2-2117-46b7-a0aa-630d828fe5bf,component_003297,30,44100,a2718fb55eda396df7ffc2fb51da460c6d432aaeff344f56d944a2eb5adc6681
human_moisesdb_bba7c2f2-5913-4e39-bb0c-13884bc894a7,0,human_moisesdb,development,human_moisesdb:bba7c2f2-5913-4e39-bb0c-13884bc894a7,component_003298,30,44100,cd429cb748c231a867a3e774c880c3e5c3326837904eaf5519121712fb34224e
human_moisesdb_bce40ceb-daac-45e0-a7c8-103bca249bcc,0,human_moisesdb,development,human_moisesdb:bce40ceb-daac-45e0-a7c8-103bca249bcc,component_003299,30,44100,6c2876da64a17dc3fe8e312c4130c485e75fb18f44464b158ccc706822cc9db0
human_moisesdb_bce4d25d-80e9-430f-9556-427fb178eb87,0,human_moisesdb,development,human_moisesdb:bce4d25d-80e9-430f-9556-427fb178eb87,component_003300,30,44100,cf42a6d5b139d472e8540b3a455eaa8e362c9f922a00f91db23e3fcd31817f35
human_moisesdb_bce8a819-15b2-4588-92a9-34c464ce4ccb,0,human_moisesdb,development,human_moisesdb:bce8a819-15b2-4588-92a9-34c464ce4ccb,component_003301,30,44100,fb8052142a64558b8ad399bc02ca816ee5eda90086216e8115fc2d2131b6dcaa
human_moisesdb_bdb73cad-3baa-4c57-824d-830408d0d33e,0,human_moisesdb,development,human_moisesdb:bdb73cad-3baa-4c57-824d-830408d0d33e,component_003302,30,44100,cf8d79abac6ed38fd8ef5ae2023f1f98d3fd4dd986cc095165b7d73e2de82740
human_moisesdb_c05824bf-1e4e-4691-9281-e6d7db1abd5b,0,human_moisesdb,development,human_moisesdb:c05824bf-1e4e-4691-9281-e6d7db1abd5b,component_003303,30,44100,69ee8169e19977c5cfc24d662ec0c5f2cfe86fbcb25a05cb09bf44fe308db2f9
human_moisesdb_c3517451-adef-4f1d-864e-9802162ba2b2,0,human_moisesdb,development,human_moisesdb:c3517451-adef-4f1d-864e-9802162ba2b2,component_003304,30,44100,d2b514a22d1beaa099a2a465a3fc017d153e2821f1ecbeda27e59b0a706c972d
human_moisesdb_c414d25e-3f11-4477-8379-1af832911df3,0,human_moisesdb,development,human_moisesdb:c414d25e-3f11-4477-8379-1af832911df3,component_003305,30,44100,3e85fe807d36b71b03d1fa347216ec2bc26aa4c6424fb955df03a73092bd04b3
human_moisesdb_c483fd5c-f858-4eac-b9c7-aaaa54d447cb,0,human_moisesdb,development,human_moisesdb:c483fd5c-f858-4eac-b9c7-aaaa54d447cb,component_003306,30,44100,c92c5449e62bba9a72bf08a009f84997d6ed07b52cc5418a1545af21b6198be4
human_moisesdb_c74147a0-2621-4954-a483-cdbb3354f8b0,0,human_moisesdb,development,human_moisesdb:c74147a0-2621-4954-a483-cdbb3354f8b0,component_003307,30,44100,cf6e1a89576b7f6f9b1032832f6724f54b6df8e305fe953b2917a5e8a68fb6b5
human_moisesdb_c7a17407-00f8-45c0-92a2-c2c161ee92ec,0,human_moisesdb,development,human_moisesdb:c7a17407-00f8-45c0-92a2-c2c161ee92ec,component_003308,30,44100,85a92d7f87d6be5c0a1aef9f622df4b1c89b90df94f86f022c10ab4e48b87f1e
human_moisesdb_c7fc1d66-b5ac-4bb2-9240-6eecb13cb03b,0,human_moisesdb,development,human_moisesdb:c7fc1d66-b5ac-4bb2-9240-6eecb13cb03b,component_003309,30,44100,7edde5b3e035b90de96aa8e5e950d88f13793f15a307b3e81c0034a82511190f
human_moisesdb_c8009858-02fd-42de-849e-e88dafb9bc86,0,human_moisesdb,development,human_moisesdb:c8009858-02fd-42de-849e-e88dafb9bc86,component_003310,30,44100,654618d1a5b14b8a4f04689c0f41ce6cc0e423bed704459d26efebfa4df65064
human_moisesdb_c8ed8e35-5f86-4043-8639-0c2a10de40c8,0,human_moisesdb,development,human_moisesdb:c8ed8e35-5f86-4043-8639-0c2a10de40c8,component_003311,30,44100,aa761937aa86fa8c28b6cd2b93827253e4fa31d9d1eb35279827a5b03ffeb42a
human_moisesdb_c9a86272-a810-4ea1-80f6-d60d5ffd5c9b,0,human_moisesdb,development,human_moisesdb:c9a86272-a810-4ea1-80f6-d60d5ffd5c9b,component_003312,30,44100,12b1a62aad21f92cdbc2272adc72c091093ba0b0416705708fe4ebe39f8eba90
human_moisesdb_ca34b92f-fec4-46c1-a8be-61754d1dd6bc,0,human_moisesdb,development,human_moisesdb:c414d25e-3f11-4477-8379-1af832911df3,component_003305,30,44100,3e3c3b6069dbfcf8114362931dcdeb3873221ec67954d8113d83623efb4de01b
human_moisesdb_cb0d22fa-30e5-4a98-ac39-ad7aa8a65ead,0,human_moisesdb,development,human_moisesdb:cb0d22fa-30e5-4a98-ac39-ad7aa8a65ead,component_003313,30,44100,a5e9e6eb2bb5b6eba32c0ae39c15311a5c010dfa55675a91c951d223031fb29c
human_moisesdb_cb9b6d7f-13a0-4ab7-9660-a3a73c39f4c0,0,human_moisesdb,development,human_moisesdb:cb9b6d7f-13a0-4ab7-9660-a3a73c39f4c0,component_003314,30,44100,f89b9a960d756958320229eb927688fed8baa40efcd6f2b3b259e937572d892e
human_moisesdb_cd23b2c4-029b-4ac5-b745-9a636b8c344d,0,human_moisesdb,development,human_moisesdb:cd23b2c4-029b-4ac5-b745-9a636b8c344d,component_003315,30,44100,3abae965400e14285d0b99d437c79e078b030121618fe1da02b6d1c15e6770cc
human_moisesdb_cf105c37-03d7-4bf8-9c22-c00ab6cee3c9,0,human_moisesdb,development,human_moisesdb:cf105c37-03d7-4bf8-9c22-c00ab6cee3c9,component_003316,30,44100,69fbbb8e82727f4351f4e2f363ddeed97eaa45469a0ee060f6fe7d637306bad1
human_moisesdb_d0847684-24cb-4df5-954c-31833f6504bf,0,human_moisesdb,development,human_moisesdb:d0847684-24cb-4df5-954c-31833f6504bf,component_003317,30,44100,fc3bb9325ced1e2a85c50e4b901df3f0daf81af855baefa8847b05b02616d341
human_moisesdb_d107b9f7-03a4-4262-b4c7-8985e3d55d01,0,human_moisesdb,development,human_moisesdb:d107b9f7-03a4-4262-b4c7-8985e3d55d01,component_003318,30,44100,78ee373d5f25bdc2caa39aa61b1c312b425a756a1767227d81667d342d0ebba0
human_moisesdb_d1a160f9-4de1-4cc5-9d1f-9e7436a75590,0,human_moisesdb,development,human_moisesdb:d1a160f9-4de1-4cc5-9d1f-9e7436a75590,component_003319,30,44100,7c1fc3c7241f865522a0070ee1922da6ce247c1a0574387a366b3ff94dfc5597
human_moisesdb_d1fd09ea-3d55-48c0-8f3d-e4881862953d,0,human_moisesdb,development,human_moisesdb:d1fd09ea-3d55-48c0-8f3d-e4881862953d,component_003320,30,44100,2b0877d2237bbd97b47b83d6428c03d3cfa787fd285bfd179a2d7afd71178e48
human_moisesdb_d202c746-d5bd-4231-9ff3-14b90759ffb5,0,human_moisesdb,development,human_moisesdb:d202c746-d5bd-4231-9ff3-14b90759ffb5,component_003321,30,44100,97c828a363fa4132d85e9bfe1abc63293109f9b5a3ae786bff7884e087cfaad8
human_moisesdb_d4acf1f9-b6aa-4f49-bfcd-42f50f8b5b5e,0,human_moisesdb,development,human_moisesdb:d4acf1f9-b6aa-4f49-bfcd-42f50f8b5b5e,component_003322,30,44100,54fa21fbf58436f12f5d22f8bcbf7889b6096bdf27d8e1535387fecfa7f6bd72
human_moisesdb_d6a3195b-b9d8-4103-a69d-c35cd5209c4f,0,human_moisesdb,development,human_moisesdb:d6a3195b-b9d8-4103-a69d-c35cd5209c4f,component_003323,30,44100,c2af42ce7c5e968da6ab8a014614d10d5ae2ecff982c6fcd44a4f32f9f8b45d0
human_moisesdb_d7ac75f4-c00b-4a70-9cb9-19ce88d45b1f,0,human_moisesdb,development,human_moisesdb:d7ac75f4-c00b-4a70-9cb9-19ce88d45b1f,component_003324,30,44100,7204028f98dbc5185a07e873b1be3ba278e3ec975d7df4bff7ba9395f9d73d7d
human_moisesdb_d86094ec-6236-4330-a5b5-4336a9664a30,0,human_moisesdb,development,human_moisesdb:d86094ec-6236-4330-a5b5-4336a9664a30,component_003325,30,44100,c55ce7c8915dea0f1dec426f656847660b910641734590ea8700eaae98fc8ebf
human_moisesdb_dadcee28-f452-42da-a65d-7a035c7ad14a,0,human_moisesdb,development,human_moisesdb:dadcee28-f452-42da-a65d-7a035c7ad14a,component_003326,30,44100,5165a4c5684958c6927c9b6f7248f57d37134aa8bdda4f6d801efb56259c0e65
human_moisesdb_db89d954-e628-4ee6-8efb-58a0b67175c1,0,human_moisesdb,development,human_moisesdb:db89d954-e628-4ee6-8efb-58a0b67175c1,component_003327,30,44100,a00d302fd78da78835822c96e4e07373329e12188bdcc05571f914bbc9412068
human_moisesdb_dcdc5e9b-599c-4638-8ca5-669e02db4a6f,0,human_moisesdb,development,human_moisesdb:dcdc5e9b-599c-4638-8ca5-669e02db4a6f,component_003328,30,44100,600266a2bdf2bcad2d8c166fc8bca3e37e7d11d6ef2abefa4140241cb4625a64
human_moisesdb_dd98ca82-8952-41d9-8a6e-4f528e9cad06,0,human_moisesdb,development,human_moisesdb:dd98ca82-8952-41d9-8a6e-4f528e9cad06,component_003329,30,44100,e4a7d8d361e33f77a8d0834a2ddca85fe237c4dfbf3399ce12ac0d83e8065845
human_moisesdb_dda4a05a-686b-4ee6-baaa-e7d59e590b2f,0,human_moisesdb,development,human_moisesdb:dda4a05a-686b-4ee6-baaa-e7d59e590b2f,component_003330,30,44100,b7b374b42c22e9cf7985205057f356436376f33b8be0d61a99fff724ee49c3a6
human_moisesdb_ded73034-e0f9-4438-b7c8-0cb6415f8312,0,human_moisesdb,development,human_moisesdb:ded73034-e0f9-4438-b7c8-0cb6415f8312,component_003331,30,44100,16377886e30153e6b7d6632a8e5adb2cae713f23829fafb20da41b3853136811
human_moisesdb_e0889a2c-c688-4b79-8fdc-4fdef74ec22d,0,human_moisesdb,development,human_moisesdb:e0889a2c-c688-4b79-8fdc-4fdef74ec22d,component_003332,30,44100,48c1a043a080afeb89714d2e6ef774b99f2836a4213ce298c04160336df4fd96
human_moisesdb_e1932507-f090-4852-8488-831fe714bf49,0,human_moisesdb,development,human_moisesdb:e1932507-f090-4852-8488-831fe714bf49,component_003333,30,44100,6e13373386c153a416ca14000a97bb8e95857b9388601602fa8e93d8332021a9
human_moisesdb_e1a8d36b-4487-4a8d-8933-269c8e47cdde,0,human_moisesdb,development,human_moisesdb:e1a8d36b-4487-4a8d-8933-269c8e47cdde,component_003334,30,44100,6410c9c5b92c3c28d428af873e004c146ac804ad778e9f554b7f6273a18769d3
human_moisesdb_e3874d07-006a-4d63-b170-eda0bebac644,0,human_moisesdb,development,human_moisesdb:e3874d07-006a-4d63-b170-eda0bebac644,component_003335,30,44100,e69b9cd01db1e19cb51471c15029f0551bc104cd406d8966912b96f9b6c1bada
human_moisesdb_e3975afb-5f62-408c-95eb-6ec23ade3484,0,human_moisesdb,development,human_moisesdb:e3975afb-5f62-408c-95eb-6ec23ade3484,component_003336,30,44100,98ab0ad8937ac427b528240f97fe25db3d7e4337b85987ffb3732a41084c8456
human_moisesdb_e5e25966-1d4d-4342-82b4-ea218afd5a4f,0,human_moisesdb,development,human_moisesdb:e5e25966-1d4d-4342-82b4-ea218afd5a4f,component_003337,30,44100,b67a37b2644df9eb5c7263424c3847c3cce0310cc7ba60f9051a7762bfc0e9e6
human_moisesdb_e61ca5be-8b56-4cee-b960-06c2b3f5a59a,0,human_moisesdb,development,human_moisesdb:e61ca5be-8b56-4cee-b960-06c2b3f5a59a,component_003338,30,44100,785f50c647e8dd70361722db4aad9a778ee83ba18ea00acec90f7daaad521728
human_moisesdb_e66e9ad8-eec1-46a6-aff1-388fa06a36b3,0,human_moisesdb,development,human_moisesdb:e66e9ad8-eec1-46a6-aff1-388fa06a36b3,component_003339,30,44100,9e018ed855ee0b5b9d129e9eebc51a5ca96cd19683848690e1fee1953f251a23
human_moisesdb_e7bee28d-8c1d-45d9-a4fb-33dcbf3364a4,0,human_moisesdb,development,human_moisesdb:e7bee28d-8c1d-45d9-a4fb-33dcbf3364a4,component_003340,30,44100,996f8bdccf0c298012602cb07b26e3f2b826f028c64d417a04b51e72a55d6d20
human_moisesdb_e85d3df9-e7b0-4c3c-9609-c8439b346b45,0,human_moisesdb,development,human_moisesdb:e85d3df9-e7b0-4c3c-9609-c8439b346b45,component_003341,30,44100,34f27a71276e1cf66d4721d991f965c8bd4c568d326c56b8cfd2d715c54f8fde
human_moisesdb_e9544b0e-b580-4795-b3c0-98efc88d68ad,0,human_moisesdb,development,human_moisesdb:e9544b0e-b580-4795-b3c0-98efc88d68ad,component_003342,30,44100,6215be3aaf41037ffb93fcd711f812e23cafb264d5449ce791a376fcec2ce4ec
human_moisesdb_e9837e75-8332-42d1-a572-a0609a1532c6,0,human_moisesdb,development,human_moisesdb:e9837e75-8332-42d1-a572-a0609a1532c6,component_003343,30,44100,428b2967af65952507f5b911207a50387673dc85b8997d3fe301de6ab65c3e5d
human_moisesdb_e9ff1724-8f56-44a8-877a-782de7013771,0,human_moisesdb,development,human_moisesdb:e9ff1724-8f56-44a8-877a-782de7013771,component_003344,30,44100,dcad6217838cb0976d58d12ccd17a8491da6cd89ca71b133ff2eaf514112acd9
human_moisesdb_eb961875-8442-4e9c-8868-380543f6c4af,0,human_moisesdb,development,human_moisesdb:eb961875-8442-4e9c-8868-380543f6c4af,component_003345,30,44100,92ddd935cc0ae98633ebe8b5fae968ed7959bd1a5819fdf0245c3ebea9a92386
human_moisesdb_ebc34717-8724-4f13-82e6-a5467304f4d6,0,human_moisesdb,development,human_moisesdb:ebc34717-8724-4f13-82e6-a5467304f4d6,component_003346,30,44100,01cf2ae7b8ea8c2d96caea9d50a28c7027854ea0dd0f7a651fe6de715c5d843b
human_moisesdb_ebdd35d8-ea27-4906-908f-9edaea1119a2,0,human_moisesdb,development,human_moisesdb:ebdd35d8-ea27-4906-908f-9edaea1119a2,component_003347,30,44100,d1dadcae33a4c708c18a5e1e44fa879f193359e9efbf9bdbf233f32af7726c71
human_moisesdb_ec21eeeb-6e6d-4c31-95d7-39fee2713334,0,human_moisesdb,development,human_moisesdb:ec21eeeb-6e6d-4c31-95d7-39fee2713334,component_003348,30,44100,0249705f84c40349a4cf8def05a0796072d7112a756a1e0483272e6e159851c2
human_moisesdb_edb01f06-16cd-453f-8205-670343578138,0,human_moisesdb,development,human_moisesdb:edb01f06-16cd-453f-8205-670343578138,component_003349,30,44100,27208c661a2f45c1feed1acf6fc94bfc0d826405a735c9178d53694740a2b48e
human_moisesdb_eede0ef9-66d8-4931-a04f-31fb497d21c1,0,human_moisesdb,development,human_moisesdb:eede0ef9-66d8-4931-a04f-31fb497d21c1,component_003350,30,44100,96952c69eca9acc027dbf55d1e1d8f0ccde4b70db372664e56533662fe782f46
human_moisesdb_f272ddd8-9aea-4d65-a1ce-141bd3d65e5e,0,human_moisesdb,development,human_moisesdb:f272ddd8-9aea-4d65-a1ce-141bd3d65e5e,component_003351,30,44100,18c44bdd484839e0ba7dcb9b57c5cfd3e5740a55e18f649c37b1dcdb0ae6bec3
human_moisesdb_f315d9cb-6056-489d-9047-5d1ed19c8861,0,human_moisesdb,development,human_moisesdb:f315d9cb-6056-489d-9047-5d1ed19c8861,component_003352,30,44100,d3d106e442a9163b2cbfb6ca3bdfab50b4da8ff5eab352bef51a415060783847
human_moisesdb_f3a5a76d-8cdb-4035-8c06-b9f5eba7bc4e,0,human_moisesdb,development,human_moisesdb:f3a5a76d-8cdb-4035-8c06-b9f5eba7bc4e,component_003353,30,44100,cfafe385f1ada374b9cd143b737c56cbb481b01a8c929a09df79332fbf3b5d24
human_moisesdb_f3b02b17-3964-490a-bb92-448392b0b629,0,human_moisesdb,development,human_moisesdb:f3b02b17-3964-490a-bb92-448392b0b629,component_003354,30,44100,7a5b9cae874c2c4bc444b99407bfc77f34f27599b4cb21f7791b64b729970212
human_moisesdb_f4872c3a-1bd2-4b38-a68a-2e7214a95c2a,0,human_moisesdb,development,human_moisesdb:f4872c3a-1bd2-4b38-a68a-2e7214a95c2a,component_003355,30,44100,f0d9ff6f6fd25015bc275f2afb7a21fcf4cb3f9c9b98b15138d81b19eb179189
human_moisesdb_f48fbea9-f40a-4ca4-8780-ccb495ff9b5d,0,human_moisesdb,development,human_moisesdb:f48fbea9-f40a-4ca4-8780-ccb495ff9b5d,component_003356,30,44100,bc6768d5e73fcecf8e9c02436c87cc64e61ccf376901d9a35889fca9c3dfddbf
human_moisesdb_f4dc370a-5c61-469e-8b81-6de70b83f45b,0,human_moisesdb,development,human_moisesdb:f4dc370a-5c61-469e-8b81-6de70b83f45b,component_003357,30,44100,af55a68af6677876a3a3bcb7c6c1d5caa63541fd8d55eee5e3e75f885510cafe
human_moisesdb_f5635296-b1cc-455f-958b-28e6bfa5d85d,0,human_moisesdb,development,human_moisesdb:f5635296-b1cc-455f-958b-28e6bfa5d85d,component_003358,30,44100,ee221ca414bf087faa507d752b67c01b7b29ef01cbff5108e2d167156b22ffbc
human_moisesdb_f78c74e8-56c0-4c18-9587-c887b22da404,0,human_moisesdb,development,human_moisesdb:f78c74e8-56c0-4c18-9587-c887b22da404,component_003359,30,44100,cdb8b0236d1302deeffbb6ea498fa9c076b1c74256d3d62d09d9ef9046a0d84b
human_moisesdb_f793c340-823a-40e7-999c-3b067503298a,0,human_moisesdb,development,human_moisesdb:f793c340-823a-40e7-999c-3b067503298a,component_003360,30,44100,7bd6de038f4e67786666a46b1f1bd9d4f51fa829e9f1f29fd6585ee0c01dd89c
human_moisesdb_f7a94943-53b5-46c9-af42-a38db5492886,0,human_moisesdb,development,human_moisesdb:f7a94943-53b5-46c9-af42-a38db5492886,component_003361,30,44100,bd279e0a88addf004ee5f89aca1896784829504ae7fa09c9989842edd75821f0
human_moisesdb_f926766a-cd53-4c84-baa6-fe888be45d98,0,human_moisesdb,development,human_moisesdb:f926766a-cd53-4c84-baa6-fe888be45d98,component_003362,30,44100,6667dd452d70db55068b751b8988ff4f96926d94669cfc459226c4b2f4831613
human_moisesdb_f9651a2d-0f4b-4eb5-8fb0-1d6b98e689f2,0,human_moisesdb,development,human_moisesdb:f9651a2d-0f4b-4eb5-8fb0-1d6b98e689f2,component_003363,30,44100,01ca33b2f06785c47eb32d36db4b88ef0f0275ac1154b25e3fb38e805eb77bdc
human_moisesdb_fa481532-149d-40c0-af8b-4943c34e6bf1,0,human_moisesdb,development,human_moisesdb:fa481532-149d-40c0-af8b-4943c34e6bf1,component_003364,30,44100,5fb8efb56be887e7e12cbddf5ee310c27ef82273cb6ccd28f88425df31c1f6b5
human_moisesdb_fa94cd0c-c360-456a-90c6-4bc6f6c9200e,0,human_moisesdb,development,human_moisesdb:fa94cd0c-c360-456a-90c6-4bc6f6c9200e,component_003365,30,44100,2fd7e65815dbe93c967a8b4432519248716ab94939f390e58c41075470895ba0
human_moisesdb_fac7cb86-ec9d-4e12-8ac9-0142d75dbe7f,0,human_moisesdb,development,human_moisesdb:fac7cb86-ec9d-4e12-8ac9-0142d75dbe7f,component_003366,30,44100,c16ced09995b273d5942aad68ad08d05ec4a77d86932ba06e18dd2c9d191c684
human_moisesdb_fb280d4e-bdf3-4998-a650-c3abd9c3c10e,0,human_moisesdb,development,human_moisesdb:fb280d4e-bdf3-4998-a650-c3abd9c3c10e,component_003367,30,44100,0d65cce9bfa6ad32fc01509eb49a4870cf834094e931b605701ffed536f8a400
human_moisesdb_fb6c43b0-bb45-483b-a3e3-9f5ec2cdfe88,0,human_moisesdb,development,human_moisesdb:fb6c43b0-bb45-483b-a3e3-9f5ec2cdfe88,component_003368,30,44100,45290f1c22fe31cf3cb7f43a4f3014297b3e34392ff61f3a1a4ccd6107ec4cb6
human_moisesdb_fb79c4eb-da1c-4ae7-b37d-19a9876c5a2d,0,human_moisesdb,development,human_moisesdb:fb79c4eb-da1c-4ae7-b37d-19a9876c5a2d,component_003369,30,44100,03376fb88ffcf4831c885ca9ca7d274ae8309eefddf73d96527e25e0fe664465
human_moisesdb_fba8a115-6b33-4873-ab3b-eb982f76e230,0,human_moisesdb,development,human_moisesdb:fba8a115-6b33-4873-ab3b-eb982f76e230,component_003370,30,44100,3a96fad7004f9dee20a57396829833d7b7dacfd55bb30b7ebedf8616d060152c
human_moisesdb_fbbc0051-ea72-4375-ad3d-5dbd26f0cf94,0,human_moisesdb,development,human_moisesdb:fbbc0051-ea72-4375-ad3d-5dbd26f0cf94,component_003371,30,44100,b420fb7088f4ce2235f7893fbce42ad1f2cb59893833739cb1ee178edeb074c4
human_moisesdb_fc720eb1-a4fd-4794-a67e-acf3f9f5ec6a,0,human_moisesdb,development,human_moisesdb:fc720eb1-a4fd-4794-a67e-acf3f9f5ec6a,component_003372,30,44100,c58a94605728917c54bb7123fd66f46e2c8fe7044f5231868f9fc38e293e590c
human_moisesdb_fccde049-2f0d-40d7-aaa4-eea8e01e2877,0,human_moisesdb,development,human_moisesdb:fccde049-2f0d-40d7-aaa4-eea8e01e2877,component_003373,30,44100,1bcd7c25b3713f33df657b998c95c86a4be237ee052ff9fb2e6025824f5ca223
human_moisesdb_fd1ce3af-f9c8-42c4-aa01-df0a0594aee1,0,human_moisesdb,development,human_moisesdb:fd1ce3af-f9c8-42c4-aa01-df0a0594aee1,component_003374,30,44100,de1648e09bee9cb2db12646ae0e774de8a37451d5ac94069a1c3628777716bfc
human_moisesdb_ff8220e1-17d4-42b7-93c4-4555235a1e92,0,human_moisesdb,development,human_moisesdb:ff8220e1-17d4-42b7-93c4-4555235a1e92,component_003375,30,44100,686e8ede32813c916d98ebff1f9aa1789eb672f1da64f12a7c44ad0293c618a8
music8k_mureka_v9_100048,1,Mureka_v9,development,music8k_reference_100048,component_003980,30,44100,b38d14f868d12f10b5bc9bdd97d3c22ee28eebd50845802526bb100cb56d49fa
music8k_mureka_v9_100068,1,Mureka_v9,development,music8k_reference_100068,component_003981,30,44100,2643e5d4b42e5201cd5bc79746a446b40c69ff1b4eb0dddfd6f091a8afda69b2
music8k_mureka_v9_100407,1,Mureka_v9,development,music8k_reference_100407,component_003982,30,44100,18072c91c7b98fd32f13c31a14b447c9afbaa7c08f20e0958b69afb990859b67
music8k_mureka_v9_101184,1,Mureka_v9,development,music8k_reference_101184,component_003983,30,44100,423f7d90a49c5861ccb9db94a4bfe61ff769a1b55fe7d94da435d2519e5ada87
music8k_mureka_v9_101238,1,Mureka_v9,development,music8k_reference_101238,component_003984,30,44100,4d789fbef7c53b00d121435f27e2ac566200f3d705683e3c11593ab47eaea505
music8k_mureka_v9_101250,1,Mureka_v9,development,music8k_reference_101250,component_003985,30,44100,d667ffbf0184d6433b732dd14492055f496f0b9a0c0684b029e676827ea10041
music8k_mureka_v9_101374,1,Mureka_v9,development,music8k_reference_101374,component_003986,30,44100,f8c33af6be86ee00ac535322878da4a96713dac1a755ec426338c0ca076b518f
music8k_mureka_v9_101411,1,Mureka_v9,development,music8k_reference_101411,component_003987,30,44100,c04a92a40d038a1e335001ce25276f599a546ea22d6117ecc0ee8e1487e919b3
music8k_mureka_v9_101491,1,Mureka_v9,development,music8k_reference_101491,component_003988,30,44100,d1949c6ea10904ba3f0b43ae29359480be83a0960f007f557e9b90babd8b1796
music8k_mureka_v9_101722,1,Mureka_v9,development,music8k_reference_101722,component_003989,30,44100,bec8a6ab32e38073e586f194a6093a2844dcaac16037e6ef05d0200468ebbff9
music8k_mureka_v9_102551,1,Mureka_v9,development,music8k_reference_102551,component_003990,30,44100,26ab1f3e18ed4c86f3a2018272e39117ce533f882682a8f9bd939c1ed7b92e27
music8k_mureka_v9_102577,1,Mureka_v9,development,music8k_reference_102577,component_003991,30,44100,5cd566dfc81de4aa8e47f74084d1125f64a998f523be022b4aabd3dfed524908
music8k_mureka_v9_102735,1,Mureka_v9,development,music8k_reference_102735,component_003992,30,44100,15a0cd91de114db699ea82f5fdc83650943a54f16a470a8cc7ccd8a3b24d7792
music8k_mureka_v9_102759,1,Mureka_v9,development,music8k_reference_102759,component_003993,30,44100,53318f36371c8bde8778828665fb643077559789c7c4a6de59d9498f7bd834af
music8k_mureka_v9_102862,1,Mureka_v9,development,music8k_reference_102862,component_003994,30,44100,4a88f817cd2b7d79d534ecd93bb237103ef1145dfcd6f5e8ff84908c2dca4f3d
music8k_mureka_v9_102984,1,Mureka_v9,development,music8k_reference_102984,component_003995,30,44100,8897558a035504a7f39ce38d80de6fcf1995562af9aa30cb6ae65fe2d242c144
music8k_mureka_v9_103048,1,Mureka_v9,development,music8k_reference_103048,component_003996,30,44100,711fa896501091e5cb6dc430d5a6ad5de80d9511d3e429f2624f1dccc0908ec1
music8k_mureka_v9_103434,1,Mureka_v9,development,music8k_reference_103434,component_003997,30,44100,cb2efcb20393337ca17c1611151a833b1c0f029bfd8e506fac5530b6c678ad93
music8k_mureka_v9_103751,1,Mureka_v9,development,music8k_reference_103751,component_003998,30,44100,3f68b5dc98c1003b65681e55ebbcf58cf3dd398aafd541556f302942ad26bcce
music8k_mureka_v9_103764,1,Mureka_v9,development,music8k_reference_103764,component_003999,30,44100,0ac2de9c3009fe78a51cc461a6402c97c46c27d83ca62311fb67e7034ca7e345
music8k_mureka_v9_103845,1,Mureka_v9,development,music8k_reference_103845,component_004000,30,44100,01b1f56406a782a788105392f8f5f6d7e8c33cb763d7c185d70a16f138f566a1
music8k_mureka_v9_104185,1,Mureka_v9,development,music8k_reference_104185,component_004001,30,44100,9f75384d2a411fbe4dd9d7a64999b85742e6b53079f246077f488eb56cf44f6a
music8k_mureka_v9_104246,1,Mureka_v9,development,music8k_reference_104246,component_004002,30,44100,b5c88a357da3c18b92b255568def87abbdcaf789d9ac5d5a61f108516474595b
music8k_mureka_v9_104726,1,Mureka_v9,development,music8k_reference_104726,component_004003,30,44100,69e293bf8e7eec1d048ec3663bdc5154f7731582d4ea748debd67a876980aaea
music8k_mureka_v9_105001,1,Mureka_v9,development,music8k_reference_105001,component_004004,30,44100,c8dfe91db4eafbf1a8546457d0b5e69d0953166cc67a47ea639438543107e8c1
music8k_mureka_v9_105083,1,Mureka_v9,development,music8k_reference_105083,component_004005,30,44100,c93f09c79ecc46403621ab1010ed8ef90d575848444e5b9ae3b3552ba17aa900
music8k_mureka_v9_105400,1,Mureka_v9,development,music8k_reference_105400,component_004006,30,44100,6d2ea109a0aa595a01cc10e8189a617a592093d698dcc9279d68eaf1edec392e
music8k_mureka_v9_105865,1,Mureka_v9,development,music8k_reference_105865,component_004007,30,44100,b15391a34a315736fe5a78be5e9ba4bc146b9280b5b24846a2a7ec3b8ba3ae2e
music8k_mureka_v9_106036,1,Mureka_v9,development,music8k_reference_106036,component_004008,30,44100,594fe34f6591f0753e5ded5030876d3399a4ae086844649c71c22fbe3bdcc804
music8k_mureka_v9_106110,1,Mureka_v9,development,music8k_reference_106110,component_004009,30,44100,4e7699466c70a856d908b43a7b26fd932435ccf68348697f0f711858f227a8f8
music8k_mureka_v9_106111,1,Mureka_v9,development,music8k_reference_106111,component_004010,30,44100,9aca4e6fd732914a9096cb20d99776ee8f23bae838a39ae64576b513a8afbeb0
music8k_mureka_v9_106215,1,Mureka_v9,development,music8k_reference_106215,component_004011,30,44100,7b3822fdf1f40bed525649d0cf0d3bb7cfdbb2516b710ebc595182977ca56b17
music8k_mureka_v9_106480,1,Mureka_v9,development,music8k_reference_106480,component_004012,30,44100,78717e99ac1a2e756ec2d56692d0e1de9a4ed5a075271ac57136b474cc6a8dd2
music8k_mureka_v9_106747,1,Mureka_v9,development,music8k_reference_106747,component_004013,30,44100,dd5fca8e1227f58d72634cf8c767b70ed1ad7bd34e707b6a2cdfdc4d22b0c9dc
music8k_mureka_v9_107131,1,Mureka_v9,development,music8k_reference_107131,component_004014,30,44100,1b3e71ff977b4c19136cd044597218f050e7ae007c6151cdc13db79d41ac8add
music8k_mureka_v9_107226,1,Mureka_v9,development,music8k_reference_107226,component_004015,30,44100,7d52a255a72e7957622a23c24d1a22e3d4b5c9cbcb38d19f5896cdd6410c48dd
music8k_mureka_v9_10725,1,Mureka_v9,development,music8k_reference_10725,component_004016,30,44100,389e185b54abb799759bdd7352ad3e3293a65a5e8a9c729332a9a7490e5e3b9d
music8k_mureka_v9_107515,1,Mureka_v9,development,music8k_reference_107515,component_004017,30,44100,1ed83aee1e5032082f9efcccf6424d589e9cbde80c937d7fd27ad79c062aed9f
music8k_mureka_v9_107619,1,Mureka_v9,development,music8k_reference_107619,component_004018,30,44100,0ef840ea81db997b974573aaedc1d0c81d39b57b6238e621bbaab055ea1b4dbf
music8k_mureka_v9_107705,1,Mureka_v9,development,music8k_reference_107705,component_004019,30,44100,26cc234a23a07306a6790645d0ed2ec82d6a762c8b8d18ef091c7124584204df
music8k_mureka_v9_108169,1,Mureka_v9,development,music8k_reference_108169,component_004020,30,44100,259e16d7bad7df57c6ad28c0a8406204699145f025e555671e99196d554032e9
music8k_mureka_v9_108275,1,Mureka_v9,development,music8k_reference_108275,component_004021,30,44100,2ce607d1938bbea43987735bc12cd70f36936560d24fe2d68c1da8139164bdf4
music8k_mureka_v9_108392,1,Mureka_v9,development,music8k_reference_108392,component_004022,30,44100,8ff090be485f008ca1e5c2750385955464121cf1aa73f80f4badb9d37967f0ff
music8k_mureka_v9_108429,1,Mureka_v9,development,music8k_reference_108429,component_004023,30,44100,bef9bcbf34ae09a97827e5294b1d78a4199f31d93adb68336979d7ea2581030f
music8k_mureka_v9_108491,1,Mureka_v9,development,music8k_reference_108491,component_004024,30,44100,9b862eda144207d50d917c8962f4b35c8e45d391a1804e6523bb5f768c8358f7
music8k_mureka_v9_108550,1,Mureka_v9,development,music8k_reference_108550,component_004025,30,44100,e0b78d481a7b03a8630d56fda2cb4c24c13d517ac02c46eb209890b9719c0372
music8k_mureka_v9_108561,1,Mureka_v9,development,music8k_reference_108561,component_004026,30,44100,86e211092242cb520e10e893615a0226dc487ad887c6fc010ee102fdc48d0512
music8k_mureka_v9_109209,1,Mureka_v9,development,music8k_reference_109209,component_004027,30,44100,ddd86243d115c2bd40d49b4f237745164c6cc4d43b575adf4c7b5255b67e7399
music8k_mureka_v9_109486,1,Mureka_v9,development,music8k_reference_109486,component_004028,30,44100,25ab6ada5b89ef0aeadf7c45b81d1262b9b97e7780267843ce86fc8e81b833b2
music8k_mureka_v9_109646,1,Mureka_v9,development,music8k_reference_109646,component_004029,30,44100,71fb587746134c643281b3601f53dc92e6a967ec479aeeb411ee97b0e96f5d54
music8k_mureka_v9_109975,1,Mureka_v9,development,music8k_reference_109975,component_004030,30,44100,4782a063c503dea453228a8cf6a719a87c63ab49d9d8e3f080ec0b6177c8008d
music8k_mureka_v9_110094,1,Mureka_v9,development,music8k_reference_110094,component_004031,30,44100,b7a3e1e47b73124ed3a67409ad6d2ab85c0e3912850b142a65f3092095542b6d
music8k_mureka_v9_110206,1,Mureka_v9,development,music8k_reference_110206,component_004032,30,44100,da136108996eff5f89fa6754c495702dc83be876426647a33dec3117d0b58301
music8k_mureka_v9_110432,1,Mureka_v9,development,music8k_reference_110432,component_004033,30,44100,4fe823413b4d1686bb42e5f5b93b90f2133a423aa750e083b51584b28d7d237d
music8k_mureka_v9_110449,1,Mureka_v9,development,music8k_reference_110449,component_004034,30,44100,e806e17ef8a31155ed4fc4689746a1b4dcf9953dc27cb9aadf8e5b298efa70ea
music8k_mureka_v9_110451,1,Mureka_v9,development,music8k_reference_110451,component_004035,30,44100,e276f332a85b2eef5331dee3c7d7f8e4306b8ea885e9fc3322133c1bc3421f79
music8k_mureka_v9_110487,1,Mureka_v9,development,music8k_reference_110487,component_004036,30,44100,29d3cad82a380030d38e425420624ab3e6007021c6cf044774210c613bd0c48b
music8k_mureka_v9_110491,1,Mureka_v9,development,music8k_reference_110491,component_004037,30,44100,2c1a4e2b11b2c22e6262c6a4236666cdbd3fcb8e76269bc4ced79711d169ef08
music8k_mureka_v9_110847,1,Mureka_v9,development,music8k_reference_110847,component_004038,30,44100,6b362b921d5f508da5c5d84d113606470f9c5fb790fe539e0110cb98fb0149f2
music8k_mureka_v9_110852,1,Mureka_v9,development,music8k_reference_110852,component_004039,30,44100,81aea56ad0a1ae1cf32a963c96c38611d8060dcd7771f330156c6ac64b31003d
music8k_mureka_v9_110864,1,Mureka_v9,development,music8k_reference_110864,component_004040,30,44100,74d2cc028a3e10ef11c3c32701446486805e2a2e050f78d0272f27aa81cc37fe
music8k_mureka_v9_111332,1,Mureka_v9,development,music8k_reference_111332,component_004041,30,44100,3e7be57a5ff50a9e8afde090e5498081465dd05f29a8cb2f035d735261188981
music8k_mureka_v9_111714,1,Mureka_v9,development,music8k_reference_111714,component_004042,30,44100,88274162c9486e875ac6185d4dee072be6df8e2bb2b6ba31f451ffb6cdd62b55
music8k_mureka_v9_112277,1,Mureka_v9,development,music8k_reference_112277,component_004043,30,44100,4a05347f13b9206ccaa211172cde2e9fa1579aeea07266f98fdb9eadd8bb6855
music8k_mureka_v9_112454,1,Mureka_v9,development,music8k_reference_112454,component_004044,30,44100,f81a142c8653d01c8f364bced2f37b8365e98cd085d5b1770527fee4d5dd7279
music8k_mureka_v9_112754,1,Mureka_v9,development,music8k_reference_112754,component_004045,30,44100,33f4f2639d1b3ba7e6f2cdd4f83567d7eb447da78e2625a6473699de287035b8
music8k_mureka_v9_112963,1,Mureka_v9,development,music8k_reference_112963,component_004046,30,44100,d30815def1102be49cd6b4922d65cf1fc36e91d517491d8111dbe2a1ae9c0ed9
music8k_mureka_v9_113006,1,Mureka_v9,development,music8k_reference_113006,component_004047,30,44100,b174bbfabb9db5dcf70b81348114355ca63f13484a267e387c3ad74dbd9a0038
music8k_mureka_v9_113111,1,Mureka_v9,development,music8k_reference_113111,component_004048,30,44100,6e372e8b44c9f1caf96c07d73764f9010214db1452c8a59b934de0a442098e56
music8k_mureka_v9_113270,1,Mureka_v9,development,music8k_reference_113270,component_004049,30,44100,902269043068908b468146740f46bff1323bd10e967dc7c9778fe99bb0e7cbbc
music8k_mureka_v9_113469,1,Mureka_v9,development,music8k_reference_113469,component_004050,30,44100,ba37d5600f1c1c664e42856949a2dfa2c9edb2231411876ec04cb7b5da2d599f
music8k_mureka_v9_113549,1,Mureka_v9,development,music8k_reference_113549,component_004051,30,44100,0d3a66a8d324c02a119e7e2e9c13aafe544119047f4f7677dffb57ff918260ed
music8k_mureka_v9_113734,1,Mureka_v9,development,music8k_reference_113734,component_004052,30,44100,f6ef4ed0711a4e34eca3b29a58df2e5816c2401fe4a1646ec0efb82b7b17bc32
music8k_mureka_v9_114153,1,Mureka_v9,development,music8k_reference_114153,component_004053,30,44100,b4ee036a9d9ecefdde62601fcda51265555dfca0119fd4958dd01d506427cfaa
music8k_mureka_v9_114374,1,Mureka_v9,development,music8k_reference_114374,component_004054,30,44100,5305f49c8f9ab3509b62ad232c4f6d74b5f7c492dcb75e5ad6741f483d924cc5
music8k_mureka_v9_114764,1,Mureka_v9,development,music8k_reference_114764,component_004055,30,44100,24174e254e0cd7638da6639e28ce09560424bf9f04e5b3074531953edb09a5bd
music8k_mureka_v9_114773,1,Mureka_v9,development,music8k_reference_114773,component_004056,30,44100,56c18ee99dbef60df66226890ea8383280a022b7383f38a9c6bbddb8a4feacc0
music8k_mureka_v9_114858,1,Mureka_v9,development,music8k_reference_114858,component_004057,30,44100,5063dbc8da3795793ff749365bbed2c5a9a9f2b1b819d18cba0954eb3d0409d9
music8k_mureka_v9_114909,1,Mureka_v9,development,music8k_reference_114909,component_004058,30,44100,6938a4ab8e98df4ebbdf738be7f1f635e3d893bb9723bc677d44f97043060ce5
music8k_mureka_v9_115295,1,Mureka_v9,development,music8k_reference_115295,component_004059,30,44100,7f02de9a30064e2ef0d3f93f84a929d0fd19917e521dd2749c57c7cda6cb44ad
music8k_mureka_v9_115421,1,Mureka_v9,development,music8k_reference_115421,component_004060,30,44100,f734c6c2aa0f3586c5c779c784d55e63a59d70e1f271e3ee30b9122012cbe48c
music8k_mureka_v9_115513,1,Mureka_v9,development,music8k_reference_115513,component_004061,30,44100,0cc63c1fe6d964007937f9137ca057d17ca5f4839acc86b76cc26c6acb42fa39
music8k_mureka_v9_115688,1,Mureka_v9,development,music8k_reference_115688,component_004062,30,44100,51c5e4f3192d3e4301f7a900688ca9a839ef1a194a76ee111cb0e237f87bcdd7
music8k_mureka_v9_115822,1,Mureka_v9,development,music8k_reference_115822,component_004063,30,44100,5f3d623be7f927ccc851dc18852ac5d8ba8d03cc0ae99accf9dcbc5649c05008
music8k_mureka_v9_116063,1,Mureka_v9,development,music8k_reference_116063,component_004064,30,44100,6baca7e61eb22f3a7f94f0859895fc14863c2ddced89eed5051590f0e4f763a2
music8k_mureka_v9_116109,1,Mureka_v9,development,music8k_reference_116109,component_004065,30,44100,d472adcf491072c5dde06f07e6cc2ab59e6216fcd59c1ff0ae2897c28a9df891
music8k_mureka_v9_116295,1,Mureka_v9,development,music8k_reference_116295,component_004066,30,44100,f537d419421021f62663db8e3d8a27ff3657e432aef9857a6f6ce1014f97bff1
music8k_mureka_v9_116399,1,Mureka_v9,development,music8k_reference_116399,component_004067,30,44100,b17f7b8a606b944d9ac16911eb9ccb999a85fb1f04edca21a237dab6509f04c6
music8k_mureka_v9_116402,1,Mureka_v9,development,music8k_reference_116402,component_004068,30,44100,e5afd372c6fd4fb90ee9d839c306028e3e3f6ce6905108cec63df61d687ada5a
music8k_mureka_v9_116505,1,Mureka_v9,development,music8k_reference_116505,component_004069,30,44100,1eaaa0eca074f30593cdb1e13e00f33d1071bd9e2a2ddd20f26415c1360f77df
music8k_mureka_v9_116733,1,Mureka_v9,development,music8k_reference_116733,component_004070,30,44100,2d5b33675a9c6fa6ebd8e98917327d0cf0eb85f5094eecdc7709be922169d9a9
music8k_mureka_v9_117382,1,Mureka_v9,development,music8k_reference_117382,component_004071,30,44100,2f0999c9665c36832453843fe420d273d270fd44ddd3096237bf02adcd518fe7
music8k_mureka_v9_117534,1,Mureka_v9,development,music8k_reference_117534,component_004072,30,44100,26fe8440e3552c48ef59fd816b72e9f629ab2ddd4f440cc0e494c22f3e23f7d9
music8k_mureka_v9_117719,1,Mureka_v9,development,music8k_reference_117719,component_004073,30,44100,c61cdb0161bd67be861631b3cdd0b11f7f02e34a0c002cbf399b72697959b3fb
music8k_mureka_v9_117749,1,Mureka_v9,development,music8k_reference_117749,component_004074,30,44100,b4ffe6006479cbf7be976ae39fb00c2c2b32935bbc59de9a7aaad0b122a1617c
music8k_mureka_v9_117763,1,Mureka_v9,development,music8k_reference_117763,component_004075,30,44100,54b752ddb69ac424d77cb425972c0cb56907b984918e8f039c1efec2f1f64242
music8k_mureka_v9_118011,1,Mureka_v9,development,music8k_reference_118011,component_004076,30,44100,37970d44368fe024e0941d786d83d0d9b30161407033eafc1dfb676b0d4c21bb
music8k_mureka_v9_118555,1,Mureka_v9,development,music8k_reference_118555,component_004077,30,44100,7c8b30744202e662e74a5f803f93fc54967a14b6de788db8185de754e5644fe7
music8k_mureka_v9_118696,1,Mureka_v9,development,music8k_reference_118696,component_004078,30,44100,99fe153d1ac424d90ce0852cbb756492d5bf2f77e1a07a2fab2acc16a2214f44
music8k_mureka_v9_1187,1,Mureka_v9,development,music8k_reference_1187,component_004079,30,44100,412aac88d6707b7d1f39760232533a06d40730158b1db9103aee7cea4eccc6c7
music8k_mureka_v9_118904,1,Mureka_v9,development,music8k_reference_118904,component_004080,30,44100,6cb0686526de3978228ae3495712545b3ee76c2d311e843fd6140283edd43df9
music8k_mureka_v9_118907,1,Mureka_v9,development,music8k_reference_118907,component_004081,30,44100,5e2d9a72832a08bd7b38f859fed8faab8204c155fd4a63f869f989215b16111c
music8k_mureka_v9_119151,1,Mureka_v9,development,music8k_reference_119151,component_004082,30,44100,01f352f9d7aee8c6d4f7559282cf0981c27857888cc18184938c0d548834827c
music8k_mureka_v9_119173,1,Mureka_v9,development,music8k_reference_119173,component_004083,30,44100,e64c29a0ce5b8ee5315487b225c3f9b81eaff5a74e4e4e85cf5430e5f082ae0c
music8k_mureka_v9_119576,1,Mureka_v9,development,music8k_reference_119576,component_004084,30,44100,eaa7c513d5ea7fdbf328e2134a61864f2e129e8bf2e80c6a6afe4639080b64e7
music8k_mureka_v9_119582,1,Mureka_v9,development,music8k_reference_119582,component_004085,30,44100,e51b0ebfa8ee797b46b7292f140752e7515dcc4265d75396ed2bb6986f3b2a75
music8k_mureka_v9_1198,1,Mureka_v9,development,music8k_reference_1198,component_004086,30,44100,a70da210171443487d9670f574f5e50c6e9ce796aa52192ec6d9d667e129d676
music8k_mureka_v9_120185,1,Mureka_v9,development,music8k_reference_120185,component_004087,30,44100,482ba6c1385e0e827033668466bf56f4bca43c8d6353f1fc201fc9a8c1ee0665
music8k_mureka_v9_120431,1,Mureka_v9,development,music8k_reference_120431,component_004088,30,44100,30fa7dc8ba656b80a1064ddd9b0823f4a406a8c4f6c49c6cd07319472b45fd58
music8k_mureka_v9_120565,1,Mureka_v9,development,music8k_reference_120565,component_004089,30,44100,b24124f9ee087bb012eec51b26e89b3181f4d45bc836f88680484327e3902054
music8k_mureka_v9_120584,1,Mureka_v9,development,music8k_reference_120584,component_004090,30,44100,6a0e17136bf2136240233e5552b190107a473b1269384843ad7ff60162b0ba3c
music8k_mureka_v9_121014,1,Mureka_v9,development,music8k_reference_121014,component_004091,30,44100,d83b2620f8bf0c37c405c53d11f0dfc7324c151412131a3121172da3f4cd1229
music8k_mureka_v9_121361,1,Mureka_v9,development,music8k_reference_121361,component_004092,30,44100,3066630c4abe8dd334ed3c946c6f28d43acb296ac72d35488bc95e4313dc2962
music8k_mureka_v9_121987,1,Mureka_v9,development,music8k_reference_121987,component_004093,30,44100,22e3abf4362c0bb9c6184ebb051de64b6f0c6ce3163f48616cab14921f11c594
music8k_mureka_v9_122677,1,Mureka_v9,development,music8k_reference_122677,component_004094,30,44100,792f0abc0b12a0ad491a0840c5df220623f0efdb8fb1303b341047aded70a2a4
music8k_mureka_v9_122883,1,Mureka_v9,development,music8k_reference_122883,component_004095,30,44100,c879251263ce2eba98368626f5c81af4f6b89707fcb2fe5c64262341e0c8ee67
music8k_mureka_v9_123029,1,Mureka_v9,development,music8k_reference_123029,component_004096,30,44100,ff53bfe7b2e1bbc4206bb4d50ccc48f297710bb0a3b9d23db03d5395c830e6e1
music8k_mureka_v9_123165,1,Mureka_v9,development,music8k_reference_123165,component_004097,30,44100,9187323ce89e61002a34f4e4d1283b4901e1171bdf784d1b4cb2ca17465a2b0b
music8k_mureka_v9_123424,1,Mureka_v9,development,music8k_reference_123424,component_004098,30,44100,2da1cedec300ccda97aa5b4166ab9fbb741e7002878d156e5167381b2b2242e9
music8k_mureka_v9_123429,1,Mureka_v9,development,music8k_reference_123429,component_004099,30,44100,40ef1d6466af88ede6859661fc955c3b552d7cf66879e996836b642f569ec1bd
music8k_mureka_v9_123439,1,Mureka_v9,development,music8k_reference_123439,component_004100,30,44100,21789ca3d46e5ad5d861a5f35707d78846118bd6625e84cbe72af2e97ef64b65
music8k_mureka_v9_123619,1,Mureka_v9,development,music8k_reference_123619,component_004101,30,44100,6fbef0a8a4c0e07141ebe9fd284f5abcc56bbe74afbf2348c53de796491644a3
music8k_mureka_v9_124029,1,Mureka_v9,development,music8k_reference_124029,component_004102,30,44100,6b01c18379a142877013b0aec520d74bf6f985db15b963dd5387842b5dc6f61d
music8k_mureka_v9_124053,1,Mureka_v9,development,music8k_reference_124053,component_004103,30,44100,0d55f9f41a9a81fb4d759dbfae3e07082cc8fb4c905a9012f26263e662bf2bf2
music8k_mureka_v9_124434,1,Mureka_v9,development,music8k_reference_124434,component_004104,30,44100,26781e1621eb4c8289b7670913f98d3fb5df788ed529564892953c14dd4b943b
music8k_mureka_v9_125553,1,Mureka_v9,development,music8k_reference_125553,component_004105,30,44100,cf44187e5c3e627b365ec5163cfaf15602fc29e9001ced3cfc9cac66dda8f103
music8k_mureka_v9_125684,1,Mureka_v9,development,music8k_reference_125684,component_004106,30,44100,607a6ec7ae7dced376a0f0d1ffe3115e4ee2aedf582d57937721f0262773dc9f
music8k_mureka_v9_125879,1,Mureka_v9,development,music8k_reference_125879,component_004107,30,44100,05e7079a335b200845b9358368c501bac750fd807d8ade31a37946a7ba97f02f
music8k_mureka_v9_126583,1,Mureka_v9,development,music8k_reference_126583,component_004108,30,44100,20e21e410dcde0f9ae73fd438d3cc1e30b42156f684d98736494fd80c3850c74
music8k_mureka_v9_127845,1,Mureka_v9,development,music8k_reference_127845,component_004109,30,44100,6e021c3e8fcbb9fff0020d593639ba78cd717c9710229262cf859235f4c37bbb
music8k_mureka_v9_128112,1,Mureka_v9,development,music8k_reference_128112,component_004110,30,44100,d6fd9f0ff767712afe53d6e9364f9120a971e3d4a04d43cd9ea427d6110386e7
music8k_mureka_v9_128147,1,Mureka_v9,development,music8k_reference_128147,component_004111,30,44100,35227209872ead460e84901c0044d15684c018dd22eefcf535ffa13fb09742c4
music8k_mureka_v9_1282,1,Mureka_v9,development,music8k_reference_1282,component_004112,30,44100,146267fb2983e582f6dfe38d8eeed400a5f3c7eaaa4d0f31db5d44560e745cee
music8k_mureka_v9_128293,1,Mureka_v9,development,music8k_reference_128293,component_004113,30,44100,f232aa2e43b0fc6d552ee3690accfd2b4534a71f2de306d18f0d5f900beb0fd4
music8k_mureka_v9_128400,1,Mureka_v9,development,music8k_reference_128400,component_004114,30,44100,7f70d735f7a8cf22e716083674ae69620bef96fc58433c474373ea27d4df11c6
music8k_mureka_v9_128471,1,Mureka_v9,development,music8k_reference_128471,component_004115,30,44100,875717a17d8647440abcde0ff5697d4386e4d8e261a61995e6c8749cf857605c
music8k_mureka_v9_128965,1,Mureka_v9,development,music8k_reference_128965,component_004116,30,44100,c7554aa89a9cb0f2167b1024392c5d536b19148204705f45b5c30cdf9195d37b
music8k_mureka_v9_128988,1,Mureka_v9,development,music8k_reference_128988,component_004117,30,44100,595ff21aec175e977f57744ccd3fcab02bd8646a397cb7c77bddd3976f055cfa
music8k_mureka_v9_129154,1,Mureka_v9,development,music8k_reference_129154,component_004118,30,44100,7ebc3040b42831084c46223abaa94b42550218af820b27aa81aaa37ab4234ebc
music8k_mureka_v9_129418,1,Mureka_v9,development,music8k_reference_129418,component_004119,30,44100,36816cb8b75af9a8664d36de1d12bd8600811209b32ada82eebb3c72e94291e3
music8k_mureka_v9_130282,1,Mureka_v9,development,music8k_reference_130282,component_004120,30,44100,997c9dfcdbd3840d03b470f64cceb001bdc496ad6e57b485809ea7452785e493
music8k_mureka_v9_130289,1,Mureka_v9,development,music8k_reference_130289,component_004121,30,44100,ec53b58edbb655b907ecd3dca82418fc863e18934619504db5236460d3e9c983
music8k_mureka_v9_131210,1,Mureka_v9,development,music8k_reference_131210,component_004122,30,44100,3a0de4e88861a1344bfe82b22bcfa4665429ef9f0f7de5c17832e3549cdf6ebd
music8k_mureka_v9_131352,1,Mureka_v9,development,music8k_reference_131352,component_004123,30,44100,75eeb32922ee674f4e6925593b730a4e6a7710952a8b94212043c22e27736057
music8k_mureka_v9_131409,1,Mureka_v9,development,music8k_reference_131409,component_004124,30,44100,61fe4b71e9d0ab6ee8ab756961534c67f99cc0954cba09d2e8e2d30f3c11741d
music8k_mureka_v9_131455,1,Mureka_v9,development,music8k_reference_131455,component_004125,30,44100,3db633c00843ed740daf655c6ba1941477935e3ba707e19f7503a58782575dc1
music8k_mureka_v9_131650,1,Mureka_v9,development,music8k_reference_131650,component_004126,30,44100,62f8afa7df7ffef83ab70e634de5c3ef0da2304dc2ebff9dc306213ee8266da1
music8k_mureka_v9_131852,1,Mureka_v9,development,music8k_reference_131852,component_004127,30,44100,547c6712010d3067f4bcab0c0b111bf0416d1e02ae54f987246eccbec183cadf
music8k_mureka_v9_131881,1,Mureka_v9,development,music8k_reference_131881,component_004128,30,44100,fbe4bea77c98f978ea93ac6d15bf871f117aab8503543afebb709897c7944923
music8k_mureka_v9_1321,1,Mureka_v9,development,music8k_reference_1321,component_004129,30,44100,46e12108087c720c73bba9ed9a9d92a6fedb13b296833d9b1e1391a8866ff853
music8k_mureka_v9_132664,1,Mureka_v9,development,music8k_reference_132664,component_004130,30,44100,7f63da648154494720164107f876776b9b39fceabe09fb501b190239da0f1380
music8k_mureka_v9_133018,1,Mureka_v9,development,music8k_reference_133018,component_004131,30,44100,7ee27780b261b748e95eca2b41ca3b8eb5f4a8a28f3ab927c9c4799104061d5a
music8k_mureka_v9_133080,1,Mureka_v9,development,music8k_reference_133080,component_004132,30,44100,e1972f957fd0958b2dbf98548bb85d7eb61b8047a64c534db941d936b200de02
music8k_mureka_v9_133137,1,Mureka_v9,development,music8k_reference_133137,component_004133,30,44100,7a063e39c427a1ef1bfacfbcdebfd3167a23d4cc1b70f5128c9627988f97fd29
music8k_mureka_v9_133381,1,Mureka_v9,development,music8k_reference_133381,component_004134,30,44100,c8cc1eb19058330a0e229b3a1c427c6a0c6ba97a33b5d71cd795d3a6c4b99ee7
music8k_mureka_v9_133438,1,Mureka_v9,development,music8k_reference_133438,component_004135,30,44100,0cc4c0d18f84871b3b57021567ab66ac76e6b52f19dcbbd0839045fe03c5603e
music8k_mureka_v9_133448,1,Mureka_v9,development,music8k_reference_133448,component_004136,30,44100,73bd4882a7aa251f519fbd32e530aed1196e7b16e386e157100d7c0ae0fbfe83
music8k_mureka_v9_133531,1,Mureka_v9,development,music8k_reference_133531,component_004137,30,44100,49922276f8796211c22ebeafe2ef4d393d2758911187184c0f617600ee60de98
music8k_mureka_v9_1429,1,Mureka_v9,development,music8k_reference_1429,component_004138,30,44100,428a964093964e8421f0c379601ee758d391a126f7ce6c20c50f0ad146e5c35f
music8k_mureka_v9_1501,1,Mureka_v9,development,music8k_reference_1501,component_004139,30,44100,3ddc90cc60f1b8dd9a6cede601f0e0615312fbe5ca4ad83e04bde3647f74bbd0
music8k_mureka_v9_1583,1,Mureka_v9,development,music8k_reference_1583,component_004140,30,44100,984189b9f34b28e354ef9dd0e164733c1a1616fd16ebd3a0dbc97e658ba424ba
music8k_mureka_v9_1589,1,Mureka_v9,development,music8k_reference_1589,component_004141,30,44100,d8ab069f74f31aafc00469af8c297b6481ee9eb12bc6ab12b059480e744b5e47
music8k_mureka_v9_1629,1,Mureka_v9,development,music8k_reference_1629,component_004142,30,44100,76a81f7174761051b63bcacfd0deb13c87bb0e5c0d96c9ccf213fa3b578aef2f
music8k_mureka_v9_1639,1,Mureka_v9,development,music8k_reference_1639,component_004143,30,44100,a2462517f43040be207f05c9a76c1f3f139520fb20169b86b074009674eb095f
music8k_mureka_v9_1640,1,Mureka_v9,development,music8k_reference_1640,component_004144,30,44100,747d62fb9734ff821ec76350ca865f47c87d9c7895395c7f5f6df3ed5393d249
music8k_mureka_v9_1644,1,Mureka_v9,development,music8k_reference_1644,component_004145,30,44100,5f5a3ec68352e20faff04ba982f19efff9977567307bc17112291c0094ef9f14
music8k_mureka_v9_1650,1,Mureka_v9,development,music8k_reference_1650,component_004146,30,44100,442bc5a2110a81f8613d7345cbca705503496344832adc6d6141a7f0ec482554
music8k_mureka_v9_1669,1,Mureka_v9,development,music8k_reference_1669,component_004147,30,44100,1180f1de2bd76769558a8cab3f1832b265d757d00f3f7d94764b6540124638fb
music8k_mureka_v9_17784,1,Mureka_v9,development,music8k_reference_17784,component_004148,30,44100,ff0faddc708bf0a104f4f0d8b56d9f637678247c5171eec8e1c38bc9d55555c7
music8k_mureka_v9_1806,1,Mureka_v9,development,music8k_reference_1806,component_004149,30,44100,691d7ee78a205aaaeffcc87ef9934491169c20b0c76b6265f74faa20e9956ca8
music8k_mureka_v9_1829,1,Mureka_v9,development,music8k_reference_1829,component_004150,30,44100,09dd016b614ee3845a30c27b8b7a7a945b2017ee8aba1f9b9f8b9b3233aa2408
music8k_mureka_v9_1830,1,Mureka_v9,development,music8k_reference_1830,component_004151,30,44100,8ba492483741c4ab4d7f1d265a92e173ce72ede40c655d76ec77b4d6251a41bc
music8k_mureka_v9_1916,1,Mureka_v9,development,music8k_reference_1916,component_004152,30,44100,f5de552613aa43025f01a68da1a71c692d2c628ad187d54a772982fee458dbdd
music8k_mureka_v9_1994,1,Mureka_v9,development,music8k_reference_1994,component_004153,30,44100,bb7264542677c031a7f67aa5c02bf5cb2748419ce8c200445b40ae495776e77f
music8k_mureka_v9_2003,1,Mureka_v9,development,music8k_reference_2003,component_004154,30,44100,3b030f9dada90ca4630018537d73bd1a668bb1bc87dc1c0999c28eac41b8f2f5
music8k_mureka_v9_20447,1,Mureka_v9,development,music8k_reference_20447,component_004155,30,44100,0d44a820ba326128e823735d6cba2c83b82f136eb6ddd12e0038fda95de48436
music8k_mureka_v9_20544,1,Mureka_v9,development,music8k_reference_20544,component_004156,30,44100,81a3b2392add68b0f5f019e3539bbc0d2d826a93650839d916dcde8ac4843a88
music8k_mureka_v9_2079,1,Mureka_v9,development,music8k_reference_2079,component_004157,30,44100,c17ff891f2c72a5887591136c4c9849e1169f9b34bea9a7462ea73dcbc7b6a4a
music8k_mureka_v9_2121,1,Mureka_v9,development,music8k_reference_2121,component_004158,30,44100,274ea1c8ed64d3f9b8bea2e1babc5a0657e7f3e5cca52b1e812c87e29d4c356c
music8k_mureka_v9_21253,1,Mureka_v9,development,music8k_reference_21253,component_004159,30,44100,dc2ab4f61dda533fd23b3013f10eaff783507a564837031d2aa11239cf687a21
music8k_mureka_v9_21575,1,Mureka_v9,development,music8k_reference_21575,component_004160,30,44100,db80a212cdba2f2b8c02cb7cfedfe7630a72df8d3275d6f1d4dadc46e46f9b3e
music8k_mureka_v9_2209,1,Mureka_v9,development,music8k_reference_2209,component_004161,30,44100,fb7f02a1c445b06a54219e6c7825e5d1a08d48939f87ec7bc4ff1b99703548c3
music8k_mureka_v9_2252,1,Mureka_v9,development,music8k_reference_2252,component_004162,30,44100,854413674a7db299787fc143f7a5212439010cc534d2daad6999a03fac6a4098
music8k_mureka_v9_2372,1,Mureka_v9,development,music8k_reference_2372,component_004163,30,44100,250b50415a28f04611648034d5e73cb5aff54ad3702316ee8306acc2884ea5e6
music8k_mureka_v9_2430,1,Mureka_v9,development,music8k_reference_2430,component_004164,30,44100,0583a2daff80e60635deed023fe0e656dfbdb03f71c986d55c95a60973f1340a
music8k_mureka_v9_2460,1,Mureka_v9,development,music8k_reference_2460,component_004165,30,44100,4feb32cda01d98a350105fe293ae9abfedc4e118d6e35d47940bccf80ea81ecd
music8k_mureka_v9_2491,1,Mureka_v9,development,music8k_reference_2491,component_004166,30,44100,b638fc01f38e3ada319f3d9b5831aaffe888c819a1aa0249badecb8f0e269c44
music8k_mureka_v9_2509,1,Mureka_v9,development,music8k_reference_2509,component_004167,30,44100,bccf59e9b465333ebf4c46ba6c32dc912abc4c2b19ec21f88b122360197f3f03
music8k_mureka_v9_2510,1,Mureka_v9,development,music8k_reference_2510,component_004168,30,44100,4aa1ee82cc119ad82b4cb49cf7786b184e67b7872255064f32201a5b60090885
music8k_mureka_v9_2536,1,Mureka_v9,development,music8k_reference_2536,component_004169,30,44100,5a08f48782944ce4d794bb0e0919e9a393c341a00f635e5e8795f8e1f69e1b24
music8k_mureka_v9_2563,1,Mureka_v9,development,music8k_reference_2563,component_004170,30,44100,77fce8f90dd8a394b9fc7fa745cabcdf5f686752dcce4a40cc2abe14fecf1443
music8k_mureka_v9_27274,1,Mureka_v9,development,music8k_reference_27274,component_004171,30,44100,544a389bf6cee15fd6c6a196f4f6d602f098291a6b8640fadcadbc0577259dcc
music8k_mureka_v9_2891,1,Mureka_v9,development,music8k_reference_2891,component_004172,30,44100,aed62d9ebaafe5bf2baecd1c5288683ec7e260189caa4ccdbbc1625786a6eca4
music8k_mureka_v9_29192,1,Mureka_v9,development,music8k_reference_29192,component_004173,30,44100,46e6afdf0fc680031a40360b2e285d94ef1c20cde2e1e6111713e474c69dce37
music8k_mureka_v9_2963,1,Mureka_v9,development,music8k_reference_2963,component_004174,30,44100,c06b4bcc59053ec46045256df7531776322c5281065d459342d66f90343be814
music8k_mureka_v9_3044,1,Mureka_v9,development,music8k_reference_3044,component_004175,30,44100,874c129ecf039e66e6f19c3892b98e17051e1090091f38493855fc24d7a0416d
music8k_mureka_v9_31639,1,Mureka_v9,development,music8k_reference_31639,component_004176,30,44100,7ad2fa338059cf5e91ab7dae9763cc96c128fba810df55574c3c18c88ac2ccce
music8k_mureka_v9_31750,1,Mureka_v9,development,music8k_reference_31750,component_004177,30,44100,47932e6e41806d3fc4552db16b3d3fe334f27620961609fd3a383f284ababcfa
music8k_mureka_v9_31770,1,Mureka_v9,development,music8k_reference_31770,component_004178,30,44100,f2384637653523964fdeb59218ea79b74496efcef47e9eea8144c02c83900e9d
music8k_mureka_v9_31798,1,Mureka_v9,development,music8k_reference_31798,component_004179,30,44100,f64277631f3b4a058e5893ee5bbeae3f9b830e70d5426caf6b495364893e22d3
music8k_mureka_v9_32004,1,Mureka_v9,development,music8k_reference_32004,component_004180,30,44100,4946e7d525e0d838fa4ea059c1769e105096fd77f31b17b433b58fd5e2669b6f
music8k_mureka_v9_32017,1,Mureka_v9,development,music8k_reference_32017,component_004181,30,44100,f5439d2dcbc87c3cc46b31bb3ab6fc15a15f9a72927c1edf018cc36e168eb2fd
music8k_mureka_v9_32064,1,Mureka_v9,development,music8k_reference_32064,component_004182,30,44100,81a7855102a7aa6e2b805e9627144c1fa0f7d1510b8371467c7a399cebd0ed3f
music8k_mureka_v9_32094,1,Mureka_v9,development,music8k_reference_32094,component_004183,30,44100,759da33604d75723dfcd087dc9970f4b8b8dfd595b6e238f355df458ac0047b1
music8k_mureka_v9_32212,1,Mureka_v9,development,music8k_reference_32212,component_004184,30,44100,4629700cdfa5d87be388920bce1f821106cbcddae792b1f06ca2ef9f2b8ca6ca
music8k_mureka_v9_32247,1,Mureka_v9,development,music8k_reference_32247,component_004185,30,44100,6c7469bf82c1a619158362ea718d551d0e9d0a0ed89648831ae6736ab9630f04
music8k_mureka_v9_32319,1,Mureka_v9,development,music8k_reference_32319,component_004186,30,44100,2ded61f4d858e1028e978a20fbaa99a48e9681d81be03ef40307382c88d082c3
music8k_mureka_v9_32343,1,Mureka_v9,development,music8k_reference_32343,component_004187,30,44100,c5c4e4927fbe778968b99657b9ddf0977297c90b47b82e49a85cf111f2f9f92d
music8k_mureka_v9_32351,1,Mureka_v9,development,music8k_reference_32351,component_004188,30,44100,35a30f712eebb9682197bfc108fb99e2aea4f24504db9a4fc16f968ef20696af
music8k_mureka_v9_32661,1,Mureka_v9,development,music8k_reference_32661,component_004189,30,44100,05e8e44d2c1805ec18ca536c5a1468b010a6ca67d14d0e57e9250b9842f8027e
music8k_mureka_v9_32774,1,Mureka_v9,development,music8k_reference_32774,component_004190,30,44100,a56ee4eb7ccc2906a0ea8faa9a2c82808233b8ef65111e1e48bf5482a2d0d101
music8k_mureka_v9_32776,1,Mureka_v9,development,music8k_reference_32776,component_004191,30,44100,4a1a187499ff14b5c7edcbaa10848477f1c48a4ba2e455104487a74a4aaf7b01
music8k_mureka_v9_3278,1,Mureka_v9,development,music8k_reference_3278,component_004192,30,44100,b6114767250f57103803ed7066a885a6f78d70e1b8dbac2f35031df20330ab00
music8k_mureka_v9_32807,1,Mureka_v9,development,music8k_reference_32807,component_004193,30,44100,ed6247cecb636837e8d7afef3dbb57d5be8c2bf85bbd89e20d764ec12377cc87
music8k_mureka_v9_32816,1,Mureka_v9,development,music8k_reference_32816,component_004194,30,44100,231b62ad847b4f0813e80ceaaebe3e7f1d42540374cbbe48b2cab810d89e7ab7
music8k_mureka_v9_32844,1,Mureka_v9,development,music8k_reference_32844,component_004195,30,44100,91c8bb1f50a3aae1387726f14052b181faed27eada41a7609f9427e435f95222
music8k_mureka_v9_32862,1,Mureka_v9,development,music8k_reference_32862,component_004196,30,44100,b475e3b462c440b2bd7e2992b8b2e9003f0a30f20da1e308f10ea6b239890424
music8k_mureka_v9_32941,1,Mureka_v9,development,music8k_reference_32941,component_004197,30,44100,70b48f6948ac2e088e4fd8c788769c65cc15c7c19d67b9f915b043936f3135f4
music8k_mureka_v9_33067,1,Mureka_v9,development,music8k_reference_33067,component_004198,30,44100,51509659a0a5c6544299f241987a6d928435fac4d28027f1f179b8ba8189db50
music8k_mureka_v9_33075,1,Mureka_v9,development,music8k_reference_33075,component_004199,30,44100,d1dd04627ba0886779995b9f08c1f16a92e549a1b34d2b3d2155fc8bf36a43aa
music8k_mureka_v9_35347,1,Mureka_v9,development,music8k_reference_35347,component_004200,30,44100,b4940e0f62d1e0e9d5ec9997b1345711a9fe653764a730e3112365b3abea5434
music8k_mureka_v9_3627,1,Mureka_v9,development,music8k_reference_3627,component_004201,30,44100,4ddbc4bbe7bd3e7b6bb0689bfb1a6a84fd331f9fa6bab67f9886d7bd4b2acc8e
music8k_mureka_v9_384,1,Mureka_v9,development,music8k_reference_384,component_004202,30,44100,6d1cc5b4940c10ff0e6cbfb5abb92c491eae33a3aed8f752f61d1bb4485175ea
music8k_mureka_v9_4260,1,Mureka_v9,development,music8k_reference_4260,component_004203,30,44100,1e9d0b9d096ff992fc392875ecabcf927562b8770315f5f144736d218d5afe3b
music8k_mureka_v9_43438,1,Mureka_v9,development,music8k_reference_43438,component_004204,30,44100,26d52e9e4cceeeea1df743909cf039b3ed8a8f1158eb453ecdf93a51aacdf22a
music8k_mureka_v9_4385,1,Mureka_v9,development,music8k_reference_4385,component_004205,30,44100,b5ded1cd4a94326a25e84b9de708765dde6777900646f4042965d9a2a7ee5add
music8k_mureka_v9_44431,1,Mureka_v9,development,music8k_reference_44431,component_004206,30,44100,53c164b5220bd03a1517fc7e99c40e39963e38eb8f4fc13ed69310ccbbe42b14
music8k_mureka_v9_4620,1,Mureka_v9,development,music8k_reference_4620,component_004207,30,44100,e38622932a083a9b609c3421915958aee817cbcd7f70de797a478d6c2b5bfa9b
music8k_mureka_v9_46540,1,Mureka_v9,development,music8k_reference_46540,component_004208,30,44100,37c6fd3ca0bbc619da8e3bce8b078d0002465c28cd6573a1b4900adc8eeb6aba
music8k_mureka_v9_47715,1,Mureka_v9,development,music8k_reference_47715,component_004209,30,44100,5c35c1421a61068664048b3999716ceca23181f181c2704db746df806e73d72f
music8k_mureka_v9_49268,1,Mureka_v9,development,music8k_reference_49268,component_004210,30,44100,026d196719d4363fb23af66d5a167a6a29d7af5884944f806d894037db0a51ed
music8k_mureka_v9_49651,1,Mureka_v9,development,music8k_reference_49651,component_004211,30,44100,fd68924e55d1108fce73581d194aec650f63649d441d001d350e7ed20c4e22f8
music8k_mureka_v9_50516,1,Mureka_v9,development,music8k_reference_50516,component_004212,30,44100,88b05f3b0da5241507faef8466098b9783665db7b36ad211bc5b10fe773f3000
music8k_mureka_v9_50621,1,Mureka_v9,development,music8k_reference_50621,component_004213,30,44100,2eaeb826e3b5166074e582d1c80d889d785d357a90d2995a18cdfd7b65eac791
music8k_mureka_v9_5070,1,Mureka_v9,development,music8k_reference_5070,component_004214,30,44100,d258aa491db63d75f01a8e045b0354d9f32bf568b5106ae332a996c441b4c071
music8k_mureka_v9_50714,1,Mureka_v9,development,music8k_reference_50714,component_004215,30,44100,415f055246055e954ea92ba45ea72886e8784903c85d17964b91f5404cc14c6d
music8k_mureka_v9_50971,1,Mureka_v9,development,music8k_reference_50971,component_004216,30,44100,c302dcb17b0d394e48c53452aeda78005274bacad44655f9371a64b0ebc02522
music8k_mureka_v9_51266,1,Mureka_v9,development,music8k_reference_51266,component_004217,30,44100,674afe1a8aa58b6fe9a408b3194f8ab0d117dda674bf546f8f173c5357228c9e
music8k_mureka_v9_51352,1,Mureka_v9,development,music8k_reference_51352,component_004218,30,44100,333b069b3bf1987b27f7e85691145bf1a11f3e4f5b710791f68fbf76f48dc4c7
music8k_mureka_v9_51379,1,Mureka_v9,development,music8k_reference_51379,component_004219,30,44100,7517726e1639e7d75d8fb5838c533bc66e5150a30a6260900730a0a69b176eaf
music8k_mureka_v9_51433,1,Mureka_v9,development,music8k_reference_51433,component_004220,30,44100,08686198385478d5bd2bb8a250aa4ab0fa45ff28a8f54628ce61254aa9c9db00
music8k_mureka_v9_51445,1,Mureka_v9,development,music8k_reference_51445,component_004221,30,44100,e0eb4f5bb3075d3d5bdd2bb3870d7a3d524a50309f6a43c0513d2b7e66b17f48
music8k_mureka_v9_51472,1,Mureka_v9,development,music8k_reference_51472,component_004222,30,44100,ff01fe4b01e8faf6890c9aeb3f935cd7e7cf451bc70c95cd07d8490e17a19088
music8k_mureka_v9_51612,1,Mureka_v9,development,music8k_reference_51612,component_004223,30,44100,a52639e83838ef9cc1eb8a9245ca6c3ca1e8e57e22a290fb9cf925b045429e46
music8k_mureka_v9_51702,1,Mureka_v9,development,music8k_reference_51702,component_004224,30,44100,891b5ac5429a9b9f60fa48f29a2a3ad7bfd67aaa3e4d6ed233547fd59574459e
music8k_mureka_v9_51814,1,Mureka_v9,development,music8k_reference_51814,component_004225,30,44100,7ab12177da401a707b71b14b4d5ffc007a58029ac7767e37f4a63472da4ec033
music8k_mureka_v9_52011,1,Mureka_v9,development,music8k_reference_52011,component_004226,30,44100,2afeea9d762c46f2ca7000dc880ded66aa661efa582f442a55ebaf4a29b93aaf
music8k_mureka_v9_52436,1,Mureka_v9,development,music8k_reference_52436,component_004227,30,44100,7309c4fa3e78a9c7934efe27739fe2fa16bb65a4386dbeb15f889b4eaa8580be
music8k_mureka_v9_52589,1,Mureka_v9,development,music8k_reference_52589,component_004228,30,44100,e62219903a19d0eebb9386edb87da542fdf5fef567bf26bb3e03d5423ea883fa
music8k_mureka_v9_526,1,Mureka_v9,development,music8k_reference_526,component_004229,30,44100,d45f5f9078b18c1feb4775ef887c7b9e7a862d2a358b12413f98fa50701f1963
music8k_mureka_v9_52721,1,Mureka_v9,development,music8k_reference_52721,component_004230,30,44100,c350a04027340da44332d628ab7b9b911a1c5c23ba3dc0ad719d12d063d8312e
music8k_mureka_v9_52731,1,Mureka_v9,development,music8k_reference_52731,component_004231,30,44100,e2deb471f17b51b21b86d747c02a2628b5835dfec4b94629501ac770681d8a46
music8k_mureka_v9_52836,1,Mureka_v9,development,music8k_reference_52836,component_004232,30,44100,85c1bc0820ea3065bc85cd7a67eff11af5d9467714b04bca9466ac27d77c663d
music8k_mureka_v9_52873,1,Mureka_v9,development,music8k_reference_52873,component_004233,30,44100,d38525746ad03f1fd4b4291b74c5a6e775f81b034ef3c77b9333ace6f6f852b0
music8k_mureka_v9_5292,1,Mureka_v9,development,music8k_reference_5292,component_004234,30,44100,f5c67f200532944a363c2d9b92c5a3668f9c2cc91015545f47b45ea292478190
music8k_mureka_v9_52958,1,Mureka_v9,development,music8k_reference_52958,component_004235,30,44100,9257706a9cc15f582f64fdf7ef6fb08a9fefdc2c7cc436f9b9a1a2bb76ab338c
music8k_mureka_v9_52959,1,Mureka_v9,development,music8k_reference_52959,component_004236,30,44100,fddfb901121db1ec99ed2a3cadca00b8671a6e166ee88f6452744de468e01b6d
music8k_mureka_v9_5325,1,Mureka_v9,development,music8k_reference_5325,component_004237,30,44100,64b1c782cfbff1daab4dca33738f43e7ea00c7683c17db751c1c4371096a7326
music8k_mureka_v9_53273,1,Mureka_v9,development,music8k_reference_53273,component_004238,30,44100,02a6e0697770dd28e27d5acb9dfc745be811b2d62788b8de85f154636433e880
music8k_mureka_v9_53557,1,Mureka_v9,development,music8k_reference_53557,component_004239,30,44100,2c6bf751dbe5c3bd9eb4cab41c01b7962ebebdee621f744dd1fb5bebb6d42718
music8k_mureka_v9_53809,1,Mureka_v9,development,music8k_reference_53809,component_004240,30,44100,01ad9cfdbe0756a331718ddf49f032f55cdb12c4a3e8319815e264fb3d526233
music8k_mureka_v9_54218,1,Mureka_v9,development,music8k_reference_54218,component_004241,30,44100,d5a38b4a66d3c5b36b8e0c8a5eaac5ac29bc25899c07d7a94ca290e5d0b2ce31
music8k_mureka_v9_54562,1,Mureka_v9,development,music8k_reference_54562,component_004242,30,44100,85ccaf68b58d8c2f0b994007e14806f0df051b2beb2f9ba1b4d0596495a1ef14
music8k_mureka_v9_54654,1,Mureka_v9,development,music8k_reference_54654,component_004243,30,44100,71856d4c1635cbae303c30ba3ec0d0bbbc6840cff47c224df030a4c1381ac0c8
music8k_mureka_v9_54984,1,Mureka_v9,development,music8k_reference_54984,component_004244,30,44100,a97e265b951990aa1b4cea3881ceefbd4bb92af9e8f419b808e58ed578c9591d
music8k_mureka_v9_55252,1,Mureka_v9,development,music8k_reference_55252,component_004245,30,44100,ea9333a063bbc86ff74492768e4826805f45c73ad9fe536cb5e1d0cfc27e7a16
music8k_mureka_v9_55414,1,Mureka_v9,development,music8k_reference_55414,component_004246,30,44100,9d3609a8ac9c568ec011fead4a75f00a48cbcde05f310bf54237366dc964d275
music8k_mureka_v9_55546,1,Mureka_v9,development,music8k_reference_55546,component_004247,30,44100,ce2cec27fe25cc84e80bd7274abdddf20a411112c7cce2a61bd21594b4446e87
music8k_mureka_v9_55583,1,Mureka_v9,development,music8k_reference_55583,component_004248,30,44100,25fad2241d1bada2d3deee959a0842e578ba649e179446b8d0230cc61aac1c71
music8k_mureka_v9_55716,1,Mureka_v9,development,music8k_reference_55716,component_004249,30,44100,6c2fb1991d1e1e23974546788a0ac46de89b341e65a17213fbeac2b9788fa0e0
music8k_mureka_v9_55882,1,Mureka_v9,development,music8k_reference_55882,component_004250,30,44100,78ff1763222db0c1ca8f031d281d47d566eed193ddb71777ce0dc0c348fea0d5
music8k_mureka_v9_55962,1,Mureka_v9,development,music8k_reference_55962,component_004251,30,44100,05393f535fc84613c812b1c2fee8eb1bda49c5c73a360bd7c113155195a335c0
music8k_mureka_v9_5603,1,Mureka_v9,development,music8k_reference_5603,component_004252,30,44100,ec45f701aff95221359c3951ff67f62251bf283cf6154d968b45f29b6f1c9f22
music8k_mureka_v9_56062,1,Mureka_v9,development,music8k_reference_56062,component_004253,30,44100,45f7980f63a5256c87a2751e498567ecf33d56520ad50b2ad8dfa74474eeb73a
music8k_mureka_v9_56508,1,Mureka_v9,development,music8k_reference_56508,component_004254,30,44100,c4ecb57646b149652b43b033f5276f87844fc3b146e398115cd619aa35699933
music8k_mureka_v9_566,1,Mureka_v9,development,music8k_reference_566,component_004255,30,44100,45b4f116eae485087b0dc08e1b1e1f852a2d446c724daf795a0a2a6c99c4b37f
music8k_mureka_v9_56752,1,Mureka_v9,development,music8k_reference_56752,component_004256,30,44100,0955b9e4fb16124dd43f25d5e335a5261598990829ad8dd287b25fe37b6aa2ee
music8k_mureka_v9_57018,1,Mureka_v9,development,music8k_reference_57018,component_004257,30,44100,ac11f320cbcb6ab9269c1e7c85b9aa8a8d9404b008f8d8ed1e949f0f3f64e637
music8k_mureka_v9_57021,1,Mureka_v9,development,music8k_reference_57021,component_004258,30,44100,2c4329be2f94b309e1ef21193890b7e04bcc78267f38e2423a8d4fbdea37350f
music8k_mureka_v9_57023,1,Mureka_v9,development,music8k_reference_57023,component_004259,30,44100,2b786e40d99f68e3b049176d40598b4cb6d48c256459d6b5318a2ae50197805a
music8k_mureka_v9_57054,1,Mureka_v9,development,music8k_reference_57054,component_004260,30,44100,bff4cceb5d7b495ae7eac2344984811b31133eb654fe78de8c1587853d3e0e8a
music8k_mureka_v9_57374,1,Mureka_v9,development,music8k_reference_57374,component_004261,30,44100,eb6a2010802022cd18fee06ca911eb5dcd64f148c86d0ace9fbc90f37daf1eda
music8k_mureka_v9_57400,1,Mureka_v9,development,music8k_reference_57400,component_004262,30,44100,cdcb1229c2c1d1e69754b132cc04ba74edf9ebe24d72518332647a1b4af43c0d
music8k_mureka_v9_576,1,Mureka_v9,development,music8k_reference_576,component_004263,30,44100,9e9de6f08a02c107b46252233be0a3bc27f4c7e329ebf21beb68c842592bedd8
music8k_mureka_v9_57702,1,Mureka_v9,development,music8k_reference_57702,component_004264,30,44100,1726df20a38c7011c9a238c5d0fc77072b8f97bebf080094e2bb4e6aea8aeebb
music8k_mureka_v9_57819,1,Mureka_v9,development,music8k_reference_57819,component_004265,30,44100,7a16b5cac0cde7961f21c5cba9007cd7697926c38be03cd37722de11b9ec4844
music8k_mureka_v9_5807,1,Mureka_v9,development,music8k_reference_5807,component_004266,30,44100,98ae18f763448ddb532c09cfbf51cb0e1bf8f614e13b42a31e785fee7935ec50
music8k_mureka_v9_58354,1,Mureka_v9,development,music8k_reference_58354,component_004267,30,44100,bdd64f2dcbd8b2b9245c1433532f1db3c2b2718d5756fc54acd9cb8342a071cc
music8k_mureka_v9_58775,1,Mureka_v9,development,music8k_reference_58775,component_004268,30,44100,dbecb0ca8d6865de9cb02eba56fefaad9c96f0f1efa4d2c0a1c5c203e6b0f5d9
music8k_mureka_v9_59013,1,Mureka_v9,development,music8k_reference_59013,component_004269,30,44100,6869600ed77396100ed37e99e0a83ef585f512d10826b1f81aeb90f5b83133ff
music8k_mureka_v9_59132,1,Mureka_v9,development,music8k_reference_59132,component_004270,30,44100,2bc2bcea4779455b75de9c787df44de1661f5a168e9359cf4901d7128a3cce9f
music8k_mureka_v9_59843,1,Mureka_v9,development,music8k_reference_59843,component_004271,30,44100,025111d9d65c404f3c5491054be84f82518187d1216116c431b623c0276fd18f
music8k_mureka_v9_60390,1,Mureka_v9,development,music8k_reference_60390,component_004272,30,44100,29c27386df9fad928e5d31b2394c6e0964a1037d2c9a6d48e6b330559456d955
music8k_mureka_v9_6050,1,Mureka_v9,development,music8k_reference_6050,component_004273,30,44100,a9ef6e62d4b1281dabd78454afa069e2efb30973efab0f20aad3051c017497f2
music8k_mureka_v9_60506,1,Mureka_v9,development,music8k_reference_60506,component_004274,30,44100,9a29d9cf7cccda7b9a6e2f3f1202861adb41c3566594d052e4641ffefb18dfc8
music8k_mureka_v9_60998,1,Mureka_v9,development,music8k_reference_60998,component_004275,30,44100,e4bed6268509df6d320347fc98423cab8d652b02fe1e1c18541fd6980fa368e6
music8k_mureka_v9_61025,1,Mureka_v9,development,music8k_reference_61025,component_004276,30,44100,e034a1b48ea66c136cb0ee81a420b06d48f6f104788c64244ac15f6712cda2cf
music8k_mureka_v9_61239,1,Mureka_v9,development,music8k_reference_61239,component_004277,30,44100,cec87508b19e6bd9d5aaccd0661e8763c563441b5af55bde8bbbe2891a7b0cc7
music8k_mureka_v9_6125,1,Mureka_v9,development,music8k_reference_6125,component_004278,30,44100,918c115573ee5b2b73f2320c42da9ea965b501ff4a00ee7e7bbdcebfbbb88e40
music8k_mureka_v9_61945,1,Mureka_v9,development,music8k_reference_61945,component_004279,30,44100,8ef6fb99bf5b2b5b40764648fe9e988deaba30046c16af983b95054970815079
music8k_mureka_v9_62026,1,Mureka_v9,development,music8k_reference_62026,component_004280,30,44100,6d589b1dcab58edd88b28f1923e0375e4fa1ae311d045e2e88f142f4c39e56b9
music8k_mureka_v9_62170,1,Mureka_v9,development,music8k_reference_62170,component_004281,30,44100,04e6cf762f3f6441ea09a9e385516b2e86c5ce9599d105a2adc328a23cad92ec
music8k_mureka_v9_62172,1,Mureka_v9,development,music8k_reference_62172,component_004282,30,44100,7ded7177b045e9537f63cad95974b7f8aa1dfeac30bdd10af84805ebcfeca297
music8k_mureka_v9_62236,1,Mureka_v9,development,music8k_reference_62236,component_004283,30,44100,fc6da53a95ccf930f4228ab052f0d0b8b42986411ceddb46b32389f03f448316
music8k_mureka_v9_62921,1,Mureka_v9,development,music8k_reference_62921,component_004284,30,44100,5c25cdf9162e9080201ee8c6854eb7750f14334a82a427197ae872b4bac2310a
music8k_mureka_v9_63985,1,Mureka_v9,development,music8k_reference_63985,component_004285,30,44100,310403c18b57f169fdfb802c5773508bd6cea56401760eacc6086e8fdb2b7784
music8k_mureka_v9_6399,1,Mureka_v9,development,music8k_reference_6399,component_004286,30,44100,4ef6665225e7bc4ade892dfd4c6cedd877eea7c423301681f549dc5ba62fee9c
music8k_mureka_v9_64078,1,Mureka_v9,development,music8k_reference_64078,component_004287,30,44100,fad4fe760144487e173b32b425b631091ccfbce3858ef4f4b39e7883543cc8cf
music8k_mureka_v9_64104,1,Mureka_v9,development,music8k_reference_64104,component_004288,30,44100,10979a15c644123fe675abafbb68584a4fd4be6772da9dda2b46e02ec35d97d3
music8k_mureka_v9_64107,1,Mureka_v9,development,music8k_reference_64107,component_004289,30,44100,0e94afc5caf92ae7e020126f1e2fc15cc755ce87e27cea6f3be8ef983fe18dc1
music8k_mureka_v9_64291,1,Mureka_v9,development,music8k_reference_64291,component_004290,30,44100,ee0dc727fa8d6da843a1778697adcee6cc92a25e8fdc349613794f996b998eb1
music8k_mureka_v9_64434,1,Mureka_v9,development,music8k_reference_64434,component_004291,30,44100,f0e8f555188feb426f8e14a80f608bed4f0e90cbbc153f7fd42238384e8de5c3
music8k_mureka_v9_64570,1,Mureka_v9,development,music8k_reference_64570,component_004292,30,44100,880ec732c1ec65310a4660c9d7cc2b0f7fc31a859370db7cbd51dacfb0c79d1c
music8k_mureka_v9_64768,1,Mureka_v9,development,music8k_reference_64768,component_004293,30,44100,96a6ec6a2dd45a973cf9aa835bd8523f33c14e15287d26b43a8c905e1bbe4771
music8k_mureka_v9_64866,1,Mureka_v9,development,music8k_reference_64866,component_004294,30,44100,db698fabb46bab8281281a9247bf6c802d6ad7157e924e94cc3025b51f6823b1
music8k_mureka_v9_64952,1,Mureka_v9,development,music8k_reference_64952,component_004295,30,44100,63e0094f5f185cde6c69d288c4ea881dccd111d0072867b2d0873d68dae9dfb8
music8k_mureka_v9_64960,1,Mureka_v9,development,music8k_reference_64960,component_004296,30,44100,ea6f27ed6cca19e1fd5b6ff7ec29a4ce74e8f7323623860af83e0fe5c0b1b590
music8k_mureka_v9_65232,1,Mureka_v9,development,music8k_reference_65232,component_004297,30,44100,de216b2fe714ed347ba966c764cc551d8e2db5f9637bb152704853fb330fda7d
music8k_mureka_v9_65270,1,Mureka_v9,development,music8k_reference_65270,component_004298,30,44100,38790f02191d596eb0af50c5a8f5f048c2e146ea421bdb497200e8dccbaf0208
music8k_mureka_v9_65779,1,Mureka_v9,development,music8k_reference_65779,component_004299,30,44100,c2f73aef20e72a3ba602df45ddc83d3c75b786542d206ff5bcbc7d94b9b481a5
music8k_mureka_v9_65848,1,Mureka_v9,development,music8k_reference_65848,component_004300,30,44100,a96ca811d43f29553e10493e6d2dcd83f35039afdb180ced178e4a5fe4a1dd67
music8k_mureka_v9_65886,1,Mureka_v9,development,music8k_reference_65886,component_004301,30,44100,90f82c1625aed6b2bd84289beaa64aee5ae0ac741506eeed59f2232ae0510f9e
music8k_mureka_v9_65907,1,Mureka_v9,development,music8k_reference_65907,component_004302,30,44100,6d7e3b4bf0da4ddf5d30aeea50f8901fa508311f2245835c0d09677080645446
music8k_mureka_v9_66020,1,Mureka_v9,development,music8k_reference_66020,component_004303,30,44100,9e07f4a67f4cb22e1972000904b3dd591d7362497358524603cc9e7f80d97363
music8k_mureka_v9_66031,1,Mureka_v9,development,music8k_reference_66031,component_004304,30,44100,b87a92aeaacec64f6b8c7ee723121b0bce455383f56dbc596636392566535e32
music8k_mureka_v9_66175,1,Mureka_v9,development,music8k_reference_66175,component_004305,30,44100,0c9a2f8256a047f847eae95f7d9ac86eb068932f0628f4c7cdfc8961b49e641c
music8k_mureka_v9_66240,1,Mureka_v9,development,music8k_reference_66240,component_004306,30,44100,0356de8df9d3bc298f4cb8af8b9d212b695959800c4834dc637f191a99512815
music8k_mureka_v9_66344,1,Mureka_v9,development,music8k_reference_66344,component_004307,30,44100,3bef68f938c963167ce32ca5cf890d6746dc389109e39129564bd5b7b65101b7
music8k_mureka_v9_66513,1,Mureka_v9,development,music8k_reference_66513,component_004308,30,44100,ff4d75fe8dd74692227dc39d7dc9ae0656dabb31cea08cec33d00df651d65947
music8k_mureka_v9_66520,1,Mureka_v9,development,music8k_reference_66520,component_004309,30,44100,f74848142a2574d56a0ca11416bd5d2121ccbe88152fc6d88c2d861961b9b492
music8k_mureka_v9_67024,1,Mureka_v9,development,music8k_reference_67024,component_004310,30,44100,338e49ac2ff8b5342102bea38d844ac83318f865b1bbd4d613b8fc330096c7b2
music8k_mureka_v9_67085,1,Mureka_v9,development,music8k_reference_67085,component_004311,30,44100,324b54a740abddc0ca9ac22d2ac57c6f6c0f42636bb7041f28b05dd8f9e30fc7
music8k_mureka_v9_67220,1,Mureka_v9,development,music8k_reference_67220,component_004312,30,44100,fa506067726d870baef958e2ad7fee8f4376d67c30911ec17e31b8d30b3ca9f4
music8k_mureka_v9_67275,1,Mureka_v9,development,music8k_reference_67275,component_004313,30,44100,e3782c2342a0596c0f661aa107eaacd503ff327346a0049ac2c60704cffbd8e2
music8k_mureka_v9_67596,1,Mureka_v9,development,music8k_reference_67596,component_004314,30,44100,33e72f0c1a65f7afecd48f374ce18761152218a46f36e04e444fe410f993c7c7
music8k_mureka_v9_67905,1,Mureka_v9,development,music8k_reference_67905,component_004315,30,44100,ef96aa751d07cac26568e8790e7bbd39b7bd61137098c77d27717fda26300582
music8k_mureka_v9_67962,1,Mureka_v9,development,music8k_reference_67962,component_004316,30,44100,417dfdc7469e2498323f2477f41701efcf78f811468012f85999f98c04872e24
music8k_mureka_v9_67983,1,Mureka_v9,development,music8k_reference_67983,component_004317,30,44100,aadecd9e21326ab7107695e206cdcad1bc3d83329aaae186ff786d860bdde6a6
music8k_mureka_v9_68311,1,Mureka_v9,development,music8k_reference_68311,component_004318,30,44100,4c5f9e6c6a4d8e89c492137f36aaa062ee1989880151c000454a3a570e262363
music8k_mureka_v9_68416,1,Mureka_v9,development,music8k_reference_68416,component_004319,30,44100,85fbb24967e7316d89b8fa0661b11aab8b5684f1e6828128bbfc5dc36d0766f4
music8k_mureka_v9_68506,1,Mureka_v9,development,music8k_reference_68506,component_004320,30,44100,1a7783f37897729e796491535754df8c21e120ec21485f2a599c983060adb325
music8k_mureka_v9_69749,1,Mureka_v9,development,music8k_reference_69749,component_004321,30,44100,7904bd3de3414dc77420012b2279b900a4368af80601bbcee56c0a9ecb36b767
music8k_mureka_v9_69782,1,Mureka_v9,development,music8k_reference_69782,component_004322,30,44100,6bc8c06e4ad2670b18aca98b01a8484dc71913d296c78ed3bdb294a409466c5e
music8k_mureka_v9_70517,1,Mureka_v9,development,music8k_reference_70517,component_004323,30,44100,c2815465a22e435a05606f44b47b8091e2f323b0d8c3754f9906a4e8ad9fd37b
music8k_mureka_v9_70606,1,Mureka_v9,development,music8k_reference_70606,component_004324,30,44100,c68927f9c0e37ed6cc68d11d3b8c080818422f2e85e567a5990dd0eb885de7bd
music8k_mureka_v9_70645,1,Mureka_v9,development,music8k_reference_70645,component_004325,30,44100,3bb48db74dac710f4b2d9823e35e0e0974378d045eaa5c1967692a7444b10443
music8k_mureka_v9_71247,1,Mureka_v9,development,music8k_reference_71247,component_004326,30,44100,c985ff574d7a7115d2a97ab21161424e0e056ca1ea175c8cc99a626e883dfeb1
music8k_mureka_v9_71482,1,Mureka_v9,development,music8k_reference_71482,component_004327,30,44100,05d894c29f0dc029a429bab6773ddb114968d22af6a0053ff9a004c29f136db9
music8k_mureka_v9_71514,1,Mureka_v9,development,music8k_reference_71514,component_004328,30,44100,0403cbdd83f8482c98cc74670a912563e5e523ab2c762830ebeeca4919186c6b
music8k_mureka_v9_72011,1,Mureka_v9,development,music8k_reference_72011,component_004329,30,44100,9a2752b28599e7e2ebd3524fd0d8f96156405ad65226f317c0d65067077aa7b7
music8k_mureka_v9_72058,1,Mureka_v9,development,music8k_reference_72058,component_004330,30,44100,b3daa0ba3665f8c9375d70ae29a403771fe0d7fcccb62332f5ce4c26eb333433
music8k_mureka_v9_72070,1,Mureka_v9,development,music8k_reference_72070,component_004331,30,44100,77dc167e38f91500931be93591212bc0e7adc6b9e6d6e9cc831a39063e9920bd
music8k_mureka_v9_72505,1,Mureka_v9,development,music8k_reference_72505,component_004332,30,44100,ed6559f111e23ce7a0229868024d6b0a847d4f39adc42de5c347aed9e082af4f
music8k_mureka_v9_73875,1,Mureka_v9,development,music8k_reference_73875,component_004333,30,44100,7a2e9b7ff342e78593a1cf5539a7f73ed5db439d57ab1f5ff1d35b0f3667b01b
music8k_mureka_v9_73876,1,Mureka_v9,development,music8k_reference_73876,component_004334,30,44100,1b9e091fefda8c91278c40cf03e466c02a3bc2e2517417d80f32bc54c89f348d
music8k_mureka_v9_741,1,Mureka_v9,development,music8k_reference_741,component_004335,30,44100,8fd8c92a6e237701fc9513776b9ee71e2d8f730a6a01f5e64e3960f281db881c
music8k_mureka_v9_74225,1,Mureka_v9,development,music8k_reference_74225,component_004336,30,44100,141d4d0dd7cd231df76e1361b670104b8e7bc1901156bdc8d9da65e4a898a6fb
music8k_mureka_v9_74345,1,Mureka_v9,development,music8k_reference_74345,component_004337,30,44100,287ae1d75ff2b80470e89b32023b2ba819bc0c0e194769a91596dd395034746d
music8k_mureka_v9_74788,1,Mureka_v9,development,music8k_reference_74788,component_004338,30,44100,1100a879ebecd7f748f68df65ec378e78493d16ce6138014595251c0924d0d21
music8k_mureka_v9_74801,1,Mureka_v9,development,music8k_reference_74801,component_004339,30,44100,ddead23d0de68a1564c99f685474f32901af78d7476a9e1d33a3af11048da510
music8k_mureka_v9_74830,1,Mureka_v9,development,music8k_reference_74830,component_004340,30,44100,f47ccdd9ac47716958e606ad808bb1c69576050fb6bbb0246841bc72bda5c21f
music8k_mureka_v9_75024,1,Mureka_v9,development,music8k_reference_75024,component_004341,30,44100,3d55fdd63e90af44f1185ab785229b5482d0ed177a3eacaa3af190587b7e5f5c
music8k_mureka_v9_75096,1,Mureka_v9,development,music8k_reference_75096,component_004342,30,44100,b6589194b3ca591c4aceaaa0d2c6c0284408c2db64d3f6182663edb7d1f18286
music8k_mureka_v9_75171,1,Mureka_v9,development,music8k_reference_75171,component_004343,30,44100,a38476608438a6ae1e93375b1d173b09121465d20b94a53b08546f1f20dc5856
music8k_mureka_v9_75226,1,Mureka_v9,development,music8k_reference_75226,component_004344,30,44100,0972f4b89d8454816cf6155d5b11193e7db5040a16451f59db590f016060a4b8
music8k_mureka_v9_75318,1,Mureka_v9,development,music8k_reference_75318,component_004345,30,44100,1b080570864d3d229a6b38c43e57dff84c589ceffa93444d10d4024a31b69a8c
music8k_mureka_v9_75886,1,Mureka_v9,development,music8k_reference_75886,component_004346,30,44100,94ffbf07944db455c01836a120376c3d617b7290eb3d55e8db9b1202cbf24699
music8k_mureka_v9_76918,1,Mureka_v9,development,music8k_reference_76918,component_004347,30,44100,ce92cb48485d8c554b44e9bf58570106ec778981ee9a4f99fcc1e46eabb4dd37
music8k_mureka_v9_76958,1,Mureka_v9,development,music8k_reference_76958,component_004348,30,44100,f6168944c9b9200bcb3e7dab538c1f211680332a6c5a20dfffb73e3e1f5367f0
music8k_mureka_v9_77463,1,Mureka_v9,development,music8k_reference_77463,component_004349,30,44100,61f9365fabaef954d12fe2f868059d2b495c0e4ff625b22fdbf84cb7800d6c4d
music8k_mureka_v9_77563,1,Mureka_v9,development,music8k_reference_77563,component_004350,30,44100,30d5660a04e70e85a40519ea6e4f08df567c8cf34619ca09600467e16c303a40
music8k_mureka_v9_77591,1,Mureka_v9,development,music8k_reference_77591,component_004351,30,44100,9d550f2345afda3dac80f9953fda9d1425cc6f768b99bedaa1e64e8374a3f73f
music8k_mureka_v9_778,1,Mureka_v9,development,music8k_reference_778,component_004352,30,44100,d362abceb3238e894b1cd38a226d3604626d861dee5a0da53366534911f9ff21
music8k_mureka_v9_77814,1,Mureka_v9,development,music8k_reference_77814,component_004353,30,44100,d23225ef235b82f76daf8fb83e7f08b2cbb6396ba07489072403a1331a3f68e6
music8k_mureka_v9_78195,1,Mureka_v9,development,music8k_reference_78195,component_004354,30,44100,a3e93e1e6ecee58293474d0ab2d5ca1948eac8d26bda45f859dc02b37e352c9a
music8k_mureka_v9_78337,1,Mureka_v9,development,music8k_reference_78337,component_004355,30,44100,9eade6ab254e413f9784ee251e986268ac3cb82c3a4a7828f333bb81990dc5f6
music8k_mureka_v9_78493,1,Mureka_v9,development,music8k_reference_78493,component_004356,30,44100,e4ef0ef6537a9f33f2181c6a392c6253d28ff2456197ffe7ed56e395ff52adf6
music8k_mureka_v9_78587,1,Mureka_v9,development,music8k_reference_78587,component_004357,30,44100,b38632c920aacf840d844ac94cb11f305ffa4b62131c1f581ce294705ba0f212
music8k_mureka_v9_78893,1,Mureka_v9,development,music8k_reference_78893,component_004358,30,44100,2d86ff123ee18c920e89c353692de984bd64b46e6b559d4614487561be7e8212
music8k_mureka_v9_78904,1,Mureka_v9,development,music8k_reference_78904,component_004359,30,44100,5c150eb7b588c5588ca6fc8f23f14ab860b3b30990a974476c285bd849a017e0
music8k_mureka_v9_78915,1,Mureka_v9,development,music8k_reference_78915,component_004360,30,44100,fb8ae047ddf8aca45a30da3b4287a3d9d923b8fcf752cc32f9f4e5b899caa98b
music8k_mureka_v9_78970,1,Mureka_v9,development,music8k_reference_78970,component_004361,30,44100,0a4071bd9d261765bb76f284ad7f2716c5d0a17eecb9b92ba270b4473fa359ca
music8k_mureka_v9_79340,1,Mureka_v9,development,music8k_reference_79340,component_004362,30,44100,080a9e4a725a4c29ce65a172da25335fc5d2d1847eb94e54ba532ed939a85fe9
music8k_mureka_v9_79347,1,Mureka_v9,development,music8k_reference_79347,component_004363,30,44100,4ca1bea05b243f610d533794a8bce09bcacf5fb2376347c5647949bcc292a7fd
music8k_mureka_v9_79784,1,Mureka_v9,development,music8k_reference_79784,component_004364,30,44100,bc7ebb0ec082312b05df41a0c05f43dc69680a491f7cbb87fc9202ae5b6252ac
music8k_mureka_v9_79861,1,Mureka_v9,development,music8k_reference_79861,component_004365,30,44100,a77e3cbad319b4f5724b42f88a4ed3aa433a76dae9441375d358cb2ad0f4a839
music8k_mureka_v9_79886,1,Mureka_v9,development,music8k_reference_79886,component_004366,30,44100,ea2748aef4f2ef7e189408b9e1cc1a9e45dae5b256ebccc7eb361171502c98ea
music8k_mureka_v9_80045,1,Mureka_v9,development,music8k_reference_80045,component_004367,30,44100,c51da67d516080fd24231fed332294307da3d2f789a756086ddab5abaff9407a
music8k_mureka_v9_80116,1,Mureka_v9,development,music8k_reference_80116,component_004368,30,44100,c311ed2143b2bfb12edc4e7d138b890a6535d711f584574418f5273ed49ff722
music8k_mureka_v9_80182,1,Mureka_v9,development,music8k_reference_80182,component_004369,30,44100,2cf196cfac95d2335cb85d5250f32977a5ebab0905e66f0c3375c2f33af81a19
music8k_mureka_v9_80664,1,Mureka_v9,development,music8k_reference_80664,component_004370,30,44100,4052d32c444f8c116a71898f0faf5c94cae645e928b9be7e6be4c9bc5046863c
music8k_mureka_v9_80940,1,Mureka_v9,development,music8k_reference_80940,component_004371,30,44100,134a727f1b7b19a7592f7e58f059cb744eaf96c9a0fa77d369af2f0c91459ecb
music8k_mureka_v9_80954,1,Mureka_v9,development,music8k_reference_80954,component_004372,30,44100,43be9a7d91538d945f4a278712ca81c2ef50ef507c422f7991add379dc1d9c10
music8k_mureka_v9_81447,1,Mureka_v9,development,music8k_reference_81447,component_004373,30,44100,489823578c5b155cb8dcfe9907a5c23ff7e55a8762dcc4a93584279d85150318
music8k_mureka_v9_81494,1,Mureka_v9,development,music8k_reference_81494,component_004374,30,44100,cff446e95f89e8e127edf65da52c08cc46ada33f83689c9f26d046c5b05e09f2
music8k_mureka_v9_81676,1,Mureka_v9,development,music8k_reference_81676,component_004375,30,44100,72af10b384ee2a680ddca8e2cdb9c63abd57dd9d9c06bc5580cf9e46efb6030f
music8k_mureka_v9_81932,1,Mureka_v9,development,music8k_reference_81932,component_004376,30,44100,0c5751f4c7399591ab652b72e281672a828df35839e0cccf59e8cac4cb66bfca
music8k_mureka_v9_82129,1,Mureka_v9,development,music8k_reference_82129,component_004377,30,44100,9b64fdc19abe3ed0dac558eb19874fa0cacf8cef329d81c4436976453e39b7b8
music8k_mureka_v9_82245,1,Mureka_v9,development,music8k_reference_82245,component_004378,30,44100,edae4542f1d65ee9102f154c1610b18f608a744a349268ac5f190f31ad1c6c07
music8k_mureka_v9_82288,1,Mureka_v9,development,music8k_reference_82288,component_004379,30,44100,9a6ae123f0cea87cd83cde1575d1f4b6583953be6c0dc469b2d4f30934b4bb22
music8k_mureka_v9_82672,1,Mureka_v9,development,music8k_reference_82672,component_004380,30,44100,cf9923c65336a3fa14712ed2605e0deea64bbf7f11de35e8cc6037460c6356ec
music8k_mureka_v9_82927,1,Mureka_v9,development,music8k_reference_82927,component_004381,30,44100,3af6880ad96885972ad6608cc766b908434d7baa2285b3c2a12bff3096fde1ee
music8k_mureka_v9_82971,1,Mureka_v9,development,music8k_reference_82971,component_004382,30,44100,521d8b5deda93c0f0abf413d2a5515ea283d1a8bff680dd70373684d83d875f7
music8k_mureka_v9_83155,1,Mureka_v9,development,music8k_reference_83155,component_004383,30,44100,eae8a110e0cc784f599415c3bdedbd549a31676ed2c9fd6ac596bb3256ed4841
music8k_mureka_v9_83183,1,Mureka_v9,development,music8k_reference_83183,component_004384,30,44100,535a3e2330ded1dcbeb305b003a7fbc7ae68f672c6cdbe38a7f246365a88d14e
music8k_mureka_v9_83216,1,Mureka_v9,development,music8k_reference_83216,component_004385,30,44100,d324bf803ec3e1d4a3b995e09cb3634375303addef8373b8df08942f3297ba7d
music8k_mureka_v9_83706,1,Mureka_v9,development,music8k_reference_83706,component_004386,30,44100,a799d48320d2f6997dff6b20896614f970d1220d8708529b0b0a1b02951e2708
music8k_mureka_v9_83709,1,Mureka_v9,development,music8k_reference_83709,component_004387,30,44100,1810b02c0c07538ba5e401ca4bfe937f6f5c13cc0b4460e9af95fd7e5e8d51f8
music8k_mureka_v9_84332,1,Mureka_v9,development,music8k_reference_84332,component_004388,30,44100,b85d20f8ae519a4013287430403991926300c4f39faefe11c8f69dbfdb7febd2
music8k_mureka_v9_84851,1,Mureka_v9,development,music8k_reference_84851,component_004389,30,44100,c08ae8af5540eb0ca873a965b5c370924acf5ce3097255b85eca9e65ba3b3261
music8k_mureka_v9_85008,1,Mureka_v9,development,music8k_reference_85008,component_004390,30,44100,931850f04a3a8d5f851304f7f307c80d720032bf78e7bff12f6098b3708a704a
music8k_mureka_v9_85038,1,Mureka_v9,development,music8k_reference_85038,component_004391,30,44100,8ca95e202f058cd03d15a3d05d4050cf65eedf2988327a9934a602af2d9513ac
music8k_mureka_v9_85173,1,Mureka_v9,development,music8k_reference_85173,component_004392,30,44100,f533abf5fe8905976f49f71862111a3642a25fba2a48c64aa9fb5fafb0dd6fb8
music8k_mureka_v9_85328,1,Mureka_v9,development,music8k_reference_85328,component_004393,30,44100,7d9269735b5f5117be95b7d779e01fb024924b2c6f541798e0b4c888e608cbbd
music8k_mureka_v9_85499,1,Mureka_v9,development,music8k_reference_85499,component_004394,30,44100,76741c414625f8c126cf1914b35f4b3404e483ad34935a62a892863e9e102a45
music8k_mureka_v9_85608,1,Mureka_v9,development,music8k_reference_85608,component_004395,30,44100,3bd4bc27e2e6c45886b4902bbd67a5e5720b9e8145299ce336327769b3568c77
music8k_mureka_v9_85621,1,Mureka_v9,development,music8k_reference_85621,component_004396,30,44100,b65ea1d05ad0b808212fa02d8daff386f4b6e3bd1cad1002f411eadf996b29bb
music8k_mureka_v9_86088,1,Mureka_v9,development,music8k_reference_86088,component_004397,30,44100,e8be2d3ef5d7c8100e90df235ef34915a2deba05f255f82ce12110190ddcbf28
music8k_mureka_v9_86431,1,Mureka_v9,development,music8k_reference_86431,component_004398,30,44100,65c31d19bf2b22af115668fd3638439acd0bfd5494778923579294a0752d754e
music8k_mureka_v9_87048,1,Mureka_v9,development,music8k_reference_87048,component_004399,30,44100,e17f5a90557a634d8a6d1a099b56a4b11fda121f2d0041dcefe16e54dff098ee
music8k_mureka_v9_87115,1,Mureka_v9,development,music8k_reference_87115,component_004400,30,44100,9c2e0292678fa00fe439f8ec894422f7b8254e0bd29f019782ec8fe31bb8d7b7
music8k_mureka_v9_87533,1,Mureka_v9,development,music8k_reference_87533,component_004401,30,44100,4004438807a76b06ecec1c067e66af150eb44715356e576c4e95ea8dbccaa343
music8k_mureka_v9_87562,1,Mureka_v9,development,music8k_reference_87562,component_004402,30,44100,91ac1c485ec8c4cac8d4abec07513764b475337d48f0c43dd35578b2631a1a23
music8k_mureka_v9_87854,1,Mureka_v9,development,music8k_reference_87854,component_004403,30,44100,1002c77734c293c4bbe5c167ccb14531180dc87c750795e1825dc7406aeb49c2
music8k_mureka_v9_87881,1,Mureka_v9,development,music8k_reference_87881,component_004404,30,44100,3b2611da9a9535687b09a824e1245c60d137672f03c8688488c5ae2a5822253a
music8k_mureka_v9_87887,1,Mureka_v9,development,music8k_reference_87887,component_004405,30,44100,839e98d483088aa8ecf717dbd2e520933ad94aa91d22f9ecf60b571468c78826
music8k_mureka_v9_87901,1,Mureka_v9,development,music8k_reference_87901,component_004406,30,44100,872ba0ef295f24e48a5736f05077d5ee5639abc26de1979aa921d5b183d9fcf7
music8k_mureka_v9_88744,1,Mureka_v9,development,music8k_reference_88744,component_004407,30,44100,d4cd9b5ac6a92680b308e03f223cdbd34d98aa7c6424df27c1cf53808b39abee
music8k_mureka_v9_88774,1,Mureka_v9,development,music8k_reference_88774,component_004408,30,44100,8c12a766e0bdc396ddd366a1796180eb69376a0f253b08d62e30e247e2e007ef
music8k_mureka_v9_88796,1,Mureka_v9,development,music8k_reference_88796,component_004409,30,44100,4d2dc97f0694baa33ec48b1f55b5e5f301bda3ecf4aea51c1600c875f81a4305
music8k_mureka_v9_88847,1,Mureka_v9,development,music8k_reference_88847,component_004410,30,44100,0fcfd790240d5dd6aa7a32980e58563a2ee6675f2ac1a9a521ae6369a4bae18a
music8k_mureka_v9_88874,1,Mureka_v9,development,music8k_reference_88874,component_004411,30,44100,122ad00fec18ab54af5b350eeaddae595ca45331b93893d61c3c48699c6c320c
music8k_mureka_v9_89233,1,Mureka_v9,development,music8k_reference_89233,component_004412,30,44100,003f820255043454392f91ae783fabd65292c901b44638dd6e44e2558ce5f056
music8k_mureka_v9_89398,1,Mureka_v9,development,music8k_reference_89398,component_004413,30,44100,c94e2efd34e148c9409962ddcb852cf63a09cba1011f2226ee62fd1c4842ffa4
music8k_mureka_v9_89666,1,Mureka_v9,development,music8k_reference_89666,component_004414,30,44100,bcac7e20b475945f2b24745caeecb326642def2369a5b40d54f2882403a5084e
music8k_mureka_v9_89740,1,Mureka_v9,development,music8k_reference_89740,component_004415,30,44100,384781b9d567ab9ec546c69511bed5050a187be92f894bcf3e0483139f8cd03c
music8k_mureka_v9_89900,1,Mureka_v9,development,music8k_reference_89900,component_004416,30,44100,466cb16e77376b760443464e00256c4b69874b16fd8390bd69494bd757286cb7
music8k_mureka_v9_90018,1,Mureka_v9,development,music8k_reference_90018,component_004417,30,44100,64e8002ee5c45ee601ad918f3c19dc5e5891e0643c733aa7f4baa6374b51c428
music8k_mureka_v9_90025,1,Mureka_v9,development,music8k_reference_90025,component_004418,30,44100,638d7d7a248f7cb4fa0025d7c59eb75b67993167b7fdcf3c4bc89ebc0ee2dda9
music8k_mureka_v9_90042,1,Mureka_v9,development,music8k_reference_90042,component_004419,30,44100,4aa75f11147bfa1ad4e15a25529d0b551e0e46be0987a05d71066beaa776d3df
music8k_mureka_v9_90067,1,Mureka_v9,development,music8k_reference_90067,component_004420,30,44100,03cf82a175b941d3b736d19fa20d313b6cdd6ecff3ff4b14a5fb2943d443833d
music8k_mureka_v9_90495,1,Mureka_v9,development,music8k_reference_90495,component_004421,30,44100,fd6638554423da28b320104ac1d75daa6ecd7f7362ecb23b514d0bdfaa11cbb9
music8k_mureka_v9_90702,1,Mureka_v9,development,music8k_reference_90702,component_004422,30,44100,d41e59227be70df41943502e88f44bd7a676895db0ee7cb3602880c6caae0a39
music8k_mureka_v9_90735,1,Mureka_v9,development,music8k_reference_90735,component_004423,30,44100,8b2d6a20bfefb81ed1d230d4baec324791fa926dff382cced2ec69c22e7737a8
music8k_mureka_v9_90736,1,Mureka_v9,development,music8k_reference_90736,component_004424,30,44100,e90422021a9d1bb96b5c4f6e77c62d412add135c0bc1105343f9b9bccccdf635
music8k_mureka_v9_90811,1,Mureka_v9,development,music8k_reference_90811,component_004425,30,44100,5f6da7055ac7dbc641aa192226e5a2a57196df0c181604d936797bce379354d8
music8k_mureka_v9_90914,1,Mureka_v9,development,music8k_reference_90914,component_004426,30,44100,736d0ace6bd9ec9292482bf901bc78b06a0d082d6c2ce39a48a430f6f70545b3
music8k_mureka_v9_91017,1,Mureka_v9,development,music8k_reference_91017,component_004427,30,44100,892cd8da31f00d0f679c9055235ca92862d91758a4c24b9b45386f98fafd519e
music8k_mureka_v9_911,1,Mureka_v9,development,music8k_reference_911,component_004428,30,44100,0216d4c5e7184443b143567c1d933a2c533be2e7107fd8233e211ad9b7bf68dd
music8k_mureka_v9_91146,1,Mureka_v9,development,music8k_reference_91146,component_004429,30,44100,e388e6df73ca7714ab177aa88de2d376be68890b4e89cdf5d5c3d968bf7d86c1
music8k_mureka_v9_91174,1,Mureka_v9,development,music8k_reference_91174,component_004430,30,44100,acb9f190ecfbb13be5b2175bf53727741770f463d4baa3c7c2a49525ac6e513b
music8k_mureka_v9_916,1,Mureka_v9,development,music8k_reference_916,component_004431,30,44100,a2d5e378b075ea2930e1eca73eee50609c7c00e8df384900986c2354177406f9
music8k_mureka_v9_91963,1,Mureka_v9,development,music8k_reference_91963,component_004432,30,44100,2dac591d45d2347bfde3a2572fc70dd23bfca903e3fc1d5cfee9ab2d5ff9b67a
music8k_mureka_v9_91976,1,Mureka_v9,development,music8k_reference_91976,component_004433,30,44100,4880e9d87d4ed57ee72a2ebed5e606fed7c28ee3ebdbdacae33158b9de4ef9ad
music8k_mureka_v9_92043,1,Mureka_v9,development,music8k_reference_92043,component_004434,30,44100,cf1b3c94d40cc3a7fced4e08e0c19829a5261c891c9e92268d4e9635fa87ec79
music8k_mureka_v9_92093,1,Mureka_v9,development,music8k_reference_92093,component_004435,30,44100,d9a43e8d05c2194e63a79196d8e46293b06bfc555b574f624531feb440e8c95e
music8k_mureka_v9_92811,1,Mureka_v9,development,music8k_reference_92811,component_004436,30,44100,900034277dcb0e64f6e9b8f131e8dc6811d42daa4c892e719f3ac650413d1f82
music8k_mureka_v9_92844,1,Mureka_v9,development,music8k_reference_92844,component_004437,30,44100,6de06ff2979b98a763f5e58d780006ee4a50f3d664dc81113a873df935941e0b
music8k_mureka_v9_92862,1,Mureka_v9,development,music8k_reference_92862,component_004438,30,44100,72fb29298c154b0d0cb089294053f490dad0c9f92233153d5911bb3e60af8a36
music8k_mureka_v9_92972,1,Mureka_v9,development,music8k_reference_92972,component_004439,30,44100,65d4081ed28dd0caf1c11c469234b961b764cfd4a74cf34a7120ee5092e64b3f
music8k_mureka_v9_93158,1,Mureka_v9,development,music8k_reference_93158,component_004440,30,44100,47cd5fa445ffbb2dfdc40270f0cd4479c7a2d14a5fc204e1d138138d59ff4789
music8k_mureka_v9_93221,1,Mureka_v9,development,music8k_reference_93221,component_004441,30,44100,93d86ce03f3a13af35acf8271106e9b56c2de63bee2ad2509c415feb886f867a
music8k_mureka_v9_93223,1,Mureka_v9,development,music8k_reference_93223,component_004442,30,44100,5711f617467d7e987f491c340cbc564e7193a540134d70daf4ac584bedaef181
music8k_mureka_v9_93344,1,Mureka_v9,development,music8k_reference_93344,component_004443,30,44100,db6e9eccb64719687af69e8b4aaeab98dab12b352ce54f2d13222fb6b7099010
music8k_mureka_v9_93347,1,Mureka_v9,development,music8k_reference_93347,component_004444,30,44100,1bb079cffb02053a5ce159f2dbc0119c0838f67863f5084ffa20ddbdf918e973
music8k_mureka_v9_93355,1,Mureka_v9,development,music8k_reference_93355,component_004445,30,44100,f82f6a38ac8b1f2ed61b0c53aaf88051ae150928db0db3cd0cbc99820a8503a5
music8k_mureka_v9_93364,1,Mureka_v9,development,music8k_reference_93364,component_004446,30,44100,3de620e79b259ff2c8d3b7dfd5f584086a620dd0adfa238ea3440339a03ca1e0
music8k_mureka_v9_93731,1,Mureka_v9,development,music8k_reference_93731,component_004447,30,44100,a3cc0fbd010a00f29e0f98dd75c65fa5a7aeddff451bb93a5b86342d001a41f6
music8k_mureka_v9_93822,1,Mureka_v9,development,music8k_reference_93822,component_004448,30,44100,c40a53cb7523fb156df0f636312c13e3bd2ead1c99bb077b3faa23c0e9e9512f
music8k_mureka_v9_93903,1,Mureka_v9,development,music8k_reference_93903,component_004449,30,44100,785e803c275581eb4dab0a13b8288218e33fd94772893416cd808a5f212b240c
music8k_mureka_v9_94009,1,Mureka_v9,development,music8k_reference_94009,component_004450,30,44100,80d91b0751cd3d901fbe73f8f9b316fc9335234861f1c4ef97530d27f8233640
music8k_mureka_v9_94031,1,Mureka_v9,development,music8k_reference_94031,component_004451,30,44100,5438a55603e921c49278a9c0d59d8c63f1829ee1bd4e5954187a74eba549ebc9
music8k_mureka_v9_94571,1,Mureka_v9,development,music8k_reference_94571,component_004452,30,44100,88049d8fac009d64660148d82be4095825ea2d2264daa2bf1b84c846985e1287
music8k_mureka_v9_94616,1,Mureka_v9,development,music8k_reference_94616,component_004453,30,44100,f557072fe881116927089f9c6a5678823438e6753d3430af389a41e2232bede2
music8k_mureka_v9_95961,1,Mureka_v9,development,music8k_reference_95961,component_004454,30,44100,250f3219ab759b5e0f7b4dd7f94b7cdfc4cba28dfbb9b23a23d0baba71cce0b1
music8k_mureka_v9_96195,1,Mureka_v9,development,music8k_reference_96195,component_004455,30,44100,ab87ffd8e69444c447b9a8a8d887922843149a398d2a44eb721a312a27d7b6de
music8k_mureka_v9_96250,1,Mureka_v9,development,music8k_reference_96250,component_004456,30,44100,b0728f4839b8c1cad57cf6799fbc5c5ec0a998d5e8102557823912ec0f356f10
music8k_mureka_v9_96551,1,Mureka_v9,development,music8k_reference_96551,component_004457,30,44100,9b0ab8b0e91dd934f0f2e574ba04986bc919af27bac3968826df16311aa09ee2
music8k_mureka_v9_96849,1,Mureka_v9,development,music8k_reference_96849,component_004458,30,44100,96e10b1f4ae64b9a6afac45b2c48746d8cd573606b8b37e53f0a4860aa4a5353
music8k_mureka_v9_96937,1,Mureka_v9,development,music8k_reference_96937,component_004459,30,44100,2a750a621c3c36e7b9413cf0524ddadee57f5f5e6fa0ef607ec9b6bf01b2ad5a
music8k_mureka_v9_97100,1,Mureka_v9,development,music8k_reference_97100,component_004460,30,44100,52df0557cdb52078915df381ff9312f3e434fb9514eac0d6d274568b66311750
music8k_mureka_v9_97136,1,Mureka_v9,development,music8k_reference_97136,component_004461,30,44100,d4d0182a718ec29fdc51b0f9d808d71eef0f54c69817829b75c78ddfbb470f31
music8k_mureka_v9_97175,1,Mureka_v9,development,music8k_reference_97175,component_004462,30,44100,ace4d4ae68b51a1014a2a508e1d802c3d6ea917a06130f64e334d5fa66cafb97
music8k_mureka_v9_97195,1,Mureka_v9,development,music8k_reference_97195,component_004463,30,44100,7904f2874b968edb82c1f851ab1a9d14b29f9253735a4c8a91d31438c3ed5ec8
music8k_mureka_v9_97355,1,Mureka_v9,development,music8k_reference_97355,component_004464,30,44100,6db3390c4ec791d52db7721c34eb4a460610ff7c2ad6e9d7c3dd28fc2d5dbea5
music8k_mureka_v9_97769,1,Mureka_v9,development,music8k_reference_97769,component_004465,30,44100,edb14c3ff384b980547801930b79af60adeaddb5cd76b8bf04ab288664b7ab63
music8k_mureka_v9_97974,1,Mureka_v9,development,music8k_reference_97974,component_004466,30,44100,a28821048a5b5535ff6c130038fe6252b75984ebeb7b05eb7663e203726cacd3
music8k_mureka_v9_98048,1,Mureka_v9,development,music8k_reference_98048,component_004467,30,44100,c457f23259a25f1d287aef67f696a43ba8fc0a0d76486b7c230c3f0005dd8f1e
music8k_mureka_v9_98192,1,Mureka_v9,development,music8k_reference_98192,component_004468,30,44100,5b49daee440353f3272e7a388646877f4f0083bc2ff1409b4867e3ffc056cbee
music8k_mureka_v9_98310,1,Mureka_v9,development,music8k_reference_98310,component_004469,30,44100,78630e62851e83b81f20be2e54e8b52dd033dab8d8f0a7c118a1d23a22f88fdc
music8k_mureka_v9_98339,1,Mureka_v9,development,music8k_reference_98339,component_004470,30,44100,2c7975abc1b0a6ea0287e88bf0b5c7653980ff30a807991e3d723eafe6f23b91
music8k_mureka_v9_98477,1,Mureka_v9,development,music8k_reference_98477,component_004471,30,44100,8317c87c230c38ccd91d15142ee9fa68cf1b1bca7a487d94868f532f16d9f745
music8k_mureka_v9_98603,1,Mureka_v9,development,music8k_reference_98603,component_004472,30,44100,2245f0aab48425f5e3f2b4c26f148f94ecc9f3ff75b93ff1bdb3820d5be91cc7
music8k_mureka_v9_98626,1,Mureka_v9,development,music8k_reference_98626,component_004473,30,44100,e06abe0974b32b3668c4be4aba19e75f69cd6f2dde8c4dbdd63c14c3bc8fa391
music8k_mureka_v9_98773,1,Mureka_v9,development,music8k_reference_98773,component_004474,30,44100,9f00b60706ddc720c9e9733332bcf7f5573ae2d232e6e1ee2a8698a8e5691dd6
music8k_mureka_v9_98799,1,Mureka_v9,development,music8k_reference_98799,component_004475,30,44100,2f00abf2f66097023dc70a46724eb445f6b8a7c7cdd5822eb50dd85bb0c3324e
music8k_mureka_v9_99403,1,Mureka_v9,development,music8k_reference_99403,component_004476,30,44100,f0c5a98b4ce959e82727cc5f1852cfde98f0cc65508c9489148c198b21ff323c
music8k_mureka_v9_99667,1,Mureka_v9,development,music8k_reference_99667,component_004477,30,44100,92a3e37fbaff5fc6278f52bdf9f3b5b84bd4e03c2cf15440f04aeb48f41dd225
music8k_mureka_v9_99845,1,Mureka_v9,development,music8k_reference_99845,component_004478,30,44100,d5b1dd8882dbaf61ff0eb0eb83fbe2fa0300e41176bac957349b3e198cda972e
music8k_mureka_v9_99959,1,Mureka_v9,development,music8k_reference_99959,component_004479,30,44100,2028eeb894b47dd1aadf36c3d902b1f58dc5f391ddebb27626473fcb02f01a68
saraga_hindustani_001932a8-85a2-4f3f-9497-5e322c85abcd,0,human_saraga_hindustani_v1,development,saraga_group_245d3d04e2a4e1f262cc6e7159ae3c2238e617fd9da5b6387d1c2ffe6ec3bdd1,component_004480,30,44100,71e321ce02b8505a63f5140a5a3748647d730543748ddab07aacafdc71010d97
saraga_hindustani_01c69de7-7aea-4e54-bc2b-bdd7758c650c,0,human_saraga_hindustani_v1,development,saraga_group_245d3d04e2a4e1f262cc6e7159ae3c2238e617fd9da5b6387d1c2ffe6ec3bdd1,component_004480,30,44100,c91b33b3b3011718c44114eec558170daa4d7e45e059bd76cc31d41c8af1dfb6
saraga_hindustani_047abeeb-88f5-4395-8542-f7448668a281,0,human_saraga_hindustani_v1,development,saraga_group_245d3d04e2a4e1f262cc6e7159ae3c2238e617fd9da5b6387d1c2ffe6ec3bdd1,component_004480,30,44100,8d6d7c3447b16814721edd77a432490036e58b89382bb86db805e507c1ba01a7
saraga_hindustani_0a11bf6f-b55d-459c-9447-7a5a555a286f,0,human_saraga_hindustani_v1,development,saraga_group_f539e6fed6333c44b3cfcad12502da0518679f43cbbf44d2dd8bcce8013ab075,component_004481,30,44100,79d80a83ab4cd7d1278e5ee85f055962603da204cf36044a142d35e20920e77f
saraga_hindustani_0bdad2a8-94d8-40c2-91ec-e77100fcaa02,0,human_saraga_hindustani_v1,development,saraga_group_245d3d04e2a4e1f262cc6e7159ae3c2238e617fd9da5b6387d1c2ffe6ec3bdd1,component_004480,30,44100,4fb7887f5bfe7b1d44f93abb642ddb402c7390c7fa9529f3c099073a8d007bb3
saraga_hindustani_0bf5e46b-2434-496e-a1b2-cbf3273fdbdf,0,human_saraga_hindustani_v1,development,saraga_group_9fb9228aeee8407334c6d34665f1447129af49b7d787e98997a1992641c73073,component_004482,30,44100,2e8e7f2244dad476795df624b0ce662c7624ca1a81ffe6a252c472aa2b03432e
saraga_hindustani_0f84aacf-9703-46ab-b5cd-2f8c6bd82b29,0,human_saraga_hindustani_v1,development,saraga_group_9fb9228aeee8407334c6d34665f1447129af49b7d787e98997a1992641c73073,component_004482,30,44100,8f0b10c427602ddfc82ceb93e782a1d475b7ce3c3b11e81d3dd5da799e93cf78
saraga_hindustani_15906c20-4376-46a0-a0d5-7093216f4534,0,human_saraga_hindustani_v1,development,saraga_group_9fb9228aeee8407334c6d34665f1447129af49b7d787e98997a1992641c73073,component_004482,30,44100,9b56574d3ee4467bbcc70f7d5a1caaec17612f3cd41e4d786c75332eb1c69205
saraga_hindustani_15b6df7e-2b76-484d-9089-1619cc850b59,0,human_saraga_hindustani_v1,development,saraga_group_245d3d04e2a4e1f262cc6e7159ae3c2238e617fd9da5b6387d1c2ffe6ec3bdd1,component_004480,30,48000,08aace30bdd82d263ba522774989a7ca5aa54ff5c1610f3ee3aeef23755b661c
saraga_hindustani_1a311323-791b-46fa-ab59-b749adcd18e1,0,human_saraga_hindustani_v1,development,saraga_group_245d3d04e2a4e1f262cc6e7159ae3c2238e617fd9da5b6387d1c2ffe6ec3bdd1,component_004480,30,48000,3631b50c89d20f7ab5fe4294da04d47dea7e2a1649290dd14f223990bbf1e767
saraga_hindustani_1da7a284-99d3-46be-9537-13e2edf8d928,0,human_saraga_hindustani_v1,development,saraga_group_245d3d04e2a4e1f262cc6e7159ae3c2238e617fd9da5b6387d1c2ffe6ec3bdd1,component_004480,30,44100,b98927a808b6268e9697f3fda35c8f692c867de1690d90a9e8264b47d35d374d
saraga_hindustani_1f9922a5-0366-4461-96ac-81a31703416b,0,human_saraga_hindustani_v1,development,saraga_group_245d3d04e2a4e1f262cc6e7159ae3c2238e617fd9da5b6387d1c2ffe6ec3bdd1,component_004480,30,44100,6fa85cc6399068646088df9a20de0af3b7a85cf892b4f462613596dddf240866
saraga_hindustani_204008ee-89fe-44a4-a0c7-7bd7d64cf8a4,0,human_saraga_hindustani_v1,development,saraga_group_245d3d04e2a4e1f262cc6e7159ae3c2238e617fd9da5b6387d1c2ffe6ec3bdd1,component_004480,30,44100,171555ba83c5c30fb46d726b45a31bdefad424ef4224cff590dab013cf053953
saraga_hindustani_20aac96e-9e62-41e9-a3ce-5e6f2d7fff1a,0,human_saraga_hindustani_v1,development,saraga_group_f539e6fed6333c44b3cfcad12502da0518679f43cbbf44d2dd8bcce8013ab075,component_004481,30,44100,27ef4bab2011bd7fcf07e801cfe758bc07f924890ab3ba3bc3ecb3b269d1dec0
saraga_hindustani_274262a7-58b8-455a-a6f5-91a421453c3e,0,human_saraga_hindustani_v1,development,saraga_group_245d3d04e2a4e1f262cc6e7159ae3c2238e617fd9da5b6387d1c2ffe6ec3bdd1,component_004480,30,44100,cd037674d3880634337a109ee95424ce946e90388c31d987203e6ccff97e12ed
saraga_hindustani_2e5c159d-3dea-4a47-b871-76536866d643,0,human_saraga_hindustani_v1,development,saraga_group_245d3d04e2a4e1f262cc6e7159ae3c2238e617fd9da5b6387d1c2ffe6ec3bdd1,component_004480,30,44100,f2bbbd2a3357d03b25a267adf1ae6e73373e4fb90b817e9ec68fec975845e2f3
saraga_hindustani_3124479b-5118-4cf3-823f-8fefad45e586,0,human_saraga_hindustani_v1,development,saraga_group_245d3d04e2a4e1f262cc6e7159ae3c2238e617fd9da5b6387d1c2ffe6ec3bdd1,component_004480,30,44100,e63a8282ad13b9a72feb18a332e21a9c856bba9f776f1afc801da3a998e81393
saraga_hindustani_34c7f5c5-cd81-4a53-ae65-90c97f9effd2,0,human_saraga_hindustani_v1,development,saraga_group_f539e6fed6333c44b3cfcad12502da0518679f43cbbf44d2dd8bcce8013ab075,component_004481,30,44100,afe97a3596ebed7848d0599ca0cb48e1a08ea2f4fc802a31778126676cb5464d
saraga_hindustani_3a75a312-b119-41f8-8a5a-e799ebeed0cc,0,human_saraga_hindustani_v1,development,saraga_group_245d3d04e2a4e1f262cc6e7159ae3c2238e617fd9da5b6387d1c2ffe6ec3bdd1,component_004480,30,44100,4f8c90d25022d8e90b51b8d2080e6a7acc733bbf6a4fd4ea45f614dc8c0cb3d0
saraga_hindustani_3e2b9a68-43dc-45aa-b021-f4f6b3cb6171,0,human_saraga_hindustani_v1,development,saraga_group_9fb9228aeee8407334c6d34665f1447129af49b7d787e98997a1992641c73073,component_004482,30,44100,a7ec4b6d1f4f33a46e9ff5a4138b36bbab315d3365067423abe75ecd4798d1d0
saraga_hindustani_3f162361-c4fa-46f9-bc56-58242d978449,0,human_saraga_hindustani_v1,development,saraga_group_f539e6fed6333c44b3cfcad12502da0518679f43cbbf44d2dd8bcce8013ab075,component_004481,30,44100,ccf512521f95159bb4834d05a43ebadbebc2d6216a6a56d8f03ceba62eb09dce
saraga_hindustani_43957847-9bdd-4f81-a540-3db26a0ad652,0,human_saraga_hindustani_v1,development,saraga_group_245d3d04e2a4e1f262cc6e7159ae3c2238e617fd9da5b6387d1c2ffe6ec3bdd1,component_004480,30,44100,f31c2c9eda125ba199077125be85b55baf5cc3250fcc4cc1fee512579512e21e
saraga_hindustani_44e9d183-06d3-41c7-81d2-4c874010f383,0,human_saraga_hindustani_v1,development,saraga_group_9fb9228aeee8407334c6d34665f1447129af49b7d787e98997a1992641c73073,component_004482,30,44100,bd01473ae1753e82cf73babf75c0c40d44865dd38661e767d430fc5082822209
saraga_hindustani_454f0c85-a41b-48c1-afa5-b4f5dbcb7947,0,human_saraga_hindustani_v1,development,saraga_group_245d3d04e2a4e1f262cc6e7159ae3c2238e617fd9da5b6387d1c2ffe6ec3bdd1,component_004480,30,44100,aadad926147ce987ee66484ed6ba67d5e5464488ebe5c97ba466dba9586bb0c6
saraga_hindustani_456b18c5-e88b-49b2-ab3e-bcf7cb2d093a,0,human_saraga_hindustani_v1,development,saraga_group_245d3d04e2a4e1f262cc6e7159ae3c2238e617fd9da5b6387d1c2ffe6ec3bdd1,component_004480,30,48000,a06b485e402b0c704ae1e0a3142b8b37b244344e4784037484d0cb564b2f815e
saraga_hindustani_49747cb6-7edc-43aa-bf15-44a6043f6472,0,human_saraga_hindustani_v1,development,saraga_group_056a9ed2a5c2b644cc585f47a0aa7c889e7c4843701f59e9ca0db3c3df58e984,component_004483,30,44100,d9f5f1b73401a02c0562052befbfc823fd2b01b4c5584cbb546fdf3a9dd922cf
saraga_hindustani_51656b20-295c-40f9-8dab-005b9b90fa98,0,human_saraga_hindustani_v1,development,saraga_group_245d3d04e2a4e1f262cc6e7159ae3c2238e617fd9da5b6387d1c2ffe6ec3bdd1,component_004480,30,44100,7df5f9732c52b7b20ef91c91e3930742411ac813f666611a546013241b65c111
saraga_hindustani_52944bc0-4639-4760-be76-f2720a20be81,0,human_saraga_hindustani_v1,development,saraga_group_056a9ed2a5c2b644cc585f47a0aa7c889e7c4843701f59e9ca0db3c3df58e984,component_004483,30,44100,0197d4c4197fefc37d268e192701cba823f29899229a8b17d9fecc42e305fd4f
saraga_hindustani_52d71bd6-1d8b-4007-a027-5732adf68355,0,human_saraga_hindustani_v1,development,saraga_group_245d3d04e2a4e1f262cc6e7159ae3c2238e617fd9da5b6387d1c2ffe6ec3bdd1,component_004480,30,44100,0804d5793ba6252e3760621adebbfb3c54c4fb6afbf2c3ec7320163557b80666
saraga_hindustani_566d6c64-ae66-45e7-9f91-e33cd6c0f18f,0,human_saraga_hindustani_v1,development,saraga_group_245d3d04e2a4e1f262cc6e7159ae3c2238e617fd9da5b6387d1c2ffe6ec3bdd1,component_004480,30,44100,f910f992977ed07c9c5078d6613093612961252b62bdce8240e99521eabcd5ab
saraga_hindustani_57b81628-b37d-4fee-991a-4f2387bca45a,0,human_saraga_hindustani_v1,development,saraga_group_245d3d04e2a4e1f262cc6e7159ae3c2238e617fd9da5b6387d1c2ffe6ec3bdd1,component_004480,30,44100,422b422d4c29686e4ad420e9ce0d228394385d82ed5d77badf60fc2497d31f2b
saraga_hindustani_59b4daa8-bc31-446d-9f1d-670d5adec627,0,human_saraga_hindustani_v1,development,saraga_group_245d3d04e2a4e1f262cc6e7159ae3c2238e617fd9da5b6387d1c2ffe6ec3bdd1,component_004480,30,44100,7f455f00f2bb63577a0935bbf4bd98c13df54c31ed37bb69cc0f54de1dae54de
saraga_hindustani_5d56b3ab-99d1-48c3-a785-269d74ccc944,0,human_saraga_hindustani_v1,development,saraga_group_245d3d04e2a4e1f262cc6e7159ae3c2238e617fd9da5b6387d1c2ffe6ec3bdd1,component_004480,30,44100,7ff0af846d8b6e38ed13f0fb75b33771b0e51e5e061b3e73b04f73b430c874d6
saraga_hindustani_62c7a9e6-e720-4cec-98cf-dda45c28bc0e,0,human_saraga_hindustani_v1,development,saraga_group_245d3d04e2a4e1f262cc6e7159ae3c2238e617fd9da5b6387d1c2ffe6ec3bdd1,component_004480,30,48000,e87142d4e81f0884ff8b2ae61de8d04be10b37901ae0da59cc89e37f0eeff7be
saraga_hindustani_631bde83-42e4-4c04-b260-3dbbd5b03799,0,human_saraga_hindustani_v1,development,saraga_group_245d3d04e2a4e1f262cc6e7159ae3c2238e617fd9da5b6387d1c2ffe6ec3bdd1,component_004480,30,44100,2019bbf98edb03aa578e7660570acb6749ebe3481561deb7bc6da18672d72cc4
saraga_hindustani_66084e18-2dec-44bf-8bcb-48bf040b9318,0,human_saraga_hindustani_v1,development,saraga_group_9fb9228aeee8407334c6d34665f1447129af49b7d787e98997a1992641c73073,component_004482,30,44100,698bb4fdc4229c32950818a72133896950680a8ba59efbc1d4dbe9190c57be98
saraga_hindustani_6a2c841d-5a0e-4886-a5c0-f856fccbb938,0,human_saraga_hindustani_v1,development,saraga_group_245d3d04e2a4e1f262cc6e7159ae3c2238e617fd9da5b6387d1c2ffe6ec3bdd1,component_004480,30,44100,83dfc3058c98d140dfe4ab85a2937e2a6697a4fefb7fcc2be472f87f18bdc4b7
saraga_hindustani_6ac112dd-b04f-4ad8-9913-1a1bfc35c5ec,0,human_saraga_hindustani_v1,development,saraga_group_245d3d04e2a4e1f262cc6e7159ae3c2238e617fd9da5b6387d1c2ffe6ec3bdd1,component_004480,30,44100,94af4453e5fa23b7dabfdd855fc0111fe8eae35cbe044488ac401550d206f410
saraga_hindustani_6bb27c39-a1d0-4775-8915-662044c43352,0,human_saraga_hindustani_v1,development,saraga_group_056a9ed2a5c2b644cc585f47a0aa7c889e7c4843701f59e9ca0db3c3df58e984,component_004483,30,44100,5f0b76f18c10c01e0c0dea2f34cf31c5da00a6db978e8c80462ca014173e6cda
saraga_hindustani_6e377364-69ab-48fb-a90c-0661429cfdec,0,human_saraga_hindustani_v1,development,saraga_group_245d3d04e2a4e1f262cc6e7159ae3c2238e617fd9da5b6387d1c2ffe6ec3bdd1,component_004480,30,44100,88f129640c153e46372531f79835c42733e3ceed176be2b8af3c5d9e851df3ca
saraga_hindustani_73b74f57-4ba1-4f22-a969-1d9b2e26b5ea,0,human_saraga_hindustani_v1,development,saraga_group_245d3d04e2a4e1f262cc6e7159ae3c2238e617fd9da5b6387d1c2ffe6ec3bdd1,component_004480,30,44100,bad76aeca55d11ea75aa084325099d8d326d4e8c7ee57063911db36567abea8e
saraga_hindustani_7704b0d2-eeac-47e4-ba05-c541a91eb621,0,human_saraga_hindustani_v1,development,saraga_group_245d3d04e2a4e1f262cc6e7159ae3c2238e617fd9da5b6387d1c2ffe6ec3bdd1,component_004480,30,44100,2431749bc83f8a392abfd5d2195c04e5777dcf7ab38d071211212456a9a2aeee
saraga_hindustani_78e3eb01-f033-4461-9a3f-3ffbdf0834fb,0,human_saraga_hindustani_v1,development,saraga_group_245d3d04e2a4e1f262cc6e7159ae3c2238e617fd9da5b6387d1c2ffe6ec3bdd1,component_004480,30,48000,12e010b74a24ecbb080ac60538087f934a1acccbc061ba7f88addd7818d8133e
saraga_hindustani_80d7ae8a-c78b-4469-a3de-b1271df8c50f,0,human_saraga_hindustani_v1,development,saraga_group_245d3d04e2a4e1f262cc6e7159ae3c2238e617fd9da5b6387d1c2ffe6ec3bdd1,component_004480,30,44100,3388cd81211440776cf0921b0479c1d16b9ace6b889fc8dd03bc3626ccb6ebfa
saraga_hindustani_82f80a73-a455-408a-a1bd-241b4b4f2388,0,human_saraga_hindustani_v1,development,saraga_group_245d3d04e2a4e1f262cc6e7159ae3c2238e617fd9da5b6387d1c2ffe6ec3bdd1,component_004480,30,44100,c1a27f8db27d2d377e30692b1d5872156f136c5e7d82f981de12c3cad4994c5c
saraga_hindustani_89224046-f086-4530-b2a3-70f9ae697faf,0,human_saraga_hindustani_v1,development,saraga_group_245d3d04e2a4e1f262cc6e7159ae3c2238e617fd9da5b6387d1c2ffe6ec3bdd1,component_004480,30,44100,f17c4540c5372c2a471f1ecd583afae2251efcaf85e7b2035a915dff2e815f74
saraga_hindustani_897f4174-24be-493a-be1c-57fd3c018601,0,human_saraga_hindustani_v1,development,saraga_group_056a9ed2a5c2b644cc585f47a0aa7c889e7c4843701f59e9ca0db3c3df58e984,component_004483,30,44100,ab029a0b8718dc6aecd043ac1ed30e9daffed0ee21cc44cd5522f6367fec7485
saraga_hindustani_8e815f51-194f-4e14-b1e3-5a214590d895,0,human_saraga_hindustani_v1,development,saraga_group_245d3d04e2a4e1f262cc6e7159ae3c2238e617fd9da5b6387d1c2ffe6ec3bdd1,component_004480,30,44100,a2234ae2e869e72fecfd4eddf4fa950781f387144e6a78e5494d976e7288a29d
saraga_hindustani_8eaaeecc-159b-4537-993c-51e62219f88a,0,human_saraga_hindustani_v1,development,saraga_group_9fb9228aeee8407334c6d34665f1447129af49b7d787e98997a1992641c73073,component_004482,30,44100,98c3c8da36e33df226598282ede90b41d06863ac3dfaedd7cba0a88d59064674
saraga_hindustani_928a430e-813e-48b0-8a23-566e74aa8dc9,0,human_saraga_hindustani_v1,development,saraga_group_245d3d04e2a4e1f262cc6e7159ae3c2238e617fd9da5b6387d1c2ffe6ec3bdd1,component_004480,30,44100,7350938fbb40f4842f316a3469867241871655e5154de78434bc068c9371494f
saraga_hindustani_9310d945-c36c-4d0a-90fd-2afc8fdec1a4,0,human_saraga_hindustani_v1,development,saraga_group_245d3d04e2a4e1f262cc6e7159ae3c2238e617fd9da5b6387d1c2ffe6ec3bdd1,component_004480,30,44100,e4164fb15f512039deaee12dedfe7433a191239c643fc640210cd3aa8ba1366e
saraga_hindustani_9880433a-b5d3-4f5e-95a2-d7aa7bfee11f,0,human_saraga_hindustani_v1,development,saraga_group_9fb9228aeee8407334c6d34665f1447129af49b7d787e98997a1992641c73073,component_004482,30,44100,99bcd23f16a50a86a4cd8bafe8b267e883975d8ed60e18d043bab3057210c8f5
saraga_hindustani_98afad39-5abc-4c96-b7af-5f2c70831066,0,human_saraga_hindustani_v1,development,saraga_group_245d3d04e2a4e1f262cc6e7159ae3c2238e617fd9da5b6387d1c2ffe6ec3bdd1,component_004480,30,44100,120b9dc72ccc600c334be0f87c5876ad7b5be4ecdfedffa72722ccfd6880f076
saraga_hindustani_99dcaebe-ab49-4fa3-ab6c-a9458143af8e,0,human_saraga_hindustani_v1,development,saraga_group_245d3d04e2a4e1f262cc6e7159ae3c2238e617fd9da5b6387d1c2ffe6ec3bdd1,component_004480,30,44100,ea16a161919092d0bf35111684da1ebfd302defb993ce95fc0c1488582c0a1e3
saraga_hindustani_9a2ce15a-4b28-4d10-abc7-9e05310c2e3b,0,human_saraga_hindustani_v1,development,saraga_group_245d3d04e2a4e1f262cc6e7159ae3c2238e617fd9da5b6387d1c2ffe6ec3bdd1,component_004480,30,44100,9bb13f3bb849e642d97db11274886435b5635a8034a0e3ba1e5c2df8f4dea729
saraga_hindustani_9a7e51fa-61fd-4e17-bc88-93df44ee3d0c,0,human_saraga_hindustani_v1,development,saraga_group_9fb9228aeee8407334c6d34665f1447129af49b7d787e98997a1992641c73073,component_004482,30,44100,659a64d587821e3dbac20dcae0710f403af97aa6ec617a505738481864d0cedf
saraga_hindustani_9af146bf-4fdf-41bb-a665-eacc15741d32,0,human_saraga_hindustani_v1,development,saraga_group_245d3d04e2a4e1f262cc6e7159ae3c2238e617fd9da5b6387d1c2ffe6ec3bdd1,component_004480,30,44100,4aed868962859597765b109eca8fdd4589be5aa28e06505097c3f49b538c6189
saraga_hindustani_9dcfa70f-9205-4848-8325-649cc900b12c,0,human_saraga_hindustani_v1,development,saraga_group_245d3d04e2a4e1f262cc6e7159ae3c2238e617fd9da5b6387d1c2ffe6ec3bdd1,component_004480,30,44100,79aab2ab3cbaa385cf585bc1dbb7880cd193e5172f9700cb54ab3b125c699853
saraga_hindustani_9f4ba52c-935c-4066-ad79-daa709dfa6ec,0,human_saraga_hindustani_v1,development,saraga_group_245d3d04e2a4e1f262cc6e7159ae3c2238e617fd9da5b6387d1c2ffe6ec3bdd1,component_004480,30,44100,16ace345f19be495e11c82f9cbf46e3fcddd1266e12bd3d54a4b0f2fc8528d08
saraga_hindustani_a01ac873-dff4-420f-9fd8-490dd87c58e9,0,human_saraga_hindustani_v1,development,saraga_group_245d3d04e2a4e1f262cc6e7159ae3c2238e617fd9da5b6387d1c2ffe6ec3bdd1,component_004480,30,44100,34509cb707ac85343adb50fd52e512d08c6ce21866020eb0d507fd7d207e3c2f
saraga_hindustani_a1543855-9f8c-42e5-945a-5fea2727df1c,0,human_saraga_hindustani_v1,development,saraga_group_c87f25395673e06163d978ab674be06d6b4cb799f67c59b1495c69f0ed543d61,component_004484,30,44100,5d3e368e05bb0ea014632fe7677a60cf2ff68ef333d65225a6f792d52b9de703
saraga_hindustani_a6d77610-1084-4696-9734-79285672df16,0,human_saraga_hindustani_v1,development,saraga_group_245d3d04e2a4e1f262cc6e7159ae3c2238e617fd9da5b6387d1c2ffe6ec3bdd1,component_004480,30,44100,15ec97216136eb5c46802d1e07c5aa9b005afe4b7152263452bd7e4329d7069d
saraga_hindustani_a7f28ee8-49af-4572-9c9c-f06b9d85dda2,0,human_saraga_hindustani_v1,development,saraga_group_245d3d04e2a4e1f262cc6e7159ae3c2238e617fd9da5b6387d1c2ffe6ec3bdd1,component_004480,30,44100,b265cbf6eb5ba95cbbbe1d6a74134cc8aa2d414447cd0f124d46439e405efd5e
saraga_hindustani_a9431b48-880b-4dcb-96f5-6f2c11879fb1,0,human_saraga_hindustani_v1,development,saraga_group_056a9ed2a5c2b644cc585f47a0aa7c889e7c4843701f59e9ca0db3c3df58e984,component_004483,30,44100,0631c60a1ba680d99eae69fd781b7c9198bdaef74f484a804ab59f9bcd8e6d67
saraga_hindustani_aa3b2a92-21ee-44c6-ba84-c2d209db7fc8,0,human_saraga_hindustani_v1,development,saraga_group_9fb9228aeee8407334c6d34665f1447129af49b7d787e98997a1992641c73073,component_004482,30,44100,4e6a54b18112b4a7fcf66eacf06515c591c10db30fb0f0f0b5a59e3e053640d9
saraga_hindustani_acae4dcf-e5e7-4c8f-b17c-bfec74cabcc1,0,human_saraga_hindustani_v1,development,saraga_group_9fb9228aeee8407334c6d34665f1447129af49b7d787e98997a1992641c73073,component_004482,30,44100,c211df143bc616fbe54d7405d0746c143afbcaa1368c90bb4b4693ead75f0261
saraga_hindustani_adf0b8ea-cc74-410f-bd52-d59c08c78783,0,human_saraga_hindustani_v1,development,saraga_group_056a9ed2a5c2b644cc585f47a0aa7c889e7c4843701f59e9ca0db3c3df58e984,component_004483,30,44100,6414781d2a1428538668144d205a398ea720ac610779da47796ae1f2b003dee6
saraga_hindustani_ae735e58-e8a1-4db8-9a0a-b8f83863412a,0,human_saraga_hindustani_v1,development,saraga_group_245d3d04e2a4e1f262cc6e7159ae3c2238e617fd9da5b6387d1c2ffe6ec3bdd1,component_004480,30,44100,b542f4f329ba8b92eec38da53f496112e65297d471f3c1154f49442fda266362
saraga_hindustani_aea2a29d-9ca0-4cd5-b3e9-9dcacd95165c,0,human_saraga_hindustani_v1,development,saraga_group_245d3d04e2a4e1f262cc6e7159ae3c2238e617fd9da5b6387d1c2ffe6ec3bdd1,component_004480,30,44100,da2f756c97b97e4efa2e1849062394c68ab3a56b3e7c2d8a7d68582a5cb84e0d
saraga_hindustani_b07c744e-c3ad-4bb8-b7e3-9a7ef979ea20,0,human_saraga_hindustani_v1,development,saraga_group_056a9ed2a5c2b644cc585f47a0aa7c889e7c4843701f59e9ca0db3c3df58e984,component_004483,30,44100,74c597048e0c870806c702ad2b31d43b1f5d882c08431f39a9cf8c87c402afe1
saraga_hindustani_b3849502-db24-4042-9d61-299de0211423,0,human_saraga_hindustani_v1,development,saraga_group_245d3d04e2a4e1f262cc6e7159ae3c2238e617fd9da5b6387d1c2ffe6ec3bdd1,component_004480,30,44100,f561cadd80e7703841d2249826efa257639f7ad0463f19f8b5485199fe575ea9
saraga_hindustani_b3a43a82-b3c3-49bf-bd3d-db561c1ec355,0,human_saraga_hindustani_v1,development,saraga_group_245d3d04e2a4e1f262cc6e7159ae3c2238e617fd9da5b6387d1c2ffe6ec3bdd1,component_004480,30,44100,e5f47efb9fa79337d7b912e7f0bf855ddb97b4c83216f52566ad49dc8cbe0cc0
saraga_hindustani_b4e6f413-a94e-4b8f-9088-0172bd443e3f,0,human_saraga_hindustani_v1,development,saraga_group_245d3d04e2a4e1f262cc6e7159ae3c2238e617fd9da5b6387d1c2ffe6ec3bdd1,component_004480,30,44100,687c93052b53b039dfc5716e8da3017608b3cc5bd75d8ff1dc65df1d0b660b16
saraga_hindustani_b71c2774-2532-4692-8761-5452e2a83118,0,human_saraga_hindustani_v1,development,saraga_group_245d3d04e2a4e1f262cc6e7159ae3c2238e617fd9da5b6387d1c2ffe6ec3bdd1,component_004480,30,44100,fc13288b8f8ba4c8b1b7a4fe214ebcab78bd5f330f26795b33f3ca5906b6a8f6
saraga_hindustani_b77a3149-40fa-4e28-8205-cd4f006f60a1,0,human_saraga_hindustani_v1,development,saraga_group_245d3d04e2a4e1f262cc6e7159ae3c2238e617fd9da5b6387d1c2ffe6ec3bdd1,component_004480,30,44100,da88ceb542946fa45315d2ae185a5f7ecefce60a1988c9dbce93ca6617d96205
saraga_hindustani_b7e9ec27-9777-456c-b7b6-bcfe2936e5e7,0,human_saraga_hindustani_v1,development,saraga_group_9fb9228aeee8407334c6d34665f1447129af49b7d787e98997a1992641c73073,component_004482,30,44100,e7a5024db32b2187b3d23ce3b0533cfe5946c8e7d3861141cc7cdaca75cc00ff
saraga_hindustani_bcb1c58d-e3f1-4fb7-a026-7d5a56c59107,0,human_saraga_hindustani_v1,development,saraga_group_245d3d04e2a4e1f262cc6e7159ae3c2238e617fd9da5b6387d1c2ffe6ec3bdd1,component_004480,30,44100,8507d4889da6f3399f01c61ba32b188078256d33cbfa7b7f596580135e179a1f
saraga_hindustani_bfefde58-4eb2-49b0-9c63-7e4ce1070e61,0,human_saraga_hindustani_v1,development,saraga_group_245d3d04e2a4e1f262cc6e7159ae3c2238e617fd9da5b6387d1c2ffe6ec3bdd1,component_004480,30,44100,c3d8acf1b2b6923e1462f31532f34b540ca53af09825af01b94bacead94085be
saraga_hindustani_c29c842f-6cc9-4beb-aaaa-1afa8cd0bc5d,0,human_saraga_hindustani_v1,development,saraga_group_9fb9228aeee8407334c6d34665f1447129af49b7d787e98997a1992641c73073,component_004482,30,44100,13e37d4f617e87f84b13fced003d44816db23af0ad2280c436af3c0d8fdda42f
saraga_hindustani_c2d94545-9d2f-4197-8902-c1a1bdcb72f8,0,human_saraga_hindustani_v1,development,saraga_group_056a9ed2a5c2b644cc585f47a0aa7c889e7c4843701f59e9ca0db3c3df58e984,component_004483,30,44100,349a78dc6dbdb7d6aceaecd3a00d1d6316840c589e3be4d1d45c045ab14ec254
saraga_hindustani_c556b631-111f-42e8-aa98-e02f0777be9e,0,human_saraga_hindustani_v1,development,saraga_group_245d3d04e2a4e1f262cc6e7159ae3c2238e617fd9da5b6387d1c2ffe6ec3bdd1,component_004480,30,44100,1f00993a966584c49f895eff27c4c8dc3448feae27194892934506078d0384d0
saraga_hindustani_c5692011-a1e4-469b-a978-15a516c7b1c4,0,human_saraga_hindustani_v1,development,saraga_group_245d3d04e2a4e1f262cc6e7159ae3c2238e617fd9da5b6387d1c2ffe6ec3bdd1,component_004480,30,44100,8a04d757c300941d86b1cbbb317d30846a8affc032f7a3f414e13e8972904d13
saraga_hindustani_c73c038c-df41-43f9-a272-916b1f2e1fc7,0,human_saraga_hindustani_v1,development,saraga_group_245d3d04e2a4e1f262cc6e7159ae3c2238e617fd9da5b6387d1c2ffe6ec3bdd1,component_004480,30,44100,6d34b989ba6996caa3539026d5380cf5f20e7f810b98131e7a7bf4bed6ff82de
saraga_hindustani_c76cadd9-9e7b-4e9e-96dc-f79a9a8eed78,0,human_saraga_hindustani_v1,development,saraga_group_245d3d04e2a4e1f262cc6e7159ae3c2238e617fd9da5b6387d1c2ffe6ec3bdd1,component_004480,30,44100,ab71f201238a30d59f44c61eb7e21d823290ad8fa11b0eddfb1930e06bb2f8ff
saraga_hindustani_c80561d6-5e81-42bb-b404-ac659741b643,0,human_saraga_hindustani_v1,development,saraga_group_245d3d04e2a4e1f262cc6e7159ae3c2238e617fd9da5b6387d1c2ffe6ec3bdd1,component_004480,30,44100,dfc91f941c354e25e0e8d3ac822a2bd7d9301bafed97ddfd27f0997646c88898
saraga_hindustani_cf1b51f3-aa25-4fb2-bf63-f0271448abf0,0,human_saraga_hindustani_v1,development,saraga_group_f539e6fed6333c44b3cfcad12502da0518679f43cbbf44d2dd8bcce8013ab075,component_004481,30,44100,54dffc7b757a70b70fb02dd12a2414b81bd7f4fa415dedf5aeb02cd6ea336f71
saraga_hindustani_d0781259-2c63-4b35-8ca3-75c19a98e275,0,human_saraga_hindustani_v1,development,saraga_group_245d3d04e2a4e1f262cc6e7159ae3c2238e617fd9da5b6387d1c2ffe6ec3bdd1,component_004480,30,44100,a2ba61c0b62d39f4ce4d999ea086a5a104d8034654479452890820fceb048a5a
saraga_hindustani_d2b7d16c-d6c2-4ed0-9b63-312217b02a9e,0,human_saraga_hindustani_v1,development,saraga_group_245d3d04e2a4e1f262cc6e7159ae3c2238e617fd9da5b6387d1c2ffe6ec3bdd1,component_004480,30,44100,abb05a7c81fac906a6c8e897e847c4d50a97894d23e278172de68b40e5f71d32
saraga_hindustani_d7a57d81-a5dd-44d8-aabf-951cb8f73fe2,0,human_saraga_hindustani_v1,development,saraga_group_245d3d04e2a4e1f262cc6e7159ae3c2238e617fd9da5b6387d1c2ffe6ec3bdd1,component_004480,30,44100,a136ed1c658adc23e85cfbc2b8aebc36842443cf36c503baf074d839b3f96343
saraga_hindustani_da0c6431-10b5-44b9-8ba4-57023fd45914,0,human_saraga_hindustani_v1,development,saraga_group_9fb9228aeee8407334c6d34665f1447129af49b7d787e98997a1992641c73073,component_004482,30,44100,1d26d78b47063edee87954526cc1d1a13d1c6d980a083c96fa1cdc9af30d7eed
saraga_hindustani_dc09e696-88d1-427f-bb1b-92d899ed9af1,0,human_saraga_hindustani_v1,development,saraga_group_245d3d04e2a4e1f262cc6e7159ae3c2238e617fd9da5b6387d1c2ffe6ec3bdd1,component_004480,30,48000,768a7cd7e2ee51c09f1aafa2ca65919f267f64fe98855bdd65cb1e5f85656c9a
saraga_hindustani_dd875fec-377f-4565-98ca-cc9cf6397995,0,human_saraga_hindustani_v1,development,saraga_group_245d3d04e2a4e1f262cc6e7159ae3c2238e617fd9da5b6387d1c2ffe6ec3bdd1,component_004480,30,44100,a795c9530d86e3acb450426d7408b565bacec05d9a250c15fe8ab052658d52a1
saraga_hindustani_e40375a2-01d2-4137-823a-3e62503baf98,0,human_saraga_hindustani_v1,development,saraga_group_c87f25395673e06163d978ab674be06d6b4cb799f67c59b1495c69f0ed543d61,component_004484,30,44100,092b5009f9ba7ed60b9987610be24ebe58e2744b25e3386ec989d0ee56028e2c
saraga_hindustani_e76e4ee3-bf5c-4d47-bb69-92b8d93035d8,0,human_saraga_hindustani_v1,development,saraga_group_245d3d04e2a4e1f262cc6e7159ae3c2238e617fd9da5b6387d1c2ffe6ec3bdd1,component_004480,30,44100,de0c66ef27476f344334a2386e000b14a524ca0cee59883638c013294fe6cd9f
saraga_hindustani_ea36cb14-7c11-41d0-acb8-70ec66e61063,0,human_saraga_hindustani_v1,development,saraga_group_245d3d04e2a4e1f262cc6e7159ae3c2238e617fd9da5b6387d1c2ffe6ec3bdd1,component_004480,30,44100,c9a58241446fe496342e2480a14371ab6eaa8712d5591c108469949352b16993
saraga_hindustani_ecf28526-9da7-43c6-b039-ed9f7e6ca50b,0,human_saraga_hindustani_v1,development,saraga_group_245d3d04e2a4e1f262cc6e7159ae3c2238e617fd9da5b6387d1c2ffe6ec3bdd1,component_004480,30,48000,b067c0b18087f32506e6419d19e2564dd7ec5a2dcb441e6696c112221e638ea6
saraga_hindustani_ee7cec18-bc81-4b96-8778-9bda53c8c86e,0,human_saraga_hindustani_v1,development,saraga_group_056a9ed2a5c2b644cc585f47a0aa7c889e7c4843701f59e9ca0db3c3df58e984,component_004483,30,44100,89ed1c6010386230e2b5325d3f005562289bfbd6d56fe49a813d62c1f4cf82c7
saraga_hindustani_f0bc477f-03a7-44c5-8e63-cef7f8692c08,0,human_saraga_hindustani_v1,development,saraga_group_245d3d04e2a4e1f262cc6e7159ae3c2238e617fd9da5b6387d1c2ffe6ec3bdd1,component_004480,30,44100,345aa928063cdf997bab31c43b4ac430364447ce1b654d75204bd7054605850b
saraga_hindustani_f0ce173e-e69b-4baf-8c23-cdd63fd15ab1,0,human_saraga_hindustani_v1,development,saraga_group_245d3d04e2a4e1f262cc6e7159ae3c2238e617fd9da5b6387d1c2ffe6ec3bdd1,component_004480,30,44100,1b2af69172b77255eddc250938397d34e4e6727ec8f4254ac79f002b27f43725
saraga_hindustani_f3313201-ab83-4633-b463-60b862ab1a21,0,human_saraga_hindustani_v1,development,saraga_group_245d3d04e2a4e1f262cc6e7159ae3c2238e617fd9da5b6387d1c2ffe6ec3bdd1,component_004480,30,44100,a5fd15e74a94681f0fface68dc2dd60b60f043a52bee409ea2feb7d5188fcf0c
saraga_hindustani_f49ac932-a7d3-4031-ae44-acf5ea47eca1,0,human_saraga_hindustani_v1,development,saraga_group_056a9ed2a5c2b644cc585f47a0aa7c889e7c4843701f59e9ca0db3c3df58e984,component_004483,30,44100,fe429b2dcc5e2d6c782042dfa69d9d31cfeda06acb918be1426b393320c42b2e
saraga_hindustani_f5d00c2d-5ca1-4a49-bb38-1af3496e6dfc,0,human_saraga_hindustani_v1,development,saraga_group_245d3d04e2a4e1f262cc6e7159ae3c2238e617fd9da5b6387d1c2ffe6ec3bdd1,component_004480,30,44100,d901383d621cbc0943adb865a6b1e6c1aa59a63b2a32a034ffef9f7cf2b64157
saraga_hindustani_f89ad73c-88a0-4cb4-b8cc-e5241a77d8b9,0,human_saraga_hindustani_v1,development,saraga_group_245d3d04e2a4e1f262cc6e7159ae3c2238e617fd9da5b6387d1c2ffe6ec3bdd1,component_004480,30,44100,60146f5cc81749a249413aee8ea79a2db509ee5ec579bf8d6c2c6619fa35f3a2
ai_yue2_muse_cn_suno_cn_000107_1,1,YuE2,development,muse:suno_cn_000107,yue2_extension_muse_cn_suno_cn_000107_1,30,48000,dc157474feb957489b429a88032918e7ace619a105fd034bd0ad5701045d1713
ai_yue2_muse_cn_suno_cn_000134_1,1,YuE2,development,muse:suno_cn_000134,yue2_extension_muse_cn_suno_cn_000134_1,30,48000,c683609a0ba8eff47943b2df73218e2c9f0f980c29353b81297afff4ce7641de
ai_yue2_muse_cn_suno_cn_000268_1,1,YuE2,development,muse:suno_cn_000268,yue2_extension_muse_cn_suno_cn_000268_1,30,48000,4149aa5df2ca12ee05113059f10c9f5d762d48a42f2488887db1a27c51433316
ai_yue2_muse_cn_suno_cn_000394_1,1,YuE2,development,muse:suno_cn_000394,yue2_extension_muse_cn_suno_cn_000394_1,30,48000,5101976e8f58567e0f1dd069983ae023fb6799331143b8c6cc5fb16aa4d8d20b
ai_yue2_muse_cn_suno_cn_000484_0,1,YuE2,development,muse:suno_cn_000484,yue2_extension_muse_cn_suno_cn_000484_0,30,48000,a20c2ff797b87a57ef7bafda5ed92f772f53ec2a7f75f1e7fcd14666b9473587
ai_yue2_muse_cn_suno_cn_000585_1,1,YuE2,development,muse:suno_cn_000585,yue2_extension_muse_cn_suno_cn_000585_1,30,48000,72f0287db04bbac4267f21f28f14131a91d4c9d113b09515909d144a4ad9b6ac
ai_yue2_muse_cn_suno_cn_000676_0,1,YuE2,development,muse:suno_cn_000676,yue2_extension_muse_cn_suno_cn_000676_0,30,48000,1c20ed4253bbd8b5cb3eb89fc6a16433cbdb46f7cc374030f909937a5bb21562
ai_yue2_muse_cn_suno_cn_000679_1,1,YuE2,development,muse:suno_cn_000679,yue2_extension_muse_cn_suno_cn_000679_1,30,48000,9a7cd20627500a4d29823dd5a33497f9fa53dcfe17a06afbc4cec19e026f04e7
ai_yue2_muse_cn_suno_cn_000887_1,1,YuE2,development,muse:suno_cn_000887,yue2_extension_muse_cn_suno_cn_000887_1,30,48000,06ec24a5088475424ca50b6ebc4f26be140d3ee605c9bdbce22d5d8bb977ab50
ai_yue2_muse_cn_suno_cn_000896_0,1,YuE2,development,muse:suno_cn_000896,yue2_extension_muse_cn_suno_cn_000896_0,30,48000,c30b133f6e2b186d2c752ace61e3462ce9e17d9dc7c93160c8082aa83c5cec56
ai_yue2_muse_cn_suno_cn_000955_0,1,YuE2,development,muse:suno_cn_000955,yue2_extension_muse_cn_suno_cn_000955_0,30,48000,eac850b1cf5e343c4de6bbf0fe54aa455add12c7fec14abfcc277c688f6c9e38
ai_yue2_muse_cn_suno_cn_001149_0,1,YuE2,development,muse:suno_cn_001149,yue2_extension_muse_cn_suno_cn_001149_0,30,48000,8c635a91dd41a387f9e856bf8403fd6a2a13e8e31330921b4716fc7fe8795e4e
ai_yue2_muse_cn_suno_cn_001191_0,1,YuE2,development,muse:suno_cn_001191,yue2_extension_muse_cn_suno_cn_001191_0,30,48000,f709609bacf75aeb8d3a3577aa57b58a511b99e49a20f73300db9093658ca6b4
ai_yue2_muse_cn_suno_cn_001270_0,1,YuE2,development,muse:suno_cn_001270,yue2_extension_muse_cn_suno_cn_001270_0,30,48000,546132624481cc6740e6bf669d738f72c3be0af375c098526e325e8c2990daa7
ai_yue2_muse_cn_suno_cn_001353_1,1,YuE2,development,muse:suno_cn_001353,yue2_extension_muse_cn_suno_cn_001353_1,30,48000,9a8a10928269b63edc8a15053edbc10178139a3dc49b27761b1ead3762a4b1c7
ai_yue2_muse_cn_suno_cn_001668_0,1,YuE2,development,muse:suno_cn_001668,yue2_extension_muse_cn_suno_cn_001668_0,30,48000,8073bc340926b67b806b34bc42c33a89c73163b5eb0c0a80e832ec83149770a2
ai_yue2_muse_cn_suno_cn_001690_1,1,YuE2,development,muse:suno_cn_001690,yue2_extension_muse_cn_suno_cn_001690_1,30,48000,9044785758af1be126a28ddaa0ec7e4eb85a65027c02c8c9f3ea0847a9a6643f
ai_yue2_muse_cn_suno_cn_001808_0,1,YuE2,development,muse:suno_cn_001808,yue2_extension_muse_cn_suno_cn_001808_0,30,48000,5f35e554060b4355ce42e076f6de37be6ae14c0be8f7acbc2c7415c0ee9c5659
ai_yue2_muse_cn_suno_cn_002120_0,1,YuE2,development,muse:suno_cn_002120,yue2_extension_muse_cn_suno_cn_002120_0,30,48000,1f7d791b4f403e536b9f2d6fd071a60a5eb221d34ff2677b256a7ea0e21e55fd
ai_yue2_muse_cn_suno_cn_002130_1,1,YuE2,development,muse:suno_cn_002130,yue2_extension_muse_cn_suno_cn_002130_1,30,48000,60ede70e2812bc34b89bb3bcdf89f021977294073d839c2924a384bd0b8a1b2a
ai_yue2_muse_cn_suno_cn_002202_0,1,YuE2,development,muse:suno_cn_002202,yue2_extension_muse_cn_suno_cn_002202_0,30,48000,da8c8ae70b898b3027d4043c8bcf73ef4e893a67ef1fb5f01b2c002efe350cb7
ai_yue2_muse_cn_suno_cn_002228_0,1,YuE2,development,muse:suno_cn_002228,yue2_extension_muse_cn_suno_cn_002228_0,30,48000,a8834f9db2c6e801a7ba907e947c1b615e9a7b95da0c5829200582a07bb22c62
ai_yue2_muse_cn_suno_cn_002440_1,1,YuE2,development,muse:suno_cn_002440,yue2_extension_muse_cn_suno_cn_002440_1,30,48000,4e6457dc8311eb7f1659dd9f7e49a7557c9c420ea77b324e3931cba003d20107
ai_yue2_muse_cn_suno_cn_002516_1,1,YuE2,development,muse:suno_cn_002516,yue2_extension_muse_cn_suno_cn_002516_1,30,48000,f25ad3a9fa795b0c15cffbb0912e1f04f0fd87c335c5ce31b6185eed82e15e9f
ai_yue2_muse_cn_suno_cn_002551_0,1,YuE2,development,muse:suno_cn_002551,yue2_extension_muse_cn_suno_cn_002551_0,30,48000,7cbdcd2c7e51d3c92e33c9262dc086a55ae360698ba0eaa4de19fa6da3f9e95a
ai_yue2_muse_cn_suno_cn_002585_1,1,YuE2,development,muse:suno_cn_002585,yue2_extension_muse_cn_suno_cn_002585_1,30,48000,7ed8310797b7d67d2de222860d41e94f89b59ae13ff9a31c95b3bd1b6947e606
ai_yue2_muse_cn_suno_cn_002619_1,1,YuE2,development,muse:suno_cn_002619,yue2_extension_muse_cn_suno_cn_002619_1,30,48000,aa25ce83004618c12f8f7123f960f22d62dc1ec85f5212171254c6e94372404a
ai_yue2_muse_cn_suno_cn_002660_0,1,YuE2,development,muse:suno_cn_002660,yue2_extension_muse_cn_suno_cn_002660_0,30,48000,eaba29a08895112e4b81bbef3353664d67f70953a08f12b47a204119595e2dfc
ai_yue2_muse_cn_suno_cn_002718_0,1,YuE2,development,muse:suno_cn_002718,yue2_extension_muse_cn_suno_cn_002718_0,30,48000,2a850acad4e8ddf30e476bf59b370ac089be9314f7fd5e4796cf0ac82002d196
ai_yue2_muse_cn_suno_cn_002840_0,1,YuE2,development,muse:suno_cn_002840,yue2_extension_muse_cn_suno_cn_002840_0,30,48000,d23f43d32c35066e0159ff182b2203e6d67b00c2ebcece46b79ac8e64efcbe5b
ai_yue2_muse_cn_suno_cn_002958_0,1,YuE2,development,muse:suno_cn_002958,yue2_extension_muse_cn_suno_cn_002958_0,30,48000,544bbbc72295f5f3872bca2815857805dfd0407f50e48472d1f0951842d82b64
ai_yue2_muse_cn_suno_cn_003042_0,1,YuE2,development,muse:suno_cn_003042,yue2_extension_muse_cn_suno_cn_003042_0,30,48000,d041c8d3b6069f3f0fb4098278842de0d5d78926403227ef6c901862f430c3ec
ai_yue2_muse_cn_suno_cn_003067_1,1,YuE2,development,muse:suno_cn_003067,yue2_extension_muse_cn_suno_cn_003067_1,30,48000,4196fda006da047b719c8a2ea3935c715bb5eb292956a62b5b5f8b70800b33c2
ai_yue2_muse_cn_suno_cn_003137_1,1,YuE2,development,muse:suno_cn_003137,yue2_extension_muse_cn_suno_cn_003137_1,30,48000,124089ca00136e3d10d470638d40d3cc894165bb4ef61336169f57f18a2fbcd0
ai_yue2_muse_cn_suno_cn_003251_0,1,YuE2,development,muse:suno_cn_003251,yue2_extension_muse_cn_suno_cn_003251_0,30,48000,6713f394072463addb0082c87ea9890beb867bddf1d4d46613008a09a72baf42
ai_yue2_muse_cn_suno_cn_003275_1,1,YuE2,development,muse:suno_cn_003275,yue2_extension_muse_cn_suno_cn_003275_1,30,48000,2246df3e53e09167b403ad321b51cc3384c457f9ae87cd709640cb99e3b1379b
ai_yue2_muse_cn_suno_cn_003278_1,1,YuE2,development,muse:suno_cn_003278,yue2_extension_muse_cn_suno_cn_003278_1,30,48000,096889c75ca932918213226c3b1f0c2448596cbbee18e0853afba7dad2ef49e9
ai_yue2_muse_cn_suno_cn_003299_0,1,YuE2,development,muse:suno_cn_003299,yue2_extension_muse_cn_suno_cn_003299_0,30,48000,4e8b9d32b573ca4ddbd67602344b9d068f092a1d286b46498d352ff12e7dc5df
ai_yue2_muse_cn_suno_cn_003559_0,1,YuE2,development,muse:suno_cn_003559,yue2_extension_muse_cn_suno_cn_003559_0,30,48000,3ae3af45924f82fae25f27efaec35ab3c02cec63dd41dde350b3997e062f0b11
ai_yue2_muse_cn_suno_cn_003766_1,1,YuE2,development,muse:suno_cn_003766,yue2_extension_muse_cn_suno_cn_003766_1,30,48000,4f78207eb304bda0c8bdb82716fbdd27793c927ce7aaafe39254f207e4348b3d
ai_yue2_muse_cn_suno_cn_003884_0,1,YuE2,development,muse:suno_cn_003884,yue2_extension_muse_cn_suno_cn_003884_0,30,48000,b0fffb63c05b9e592a90266bca9244774d73a876ed1243ee4ee40ed87f3b1202
ai_yue2_muse_cn_suno_cn_003983_0,1,YuE2,development,muse:suno_cn_003983,yue2_extension_muse_cn_suno_cn_003983_0,30,48000,396cc9890be306c9a35856682032153508c5f84f46fd387d2bd350a1d6501a42
ai_yue2_muse_cn_suno_cn_004044_0,1,YuE2,development,muse:suno_cn_004044,yue2_extension_muse_cn_suno_cn_004044_0,30,48000,7bcd443d223e5654c6c3b0702b7ad7a0c94c5cdbf4f854c82ffa4449a2ba4b11
ai_yue2_muse_cn_suno_cn_004068_1,1,YuE2,development,muse:suno_cn_004068,yue2_extension_muse_cn_suno_cn_004068_1,30,48000,eb7ce9e8d03f3d4de6fcf64a26ff30e24a2b1f6a37121856e3868f14acc3fb93
ai_yue2_muse_cn_suno_cn_004138_0,1,YuE2,development,muse:suno_cn_004138,yue2_extension_muse_cn_suno_cn_004138_0,30,48000,2e8d117e24302233a07828b55e384904a50cf8b816e4368b43d404ed6fdcb375
ai_yue2_muse_cn_suno_cn_004405_1,1,YuE2,development,muse:suno_cn_004405,yue2_extension_muse_cn_suno_cn_004405_1,30,48000,8bb98d284b3ded98cac80cfa76db098fe99d4e9501707ea961d788d078a37c13
ai_yue2_muse_cn_suno_cn_004485_1,1,YuE2,development,muse:suno_cn_004485,yue2_extension_muse_cn_suno_cn_004485_1,30,48000,a35fcbc9fae9a99801e0499dd083adaeeff949a0dd94d96dd1b8ab73cf8f67f8
ai_yue2_muse_cn_suno_cn_004770_0,1,YuE2,development,muse:suno_cn_004770,yue2_extension_muse_cn_suno_cn_004770_0,30,48000,4101e223f7f7eb11a7aac8cc0529313943e0a30445e6242475e67775748ada60
ai_yue2_muse_cn_suno_cn_004806_1,1,YuE2,development,muse:suno_cn_004806,yue2_extension_muse_cn_suno_cn_004806_1,30,48000,770d870412654767a07fda00d37159152ffad14a6d0380e06faa9ea503319b68
ai_yue2_muse_cn_suno_cn_004936_1,1,YuE2,development,muse:suno_cn_004936,yue2_extension_muse_cn_suno_cn_004936_1,30,48000,d6b3a9800b71b212eb97ddb33b9a856c7c3daf15e5cf21bc1b46d24640f73cef
ai_yue2_muse_cn_suno_cn_005005_1,1,YuE2,development,muse:suno_cn_005005,yue2_extension_muse_cn_suno_cn_005005_1,30,48000,76379665b94cf95263111c1f5fd2144d67d5dd9f623c786ed8e30c41ba8ddf5f
ai_yue2_muse_cn_suno_cn_005164_1,1,YuE2,development,muse:suno_cn_005164,yue2_extension_muse_cn_suno_cn_005164_1,30,48000,d4b46cf90bc96c01ebb6353d1fdaa6e5aef16b9d57723fad020054aa04b05d49
ai_yue2_muse_cn_suno_cn_005322_1,1,YuE2,development,muse:suno_cn_005322,yue2_extension_muse_cn_suno_cn_005322_1,30,48000,2531d0597b7ad075db9afbc3a1b914b8c9f680b075bdff4cd30d6b12ffe0e9ed
ai_yue2_muse_cn_suno_cn_005324_0,1,YuE2,development,muse:suno_cn_005324,yue2_extension_muse_cn_suno_cn_005324_0,30,48000,ce6cb0b05d765e1e2d810c0c5852bf31e04c5ee010309d92fc0a993dcf6c4b4c
ai_yue2_muse_cn_suno_cn_005351_0,1,YuE2,development,muse:suno_cn_005351,yue2_extension_muse_cn_suno_cn_005351_0,30,48000,3c5a46eb380a4a42c8033c68a39a11bedff89ba785effbe99ec07e0d4ee68256
ai_yue2_muse_cn_suno_cn_005459_0,1,YuE2,development,muse:suno_cn_005459,yue2_extension_muse_cn_suno_cn_005459_0,30,48000,3e3db8706b53416eb587ec609e2ae71e9ea27f74ef41f276341801f6efeecabc
ai_yue2_muse_cn_suno_cn_005537_1,1,YuE2,development,muse:suno_cn_005537,yue2_extension_muse_cn_suno_cn_005537_1,30,48000,ab96965139a512a258745a93ef74cf6c92f9630890068e34134707e8cb6576f8
ai_yue2_muse_cn_suno_cn_005597_1,1,YuE2,development,muse:suno_cn_005597,yue2_extension_muse_cn_suno_cn_005597_1,30,48000,d622e121ef047c1d44ffe907b3b2ad761f37da756670dd28922d8e307c419cd2
ai_yue2_muse_cn_suno_cn_005832_0,1,YuE2,development,muse:suno_cn_005832,yue2_extension_muse_cn_suno_cn_005832_0,30,48000,e610237bfeabbfb4238d47de72af84a70020f2c0cb9e172b12b4824f4efd075c
ai_yue2_muse_cn_suno_cn_005841_1,1,YuE2,development,muse:suno_cn_005841,yue2_extension_muse_cn_suno_cn_005841_1,30,48000,f6fa436e6bff4fbb5e2517be8ab3e1a46322587e7fe66dd57681762ebc640a03
ai_yue2_muse_cn_suno_cn_005844_0,1,YuE2,development,muse:suno_cn_005844,yue2_extension_muse_cn_suno_cn_005844_0,30,48000,c41be99dcfa7339c0297500dbd32e4f96d4db7d72e203d7ea058f81940bc8f3a
ai_yue2_muse_cn_suno_cn_005879_0,1,YuE2,development,muse:suno_cn_005879,yue2_extension_muse_cn_suno_cn_005879_0,30,48000,546b98a558f2e88eeb230bbdbbb7f7c7ec31e631c29a51a07e45d683e4d56b15
ai_yue2_muse_cn_suno_cn_006023_1,1,YuE2,development,muse:suno_cn_006023,yue2_extension_muse_cn_suno_cn_006023_1,30,48000,8e611480f6f72d8f02d0954028fbf6ac7a2a63d1b4e2de9002dac9268499fb96
ai_yue2_muse_cn_suno_cn_006047_0,1,YuE2,development,muse:suno_cn_006047,yue2_extension_muse_cn_suno_cn_006047_0,30,48000,61f1b0855af70969d0d6ed016dca6ac4379d7adecf1cc317e9aca8199be0f19a
ai_yue2_muse_cn_suno_cn_006115_0,1,YuE2,development,muse:suno_cn_006115,yue2_extension_muse_cn_suno_cn_006115_0,30,48000,4654eb05d50e9648a00f56df2237df3fb2d25d05b3e8ee1e92d4b5f1909990c5
ai_yue2_muse_cn_suno_cn_006140_0,1,YuE2,development,muse:suno_cn_006140,yue2_extension_muse_cn_suno_cn_006140_0,30,48000,e65f0355b7343c8f3c329a45caa2d998a45e0d1b94b79cb288578c286093cc0a
ai_yue2_muse_cn_suno_cn_006142_0,1,YuE2,development,muse:suno_cn_006142,yue2_extension_muse_cn_suno_cn_006142_0,30,48000,b458012aa475676be324e962190fd73ac0acc335a19fecf3b0704618c6b69083
ai_yue2_muse_cn_suno_cn_006204_1,1,YuE2,development,muse:suno_cn_006204,yue2_extension_muse_cn_suno_cn_006204_1,30,48000,3be2f29998df81758f76df2342ea77086ebe249c04c1cf969ecbe39568c6bfc3
ai_yue2_muse_cn_suno_cn_006670_1,1,YuE2,development,muse:suno_cn_006670,yue2_extension_muse_cn_suno_cn_006670_1,30,48000,207aa772a20fecc1f6bbf31f7cb6508d12d0ebd65d22326bd808a01b250f27ea
ai_yue2_muse_cn_suno_cn_006851_1,1,YuE2,development,muse:suno_cn_006851,yue2_extension_muse_cn_suno_cn_006851_1,30,48000,e6c7d68fef0a8cd9902653a2c7a98608d95da5ce25f057c582737ae00d803ace
ai_yue2_muse_cn_suno_cn_007242_0,1,YuE2,development,muse:suno_cn_007242,yue2_extension_muse_cn_suno_cn_007242_0,30,48000,08fbd6a0c0b66b9a5731e73d6070143f4aa6444e0d2369fba982f483251f0ddc
ai_yue2_muse_cn_suno_cn_007250_1,1,YuE2,development,muse:suno_cn_007250,yue2_extension_muse_cn_suno_cn_007250_1,30,48000,155beb0031d33629f9eb571d2bc9aa1e5b68daee80dd3750376425c890a4a0df
ai_yue2_muse_cn_suno_cn_007265_1,1,YuE2,development,muse:suno_cn_007265,yue2_extension_muse_cn_suno_cn_007265_1,30,48000,a03496bab36814b3a5eeb369de3ebe76d117f8c97b0d190409c0b95cbcccc0c8
ai_yue2_muse_cn_suno_cn_007401_1,1,YuE2,development,muse:suno_cn_007401,yue2_extension_muse_cn_suno_cn_007401_1,30,48000,f122f62df23b52750e459dcb5c3277916fb8376aac7c2ac652bf9a170d721da1
ai_yue2_muse_cn_suno_cn_007990_0,1,YuE2,development,muse:suno_cn_007990,yue2_extension_muse_cn_suno_cn_007990_0,30,48000,3bc903593e792ba783c86f1d946a922e6a85a4b3fb854397e696cb56b1cdd69c
ai_yue2_muse_cn_suno_cn_008405_1,1,YuE2,development,muse:suno_cn_008405,yue2_extension_muse_cn_suno_cn_008405_1,30,48000,b4acdf20b4abaf003f856e43de2a743a8953af4fa3c2fd1f6d92448f01807fce
ai_yue2_muse_cn_suno_cn_008426_0,1,YuE2,development,muse:suno_cn_008426,yue2_extension_muse_cn_suno_cn_008426_0,30,48000,04b55d484e60f13f9994cf6d9535547f8af71fcd18476f12afb7c01daee61e17
ai_yue2_muse_cn_suno_cn_008528_0,1,YuE2,development,muse:suno_cn_008528,yue2_extension_muse_cn_suno_cn_008528_0,30,48000,d3c90bf1e499f41f527a2cbbda2aa355565e8921aa88c158b56609000a7a7f6a
ai_yue2_muse_cn_suno_cn_008555_0,1,YuE2,development,muse:suno_cn_008555,yue2_extension_muse_cn_suno_cn_008555_0,30,48000,ed7f05954ef11baf3a9257e394c9003dcb8e417b083c0b48d0315e2c953570bd
ai_yue2_muse_cn_suno_cn_008777_0,1,YuE2,development,muse:suno_cn_008777,yue2_extension_muse_cn_suno_cn_008777_0,30,48000,c3ebfd84222a6f5a740d00bb29453589d6abbfbd0d2a1380dea71068eada4275
ai_yue2_muse_cn_suno_cn_009034_0,1,YuE2,development,muse:suno_cn_009034,yue2_extension_muse_cn_suno_cn_009034_0,30,48000,4248f5739d83be8a475ba1c510bd511fc3c8d152ecc16eb00d9b7f132b94085a
ai_yue2_muse_cn_suno_cn_009181_0,1,YuE2,development,muse:suno_cn_009181,yue2_extension_muse_cn_suno_cn_009181_0,30,48000,5b6340e93f99500d31762329e4f149904635a3addeab8fb0ffe2e467ca6a41e6
ai_yue2_muse_cn_suno_cn_009437_0,1,YuE2,development,muse:suno_cn_009437,yue2_extension_muse_cn_suno_cn_009437_0,30,48000,efc80a4e67ccb64156eba7825fc99b3d11581b5768e5136ba524ce0316d016cd
ai_yue2_muse_cn_suno_cn_009521_0,1,YuE2,development,muse:suno_cn_009521,yue2_extension_muse_cn_suno_cn_009521_0,30,48000,f0b6ea2a9b49f2ac4585c9167084deb02f60db3183dd6acc371d9547659cea55
ai_yue2_muse_cn_suno_cn_009697_0,1,YuE2,development,muse:suno_cn_009697,yue2_extension_muse_cn_suno_cn_009697_0,30,48000,57ac94146feb924e6d54445829376f520e7a8ce2c4a4bbebe56e6baa9064c338
ai_yue2_muse_cn_suno_cn_009859_0,1,YuE2,development,muse:suno_cn_009859,yue2_extension_muse_cn_suno_cn_009859_0,30,48000,76067d841c45ab6c5816f3f84980e57250035e8d950531e35588c3672b537765
ai_yue2_muse_cn_suno_cn_010060_0,1,YuE2,development,muse:suno_cn_010060,yue2_extension_muse_cn_suno_cn_010060_0,30,48000,1ecad12a74d67abeb654ea5b7e19835677cec044acb491e79a5ff4307f49a1e8
ai_yue2_muse_cn_suno_cn_010120_1,1,YuE2,development,muse:suno_cn_010120,yue2_extension_muse_cn_suno_cn_010120_1,30,48000,0aac40fa14bd03d4a4507156a996de7433350f1fecca596e8c5641d34ff2d516
ai_yue2_muse_cn_suno_cn_010422_0,1,YuE2,development,muse:suno_cn_010422,yue2_extension_muse_cn_suno_cn_010422_0,30,48000,3727b4f2efe27536c3caf7c63e85a32298a95934b1fc5b6b9460cf2457e413c0
ai_yue2_muse_cn_suno_cn_010426_1,1,YuE2,development,muse:suno_cn_010426,yue2_extension_muse_cn_suno_cn_010426_1,30,48000,f9325c2f29bc22a219ff6757261878bd15de9d67574a47274ceff7a19eef367a
ai_yue2_muse_cn_suno_cn_010468_1,1,YuE2,development,muse:suno_cn_010468,yue2_extension_muse_cn_suno_cn_010468_1,30,48000,b0cb577d898851b4dc2fcd49b5846ca08edb790736bd22ab3752ae32dc573121
ai_yue2_muse_cn_suno_cn_010720_0,1,YuE2,development,muse:suno_cn_010720,yue2_extension_muse_cn_suno_cn_010720_0,30,48000,86296e6a37902c09689a1b7403b0728e9038e0a8def214ed0a8da241ed51d0cb
ai_yue2_muse_cn_suno_cn_010769_0,1,YuE2,development,muse:suno_cn_010769,yue2_extension_muse_cn_suno_cn_010769_0,30,48000,29b566e6b2bb2cf60ec76824cd6d15a47c67e54259c9447273319aa513b773ea
ai_yue2_muse_cn_suno_cn_010854_0,1,YuE2,development,muse:suno_cn_010854,yue2_extension_muse_cn_suno_cn_010854_0,30,48000,25c78d6522f14fc6adf99c5954acf351d2f83059e25e8a916e1cc957d0b4dc52
ai_yue2_muse_cn_suno_cn_010922_0,1,YuE2,development,muse:suno_cn_010922,yue2_extension_muse_cn_suno_cn_010922_0,30,48000,799e97c7096daace1b998eb0c88581280beb6fad4791501fb7091cf676561e0b
ai_yue2_muse_cn_suno_cn_010968_1,1,YuE2,development,muse:suno_cn_010968,yue2_extension_muse_cn_suno_cn_010968_1,30,48000,f1fcd897d1a457a9514834ffcb7a83197dec94e2c9f25c4d4b2828b48de1ac4a
ai_yue2_muse_cn_suno_cn_010976_1,1,YuE2,development,muse:suno_cn_010976,yue2_extension_muse_cn_suno_cn_010976_1,30,48000,97c72afba63faf4b85396da56d8799bcb8f3db64bcaaea78cb2b44e67e3b7bec
ai_yue2_muse_cn_suno_cn_011062_1,1,YuE2,development,muse:suno_cn_011062,yue2_extension_muse_cn_suno_cn_011062_1,30,48000,0a57cce5e540881392334a311f486f244edb431a02aa68ad6080f42c5d032bee
ai_yue2_muse_cn_suno_cn_011091_0,1,YuE2,development,muse:suno_cn_011091,yue2_extension_muse_cn_suno_cn_011091_0,30,48000,adf740306ed472425559614b7eb51d463d0ca22eac5f9812ccb130daec1a2373
ai_yue2_muse_cn_suno_cn_011204_1,1,YuE2,development,muse:suno_cn_011204,yue2_extension_muse_cn_suno_cn_011204_1,30,48000,5749c065d634f39196e4e8ab6ac7d443be18fc46627bd23aadce67782f1926ce
ai_yue2_muse_cn_suno_cn_011565_0,1,YuE2,development,muse:suno_cn_011565,yue2_extension_muse_cn_suno_cn_011565_0,30,48000,a6c3159347eb306e2dd1c9b61d6fd2f83a7ea137653c28f07cea4c0d6c94655e
ai_yue2_muse_cn_suno_cn_011610_0,1,YuE2,development,muse:suno_cn_011610,yue2_extension_muse_cn_suno_cn_011610_0,30,48000,4e11bf9e885256a72fd87d54cf3448fb7bf657793ebcc0a22eb3134bd58ed968
ai_yue2_muse_cn_suno_cn_011638_1,1,YuE2,development,muse:suno_cn_011638,yue2_extension_muse_cn_suno_cn_011638_1,30,48000,34c97ddd5c5dc7b19a1459bb96db28ea87a499d03a4b9cb3ad55188daf931e42
ai_yue2_muse_cn_suno_cn_011869_0,1,YuE2,development,muse:suno_cn_011869,yue2_extension_muse_cn_suno_cn_011869_0,30,48000,a46c95465c87d16fc1be3fe03dd0d4ad02ab27ef73e0be4dc9aa078b429298f3
ai_yue2_muse_cn_suno_cn_012107_1,1,YuE2,development,muse:suno_cn_012107,yue2_extension_muse_cn_suno_cn_012107_1,30,48000,e1c236ba285ddaa47d7d32a76a2dd07f8e74b755eebedc166d3895c58e8a6098
ai_yue2_muse_cn_suno_cn_012177_0,1,YuE2,development,muse:suno_cn_012177,yue2_extension_muse_cn_suno_cn_012177_0,30,48000,f2f6a694d7a119f7094cc0f8a448007372298827d9af34fe648c94c2bf4b6c67
ai_yue2_muse_cn_suno_cn_012498_0,1,YuE2,development,muse:suno_cn_012498,yue2_extension_muse_cn_suno_cn_012498_0,30,48000,005bcbfadd71e69ea774444493a2392f41223bb1f77f0bc1c91fab39767693ba
ai_yue2_muse_cn_suno_cn_012705_0,1,YuE2,development,muse:suno_cn_012705,yue2_extension_muse_cn_suno_cn_012705_0,30,48000,9e5bc41c64ff6d999102f994188de6bfc8d5ada4761519484a4293c78d3ebfc1
ai_yue2_muse_cn_suno_cn_012899_1,1,YuE2,development,muse:suno_cn_012899,yue2_extension_muse_cn_suno_cn_012899_1,30,48000,90b12052e77f305c40d6b85f8f1128b1f274ee484860692fa7760eeaa48602e7
ai_yue2_muse_cn_suno_cn_012967_1,1,YuE2,development,muse:suno_cn_012967,yue2_extension_muse_cn_suno_cn_012967_1,30,48000,06d0f48c0f69a0c42bae8693916ee7fbb190285b506c519c8ec1426e73c9bdd6
ai_yue2_muse_cn_suno_cn_013167_0,1,YuE2,development,muse:suno_cn_013167,yue2_extension_muse_cn_suno_cn_013167_0,30,48000,a5749aff1ea15c4869dd3625170c8d211bcb8b14e8d331fea967810f5be34f30
ai_yue2_muse_cn_suno_cn_013206_0,1,YuE2,development,muse:suno_cn_013206,yue2_extension_muse_cn_suno_cn_013206_0,30,48000,6eb3282f5654315c815b3923f1f11be971952f33fa6ca949dbdf6e16a5d505bd
ai_yue2_muse_cn_suno_cn_013209_1,1,YuE2,development,muse:suno_cn_013209,yue2_extension_muse_cn_suno_cn_013209_1,30,48000,906bc1ecf8f3a88380c7154330bee364f221e8d0d1ee8529c1934b7b7d84bc94
ai_yue2_muse_cn_suno_cn_013771_1,1,YuE2,development,muse:suno_cn_013771,yue2_extension_muse_cn_suno_cn_013771_1,30,48000,8261e361c94eac61df375f880557964a5d648f6c4fd7ccbba2c74efb861dae51
ai_yue2_muse_cn_suno_cn_013851_1,1,YuE2,development,muse:suno_cn_013851,yue2_extension_muse_cn_suno_cn_013851_1,30,48000,d5a78a23f5ab74a8b92a98920a3634290886248509eb9f943bb4af8337bf0a66
ai_yue2_muse_cn_suno_cn_014378_1,1,YuE2,development,muse:suno_cn_014378,yue2_extension_muse_cn_suno_cn_014378_1,30,48000,a43bb063b6335a340dbf321dea11d0b435a3add16d7d657d629b1308a766ef9f
ai_yue2_muse_cn_suno_cn_014516_1,1,YuE2,development,muse:suno_cn_014516,yue2_extension_muse_cn_suno_cn_014516_1,30,48000,9449c48c5fd525f60cb7a5c13d3c560d643337ebd821b000e48b20a410ea31ab
ai_yue2_muse_cn_suno_cn_014692_0,1,YuE2,development,muse:suno_cn_014692,yue2_extension_muse_cn_suno_cn_014692_0,30,48000,11fde2f3fdd082090a5aecda53f16f06bb9f5b79ff3668cf1df2d08f9dc11d62
ai_yue2_muse_cn_suno_cn_014722_0,1,YuE2,development,muse:suno_cn_014722,yue2_extension_muse_cn_suno_cn_014722_0,30,48000,c69df5e7c7d9829387504d2712f75c059a652c70dad20bdc16ccde3cfba4f3ad
ai_yue2_muse_cn_suno_cn_014780_1,1,YuE2,development,muse:suno_cn_014780,yue2_extension_muse_cn_suno_cn_014780_1,30,48000,0e146bae9ca82af59847c0af6880d2c56b77d5c5893487a7253a88c0a35ac210
ai_yue2_muse_cn_suno_cn_014976_0,1,YuE2,development,muse:suno_cn_014976,yue2_extension_muse_cn_suno_cn_014976_0,30,48000,4e4cf215c14cc8ada34836cabdf69902438b787a9e38b815582c0bf30eee250c
ai_yue2_muse_cn_suno_cn_015187_1,1,YuE2,development,muse:suno_cn_015187,yue2_extension_muse_cn_suno_cn_015187_1,30,48000,b2d501faa30e28207f3caf1185d4e11f343bcd5bf47df1a41cc71054ab142da5
ai_yue2_muse_cn_suno_cn_015622_0,1,YuE2,development,muse:suno_cn_015622,yue2_extension_muse_cn_suno_cn_015622_0,30,48000,8468ec5cd49973e4c2720c81c52dda64d3ef5c2968a9f7129cb4446acd683897
ai_yue2_muse_cn_suno_cn_015652_0,1,YuE2,development,muse:suno_cn_015652,yue2_extension_muse_cn_suno_cn_015652_0,30,48000,fff2f132a887f1f809e059f0c4bbc3d938746abcca65d48f8a0884e102227e60
ai_yue2_muse_cn_suno_cn_015840_1,1,YuE2,development,muse:suno_cn_015840,yue2_extension_muse_cn_suno_cn_015840_1,30,48000,e6a177e3d9ffca260e43c5657f2495a9c1610551e199e2a709bfc9e7dc1292f7
ai_yue2_muse_cn_suno_cn_015869_0,1,YuE2,development,muse:suno_cn_015869,yue2_extension_muse_cn_suno_cn_015869_0,30,48000,3e69e608cfd850bdb77df0ed91029c64639c27d0bdbd21702784993f5c4e9893
ai_yue2_muse_cn_suno_cn_015906_0,1,YuE2,development,muse:suno_cn_015906,yue2_extension_muse_cn_suno_cn_015906_0,30,48000,ecf525efbc692c7c25b1788766e159e558ecb0aa291076e7cde4f6ad8cce1dba
ai_yue2_muse_cn_suno_cn_016011_0,1,YuE2,development,muse:suno_cn_016011,yue2_extension_muse_cn_suno_cn_016011_0,30,48000,2bd02fc5a03c95409b0bb7b610efe1bf676435563086a0c9336cbc50bd5d807f
ai_yue2_muse_cn_suno_cn_016186_1,1,YuE2,development,muse:suno_cn_016186,yue2_extension_muse_cn_suno_cn_016186_1,30,48000,dca05d8f4991d8e94ba2399aed28f2a43c701c2b3b677e73e24aa80d35afe902
ai_yue2_muse_cn_suno_cn_016201_1,1,YuE2,development,muse:suno_cn_016201,yue2_extension_muse_cn_suno_cn_016201_1,30,48000,c8132f7112866f2e7427d4000164b328884aae0e455b21d2ba56c65051d100de
ai_yue2_muse_cn_suno_cn_016541_1,1,YuE2,development,muse:suno_cn_016541,yue2_extension_muse_cn_suno_cn_016541_1,30,48000,eebd3eb733965f1421410892f8ffaeda7f845de64069cd31618fb831eb622426
ai_yue2_muse_cn_suno_cn_016564_1,1,YuE2,development,muse:suno_cn_016564,yue2_extension_muse_cn_suno_cn_016564_1,30,48000,356e03bf41dbff6621010abd5d56380c639fcb4c2c1ba47151c94f356bd9c34d
ai_yue2_muse_cn_suno_cn_017217_1,1,YuE2,development,muse:suno_cn_017217,yue2_extension_muse_cn_suno_cn_017217_1,30,48000,0587ffe98dee22b99498bf1440cc28b43c39316012f2ecd83f7e59e1fda415e6
ai_yue2_muse_cn_suno_cn_017343_0,1,YuE2,development,muse:suno_cn_017343,yue2_extension_muse_cn_suno_cn_017343_0,30,48000,89cf7fc4d97fc15f44a8658973a803cdf8ab0ec0f835df1bd23b04e3c517256a
ai_yue2_muse_cn_suno_cn_017373_0,1,YuE2,development,muse:suno_cn_017373,yue2_extension_muse_cn_suno_cn_017373_0,30,48000,64a346db92fcac3de4d8342404eb77505685b235e38ac46d1f85297319a61e72
ai_yue2_muse_cn_suno_cn_017486_0,1,YuE2,development,muse:suno_cn_017486,yue2_extension_muse_cn_suno_cn_017486_0,30,48000,de58bd933681daf21f73659e4f4d037c275c0e97546f3fb6e0d47023d6893f90
ai_yue2_muse_cn_suno_cn_017531_0,1,YuE2,development,muse:suno_cn_017531,yue2_extension_muse_cn_suno_cn_017531_0,30,48000,788133445bad9901ade02df92cfe2d9b964d232df8bb40ce5b1f6b175734b94d
ai_yue2_muse_cn_suno_cn_017645_1,1,YuE2,development,muse:suno_cn_017645,yue2_extension_muse_cn_suno_cn_017645_1,30,48000,f73e8d98a57b705643b5e7387f2ae79be66b340c197ef9279cc73d77ce758bef
ai_yue2_muse_cn_suno_cn_017803_1,1,YuE2,development,muse:suno_cn_017803,yue2_extension_muse_cn_suno_cn_017803_1,30,48000,f8126e8414ab12545cd713d7e502961adae8881b874a009f0c123b683d03d323
ai_yue2_muse_cn_suno_cn_017832_1,1,YuE2,development,muse:suno_cn_017832,yue2_extension_muse_cn_suno_cn_017832_1,30,48000,9522a47e3644bf9d84474b53826d180ef039bcbd90f60caae1b81cde526f4859
ai_yue2_muse_cn_suno_cn_017956_1,1,YuE2,development,muse:suno_cn_017956,yue2_extension_muse_cn_suno_cn_017956_1,30,48000,406c27853b503171a9a93b9b20df6a235918ce29996002cda96368f30ac708bc
ai_yue2_muse_cn_suno_cn_017992_0,1,YuE2,development,muse:suno_cn_017992,yue2_extension_muse_cn_suno_cn_017992_0,30,48000,a72b964f8a90bcf93ee3aae0e574fd4b82c1169a225bba27161182a077561eab
ai_yue2_muse_cn_suno_cn_018057_0,1,YuE2,development,muse:suno_cn_018057,yue2_extension_muse_cn_suno_cn_018057_0,30,48000,dd817126b46f4f227120075514d003b086f7c132164a90cc9362572a56e88626
ai_yue2_muse_cn_suno_cn_018338_1,1,YuE2,development,muse:suno_cn_018338,yue2_extension_muse_cn_suno_cn_018338_1,30,48000,292c5f640b878e673acb5df33c0b8f61894a43cb2705401596701a2d8f7b8d96
ai_yue2_muse_cn_suno_cn_018558_1,1,YuE2,development,muse:suno_cn_018558,yue2_extension_muse_cn_suno_cn_018558_1,30,48000,0805943d18dffa44c27295ecfd375f0a5a83130d4e7176af16d57232e6a8424f
ai_yue2_muse_cn_suno_cn_018563_0,1,YuE2,development,muse:suno_cn_018563,yue2_extension_muse_cn_suno_cn_018563_0,30,48000,4e1ef25f1ad605a9b4b6a086ddb08daa598c78da73f1f2c79908a12367ecff36
ai_yue2_muse_cn_suno_cn_018634_1,1,YuE2,development,muse:suno_cn_018634,yue2_extension_muse_cn_suno_cn_018634_1,30,48000,5e3f2a613cf0350a4a479c4a62323cff0f5ee96b5442b799da543c964472e7f9
ai_yue2_muse_cn_suno_cn_018814_1,1,YuE2,development,muse:suno_cn_018814,yue2_extension_muse_cn_suno_cn_018814_1,30,48000,b49bab3ec2cb458e2861d64656c9f175abb60e7fca820e667cc57ad37d6521b8
ai_yue2_muse_cn_suno_cn_019033_1,1,YuE2,development,muse:suno_cn_019033,yue2_extension_muse_cn_suno_cn_019033_1,30,48000,955170c7af906637e880c510b1fce63b41ac2e7e14f229e03e3d7ea41801a0b3
ai_yue2_muse_cn_suno_cn_019084_0,1,YuE2,development,muse:suno_cn_019084,yue2_extension_muse_cn_suno_cn_019084_0,30,48000,3aee4b4f91cfdfb1e1dc6c2cd9f12ad66279bb054e7a3f49435825f7e195c94e
ai_yue2_muse_cn_suno_cn_019155_0,1,YuE2,development,muse:suno_cn_019155,yue2_extension_muse_cn_suno_cn_019155_0,30,48000,4947af2fb3e34997a81b313419f7aacf03049577a2598f31d542732741e4ab2a
ai_yue2_muse_cn_suno_cn_019557_1,1,YuE2,development,muse:suno_cn_019557,yue2_extension_muse_cn_suno_cn_019557_1,30,48000,2676768e64c04422828c14f722d36f91e282f3696b26986df5dd4153669311ba
ai_yue2_muse_cn_suno_cn_019593_0,1,YuE2,development,muse:suno_cn_019593,yue2_extension_muse_cn_suno_cn_019593_0,30,48000,ffa5833cbd27a7ce5980f1f316e939cc9e4c13e65e3355739c081d6115cd55af
ai_yue2_muse_cn_suno_cn_019618_0,1,YuE2,development,muse:suno_cn_019618,yue2_extension_muse_cn_suno_cn_019618_0,30,48000,403574e3dd68fc08a2c5fbd411c6e86364fcd6d11f21a2cf03913c9ce3a1a7ff
ai_yue2_muse_cn_suno_cn_019709_1,1,YuE2,development,muse:suno_cn_019709,yue2_extension_muse_cn_suno_cn_019709_1,30,48000,097a20123fb204c7534528210ad1646f1551c3a45f6d4b1ff10b25a5544c6cc9
ai_yue2_muse_cn_suno_cn_019962_1,1,YuE2,development,muse:suno_cn_019962,yue2_extension_muse_cn_suno_cn_019962_1,30,48000,70b2b8249b987d42481a8f083dacee61c58e5be98ca3d030d46cb25d4270e7f9
ai_yue2_muse_cn_suno_cn_020151_1,1,YuE2,development,muse:suno_cn_020151,yue2_extension_muse_cn_suno_cn_020151_1,30,48000,1bc163eef2a5d4debd629a078c39da753177df5264ebc544933f1fab38b5335b
ai_yue2_muse_cn_suno_cn_020176_0,1,YuE2,development,muse:suno_cn_020176,yue2_extension_muse_cn_suno_cn_020176_0,30,48000,071cd4063620e95b67c197b5f6f79bc9880ad76c18702fab9bf98b30189ae324
ai_yue2_muse_cn_suno_cn_020583_0,1,YuE2,development,muse:suno_cn_020583,yue2_extension_muse_cn_suno_cn_020583_0,30,48000,2636338a4493aa05414c120f1aef3156790b95a3d43a5eae120afbdf52537dab
ai_yue2_muse_cn_suno_cn_020622_1,1,YuE2,development,muse:suno_cn_020622,yue2_extension_muse_cn_suno_cn_020622_1,30,48000,f38d1446830edddb392e8817759547b8ccff4c0650991bee8c4f84d0c0d9de47
ai_yue2_muse_cn_suno_cn_020623_0,1,YuE2,development,muse:suno_cn_020623,yue2_extension_muse_cn_suno_cn_020623_0,30,48000,9479858e1d60cebd44ab90f971b939575cca279b4768ca7c59126765617837db
ai_yue2_muse_cn_suno_cn_020838_1,1,YuE2,development,muse:suno_cn_020838,yue2_extension_muse_cn_suno_cn_020838_1,30,48000,af009f43f8cf5ee3dca16829e3efd71d7e187f9f081489b52c5034eb0d4063be
ai_yue2_muse_cn_suno_cn_020854_0,1,YuE2,development,muse:suno_cn_020854,yue2_extension_muse_cn_suno_cn_020854_0,30,48000,000e588f62c9e30fb2287d3c3286aed1afebd21d155380b25d54a901ae28d314
ai_yue2_muse_cn_suno_cn_020956_0,1,YuE2,development,muse:suno_cn_020956,yue2_extension_muse_cn_suno_cn_020956_0,30,48000,62f491234c463f96428ff7fa87ceed25234131b7f1b25bbb18a397bdf7db2740
ai_yue2_muse_cn_suno_cn_020962_1,1,YuE2,development,muse:suno_cn_020962,yue2_extension_muse_cn_suno_cn_020962_1,30,48000,e02cbc2ac357e18371af260a430db945ef2037d02735b796033079db84050a5e
ai_yue2_muse_cn_suno_cn_021072_1,1,YuE2,development,muse:suno_cn_021072,yue2_extension_muse_cn_suno_cn_021072_1,30,48000,1d8e82506750d8a7b419c78d3cae323b9371739e817892a045ab13f4bad6c2e4
ai_yue2_muse_cn_suno_cn_021265_1,1,YuE2,development,muse:suno_cn_021265,yue2_extension_muse_cn_suno_cn_021265_1,30,48000,8aaa8cd308ff32006f790d00db5dd429a618397972fe8b1f6b1e073c39eff2a7
ai_yue2_muse_cn_suno_cn_021396_1,1,YuE2,development,muse:suno_cn_021396,yue2_extension_muse_cn_suno_cn_021396_1,30,48000,e62410638797ca354ecfc7bf4193879e330592d48a0547b68b876e1e1b823cc0
ai_yue2_muse_cn_suno_cn_021599_1,1,YuE2,development,muse:suno_cn_021599,yue2_extension_muse_cn_suno_cn_021599_1,30,48000,11cdc833b5ea6f7636b09bd485bd685d4baa974e31c26051ada6e822de5ee238
ai_yue2_muse_cn_suno_cn_021662_1,1,YuE2,development,muse:suno_cn_021662,yue2_extension_muse_cn_suno_cn_021662_1,30,48000,747d35299db182ad76aeeca261b537eae7abfcd8bcc4a1a0305fe8dd2ff92940
ai_yue2_muse_cn_suno_cn_021766_1,1,YuE2,development,muse:suno_cn_021766,yue2_extension_muse_cn_suno_cn_021766_1,30,48000,4cc28f1bfa021ca1b3e68bfaed7b3f4fae04d4d02e55a2d0eba61d5a61b8e681
ai_yue2_muse_cn_suno_cn_021803_0,1,YuE2,development,muse:suno_cn_021803,yue2_extension_muse_cn_suno_cn_021803_0,30,48000,8a00730651fadc67a0b4821e89ad95d502f7676bccf3b814b046b29e8d8b04ff
ai_yue2_muse_cn_suno_cn_021942_1,1,YuE2,development,muse:suno_cn_021942,yue2_extension_muse_cn_suno_cn_021942_1,30,48000,421ac19353433ea98e5e29bba83bed4cb6833ef6c4568ef80d01b549c08fc74c
ai_yue2_muse_cn_suno_cn_021964_1,1,YuE2,development,muse:suno_cn_021964,yue2_extension_muse_cn_suno_cn_021964_1,30,48000,29b3448f8dd5279f5ead85a391903d22d24d472ccb2a73014eae034d56fd5ea7
ai_yue2_muse_cn_suno_cn_021992_0,1,YuE2,development,muse:suno_cn_021992,yue2_extension_muse_cn_suno_cn_021992_0,30,48000,a12892a23b9938fb300cbb895fea036b260156ce0706f13008420d44fc69c5e6
ai_yue2_muse_cn_suno_cn_022781_1,1,YuE2,development,muse:suno_cn_022781,yue2_extension_muse_cn_suno_cn_022781_1,30,48000,952e3fba0b86c8961ac34513dd3e687d33cd6500ac0ce2944e9493bc8f5eb5c1
ai_yue2_muse_cn_suno_cn_022963_0,1,YuE2,development,muse:suno_cn_022963,yue2_extension_muse_cn_suno_cn_022963_0,30,48000,36f483c59c33c9ed95d6e8e93c25649be6f3fc206c4b4f1d737635793f010a3f
ai_yue2_muse_cn_suno_cn_023026_0,1,YuE2,development,muse:suno_cn_023026,yue2_extension_muse_cn_suno_cn_023026_0,30,48000,e27886cd72a1779bbf4045f6f90391cbaff3837df3ea0f63b93e4fa339e16585
ai_yue2_muse_cn_suno_cn_023072_0,1,YuE2,development,muse:suno_cn_023072,yue2_extension_muse_cn_suno_cn_023072_0,30,48000,f0829227cacd3d62bf0381681b4f5bda41eb052fedd3cd02b08cdf5f6973dd6a
ai_yue2_muse_cn_suno_cn_023110_0,1,YuE2,development,muse:suno_cn_023110,yue2_extension_muse_cn_suno_cn_023110_0,30,48000,ac57ef3bbf1825ac49411f9646e457f3f382941cc7085ec4853ea473efa8fd9f
ai_yue2_muse_cn_suno_cn_023220_0,1,YuE2,development,muse:suno_cn_023220,yue2_extension_muse_cn_suno_cn_023220_0,30,48000,2fd1abc4891da1fb922397269b173eb21be60cd43b3b98ae481732befffcba53
ai_yue2_muse_cn_suno_cn_023274_0,1,YuE2,development,muse:suno_cn_023274,yue2_extension_muse_cn_suno_cn_023274_0,30,48000,16cb76838987a66a0a42515c765c2291d2256776aa91599379319538e192e11f
ai_yue2_muse_cn_suno_cn_023399_0,1,YuE2,development,muse:suno_cn_023399,yue2_extension_muse_cn_suno_cn_023399_0,30,48000,cf4ddcf685cb3b4d1229ba8fd9625ec1ff191c6e4f7a2f23965535d0f3e692a9
ai_yue2_muse_cn_suno_cn_023450_0,1,YuE2,development,muse:suno_cn_023450,yue2_extension_muse_cn_suno_cn_023450_0,30,48000,7eae8bc1b3788fe4cbad7d2cadf5b5b6c9934ac17cd0bf421a55a15a3d3fe743
ai_yue2_muse_cn_suno_cn_023486_1,1,YuE2,development,muse:suno_cn_023486,yue2_extension_muse_cn_suno_cn_023486_1,30,48000,39a0db10c43624d8a261b7561c478a7c9ea05a7aedd0af654bfd8a9111a548da
ai_yue2_muse_cn_suno_cn_023805_0,1,YuE2,development,muse:suno_cn_023805,yue2_extension_muse_cn_suno_cn_023805_0,30,48000,fb8a8cffc2e86899113664c28f7aab41bd700c0745239cfc8951e250177dbce6
ai_yue2_muse_cn_suno_cn_023829_1,1,YuE2,development,muse:suno_cn_023829,yue2_extension_muse_cn_suno_cn_023829_1,30,48000,3726b7050006735812fe49219f21d30c7fcee16c2c6d9ed5f7274a0c30be0510
ai_yue2_muse_cn_suno_cn_023885_1,1,YuE2,development,muse:suno_cn_023885,yue2_extension_muse_cn_suno_cn_023885_1,30,48000,3248b3ddbaf554e1d0883b0f181831178a942e393a7eb85da74b8215063d1eec
ai_yue2_muse_cn_suno_cn_023910_1,1,YuE2,development,muse:suno_cn_023910,yue2_extension_muse_cn_suno_cn_023910_1,30,48000,647d1aa666831574eb25a97bdc11cf173abb3f9fa022de0ff46d6911c7d276d2
ai_yue2_muse_cn_suno_cn_023964_1,1,YuE2,development,muse:suno_cn_023964,yue2_extension_muse_cn_suno_cn_023964_1,30,48000,a39138b4ac2fb57618406d5815d4ca3fb1dab12feb7fafd604ee86cd2cfeea58
ai_yue2_muse_cn_suno_cn_024218_0,1,YuE2,development,muse:suno_cn_024218,yue2_extension_muse_cn_suno_cn_024218_0,30,48000,7fceb930dd1629666f651eea9d59cb0a19a1e40da02a9d5cbc9a389b4e47f141
ai_yue2_muse_cn_suno_cn_024242_1,1,YuE2,development,muse:suno_cn_024242,yue2_extension_muse_cn_suno_cn_024242_1,30,48000,896c9a3a2d634abd847731eb0fbaf175f4583d4e1ca594d21c35bbba173fbae4
ai_yue2_muse_cn_suno_cn_024403_1,1,YuE2,development,muse:suno_cn_024403,yue2_extension_muse_cn_suno_cn_024403_1,30,48000,0e51915914e45a8706bdea497c630149fc5e064710fccc8848a661db9e966df5
ai_yue2_muse_cn_suno_cn_024482_0,1,YuE2,development,muse:suno_cn_024482,yue2_extension_muse_cn_suno_cn_024482_0,30,48000,085ff0ad9883c13315d457f48ccf6b3155f74ca2ce7d0390c7998311284480ed
ai_yue2_muse_cn_suno_cn_024491_1,1,YuE2,development,muse:suno_cn_024491,yue2_extension_muse_cn_suno_cn_024491_1,30,48000,b5d7ca9de9dfb5f74ac990091a8036a919857aeb006a830befc9a3b34fdb098b
ai_yue2_muse_cn_suno_cn_024565_0,1,YuE2,development,muse:suno_cn_024565,yue2_extension_muse_cn_suno_cn_024565_0,30,48000,44034abd09b6bead8e0956f6fca9097eac6a364c08789611cd9f3a80d93796e5
ai_yue2_muse_cn_suno_cn_024768_0,1,YuE2,development,muse:suno_cn_024768,yue2_extension_muse_cn_suno_cn_024768_0,30,48000,15d2aac87c13e837bc502b1a1a2576c2385d4032a5a21874a81ede2d05532404
ai_yue2_muse_cn_suno_cn_024852_1,1,YuE2,development,muse:suno_cn_024852,yue2_extension_muse_cn_suno_cn_024852_1,30,48000,a5fe06f62852ccf00004e8149b9b3589597cb2b5d7051d9a7354ee2c24719ca4
ai_yue2_muse_cn_suno_cn_024907_1,1,YuE2,development,muse:suno_cn_024907,yue2_extension_muse_cn_suno_cn_024907_1,30,48000,726b896eb0584493e8c26fbef87fb3778a2d28f626cb345ac19bc7c6a9756bfa
ai_yue2_muse_en_suno_en_000171_1,1,YuE2,development,muse:suno_en_000171,yue2_extension_muse_en_suno_en_000171_1,30,48000,7e606aa3a936835d6c1ba36edc129b09c4e8c52771f1f442d6ddb6c36255209c
ai_yue2_muse_en_suno_en_000178_0,1,YuE2,development,muse:suno_en_000178,yue2_extension_muse_en_suno_en_000178_0,30,48000,53201afe22661fb1c4b5cb4760f955a5779c80d1579e65421859f0cbfcee351e
ai_yue2_muse_en_suno_en_000234_1,1,YuE2,development,muse:suno_en_000234,yue2_extension_muse_en_suno_en_000234_1,30,48000,c26e9c4320537772138ce8b6f6e944a50ce94ed2e1424a0c4094c0b075c3f4e2
ai_yue2_muse_en_suno_en_000300_1,1,YuE2,development,muse:suno_en_000300,yue2_extension_muse_en_suno_en_000300_1,30,48000,7a4f2391e346a3252e6bd1236e1c55c3f263071e41b51118ef34515ac7884a56
ai_yue2_muse_en_suno_en_000394_1,1,YuE2,development,muse:suno_en_000394,yue2_extension_muse_en_suno_en_000394_1,30,48000,c43dcb3382ca05511711d18dbf3298af3010c2001a2b909591b692387d304c8e
ai_yue2_muse_en_suno_en_000542_1,1,YuE2,development,muse:suno_en_000542,yue2_extension_muse_en_suno_en_000542_1,30,48000,8e2e34902a9f9d7e0a83de60cad343b230ef8be53118f5d5a00afe5926ad43c5
ai_yue2_muse_en_suno_en_000948_0,1,YuE2,development,muse:suno_en_000948,yue2_extension_muse_en_suno_en_000948_0,30,48000,8e5412596004d9ffeb3f15722ae234c5c3caa56ebb8218b038d6f7cae4b68833
ai_yue2_muse_en_suno_en_000972_1,1,YuE2,development,muse:suno_en_000972,yue2_extension_muse_en_suno_en_000972_1,30,48000,809f2edd0fca86e3b2f6397ec1ad61e77c02687575ddcc18af911100a186ed17
ai_yue2_muse_en_suno_en_001129_0,1,YuE2,development,muse:suno_en_001129,yue2_extension_muse_en_suno_en_001129_0,30,48000,7f3630701aa0a81b2837fd264eb3209ff82470bdae57567f66e227df87bfbec4
ai_yue2_muse_en_suno_en_001537_0,1,YuE2,development,muse:suno_en_001537,yue2_extension_muse_en_suno_en_001537_0,30,48000,42279c4ea4d7e8343985d4d69a16175be34c3df5987ec52514b0e51ee2d984a2
ai_yue2_muse_en_suno_en_001605_1,1,YuE2,development,muse:suno_en_001605,yue2_extension_muse_en_suno_en_001605_1,30,48000,49b4efbc3dbdd4e1f334e0826486277402adef790b7f274980be3c0ee99f38cf
ai_yue2_muse_en_suno_en_001633_0,1,YuE2,development,muse:suno_en_001633,yue2_extension_muse_en_suno_en_001633_0,30,48000,56a1de6fb79c31d78ca9e2979764357144eb7f109835223510676ea4b38cf652
ai_yue2_muse_en_suno_en_001875_0,1,YuE2,development,muse:suno_en_001875,yue2_extension_muse_en_suno_en_001875_0,30,48000,4287576c81f51bf2488b897e37b3adbef3c08008ec0a9681450fa5e5869cc6e0
ai_yue2_muse_en_suno_en_001913_1,1,YuE2,development,muse:suno_en_001913,yue2_extension_muse_en_suno_en_001913_1,30,48000,9bce1dddc581651289349ee83243e61c28308ec5fefc0240b2a7808bbfa64fb1
ai_yue2_muse_en_suno_en_002048_1,1,YuE2,development,muse:suno_en_002048,yue2_extension_muse_en_suno_en_002048_1,30,48000,b8c732237e8085391624ea2bd76188c855ba7ac963a1ca30625127c613284753
ai_yue2_muse_en_suno_en_002255_1,1,YuE2,development,muse:suno_en_002255,yue2_extension_muse_en_suno_en_002255_1,30,48000,ace6dda46ac6cff35da6dc8a01488f7edad907c90845b9c142c564c059218f40
ai_yue2_muse_en_suno_en_002426_1,1,YuE2,development,muse:suno_en_002426,yue2_extension_muse_en_suno_en_002426_1,30,48000,7953f76fe318a51ac433172788a1d6cbe833c65881382c61d123db7f86448773
ai_yue2_muse_en_suno_en_002603_1,1,YuE2,development,muse:suno_en_002603,yue2_extension_muse_en_suno_en_002603_1,30,48000,304f41e41b6180b0b6651c9391ebc2ad94f43eb876a1342ec161ff1af59911fa
ai_yue2_muse_en_suno_en_002634_0,1,YuE2,development,muse:suno_en_002634,yue2_extension_muse_en_suno_en_002634_0,30,48000,286dca6ba0019e8336667da5e836812cd116f053cdbd639305a46d384d0774af
ai_yue2_muse_en_suno_en_002699_0,1,YuE2,development,muse:suno_en_002699,yue2_extension_muse_en_suno_en_002699_0,30,48000,09f7d31cbdcddaefa95f4abeae0614a4925330d86c53697133c137248852a6a9
ai_yue2_muse_en_suno_en_002723_1,1,YuE2,development,muse:suno_en_002723,yue2_extension_muse_en_suno_en_002723_1,30,48000,570299884b9fbf474379e77b7efa41e5976d17f5f9d4ee90d5f734093cfd7721
ai_yue2_muse_en_suno_en_002724_1,1,YuE2,development,muse:suno_en_002724,yue2_extension_muse_en_suno_en_002724_1,30,48000,e8c182c2f4fa0de176124f4a2eef2ab10c80a11677fb508bbeb089b9f679c08c
ai_yue2_muse_en_suno_en_003147_1,1,YuE2,development,muse:suno_en_003147,yue2_extension_muse_en_suno_en_003147_1,30,48000,27a6a21a95e9c610504c47426d5ceccaeab949e0cb4c63778607cac1530073ef
ai_yue2_muse_en_suno_en_003424_1,1,YuE2,development,muse:suno_en_003424,yue2_extension_muse_en_suno_en_003424_1,30,48000,5ec791dd88521a18f87e069b144ffb6c4dd76d0615423cb0b8cb8bd8df97f4cd
ai_yue2_muse_en_suno_en_003451_1,1,YuE2,development,muse:suno_en_003451,yue2_extension_muse_en_suno_en_003451_1,30,48000,72b80e2033bdf50df3a12ce8ff9991b33e9443bb460ec33d4a05e9d8ee65e6c9
ai_yue2_muse_en_suno_en_003642_1,1,YuE2,development,muse:suno_en_003642,yue2_extension_muse_en_suno_en_003642_1,30,48000,2ff735873fa0c686eb7bdb7daa25305c48f5325a5128d22b70a9d71e46984722
ai_yue2_muse_en_suno_en_003666_1,1,YuE2,development,muse:suno_en_003666,yue2_extension_muse_en_suno_en_003666_1,30,48000,db55eab7735bdac27ffe319115a8dc61e265ef2b3ea95ac49b42a14c57466af7
ai_yue2_muse_en_suno_en_003903_1,1,YuE2,development,muse:suno_en_003903,yue2_extension_muse_en_suno_en_003903_1,30,48000,9302810b988ec4dae879a271ef6229b08569e2488160115e7527c955ff6235d1
ai_yue2_muse_en_suno_en_003961_0,1,YuE2,development,muse:suno_en_003961,yue2_extension_muse_en_suno_en_003961_0,30,48000,0a89b30c0b56e0e0c19ed1693dfbbe6503c38ce0d049309ee21f24b2604989d3
ai_yue2_muse_en_suno_en_004118_0,1,YuE2,development,muse:suno_en_004118,yue2_extension_muse_en_suno_en_004118_0,30,48000,e0ba52344da5efe52578431e8af5a068d1d394da4f3962e2403fa6fd091ea275
ai_yue2_muse_en_suno_en_004217_0,1,YuE2,development,muse:suno_en_004217,yue2_extension_muse_en_suno_en_004217_0,30,48000,852cceb45119063b6aabb162ce01f2db3d049103feb80fedcd3decc68c33cbbb
ai_yue2_muse_en_suno_en_004417_1,1,YuE2,development,muse:suno_en_004417,yue2_extension_muse_en_suno_en_004417_1,30,48000,4bf10fdc5e85d3eaf200f2486db954d24be6cda17cf2142f7f1ab13fa2d2800c
ai_yue2_muse_en_suno_en_004466_1,1,YuE2,development,muse:suno_en_004466,yue2_extension_muse_en_suno_en_004466_1,30,48000,efd5c721afcbb4f02250e73fe4b767e4dfaa3c8e6ea1e9040242db58631e617d
ai_yue2_muse_en_suno_en_004478_0,1,YuE2,development,muse:suno_en_004478,yue2_extension_muse_en_suno_en_004478_0,30,48000,60fc34ff86affcce97237e73a31f3bd2295bcfeede4e672371e22eda9ecfc829
ai_yue2_muse_en_suno_en_004730_1,1,YuE2,development,muse:suno_en_004730,yue2_extension_muse_en_suno_en_004730_1,30,48000,2c95627caf29e7f4ee04e829818c957fb99945bed20980988bd77696a720a294
ai_yue2_muse_en_suno_en_004749_1,1,YuE2,development,muse:suno_en_004749,yue2_extension_muse_en_suno_en_004749_1,30,48000,34492dc907cf77eca6938ee7df471a4e022b76154fe811162ce17088235f8ae9
ai_yue2_muse_en_suno_en_005012_1,1,YuE2,development,muse:suno_en_005012,yue2_extension_muse_en_suno_en_005012_1,30,48000,26b6388d1973105bd57b08a7a5efd78c29acb1702bfd540d62051eeee4a1da7b
ai_yue2_muse_en_suno_en_005190_0,1,YuE2,development,muse:suno_en_005190,yue2_extension_muse_en_suno_en_005190_0,30,48000,feaa04095d1a08675e7a63e28175dad6102cbbdeaf09f101dc03ba95b6b2616d
ai_yue2_muse_en_suno_en_005195_1,1,YuE2,development,muse:suno_en_005195,yue2_extension_muse_en_suno_en_005195_1,30,48000,2b3c374efdfb5cd5a566ab4798b415728b7049faeebccb10e6d72590e4649823
ai_yue2_muse_en_suno_en_005991_0,1,YuE2,development,muse:suno_en_005991,yue2_extension_muse_en_suno_en_005991_0,30,48000,22280ec4afc55d3516a1e5386af2d5fe394651fe2628d3a1b630a6a78d89cb14
ai_yue2_muse_en_suno_en_005992_1,1,YuE2,development,muse:suno_en_005992,yue2_extension_muse_en_suno_en_005992_1,30,48000,260d27dd0568cab4fcfefc637eb31217357cbd8690a35dc3c23c6caaa199842c
ai_yue2_muse_en_suno_en_006200_0,1,YuE2,development,muse:suno_en_006200,yue2_extension_muse_en_suno_en_006200_0,30,48000,089734531e6672b796a8cf15b2598e93e1bd7d7c9a798014101eb3189403566a
ai_yue2_muse_en_suno_en_006876_0,1,YuE2,development,muse:suno_en_006876,yue2_extension_muse_en_suno_en_006876_0,30,48000,93a173b522646e7a8652ec7bce6a357b0a9ac0c84a779ec7730cb6625e7b9fa7
ai_yue2_muse_en_suno_en_007117_0,1,YuE2,development,muse:suno_en_007117,yue2_extension_muse_en_suno_en_007117_0,30,48000,553d7904ecfe7f363349d847076c36cfc484726cd29ce531b1eef65f031d02c5
ai_yue2_muse_en_suno_en_007200_1,1,YuE2,development,muse:suno_en_007200,yue2_extension_muse_en_suno_en_007200_1,30,48000,345ae3422300265a72baee1b9497efca91e24afa44ebacb127878aaac1b6f2c6
ai_yue2_muse_en_suno_en_007332_0,1,YuE2,development,muse:suno_en_007332,yue2_extension_muse_en_suno_en_007332_0,30,48000,93ed6eade66d90e71c9ccaf200c648651c929d1edc19faf10e8d8b16eea87f6f
ai_yue2_muse_en_suno_en_007376_0,1,YuE2,development,muse:suno_en_007376,yue2_extension_muse_en_suno_en_007376_0,30,48000,81973fa1e1630432f4f4dbbc6041aea3dbc5aaeb2bcce204bbbc30eac853825c
ai_yue2_muse_en_suno_en_007625_1,1,YuE2,development,muse:suno_en_007625,yue2_extension_muse_en_suno_en_007625_1,30,48000,3dee9a645693dabb5d4050bd41b060e6d82a69a1d69ffca335bd17a6ce55af54
ai_yue2_muse_en_suno_en_007810_1,1,YuE2,development,muse:suno_en_007810,yue2_extension_muse_en_suno_en_007810_1,30,48000,3472e8ecca8c51364a2c97f9c5e7b7e9cbe3170e166f06aaf290e69798b16c08
ai_yue2_muse_en_suno_en_007954_1,1,YuE2,development,muse:suno_en_007954,yue2_extension_muse_en_suno_en_007954_1,30,48000,e2e5b3656032863c0d41dd12ccc77409714e2fd2719e4fa3b1dce88490922ff1
ai_yue2_muse_en_suno_en_008171_0,1,YuE2,development,muse:suno_en_008171,yue2_extension_muse_en_suno_en_008171_0,30,48000,98a9be84771b926dc6792c4ea18d538343e37ace0c2486b192f3179b03f3bd72
ai_yue2_muse_en_suno_en_008190_1,1,YuE2,development,muse:suno_en_008190,yue2_extension_muse_en_suno_en_008190_1,30,48000,7b3f3d5edffe9851207a5291ca85c07a2d3e626702d545c95d76e0c6fa71f27c
ai_yue2_muse_en_suno_en_008204_0,1,YuE2,development,muse:suno_en_008204,yue2_extension_muse_en_suno_en_008204_0,30,48000,91e2f09e2f573769f1efd7616c87474e3f475f6b5746d81ce2b358c4098099a3
ai_yue2_muse_en_suno_en_008284_1,1,YuE2,development,muse:suno_en_008284,yue2_extension_muse_en_suno_en_008284_1,30,48000,2d0c73da9ba4eea1964f2839f106b3762ba0b0b99475d433a926cfadd3dda7a3
ai_yue2_muse_en_suno_en_008435_1,1,YuE2,development,muse:suno_en_008435,yue2_extension_muse_en_suno_en_008435_1,30,48000,2bda43568519ada34b410c12ad96f8e75f321d4e15d3cc6be1e61329eaa02dc6
ai_yue2_muse_en_suno_en_010654_0,1,YuE2,development,muse:suno_en_010654,yue2_extension_muse_en_suno_en_010654_0,30,48000,665104e9612a8c3361c3c7f3ce4b4000dac855d865124bc14596b5813a18915f
ai_yue2_muse_en_suno_en_010719_1,1,YuE2,development,muse:suno_en_010719,yue2_extension_muse_en_suno_en_010719_1,30,48000,997145bd51284d2fd45d4fa387f71958ca01048484801538880b6ea7102a95fe
ai_yue2_muse_en_suno_en_010805_1,1,YuE2,development,muse:suno_en_010805,yue2_extension_muse_en_suno_en_010805_1,30,48000,61c38ae6ec8afceca3571019d53731e4c227f1b3df70473a95f50c49e3a4b484
ai_yue2_muse_en_suno_en_011022_1,1,YuE2,development,muse:suno_en_011022,yue2_extension_muse_en_suno_en_011022_1,30,48000,214f30a270c829a779e26e48b22567f524fab9e095e84bd98110ddae6d511694
ai_yue2_muse_en_suno_en_011062_1,1,YuE2,development,muse:suno_en_011062,yue2_extension_muse_en_suno_en_011062_1,30,48000,5477579a0a58854fbe8f944e4a188543f22a422262bd34fd022f7b863b262c90
ai_yue2_muse_en_suno_en_011375_1,1,YuE2,development,muse:suno_en_011375,yue2_extension_muse_en_suno_en_011375_1,30,48000,1051152eb2aab8a40e5af4d7d28cca03c3fd44ccc669fa1a741b6609f71f4bba
ai_yue2_muse_en_suno_en_011430_0,1,YuE2,development,muse:suno_en_011430,yue2_extension_muse_en_suno_en_011430_0,30,48000,d0afb969c929e8883e47e5f7596e85e599ebcb74c7c0075462647ed9d1c4770e
ai_yue2_muse_en_suno_en_011432_0,1,YuE2,development,muse:suno_en_011432,yue2_extension_muse_en_suno_en_011432_0,30,48000,85ff04b4b82e1526302f009c85c3da98c16e14c5e4a4b254f4e7296ae250a242
ai_yue2_muse_en_suno_en_011584_1,1,YuE2,development,muse:suno_en_011584,yue2_extension_muse_en_suno_en_011584_1,30,48000,48a600158218614adebf9f418cacca55096a09d810f9ea640661b03708f80e7a
ai_yue2_muse_en_suno_en_011976_0,1,YuE2,development,muse:suno_en_011976,yue2_extension_muse_en_suno_en_011976_0,30,48000,a18661581a2c3d1291e915f538192aca4bca4cb76fc225a6b7b640dbd6650979
ai_yue2_muse_en_suno_en_012038_1,1,YuE2,development,muse:suno_en_012038,yue2_extension_muse_en_suno_en_012038_1,30,48000,42b252bbf7660680d37ef648358f2dee4cf05e9b81a58d109ea1736e64880cca
ai_yue2_muse_en_suno_en_012329_0,1,YuE2,development,muse:suno_en_012329,yue2_extension_muse_en_suno_en_012329_0,30,48000,e873c9aab725611377e6b8e1b95533db553280992bd9f6483dcb7230e43bdb77
ai_yue2_muse_en_suno_en_012364_0,1,YuE2,development,muse:suno_en_012364,yue2_extension_muse_en_suno_en_012364_0,30,48000,3084afca054f63235abc28f0068e224902be20b376b451ae3ca586fbb6e591df
ai_yue2_muse_en_suno_en_012403_1,1,YuE2,development,muse:suno_en_012403,yue2_extension_muse_en_suno_en_012403_1,30,48000,e12dfc1b4a8e08af301d550ab4460e778a9c9e6ed24621e57bc307520fd63c22
ai_yue2_muse_en_suno_en_012425_0,1,YuE2,development,muse:suno_en_012425,yue2_extension_muse_en_suno_en_012425_0,30,48000,073f9d4a965817911afe9a903949ff0432a285218cbcc187ff022e487d24f746
ai_yue2_muse_en_suno_en_012475_0,1,YuE2,development,muse:suno_en_012475,yue2_extension_muse_en_suno_en_012475_0,30,48000,94ee704631de7a212503175d85f2350b60e1ef8487a5bd7d4b8437c06d1a221a
ai_yue2_muse_en_suno_en_013020_0,1,YuE2,development,muse:suno_en_013020,yue2_extension_muse_en_suno_en_013020_0,30,48000,211dabfb889d5c4c58c8fb9b4829c789daf99db891df53a68afe2990835378a8
ai_yue2_muse_en_suno_en_013448_1,1,YuE2,development,muse:suno_en_013448,yue2_extension_muse_en_suno_en_013448_1,30,48000,e8680f4b77c1901ee01eb7fdca3102d40e8be24c156ce451ca4317011ca509b7
ai_yue2_muse_en_suno_en_013480_1,1,YuE2,development,muse:suno_en_013480,yue2_extension_muse_en_suno_en_013480_1,30,48000,3c0f60a24da1ed73ff857bd1d209c9d151a33250eeb371bd780d476fd3f1d7e7
ai_yue2_muse_en_suno_en_013488_0,1,YuE2,development,muse:suno_en_013488,yue2_extension_muse_en_suno_en_013488_0,30,48000,1381a7f2efe003555f41264ec4e0380489c4e7009ce4cdc5e7976efb67ac2b49
ai_yue2_muse_en_suno_en_013579_1,1,YuE2,development,muse:suno_en_013579,yue2_extension_muse_en_suno_en_013579_1,30,48000,9fa74515804bf1946bae7022dd3dd7169b293098d4f1fb4a878d20fd23246420
ai_yue2_muse_en_suno_en_013733_1,1,YuE2,development,muse:suno_en_013733,yue2_extension_muse_en_suno_en_013733_1,30,48000,742f881659d29e546cfa5432158944426ab88b3b14aa0ef8b471da9fca0e5c4f
ai_yue2_muse_en_suno_en_013915_1,1,YuE2,development,muse:suno_en_013915,yue2_extension_muse_en_suno_en_013915_1,30,48000,a50a47602304781f8744ec5d591371e2da1f5202e24f124902cadc133cbe91ca
ai_yue2_muse_en_suno_en_013922_0,1,YuE2,development,muse:suno_en_013922,yue2_extension_muse_en_suno_en_013922_0,30,48000,79e79c671c1bd9e49b8d6b7adb4365501e74bc4c79a0538a1e3f4fa995aaabbf
ai_yue2_muse_en_suno_en_013933_1,1,YuE2,development,muse:suno_en_013933,yue2_extension_muse_en_suno_en_013933_1,30,48000,8f16d4ab8566ec2f900c72aafe302a1922c00610ed3a040ad0692a43abd60c7f
ai_yue2_muse_en_suno_en_014015_1,1,YuE2,development,muse:suno_en_014015,yue2_extension_muse_en_suno_en_014015_1,30,48000,633dfd7438bb47c001f63cc85b2f1f76b4451c80376fad7184fe5c2c68712cb2
ai_yue2_muse_en_suno_en_014158_0,1,YuE2,development,muse:suno_en_014158,yue2_extension_muse_en_suno_en_014158_0,30,48000,9df26950d777df489fd2a7e052641cf53838bd5e7d416844fc9eda46149df974
ai_yue2_muse_en_suno_en_014209_1,1,YuE2,development,muse:suno_en_014209,yue2_extension_muse_en_suno_en_014209_1,30,48000,a301071ab05503bcdb8c49a5609aa8eef47a7f3daf612f08249bc3b8d927d01e
ai_yue2_muse_en_suno_en_014585_0,1,YuE2,development,muse:suno_en_014585,yue2_extension_muse_en_suno_en_014585_0,30,48000,12330d4262252e45a141445025409a47376e9599365a074aa508da0c2605515c
ai_yue2_muse_en_suno_en_015012_1,1,YuE2,development,muse:suno_en_015012,yue2_extension_muse_en_suno_en_015012_1,30,48000,4fea8b8ec86152918ed40f6246e6e836622d1948bc8b3416f7c765da4bad422d
ai_yue2_muse_en_suno_en_015231_0,1,YuE2,development,muse:suno_en_015231,yue2_extension_muse_en_suno_en_015231_0,30,48000,879dabe8c1570b07c557e792a418710787efcb30f59db96082833a8c9d4d0d47
ai_yue2_muse_en_suno_en_015394_1,1,YuE2,development,muse:suno_en_015394,yue2_extension_muse_en_suno_en_015394_1,30,48000,cc44eaabfecdd4703723e2e4d3224aa1b9747c9ea42bf5426c7f0bab08aabd6b
ai_yue2_muse_en_suno_en_015401_0,1,YuE2,development,muse:suno_en_015401,yue2_extension_muse_en_suno_en_015401_0,30,48000,e6ec77047f794beab0a25de1019298cbb10d9bd802ff5fdde2f70476d3d3b47e
ai_yue2_muse_en_suno_en_015503_0,1,YuE2,development,muse:suno_en_015503,yue2_extension_muse_en_suno_en_015503_0,30,48000,e96b0c100683106c82928246b36ecd1704d71755cf069f98fc345e219c501ba4
ai_yue2_muse_en_suno_en_015987_0,1,YuE2,development,muse:suno_en_015987,yue2_extension_muse_en_suno_en_015987_0,30,48000,c9b830be21184cc2b0996a32d2651cb359b06f27060518c8cce280b0d3ed28f8
ai_yue2_muse_en_suno_en_016103_1,1,YuE2,development,muse:suno_en_016103,yue2_extension_muse_en_suno_en_016103_1,30,48000,17dbaee47aeae941276bd6c29a3cd0d36f3c80b183adcb75928ed87b498b39de
ai_yue2_muse_en_suno_en_016116_0,1,YuE2,development,muse:suno_en_016116,yue2_extension_muse_en_suno_en_016116_0,30,48000,d2c2fdf685f4c9592625b8053c09b15edbc14e582daeccd054109b9b38d39bf8
ai_yue2_muse_en_suno_en_016716_1,1,YuE2,development,muse:suno_en_016716,yue2_extension_muse_en_suno_en_016716_1,30,48000,a5ac33429a778a1eb47cb8a2a84504c9286e3fbf8573d65655986d587e2cd88c
ai_yue2_muse_en_suno_en_016830_1,1,YuE2,development,muse:suno_en_016830,yue2_extension_muse_en_suno_en_016830_1,30,48000,fa12b18b2647b28c5954196c4439574fd6a2afda3e342dd5a5909dbd535921af
ai_yue2_muse_en_suno_en_016880_0,1,YuE2,development,muse:suno_en_016880,yue2_extension_muse_en_suno_en_016880_0,30,48000,173d34904d2d58bcef9b6af62dc02f9be9eb8182ccae021e467fe949314113cf
ai_yue2_muse_en_suno_en_017155_0,1,YuE2,development,muse:suno_en_017155,yue2_extension_muse_en_suno_en_017155_0,30,48000,646e7e145bc0dd9d2b7b582cb787ef1bd18a24045390375c5a952f16f0acbd61
ai_yue2_muse_en_suno_en_017349_0,1,YuE2,development,muse:suno_en_017349,yue2_extension_muse_en_suno_en_017349_0,30,48000,3ba1c869322f5670442c48b7003abd00a63b7333648ac2b341b671a61b82a53b
ai_yue2_muse_en_suno_en_017690_0,1,YuE2,development,muse:suno_en_017690,yue2_extension_muse_en_suno_en_017690_0,30,48000,2e5c535abcc867480fa0451338df485896d0721fde66cf3c39aaa827ae4b101f
ai_yue2_muse_en_suno_en_018072_0,1,YuE2,development,muse:suno_en_018072,yue2_extension_muse_en_suno_en_018072_0,30,48000,ae292202d8d1966aece7ba383226e84c64948e59f72f54e6d846485a03ef62d3
ai_yue2_muse_en_suno_en_018225_0,1,YuE2,development,muse:suno_en_018225,yue2_extension_muse_en_suno_en_018225_0,30,48000,bf3ddabb94afa20a8832ad68f79d18bfd27f96154661709dfff27174c38de9c9
ai_yue2_muse_en_suno_en_018255_1,1,YuE2,development,muse:suno_en_018255,yue2_extension_muse_en_suno_en_018255_1,30,48000,e2f9b9155cc17190a90a0016877d70a2505b25a8b4614ac2dc7fe5e5cca76657
ai_yue2_muse_en_suno_en_018455_1,1,YuE2,development,muse:suno_en_018455,yue2_extension_muse_en_suno_en_018455_1,30,48000,fcb70b08fc3c02c1d9c4eed6baccd643f65fcce85ace254ab1d2b31c1947527b
ai_yue2_muse_en_suno_en_018560_1,1,YuE2,development,muse:suno_en_018560,yue2_extension_muse_en_suno_en_018560_1,30,48000,7a1b1a7f0ef44431740b445826aab40a9daea5ae826b339966bd0fa128423d9a
ai_yue2_muse_en_suno_en_018763_1,1,YuE2,development,muse:suno_en_018763,yue2_extension_muse_en_suno_en_018763_1,30,48000,5dbba1fa91d1f083584ece95cf3af1b0541a1c22ba5470fb8047463400f4deed
ai_yue2_muse_en_suno_en_018861_0,1,YuE2,development,muse:suno_en_018861,yue2_extension_muse_en_suno_en_018861_0,30,48000,c77612b2a992249b5bd8159f438f1e143547664e20140bd99d1d9cb62f90bcb7
ai_yue2_muse_en_suno_en_018923_1,1,YuE2,development,muse:suno_en_018923,yue2_extension_muse_en_suno_en_018923_1,30,48000,38f881b618c5f42e3c4a33dd45ed5779f6cc84ab0772cce6902967a1697c4b96
ai_yue2_muse_en_suno_en_019197_1,1,YuE2,development,muse:suno_en_019197,yue2_extension_muse_en_suno_en_019197_1,30,48000,730ab19365946756e19f14685e92f72b073a65b5b27a7c2bac14fb8fce53f098
ai_yue2_muse_en_suno_en_019500_1,1,YuE2,development,muse:suno_en_019500,yue2_extension_muse_en_suno_en_019500_1,30,48000,83d123d74f6d1509dc80b7632a83ea37d38f81893c94d92f00fe407bb64d81f5
ai_yue2_muse_en_suno_en_019611_1,1,YuE2,development,muse:suno_en_019611,yue2_extension_muse_en_suno_en_019611_1,30,48000,a17ffa73330c700b5998f62a9bd3df7e82d6cf83498762f0d9032a206f7a7b40
ai_yue2_muse_en_suno_en_019715_1,1,YuE2,development,muse:suno_en_019715,yue2_extension_muse_en_suno_en_019715_1,30,48000,70848241dab487fa6da7fdfad7d1d5523af2d91b83a58679a90b4ae7a19368ca
ai_yue2_muse_en_suno_en_019907_0,1,YuE2,development,muse:suno_en_019907,yue2_extension_muse_en_suno_en_019907_0,30,48000,0d9d2388ec2a1fbb19acb3ed70247c8f83f23b4087cd646a80a4f6b47b3a1757
ai_yue2_muse_en_suno_en_019981_0,1,YuE2,development,muse:suno_en_019981,yue2_extension_muse_en_suno_en_019981_0,30,48000,c21de6aa87323afe5dee1133044b445da4e2499388ae573a459dba541dfdb288
ai_yue2_muse_en_suno_en_019992_1,1,YuE2,development,muse:suno_en_019992,yue2_extension_muse_en_suno_en_019992_1,30,48000,e4a9780c417a840c4a5dbfd78bd50633f8a23565a7d340a309256bb792bef1dd
ai_yue2_muse_en_suno_en_020030_0,1,YuE2,development,muse:suno_en_020030,yue2_extension_muse_en_suno_en_020030_0,30,48000,8d46af27e8c46347d4c52077370eca14707a44dfaaed7b18fadf3af1642ab52a
ai_yue2_muse_en_suno_en_020197_1,1,YuE2,development,muse:suno_en_020197,yue2_extension_muse_en_suno_en_020197_1,30,48000,714b7420fe878bac4fe4c3a7a06943be9a8c5373400a6768784dbadf2c1dabbd
ai_yue2_muse_en_suno_en_020307_1,1,YuE2,development,muse:suno_en_020307,yue2_extension_muse_en_suno_en_020307_1,30,48000,fe9317f52be26b0b6dac3943b425bcacb8c7c2c91c62764cf73632938845685a
ai_yue2_muse_en_suno_en_020365_0,1,YuE2,development,muse:suno_en_020365,yue2_extension_muse_en_suno_en_020365_0,30,48000,054a08286166ea037ca54ff80b10b01bafe32357e4449ad3aae9558255e0d229
ai_yue2_muse_en_suno_en_020375_0,1,YuE2,development,muse:suno_en_020375,yue2_extension_muse_en_suno_en_020375_0,30,48000,609380f9254f84237d97924208865064f3080b94797a67fc06c87398630b7957
ai_yue2_muse_en_suno_en_020754_1,1,YuE2,development,muse:suno_en_020754,yue2_extension_muse_en_suno_en_020754_1,30,48000,cb32df3975f483cf8128aa09cc42711cff4822202868faf76d69b322310a8e0d
ai_yue2_muse_en_suno_en_020788_0,1,YuE2,development,muse:suno_en_020788,yue2_extension_muse_en_suno_en_020788_0,30,48000,f4ca8521c3634333256626d278d0d508aad57e03536db92cb6e8c8e2cbc83553
ai_yue2_muse_en_suno_en_020867_1,1,YuE2,development,muse:suno_en_020867,yue2_extension_muse_en_suno_en_020867_1,30,48000,b9b81e0027945eb892f140629d0c9a6bea448860f3d41ad6a79501c2d5cc4639
ai_yue2_muse_en_suno_en_020874_0,1,YuE2,development,muse:suno_en_020874,yue2_extension_muse_en_suno_en_020874_0,30,48000,623228b3c3be0704b9b7d7e1a09af1aaf99ea300fd615226601dd55cb2c4885d
ai_yue2_muse_en_suno_en_020950_0,1,YuE2,development,muse:suno_en_020950,yue2_extension_muse_en_suno_en_020950_0,30,48000,343b43fd6218dc54f5e7d178ca842b0591c66f3a42807ccd7703e6c1f23fcf64
ai_yue2_muse_en_suno_en_020968_1,1,YuE2,development,muse:suno_en_020968,yue2_extension_muse_en_suno_en_020968_1,30,48000,34ffcabb6c41b104d6b05b1dfeedbcc89e2faa2b34d5cdd0e80d18bf454b9467
ai_yue2_muse_en_suno_en_021221_1,1,YuE2,development,muse:suno_en_021221,yue2_extension_muse_en_suno_en_021221_1,30,48000,7c864423d9ddf514db466aebfb7c1d7ed8e296311b1e1828ae5ce2ade9b8f1e7
ai_yue2_muse_en_suno_en_021746_1,1,YuE2,development,muse:suno_en_021746,yue2_extension_muse_en_suno_en_021746_1,30,48000,2f253f6247ed80f67cbf7c74248c9b0c8753a197b192b441f4a82f178951904e
ai_yue2_muse_en_suno_en_022194_1,1,YuE2,development,muse:suno_en_022194,yue2_extension_muse_en_suno_en_022194_1,30,48000,b4ef158ee7c45ca968dc9b07b15ba3ce9f1912bf52c4c179b43ac97da26c2860
ai_yue2_muse_en_suno_en_022546_1,1,YuE2,development,muse:suno_en_022546,yue2_extension_muse_en_suno_en_022546_1,30,48000,5c39c617489122cc2749ea1ee1db0dfd6ff0d165f29a110868a7613f44261a34
ai_yue2_muse_en_suno_en_022591_0,1,YuE2,development,muse:suno_en_022591,yue2_extension_muse_en_suno_en_022591_0,30,48000,1a6d0287ad3fbbb17901b0b9c3e1fd80ace264f8444919a8bac0b75a4eb6ad8b
ai_yue2_muse_en_suno_en_022669_1,1,YuE2,development,muse:suno_en_022669,yue2_extension_muse_en_suno_en_022669_1,30,48000,bb88060b8c7bef8e59ca19010403626c38694ace7d4851468009a65c45647a03
ai_yue2_muse_en_suno_en_023024_1,1,YuE2,development,muse:suno_en_023024,yue2_extension_muse_en_suno_en_023024_1,30,48000,4541c5f7f439f6e5c3bb74e9a6133aedaab38e8c37a10e65cf29cc0af0565c1f
ai_yue2_muse_en_suno_en_023209_1,1,YuE2,development,muse:suno_en_023209,yue2_extension_muse_en_suno_en_023209_1,30,48000,898fbf53ce294394a86468b8396ba592af96c4928a105c5b8b602bf66fc6b395
ai_yue2_muse_en_suno_en_023285_1,1,YuE2,development,muse:suno_en_023285,yue2_extension_muse_en_suno_en_023285_1,30,48000,0e9535d5bdcb76af281cd899a6d1f7e18f3b07dbea8d3e403c39c000639204ef
ai_yue2_muse_en_suno_en_023320_1,1,YuE2,development,muse:suno_en_023320,yue2_extension_muse_en_suno_en_023320_1,30,48000,382ec33c7b412377512bf86467f34de5f72c3821969b7804cc0e487fd202eeba
ai_yue2_muse_en_suno_en_023496_0,1,YuE2,development,muse:suno_en_023496,yue2_extension_muse_en_suno_en_023496_0,30,48000,2e1b86cf9a620b41f1e32621cc5994cb851a91c61fd3227cacc81b4473c43a22
ai_yue2_muse_en_suno_en_023694_1,1,YuE2,development,muse:suno_en_023694,yue2_extension_muse_en_suno_en_023694_1,30,48000,309c3174bd1e3df20eced4f5bd53672918603ce923d5ed6711751337c257d1ad
ai_yue2_muse_en_suno_en_023752_1,1,YuE2,development,muse:suno_en_023752,yue2_extension_muse_en_suno_en_023752_1,30,48000,285853368ceb052d2501aed553cddcc7e208912bb862ebbf61abef4c8e0c27d6
ai_yue2_muse_en_suno_en_023819_0,1,YuE2,development,muse:suno_en_023819,yue2_extension_muse_en_suno_en_023819_0,30,48000,74ce4e19a0a355c82e3eb382f0b3a4fb58ec42d9bc21c3294756b8aa75b8ece9
ai_yue2_muse_en_suno_en_023877_0,1,YuE2,development,muse:suno_en_023877,yue2_extension_muse_en_suno_en_023877_0,30,48000,d7d919d0ebee4c8bcd2f093d6b326a86dfcf80c65380c01f8f8553395c817c6b
ai_yue2_muse_en_suno_en_024029_1,1,YuE2,development,muse:suno_en_024029,yue2_extension_muse_en_suno_en_024029_1,30,48000,dd7bcd727fc3623b9f0ff89e1332fbf72f849fe61bd29ff1ea41df04038d09aa
ai_yue2_muse_en_suno_en_024709_1,1,YuE2,development,muse:suno_en_024709,yue2_extension_muse_en_suno_en_024709_1,30,48000,5db618f0ffa32c0700c0f9a892292ba08576692b2dbf3bc9b69b0f750be179f2
ai_yue2_muse_en_suno_en_024741_0,1,YuE2,development,muse:suno_en_024741,yue2_extension_muse_en_suno_en_024741_0,30,48000,a98713d16dffb2305cb626fa8fecbd213da14b162bdbe772b1af1d72d2833852
ai_yue2_muse_en_suno_en_025125_0,1,YuE2,development,muse:suno_en_025125,yue2_extension_muse_en_suno_en_025125_0,30,48000,ec8cea9fa63222131393d0acc94a6fd4d2096a5bd8bd94594a83e277f1010a41
ai_yue2_muse_en_suno_en_025332_0,1,YuE2,development,muse:suno_en_025332,yue2_extension_muse_en_suno_en_025332_0,30,48000,6c3ad6002f4850bf810aa15653df93ac1231afd55ef1afe2107d92e594371551
ai_yue2_muse_en_suno_en_025448_0,1,YuE2,development,muse:suno_en_025448,yue2_extension_muse_en_suno_en_025448_0,30,48000,ce43d1817a11f41029623356cb4823a64087f3d7c2c9684a901d338699c01996
ai_yue2_muse_en_suno_en_025603_1,1,YuE2,development,muse:suno_en_025603,yue2_extension_muse_en_suno_en_025603_1,30,48000,f74bba980fa4e0a110b9b207dad585b2b49aeb8eece0716d3c29a4b205b71390
ai_yue2_muse_en_suno_en_025839_1,1,YuE2,development,muse:suno_en_025839,yue2_extension_muse_en_suno_en_025839_1,30,48000,5c66919be698306fbb911c6523924892601c1861418ea77062292516fca61891
ai_yue2_muse_en_suno_en_025875_1,1,YuE2,development,muse:suno_en_025875,yue2_extension_muse_en_suno_en_025875_1,30,48000,8f9856e51c11d059e1a64cdc398281634e1c6be6a789b2dcb8cb658cc3d17bbd
ai_yue2_muse_en_suno_en_026005_0,1,YuE2,development,muse:suno_en_026005,yue2_extension_muse_en_suno_en_026005_0,30,48000,4e121457f8b6108f7ed001d390a4b1f1fa7da2916ba673c06ffda0faf5cb408c
ai_yue2_muse_en_suno_en_026074_0,1,YuE2,development,muse:suno_en_026074,yue2_extension_muse_en_suno_en_026074_0,30,48000,21cc357e60d47231b9fde13b0db4873774b69f580d9b497d8da7eb00f161589b
ai_yue2_muse_en_suno_en_026397_0,1,YuE2,development,muse:suno_en_026397,yue2_extension_muse_en_suno_en_026397_0,30,48000,ff7d321a45d964d1dd21e82c20fe49b266e15e912eb112ecb4b14d26337ddf9f
ai_yue2_muse_en_suno_en_026431_1,1,YuE2,development,muse:suno_en_026431,yue2_extension_muse_en_suno_en_026431_1,30,48000,04b504ddd6f06d3e6aaf21fa7521a011e22a7fe29edcfc08cbdafbc2690df8e9
ai_yue2_muse_en_suno_en_026494_1,1,YuE2,development,muse:suno_en_026494,yue2_extension_muse_en_suno_en_026494_1,30,48000,42e3e6bfd8438fa560117a8619163d94c4103dd480c0c35f219058aeec1f3aab
ai_yue2_muse_en_suno_en_026592_0,1,YuE2,development,muse:suno_en_026592,yue2_extension_muse_en_suno_en_026592_0,30,48000,bb722f3832ee25a525f23d413b516386698ff2e743caa14e106feca8fe16ba2a
ai_yue2_muse_en_suno_en_026618_1,1,YuE2,development,muse:suno_en_026618,yue2_extension_muse_en_suno_en_026618_1,30,48000,baaea5b33b073a6b2ec3a3304338abe64e8dca6c21a4a4e8ed6105e15655c98d
ai_yue2_muse_en_suno_en_026759_1,1,YuE2,development,muse:suno_en_026759,yue2_extension_muse_en_suno_en_026759_1,30,48000,c8f92a65809ef0f3e1c40e88926cd25fd18808f67eaef8e5ef248a9b4f2808bb
ai_yue2_muse_en_suno_en_026793_0,1,YuE2,development,muse:suno_en_026793,yue2_extension_muse_en_suno_en_026793_0,30,48000,2d6b6146d0ef7bc1044d147d9c098338f03abe936741694f00347eb0135e26a3
ai_yue2_muse_en_suno_en_026819_0,1,YuE2,development,muse:suno_en_026819,yue2_extension_muse_en_suno_en_026819_0,30,48000,365fe4d3894291d882b665f3fb8340267a2e5320d44a1165e8e5367ccf0c02ee
ai_yue2_muse_en_suno_en_026837_0,1,YuE2,development,muse:suno_en_026837,yue2_extension_muse_en_suno_en_026837_0,30,48000,fc4722cb9c0cd9058266cbacfa9af1d5408388a2825d6ff4fbcbb6f383a6ecb2
ai_yue2_muse_en_suno_en_026922_0,1,YuE2,development,muse:suno_en_026922,yue2_extension_muse_en_suno_en_026922_0,30,48000,a7b6bc7ea2c8b123a184e19e5f0a2d8e6e80cc83e99c6df35bb333d3787b1fdb
ai_yue2_muse_en_suno_en_026938_1,1,YuE2,development,muse:suno_en_026938,yue2_extension_muse_en_suno_en_026938_1,30,48000,5d391f8aa94e8a3d607e93c12bbb6c8098ccf658dd8da3e832927c0a204efcfe
ai_yue2_muse_en_suno_en_026962_0,1,YuE2,development,muse:suno_en_026962,yue2_extension_muse_en_suno_en_026962_0,30,48000,dbff6cde21cdfcd33edd1e9fbf6fded6ab313309f374156f3e68b42c8e2d7c10
ai_yue2_muse_en_suno_en_027511_1,1,YuE2,development,muse:suno_en_027511,yue2_extension_muse_en_suno_en_027511_1,30,48000,c848514ebeb648b844e08e5097bdc65fa4e9d8cb32d8d5ed4606b9598264524e
ai_yue2_muse_en_suno_en_027586_0,1,YuE2,development,muse:suno_en_027586,yue2_extension_muse_en_suno_en_027586_0,30,48000,ccc205f00263d777fe254a0033bf26262b57e08dbbcd8e89cf1d521b8d448511
ai_yue2_muse_en_suno_en_027758_0,1,YuE2,development,muse:suno_en_027758,yue2_extension_muse_en_suno_en_027758_0,30,48000,789a731ea5e4873348f37e99f9709ac5ca55011105da91c5d50ba6432a7ae70d
ai_yue2_muse_en_suno_en_028128_1,1,YuE2,development,muse:suno_en_028128,yue2_extension_muse_en_suno_en_028128_1,30,48000,6c77aa72f3002973b8cd1a97d2df6870d988b5d467066d2a31f60412acde2a5d
ai_yue2_muse_en_suno_en_028351_1,1,YuE2,development,muse:suno_en_028351,yue2_extension_muse_en_suno_en_028351_1,30,48000,317f1c27e6c780d37c9aa2daf9f90c762ca8a183b94ec21c2b20b80f5674d12c
ai_yue2_muse_en_suno_en_028422_1,1,YuE2,development,muse:suno_en_028422,yue2_extension_muse_en_suno_en_028422_1,30,48000,966488fbdcee6db28eb5d32a853e6235448e025a6e3dafdf4fbbeecd8507eb00
ai_yue2_muse_en_suno_en_028597_0,1,YuE2,development,muse:suno_en_028597,yue2_extension_muse_en_suno_en_028597_0,30,48000,4d510e8a56d916e872ef6ba198d08081929733dd4f0e5d63ba4d7f1a1e21ede3
ai_yue2_muse_en_suno_en_028605_0,1,YuE2,development,muse:suno_en_028605,yue2_extension_muse_en_suno_en_028605_0,30,48000,50c792f5620cc6857e791dd8db79761a02ea527e35b3cde324fde2d64c7d950f
ai_yue2_muse_en_suno_en_028765_0,1,YuE2,development,muse:suno_en_028765,yue2_extension_muse_en_suno_en_028765_0,30,48000,0d81e6a443fb4085e6a7791249f90b2bd000abdd6108b9bbc10fe6a9ba424840
ai_yue2_muse_en_suno_en_029154_0,1,YuE2,development,muse:suno_en_029154,yue2_extension_muse_en_suno_en_029154_0,30,48000,a0f33c4faf36210b3c3d7dcd3ad3ca4bdd28a6bce14ec045a8d19e44a078fcaa
ai_yue2_muse_en_suno_en_029220_0,1,YuE2,development,muse:suno_en_029220,yue2_extension_muse_en_suno_en_029220_0,30,48000,273c89ceb309f4efae92f530d72aded5c73fe093dd71359d5fbae96e5c694b53
ai_yue2_muse_en_suno_en_029528_0,1,YuE2,development,muse:suno_en_029528,yue2_extension_muse_en_suno_en_029528_0,30,48000,fc097a07b383a6a97021356358b2aff0bd299ce6c7c2f191f04de1037c4df7d3
ai_yue2_muse_en_suno_en_029708_1,1,YuE2,development,muse:suno_en_029708,yue2_extension_muse_en_suno_en_029708_1,30,48000,a483a13c9dd01c8ff90ed8324a999fcfac5c548e621bf440f471fcfb89eb1c27
ai_yue2_muse_en_suno_en_029735_0,1,YuE2,development,muse:suno_en_029735,yue2_extension_muse_en_suno_en_029735_0,30,48000,d6d73e0cb98eddaa8eced074b56ffdb0a170c7de3fe280416230497e2eb7f5b6
ai_yue2_muse_en_suno_en_030151_0,1,YuE2,development,muse:suno_en_030151,yue2_extension_muse_en_suno_en_030151_0,30,48000,952374f4652d8f799514e921cc2363c80f0846ae8d199a3dbb51f3ff374494aa
ai_yue2_muse_en_suno_en_030373_1,1,YuE2,development,muse:suno_en_030373,yue2_extension_muse_en_suno_en_030373_1,30,48000,9dd14dd1069b1933fb615b79a4fbdda31a0fefcab6672cb853fb8dfc22bbb30a
ai_yue2_muse_en_suno_en_030441_1,1,YuE2,development,muse:suno_en_030441,yue2_extension_muse_en_suno_en_030441_1,30,48000,d2d3635bb92b5a6f91e9bf5f1be7e19d76e30c67e7d5f64b8835518bd008542c
ai_yue2_muse_en_suno_en_030623_1,1,YuE2,development,muse:suno_en_030623,yue2_extension_muse_en_suno_en_030623_1,30,48000,e7726d8d3b17489b6eff50f6362d0159e91d1cd8980561cb6b9a34c9acacd7a2
ai_yue2_muse_en_suno_en_030631_0,1,YuE2,development,muse:suno_en_030631,yue2_extension_muse_en_suno_en_030631_0,30,48000,8a6984b1406c2226f48bfe6aae95a48444269ef1aefc0e0f19c30877e8d47afb
ai_yue2_muse_en_suno_en_031001_1,1,YuE2,development,muse:suno_en_031001,yue2_extension_muse_en_suno_en_031001_1,30,48000,10f79a386cfc5bf3c7ff0e9d077375cf6726e1fb9692e5950f12c255e9ef1719
ai_yue2_muse_en_suno_en_031012_0,1,YuE2,development,muse:suno_en_031012,yue2_extension_muse_en_suno_en_031012_0,30,48000,c0eabef35ddfe599f0f9c606a76d2f726ec39cb54785005323bf1474caef0180
ai_yue2_muse_en_suno_en_031167_1,1,YuE2,development,muse:suno_en_031167,yue2_extension_muse_en_suno_en_031167_1,30,48000,a19e92cad283e2d9e39f9930e968bd7d1a147d2703c9103cf541e48851b520f1
ai_yue2_muse_en_suno_en_031548_1,1,YuE2,development,muse:suno_en_031548,yue2_extension_muse_en_suno_en_031548_1,30,48000,8c3d7b68cb6985f247c3376d9fbfc65d05072d80c2992723550c84fe69c4dbb3
ai_yue2_muse_en_suno_en_031573_1,1,YuE2,development,muse:suno_en_031573,yue2_extension_muse_en_suno_en_031573_1,30,48000,2a42c89b6586dc720c8a13399ff296095f4cb95d05a4238470ff6f864045338b
ai_yue2_muse_en_suno_en_031620_1,1,YuE2,development,muse:suno_en_031620,yue2_extension_muse_en_suno_en_031620_1,30,48000,8c7d02b23ccae4b051c7b0e829b8866859362ebf37a382bc458950672c40480d
ai_yue2_muse_en_suno_en_031869_1,1,YuE2,development,muse:suno_en_031869,yue2_extension_muse_en_suno_en_031869_1,30,48000,a2ca81f2c9bc39059a6cf89189751e8caa4bd5c658eb67e6263dd9dee0b8f462
ai_yue2_muse_en_suno_en_031950_0,1,YuE2,development,muse:suno_en_031950,yue2_extension_muse_en_suno_en_031950_0,30,48000,1e3b3889c2cc5bfb39066c8cd39a5a435431865a5c2e180dfbab61c359cf0dbd
ai_yue2_muse_en_suno_en_032126_1,1,YuE2,development,muse:suno_en_032126,yue2_extension_muse_en_suno_en_032126_1,30,48000,42cf5b7f2640bac8c323989fe85bf0953599543811a6ab3d7aa3b01f52804227
ai_yue2_muse_en_suno_en_032496_1,1,YuE2,development,muse:suno_en_032496,yue2_extension_muse_en_suno_en_032496_1,30,48000,392c6e2bb7c8fde69479b5ec20f00d93d758064ca47cd7f924f57fd3baf7b707
ai_yue2_muse_en_suno_en_032888_0,1,YuE2,development,muse:suno_en_032888,yue2_extension_muse_en_suno_en_032888_0,30,48000,94834bc017fb87c6ab8fef106a568189c4e29afc45e6bcd1d01ab9accca931d0
ai_yue2_muse_en_suno_en_033015_1,1,YuE2,development,muse:suno_en_033015,yue2_extension_muse_en_suno_en_033015_1,30,48000,f81dc1d8b83f899c838c1890e1d4dd80a99ebbcd0e2b56ee6e8faceca5ccb889
ai_yue2_muse_en_suno_en_033149_1,1,YuE2,development,muse:suno_en_033149,yue2_extension_muse_en_suno_en_033149_1,30,48000,e5bb796979505ec44c0afd7dbf3e47742b79ed6af587ef6cccc8ab00e5ed98b7
ai_yue2_muse_en_suno_en_033249_1,1,YuE2,development,muse:suno_en_033249,yue2_extension_muse_en_suno_en_033249_1,30,48000,d2e38c9d2db89a021eaa5585f94a6baf52414fb8315179f786e10f7645e193bc
ai_yue2_muse_en_suno_en_033608_1,1,YuE2,development,muse:suno_en_033608,yue2_extension_muse_en_suno_en_033608_1,30,48000,f08d253340ac148fd97377231e83139a34b9ca4df74d68e33ecfd10398857ace
ai_yue2_muse_en_suno_en_033908_1,1,YuE2,development,muse:suno_en_033908,yue2_extension_muse_en_suno_en_033908_1,30,48000,95dc2cdaf26a3a6f0d619044efa7dd145dce9561dbce543ae9c9478618b9979d
ai_yue2_muse_en_suno_en_034099_0,1,YuE2,development,muse:suno_en_034099,yue2_extension_muse_en_suno_en_034099_0,30,48000,88fc654c4cdddd6abef9210c90da025fbafa39aa8923a2b07b12efd5cfa07bee
ai_yue2_muse_en_suno_en_034135_1,1,YuE2,development,muse:suno_en_034135,yue2_extension_muse_en_suno_en_034135_1,30,48000,931ee5d2f4739899799d4449366f9301732198f0b2dd417dbf136ee8cf13a18a
ai_yue2_muse_cn_suno_cn_000244_1,1,YuE2,locked_test,muse:suno_cn_000244,yue2_extension_muse_cn_suno_cn_000244_1,30,48000,afb9fb8e9d5eb4926c18bba14f4744429a261bcdcfa9540611eff863916020cb
ai_yue2_muse_cn_suno_cn_000877_0,1,YuE2,locked_test,muse:suno_cn_000877,yue2_extension_muse_cn_suno_cn_000877_0,30,48000,633bf6271b2f0c1c6781441c73ba0f88ce4aab85ca14479c611baf1fbf9a187c
ai_yue2_muse_cn_suno_cn_000942_1,1,YuE2,locked_test,muse:suno_cn_000942,yue2_extension_muse_cn_suno_cn_000942_1,30,48000,bdafb1b9468650967c41dbdc32e653a813e5a97e69cd1d0c014c650aba5ced06
ai_yue2_muse_cn_suno_cn_001079_1,1,YuE2,locked_test,muse:suno_cn_001079,yue2_extension_muse_cn_suno_cn_001079_1,30,48000,4fa2ba9a338289e93357f54082e4c58e60f2a17566f9c0fef48d375c42d98bc9
ai_yue2_muse_cn_suno_cn_001199_1,1,YuE2,locked_test,muse:suno_cn_001199,yue2_extension_muse_cn_suno_cn_001199_1,30,48000,1d0b1e94e7dc4542a429fd8be4ef4c964bd3f55253ea499fe11dc96f17406fe0
ai_yue2_muse_cn_suno_cn_002111_0,1,YuE2,locked_test,muse:suno_cn_002111,yue2_extension_muse_cn_suno_cn_002111_0,30,48000,a6de2e9a8c5f9090a4cc3f999df0c42f2a5a6c03e78590507ceac530a1ee7dbc
ai_yue2_muse_cn_suno_cn_003122_0,1,YuE2,locked_test,muse:suno_cn_003122,yue2_extension_muse_cn_suno_cn_003122_0,30,48000,7df59bdd3680535386a0ea0b29723c75bdaa73306ec7bb6bab99bdd4b2a2d507
ai_yue2_muse_cn_suno_cn_005457_1,1,YuE2,locked_test,muse:suno_cn_005457,yue2_extension_muse_cn_suno_cn_005457_1,30,48000,a02aec1dd998b9e8a057ad79438d1fd811f1110bdd2c40e58b82098baf14591e
ai_yue2_muse_cn_suno_cn_005897_1,1,YuE2,locked_test,muse:suno_cn_005897,yue2_extension_muse_cn_suno_cn_005897_1,30,48000,f71281643a82c38a7fa8006741042d45d50b1aef9fe5c45ff20fc147e8136644
ai_yue2_muse_cn_suno_cn_006985_0,1,YuE2,locked_test,muse:suno_cn_006985,yue2_extension_muse_cn_suno_cn_006985_0,30,48000,50a782659a09d9205997806d8d8bd33a11043e76b62fff5fdaacdad19ccb476a
ai_yue2_muse_cn_suno_cn_007503_0,1,YuE2,locked_test,muse:suno_cn_007503,yue2_extension_muse_cn_suno_cn_007503_0,30,48000,28fce77ca358c374bfe432cec124120bc4b4463e8ebdecda638e6ad2104d339a
ai_yue2_muse_cn_suno_cn_007831_1,1,YuE2,locked_test,muse:suno_cn_007831,yue2_extension_muse_cn_suno_cn_007831_1,30,48000,4c103a1213cfdaac017f23a495955e6b8a0a8769cf5645a6eb3aceb86d6e2605
ai_yue2_muse_cn_suno_cn_008284_1,1,YuE2,locked_test,muse:suno_cn_008284,yue2_extension_muse_cn_suno_cn_008284_1,30,48000,31ed216cf612d98807647b50e0ea8c3e85bde38c59f7807c6817f1b54f010e41
ai_yue2_muse_cn_suno_cn_008333_1,1,YuE2,locked_test,muse:suno_cn_008333,yue2_extension_muse_cn_suno_cn_008333_1,30,48000,060def6ba262aec8dce3397ee34164a346f7e7e9a0ef70cece3258c00d39bef1
ai_yue2_muse_cn_suno_cn_008586_0,1,YuE2,locked_test,muse:suno_cn_008586,yue2_extension_muse_cn_suno_cn_008586_0,30,48000,0d709509ee6516d6263a47090a99f7e8731f23f52d709d5c43ea07c9416b78d9
ai_yue2_muse_cn_suno_cn_008836_1,1,YuE2,locked_test,muse:suno_cn_008836,yue2_extension_muse_cn_suno_cn_008836_1,30,48000,1a5bcd23d197ce636532aab4d0a1fb66430c8d27688ea073a832d2927f18d6c2
ai_yue2_muse_cn_suno_cn_008947_0,1,YuE2,locked_test,muse:suno_cn_008947,yue2_extension_muse_cn_suno_cn_008947_0,30,48000,01d1c22f5b3b5be2985fbe7527cfb1dd339023938698f8c8c004739983df1027
ai_yue2_muse_cn_suno_cn_010125_0,1,YuE2,locked_test,muse:suno_cn_010125,yue2_extension_muse_cn_suno_cn_010125_0,30,48000,704dbbe53ba5db79aa51a740043c8d1a7ee7e087469c5280d4c29c711f01481e
ai_yue2_muse_cn_suno_cn_011121_0,1,YuE2,locked_test,muse:suno_cn_011121,yue2_extension_muse_cn_suno_cn_011121_0,30,48000,0426316a17ded64754d22f3aad6919a004cfeb241b6e82c32113dffd962d2edf
ai_yue2_muse_cn_suno_cn_011299_0,1,YuE2,locked_test,muse:suno_cn_011299,yue2_extension_muse_cn_suno_cn_011299_0,30,48000,3603b4b37f3b7de7072f0b0d681e7605bc1566c19b50a8ed22df8aeea9079e8f
ai_yue2_muse_cn_suno_cn_011498_1,1,YuE2,locked_test,muse:suno_cn_011498,yue2_extension_muse_cn_suno_cn_011498_1,30,48000,4a31c6ec2f1170d68b0582ce535422b7d7213759e3339eb0253d027f94824c5a
ai_yue2_muse_cn_suno_cn_011839_1,1,YuE2,locked_test,muse:suno_cn_011839,yue2_extension_muse_cn_suno_cn_011839_1,30,48000,8d3f9e66e93b45e4fcc87861f1fd0c7e2b0398b7a42ed158f41766e34d492f5e
ai_yue2_muse_cn_suno_cn_011912_1,1,YuE2,locked_test,muse:suno_cn_011912,yue2_extension_muse_cn_suno_cn_011912_1,30,48000,cd2a9afacc2e188fde109559fb2d3edb151c96856802e06936dce45589023df3
ai_yue2_muse_cn_suno_cn_012421_1,1,YuE2,locked_test,muse:suno_cn_012421,yue2_extension_muse_cn_suno_cn_012421_1,30,48000,853ea44abc5736dcd53c9b185ce98f6c29fcc1553f9fc8b871c8370dbdf802cf
ai_yue2_muse_cn_suno_cn_012526_0,1,YuE2,locked_test,muse:suno_cn_012526,yue2_extension_muse_cn_suno_cn_012526_0,30,48000,6b2564e9a5f19ce90c6ea763326a78eaab393bad5287cfc381ce8a11a3fb0d8e
ai_yue2_muse_cn_suno_cn_013405_0,1,YuE2,locked_test,muse:suno_cn_013405,yue2_extension_muse_cn_suno_cn_013405_0,30,48000,bc291629229c3857a8058cc30f7d53d396c0303ee557d02a0defb339c208928c
ai_yue2_muse_cn_suno_cn_013420_0,1,YuE2,locked_test,muse:suno_cn_013420,yue2_extension_muse_cn_suno_cn_013420_0,30,48000,de19845cb9d9aae5a8071a5b89ae18d91e504eeac2ed60b5b55a8fdc285c1196
ai_yue2_muse_cn_suno_cn_013730_1,1,YuE2,locked_test,muse:suno_cn_013730,yue2_extension_muse_cn_suno_cn_013730_1,30,48000,f51a0a57ba5d7836afd0300e282a0f70bf08041ee7ef12ad0ad78f58ba6daa8f
ai_yue2_muse_cn_suno_cn_014281_1,1,YuE2,locked_test,muse:suno_cn_014281,yue2_extension_muse_cn_suno_cn_014281_1,30,48000,d2fe052ec2bc891fb674893e96bb6fec49b9fc5ce55c90e8e778f85bae7ba49c
ai_yue2_muse_cn_suno_cn_014403_0,1,YuE2,locked_test,muse:suno_cn_014403,yue2_extension_muse_cn_suno_cn_014403_0,30,48000,7bdee51f625a94d99c482b29b31e77d412a88ed01ad7b725150742b1672c6388
ai_yue2_muse_cn_suno_cn_014859_1,1,YuE2,locked_test,muse:suno_cn_014859,yue2_extension_muse_cn_suno_cn_014859_1,30,48000,702d2238d12b6f3e8687aab8e549021708d658497ff99ba880c06e73791c27bd
ai_yue2_muse_cn_suno_cn_015082_1,1,YuE2,locked_test,muse:suno_cn_015082,yue2_extension_muse_cn_suno_cn_015082_1,30,48000,777351618161d3c88a1683a133f700e196e25e1689ed08545597e00f4f1a47d9
ai_yue2_muse_cn_suno_cn_016867_1,1,YuE2,locked_test,muse:suno_cn_016867,yue2_extension_muse_cn_suno_cn_016867_1,30,48000,16567570d1bae44d624de40cc846ca14ffb223ddc0a8bf60e25fde0640868505
ai_yue2_muse_cn_suno_cn_017249_0,1,YuE2,locked_test,muse:suno_cn_017249,yue2_extension_muse_cn_suno_cn_017249_0,30,48000,fc2ff847f74023da8284efed4c1757e36fef831edd4b0e4f5f4809e012608c68
ai_yue2_muse_cn_suno_cn_017255_0,1,YuE2,locked_test,muse:suno_cn_017255,yue2_extension_muse_cn_suno_cn_017255_0,30,48000,c3b3970f7b5d8da50757bb5622fb192e88ea949fbab0770e496b5c2f12b090db
ai_yue2_muse_cn_suno_cn_017627_1,1,YuE2,locked_test,muse:suno_cn_017627,yue2_extension_muse_cn_suno_cn_017627_1,30,48000,e38ee519ed98d1df728051f63df85a44c8d50ddd255d3df1b7ef78c6d6d2f1d9
ai_yue2_muse_cn_suno_cn_017780_1,1,YuE2,locked_test,muse:suno_cn_017780,yue2_extension_muse_cn_suno_cn_017780_1,30,48000,be04468fae5d54c8c76f8699643b1b08b470cc82de76bb07ce17f5632df6baac
ai_yue2_muse_cn_suno_cn_018713_0,1,YuE2,locked_test,muse:suno_cn_018713,yue2_extension_muse_cn_suno_cn_018713_0,30,48000,8ad65622e8cec3a354b838b38bba6711925db799efcf20eae7b3316658f8a052
ai_yue2_muse_cn_suno_cn_019040_1,1,YuE2,locked_test,muse:suno_cn_019040,yue2_extension_muse_cn_suno_cn_019040_1,30,48000,f1f21dcd61e042555a5fd124cd58b757f78e236088c9567cb139b73e68a8ba5f
ai_yue2_muse_cn_suno_cn_019753_1,1,YuE2,locked_test,muse:suno_cn_019753,yue2_extension_muse_cn_suno_cn_019753_1,30,48000,e4ddcae2b408a8711658cbcfa412313d9537f97d1a2d6c9a7efd6985254fd3c9
ai_yue2_muse_cn_suno_cn_019837_1,1,YuE2,locked_test,muse:suno_cn_019837,yue2_extension_muse_cn_suno_cn_019837_1,30,48000,4d4da066d7b2469948eb58caaacb688b718d0b5f0716c77b6d61207a505c2849
ai_yue2_muse_cn_suno_cn_020042_1,1,YuE2,locked_test,muse:suno_cn_020042,yue2_extension_muse_cn_suno_cn_020042_1,30,48000,1bdee23e5d60adaa8d3acaf3d391869d1ca7dd4e392a2578ce6aeb059ff6b602
ai_yue2_muse_cn_suno_cn_020367_0,1,YuE2,locked_test,muse:suno_cn_020367,yue2_extension_muse_cn_suno_cn_020367_0,30,48000,351984c3f51ac257e76a1c494120cefecf76c7f2ea350715b00038886263a942
ai_yue2_muse_cn_suno_cn_020424_0,1,YuE2,locked_test,muse:suno_cn_020424,yue2_extension_muse_cn_suno_cn_020424_0,30,48000,511b662c8028d60b90b8227decbbb7c6f04dbb14cbb6c31ddff58dbddf7f86c1
ai_yue2_muse_cn_suno_cn_020594_0,1,YuE2,locked_test,muse:suno_cn_020594,yue2_extension_muse_cn_suno_cn_020594_0,30,48000,e5602a51ff90c145822c15828470cf12e2a1827dfacce38ed58b66af49127f92
ai_yue2_muse_cn_suno_cn_021048_1,1,YuE2,locked_test,muse:suno_cn_021048,yue2_extension_muse_cn_suno_cn_021048_1,30,48000,6cdb5f67448643b0f1a176aaf18d4a1c0e05c24cfe71a7185057bd09f928476d
ai_yue2_muse_cn_suno_cn_023171_0,1,YuE2,locked_test,muse:suno_cn_023171,yue2_extension_muse_cn_suno_cn_023171_0,30,48000,95dad4ea71615738f7efb4573182d9dfdeadb3c9b026f39dd57ad63c3f65d00a
ai_yue2_muse_cn_suno_cn_024178_0,1,YuE2,locked_test,muse:suno_cn_024178,yue2_extension_muse_cn_suno_cn_024178_0,30,48000,22ddb9fef708c3c618b1c87a722a46c04b5f0c9668cf0b94016fe12df54a6930
ai_yue2_muse_cn_suno_cn_024662_0,1,YuE2,locked_test,muse:suno_cn_024662,yue2_extension_muse_cn_suno_cn_024662_0,30,48000,e34a7af163cb326707e8ed1358312c4c67f8c77a57b8bacfadd2406cad8f4729
ai_yue2_muse_cn_suno_cn_024932_0,1,YuE2,locked_test,muse:suno_cn_024932,yue2_extension_muse_cn_suno_cn_024932_0,30,48000,36cca3a53e2d77130a51356eeb5cc1b3d2bc4983156d6d401241f769056944ae
ai_yue2_muse_en_suno_en_000910_0,1,YuE2,locked_test,muse:suno_en_000910,yue2_extension_muse_en_suno_en_000910_0,30,48000,5619e8e9f8c9f72999e80fe717c4b292b5d1ada93c1d5fed32a8b0913f22a393
ai_yue2_muse_en_suno_en_001725_1,1,YuE2,locked_test,muse:suno_en_001725,yue2_extension_muse_en_suno_en_001725_1,30,48000,c81e2c9e4bb323d77bfa3a6ae1b3f156535cf67f5e175cdfaed34562a5904a00
ai_yue2_muse_en_suno_en_002465_0,1,YuE2,locked_test,muse:suno_en_002465,yue2_extension_muse_en_suno_en_002465_0,30,48000,654375c5c25cc4116f518966ccae021d57db4e40e04c0864918a6ba67359b0d3
ai_yue2_muse_en_suno_en_002467_0,1,YuE2,locked_test,muse:suno_en_002467,yue2_extension_muse_en_suno_en_002467_0,30,48000,7f21cae6a3eeadc3e3fdc22d592eb42aff53ce2c6afcda6b7d2435ddc5fb0de9
ai_yue2_muse_en_suno_en_003293_0,1,YuE2,locked_test,muse:suno_en_003293,yue2_extension_muse_en_suno_en_003293_0,30,48000,0b956b1ffd106a7db3e6ba44706072bc48a19da281aedaabce5bab2bc1680dc3
ai_yue2_muse_en_suno_en_004867_1,1,YuE2,locked_test,muse:suno_en_004867,yue2_extension_muse_en_suno_en_004867_1,30,48000,f782fe8a715106f1d3b347bfc68e88ab4b158f3c4dc99396439c7616f428a191
ai_yue2_muse_en_suno_en_005535_0,1,YuE2,locked_test,muse:suno_en_005535,yue2_extension_muse_en_suno_en_005535_0,30,48000,ad2e8e9af42789c2e0806cf36cb5e3ba52548427551eabe9ee00ae712251a126
ai_yue2_muse_en_suno_en_005693_1,1,YuE2,locked_test,muse:suno_en_005693,yue2_extension_muse_en_suno_en_005693_1,30,48000,d16cf39f339708859fb46215d686c3deedfeb7c0deb6044b1bd6e322fb4c0748
ai_yue2_muse_en_suno_en_005917_1,1,YuE2,locked_test,muse:suno_en_005917,yue2_extension_muse_en_suno_en_005917_1,30,48000,57f0956b080c9bbd5a30b17c8f260310aad9afb078aa89d8e1958516e79ff1a4
ai_yue2_muse_en_suno_en_006527_1,1,YuE2,locked_test,muse:suno_en_006527,yue2_extension_muse_en_suno_en_006527_1,30,48000,4dab9ff0d5fda966340ead52ed2c304e01114be7732fb8d5030a44214dee707e
ai_yue2_muse_en_suno_en_007424_1,1,YuE2,locked_test,muse:suno_en_007424,yue2_extension_muse_en_suno_en_007424_1,30,48000,5b5372362af5a521164534962b62f52c8069948e5124ef48c5e6ecf4e3e46bbd
ai_yue2_muse_en_suno_en_007830_0,1,YuE2,locked_test,muse:suno_en_007830,yue2_extension_muse_en_suno_en_007830_0,30,48000,d2034486a6a9d09b984322a04e82d8fc931452d473de53a86c5f7513b80368aa
ai_yue2_muse_en_suno_en_010629_0,1,YuE2,locked_test,muse:suno_en_010629,yue2_extension_muse_en_suno_en_010629_0,30,48000,da723b4a95e5df022176d7f7876d32bc4fd8289289e10f8529f6818f44c2724d
ai_yue2_muse_en_suno_en_010909_0,1,YuE2,locked_test,muse:suno_en_010909,yue2_extension_muse_en_suno_en_010909_0,30,48000,640d92b7a4bcaef0706b26242e7737e47ccc56f0a69df9faa61a81ac20f64afd
ai_yue2_muse_en_suno_en_011317_0,1,YuE2,locked_test,muse:suno_en_011317,yue2_extension_muse_en_suno_en_011317_0,30,48000,c46942141ba009622a243ee4b260c8580985102300bb155f6c1d24c4d5c091c5
ai_yue2_muse_en_suno_en_012148_1,1,YuE2,locked_test,muse:suno_en_012148,yue2_extension_muse_en_suno_en_012148_1,30,48000,0c487c2ee95d15cedd95a1844e15fab71496be011b803518e78166bf4cc0a102
ai_yue2_muse_en_suno_en_012649_0,1,YuE2,locked_test,muse:suno_en_012649,yue2_extension_muse_en_suno_en_012649_0,30,48000,2064e1127f04cfc650ce8c8dec85f9aebd4f23af21787c658cc019102f7219d3
ai_yue2_muse_en_suno_en_013565_0,1,YuE2,locked_test,muse:suno_en_013565,yue2_extension_muse_en_suno_en_013565_0,30,48000,dfaaffc2fa805e0c2fce7c140ca2b73aaa2636ab25099b15348c84879992d7c2
ai_yue2_muse_en_suno_en_016151_1,1,YuE2,locked_test,muse:suno_en_016151,yue2_extension_muse_en_suno_en_016151_1,30,48000,0ebe3438644c187ead8a9a45afe1dc20def063cee14b1aa86bc792bbf779637a
ai_yue2_muse_en_suno_en_016813_1,1,YuE2,locked_test,muse:suno_en_016813,yue2_extension_muse_en_suno_en_016813_1,30,48000,a8cc4e0bad699252232359513ec83f5699152b6ca99851f3895a466131e8ed88
ai_yue2_muse_en_suno_en_017216_0,1,YuE2,locked_test,muse:suno_en_017216,yue2_extension_muse_en_suno_en_017216_0,30,48000,9ee67f090264d796efa9b07945fdbe0f8bc72bdbd66eb0ffd6c0689fb8b2a90c
ai_yue2_muse_en_suno_en_017304_1,1,YuE2,locked_test,muse:suno_en_017304,yue2_extension_muse_en_suno_en_017304_1,30,48000,a3c26f3f543e0c415f130640d31ecf810dab7b9ac9b48d60cccbab4fb8d0b9a4
ai_yue2_muse_en_suno_en_017353_1,1,YuE2,locked_test,muse:suno_en_017353,yue2_extension_muse_en_suno_en_017353_1,30,48000,54b0c025735b31129ffcd5a99724b793eaf650eebf70f9ecbe37968c81caf88e
ai_yue2_muse_en_suno_en_017413_1,1,YuE2,locked_test,muse:suno_en_017413,yue2_extension_muse_en_suno_en_017413_1,30,48000,9e7d52d20f13004fd5a542a02f19a1394f046227528994fbf407632ab49a6d86
ai_yue2_muse_en_suno_en_017829_0,1,YuE2,locked_test,muse:suno_en_017829,yue2_extension_muse_en_suno_en_017829_0,30,48000,b767a0c71655f5432b62b681b6559043508d897edd643fd99057528eae25c9db
ai_yue2_muse_en_suno_en_019319_1,1,YuE2,locked_test,muse:suno_en_019319,yue2_extension_muse_en_suno_en_019319_1,30,48000,2960ecd13df9b61c484d6f2907fb2e15838388423257f485aab052697589cc83
ai_yue2_muse_en_suno_en_020370_0,1,YuE2,locked_test,muse:suno_en_020370,yue2_extension_muse_en_suno_en_020370_0,30,48000,13db7551f04e899dacaa09449ab7841e58af34cd02fb6a657c72caaa000438a2
ai_yue2_muse_en_suno_en_020401_0,1,YuE2,locked_test,muse:suno_en_020401,yue2_extension_muse_en_suno_en_020401_0,30,48000,c4fec3b984115c69ce33d06af263daa721e2c6d317cdcad97732694bc24e2a0c
ai_yue2_muse_en_suno_en_020792_0,1,YuE2,locked_test,muse:suno_en_020792,yue2_extension_muse_en_suno_en_020792_0,30,48000,5465e40a82d5d116a5953ed719aae5394fd0749dc87f4bf2c18edd7517332d12
ai_yue2_muse_en_suno_en_020825_0,1,YuE2,locked_test,muse:suno_en_020825,yue2_extension_muse_en_suno_en_020825_0,30,48000,196c94282b9440e4b0f730aa2b72e89aab9f5bb0e232926b6a0725f5e7523373
ai_yue2_muse_en_suno_en_021752_0,1,YuE2,locked_test,muse:suno_en_021752,yue2_extension_muse_en_suno_en_021752_0,30,48000,344eaef19db20500dfca2e09aac00855ed70c0c04f2d8c5e6063de26f939dbba
ai_yue2_muse_en_suno_en_024045_1,1,YuE2,locked_test,muse:suno_en_024045,yue2_extension_muse_en_suno_en_024045_1,30,48000,744b03fa56a7d35e073dcc7623f6464521432dc44f543ed2cdb9328f86b86340
ai_yue2_muse_en_suno_en_024308_0,1,YuE2,locked_test,muse:suno_en_024308,yue2_extension_muse_en_suno_en_024308_0,30,48000,471038c427670366a74f62c18c53483e989a047460338dffa53ceea8a079112e
ai_yue2_muse_en_suno_en_025857_1,1,YuE2,locked_test,muse:suno_en_025857,yue2_extension_muse_en_suno_en_025857_1,30,48000,14a6f308eed84e241d70e4eeca808841deb5a7ec9a50bd768de21df7b1f0b03b
ai_yue2_muse_en_suno_en_026086_1,1,YuE2,locked_test,muse:suno_en_026086,yue2_extension_muse_en_suno_en_026086_1,30,48000,dad2a23cb4f07301de5bd3fd383beb01f5edfa48b3f0fed740b7a2ef0a1831a7
ai_yue2_muse_en_suno_en_026769_0,1,YuE2,locked_test,muse:suno_en_026769,yue2_extension_muse_en_suno_en_026769_0,30,48000,cf367396b97dd3dc25b6bfc8ec7b58c373b4088a799df2e2b240ecb01f85740c
ai_yue2_muse_en_suno_en_028160_1,1,YuE2,locked_test,muse:suno_en_028160,yue2_extension_muse_en_suno_en_028160_1,30,48000,a0a87d415dc3ade46fec3a211bbcd4f4b50153d044ec40290d2b390d415af268
ai_yue2_muse_en_suno_en_028334_1,1,YuE2,locked_test,muse:suno_en_028334,yue2_extension_muse_en_suno_en_028334_1,30,48000,2558dc8e51fcfc10bcd469857ea9843af372684f7df2bdbe6fd8c8599ff22824
ai_yue2_muse_en_suno_en_028544_0,1,YuE2,locked_test,muse:suno_en_028544,yue2_extension_muse_en_suno_en_028544_0,30,48000,750316d6cca5d9ba7a0924607d4009dbfcf427ee48cdfbe50690171d7cad549d
ai_yue2_muse_en_suno_en_029458_0,1,YuE2,locked_test,muse:suno_en_029458,yue2_extension_muse_en_suno_en_029458_0,30,48000,62f7843365c4aa0ea066ccf534df6e0cd7088f3b5f63f613685cfe4a7f7ef633
ai_yue2_muse_en_suno_en_030691_0,1,YuE2,locked_test,muse:suno_en_030691,yue2_extension_muse_en_suno_en_030691_0,30,48000,254ded05b0dd16a561ac03c56c3ed84c2876808e012dc87faa7ea9035ace63b2
ai_yue2_muse_en_suno_en_030973_1,1,YuE2,locked_test,muse:suno_en_030973,yue2_extension_muse_en_suno_en_030973_1,30,48000,dbf21f1eb13f5533f4e7f40a580992ddb2ee20350db75f7d9cfe4b3bd43bcca8
ai_yue2_muse_en_suno_en_031266_0,1,YuE2,locked_test,muse:suno_en_031266,yue2_extension_muse_en_suno_en_031266_0,30,48000,dd1f7d5ee8910fbf8b9756c87babb48a41deb886a372794af65ad4fe309a7e8f
ai_yue2_muse_en_suno_en_032796_1,1,YuE2,locked_test,muse:suno_en_032796,yue2_extension_muse_en_suno_en_032796_1,30,48000,728a16ce974e1d22fa4d61cd2cbc5cceddc49d3d6278392512814942541caa37
ai_yue2_muse_en_suno_en_032874_0,1,YuE2,locked_test,muse:suno_en_032874,yue2_extension_muse_en_suno_en_032874_0,30,48000,6796ef7428c6349d0048de1a0ede930970c0aa820237335bcca3790760ed9bc1
ai_yue2_muse_en_suno_en_033142_1,1,YuE2,locked_test,muse:suno_en_033142,yue2_extension_muse_en_suno_en_033142_1,30,48000,12534c63a55be0de651683e73f39e80b5593fec057bd4bded995e85a02352822
ai_yue2_muse_en_suno_en_033304_1,1,YuE2,locked_test,muse:suno_en_033304,yue2_extension_muse_en_suno_en_033304_1,30,48000,861eff487a66ef479c442dedd8391ce9a12f7b2d08eafd66507fa777c9d7573d
ai_yue2_muse_en_suno_en_033892_1,1,YuE2,locked_test,muse:suno_en_033892,yue2_extension_muse_en_suno_en_033892_1,30,48000,3102202eb01ba0e06c82fcdbdb410a92fac0ac144dbb14741857aa0fbbec0e0c
ai_yue2_muse_en_suno_en_034089_0,1,YuE2,locked_test,muse:suno_en_034089,yue2_extension_muse_en_suno_en_034089_0,30,48000,bff61279f146034f9abaddd08c9a5df5c5118d9d2517a8693dff792a7e0133c9
ai_yue2_muse_en_suno_en_034129_0,1,YuE2,locked_test,muse:suno_en_034129,yue2_extension_muse_en_suno_en_034129_0,30,48000,d6a934c8b1b246fb0565469dc41d537d7e651f3b2ee4df9698c35042e22fd3ba
