experiment,legacy_id,label,source,relative_source_path,duration_s,sample_rate_hz,crop_start_s,historical_split,original_audio_hash,original_audio_publication_verified
frequency_ablation_20260813,003907d4700f14af,0,fma_medium,fma_medium/129/129090.mp3,30.014694,44100,0.007346999999999326,,,False
frequency_ablation_20260813,030c003d361126bd,0,fma_medium,fma_medium/095/095517.mp3,30.014694,44100,0.007346999999999326,,,False
frequency_ablation_20260813,05478d9e09dfdf6b,0,fma_medium,fma_medium/132/132044.mp3,30.014694,44100,0.007346999999999326,,,False
frequency_ablation_20260813,05bc5b8385a11f38,0,fma_medium,fma_medium/129/129228.mp3,30.014694,44100,0.007346999999999326,,,False
frequency_ablation_20260813,06c6b0d8336ba120,0,fma_medium,fma_medium/000/000767.mp3,30.014694,44100,0.007346999999999326,,,False
frequency_ablation_20260813,08d428dd9965fe9b,0,fma_medium,fma_medium/030/030717.mp3,30.014694,44100,0.007346999999999326,,,False
frequency_ablation_20260813,098942e5dd135ee8,0,fma_medium,fma_medium/130/130078.mp3,30.0,48000,0.0,,,False
frequency_ablation_20260813,0b393e3553efa2cb,0,fma_medium,fma_medium/139/139875.mp3,30.014694,44100,0.007346999999999326,,,False
frequency_ablation_20260813,0b8ecf16ca625abf,0,fma_medium,fma_medium/054/054700.mp3,30.014694,44100,0.007346999999999326,,,False
frequency_ablation_20260813,0b9139349dd8765d,0,fma_medium,fma_medium/024/024514.mp3,30.014694,44100,0.007346999999999326,,,False
frequency_ablation_20260813,0bf18bc095dddb76,0,fma_medium,fma_medium/026/026629.mp3,30.014694,44100,0.007346999999999326,,,False
frequency_ablation_20260813,0cffb6863cb8684d,0,fma_medium,fma_medium/048/048408.mp3,30.014694,44100,0.007346999999999326,,,False
frequency_ablation_20260813,0d5c9259d13ee7cd,0,fma_medium,fma_medium/116/116449.mp3,30.014694,44100,0.007346999999999326,,,False
frequency_ablation_20260813,0dd14b5d0f0ea793,0,fma_medium,fma_medium/071/071243.mp3,30.014694,44100,0.007346999999999326,,,False
frequency_ablation_20260813,0e1d0e3ffe1eb75c,0,fma_medium,fma_medium/022/022370.mp3,30.014694,44100,0.007346999999999326,,,False
frequency_ablation_20260813,10dc274db50fa0c7,0,fma_medium,fma_medium/123/123828.mp3,30.014694,44100,0.007346999999999326,,,False
frequency_ablation_20260813,14b212870af9ac35,0,fma_medium,fma_medium/133/133551.mp3,30.014694,44100,0.007346999999999326,,,False
frequency_ablation_20260813,14dbe027cc79e53f,0,fma_medium,fma_medium/132/132800.mp3,30.014694,44100,0.007346999999999326,,,False
frequency_ablation_20260813,14e91c7e09ad2f56,0,fma_medium,fma_medium/126/126242.mp3,30.014694,44100,0.007346999999999326,,,False
frequency_ablation_20260813,15457c34a9c2fc70,0,fma_medium,fma_medium/064/064690.mp3,30.014694,44100,0.007346999999999326,,,False
frequency_ablation_20260813,15df5096853ff148,0,fma_medium,fma_medium/152/152467.mp3,30.014694,44100,0.007346999999999326,,,False
frequency_ablation_20260813,18f42b053cdfacac,0,fma_medium,fma_medium/014/014391.mp3,30.014694,44100,0.007346999999999326,,,False
frequency_ablation_20260813,19c97f3ab61cced4,0,fma_medium,fma_medium/143/143098.mp3,30.014694,44100,0.007346999999999326,,,False
frequency_ablation_20260813,1a55f28b81470caf,0,fma_medium,fma_medium/148/148882.mp3,30.014694,44100,0.007346999999999326,,,False
frequency_ablation_20260813,1af42ce17af2f0b3,0,fma_medium,fma_medium/047/047743.mp3,30.014694,44100,0.007346999999999326,,,False
frequency_ablation_20260813,1b6e5839702c1acb,0,fma_medium,fma_medium/060/060595.mp3,30.014694,44100,0.007346999999999326,,,False
frequency_ablation_20260813,1bf5873805040b27,0,fma_medium,fma_medium/068/068599.mp3,30.014694,44100,0.007346999999999326,,,False
frequency_ablation_20260813,1f1039987b2482ed,0,fma_medium,fma_medium/075/075772.mp3,30.014694,44100,0.007346999999999326,,,False
frequency_ablation_20260813,20b1822897f2414b,0,fma_medium,fma_medium/113/113598.mp3,30.014694,44100,0.007346999999999326,,,False
frequency_ablation_20260813,21492cd7b2c18850,0,fma_medium,fma_medium/056/056640.mp3,30.014694,44100,0.007346999999999326,,,False
frequency_ablation_20260813,223404d84f7988b8,0,fma_medium,fma_medium/023/023857.mp3,30.014694,44100,0.007346999999999326,,,False
frequency_ablation_20260813,232406ca966e8aa0,0,fma_medium,fma_medium/108/108788.mp3,30.014694,44100,0.007346999999999326,,,False
frequency_ablation_20260813,25344a17a17904b3,0,fma_medium,fma_medium/006/006784.mp3,30.014694,44100,0.007346999999999326,,,False
frequency_ablation_20260813,2561564735cdbf3f,0,fma_medium,fma_medium/120/120147.mp3,30.014694,44100,0.007346999999999326,,,False
frequency_ablation_20260813,2caa626f9b0a8049,0,fma_medium,fma_medium/028/028068.mp3,30.014694,44100,0.007346999999999326,,,False
frequency_ablation_20260813,2d587425d97abc08,0,fma_medium,fma_medium/070/070967.mp3,30.014694,44100,0.007346999999999326,,,False
frequency_ablation_20260813,2df40cc0c4470d39,0,fma_medium,fma_medium/139/139235.mp3,30.0,48000,0.0,,,False
frequency_ablation_20260813,2f085e842f7e67fc,0,fma_medium,fma_medium/130/130901.mp3,30.014694,44100,0.007346999999999326,,,False
frequency_ablation_20260813,2f88957149de036f,0,fma_medium,fma_medium/046/046054.mp3,30.014694,44100,0.007346999999999326,,,False
frequency_ablation_20260813,3711da161563ce47,0,fma_medium,fma_medium/152/152568.mp3,30.014694,44100,0.007346999999999326,,,False
frequency_ablation_20260813,371a57f29af39fef,0,fma_medium,fma_medium/074/074982.mp3,30.014694,44100,0.007346999999999326,,,False
frequency_ablation_20260813,3bb1c4ba628bd9a9,0,fma_medium,fma_medium/129/129263.mp3,30.014694,44100,0.007346999999999326,,,False
frequency_ablation_20260813,3dc204f4efbec18a,0,fma_medium,fma_medium/024/024175.mp3,30.014694,44100,0.007346999999999326,,,False
frequency_ablation_20260813,41cd808241f414c5,0,fma_medium,fma_medium/048/048457.mp3,30.014694,44100,0.007346999999999326,,,False
frequency_ablation_20260813,420656c6986a1ad8,0,fma_medium,fma_medium/026/026854.mp3,30.014694,44100,0.007346999999999326,,,False
frequency_ablation_20260813,43ad3aae654c808a,0,fma_medium,fma_medium/123/123611.mp3,30.014694,44100,0.007346999999999326,,,False
frequency_ablation_20260813,45b350c74b5ced9b,0,fma_medium,fma_medium/066/066535.mp3,30.014694,44100,0.007346999999999326,,,False
frequency_ablation_20260813,45c2c31c8c168f4d,0,fma_medium,fma_medium/147/147921.mp3,30.014694,44100,0.007346999999999326,,,False
frequency_ablation_20260813,45d1a386314fb605,0,fma_medium,fma_medium/040/040631.mp3,30.014694,44100,0.007346999999999326,,,False
frequency_ablation_20260813,464f0b0efe5d5a1f,0,fma_medium,fma_medium/119/119900.mp3,30.0,48000,0.0,,,False
frequency_ablation_20260813,46f3a524c6cf7984,0,fma_medium,fma_medium/145/145607.mp3,30.014694,44100,0.007346999999999326,,,False
frequency_ablation_20260813,492c497289f0112e,0,fma_medium,fma_medium/072/072453.mp3,30.014694,44100,0.007346999999999326,,,False
frequency_ablation_20260813,4a51544959d16e26,0,fma_medium,fma_medium/087/087572.mp3,30.014694,44100,0.007346999999999326,,,False
frequency_ablation_20260813,4babfe0c9e1ffb41,0,fma_medium,fma_medium/072/072028.mp3,30.014694,44100,0.007346999999999326,,,False
frequency_ablation_20260813,4c0111a53605e7d7,0,fma_medium,fma_medium/041/041093.mp3,30.014694,44100,0.007346999999999326,,,False
frequency_ablation_20260813,4cd1a72e2fac26e4,0,fma_medium,fma_medium/132/132193.mp3,30.014694,44100,0.007346999999999326,,,False
frequency_ablation_20260813,4d28384d8328dca2,0,fma_medium,fma_medium/023/023528.mp3,30.014694,44100,0.007346999999999326,,,False
frequency_ablation_20260813,4da14c2a7ed35c03,0,fma_medium,fma_medium/090/090404.mp3,30.014694,44100,0.007346999999999326,,,False
frequency_ablation_20260813,4dcfc4717bc4bafd,0,fma_medium,fma_medium/127/127037.mp3,30.014694,44100,0.007346999999999326,,,False
frequency_ablation_20260813,4e38841bda8d8bd8,0,fma_medium,fma_medium/114/114401.mp3,30.014694,44100,0.007346999999999326,,,False
frequency_ablation_20260813,50d58f702de9b6e7,0,fma_medium,fma_medium/040/040786.mp3,30.014694,44100,0.007346999999999326,,,False
frequency_ablation_20260813,50d9afc3801bfe93,0,fma_medium,fma_medium/055/055761.mp3,30.014694,44100,0.007346999999999326,,,False
frequency_ablation_20260813,50f2f42fa1e7d97d,0,fma_medium,fma_medium/010/010674.mp3,30.014694,44100,0.007346999999999326,,,False
frequency_ablation_20260813,5267f5634e5f8619,0,fma_medium,fma_medium/129/129724.mp3,30.014694,44100,0.007346999999999326,,,False
frequency_ablation_20260813,5348d062c8fd77da,0,fma_medium,fma_medium/097/097534.mp3,30.014694,44100,0.007346999999999326,,,False
frequency_ablation_20260813,53838b51a438a470,0,fma_medium,fma_medium/027/027449.mp3,30.014694,44100,0.007346999999999326,,,False
frequency_ablation_20260813,538560500fe01be8,0,fma_medium,fma_medium/144/144243.mp3,30.0,48000,0.0,,,False
frequency_ablation_20260813,54a232de317b7519,0,fma_medium,fma_medium/044/044802.mp3,30.014694,44100,0.007346999999999326,,,False
frequency_ablation_20260813,54cc9ec66c8de439,0,fma_medium,fma_medium/050/050284.mp3,30.014694,44100,0.007346999999999326,,,False
frequency_ablation_20260813,565e7e2acfc461bf,0,fma_medium,fma_medium/042/042913.mp3,30.014694,44100,0.007346999999999326,,,False
frequency_ablation_20260813,56a66fe4ec9f6286,0,fma_medium,fma_medium/024/024144.mp3,30.014694,44100,0.007346999999999326,,,False
frequency_ablation_20260813,57bcdcdd56e668a6,0,fma_medium,fma_medium/131/131938.mp3,30.0,48000,0.0,,,False
frequency_ablation_20260813,59e0cebb4014ff7e,0,fma_medium,fma_medium/124/124566.mp3,30.014694,44100,0.007346999999999326,,,False
frequency_ablation_20260813,5cce97e78182c365,0,fma_medium,fma_medium/066/066914.mp3,30.014694,44100,0.007346999999999326,,,False
frequency_ablation_20260813,5d55db5bbc4250a4,0,fma_medium,fma_medium/114/114395.mp3,30.014694,44100,0.007346999999999326,,,False
frequency_ablation_20260813,5e768af42169b7f5,0,fma_medium,fma_medium/027/027155.mp3,30.014694,44100,0.007346999999999326,,,False
frequency_ablation_20260813,5f2f07f0e55df691,0,fma_medium,fma_medium/014/014154.mp3,30.014694,44100,0.007346999999999326,,,False
frequency_ablation_20260813,606ca76bc7ac8d38,0,fma_medium,fma_medium/065/065629.mp3,30.014694,44100,0.007346999999999326,,,False
frequency_ablation_20260813,60f7eaacf3b29286,0,fma_medium,fma_medium/106/106342.mp3,30.014694,44100,0.007346999999999326,,,False
frequency_ablation_20260813,6187bafb0af4ce09,0,fma_medium,fma_medium/148/148896.mp3,30.0,48000,0.0,,,False
frequency_ablation_20260813,62d1e559043000eb,0,fma_medium,fma_medium/136/136320.mp3,30.014694,44100,0.007346999999999326,,,False
frequency_ablation_20260813,6398b70c1d6f5c56,0,fma_medium,fma_medium/142/142400.mp3,30.014694,44100,0.007346999999999326,,,False
frequency_ablation_20260813,645f8d790b5b32ac,0,fma_medium,fma_medium/074/074351.mp3,30.014694,44100,0.007346999999999326,,,False
frequency_ablation_20260813,66e3c04289b7c693,0,fma_medium,fma_medium/016/016181.mp3,30.014694,44100,0.007346999999999326,,,False
frequency_ablation_20260813,6936e49992b6b12c,0,fma_medium,fma_medium/116/116447.mp3,30.014694,44100,0.007346999999999326,,,False
frequency_ablation_20260813,6939068f044ab9ce,0,fma_medium,fma_medium/047/047676.mp3,30.014694,44100,0.007346999999999326,,,False
frequency_ablation_20260813,6a8083fe12f5933d,0,fma_medium,fma_medium/058/058403.mp3,30.014694,44100,0.007346999999999326,,,False
frequency_ablation_20260813,6be952839910b433,0,fma_medium,fma_medium/126/126104.mp3,30.014694,44100,0.007346999999999326,,,False
frequency_ablation_20260813,6bf563575ec123fd,0,fma_medium,fma_medium/010/010938.mp3,30.014694,44100,0.007346999999999326,,,False
frequency_ablation_20260813,6e9a9baabf5248c3,0,fma_medium,fma_medium/076/076208.mp3,30.014694,44100,0.007346999999999326,,,False
frequency_ablation_20260813,6e9fc2818f33c5a2,0,fma_medium,fma_medium/034/034457.mp3,30.014694,44100,0.007346999999999326,,,False
frequency_ablation_20260813,6f08fcb46b6d72a2,0,fma_medium,fma_medium/110/110652.mp3,30.014694,44100,0.007346999999999326,,,False
frequency_ablation_20260813,717e158ed94b89dc,0,fma_medium,fma_medium/091/091311.mp3,30.014694,44100,0.007346999999999326,,,False
frequency_ablation_20260813,72b28004955d3c30,0,fma_medium,fma_medium/020/020051.mp3,30.014694,44100,0.007346999999999326,,,False
frequency_ablation_20260813,7596211b71156786,0,fma_medium,fma_medium/038/038352.mp3,30.014694,44100,0.007346999999999326,,,False
frequency_ablation_20260813,75b2a51faba922c0,0,fma_medium,fma_medium/032/032742.mp3,30.014694,44100,0.007346999999999326,,,False
frequency_ablation_20260813,766965c73ac2cf6b,0,fma_medium,fma_medium/110/110418.mp3,30.014694,44100,0.007346999999999326,,,False
frequency_ablation_20260813,76f729a95c546c67,0,fma_medium,fma_medium/124/124390.mp3,30.014694,44100,0.007346999999999326,,,False
frequency_ablation_20260813,79a79e239f2ba754,0,fma_medium,fma_medium/005/005159.mp3,30.014694,44100,0.007346999999999326,,,False
frequency_ablation_20260813,79d28eed36454342,0,fma_medium,fma_medium/131/131773.mp3,30.014694,44100,0.007346999999999326,,,False
frequency_ablation_20260813,7a693edecf6c9014,0,fma_medium,fma_medium/108/108863.mp3,30.014694,44100,0.007346999999999326,,,False
frequency_ablation_20260813,7b29f27e00e1bddb,0,fma_medium,fma_medium/122/122079.mp3,30.0,48000,0.0,,,False
frequency_ablation_20260813,7ba88cf795f4f8d9,0,fma_medium,fma_medium/057/057939.mp3,30.014694,44100,0.007346999999999326,,,False
frequency_ablation_20260813,7bdb5fa054cf8dcb,0,fma_medium,fma_medium/132/132547.mp3,30.014694,44100,0.007346999999999326,,,False
frequency_ablation_20260813,7e8e8f7fea260510,0,fma_medium,fma_medium/059/059377.mp3,30.014694,44100,0.007346999999999326,,,False
frequency_ablation_20260813,7ec68c26b935cfa2,0,fma_medium,fma_medium/065/065792.mp3,30.014694,44100,0.007346999999999326,,,False
frequency_ablation_20260813,807fdaba62712b7f,0,fma_medium,fma_medium/070/070468.mp3,30.014694,44100,0.007346999999999326,,,False
frequency_ablation_20260813,81a5f7c1852332ef,0,fma_medium,fma_medium/107/107386.mp3,30.014694,44100,0.007346999999999326,,,False
frequency_ablation_20260813,826ad72430c62345,0,fma_medium,fma_medium/043/043029.mp3,30.014694,44100,0.007346999999999326,,,False
frequency_ablation_20260813,8306236ba4944aeb,0,fma_medium,fma_medium/054/054627.mp3,30.0,48000,0.0,,,False
frequency_ablation_20260813,837d9acd8caf7c0d,0,fma_medium,fma_medium/124/124980.mp3,30.014694,44100,0.007346999999999326,,,False
frequency_ablation_20260813,86a666e68bd01f89,0,fma_medium,fma_medium/053/053378.mp3,30.014694,44100,0.007346999999999326,,,False
frequency_ablation_20260813,880a70e4a6d8b584,0,fma_medium,fma_medium/093/093437.mp3,30.014694,44100,0.007346999999999326,,,False
frequency_ablation_20260813,88727adde584151c,0,fma_medium,fma_medium/068/068893.mp3,30.014694,44100,0.007346999999999326,,,False
frequency_ablation_20260813,8a626ea6224bd38b,0,fma_medium,fma_medium/150/150312.mp3,30.014694,44100,0.007346999999999326,,,False
frequency_ablation_20260813,8db97eb2355b7c58,0,fma_medium,fma_medium/047/047501.mp3,30.014694,44100,0.007346999999999326,,,False
frequency_ablation_20260813,8f74ee74a48f7829,0,fma_medium,fma_medium/040/040809.mp3,30.014694,44100,0.007346999999999326,,,False
frequency_ablation_20260813,90119a58dd8a2a86,0,fma_medium,fma_medium/122/122533.mp3,30.014694,44100,0.007346999999999326,,,False
frequency_ablation_20260813,905c2fe9f55d2f46,0,fma_medium,fma_medium/076/076077.mp3,30.014694,44100,0.007346999999999326,,,False
frequency_ablation_20260813,91dffa5f38802c4a,0,fma_medium,fma_medium/130/130880.mp3,30.014694,44100,0.007346999999999326,,,False
frequency_ablation_20260813,91ed3765d059fc9a,0,fma_medium,fma_medium/035/035532.mp3,30.014694,44100,0.007346999999999326,,,False
frequency_ablation_20260813,92022edc69d774db,0,fma_medium,fma_medium/098/098206.mp3,30.014694,44100,0.007346999999999326,,,False
frequency_ablation_20260813,95a9d295194550a6,0,fma_medium,fma_medium/008/008339.mp3,30.014694,44100,0.007346999999999326,,,False
frequency_ablation_20260813,978adcb10f69f1bd,0,fma_medium,fma_medium/129/129923.mp3,30.0,48000,0.0,,,False
frequency_ablation_20260813,997b963c67b1cad7,0,fma_medium,fma_medium/055/055106.mp3,30.014694,44100,0.007346999999999326,,,False
frequency_ablation_20260813,9a3d4ab3b7e5f01a,0,fma_medium,fma_medium/006/006363.mp3,30.014694,44100,0.007346999999999326,,,False
frequency_ablation_20260813,9a5c3b94b9150299,0,fma_medium,fma_medium/040/040598.mp3,30.014694,44100,0.007346999999999326,,,False
frequency_ablation_20260813,9d1b7faeeab20051,0,fma_medium,fma_medium/062/062641.mp3,30.014694,44100,0.007346999999999326,,,False
frequency_ablation_20260813,9d4f54ba49ed7601,0,fma_medium,fma_medium/016/016050.mp3,30.014694,44100,0.007346999999999326,,,False
frequency_ablation_20260813,9e0e47960d057546,0,fma_medium,fma_medium/148/148780.mp3,30.014694,44100,0.007346999999999326,,,False
frequency_ablation_20260813,9e591e1dc97e1f01,0,fma_medium,fma_medium/140/140873.mp3,30.0,48000,0.0,,,False
frequency_ablation_20260813,a154db7658dca55a,0,fma_medium,fma_medium/124/124185.mp3,30.014694,44100,0.007346999999999326,,,False
frequency_ablation_20260813,a2917f5df9ecbf3a,0,fma_medium,fma_medium/122/122107.mp3,30.014694,44100,0.007346999999999326,,,False
frequency_ablation_20260813,a39b9fea2721be1c,0,fma_medium,fma_medium/047/047030.mp3,30.014694,44100,0.007346999999999326,,,False
frequency_ablation_20260813,a43f7d808cef8f1c,0,fma_medium,fma_medium/123/123646.mp3,30.014694,44100,0.007346999999999326,,,False
frequency_ablation_20260813,a4c9e3f4723d87de,0,fma_medium,fma_medium/015/015140.mp3,30.014694,44100,0.007346999999999326,,,False
frequency_ablation_20260813,a6d60c86c2a77926,0,fma_medium,fma_medium/046/046538.mp3,30.014694,44100,0.007346999999999326,,,False
frequency_ablation_20260813,a898a828d2b5befc,0,fma_medium,fma_medium/047/047915.mp3,30.014694,44100,0.007346999999999326,,,False
frequency_ablation_20260813,a8e8e72907b88145,0,fma_medium,fma_medium/147/147182.mp3,30.014694,44100,0.007346999999999326,,,False
frequency_ablation_20260813,a91a8bb1b6dbcad8,0,fma_medium,fma_medium/128/128825.mp3,30.014694,44100,0.007346999999999326,,,False
frequency_ablation_20260813,a97c303b948ecf48,0,fma_medium,fma_medium/009/009307.mp3,30.014694,44100,0.007346999999999326,,,False
frequency_ablation_20260813,aa967420adde5e4c,0,fma_medium,fma_medium/119/119574.mp3,30.014694,44100,0.007346999999999326,,,False
frequency_ablation_20260813,aacb441fc9bf6619,0,fma_medium,fma_medium/145/145208.mp3,30.014694,44100,0.007346999999999326,,,False
frequency_ablation_20260813,aae8b1c6ea915500,0,fma_medium,fma_medium/018/018888.mp3,30.014694,44100,0.007346999999999326,,,False
frequency_ablation_20260813,ab96a9293beef3eb,0,fma_medium,fma_medium/047/047037.mp3,30.014694,44100,0.007346999999999326,,,False
frequency_ablation_20260813,ac0a55ffe7b44979,0,fma_medium,fma_medium/067/067752.mp3,30.014694,44100,0.007346999999999326,,,False
frequency_ablation_20260813,acfbcf585db8dd9c,0,fma_medium,fma_medium/154/154514.mp3,30.014694,44100,0.007346999999999326,,,False
frequency_ablation_20260813,adffafb49aef104a,0,fma_medium,fma_medium/013/013646.mp3,30.014694,44100,0.007346999999999326,,,False
frequency_ablation_20260813,ae0dcc88221e83e4,0,fma_medium,fma_medium/105/105117.mp3,30.014694,44100,0.007346999999999326,,,False
frequency_ablation_20260813,ae0e9b6f59c6c244,0,fma_medium,fma_medium/007/007865.mp3,30.014694,44100,0.007346999999999326,,,False
frequency_ablation_20260813,ae3a835976031c3d,0,fma_medium,fma_medium/114/114559.mp3,30.0,48000,0.0,,,False
frequency_ablation_20260813,b1fee1aa64ddcb2c,0,fma_medium,fma_medium/121/121474.mp3,30.0,48000,0.0,,,False
frequency_ablation_20260813,b2d29ed38fff818f,0,fma_medium,fma_medium/105/105722.mp3,30.014694,44100,0.007346999999999326,,,False
frequency_ablation_20260813,b44eee78ba41387f,0,fma_medium,fma_medium/111/111582.mp3,30.014694,44100,0.007346999999999326,,,False
frequency_ablation_20260813,b7dbb468c7e187a7,0,fma_medium,fma_medium/095/095200.mp3,30.014694,44100,0.007346999999999326,,,False
frequency_ablation_20260813,b8b75b676f421c6d,0,fma_medium,fma_medium/094/094099.mp3,30.014694,44100,0.007346999999999326,,,False
frequency_ablation_20260813,bdb78942c3915d5f,0,fma_medium,fma_medium/074/074524.mp3,30.014694,44100,0.007346999999999326,,,False
frequency_ablation_20260813,beba999379e104a9,0,fma_medium,fma_medium/055/055759.mp3,30.014694,44100,0.007346999999999326,,,False
frequency_ablation_20260813,bf3cbeb4250e37ac,0,fma_medium,fma_medium/123/123633.mp3,30.014694,44100,0.007346999999999326,,,False
frequency_ablation_20260813,c31bef87ffa18ae6,0,fma_medium,fma_medium/066/066963.mp3,30.014694,44100,0.007346999999999326,,,False
frequency_ablation_20260813,c3d817bae78771d4,0,fma_medium,fma_medium/096/096099.mp3,30.014694,44100,0.007346999999999326,,,False
frequency_ablation_20260813,c6af549ada3de4fc,0,fma_medium,fma_medium/112/112382.mp3,30.014694,44100,0.007346999999999326,,,False
frequency_ablation_20260813,c9f8e59751a2f534,0,fma_medium,fma_medium/137/137417.mp3,30.014694,44100,0.007346999999999326,,,False
frequency_ablation_20260813,cfa12de3ec582b2a,0,fma_medium,fma_medium/065/065877.mp3,30.014694,44100,0.007346999999999326,,,False
frequency_ablation_20260813,d08f22c3f2f85c0d,0,fma_medium,fma_medium/090/090637.mp3,30.014694,44100,0.007346999999999326,,,False
frequency_ablation_20260813,d0b4f63ac14ffe2a,0,fma_medium,fma_medium/097/097535.mp3,30.014694,44100,0.007346999999999326,,,False
frequency_ablation_20260813,d0c52de63c3d6ef4,0,fma_medium,fma_medium/075/075388.mp3,30.014694,44100,0.007346999999999326,,,False
frequency_ablation_20260813,d130395ad7cb079f,0,fma_medium,fma_medium/054/054966.mp3,30.014694,44100,0.007346999999999326,,,False
frequency_ablation_20260813,d2f53f0df45c8520,0,fma_medium,fma_medium/129/129702.mp3,30.014694,44100,0.007346999999999326,,,False
frequency_ablation_20260813,d3b62aacf21ab68c,0,fma_medium,fma_medium/068/068707.mp3,30.014694,44100,0.007346999999999326,,,False
frequency_ablation_20260813,d4f2412d9d0d2a6f,0,fma_medium,fma_medium/082/082243.mp3,30.014694,44100,0.007346999999999326,,,False
frequency_ablation_20260813,d57ca373e76391c4,0,fma_medium,fma_medium/145/145066.mp3,30.014694,44100,0.007346999999999326,,,False
frequency_ablation_20260813,d5b99efcda483c17,0,fma_medium,fma_medium/016/016992.mp3,30.014694,44100,0.007346999999999326,,,False
frequency_ablation_20260813,d5e11aef5e99a5ac,0,fma_medium,fma_medium/098/098572.mp3,30.014694,44100,0.007346999999999326,,,False
frequency_ablation_20260813,d9b0813d0846402d,0,fma_medium,fma_medium/083/083635.mp3,30.014694,44100,0.007346999999999326,,,False
frequency_ablation_20260813,dafbe6be53928f9e,0,fma_medium,fma_medium/134/134054.mp3,30.0,48000,0.0,,,False
frequency_ablation_20260813,dc05787ab2b4f28b,0,fma_medium,fma_medium/144/144173.mp3,30.014694,44100,0.007346999999999326,,,False
frequency_ablation_20260813,dcb788d2cf6563b2,0,fma_medium,fma_medium/039/039896.mp3,30.014694,44100,0.007346999999999326,,,False
frequency_ablation_20260813,dfbdaa7295be3555,0,fma_medium,fma_medium/069/069001.mp3,30.0,48000,0.0,,,False
frequency_ablation_20260813,e3db2cf364e81a85,0,fma_medium,fma_medium/064/064760.mp3,30.014694,44100,0.007346999999999326,,,False
frequency_ablation_20260813,e407b5c5c4e9f0cc,0,fma_medium,fma_medium/127/127153.mp3,30.014694,44100,0.007346999999999326,,,False
frequency_ablation_20260813,e40e301e28856a40,0,fma_medium,fma_medium/014/014361.mp3,30.014694,44100,0.007346999999999326,,,False
frequency_ablation_20260813,e62a09ff02208032,0,fma_medium,fma_medium/094/094412.mp3,30.014694,44100,0.007346999999999326,,,False
frequency_ablation_20260813,e67c4a278e564bbe,0,fma_medium,fma_medium/094/094452.mp3,30.014694,44100,0.007346999999999326,,,False
frequency_ablation_20260813,e82f23152d6b33f3,0,fma_medium,fma_medium/079/079568.mp3,30.014694,44100,0.007346999999999326,,,False
frequency_ablation_20260813,e8c902cbf0ff60e1,0,fma_medium,fma_medium/063/063665.mp3,30.014694,44100,0.007346999999999326,,,False
frequency_ablation_20260813,e9a911decaabcef6,0,fma_medium,fma_medium/001/001661.mp3,30.0,48000,0.0,,,False
frequency_ablation_20260813,e9e32ea515a0a690,0,fma_medium,fma_medium/010/010993.mp3,30.014694,44100,0.007346999999999326,,,False
frequency_ablation_20260813,ea550718f49030bd,0,fma_medium,fma_medium/010/010806.mp3,30.014694,44100,0.007346999999999326,,,False
frequency_ablation_20260813,f341687394b4b8e4,0,fma_medium,fma_medium/098/098078.mp3,30.014694,44100,0.007346999999999326,,,False
frequency_ablation_20260813,f398ec65ebf9a17d,0,fma_medium,fma_medium/054/054850.mp3,30.014694,44100,0.007346999999999326,,,False
frequency_ablation_20260813,f5a265563de4033e,0,fma_medium,fma_medium/138/138484.mp3,30.014694,44100,0.007346999999999326,,,False
frequency_ablation_20260813,f85ed9f78eb1330f,0,fma_medium,fma_medium/075/075224.mp3,30.014694,44100,0.007346999999999326,,,False
frequency_ablation_20260813,f873cdae7c46b864,0,fma_medium,fma_medium/137/137176.mp3,30.014694,44100,0.007346999999999326,,,False
frequency_ablation_20260813,f983637c619027cd,0,fma_medium,fma_medium/097/097399.mp3,30.014694,44100,0.007346999999999326,,,False
frequency_ablation_20260813,f9fffa293f88a861,0,fma_medium,fma_medium/044/044354.mp3,30.014694,44100,0.007346999999999326,,,False
frequency_ablation_20260813,fa7d3110b764f64b,0,fma_medium,fma_medium/131/131531.mp3,30.014694,44100,0.007346999999999326,,,False
frequency_ablation_20260813,fd70ba4240bb27e3,0,fma_medium,fma_medium/032/032815.mp3,30.014694,44100,0.007346999999999326,,,False
frequency_ablation_20260813,fd86973e4b4dab47,0,fma_medium,fma_medium/021/021542.mp3,30.014694,44100,0.007346999999999326,,,False
frequency_ablation_20260813,fe4b4599b40e70ef,0,fma_medium,fma_medium/113/113271.mp3,30.014694,44100,0.007346999999999326,,,False
frequency_ablation_20260813,00b4d127f88148e5,1,humair_suno,humair025-suno-audio-mp3/batch_17/06b84db1-07f5-4c96-bfee-2231984c1d0c.mp3,191.999979,48000,80.9999895,,,False
frequency_ablation_20260813,03dfaaec760ab15d,1,humair_suno,humair025-suno-audio-mp3/batch_10/03fdf1e5-8b35-4a12-a984-e214c9668159.mp3,179.6,48000,74.8,,,False
frequency_ablation_20260813,044531b5c6fccd78,1,humair_suno,humair025-suno-audio-mp3/batch_14/0578d20e-0623-41c0-9a30-1cae7530a32b.mp3,240.0,48000,105.0,,,False
frequency_ablation_20260813,0498f8666811d8c6,1,humair_suno,humair025-suno-audio-mp3/batch_14/05739dea-2d3e-4a1b-a05d-5cbcc1021c16.mp3,227.0,48000,98.5,,,False
frequency_ablation_20260813,1198ff72ab61fea1,1,humair_suno,humair025-suno-audio-mp3/batch_13/052f370e-f388-4a00-b95a-7bae1aeed437.mp3,168.6,48000,69.3,,,False
frequency_ablation_20260813,1477fda4d178cce6,1,humair_suno,humair025-suno-audio-mp3/batch_10/04184bdc-ea32-4d2b-a76a-6feb2ee8d767.mp3,156.72,48000,63.36,,,False
frequency_ablation_20260813,1523b36b6e76e0b9,1,humair_suno,humair025-suno-audio-mp3/batch_13/05191a52-8dbd-457e-9417-cd9332d0f78f.mp3,190.0,48000,80.0,,,False
frequency_ablation_20260813,17f97fd64a2f799b,1,humair_suno,humair025-suno-audio-mp3/batch_16/06431e10-448a-491c-b5e1-ee686e2dea70.mp3,103.96,48000,36.98,,,False
frequency_ablation_20260813,181521fc41473ec5,1,humair_suno,humair025-suno-audio-mp3/batch_13/053656d2-2610-40f2-85c6-49f565df708c.mp3,240.0,48000,105.0,,,False
frequency_ablation_20260813,188ef046960529c8,1,humair_suno,humair025-suno-audio-mp3/batch_1/006b81ba-071f-4a6d-8a89-7ab82a595157.mp3,222.16,48000,96.08,,,False
frequency_ablation_20260813,1ed376183ada0aa5,1,humair_suno,humair025-suno-audio-mp3/batch_12/04c90eb8-faf2-4e24-b23b-a85e4b207256.mp3,146.6,48000,58.3,,,False
frequency_ablation_20260813,22b59532cb5e83a4,1,humair_suno,humair025-suno-audio-mp3/batch_13/05271401-c87a-4da4-829f-dd94f3dd816e.mp3,174.24,48000,72.12,,,False
frequency_ablation_20260813,27dd4c719c0f5a10,1,humair_suno,humair025-suno-audio-mp3/batch_10/04270a93-da36-4b73-8ad6-bc33b0a719b8.mp3,166.76,48000,68.38,,,False
frequency_ablation_20260813,295442cd6fc259f7,1,humair_suno,humair025-suno-audio-mp3/batch_0/0016e604-0334-434c-98f1-3f5f60f98ebb.mp3,240.0,48000,105.0,,,False
frequency_ablation_20260813,2c7bf9c8700b5101,1,humair_suno,humair025-suno-audio-mp3/batch_0/00475494-6cea-4aed-a4c7-43765561a812.mp3,232.799977,44100,101.3999885,,,False
frequency_ablation_20260813,316d089c1de65d85,1,humair_suno,humair025-suno-audio-mp3/batch_11/04478450-5224-41ec-972d-a40fac4aa55b.mp3,184.32,48000,77.16,,,False
frequency_ablation_20260813,33353ffbe1593b02,1,humair_suno,humair025-suno-audio-mp3/batch_0/00256210-7ced-4828-a1db-ed3068863288.mp3,170.16,48000,70.08,,,False
frequency_ablation_20260813,3665933c2d11e426,1,humair_suno,humair025-suno-audio-mp3/batch_13/0522abe9-9d9d-4e91-bb63-3938a1913186.mp3,137.52,48000,53.760000000000005,,,False
frequency_ablation_20260813,3d2fbc7823f46a01,1,humair_suno,humair025-suno-audio-mp3/batch_12/04e9636b-a178-4d78-902f-9b57a7d90f09.mp3,125.0,48000,47.5,,,False
frequency_ablation_20260813,3ec58298e629e66e,1,humair_suno,humair025-suno-audio-mp3/batch_13/0562bf7b-3fa4-4066-a566-8362b381a409.mp3,229.0,48000,99.5,,,False
frequency_ablation_20260813,3f89f7b5ea125baa,1,humair_suno,humair025-suno-audio-mp3/batch_13/055aeb86-20c1-4140-8fd8-0a91e9b5c948.mp3,215.0,48000,92.5,,,False
frequency_ablation_20260813,403667b562590c5d,1,humair_suno,humair025-suno-audio-mp3/batch_13/055b5871-d972-4b4b-96ac-242e12422182.mp3,138.32,48000,54.16,,,False
frequency_ablation_20260813,436be18c3491e419,1,humair_suno,humair025-suno-audio-mp3/batch_0/000a341f-efb0-4c06-bddd-e494eddf44a1.mp3,138.6,48000,54.3,,,False
frequency_ablation_20260813,44808da6ed3c1fe7,1,humair_suno,humair025-suno-audio-mp3/batch_1/00918401-0ac5-4392-aefb-1715fc2fc119.mp3,174.92,48000,72.46,,,False
frequency_ablation_20260813,475515032a9e75b3,1,humair_suno,humair025-suno-audio-mp3/batch_14/057d4ec2-1072-4d90-b350-750dbfb831e8.mp3,280.279979,48000,125.13998950000001,,,False
frequency_ablation_20260813,475a9d0357fda507,1,humair_suno,humair025-suno-audio-mp3/batch_13/054abc30-b315-4bb4-840d-99dfa8eb312f.mp3,176.24,48000,73.12,,,False
frequency_ablation_20260813,4bfd21f2d076ea4e,1,humair_suno,humair025-suno-audio-mp3/batch_16/0639accf-e4fc-4af4-9afa-26247ea17b7a.mp3,175.32,48000,72.66,,,False
frequency_ablation_20260813,4edcbb4061247490,1,humair_suno,humair025-suno-audio-mp3/batch_1/00850ea4-274c-4450-af9f-ae917bcbf155.mp3,202.0,48000,86.0,,,False
frequency_ablation_20260813,4f0d6234c02a453c,1,humair_suno,humair025-suno-audio-mp3/batch_10/042f39d7-a94f-4091-ad6f-9e16a822773b.mp3,185.0,48000,77.5,,,False
frequency_ablation_20260813,5231bfce85a26e7a,1,humair_suno,humair025-suno-audio-mp3/batch_12/04e5b4a0-2075-4bdc-b108-77aba3dd5449.mp3,138.8,48000,54.400000000000006,,,False
frequency_ablation_20260813,58e8f6a891c02ade,1,humair_suno,humair025-suno-audio-mp3/batch_1/0093dc0b-b2dc-4fee-9996-ca97f974598a.mp3,167.0,48000,68.5,,,False
frequency_ablation_20260813,5a69db5098bb6b52,1,humair_suno,humair025-suno-audio-mp3/batch_1/00786e43-bb14-49e2-8253-bfcc3573c2f0.mp3,216.0,48000,93.0,,,False
frequency_ablation_20260813,5d46b5f9fbd48b24,1,humair_suno,humair025-suno-audio-mp3/batch_13/053785e8-f06b-496b-97db-f8dadfef5f15.mp3,227.16,48000,98.58,,,False
frequency_ablation_20260813,5f9caa0dbf2069c0,1,humair_suno,humair025-suno-audio-mp3/batch_0/000cc669-7916-4073-9dbf-2aef2efebb92.mp3,240.0,48000,105.0,,,False
frequency_ablation_20260813,62506964be7b7933,1,humair_suno,humair025-suno-audio-mp3/batch_11/0459e3c6-e068-4b58-943b-bf7634ce5aed.mp3,123.56,48000,46.78,,,False
frequency_ablation_20260813,62ccdbc8bf55ee48,1,humair_suno,humair025-suno-audio-mp3/batch_0/00366ce6-b16f-4201-83e2-c0b2143ad7f9.mp3,158.96,48000,64.48,,,False
frequency_ablation_20260813,694e7ba067598805,1,humair_suno,humair025-suno-audio-mp3/batch_13/055c535f-5751-422e-9a21-920974081a1b.mp3,126.56,48000,48.28,,,False
frequency_ablation_20260813,6ac20a029e97f173,1,humair_suno,humair025-suno-audio-mp3/batch_11/0478aa01-e781-4f1c-af0f-aaf74df9227b.mp3,137.68,48000,53.84,,,False
frequency_ablation_20260813,6b6a6753cf874541,1,humair_suno,humair025-suno-audio-mp3/batch_11/04952f70-0fc6-4e23-a327-72de5ac20648.mp3,134.68,48000,52.34,,,False
frequency_ablation_20260813,6b9c154647e64858,1,humair_suno,humair025-suno-audio-mp3/batch_1/0093f145-5bff-4bc8-8c82-70ec4ffeb0e8.mp3,212.52,48000,91.26,,,False
frequency_ablation_20260813,6e73998793435f98,1,humair_suno,humair025-suno-audio-mp3/batch_1/00b5cf17-c6ae-4690-8455-ebce82d0e613.mp3,221.24,48000,95.62,,,False
frequency_ablation_20260813,6f04c28b709e6c02,1,humair_suno,humair025-suno-audio-mp3/batch_13/05207041-b701-445a-a1b9-49aacc5bf0bc.mp3,198.88,48000,84.44,,,False
frequency_ablation_20260813,7619a26482f746b2,1,humair_suno,humair025-suno-audio-mp3/batch_12/04d73ec5-0211-4a7d-923b-2e077dbe596b.mp3,173.96,48000,71.98,,,False
frequency_ablation_20260813,76b36a53535769a5,1,humair_suno,humair025-suno-audio-mp3/batch_12/04b75161-cba8-4037-ba7c-b22a94cefc9c.mp3,178.8,48000,74.4,,,False
frequency_ablation_20260813,794c90082684199f,1,humair_suno,humair025-suno-audio-mp3/batch_0/00085d71-1a94-4490-9c96-1a1722f8b76c.mp3,172.32,48000,71.16,,,False
frequency_ablation_20260813,7969457cd5b70f9d,1,humair_suno,humair025-suno-audio-mp3/batch_13/0548fca2-7a54-47c3-b131-3149580393f5.mp3,174.4,48000,72.2,,,False
frequency_ablation_20260813,7a4cf21249a3008b,1,humair_suno,humair025-suno-audio-mp3/batch_16/06682272-3d76-47e5-bff0-d6b1d8f05cdc.mp3,139.28,48000,54.64,,,False
frequency_ablation_20260813,7bae95a15388717d,1,humair_suno,humair025-suno-audio-mp3/batch_17/06a6a05a-104e-455d-b50d-bff9ff44a4e8.mp3,178.04,48000,74.02,,,False
frequency_ablation_20260813,7c88e1d164470e34,1,humair_suno,humair025-suno-audio-mp3/batch_13/054bdd24-8f65-4e72-98c1-27229310c9e1.mp3,127.16,48000,48.58,,,False
frequency_ablation_20260813,7d155551346f1692,1,humair_suno,humair025-suno-audio-mp3/batch_17/06a74eda-1d79-48d3-b08d-9fbccbfbba72.mp3,210.72,48000,90.36,,,False
frequency_ablation_20260813,7d304b0c8565cb74,1,humair_suno,humair025-suno-audio-mp3/batch_1/00809d4e-f030-47c2-a050-aef8b4e8d8b5.mp3,299.999979,48000,134.9999895,,,False
frequency_ablation_20260813,80230b3d08dcaf5a,1,humair_suno,humair025-suno-audio-mp3/batch_12/0500fa0c-c333-40d5-98c5-d03e58eed4d6.mp3,132.2,48000,51.099999999999994,,,False
frequency_ablation_20260813,84d722aafb16db19,1,humair_suno,humair025-suno-audio-mp3/batch_10/0440dd93-eedc-453f-a9cf-35ccc39bf249.mp3,211.0,48000,90.5,,,False
frequency_ablation_20260813,85b498be7cec3ca5,1,humair_suno,humair025-suno-audio-mp3/batch_0/0021e244-0875-405c-b05e-4fcf5a539f88.mp3,144.08,48000,57.040000000000006,,,False
frequency_ablation_20260813,89bf9be8fa1d521b,1,humair_suno,humair025-suno-audio-mp3/batch_11/044c9e51-c2ea-4700-b927-f9780a486126.mp3,179.0,48000,74.5,,,False
frequency_ablation_20260813,89e6ce10554951d8,1,humair_suno,humair025-suno-audio-mp3/batch_0/000428a8-6a33-4e04-9141-3d669f4cc0a9.mp3,240.0,48000,105.0,,,False
frequency_ablation_20260813,8a8d30175ecef490,1,humair_suno,humair025-suno-audio-mp3/batch_13/055810c5-fd37-450e-b305-ca7746bf9a07.mp3,240.0,48000,105.0,,,False
frequency_ablation_20260813,8ce2b2d026cba9fa,1,humair_suno,humair025-suno-audio-mp3/batch_0/002f9fd1-678c-4077-8f87-c3efbabed40c.mp3,144.52,48000,57.260000000000005,,,False
frequency_ablation_20260813,8f07b43ae5ceda8b,1,humair_suno,humair025-suno-audio-mp3/batch_11/048a3f6e-5417-47bd-b8f5-06a5844ef663.mp3,186.6,48000,78.3,,,False
frequency_ablation_20260813,90ae087e8dfd266e,1,humair_suno,humair025-suno-audio-mp3/batch_12/04a9b772-50b3-4cf0-a2c2-098f2f2ea026.mp3,82.84,48000,26.42,,,False
frequency_ablation_20260813,989842c8fa1c18dc,1,humair_suno,humair025-suno-audio-mp3/batch_1/006ffa25-4ea1-42c4-8b66-2a8887163892.mp3,240.0,48000,105.0,,,False
frequency_ablation_20260813,9941eec4b419b841,1,humair_suno,humair025-suno-audio-mp3/batch_16/0677c428-bc1e-47ea-96b4-65271451a81d.mp3,162.16,48000,66.08,,,False
frequency_ablation_20260813,9b183b87e56925b6,1,humair_suno,humair025-suno-audio-mp3/batch_1/0087bdc2-3898-42dd-a041-2b02407cea35.mp3,203.84,48000,86.92,,,False
frequency_ablation_20260813,9cfbe624efab0459,1,humair_suno,humair025-suno-audio-mp3/batch_0/004962fc-6003-4339-a3fe-32015075b39b.mp3,201.28,48000,85.64,,,False
frequency_ablation_20260813,9d701ec07c753de3,1,humair_suno,humair025-suno-audio-mp3/batch_12/04f6f3d5-e65d-49f9-9c2b-d3ff07b4c9cc.mp3,234.72,48000,102.36,,,False
frequency_ablation_20260813,9e1d7e387547d799,1,humair_suno,humair025-suno-audio-mp3/batch_0/005bcbd5-de74-4f1d-bf87-d59c2c9720f7.mp3,187.0,48000,78.5,,,False
frequency_ablation_20260813,9e1f5cb853a0a87f,1,humair_suno,humair025-suno-audio-mp3/batch_1/00b1f4e5-4477-4a90-ac5f-e13e3f7df05d.mp3,49.64,48000,9.82,,,False
frequency_ablation_20260813,9e4359c6bccba180,1,humair_suno,humair025-suno-audio-mp3/batch_1/00a202a0-ab1d-4080-a1d1-654cefba940c.mp3,143.8,48000,56.900000000000006,,,False
frequency_ablation_20260813,9eef3689cdb28079,1,humair_suno,humair025-suno-audio-mp3/batch_16/067ce983-2a8a-4d9b-807f-5ec4e040815c.mp3,187.0,48000,78.5,,,False
frequency_ablation_20260813,a308b06e21d9ca48,1,humair_suno,humair025-suno-audio-mp3/batch_12/04f99c4e-f010-4700-880b-277be30c5465.mp3,257.799979,48000,113.8999895,,,False
frequency_ablation_20260813,a5d0abc240f6293d,1,humair_suno,humair025-suno-audio-mp3/batch_11/0452736e-f4df-4fa5-ad84-217f40ecb083.mp3,126.64,48000,48.32,,,False
frequency_ablation_20260813,a6546a52028cde00,1,humair_suno,humair025-suno-audio-mp3/batch_10/03ff012f-d2fd-48cc-9383-f92ee5ec5664.mp3,179.0,48000,74.5,,,False
frequency_ablation_20260813,b20b7afbfe87c85d,1,humair_suno,humair025-suno-audio-mp3/batch_17/069d9954-312c-45c6-8633-ea7055807f10.mp3,144.04,48000,57.019999999999996,,,False
frequency_ablation_20260813,b228c10bbed5edf9,1,humair_suno,humair025-suno-audio-mp3/batch_14/0585f682-aaa4-48e1-805e-c2f4ab6819a4.mp3,115.2,48000,42.6,,,False
frequency_ablation_20260813,b37b8d0bc4e16fbb,1,humair_suno,humair025-suno-audio-mp3/batch_0/00595ca8-2a24-4321-8cbd-2410b5a021a2.mp3,130.84,48000,50.42,,,False
frequency_ablation_20260813,b87255496fab1f7b,1,humair_suno,humair025-suno-audio-mp3/batch_10/04417133-7505-41e4-824f-c3a6dd291de2.mp3,181.0,48000,75.5,,,False
frequency_ablation_20260813,b8924d66cca2babd,1,humair_suno,humair025-suno-audio-mp3/batch_12/04f8b0e6-f411-4756-a32a-98535dea8e9b.mp3,134.0,48000,52.0,,,False
frequency_ablation_20260813,bd6e8bbe2de2e76a,1,humair_suno,humair025-suno-audio-mp3/batch_13/050814da-e9f9-4298-80b6-08b16e630cde.mp3,203.4,48000,86.7,,,False
frequency_ablation_20260813,be396a92397b1344,1,humair_suno,humair025-suno-audio-mp3/batch_1/00b8c097-bbda-4e1a-a1ed-29bcf8d0a409.mp3,208.12,48000,89.06,,,False
frequency_ablation_20260813,bf52c15c602e5f78,1,humair_suno,humair025-suno-audio-mp3/batch_13/052a59bb-47f7-4b04-a5a9-378b0d19c240.mp3,175.84,48000,72.92,,,False
frequency_ablation_20260813,c2018233f3b02a64,1,humair_suno,humair025-suno-audio-mp3/batch_10/043e12bd-0248-440a-b4f7-fef721e20127.mp3,68.56,48000,19.28,,,False
frequency_ablation_20260813,c4c57883322b1ae2,1,humair_suno,humair025-suno-audio-mp3/batch_13/0551094c-6ebc-43ea-ad8b-bd0d0f026a07.mp3,201.88,48000,85.94,,,False
frequency_ablation_20260813,c51e081ba0ad82cd,1,humair_suno,humair025-suno-audio-mp3/batch_11/04a16711-f003-4a36-9a1e-36fee081bcbc.mp3,240.0,48000,105.0,,,False
frequency_ablation_20260813,c61d14309ee11f39,1,humair_suno,humair025-suno-audio-mp3/batch_1/008819e2-e25b-4a85-8561-0d660aca4c6f.mp3,159.4,48000,64.7,,,False
frequency_ablation_20260813,c62fcddbf755da89,1,humair_suno,humair025-suno-audio-mp3/batch_1/0085c23a-c6d5-4c3f-8f39-a947249f20cd.mp3,238.84,48000,104.42,,,False
frequency_ablation_20260813,c9b0b406aa9d3926,1,humair_suno,humair025-suno-audio-mp3/batch_17/06c6b840-70ab-45a9-ab1b-148fb6fea703.mp3,218.96,48000,94.48,,,False
frequency_ablation_20260813,cdcefeecfc8b1a9f,1,humair_suno,humair025-suno-audio-mp3/batch_0/004cb777-5be0-48c0-b692-e1f8481626a4.mp3,142.16,48000,56.08,,,False
frequency_ablation_20260813,d06f7c0f730bdc94,1,humair_suno,humair025-suno-audio-mp3/batch_1/00b508d6-93ad-4432-ac14-57b2683327e9.mp3,111.6,48000,40.8,,,False
frequency_ablation_20260813,d3045fdadbc5de3d,1,humair_suno,humair025-suno-audio-mp3/batch_1/00bf8f80-4a2e-4853-9c0e-a7002ee30bb2.mp3,162.0,48000,66.0,,,False
frequency_ablation_20260813,d37180b97ddf2448,1,humair_suno,humair025-suno-audio-mp3/batch_16/066a1919-9fe2-47aa-bf8f-35fee012a42c.mp3,180.0,48000,75.0,,,False
frequency_ablation_20260813,d38c6c324a37cd50,1,humair_suno,humair025-suno-audio-mp3/batch_14/057674ee-8a57-4c78-9efc-0c342a0759b1.mp3,95.52,48000,32.76,,,False
frequency_ablation_20260813,d404b12613f5a758,1,humair_suno,humair025-suno-audio-mp3/batch_0/0010a003-5519-4d44-8348-77bc3af5c23e.mp3,172.16,48000,71.08,,,False
frequency_ablation_20260813,deeeafdc1a2e4b4d,1,humair_suno,humair025-suno-audio-mp3/batch_1/0070e0fe-e5fc-4d74-a9ab-e27173fdd7ee.mp3,153.88,48000,61.94,,,False
frequency_ablation_20260813,e65683c8958eef04,1,humair_suno,humair025-suno-audio-mp3/batch_0/0057cbeb-d8fa-4405-a4ae-e644c3e236e4.mp3,179.0,48000,74.5,,,False
frequency_ablation_20260813,e659aec333ee8149,1,humair_suno,humair025-suno-audio-mp3/batch_14/058a53bb-2f78-4f4f-930c-2a5459b4914a.mp3,246.999979,48000,108.4999895,,,False
frequency_ablation_20260813,efda35e380c345d1,1,humair_suno,humair025-suno-audio-mp3/batch_13/055d5e38-d798-4209-95a0-0d15c5ca1905.mp3,160.0,48000,65.0,,,False
frequency_ablation_20260813,f1924c7cec22118e,1,humair_suno,humair025-suno-audio-mp3/batch_13/05177d49-438e-40a2-a734-1d7377aa37d2.mp3,169.28,48000,69.64,,,False
frequency_ablation_20260813,fa5b1a966c782ffd,1,humair_suno,humair025-suno-audio-mp3/batch_11/047c52d6-b452-4581-86f4-e2a2d02ffc2f.mp3,164.08,48000,67.04,,,False
frequency_ablation_20260813,fba5a56d36921792,1,humair_suno,humair025-suno-audio-mp3/batch_0/0053ef8e-a78f-4a97-8005-9347c21e9287.mp3,240.0,48000,105.0,,,False
frequency_ablation_20260813,fe064f35c32efc2f,1,humair_suno,humair025-suno-audio-mp3/batch_1/00a70375-de01-4ca6-b9b6-553e56e821e7.mp3,158.84,48000,64.42,,,False
frequency_ablation_20260813,008c19f7060191cb,1,suno_unknown,suno-ai-music-dataset-audio/audio/a75d04a2-46b0-4bae-be93-1d733e1c4df3.mp3,110.159979,48000,40.0799895,,,False
frequency_ablation_20260813,009877d4add56b47,1,suno_unknown,suno-ai-music-dataset-audio/audio/75fe4a45-93e0-4fa6-b4c5-4b27d4d03c24.mp3,244.079979,48000,107.0399895,,,False
frequency_ablation_20260813,00aadc5c8df15636,1,suno_unknown,suno-ai-music-dataset-audio/audio/a774191b-78b8-481d-9f02-8ea6c5d06da7.mp3,172.359979,48000,71.1799895,,,False
frequency_ablation_20260813,04184434801e34cc,1,suno_unknown,suno-ai-music-dataset-audio/audio/7349b921-49a7-4e54-858e-9a60d5215caf.mp3,248.119979,48000,109.0599895,,,False
frequency_ablation_20260813,0813924403b45e69,1,suno_unknown,suno-ai-music-dataset-audio/audio/2521d47b-62d2-4cac-abe8-6a8751a5d3fc.mp3,163.239979,48000,66.6199895,,,False
frequency_ablation_20260813,08ef091fd09042f6,1,suno_unknown,suno-ai-music-dataset-audio/audio/70d1f573-f173-4e1e-9fa2-0b87e25c6aaa.mp3,479.359979,48000,224.6799895,,,False
frequency_ablation_20260813,0b6d2301bfd61d78,1,suno_unknown,suno-ai-music-dataset-audio/audio/174055e3-f5ad-4e7a-8192-bde08b27f84d.mp3,401.279979,48000,185.6399895,,,False
frequency_ablation_20260813,0ee885abae9ba2df,1,suno_unknown,suno-ai-music-dataset-audio/audio/7ffa94de-3b42-44a1-acea-3f4a3d68f1d8.mp3,479.399979,48000,224.6999895,,,False
frequency_ablation_20260813,0f09a9eb9b6a834b,1,suno_unknown,suno-ai-music-dataset-audio/audio/17777327-267c-4fa8-8924-703837b7a54c.mp3,143.119979,48000,56.5599895,,,False
frequency_ablation_20260813,1144cf95d53bc2ce,1,suno_unknown,suno-ai-music-dataset-audio/audio/6a0e42d6-0348-4a8c-8675-df6e62ad2a71.mp3,123.959979,48000,46.9799895,,,False
frequency_ablation_20260813,17f97fb88487c18e,1,suno_unknown,suno-ai-music-dataset-audio/audio/5a4d1cf9-43a4-434f-8b0a-5bb356b3828f.mp3,192.359979,48000,81.1799895,,,False
frequency_ablation_20260813,1e559199db3cbc41,1,suno_unknown,suno-ai-music-dataset-audio/audio/02e3c97e-9c8d-4118-b879-01867092c659.mp3,126.599979,48000,48.2999895,,,False
frequency_ablation_20260813,217b8a705f536c1a,1,suno_unknown,suno-ai-music-dataset-audio/audio/75b53248-c05a-4067-8253-cfc2164da77e.mp3,212.399979,48000,91.1999895,,,False
frequency_ablation_20260813,25a2c1c81a0f30be,1,suno_unknown,suno-ai-music-dataset-audio/audio/51dc2098-0d70-4aa3-8eec-16043893eb19.mp3,479.399979,48000,224.6999895,,,False
frequency_ablation_20260813,293ed267185ada0a,1,suno_unknown,suno-ai-music-dataset-audio/audio/a811896c-0dbc-4362-8036-b27d326a1202.mp3,180.959979,48000,75.4799895,,,False
frequency_ablation_20260813,2af20a14c4d349fa,1,suno_unknown,suno-ai-music-dataset-audio/audio/7eb53e02-5ee4-4821-b749-35b471ceb0a9.mp3,184.279979,48000,77.1399895,,,False
frequency_ablation_20260813,2c8c0083baeb3c27,1,suno_unknown,suno-ai-music-dataset-audio/audio/23a864b3-b63a-402d-a95a-a2750cbadf5a.mp3,224.599979,48000,97.2999895,,,False
frequency_ablation_20260813,2d67b83343efbf9f,1,suno_unknown,suno-ai-music-dataset-audio/audio/f937cbd2-d420-4eea-95bf-e8ae6655c02d.mp3,131.519979,48000,50.7599895,,,False
frequency_ablation_20260813,37953137e5130487,1,suno_unknown,suno-ai-music-dataset-audio/audio/4d63e6f0-86f6-40e6-8296-664e1abc474b.mp3,307.959979,48000,138.9799895,,,False
frequency_ablation_20260813,3a20f8e2426e8949,1,suno_unknown,suno-ai-music-dataset-audio/audio/9ed0e8fb-4658-4b55-8e7c-457c257eb5a9.mp3,116.359979,48000,43.1799895,,,False
frequency_ablation_20260813,3c3133eb306da28e,1,suno_unknown,suno-ai-music-dataset-audio/audio/7b684afc-39c0-4a7a-93bb-16fb33db0490.mp3,199.839979,48000,84.9199895,,,False
frequency_ablation_20260813,438bbb8b8870ff92,1,suno_unknown,suno-ai-music-dataset-audio/audio/cb202a14-622d-4c49-825d-54437d281ad1.mp3,189.759979,48000,79.8799895,,,False
frequency_ablation_20260813,474ba47edb26f1a4,1,suno_unknown,suno-ai-music-dataset-audio/audio/2f0810ae-e826-41d5-b5ff-c667bf402923.mp3,177.879979,48000,73.9399895,,,False
frequency_ablation_20260813,47caae1f16e9980d,1,suno_unknown,suno-ai-music-dataset-audio/audio/60343353-1030-4756-b7df-73e65227ab36.mp3,237.199979,48000,103.5999895,,,False
frequency_ablation_20260813,500b5c0838434b46,1,suno_unknown,suno-ai-music-dataset-audio/audio/95b74521-a22b-4e08-bb52-300467640547.mp3,99.959979,48000,34.9799895,,,False
frequency_ablation_20260813,50cfa2cf5902c4bf,1,suno_unknown,suno-ai-music-dataset-audio/audio/d8a2f295-fe39-4f2a-b15b-247e1a13457d.mp3,67.399979,48000,18.6999895,,,False
frequency_ablation_20260813,5466cc8df58b384d,1,suno_unknown,suno-ai-music-dataset-audio/audio/782591db-0920-4768-be2f-c1b5e3df43c0.mp3,209.359979,48000,89.6799895,,,False
frequency_ablation_20260813,555b0511589764d9,1,suno_unknown,suno-ai-music-dataset-audio/audio/be7d3f1e-9cc8-4f94-a409-e2c41ec20122.mp3,189.759979,48000,79.8799895,,,False
frequency_ablation_20260813,569e0a5bce20b2af,1,suno_unknown,suno-ai-music-dataset-audio/audio/4db33aed-65e2-43a3-8c10-f42579e32135.mp3,479.359979,48000,224.6799895,,,False
frequency_ablation_20260813,578ab54ebf265cb5,1,suno_unknown,suno-ai-music-dataset-audio/audio/e631a5db-5777-45ad-b018-845707fa8202.mp3,409.959979,48000,189.9799895,,,False
frequency_ablation_20260813,57d2dfde335c14eb,1,suno_unknown,suno-ai-music-dataset-audio/audio/ed14af3d-7677-452e-9a7b-672f2b1879eb.mp3,150.959979,48000,60.4799895,,,False
frequency_ablation_20260813,589844225251e280,1,suno_unknown,suno-ai-music-dataset-audio/audio/ca96023b-7469-4f89-8ae7-62900b41f07e.mp3,198.999979,48000,84.4999895,,,False
frequency_ablation_20260813,5b9f760e89722f00,1,suno_unknown,suno-ai-music-dataset-audio/audio/f71cb63c-03d0-471c-a5b6-70e6b6ee92f5.mp3,297.759979,48000,133.8799895,,,False
frequency_ablation_20260813,62427c0da434f201,1,suno_unknown,suno-ai-music-dataset-audio/audio/de7f1c0e-ccb5-4754-8d21-1ede3e9399eb.mp3,46.279979,48000,8.139989499999999,,,False
frequency_ablation_20260813,6374be68e825dff2,1,suno_unknown,suno-ai-music-dataset-audio/audio/a7babb07-5743-4719-b165-d64c57f41ff6.mp3,179.959979,48000,74.9799895,,,False
frequency_ablation_20260813,65572aa985e94445,1,suno_unknown,suno-ai-music-dataset-audio/audio/4dc76353-e910-4d79-b4ca-958a26bb5cf4.mp3,124.719979,48000,47.3599895,,,False
frequency_ablation_20260813,66de1d0f03c1e7cf,1,suno_unknown,suno-ai-music-dataset-audio/audio/50b037c7-872b-46fd-b4b7-e042fd992dfe.mp3,263.439979,48000,116.7199895,,,False
frequency_ablation_20260813,67fa71af2b0b12f6,1,suno_unknown,suno-ai-music-dataset-audio/audio/d5d09659-63dd-4315-9e00-92f859079e05.mp3,200.079979,48000,85.0399895,,,False
frequency_ablation_20260813,6828eaeab45075bb,1,suno_unknown,suno-ai-music-dataset-audio/audio/699a0ae0-adeb-49b5-ba1d-655e8dadc478.mp3,214.959979,48000,92.4799895,,,False
frequency_ablation_20260813,68721f7ddc57e690,1,suno_unknown,suno-ai-music-dataset-audio/audio/6be877cf-545f-45fb-bfbc-cd693a62a3a4.mp3,239.359979,48000,104.6799895,,,False
frequency_ablation_20260813,690b5f4402ebea67,1,suno_unknown,suno-ai-music-dataset-audio/audio/3e6dab96-9047-4003-b49f-71c25b763ac4.mp3,120.119979,48000,45.0599895,,,False
frequency_ablation_20260813,69d1945d8951a10b,1,suno_unknown,suno-ai-music-dataset-audio/audio/1d4e3da7-4b5c-4cd1-bbfc-e13aefec0a13.mp3,302.239979,48000,136.1199895,,,False
frequency_ablation_20260813,6ad21706ed12e43d,1,suno_unknown,suno-ai-music-dataset-audio/audio/a536c1d8-a955-459c-bee7-62efbc60a582.mp3,50.119979,48000,10.0599895,,,False
frequency_ablation_20260813,6c5fdc156874cb4e,1,suno_unknown,suno-ai-music-dataset-audio/audio/a1e2180e-bdf6-42f6-a00f-45fa10df1b87.mp3,267.879979,48000,118.9399895,,,False
frequency_ablation_20260813,6cb4cab6d1fbcd0c,1,suno_unknown,suno-ai-music-dataset-audio/audio/c0b3a6a4-87d6-47f4-8c71-43e90620c96a.mp3,217.319979,48000,93.6599895,,,False
frequency_ablation_20260813,6cb95dc8f0d3c409,1,suno_unknown,suno-ai-music-dataset-audio/audio/77f8c2a8-852c-497a-9f82-9de9e33a01b8.mp3,217.919979,48000,93.9599895,,,False
frequency_ablation_20260813,6cec71154152e727,1,suno_unknown,suno-ai-music-dataset-audio/audio/92b3e945-b9fa-4d2a-a793-f9f2683e2ebc.mp3,51.199979,48000,10.5999895,,,False
frequency_ablation_20260813,725a1ea47c35e52d,1,suno_unknown,suno-ai-music-dataset-audio/audio/f20fe982-cf71-4720-b18e-e21cb045ceaa.mp3,187.119979,48000,78.5599895,,,False
frequency_ablation_20260813,79f70cccafb1ed53,1,suno_unknown,suno-ai-music-dataset-audio/audio/b1fc812f-1430-4a80-b59d-e1fae492f3a5.mp3,131.199979,48000,50.59998950000001,,,False
frequency_ablation_20260813,7d61f25a3c0cc0a7,1,suno_unknown,suno-ai-music-dataset-audio/audio/2fee4fa2-4d39-4957-8812-520eabb18c49.mp3,213.439979,48000,91.7199895,,,False
frequency_ablation_20260813,7e85f38e0ab044dd,1,suno_unknown,suno-ai-music-dataset-audio/audio/79c22dd9-21f6-43c8-b254-519a21a1944d.mp3,147.639979,48000,58.819989500000005,,,False
frequency_ablation_20260813,7fecd0edbd65f477,1,suno_unknown,suno-ai-music-dataset-audio/audio/5323680f-a342-4297-8745-326475d1f610.mp3,97.559979,48000,33.7799895,,,False
frequency_ablation_20260813,814b29902d5faf7b,1,suno_unknown,suno-ai-music-dataset-audio/audio/cfaa01f2-5e14-4ac1-941a-440d2ea32c7b.mp3,234.839979,48000,102.4199895,,,False
frequency_ablation_20260813,8340f343c7580f8d,1,suno_unknown,suno-ai-music-dataset-audio/audio/db9ee30c-5f4d-427d-b210-45b2a45e2be5.mp3,479.399979,48000,224.6999895,,,False
frequency_ablation_20260813,8399aabc0be22473,1,suno_unknown,suno-ai-music-dataset-audio/audio/8e259353-0200-4e04-9cf8-6d738aa5c5bc.mp3,190.159979,48000,80.0799895,,,False
frequency_ablation_20260813,85e0b451f5805407,1,suno_unknown,suno-ai-music-dataset-audio/audio/29090e4a-944a-4e8c-8321-7f5d2a303d4a.mp3,479.359979,48000,224.6799895,,,False
frequency_ablation_20260813,861ceab6a8874456,1,suno_unknown,suno-ai-music-dataset-audio/audio/05eb9e4e-dbb9-43be-ba7b-b32b5874a81e.mp3,192.599979,48000,81.2999895,,,False
frequency_ablation_20260813,872b1359a50098dd,1,suno_unknown,suno-ai-music-dataset-audio/audio/653cebaa-be38-4b16-979f-6d11d8375c2f.mp3,244.799979,48000,107.3999895,,,False
frequency_ablation_20260813,87c0b190218f893b,1,suno_unknown,suno-ai-music-dataset-audio/audio/8d6c746f-2e58-404e-8591-19afe6fe40aa.mp3,126.079979,48000,48.0399895,,,False
frequency_ablation_20260813,8a35015516c6db6e,1,suno_unknown,suno-ai-music-dataset-audio/audio/854e958a-5abb-4645-a705-c58d0fa59386.mp3,294.959979,48000,132.4799895,,,False
frequency_ablation_20260813,8c33bc582c381522,1,suno_unknown,suno-ai-music-dataset-audio/audio/fcaad693-eb5e-42ad-becf-5076df3ed4b4.mp3,192.559979,48000,81.2799895,,,False
frequency_ablation_20260813,8c3fb72b57abb489,1,suno_unknown,suno-ai-music-dataset-audio/audio/c77d60b1-300c-43d1-a44f-9f6c40d1b7a8.mp3,166.679979,48000,68.3399895,,,False
frequency_ablation_20260813,8cde82183fdda509,1,suno_unknown,suno-ai-music-dataset-audio/audio/57a7e7e8-d85a-4cb4-985e-cdf6f047e674.mp3,258.559979,48000,114.2799895,,,False
frequency_ablation_20260813,904ad610507b9ad2,1,suno_unknown,suno-ai-music-dataset-audio/audio/bab568ae-76a1-4176-af2c-50f66367ec0b.mp3,190.399979,48000,80.1999895,,,False
frequency_ablation_20260813,91a350126afd8984,1,suno_unknown,suno-ai-music-dataset-audio/audio/aa19b01d-6d8d-4796-a51c-c7fe005dd088.mp3,153.919979,48000,61.959989500000006,,,False
frequency_ablation_20260813,97bbaea234230695,1,suno_unknown,suno-ai-music-dataset-audio/audio/618f0934-67c5-4d56-a8cc-c6fc06878d3b.mp3,244.919979,48000,107.4599895,,,False
frequency_ablation_20260813,a2e2cb62be1a0393,1,suno_unknown,suno-ai-music-dataset-audio/audio/3f34eec3-b0d3-4ca6-979a-20eafca9d6ed.mp3,221.079979,48000,95.5399895,,,False
frequency_ablation_20260813,a75108860aac063f,1,suno_unknown,suno-ai-music-dataset-audio/audio/6b3f2b4c-fe01-40b9-9e7e-83c9ee362b3d.mp3,189.919979,48000,79.9599895,,,False
frequency_ablation_20260813,ae234f48f167df91,1,suno_unknown,suno-ai-music-dataset-audio/audio/0b9dd31d-0587-476d-bb77-46225ac297ba.mp3,269.759979,48000,119.8799895,,,False
frequency_ablation_20260813,b316d2d584b75bfc,1,suno_unknown,suno-ai-music-dataset-audio/audio/87ba75e0-f70d-4ed6-b762-9eb41e263a34.mp3,184.839979,48000,77.4199895,,,False
frequency_ablation_20260813,b3b6597921a6fe07,1,suno_unknown,suno-ai-music-dataset-audio/audio/c0ec97e5-d6ab-489d-82dc-be450b83eb07.mp3,291.559979,48000,130.7799895,,,False
frequency_ablation_20260813,b48c1be984b8393c,1,suno_unknown,suno-ai-music-dataset-audio/audio/3d0fe078-f2cb-4aee-9c21-66fbe3291e26.mp3,174.279979,48000,72.1399895,,,False
frequency_ablation_20260813,b6941c8471b598d1,1,suno_unknown,suno-ai-music-dataset-audio/audio/ac1b6a61-b382-41ed-8eb3-46973039572e.mp3,216.999979,48000,93.4999895,,,False
frequency_ablation_20260813,b9a246fec1b82509,1,suno_unknown,suno-ai-music-dataset-audio/audio/96662872-816e-4382-ba6c-6ce3edf4a867.mp3,113.679979,48000,41.8399895,,,False
frequency_ablation_20260813,bbeef83fae1d0fc9,1,suno_unknown,suno-ai-music-dataset-audio/audio/216f4bc6-2aa9-45bb-9c66-0a3af70521cb.mp3,129.159979,48000,49.579989499999996,,,False
frequency_ablation_20260813,c48c0ba2c9f8bc72,1,suno_unknown,suno-ai-music-dataset-audio/audio/a32f1a63-9b85-4698-b3d0-4f96259e5ca7.mp3,148.079979,48000,59.039989500000004,,,False
frequency_ablation_20260813,c5fea2304078e629,1,suno_unknown,suno-ai-music-dataset-audio/audio/4ab0ec85-5ae8-4d87-8fe0-8a4d4c5621ff.mp3,354.879979,48000,162.4399895,,,False
frequency_ablation_20260813,cd0eb84b164daf3f,1,suno_unknown,suno-ai-music-dataset-audio/audio/ae4172f4-a1af-42b0-9ef6-38b6f9badb56.mp3,127.959979,48000,48.9799895,,,False
frequency_ablation_20260813,d513f8f96112e618,1,suno_unknown,suno-ai-music-dataset-audio/audio/228fe407-d5ce-4b69-95e2-6ad2136c359a.mp3,177.799979,48000,73.8999895,,,False
frequency_ablation_20260813,d76c6b89fb5e2116,1,suno_unknown,suno-ai-music-dataset-audio/audio/6a55f324-61ae-4280-9fd6-15b0d6c97a7b.mp3,304.399979,48000,137.1999895,,,False
frequency_ablation_20260813,d7725cadaf80db8a,1,suno_unknown,suno-ai-music-dataset-audio/audio/22e04808-216b-4b75-9f35-ad2689d211a1.mp3,174.399979,48000,72.1999895,,,False
frequency_ablation_20260813,d9d9dfecc144294b,1,suno_unknown,suno-ai-music-dataset-audio/audio/0aa6013f-187f-40e8-acb4-cb5cd583eed8.mp3,175.919979,48000,72.9599895,,,False
frequency_ablation_20260813,da4df72425510941,1,suno_unknown,suno-ai-music-dataset-audio/audio/80b6cf0f-f6b1-48c2-87d5-05c1d06ad9c3.mp3,66.879979,48000,18.439989500000003,,,False
frequency_ablation_20260813,e19aa76c300882a8,1,suno_unknown,suno-ai-music-dataset-audio/audio/d8f67c19-6536-4f16-b39a-cf488585ce3a.mp3,221.679979,48000,95.8399895,,,False
frequency_ablation_20260813,e1b32791bb13ba2a,1,suno_unknown,suno-ai-music-dataset-audio/audio/1344c02b-1219-433a-9b46-96ac42fa8389.mp3,121.439979,48000,45.7199895,,,False
frequency_ablation_20260813,e318c0a57e085fb3,1,suno_unknown,suno-ai-music-dataset-audio/audio/724b9429-be96-41ac-827c-6f9d208066c4.mp3,127.719979,48000,48.8599895,,,False
frequency_ablation_20260813,e3e40c1fa5da173f,1,suno_unknown,suno-ai-music-dataset-audio/audio/b07fa72a-2087-4030-9eb6-ae52b839adcb.mp3,253.319979,48000,111.6599895,,,False
frequency_ablation_20260813,ece4e43d3a6749ec,1,suno_unknown,suno-ai-music-dataset-audio/audio/d8a3acb9-e4e9-4536-9ac5-7236d1626e91.mp3,337.959979,48000,153.9799895,,,False
frequency_ablation_20260813,ed9b2d3a97cc110e,1,suno_unknown,suno-ai-music-dataset-audio/audio/17799387-099e-4ee9-ac93-ed40c1256357.mp3,184.479979,48000,77.2399895,,,False
frequency_ablation_20260813,f13527b4faa9947a,1,suno_unknown,suno-ai-music-dataset-audio/audio/592157c0-d586-41e1-ac0b-ea07e4e7a4b9.mp3,244.439979,48000,107.2199895,,,False
frequency_ablation_20260813,f1da02e728b789ec,1,suno_unknown,suno-ai-music-dataset-audio/audio/3efdcade-c56c-4451-96bd-187c10acc8c4.mp3,163.319979,48000,66.6599895,,,False
frequency_ablation_20260813,f39dfbf8a4a63bf4,1,suno_unknown,suno-ai-music-dataset-audio/audio/b7749d7e-ac59-4f4a-84b3-b533b72671ee.mp3,219.879979,48000,94.9399895,,,False
frequency_ablation_20260813,f430059f351dfd83,1,suno_unknown,suno-ai-music-dataset-audio/audio/cb3b9053-2766-400a-a5b1-6419a30b9687.mp3,197.239979,48000,83.6199895,,,False
frequency_ablation_20260813,f442c69247c81627,1,suno_unknown,suno-ai-music-dataset-audio/audio/01479903-076f-428a-872d-7ba736414869.mp3,159.879979,48000,64.9399895,,,False
frequency_ablation_20260813,f460cdeaed353eab,1,suno_unknown,suno-ai-music-dataset-audio/audio/beb50a3f-9121-4e5d-a5aa-8c41998bed17.mp3,149.119979,48000,59.5599895,,,False
frequency_ablation_20260813,f533a7402603f231,1,suno_unknown,suno-ai-music-dataset-audio/audio/9cac6f74-b3f8-47f7-abdb-3801a09d89ce.mp3,140.559979,48000,55.2799895,,,False
frequency_ablation_20260813,f8e12700431bb4f8,1,suno_unknown,suno-ai-music-dataset-audio/audio/65a26330-d386-43b5-a7c9-68976c262e5c.mp3,179.959979,48000,74.9799895,,,False
frequency_ablation_20260813,fc124ff0ba964775,1,suno_unknown,suno-ai-music-dataset-audio/audio/df6474f2-f967-41ff-8271-425142cec596.mp3,212.959979,48000,91.4799895,,,False
frequency_ablation_20260813,fd578ceb7bdb0dc6,1,suno_unknown,suno-ai-music-dataset-audio/audio/6f3ace2c-1c12-430d-b40c-7e7a7e3d53ff.mp3,272.959979,48000,121.47998949999999,,,False
frequency_ablation_20260813,fefd0c557cf3b225,1,suno_unknown,suno-ai-music-dataset-audio/audio/eacd4986-c4e0-4338-9c2f-6aeccd9d2613.mp3,48.719979,48000,9.359989500000001,,,False
direct_band_500x500_20260815,020391fd334bf1d4,0,fma_medium,fma_medium/139/139233.mp3,30.0,48000,0.0,development,,False
direct_band_500x500_20260815,0204c5ed58174dd4,0,fma_medium,fma_medium/058/058555.mp3,30.014694,44100,0.007346999999999326,development,,False
direct_band_500x500_20260815,0383d2323abac1f2,0,fma_medium,fma_medium/138/138120.mp3,30.014694,44100,0.007346999999999326,development,,False
direct_band_500x500_20260815,03d5ae6794e831bb,0,fma_medium,fma_medium/071/071689.mp3,30.014694,44100,0.007346999999999326,development,,False
direct_band_500x500_20260815,042fd8cc5beeb6ae,0,fma_medium,fma_medium/001/001204.mp3,30.014694,44100,0.007346999999999326,development,,False
direct_band_500x500_20260815,04d12c8d92b299a9,0,fma_medium,fma_medium/134/134610.mp3,30.014694,44100,0.007346999999999326,development,,False
direct_band_500x500_20260815,05efe1845af1d8f0,0,fma_medium,fma_medium/003/003950.mp3,30.014694,44100,0.007346999999999326,locked_test,,False
direct_band_500x500_20260815,0671792d095db70b,0,fma_medium,fma_medium/086/086446.mp3,30.014694,44100,0.007346999999999326,development,,False
direct_band_500x500_20260815,06865aa24a5e12f6,0,fma_medium,fma_medium/111/111824.mp3,30.014694,44100,0.007346999999999326,development,,False
direct_band_500x500_20260815,06c4214f8121db42,0,fma_medium,fma_medium/089/089617.mp3,30.014694,44100,0.007346999999999326,locked_test,,False
direct_band_500x500_20260815,07a513cb051c77d5,0,fma_medium,fma_medium/144/144470.mp3,30.014694,44100,0.007346999999999326,development,,False
direct_band_500x500_20260815,0854d6565b09478f,0,fma_medium,fma_medium/069/069171.mp3,30.014694,44100,0.007346999999999326,development,,False
direct_band_500x500_20260815,08989483f520196a,0,fma_medium,fma_medium/129/129867.mp3,30.0,48000,0.0,locked_test,,False
direct_band_500x500_20260815,08ddefd9608a924f,0,fma_medium,fma_medium/039/039662.mp3,30.014694,44100,0.007346999999999326,development,,False
direct_band_500x500_20260815,09352d8a625048b8,0,fma_medium,fma_medium/048/048442.mp3,30.014694,44100,0.007346999999999326,development,,False
direct_band_500x500_20260815,095ada343c2c3d85,0,fma_medium,fma_medium/000/000666.mp3,30.014694,44100,0.007346999999999326,locked_test,,False
direct_band_500x500_20260815,09b26930c8eaed11,0,fma_medium,fma_medium/113/113303.mp3,30.0,48000,0.0,development,,False
direct_band_500x500_20260815,0a2fa97ec99d75f3,0,fma_medium,fma_medium/086/086261.mp3,30.014694,44100,0.007346999999999326,locked_test,,False
direct_band_500x500_20260815,0a54a3ab5ce6365a,0,fma_medium,fma_medium/052/052508.mp3,30.014694,44100,0.007346999999999326,locked_test,,False
direct_band_500x500_20260815,0b1b02f09e12a63f,0,fma_medium,fma_medium/030/030038.mp3,30.014694,44100,0.007346999999999326,development,,False
direct_band_500x500_20260815,0b3ccf2c69cdbe86,0,fma_medium,fma_medium/093/093957.mp3,30.014694,44100,0.007346999999999326,development,,False
direct_band_500x500_20260815,0cdef3c8216269c1,0,fma_medium,fma_medium/028/028598.mp3,30.014694,44100,0.007346999999999326,development,,False
direct_band_500x500_20260815,0d3d001f60f6385c,0,fma_medium,fma_medium/042/042870.mp3,30.014694,44100,0.007346999999999326,development,,False
direct_band_500x500_20260815,0d852bf2ab5d81a3,0,fma_medium,fma_medium/044/044341.mp3,30.014694,44100,0.007346999999999326,development,,False
direct_band_500x500_20260815,0df4b093439b4047,0,fma_medium,fma_medium/129/129919.mp3,30.014694,44100,0.007346999999999326,development,,False
direct_band_500x500_20260815,0e801715355f3fc6,0,fma_medium,fma_medium/084/084293.mp3,30.014694,44100,0.007346999999999326,locked_test,,False
direct_band_500x500_20260815,0f63535abe42aee5,0,fma_medium,fma_medium/055/055810.mp3,30.014694,44100,0.007346999999999326,development,,False
direct_band_500x500_20260815,0f768f0d32f8a8d7,0,fma_medium,fma_medium/057/057565.mp3,30.014694,44100,0.007346999999999326,development,,False
direct_band_500x500_20260815,100f2c7cf590f31b,0,fma_medium,fma_medium/051/051780.mp3,30.014694,44100,0.007346999999999326,development,,False
direct_band_500x500_20260815,10b10357e31eb227,0,fma_medium,fma_medium/027/027604.mp3,30.014694,44100,0.007346999999999326,locked_test,,False
direct_band_500x500_20260815,10ffe255d12cbb8c,0,fma_medium,fma_medium/064/064569.mp3,30.014694,44100,0.007346999999999326,development,,False
direct_band_500x500_20260815,11e203f7e5cb28e3,0,fma_medium,fma_medium/041/041868.mp3,30.014694,44100,0.007346999999999326,locked_test,,False
direct_band_500x500_20260815,11fd0b7dab4490ea,0,fma_medium,fma_medium/134/134940.mp3,30.014694,44100,0.007346999999999326,development,,False
direct_band_500x500_20260815,12bf52c3659aa4f1,0,fma_medium,fma_medium/064/064516.mp3,30.014694,44100,0.007346999999999326,development,,False
direct_band_500x500_20260815,13eb4864c0593a26,0,fma_medium,fma_medium/024/024217.mp3,30.014694,44100,0.007346999999999326,development,,False
direct_band_500x500_20260815,13f94062ec25e33d,0,fma_medium,fma_medium/068/068245.mp3,30.014694,44100,0.007346999999999326,locked_test,,False
direct_band_500x500_20260815,15054b6f93b0be08,0,fma_medium,fma_medium/121/121583.mp3,30.014694,44100,0.007346999999999326,development,,False
direct_band_500x500_20260815,16079de5a1784f23,0,fma_medium,fma_medium/042/042774.mp3,30.014694,44100,0.007346999999999326,development,,False
direct_band_500x500_20260815,173a156dfa435b91,0,fma_medium,fma_medium/041/041952.mp3,30.014694,44100,0.007346999999999326,development,,False
direct_band_500x500_20260815,17f23f4c1450aaf5,0,fma_medium,fma_medium/133/133625.mp3,30.0,48000,0.0,development,,False
direct_band_500x500_20260815,17fa567853e8e9d7,0,fma_medium,fma_medium/114/114041.mp3,30.014694,44100,0.007346999999999326,development,,False
direct_band_500x500_20260815,1827cb0cb6505e36,0,fma_medium,fma_medium/125/125202.mp3,30.014694,44100,0.007346999999999326,development,,False
direct_band_500x500_20260815,187dbbd9da7e57fe,0,fma_medium,fma_medium/054/054635.mp3,30.0,48000,0.0,locked_test,,False
direct_band_500x500_20260815,18fe5eded2e53d6d,0,fma_medium,fma_medium/003/003533.mp3,30.014694,44100,0.007346999999999326,development,,False
direct_band_500x500_20260815,191b5bf3a5d2546a,0,fma_medium,fma_medium/083/083625.mp3,30.014694,44100,0.007346999999999326,development,,False
direct_band_500x500_20260815,1957cf7119c41804,0,fma_medium,fma_medium/111/111934.mp3,30.014694,44100,0.007346999999999326,development,,False
direct_band_500x500_20260815,198feebef7f42920,0,fma_medium,fma_medium/013/013538.mp3,30.014694,44100,0.007346999999999326,development,,False
direct_band_500x500_20260815,19b9b40629bcf5d6,0,fma_medium,fma_medium/064/064026.mp3,30.014694,44100,0.007346999999999326,development,,False
direct_band_500x500_20260815,19e6086ee36ca5b0,0,fma_medium,fma_medium/055/055159.mp3,30.014694,44100,0.007346999999999326,locked_test,,False
direct_band_500x500_20260815,1ac101a4f15d825d,0,fma_medium,fma_medium/149/149078.mp3,30.014694,44100,0.007346999999999326,development,,False
direct_band_500x500_20260815,1c72cb9ad468a472,0,fma_medium,fma_medium/122/122681.mp3,30.014694,44100,0.007346999999999326,locked_test,,False
direct_band_500x500_20260815,1cdede6af7a8932c,0,fma_medium,fma_medium/001/001964.mp3,30.014694,44100,0.007346999999999326,locked_test,,False
direct_band_500x500_20260815,1d20be9c4682bde1,0,fma_medium,fma_medium/132/132171.mp3,30.014694,44100,0.007346999999999326,development,,False
direct_band_500x500_20260815,1d660297b1333d19,0,fma_medium,fma_medium/013/013591.mp3,30.014694,44100,0.007346999999999326,development,,False
direct_band_500x500_20260815,1e920728a461b1a3,0,fma_medium,fma_medium/001/001089.mp3,30.014694,44100,0.007346999999999326,development,,False
direct_band_500x500_20260815,1eea7d4c95fae823,0,fma_medium,fma_medium/047/047075.mp3,30.014694,44100,0.007346999999999326,development,,False
direct_band_500x500_20260815,1f36008f892c438c,0,fma_medium,fma_medium/089/089474.mp3,30.014694,44100,0.007346999999999326,development,,False
direct_band_500x500_20260815,1f4defcab49c5260,0,fma_medium,fma_medium/014/014018.mp3,30.014694,44100,0.007346999999999326,development,,False
direct_band_500x500_20260815,1f63e7c3b30352fa,0,fma_medium,fma_medium/016/016048.mp3,30.014694,44100,0.007346999999999326,development,,False
direct_band_500x500_20260815,1f9cb23fbf697782,0,fma_medium,fma_medium/093/093944.mp3,30.014694,44100,0.007346999999999326,development,,False
direct_band_500x500_20260815,207bc6ded4296e0c,0,fma_medium,fma_medium/148/148029.mp3,30.014694,44100,0.007346999999999326,development,,False
direct_band_500x500_20260815,214962825b8122fc,0,fma_medium,fma_medium/047/047017.mp3,30.014694,44100,0.007346999999999326,locked_test,,False
direct_band_500x500_20260815,21872c82046b3635,0,fma_medium,fma_medium/045/045099.mp3,30.014694,44100,0.007346999999999326,development,,False
direct_band_500x500_20260815,21f47e9a3daacb61,0,fma_medium,fma_medium/137/137607.mp3,30.0,48000,0.0,development,,False
direct_band_500x500_20260815,2249ce6f509670bb,0,fma_medium,fma_medium/095/095512.mp3,30.014694,44100,0.007346999999999326,development,,False
direct_band_500x500_20260815,22ac05eac734f375,0,fma_medium,fma_medium/070/070937.mp3,30.014694,44100,0.007346999999999326,development,,False
direct_band_500x500_20260815,236b0fd18c5217e6,0,fma_medium,fma_medium/128/128845.mp3,30.014694,44100,0.007346999999999326,locked_test,,False
direct_band_500x500_20260815,24240a848a5d5571,0,fma_medium,fma_medium/131/131792.mp3,30.014694,44100,0.007346999999999326,locked_test,,False
direct_band_500x500_20260815,2429dab1fa33edc8,0,fma_medium,fma_medium/125/125548.mp3,30.014694,44100,0.007346999999999326,development,,False
direct_band_500x500_20260815,244f4d15fbfa8014,0,fma_medium,fma_medium/097/097879.mp3,30.014694,44100,0.007346999999999326,locked_test,,False
direct_band_500x500_20260815,24a2bfd07cde954b,0,fma_medium,fma_medium/131/131942.mp3,30.0,48000,0.0,development,,False
direct_band_500x500_20260815,255fabcf05c03b14,0,fma_medium,fma_medium/107/107580.mp3,30.014694,44100,0.007346999999999326,development,,False
direct_band_500x500_20260815,258d1c01da4c0588,0,fma_medium,fma_medium/052/052728.mp3,30.014694,44100,0.007346999999999326,development,,False
direct_band_500x500_20260815,260f815c76fbe99e,0,fma_medium,fma_medium/071/071366.mp3,30.014694,44100,0.007346999999999326,development,,False
direct_band_500x500_20260815,26d8d53ee3c7f842,0,fma_medium,fma_medium/108/108472.mp3,30.014694,44100,0.007346999999999326,locked_test,,False
direct_band_500x500_20260815,27553797bcaeb090,0,fma_medium,fma_medium/108/108965.mp3,30.014694,44100,0.007346999999999326,development,,False
direct_band_500x500_20260815,275e976bb85d4426,0,fma_medium,fma_medium/018/018656.mp3,30.014694,44100,0.007346999999999326,development,,False
direct_band_500x500_20260815,279f15f8059a0e74,0,fma_medium,fma_medium/105/105962.mp3,30.014694,44100,0.007346999999999326,locked_test,,False
direct_band_500x500_20260815,281882dc7030f51f,0,fma_medium,fma_medium/022/022344.mp3,30.014694,44100,0.007346999999999326,development,,False
direct_band_500x500_20260815,28fb175d87c7b86a,0,fma_medium,fma_medium/087/087698.mp3,30.014694,44100,0.007346999999999326,development,,False
direct_band_500x500_20260815,29abce0c0533253b,0,fma_medium,fma_medium/140/140367.mp3,30.014694,44100,0.007346999999999326,development,,False
direct_band_500x500_20260815,2a7d88402354b515,0,fma_medium,fma_medium/037/037958.mp3,30.014694,44100,0.007346999999999326,locked_test,,False
direct_band_500x500_20260815,2b1b70fcbc7d27c0,0,fma_medium,fma_medium/109/109082.mp3,30.014694,44100,0.007346999999999326,locked_test,,False
direct_band_500x500_20260815,2b8b4ce966605099,0,fma_medium,fma_medium/082/082458.mp3,30.014694,44100,0.007346999999999326,development,,False
direct_band_500x500_20260815,2cb5292a739f4c6a,0,fma_medium,fma_medium/136/136402.mp3,30.014694,44100,0.007346999999999326,locked_test,,False
direct_band_500x500_20260815,2cbe65c0045c6a05,0,fma_medium,fma_medium/095/095628.mp3,30.014694,44100,0.007346999999999326,development,,False
direct_band_500x500_20260815,2d6494c580f59c56,0,fma_medium,fma_medium/011/011894.mp3,30.014694,44100,0.007346999999999326,locked_test,,False
direct_band_500x500_20260815,2db1b3b615afb526,0,fma_medium,fma_medium/131/131982.mp3,30.014694,44100,0.007346999999999326,development,,False
direct_band_500x500_20260815,2dc0d0d0915bbf8c,0,fma_medium,fma_medium/033/033497.mp3,30.014694,44100,0.007346999999999326,locked_test,,False
direct_band_500x500_20260815,2f917a3a5ecf8fe1,0,fma_medium,fma_medium/080/080234.mp3,30.014694,44100,0.007346999999999326,locked_test,,False
direct_band_500x500_20260815,300d461848b757b0,0,fma_medium,fma_medium/086/086297.mp3,30.014694,44100,0.007346999999999326,development,,False
direct_band_500x500_20260815,3014fb0c21352605,0,fma_medium,fma_medium/107/107856.mp3,30.014694,44100,0.007346999999999326,development,,False
direct_band_500x500_20260815,306640153989eed0,0,fma_medium,fma_medium/073/073371.mp3,30.014694,44100,0.007346999999999326,development,,False
direct_band_500x500_20260815,30c7db087d364e0d,0,fma_medium,fma_medium/011/011864.mp3,30.014694,44100,0.007346999999999326,development,,False
direct_band_500x500_20260815,31cc29baa36976ef,0,fma_medium,fma_medium/017/017883.mp3,30.014694,44100,0.007346999999999326,development,,False
direct_band_500x500_20260815,31ec54352c988937,0,fma_medium,fma_medium/131/131538.mp3,30.014694,44100,0.007346999999999326,development,,False
direct_band_500x500_20260815,334e49a4b34eef23,0,fma_medium,fma_medium/134/134031.mp3,30.014694,44100,0.007346999999999326,development,,False
direct_band_500x500_20260815,335133c28ae65fad,0,fma_medium,fma_medium/052/052522.mp3,30.014694,44100,0.007346999999999326,locked_test,,False
direct_band_500x500_20260815,33ba31ef9d43610a,0,fma_medium,fma_medium/036/036085.mp3,30.014694,44100,0.007346999999999326,development,,False
direct_band_500x500_20260815,3401ee16326f9c0f,0,fma_medium,fma_medium/013/013776.mp3,30.014694,44100,0.007346999999999326,locked_test,,False
direct_band_500x500_20260815,34beebc42bf421a8,0,fma_medium,fma_medium/042/042650.mp3,30.014694,44100,0.007346999999999326,development,,False
direct_band_500x500_20260815,34dd322dc897e7b7,0,fma_medium,fma_medium/127/127084.mp3,30.014694,44100,0.007346999999999326,development,,False
direct_band_500x500_20260815,35921782011111c9,0,fma_medium,fma_medium/112/112209.mp3,30.014694,44100,0.007346999999999326,development,,False
direct_band_500x500_20260815,35a62f433280e72a,0,fma_medium,fma_medium/099/099161.mp3,30.014694,44100,0.007346999999999326,development,,False
direct_band_500x500_20260815,36bc64f821d8580a,0,fma_medium,fma_medium/148/148634.mp3,30.014694,44100,0.007346999999999326,development,,False
direct_band_500x500_20260815,3711796d9bcddddb,0,fma_medium,fma_medium/130/130447.mp3,30.014694,44100,0.007346999999999326,development,,False
direct_band_500x500_20260815,384b654938bd568a,0,fma_medium,fma_medium/129/129729.mp3,30.014694,44100,0.007346999999999326,development,,False
direct_band_500x500_20260815,38a030e54c2481f3,0,fma_medium,fma_medium/133/133769.mp3,30.014694,44100,0.007346999999999326,development,,False
direct_band_500x500_20260815,38e76956d7173a5b,0,fma_medium,fma_medium/092/092547.mp3,30.014694,44100,0.007346999999999326,development,,False
direct_band_500x500_20260815,391971358bee9fc6,0,fma_medium,fma_medium/135/135228.mp3,30.014694,44100,0.007346999999999326,development,,False
direct_band_500x500_20260815,399187b7f8010c8e,0,fma_medium,fma_medium/132/132272.mp3,30.014694,44100,0.007346999999999326,development,,False
direct_band_500x500_20260815,3a53a63d470a268c,0,fma_medium,fma_medium/065/065076.mp3,30.014694,44100,0.007346999999999326,development,,False
direct_band_500x500_20260815,3b6197e18247a997,0,fma_medium,fma_medium/043/043121.mp3,30.014694,44100,0.007346999999999326,development,,False
direct_band_500x500_20260815,3b90f2fc480a8cb2,0,fma_medium,fma_medium/084/084324.mp3,30.0,48000,0.0,development,,False
direct_band_500x500_20260815,3bbc7c6cab7ea344,0,fma_medium,fma_medium/087/087371.mp3,30.0,48000,0.0,locked_test,,False
direct_band_500x500_20260815,3bd3090b905c39b8,0,fma_medium,fma_medium/056/056015.mp3,30.014694,44100,0.007346999999999326,locked_test,,False
direct_band_500x500_20260815,3c95ea2ff007ecca,0,fma_medium,fma_medium/132/132140.mp3,30.0,48000,0.0,development,,False
direct_band_500x500_20260815,3d39fbc49d299c8d,0,fma_medium,fma_medium/108/108500.mp3,30.0,48000,0.0,development,,False
direct_band_500x500_20260815,3dd6a79768ee088e,0,fma_medium,fma_medium/075/075393.mp3,30.014694,44100,0.007346999999999326,development,,False
direct_band_500x500_20260815,3eac881b2ab0cc9a,0,fma_medium,fma_medium/014/014898.mp3,30.014694,44100,0.007346999999999326,development,,False
direct_band_500x500_20260815,3ec8f5e41410423c,0,fma_medium,fma_medium/027/027438.mp3,30.014694,44100,0.007346999999999326,development,,False
direct_band_500x500_20260815,3f2513a115834fba,0,fma_medium,fma_medium/075/075685.mp3,30.014694,44100,0.007346999999999326,development,,False
direct_band_500x500_20260815,3f5df3fc526d2940,0,fma_medium,fma_medium/087/087293.mp3,30.014694,44100,0.007346999999999326,development,,False
direct_band_500x500_20260815,3fa829a72006132b,0,fma_medium,fma_medium/100/100552.mp3,30.014694,44100,0.007346999999999326,development,,False
direct_band_500x500_20260815,4091c5514763a2a7,0,fma_medium,fma_medium/040/040351.mp3,30.014694,44100,0.007346999999999326,development,,False
direct_band_500x500_20260815,41f3267e75420e28,0,fma_medium,fma_medium/008/008922.mp3,30.014694,44100,0.007346999999999326,development,,False
direct_band_500x500_20260815,42a566a6af33f5ec,0,fma_medium,fma_medium/114/114310.mp3,30.014694,44100,0.007346999999999326,development,,False
direct_band_500x500_20260815,42b35ef84d5a245b,0,fma_medium,fma_medium/086/086119.mp3,30.014694,44100,0.007346999999999326,development,,False
direct_band_500x500_20260815,42bcba078ba11749,0,fma_medium,fma_medium/000/000210.mp3,30.014694,44100,0.007346999999999326,development,,False
direct_band_500x500_20260815,43180b85dc2b6ce3,0,fma_medium,fma_medium/117/117627.mp3,30.014694,44100,0.007346999999999326,development,,False
direct_band_500x500_20260815,431ab6da0163b4e3,0,fma_medium,fma_medium/107/107659.mp3,30.014694,44100,0.007346999999999326,development,,False
direct_band_500x500_20260815,44276cf1cdd04b8f,0,fma_medium,fma_medium/145/145619.mp3,30.0,48000,0.0,development,,False
direct_band_500x500_20260815,447012f0349f74ea,0,fma_medium,fma_medium/038/038316.mp3,30.014694,44100,0.007346999999999326,locked_test,,False
direct_band_500x500_20260815,44996dac243f77a6,0,fma_medium,fma_medium/084/084826.mp3,30.014694,44100,0.007346999999999326,development,,False
direct_band_500x500_20260815,44cfbae69387abbc,0,fma_medium,fma_medium/013/013209.mp3,30.014694,44100,0.007346999999999326,development,,False
direct_band_500x500_20260815,452a4faef0cb5548,0,fma_medium,fma_medium/018/018760.mp3,30.014694,44100,0.007346999999999326,locked_test,,False
direct_band_500x500_20260815,4647ba8b68813568,0,fma_medium,fma_medium/050/050829.mp3,30.014694,44100,0.007346999999999326,development,,False
direct_band_500x500_20260815,4674f1559a5559b9,0,fma_medium,fma_medium/077/077401.mp3,30.014694,44100,0.007346999999999326,development,,False
direct_band_500x500_20260815,46c4ca88d2049916,0,fma_medium,fma_medium/003/003929.mp3,30.014694,44100,0.007346999999999326,development,,False
direct_band_500x500_20260815,46cb68715468bf81,0,fma_medium,fma_medium/145/145816.mp3,30.014694,44100,0.007346999999999326,development,,False
direct_band_500x500_20260815,4777772b203d4e65,0,fma_medium,fma_medium/019/019609.mp3,30.014694,44100,0.007346999999999326,development,,False
direct_band_500x500_20260815,4843ea8b89dfb83b,0,fma_medium,fma_medium/030/030002.mp3,30.0,48000,0.0,development,,False
direct_band_500x500_20260815,48b43865afef2359,0,fma_medium,fma_medium/008/008017.mp3,30.014694,44100,0.007346999999999326,development,,False
direct_band_500x500_20260815,48faf1b5dd03c349,0,fma_medium,fma_medium/126/126413.mp3,30.014694,44100,0.007346999999999326,development,,False
direct_band_500x500_20260815,4a6f43eef5286f61,0,fma_medium,fma_medium/042/042445.mp3,30.014694,44100,0.007346999999999326,locked_test,,False
direct_band_500x500_20260815,4a82ff162e9da7e9,0,fma_medium,fma_medium/055/055758.mp3,30.014694,44100,0.007346999999999326,development,,False
direct_band_500x500_20260815,4aa771fb2926c5bf,0,fma_medium,fma_medium/027/027671.mp3,30.014694,44100,0.007346999999999326,locked_test,,False
direct_band_500x500_20260815,4abe85aea7d7e541,0,fma_medium,fma_medium/133/133017.mp3,30.014694,44100,0.007346999999999326,development,,False
direct_band_500x500_20260815,4ac3654786bd0f8c,0,fma_medium,fma_medium/065/065887.mp3,30.014694,44100,0.007346999999999326,development,,False
direct_band_500x500_20260815,4b0c7a1e69637a8c,0,fma_medium,fma_medium/110/110628.mp3,30.014694,44100,0.007346999999999326,development,,False
direct_band_500x500_20260815,4b200db215978d52,0,fma_medium,fma_medium/131/131554.mp3,30.0,48000,0.0,development,,False
direct_band_500x500_20260815,4c9219fda1dd15a6,0,fma_medium,fma_medium/082/082862.mp3,30.014694,44100,0.007346999999999326,development,,False
direct_band_500x500_20260815,4cba7a5e6eedff3f,0,fma_medium,fma_medium/088/088879.mp3,30.014694,44100,0.007346999999999326,development,,False
direct_band_500x500_20260815,4cbc716e525883d2,0,fma_medium,fma_medium/047/047919.mp3,30.014694,44100,0.007346999999999326,development,,False
direct_band_500x500_20260815,4e17f99be8056978,0,fma_medium,fma_medium/093/093941.mp3,30.014694,44100,0.007346999999999326,development,,False
direct_band_500x500_20260815,4e3571deccc2202a,0,fma_medium,fma_medium/119/119994.mp3,30.014694,44100,0.007346999999999326,development,,False
direct_band_500x500_20260815,4ec64dbfab19c6a5,0,fma_medium,fma_medium/036/036481.mp3,30.014694,44100,0.007346999999999326,locked_test,,False
direct_band_500x500_20260815,4f65a8eb22188b3c,0,fma_medium,fma_medium/115/115591.mp3,30.014694,44100,0.007346999999999326,development,,False
direct_band_500x500_20260815,516a64b1719d7804,0,fma_medium,fma_medium/029/029940.mp3,30.014694,44100,0.007346999999999326,development,,False
direct_band_500x500_20260815,51b1d1117baa03eb,0,fma_medium,fma_medium/035/035457.mp3,30.014694,44100,0.007346999999999326,development,,False
direct_band_500x500_20260815,526a8b41f0285eb9,0,fma_medium,fma_medium/109/109957.mp3,30.014694,44100,0.007346999999999326,locked_test,,False
direct_band_500x500_20260815,52d43499c08f59c7,0,fma_medium,fma_medium/078/078155.mp3,30.014694,44100,0.007346999999999326,locked_test,,False
direct_band_500x500_20260815,532856d9a76e4be8,0,fma_medium,fma_medium/066/066356.mp3,30.014694,44100,0.007346999999999326,development,,False
direct_band_500x500_20260815,53874d34fb7e163e,0,fma_medium,fma_medium/126/126047.mp3,30.014694,44100,0.007346999999999326,development,,False
direct_band_500x500_20260815,53b1b132016c2830,0,fma_medium,fma_medium/111/111788.mp3,30.014694,44100,0.007346999999999326,development,,False
direct_band_500x500_20260815,541764531923bd91,0,fma_medium,fma_medium/113/113549.mp3,30.014694,44100,0.007346999999999326,development,,False
direct_band_500x500_20260815,546f98137ec3fd2b,0,fma_medium,fma_medium/000/000583.mp3,30.014694,44100,0.007346999999999326,development,,False
direct_band_500x500_20260815,54be832dd94876a6,0,fma_medium,fma_medium/113/113353.mp3,30.014694,44100,0.007346999999999326,locked_test,,False
direct_band_500x500_20260815,55270f8ea04a4318,0,fma_medium,fma_medium/032/032533.mp3,30.014694,44100,0.007346999999999326,development,,False
direct_band_500x500_20260815,559d928c76e7458d,0,fma_medium,fma_medium/051/051321.mp3,30.014694,44100,0.007346999999999326,development,,False
direct_band_500x500_20260815,563aceb6a4f8131e,0,fma_medium,fma_medium/133/133804.mp3,30.014694,44100,0.007346999999999326,development,,False
direct_band_500x500_20260815,592c6d0e522be4b6,0,fma_medium,fma_medium/092/092508.mp3,30.014694,44100,0.007346999999999326,development,,False
direct_band_500x500_20260815,59905a9d607abe49,0,fma_medium,fma_medium/058/058077.mp3,30.014694,44100,0.007346999999999326,development,,False
direct_band_500x500_20260815,59ad347f5f5f9f69,0,fma_medium,fma_medium/004/004737.mp3,30.014694,44100,0.007346999999999326,locked_test,,False
direct_band_500x500_20260815,59fd8c3e197706d8,0,fma_medium,fma_medium/006/006463.mp3,30.014694,44100,0.007346999999999326,development,,False
direct_band_500x500_20260815,5a94068a9b320b73,0,fma_medium,fma_medium/128/128437.mp3,30.014694,44100,0.007346999999999326,development,,False
direct_band_500x500_20260815,5a9e43efbb2305e9,0,fma_medium,fma_medium/085/085955.mp3,30.014694,44100,0.007346999999999326,locked_test,,False
direct_band_500x500_20260815,5b3452120c9bbc72,0,fma_medium,fma_medium/035/035608.mp3,30.014694,44100,0.007346999999999326,development,,False
direct_band_500x500_20260815,5bcf82f181883cc6,0,fma_medium,fma_medium/053/053807.mp3,30.014694,44100,0.007346999999999326,development,,False
direct_band_500x500_20260815,5c345ff1c22c4ea9,0,fma_medium,fma_medium/051/051986.mp3,30.014694,44100,0.007346999999999326,development,,False
direct_band_500x500_20260815,5ce4ab62dbf28903,0,fma_medium,fma_medium/064/064538.mp3,30.014694,44100,0.007346999999999326,locked_test,,False
direct_band_500x500_20260815,5e56696f5e93c60a,0,fma_medium,fma_medium/019/019634.mp3,30.014694,44100,0.007346999999999326,development,,False
direct_band_500x500_20260815,5e6e69ba6cdd179a,0,fma_medium,fma_medium/145/145800.mp3,30.014694,44100,0.007346999999999326,locked_test,,False
direct_band_500x500_20260815,5e9b8c1142d71ae3,0,fma_medium,fma_medium/111/111233.mp3,30.014694,44100,0.007346999999999326,locked_test,,False
direct_band_500x500_20260815,5eeb03eed7e158a2,0,fma_medium,fma_medium/054/054465.mp3,30.014694,44100,0.007346999999999326,development,,False
direct_band_500x500_20260815,5f0b730160efb720,0,fma_medium,fma_medium/132/132789.mp3,30.0,48000,0.0,development,,False
direct_band_500x500_20260815,6022b6f9f1c659ac,0,fma_medium,fma_medium/021/021409.mp3,30.014694,44100,0.007346999999999326,development,,False
direct_band_500x500_20260815,6063eed0f43fce36,0,fma_medium,fma_medium/071/071221.mp3,30.014694,44100,0.007346999999999326,development,,False
direct_band_500x500_20260815,60bde097179d29fe,0,fma_medium,fma_medium/069/069765.mp3,30.014694,44100,0.007346999999999326,development,,False
direct_band_500x500_20260815,60d88e3cad49045e,0,fma_medium,fma_medium/148/148598.mp3,30.014694,44100,0.007346999999999326,development,,False
direct_band_500x500_20260815,61813d57e6d7c7db,0,fma_medium,fma_medium/003/003461.mp3,30.014694,44100,0.007346999999999326,development,,False
direct_band_500x500_20260815,625264a4f114e8b0,0,fma_medium,fma_medium/131/131447.mp3,30.0,48000,0.0,development,,False
direct_band_500x500_20260815,631c3e8ac763b6fa,0,fma_medium,fma_medium/069/069825.mp3,30.014694,44100,0.007346999999999326,development,,False
direct_band_500x500_20260815,633901042aac12f2,0,fma_medium,fma_medium/081/081035.mp3,30.014694,44100,0.007346999999999326,locked_test,,False
direct_band_500x500_20260815,641c00026fdbf534,0,fma_medium,fma_medium/126/126946.mp3,30.014694,44100,0.007346999999999326,locked_test,,False
direct_band_500x500_20260815,642d5ae3d4598f6b,0,fma_medium,fma_medium/058/058756.mp3,30.014694,44100,0.007346999999999326,development,,False
direct_band_500x500_20260815,65060cac847d33ed,0,fma_medium,fma_medium/116/116883.mp3,30.014694,44100,0.007346999999999326,development,,False
direct_band_500x500_20260815,659da50f3e2a2a9c,0,fma_medium,fma_medium/137/137278.mp3,30.0,48000,0.0,development,,False
direct_band_500x500_20260815,6638493834b2eec2,0,fma_medium,fma_medium/016/016369.mp3,30.014694,44100,0.007346999999999326,development,,False
direct_band_500x500_20260815,668baaed9531749e,0,fma_medium,fma_medium/137/137396.mp3,30.014694,44100,0.007346999999999326,development,,False
direct_band_500x500_20260815,67ac07c840d05374,0,fma_medium,fma_medium/056/056842.mp3,30.014694,44100,0.007346999999999326,development,,False
direct_band_500x500_20260815,67cb2d4dd51a36ce,0,fma_medium,fma_medium/060/060603.mp3,30.014694,44100,0.007346999999999326,development,,False
direct_band_500x500_20260815,687bc84e36b1b2f1,0,fma_medium,fma_medium/068/068861.mp3,30.014694,44100,0.007346999999999326,development,,False
direct_band_500x500_20260815,687cb0719a123da7,0,fma_medium,fma_medium/012/012987.mp3,30.014694,44100,0.007346999999999326,development,,False
direct_band_500x500_20260815,69f1c77333d9a42a,0,fma_medium,fma_medium/149/149619.mp3,30.0,48000,0.0,development,,False
direct_band_500x500_20260815,6a62a2edd7ae8ad4,0,fma_medium,fma_medium/057/057328.mp3,30.014694,44100,0.007346999999999326,development,,False
direct_band_500x500_20260815,6a74af1532b15412,0,fma_medium,fma_medium/152/152546.mp3,30.0,48000,0.0,development,,False
direct_band_500x500_20260815,6ae6fef23d2b59a2,0,fma_medium,fma_medium/145/145067.mp3,30.014694,44100,0.007346999999999326,development,,False
direct_band_500x500_20260815,6ba9afc94e8c28de,0,fma_medium,fma_medium/097/097401.mp3,30.014694,44100,0.007346999999999326,development,,False
direct_band_500x500_20260815,6bdf4f343fde403b,0,fma_medium,fma_medium/059/059675.mp3,30.014694,44100,0.007346999999999326,development,,False
direct_band_500x500_20260815,6d62e9119c34caa8,0,fma_medium,fma_medium/069/069592.mp3,30.014694,44100,0.007346999999999326,development,,False
direct_band_500x500_20260815,6ef4961c1304bafb,0,fma_medium,fma_medium/145/145552.mp3,30.014694,44100,0.007346999999999326,development,,False
direct_band_500x500_20260815,704683f6d51a272f,0,fma_medium,fma_medium/111/111873.mp3,30.014694,44100,0.007346999999999326,development,,False
direct_band_500x500_20260815,709836fe701ccf7c,0,fma_medium,fma_medium/124/124891.mp3,30.014694,44100,0.007346999999999326,development,,False
direct_band_500x500_20260815,70d7cc28a1eed613,0,fma_medium,fma_medium/119/119118.mp3,30.014694,44100,0.007346999999999326,development,,False
direct_band_500x500_20260815,710559ef6eef098e,0,fma_medium,fma_medium/117/117950.mp3,30.014694,44100,0.007346999999999326,development,,False
direct_band_500x500_20260815,71281c5183bb78ae,0,fma_medium,fma_medium/088/088483.mp3,30.014694,44100,0.007346999999999326,development,,False
direct_band_500x500_20260815,724fa4c4acb5eb2c,0,fma_medium,fma_medium/109/109709.mp3,30.014694,44100,0.007346999999999326,development,,False
direct_band_500x500_20260815,72613dc9e4425fa4,0,fma_medium,fma_medium/055/055716.mp3,30.014694,44100,0.007346999999999326,development,,False
direct_band_500x500_20260815,72e58c9fa5eea219,0,fma_medium,fma_medium/074/074381.mp3,30.014694,44100,0.007346999999999326,development,,False
direct_band_500x500_20260815,7311bc18511ed719,0,fma_medium,fma_medium/011/011748.mp3,30.014694,44100,0.007346999999999326,development,,False
direct_band_500x500_20260815,7325abde95a8abc0,0,fma_medium,fma_medium/030/030084.mp3,30.014694,44100,0.007346999999999326,development,,False
direct_band_500x500_20260815,73e3f4c2d903c8d3,0,fma_medium,fma_medium/005/005014.mp3,30.014694,44100,0.007346999999999326,locked_test,,False
direct_band_500x500_20260815,741ad7dd9d5ade19,0,fma_medium,fma_medium/001/001427.mp3,30.014694,44100,0.007346999999999326,development,,False
direct_band_500x500_20260815,7473993899fd3a46,0,fma_medium,fma_medium/125/125482.mp3,30.014694,44100,0.007346999999999326,locked_test,,False
direct_band_500x500_20260815,7590e66fcd8a3139,0,fma_medium,fma_medium/054/054938.mp3,30.014694,44100,0.007346999999999326,development,,False
direct_band_500x500_20260815,76756a0ab4c5a33e,0,fma_medium,fma_medium/118/118573.mp3,30.014694,44100,0.007346999999999326,development,,False
direct_band_500x500_20260815,76af6d34102fc7b9,0,fma_medium,fma_medium/130/130403.mp3,30.014694,44100,0.007346999999999326,development,,False
direct_band_500x500_20260815,76ef9a3aa0bba659,0,fma_medium,fma_medium/072/072513.mp3,30.014694,44100,0.007346999999999326,locked_test,,False
direct_band_500x500_20260815,77ce4d937d979928,0,fma_medium,fma_medium/120/120517.mp3,30.014694,44100,0.007346999999999326,development,,False
direct_band_500x500_20260815,786b799e4b710b07,0,fma_medium,fma_medium/038/038517.mp3,30.014694,44100,0.007346999999999326,development,,False
direct_band_500x500_20260815,79517af92626e7bd,0,fma_medium,fma_medium/063/063292.mp3,30.0,48000,0.0,development,,False
direct_band_500x500_20260815,79e6d668c5cbd1d9,0,fma_medium,fma_medium/150/150097.mp3,30.0,48000,0.0,development,,False
direct_band_500x500_20260815,7a20960c4ccb8877,0,fma_medium,fma_medium/053/053231.mp3,30.014694,44100,0.007346999999999326,development,,False
direct_band_500x500_20260815,7a254f1aa098601d,0,fma_medium,fma_medium/151/151765.mp3,30.014694,44100,0.007346999999999326,development,,False
direct_band_500x500_20260815,7a7057e0ea9e1c09,0,fma_medium,fma_medium/070/070969.mp3,30.014694,44100,0.007346999999999326,locked_test,,False
direct_band_500x500_20260815,7b22ca24f48b024c,0,fma_medium,fma_medium/054/054062.mp3,30.014694,44100,0.007346999999999326,development,,False
direct_band_500x500_20260815,7b6e60df780b00c4,0,fma_medium,fma_medium/022/022038.mp3,30.014694,44100,0.007346999999999326,development,,False
direct_band_500x500_20260815,7c8bb1f73082d11a,0,fma_medium,fma_medium/047/047026.mp3,30.014694,44100,0.007346999999999326,development,,False
direct_band_500x500_20260815,7d1bbaa176a0dcb5,0,fma_medium,fma_medium/059/059488.mp3,30.014694,44100,0.007346999999999326,development,,False
direct_band_500x500_20260815,7d2743f8665376ff,0,fma_medium,fma_medium/010/010627.mp3,30.014694,44100,0.007346999999999326,development,,False
direct_band_500x500_20260815,7db6c171635e3b96,0,fma_medium,fma_medium/028/028783.mp3,30.014694,44100,0.007346999999999326,development,,False
direct_band_500x500_20260815,7e53c1c2b5bd2b70,0,fma_medium,fma_medium/123/123275.mp3,30.014694,44100,0.007346999999999326,development,,False
direct_band_500x500_20260815,7e8da7ab7482b727,0,fma_medium,fma_medium/013/013744.mp3,30.014694,44100,0.007346999999999326,development,,False
direct_band_500x500_20260815,7ec6d819c55dfb35,0,fma_medium,fma_medium/129/129351.mp3,30.014694,44100,0.007346999999999326,locked_test,,False
direct_band_500x500_20260815,7fc9d0c8a8c12127,0,fma_medium,fma_medium/119/119944.mp3,30.014694,44100,0.007346999999999326,development,,False
direct_band_500x500_20260815,804a06ab670a58f1,0,fma_medium,fma_medium/070/070470.mp3,30.014694,44100,0.007346999999999326,development,,False
direct_band_500x500_20260815,8145087c1916c243,0,fma_medium,fma_medium/107/107507.mp3,30.014694,44100,0.007346999999999326,development,,False
direct_band_500x500_20260815,8315d69c4bf453c4,0,fma_medium,fma_medium/039/039765.mp3,30.014694,44100,0.007346999999999326,development,,False
direct_band_500x500_20260815,83e0e607c2ea7083,0,fma_medium,fma_medium/032/032744.mp3,30.014694,44100,0.007346999999999326,development,,False
direct_band_500x500_20260815,83fc17aad496b130,0,fma_medium,fma_medium/067/067597.mp3,30.014694,44100,0.007346999999999326,development,,False
direct_band_500x500_20260815,84bb253874580537,0,fma_medium,fma_medium/117/117310.mp3,30.014694,44100,0.007346999999999326,development,,False
direct_band_500x500_20260815,84e3c30930137042,0,fma_medium,fma_medium/032/032959.mp3,30.014694,44100,0.007346999999999326,development,,False
direct_band_500x500_20260815,84f431102acb7ceb,0,fma_medium,fma_medium/116/116456.mp3,30.014694,44100,0.007346999999999326,development,,False
direct_band_500x500_20260815,85371d04c5012c2a,0,fma_medium,fma_medium/049/049479.mp3,30.014694,44100,0.007346999999999326,locked_test,,False
direct_band_500x500_20260815,85f962d0be229ae7,0,fma_medium,fma_medium/051/051646.mp3,30.014694,44100,0.007346999999999326,development,,False
direct_band_500x500_20260815,862dac84fd21bdec,0,fma_medium,fma_medium/124/124917.mp3,30.014694,44100,0.007346999999999326,development,,False
direct_band_500x500_20260815,86f78b7f97fd6e31,0,fma_medium,fma_medium/143/143979.mp3,30.014694,44100,0.007346999999999326,development,,False
direct_band_500x500_20260815,87aa0c9c4c49dd1f,0,fma_medium,fma_medium/124/124446.mp3,30.0,48000,0.0,development,,False
direct_band_500x500_20260815,87eeb79f8032c947,0,fma_medium,fma_medium/106/106879.mp3,30.014694,44100,0.007346999999999326,development,,False
direct_band_500x500_20260815,8812da099d678c59,0,fma_medium,fma_medium/051/051601.mp3,30.014694,44100,0.007346999999999326,development,,False
direct_band_500x500_20260815,898121b0becf38e7,0,fma_medium,fma_medium/023/023063.mp3,30.014694,44100,0.007346999999999326,locked_test,,False
direct_band_500x500_20260815,898db995343cce56,0,fma_medium,fma_medium/117/117625.mp3,30.014694,44100,0.007346999999999326,locked_test,,False
direct_band_500x500_20260815,8ab3eed27d9a0c4a,0,fma_medium,fma_medium/068/068229.mp3,30.014694,44100,0.007346999999999326,locked_test,,False
direct_band_500x500_20260815,8ae0565dbac0e073,0,fma_medium,fma_medium/141/141289.mp3,30.014694,44100,0.007346999999999326,development,,False
direct_band_500x500_20260815,8da06b21cd9ad9da,0,fma_medium,fma_medium/124/124008.mp3,30.014694,44100,0.007346999999999326,development,,False
direct_band_500x500_20260815,8e7990ed218cd838,0,fma_medium,fma_medium/137/137050.mp3,30.014694,44100,0.007346999999999326,development,,False
direct_band_500x500_20260815,8fb51433f414050a,0,fma_medium,fma_medium/074/074048.mp3,30.014694,44100,0.007346999999999326,locked_test,,False
direct_band_500x500_20260815,8fcfc2debbca917b,0,fma_medium,fma_medium/023/023364.mp3,30.014694,44100,0.007346999999999326,development,,False
direct_band_500x500_20260815,9028ce21fada5fe1,0,fma_medium,fma_medium/071/071784.mp3,30.014694,44100,0.007346999999999326,development,,False
direct_band_500x500_20260815,909954fc3a4d53c0,0,fma_medium,fma_medium/099/099304.mp3,30.014694,44100,0.007346999999999326,development,,False
direct_band_500x500_20260815,90ccfe8783909c01,0,fma_medium,fma_medium/069/069361.mp3,30.014694,44100,0.007346999999999326,development,,False
direct_band_500x500_20260815,920fac8b295714f5,0,fma_medium,fma_medium/047/047659.mp3,30.0,48000,0.0,development,,False
direct_band_500x500_20260815,9231f5ce206a4ded,0,fma_medium,fma_medium/050/050673.mp3,30.014694,44100,0.007346999999999326,development,,False
direct_band_500x500_20260815,9347003296ffea5e,0,fma_medium,fma_medium/043/043028.mp3,30.014694,44100,0.007346999999999326,locked_test,,False
direct_band_500x500_20260815,937a4a7ce7aa4265,0,fma_medium,fma_medium/028/028548.mp3,30.014694,44100,0.007346999999999326,development,,False
direct_band_500x500_20260815,93815e6ad92b87ab,0,fma_medium,fma_medium/113/113698.mp3,30.014694,44100,0.007346999999999326,locked_test,,False
direct_band_500x500_20260815,94186e925d25195a,0,fma_medium,fma_medium/050/050749.mp3,30.014694,44100,0.007346999999999326,development,,False
direct_band_500x500_20260815,94195a750c217d1f,0,fma_medium,fma_medium/043/043861.mp3,30.014694,44100,0.007346999999999326,development,,False
direct_band_500x500_20260815,94eafac5098a7cc9,0,fma_medium,fma_medium/122/122472.mp3,30.014694,44100,0.007346999999999326,development,,False
direct_band_500x500_20260815,953c92952208909d,0,fma_medium,fma_medium/125/125589.mp3,30.014694,44100,0.007346999999999326,development,,False
direct_band_500x500_20260815,95d84e5ae38ef9a0,0,fma_medium,fma_medium/108/108501.mp3,30.0,48000,0.0,development,,False
direct_band_500x500_20260815,96b76e38600705e8,0,fma_medium,fma_medium/073/073327.mp3,30.014694,44100,0.007346999999999326,development,,False
direct_band_500x500_20260815,96bdd0e74f84f8bf,0,fma_medium,fma_medium/087/087160.mp3,30.014694,44100,0.007346999999999326,development,,False
direct_band_500x500_20260815,97392492c41256a0,0,fma_medium,fma_medium/010/010699.mp3,30.014694,44100,0.007346999999999326,development,,False
direct_band_500x500_20260815,97ac9635e8414bc5,0,fma_medium,fma_medium/001/001894.mp3,30.014694,44100,0.007346999999999326,development,,False
direct_band_500x500_20260815,97b424b184c16717,0,fma_medium,fma_medium/049/049161.mp3,30.0,48000,0.0,development,,False
direct_band_500x500_20260815,98070f160d24822f,0,fma_medium,fma_medium/140/140331.mp3,30.014694,44100,0.007346999999999326,development,,False
direct_band_500x500_20260815,9825a6f815096e14,0,fma_medium,fma_medium/017/017441.mp3,30.014694,44100,0.007346999999999326,development,,False
direct_band_500x500_20260815,98a7bd1229c205ce,0,fma_medium,fma_medium/107/107381.mp3,30.014694,44100,0.007346999999999326,development,,False
direct_band_500x500_20260815,990b07382f18b541,0,fma_medium,fma_medium/012/012425.mp3,30.014694,44100,0.007346999999999326,development,,False
direct_band_500x500_20260815,991522c1894d29c1,0,fma_medium,fma_medium/113/113943.mp3,30.014694,44100,0.007346999999999326,development,,False
direct_band_500x500_20260815,998fb51d35691ec1,0,fma_medium,fma_medium/110/110943.mp3,30.014694,44100,0.007346999999999326,locked_test,,False
direct_band_500x500_20260815,99c46fb5e4872928,0,fma_medium,fma_medium/080/080873.mp3,30.014694,44100,0.007346999999999326,development,,False
direct_band_500x500_20260815,99c4b54fa523d957,0,fma_medium,fma_medium/017/017989.mp3,30.014694,44100,0.007346999999999326,locked_test,,False
direct_band_500x500_20260815,99c6008d6bb3a577,0,fma_medium,fma_medium/019/019790.mp3,30.014694,44100,0.007346999999999326,development,,False
direct_band_500x500_20260815,99e179bc4316770a,0,fma_medium,fma_medium/014/014491.mp3,30.014694,44100,0.007346999999999326,development,,False
direct_band_500x500_20260815,9a2301371e4aeed0,0,fma_medium,fma_medium/131/131912.mp3,30.014694,44100,0.007346999999999326,development,,False
direct_band_500x500_20260815,9a6b2bc9114488d8,0,fma_medium,fma_medium/032/032083.mp3,30.014694,44100,0.007346999999999326,development,,False
direct_band_500x500_20260815,9add2bdda077fdfe,0,fma_medium,fma_medium/045/045022.mp3,30.014694,44100,0.007346999999999326,development,,False
direct_band_500x500_20260815,9d8106f9b5feee24,0,fma_medium,fma_medium/094/094337.mp3,30.014694,44100,0.007346999999999326,locked_test,,False
direct_band_500x500_20260815,9f0924be81292aba,0,fma_medium,fma_medium/020/020135.mp3,30.014694,44100,0.007346999999999326,development,,False
direct_band_500x500_20260815,9f2b452698e06a97,0,fma_medium,fma_medium/074/074361.mp3,30.014694,44100,0.007346999999999326,locked_test,,False
direct_band_500x500_20260815,9ff929041d5acf5f,0,fma_medium,fma_medium/148/148303.mp3,30.014694,44100,0.007346999999999326,development,,False
direct_band_500x500_20260815,a061908f021a4f3b,0,fma_medium,fma_medium/014/014799.mp3,30.014694,44100,0.007346999999999326,development,,False
direct_band_500x500_20260815,a088cff9a9ad4a8f,0,fma_medium,fma_medium/134/134626.mp3,30.014694,44100,0.007346999999999326,development,,False
direct_band_500x500_20260815,a0d7b1fd18011016,0,fma_medium,fma_medium/111/111217.mp3,30.014694,44100,0.007346999999999326,development,,False
direct_band_500x500_20260815,a11a90a265f6b1b0,0,fma_medium,fma_medium/134/134320.mp3,30.014694,44100,0.007346999999999326,development,,False
direct_band_500x500_20260815,a134dfa184f88841,0,fma_medium,fma_medium/145/145710.mp3,30.014694,44100,0.007346999999999326,development,,False
direct_band_500x500_20260815,a19b7084d2919cfd,0,fma_medium,fma_medium/000/000706.mp3,30.014694,44100,0.007346999999999326,development,,False
direct_band_500x500_20260815,a1d805c13b07a3f5,0,fma_medium,fma_medium/012/012090.mp3,30.014694,44100,0.007346999999999326,development,,False
direct_band_500x500_20260815,a25e7e22292da46d,0,fma_medium,fma_medium/045/045375.mp3,30.014694,44100,0.007346999999999326,development,,False
direct_band_500x500_20260815,a2b2f0826a470ab9,0,fma_medium,fma_medium/072/072686.mp3,30.014694,44100,0.007346999999999326,development,,False
direct_band_500x500_20260815,a2eae34604ab7fd7,0,fma_medium,fma_medium/072/072570.mp3,30.014694,44100,0.007346999999999326,locked_test,,False
direct_band_500x500_20260815,a2f4119c850b6c93,0,fma_medium,fma_medium/083/083440.mp3,30.014694,44100,0.007346999999999326,development,,False
direct_band_500x500_20260815,a38d360333546de4,0,fma_medium,fma_medium/052/052225.mp3,30.014694,44100,0.007346999999999326,locked_test,,False
direct_band_500x500_20260815,a47b23199e284eea,0,fma_medium,fma_medium/151/151968.mp3,30.014694,44100,0.007346999999999326,development,,False
direct_band_500x500_20260815,a4c3c2fa7c74c8ff,0,fma_medium,fma_medium/064/064994.mp3,30.014694,44100,0.007346999999999326,locked_test,,False
direct_band_500x500_20260815,a4e81a70003bfb79,0,fma_medium,fma_medium/134/134795.mp3,30.014694,44100,0.007346999999999326,development,,False
direct_band_500x500_20260815,a5e4dce616781fd4,0,fma_medium,fma_medium/104/104660.mp3,30.014694,44100,0.007346999999999326,development,,False
direct_band_500x500_20260815,a5f4f928b33719ee,0,fma_medium,fma_medium/025/025390.mp3,30.0,48000,0.0,development,,False
direct_band_500x500_20260815,a6502a2764c804b0,0,fma_medium,fma_medium/093/093398.mp3,30.014694,44100,0.007346999999999326,development,,False
direct_band_500x500_20260815,a7992e64ec7baa99,0,fma_medium,fma_medium/095/095409.mp3,30.014694,44100,0.007346999999999326,development,,False
direct_band_500x500_20260815,a7a092fd08803e06,0,fma_medium,fma_medium/127/127048.mp3,30.014694,44100,0.007346999999999326,development,,False
direct_band_500x500_20260815,a7ec3c79283896a4,0,fma_medium,fma_medium/115/115614.mp3,30.014694,44100,0.007346999999999326,development,,False
direct_band_500x500_20260815,a8c684d2fd182f14,0,fma_medium,fma_medium/109/109466.mp3,30.014694,44100,0.007346999999999326,development,,False
direct_band_500x500_20260815,a8ccc74bed96de66,0,fma_medium,fma_medium/104/104677.mp3,30.014694,44100,0.007346999999999326,development,,False
direct_band_500x500_20260815,a986ef6801cf89ef,0,fma_medium,fma_medium/046/046543.mp3,30.014694,44100,0.007346999999999326,locked_test,,False
direct_band_500x500_20260815,a9ea1bc1a68b5d78,0,fma_medium,fma_medium/111/111222.mp3,30.014694,44100,0.007346999999999326,development,,False
direct_band_500x500_20260815,aaa890587fb784e5,0,fma_medium,fma_medium/095/095175.mp3,30.014694,44100,0.007346999999999326,development,,False
direct_band_500x500_20260815,ab616a0eecfa0552,0,fma_medium,fma_medium/145/145475.mp3,30.014694,44100,0.007346999999999326,development,,False
direct_band_500x500_20260815,ac52d586ea6cf965,0,fma_medium,fma_medium/079/079905.mp3,30.0,48000,0.0,development,,False
direct_band_500x500_20260815,ac9109f08cefdbf0,0,fma_medium,fma_medium/093/093522.mp3,30.014694,44100,0.007346999999999326,development,,False
direct_band_500x500_20260815,ac97e264ee18a06b,0,fma_medium,fma_medium/030/030738.mp3,30.014694,44100,0.007346999999999326,development,,False
direct_band_500x500_20260815,acdcb7a97836a8d7,0,fma_medium,fma_medium/137/137552.mp3,30.0,48000,0.0,development,,False
direct_band_500x500_20260815,add2abebef6cec84,0,fma_medium,fma_medium/037/037141.mp3,30.014694,44100,0.007346999999999326,development,,False
direct_band_500x500_20260815,af0b36f0a4d65ec4,0,fma_medium,fma_medium/017/017702.mp3,30.014694,44100,0.007346999999999326,locked_test,,False
direct_band_500x500_20260815,af9839b8f39ef541,0,fma_medium,fma_medium/093/093425.mp3,30.014694,44100,0.007346999999999326,development,,False
direct_band_500x500_20260815,aff6405b2d81f625,0,fma_medium,fma_medium/009/009551.mp3,30.014694,44100,0.007346999999999326,development,,False
direct_band_500x500_20260815,b13512a8c30d6aec,0,fma_medium,fma_medium/020/020663.mp3,30.014694,44100,0.007346999999999326,development,,False
direct_band_500x500_20260815,b212f78a352dafe9,0,fma_medium,fma_medium/100/100927.mp3,30.014694,44100,0.007346999999999326,development,,False
direct_band_500x500_20260815,b38e1269596df785,0,fma_medium,fma_medium/063/063163.mp3,30.014694,44100,0.007346999999999326,development,,False
direct_band_500x500_20260815,b3d07c0d4cd36855,0,fma_medium,fma_medium/092/092130.mp3,30.014694,44100,0.007346999999999326,development,,False
direct_band_500x500_20260815,b62f6cd402740547,0,fma_medium,fma_medium/115/115593.mp3,30.014694,44100,0.007346999999999326,development,,False
direct_band_500x500_20260815,b6ac4dc59f864207,0,fma_medium,fma_medium/131/131960.mp3,30.0,48000,0.0,development,,False
direct_band_500x500_20260815,b7f73c65355b1a56,0,fma_medium,fma_medium/020/020088.mp3,30.014694,44100,0.007346999999999326,locked_test,,False
direct_band_500x500_20260815,b96da4c5c3cdad02,0,fma_medium,fma_medium/014/014440.mp3,30.014694,44100,0.007346999999999326,development,,False
direct_band_500x500_20260815,b991318fd568dce5,0,fma_medium,fma_medium/029/029680.mp3,30.014694,44100,0.007346999999999326,development,,False
direct_band_500x500_20260815,b9a1fa14540e16e3,0,fma_medium,fma_medium/067/067001.mp3,30.014694,44100,0.007346999999999326,development,,False
direct_band_500x500_20260815,bac62593da695f8e,0,fma_medium,fma_medium/010/010685.mp3,30.014694,44100,0.007346999999999326,development,,False
direct_band_500x500_20260815,bb2e3973a598e456,0,fma_medium,fma_medium/060/060838.mp3,30.014694,44100,0.007346999999999326,locked_test,,False
direct_band_500x500_20260815,bba01c55ff69fa12,0,fma_medium,fma_medium/017/017603.mp3,30.014694,44100,0.007346999999999326,development,,False
direct_band_500x500_20260815,bbcf67e10068bc05,0,fma_medium,fma_medium/116/116339.mp3,30.014694,44100,0.007346999999999326,development,,False
direct_band_500x500_20260815,bc1fffc92adb9e07,0,fma_medium,fma_medium/039/039900.mp3,30.014694,44100,0.007346999999999326,development,,False
direct_band_500x500_20260815,bd2e546f6e69d7f9,0,fma_medium,fma_medium/013/013764.mp3,30.014694,44100,0.007346999999999326,development,,False
direct_band_500x500_20260815,bd6fba6dd2eeaae1,0,fma_medium,fma_medium/091/091841.mp3,30.014694,44100,0.007346999999999326,development,,False
direct_band_500x500_20260815,bdd1bd0de2ed2b6e,0,fma_medium,fma_medium/102/102168.mp3,30.014694,44100,0.007346999999999326,locked_test,,False
direct_band_500x500_20260815,be91fdf28013aeaf,0,fma_medium,fma_medium/080/080027.mp3,30.014694,44100,0.007346999999999326,development,,False
direct_band_500x500_20260815,be9e5e92317993a3,0,fma_medium,fma_medium/148/148289.mp3,30.014694,44100,0.007346999999999326,development,,False
direct_band_500x500_20260815,bea294822cd4f751,0,fma_medium,fma_medium/060/060779.mp3,30.014694,44100,0.007346999999999326,development,,False
direct_band_500x500_20260815,bfee0fdfbc447f25,0,fma_medium,fma_medium/054/054159.mp3,30.014694,44100,0.007346999999999326,development,,False
direct_band_500x500_20260815,bff26c3963a2b84a,0,fma_medium,fma_medium/015/015964.mp3,30.014694,44100,0.007346999999999326,development,,False
direct_band_500x500_20260815,c035fffc16fe1211,0,fma_medium,fma_medium/065/065667.mp3,30.014694,44100,0.007346999999999326,development,,False
direct_band_500x500_20260815,c0367080f463bd4f,0,fma_medium,fma_medium/105/105401.mp3,30.014694,44100,0.007346999999999326,development,,False
direct_band_500x500_20260815,c1248ca6ec495080,0,fma_medium,fma_medium/064/064648.mp3,30.014694,44100,0.007346999999999326,development,,False
direct_band_500x500_20260815,c2d8465cd6d90aed,0,fma_medium,fma_medium/085/085342.mp3,30.014694,44100,0.007346999999999326,development,,False
direct_band_500x500_20260815,c38b4e9e8a152822,0,fma_medium,fma_medium/092/092292.mp3,30.014694,44100,0.007346999999999326,locked_test,,False
direct_band_500x500_20260815,c440f686dadb3796,0,fma_medium,fma_medium/098/098907.mp3,30.014694,44100,0.007346999999999326,development,,False
direct_band_500x500_20260815,c47498b667d3bb22,0,fma_medium,fma_medium/121/121206.mp3,30.014694,44100,0.007346999999999326,development,,False
direct_band_500x500_20260815,c4df718c11382bcb,0,fma_medium,fma_medium/050/050862.mp3,30.014694,44100,0.007346999999999326,development,,False
direct_band_500x500_20260815,c4f9779f209a7d2f,0,fma_medium,fma_medium/099/099089.mp3,30.014694,44100,0.007346999999999326,development,,False
direct_band_500x500_20260815,c61c867f61acf6ad,0,fma_medium,fma_medium/070/070435.mp3,30.014694,44100,0.007346999999999326,development,,False
direct_band_500x500_20260815,c66a95ba180ccf8a,0,fma_medium,fma_medium/084/084793.mp3,30.014694,44100,0.007346999999999326,locked_test,,False
direct_band_500x500_20260815,c8908a03652b1421,0,fma_medium,fma_medium/111/111460.mp3,30.014694,44100,0.007346999999999326,development,,False
direct_band_500x500_20260815,c8eae304e5870daa,0,fma_medium,fma_medium/074/074373.mp3,30.014694,44100,0.007346999999999326,development,,False
direct_band_500x500_20260815,c952c730ab02fead,0,fma_medium,fma_medium/017/017605.mp3,30.014694,44100,0.007346999999999326,development,,False
direct_band_500x500_20260815,c9562e5513930547,0,fma_medium,fma_medium/129/129427.mp3,30.0,48000,0.0,locked_test,,False
direct_band_500x500_20260815,ca04e9f53328fa34,0,fma_medium,fma_medium/060/060464.mp3,30.014694,44100,0.007346999999999326,development,,False
direct_band_500x500_20260815,ca3cfe26bd53fff1,0,fma_medium,fma_medium/072/072059.mp3,30.014694,44100,0.007346999999999326,development,,False
direct_band_500x500_20260815,ca66e9e6414f831e,0,fma_medium,fma_medium/114/114294.mp3,30.014694,44100,0.007346999999999326,locked_test,,False
direct_band_500x500_20260815,cb1da9e70f740458,0,fma_medium,fma_medium/042/042743.mp3,30.014694,44100,0.007346999999999326,development,,False
direct_band_500x500_20260815,cb5fe08c7b704471,0,fma_medium,fma_medium/016/016428.mp3,30.014694,22050,0.007346999999999326,locked_test,,False
direct_band_500x500_20260815,ccc0e81f04509d8d,0,fma_medium,fma_medium/118/118375.mp3,30.0,48000,0.0,locked_test,,False
direct_band_500x500_20260815,cd3c37ae56411721,0,fma_medium,fma_medium/131/131189.mp3,30.014694,44100,0.007346999999999326,development,,False
direct_band_500x500_20260815,cd5d13b6220b920a,0,fma_medium,fma_medium/130/130247.mp3,30.0,48000,0.0,development,,False
direct_band_500x500_20260815,ceafd51d2152e389,0,fma_medium,fma_medium/145/145763.mp3,30.0,48000,0.0,development,,False
direct_band_500x500_20260815,cf6267728fdae9f8,0,fma_medium,fma_medium/036/036531.mp3,30.014694,44100,0.007346999999999326,development,,False
direct_band_500x500_20260815,cf9dbd8072dcc416,0,fma_medium,fma_medium/045/045392.mp3,30.014694,44100,0.007346999999999326,development,,False
direct_band_500x500_20260815,cfaaedde75747673,0,fma_medium,fma_medium/120/120198.mp3,30.014694,44100,0.007346999999999326,development,,False
direct_band_500x500_20260815,cfbd62a2d3d5e9b7,0,fma_medium,fma_medium/148/148120.mp3,30.014694,44100,0.007346999999999326,locked_test,,False
direct_band_500x500_20260815,cffe431d54592749,0,fma_medium,fma_medium/122/122726.mp3,30.014694,44100,0.007346999999999326,development,,False
direct_band_500x500_20260815,d04fd955df3ced6e,0,fma_medium,fma_medium/079/079002.mp3,30.014694,44100,0.007346999999999326,development,,False
direct_band_500x500_20260815,d05f8a77b162f3cb,0,fma_medium,fma_medium/062/062874.mp3,30.014694,44100,0.007346999999999326,development,,False
direct_band_500x500_20260815,d1283e73ece32645,0,fma_medium,fma_medium/059/059176.mp3,30.014694,44100,0.007346999999999326,development,,False
direct_band_500x500_20260815,d1926d9990ee33f0,0,fma_medium,fma_medium/126/126779.mp3,30.014694,44100,0.007346999999999326,development,,False
direct_band_500x500_20260815,d1b9e2370926b717,0,fma_medium,fma_medium/001/001890.mp3,30.014694,44100,0.007346999999999326,development,,False
direct_band_500x500_20260815,d2f819298d960ca1,0,fma_medium,fma_medium/101/101864.mp3,30.014694,44100,0.007346999999999326,development,,False
direct_band_500x500_20260815,d5ab993b0387d36b,0,fma_medium,fma_medium/044/044250.mp3,30.014694,44100,0.007346999999999326,development,,False
direct_band_500x500_20260815,d5f892a2e866f71b,0,fma_medium,fma_medium/037/037111.mp3,30.014694,44100,0.007346999999999326,development,,False
direct_band_500x500_20260815,d6406a49453f99b7,0,fma_medium,fma_medium/036/036799.mp3,30.014694,44100,0.007346999999999326,development,,False
direct_band_500x500_20260815,d6a322991cbc843b,0,fma_medium,fma_medium/012/012836.mp3,30.014694,44100,0.007346999999999326,locked_test,,False
direct_band_500x500_20260815,d6adaca51ea9c985,0,fma_medium,fma_medium/033/033126.mp3,30.0,48000,0.0,development,,False
direct_band_500x500_20260815,d6ec4980229c3819,0,fma_medium,fma_medium/016/016438.mp3,30.014694,44100,0.007346999999999326,development,,False
direct_band_500x500_20260815,d6f730e133b043dc,0,fma_medium,fma_medium/013/013914.mp3,30.014694,44100,0.007346999999999326,locked_test,,False
direct_band_500x500_20260815,d7597afeacfb44db,0,fma_medium,fma_medium/062/062193.mp3,30.014694,44100,0.007346999999999326,development,,False
direct_band_500x500_20260815,d8283a8a1ae9521d,0,fma_medium,fma_medium/060/060727.mp3,30.014694,44100,0.007346999999999326,development,,False
direct_band_500x500_20260815,d83d28938b296f0b,0,fma_medium,fma_medium/105/105819.mp3,30.014694,44100,0.007346999999999326,locked_test,,False
direct_band_500x500_20260815,d87783348cd325f6,0,fma_medium,fma_medium/011/011945.mp3,30.0,48000,0.0,development,,False
direct_band_500x500_20260815,d94bf984ce72772c,0,fma_medium,fma_medium/046/046509.mp3,30.014694,44100,0.007346999999999326,development,,False
direct_band_500x500_20260815,d94df05540024645,0,fma_medium,fma_medium/111/111397.mp3,30.014694,44100,0.007346999999999326,development,,False
direct_band_500x500_20260815,d95c1c430ecd2362,0,fma_medium,fma_medium/112/112370.mp3,30.014694,44100,0.007346999999999326,development,,False
direct_band_500x500_20260815,da8d084e15169781,0,fma_medium,fma_medium/155/155130.mp3,30.014694,44100,0.007346999999999326,development,,False
direct_band_500x500_20260815,da988ab3492bf6bb,0,fma_medium,fma_medium/052/052599.mp3,30.014694,44100,0.007346999999999326,locked_test,,False
direct_band_500x500_20260815,daa4d50735879a34,0,fma_medium,fma_medium/012/012146.mp3,30.014694,44100,0.007346999999999326,development,,False
direct_band_500x500_20260815,daed3f08327339d2,0,fma_medium,fma_medium/011/011541.mp3,30.014694,44100,0.007346999999999326,development,,False
direct_band_500x500_20260815,db37a6b666576322,0,fma_medium,fma_medium/073/073308.mp3,30.014694,44100,0.007346999999999326,development,,False
direct_band_500x500_20260815,db5a8a549df2a12d,0,fma_medium,fma_medium/128/128448.mp3,30.014694,44100,0.007346999999999326,locked_test,,False
direct_band_500x500_20260815,db9898af97b4c6c8,0,fma_medium,fma_medium/091/091061.mp3,30.014694,44100,0.007346999999999326,development,,False
direct_band_500x500_20260815,dcb830de5e2c33d5,0,fma_medium,fma_medium/007/007870.mp3,30.014694,44100,0.007346999999999326,development,,False
direct_band_500x500_20260815,ddc9057a1e047ff6,0,fma_medium,fma_medium/049/049068.mp3,30.014694,44100,0.007346999999999326,development,,False
direct_band_500x500_20260815,de3e300aea53ffb8,0,fma_medium,fma_medium/086/086154.mp3,30.0,48000,0.0,locked_test,,False
direct_band_500x500_20260815,de7462b3165de27c,0,fma_medium,fma_medium/011/011432.mp3,30.014694,44100,0.007346999999999326,development,,False
direct_band_500x500_20260815,de9890d138834fb7,0,fma_medium,fma_medium/130/130543.mp3,30.014694,44100,0.007346999999999326,development,,False
direct_band_500x500_20260815,dea97b6722b6ea88,0,fma_medium,fma_medium/014/014210.mp3,30.014694,44100,0.007346999999999326,development,,False
direct_band_500x500_20260815,df6d7d0777c48d1b,0,fma_medium,fma_medium/147/147183.mp3,30.014694,44100,0.007346999999999326,locked_test,,False
direct_band_500x500_20260815,df88249dd5f117c0,0,fma_medium,fma_medium/065/065619.mp3,30.014694,44100,0.007346999999999326,development,,False
direct_band_500x500_20260815,e019eb8dd4606bbb,0,fma_medium,fma_medium/006/006602.mp3,30.014694,44100,0.007346999999999326,development,,False
direct_band_500x500_20260815,e05610c13930a733,0,fma_medium,fma_medium/074/074388.mp3,30.014694,44100,0.007346999999999326,development,,False
direct_band_500x500_20260815,e09bfcc2afb08045,0,fma_medium,fma_medium/069/069943.mp3,30.014694,44100,0.007346999999999326,development,,False
direct_band_500x500_20260815,e0dfc2693696ef7d,0,fma_medium,fma_medium/047/047510.mp3,30.014694,44100,0.007346999999999326,development,,False
direct_band_500x500_20260815,e110738404cfcd00,0,fma_medium,fma_medium/143/143040.mp3,30.014694,44100,0.007346999999999326,development,,False
direct_band_500x500_20260815,e12aff03ea90cfe4,0,fma_medium,fma_medium/001/001652.mp3,30.0,48000,0.0,development,,False
direct_band_500x500_20260815,e1798f971a8367d8,0,fma_medium,fma_medium/055/055907.mp3,30.014694,44100,0.007346999999999326,development,,False
direct_band_500x500_20260815,e1a236369ca3a362,0,fma_medium,fma_medium/025/025384.mp3,30.0,48000,0.0,development,,False
direct_band_500x500_20260815,e25716fbf89c2478,0,fma_medium,fma_medium/129/129969.mp3,30.014694,44100,0.007346999999999326,development,,False
direct_band_500x500_20260815,e25a46918ac56ce1,0,fma_medium,fma_medium/060/060351.mp3,30.014694,44100,0.007346999999999326,development,,False
direct_band_500x500_20260815,e2c8069a75633982,0,fma_medium,fma_medium/025/025374.mp3,30.0,48000,0.0,development,,False
direct_band_500x500_20260815,e2ff51ced13ab583,0,fma_medium,fma_medium/021/021352.mp3,30.014694,44100,0.007346999999999326,development,,False
direct_band_500x500_20260815,e468b77e97678fd9,0,fma_medium,fma_medium/021/021798.mp3,30.0,48000,0.0,locked_test,,False
direct_band_500x500_20260815,e5879abe176e0bb2,0,fma_medium,fma_medium/129/129125.mp3,30.014694,44100,0.007346999999999326,locked_test,,False
direct_band_500x500_20260815,e599868aa07c5e12,0,fma_medium,fma_medium/013/013376.mp3,30.014694,44100,0.007346999999999326,development,,False
direct_band_500x500_20260815,e6c4bf70e6636f26,0,fma_medium,fma_medium/087/087489.mp3,30.014694,44100,0.007346999999999326,development,,False
direct_band_500x500_20260815,e6cc2e978ae99e0a,0,fma_medium,fma_medium/063/063597.mp3,30.014694,44100,0.007346999999999326,locked_test,,False
direct_band_500x500_20260815,e7b8ec73efd115d0,0,fma_medium,fma_medium/064/064366.mp3,30.014694,44100,0.007346999999999326,development,,False
direct_band_500x500_20260815,e7e10fc8fb0e4025,0,fma_medium,fma_medium/143/143054.mp3,30.014694,44100,0.007346999999999326,development,,False
direct_band_500x500_20260815,e8dd130fcf0ff77e,0,fma_medium,fma_medium/122/122083.mp3,30.0,48000,0.0,development,,False
direct_band_500x500_20260815,e9f58b10fac4eb4b,0,fma_medium,fma_medium/058/058525.mp3,30.014694,44100,0.007346999999999326,locked_test,,False
direct_band_500x500_20260815,ebb99f897ae6275f,0,fma_medium,fma_medium/138/138057.mp3,30.014694,44100,0.007346999999999326,development,,False
direct_band_500x500_20260815,ec824e160c777e93,0,fma_medium,fma_medium/024/024698.mp3,30.014694,44100,0.007346999999999326,locked_test,,False
direct_band_500x500_20260815,ed1721e27a02964a,0,fma_medium,fma_medium/059/059977.mp3,30.0,48000,0.0,development,,False
direct_band_500x500_20260815,ed3fdd7dce9b0bae,0,fma_medium,fma_medium/056/056680.mp3,30.014694,44100,0.007346999999999326,development,,False
direct_band_500x500_20260815,ede6d7d9fdeb4a3a,0,fma_medium,fma_medium/042/042714.mp3,30.014694,44100,0.007346999999999326,development,,False
direct_band_500x500_20260815,ef10e2bdc89c4838,0,fma_medium,fma_medium/095/095248.mp3,30.014694,44100,0.007346999999999326,development,,False
direct_band_500x500_20260815,f04e58cb50b0d8d5,0,fma_medium,fma_medium/013/013555.mp3,30.014694,44100,0.007346999999999326,development,,False
direct_band_500x500_20260815,f09e5bc025cb8be5,0,fma_medium,fma_medium/066/066070.mp3,30.014694,44100,0.007346999999999326,development,,False
direct_band_500x500_20260815,f0e0db1bd2f928b2,0,fma_medium,fma_medium/130/130112.mp3,30.0,48000,0.0,development,,False
direct_band_500x500_20260815,f136c4527a7a9737,0,fma_medium,fma_medium/110/110925.mp3,30.014694,44100,0.007346999999999326,development,,False
direct_band_500x500_20260815,f16b7665af18edc6,0,fma_medium,fma_medium/094/094454.mp3,30.014694,44100,0.007346999999999326,locked_test,,False
direct_band_500x500_20260815,f1e5c846f960c3cd,0,fma_medium,fma_medium/024/024899.mp3,30.014694,44100,0.007346999999999326,locked_test,,False
direct_band_500x500_20260815,f1f25830afa3a247,0,fma_medium,fma_medium/151/151032.mp3,30.014694,44100,0.007346999999999326,development,,False
direct_band_500x500_20260815,f212cab31354a9da,0,fma_medium,fma_medium/096/096660.mp3,30.014694,44100,0.007346999999999326,development,,False
direct_band_500x500_20260815,f221952739ee7fbd,0,fma_medium,fma_medium/097/097037.mp3,30.014694,44100,0.007346999999999326,development,,False
direct_band_500x500_20260815,f303645ac72f8443,0,fma_medium,fma_medium/135/135365.mp3,30.014694,44100,0.007346999999999326,development,,False
direct_band_500x500_20260815,f34adedc814830fd,0,fma_medium,fma_medium/045/045551.mp3,30.014694,44100,0.007346999999999326,development,,False
direct_band_500x500_20260815,f408914d6a3d2219,0,fma_medium,fma_medium/029/029480.mp3,30.014694,44100,0.007346999999999326,development,,False
direct_band_500x500_20260815,f4289c85778fea79,0,fma_medium,fma_medium/060/060284.mp3,30.014694,44100,0.007346999999999326,locked_test,,False
direct_band_500x500_20260815,f4962fe496691606,0,fma_medium,fma_medium/118/118731.mp3,30.014694,44100,0.007346999999999326,locked_test,,False
direct_band_500x500_20260815,f4e24eff7395c99b,0,fma_medium,fma_medium/022/022434.mp3,30.014694,44100,0.007346999999999326,development,,False
direct_band_500x500_20260815,f4f5097939ca6cd2,0,fma_medium,fma_medium/030/030927.mp3,30.014694,44100,0.007346999999999326,locked_test,,False
direct_band_500x500_20260815,f526c36284b76be9,0,fma_medium,fma_medium/099/099536.mp3,30.014694,44100,0.007346999999999326,locked_test,,False
direct_band_500x500_20260815,f5580fe6a6ba0be0,0,fma_medium,fma_medium/119/119575.mp3,30.014694,44100,0.007346999999999326,development,,False
direct_band_500x500_20260815,f5b5b67a541f1c0e,0,fma_medium,fma_medium/015/015227.mp3,30.014694,44100,0.007346999999999326,development,,False
direct_band_500x500_20260815,f672bd03fb511023,0,fma_medium,fma_medium/137/137578.mp3,30.014694,44100,0.007346999999999326,development,,False
direct_band_500x500_20260815,f69399cef0868c26,0,fma_medium,fma_medium/095/095227.mp3,30.014694,44100,0.007346999999999326,development,,False
direct_band_500x500_20260815,f6c5005aa57ed19d,0,fma_medium,fma_medium/078/078310.mp3,30.014694,44100,0.007346999999999326,development,,False
direct_band_500x500_20260815,f7263a85236e37f9,0,fma_medium,fma_medium/052/052033.mp3,30.014694,44100,0.007346999999999326,locked_test,,False
direct_band_500x500_20260815,f7330e8e04557914,0,fma_medium,fma_medium/001/001822.mp3,30.014694,44100,0.007346999999999326,development,,False
direct_band_500x500_20260815,f73b9a7075ae4723,0,fma_medium,fma_medium/084/084785.mp3,30.014694,44100,0.007346999999999326,development,,False
direct_band_500x500_20260815,f77a1a5669633093,0,fma_medium,fma_medium/133/133398.mp3,30.0,48000,0.0,development,,False
direct_band_500x500_20260815,f77c656b382b18f1,0,fma_medium,fma_medium/144/144570.mp3,30.014694,44100,0.007346999999999326,locked_test,,False
direct_band_500x500_20260815,f85a65dc04d9856f,0,fma_medium,fma_medium/006/006734.mp3,30.014694,44100,0.007346999999999326,locked_test,,False
direct_band_500x500_20260815,f8b8751a2f095250,0,fma_medium,fma_medium/017/017347.mp3,30.014694,44100,0.007346999999999326,development,,False
direct_band_500x500_20260815,f95d750c14794019,0,fma_medium,fma_medium/149/149121.mp3,30.014694,44100,0.007346999999999326,development,,False
direct_band_500x500_20260815,f99ee8593f25ac7b,0,fma_medium,fma_medium/054/054130.mp3,30.014694,44100,0.007346999999999326,locked_test,,False
direct_band_500x500_20260815,fa3ad561988d197b,0,fma_medium,fma_medium/121/121255.mp3,30.014694,44100,0.007346999999999326,development,,False
direct_band_500x500_20260815,fb49a5947170e294,0,fma_medium,fma_medium/010/010041.mp3,30.0,48000,0.0,development,,False
direct_band_500x500_20260815,fb789e868ddd45df,0,fma_medium,fma_medium/129/129486.mp3,30.014694,44100,0.007346999999999326,development,,False
direct_band_500x500_20260815,fbfe652d03b336cd,0,fma_medium,fma_medium/135/135703.mp3,30.014694,44100,0.007346999999999326,development,,False
direct_band_500x500_20260815,fbfe81778eb91c20,0,fma_medium,fma_medium/139/139521.mp3,30.014694,44100,0.007346999999999326,development,,False
direct_band_500x500_20260815,fc0a464f096ac01a,0,fma_medium,fma_medium/044/044204.mp3,30.014694,44100,0.007346999999999326,development,,False
direct_band_500x500_20260815,fc28ed314ced855d,0,fma_medium,fma_medium/137/137422.mp3,30.014694,44100,0.007346999999999326,locked_test,,False
direct_band_500x500_20260815,fc6fb00a9853f92f,0,fma_medium,fma_medium/132/132907.mp3,30.014694,44100,0.007346999999999326,development,,False
direct_band_500x500_20260815,fda25286dd99ca18,0,fma_medium,fma_medium/126/126520.mp3,30.014694,44100,0.007346999999999326,development,,False
direct_band_500x500_20260815,feb02f0312f9d5ac,0,fma_medium,fma_medium/141/141857.mp3,30.014694,44100,0.007346999999999326,development,,False
direct_band_500x500_20260815,fee1d1b14cb3fbb7,0,fma_medium,fma_medium/117/117966.mp3,30.014694,44100,0.007346999999999326,development,,False
direct_band_500x500_20260815,ff28a486c67119e4,0,fma_medium,fma_medium/005/005026.mp3,30.014694,44100,0.007346999999999326,development,,False
direct_band_500x500_20260815,ffa3eb875fa296a0,0,fma_medium,fma_medium/025/025364.mp3,30.0,48000,0.0,development,,False
direct_band_500x500_20260815,ffd394637b2bbb48,0,fma_medium,fma_medium/074/074378.mp3,30.014694,44100,0.007346999999999326,locked_test,,False
direct_band_500x500_20260815,ffe3be17181c3bc7,0,fma_medium,fma_medium/074/074386.mp3,30.014694,44100,0.007346999999999326,development,,False
direct_band_500x500_20260815,fff7f25b8703ad6f,0,fma_medium,fma_medium/091/091161.mp3,30.014694,44100,0.007346999999999326,development,,False
direct_band_500x500_20260815,02db49220afe3195,1,humair_suno,humair025-suno-audio-mp3/batch_11/047e4b97-d656-424e-9516-d31af9fa3d24.mp3,240.0,48000,105.0,development,,False
direct_band_500x500_20260815,033dc40829db4b46,1,humair_suno,humair025-suno-audio-mp3/batch_16/0682405a-fcf1-4b92-80d2-1f8d49e76be5.mp3,166.84,48000,68.42,development,,False
direct_band_500x500_20260815,0483f5d0856b5328,1,humair_suno,humair025-suno-audio-mp3/batch_10/0434f3f0-52a8-4f6b-bb41-dab6372fc35d.mp3,177.72,48000,73.86,development,,False
direct_band_500x500_20260815,04edc14433f18156,1,humair_suno,humair025-suno-audio-mp3/batch_14/056ccc3d-2545-4a20-ba5c-043e959e7cfb.mp3,166.68,48000,68.34,locked_test,,False
direct_band_500x500_20260815,059f07040649934c,1,humair_suno,humair025-suno-audio-mp3/batch_0/00396cb9-1a6e-4570-a1de-4e1a06e462ef.mp3,216.0,48000,93.0,development,,False
direct_band_500x500_20260815,0609ed47af961586,1,humair_suno,humair025-suno-audio-mp3/batch_13/05428b43-7c6a-42ac-91bb-ba1564a63ae5.mp3,149.24,48000,59.620000000000005,development,,False
direct_band_500x500_20260815,07186fbd95b53581,1,humair_suno,humair025-suno-audio-mp3/batch_1/00a4758b-67fb-46da-ad6c-8b02391dadc6.mp3,208.68,48000,89.34,development,,False
direct_band_500x500_20260815,086fd0ba42dabf37,1,humair_suno,humair025-suno-audio-mp3/batch_16/066f4da5-c386-41d7-a345-180660bc5dde.mp3,133.76,48000,51.879999999999995,development,,False
direct_band_500x500_20260815,09adf2597a3bfa1a,1,humair_suno,humair025-suno-audio-mp3/batch_13/055930b0-748b-4505-83ed-e2b51dee8e86.mp3,195.999977,44100,82.9999885,development,,False
direct_band_500x500_20260815,09ba889f0e4dc521,1,humair_suno,humair025-suno-audio-mp3/batch_0/0036d4d7-1eae-4721-98c0-c4d0eb6f8f1f.mp3,152.4,48000,61.2,development,,False
direct_band_500x500_20260815,0a4a6c182363b2d8,1,humair_suno,humair025-suno-audio-mp3/batch_17/06b2d0ef-090c-4045-a341-2ff7f790c54e.mp3,102.68,48000,36.34,development,,False
direct_band_500x500_20260815,0bc194256a7c5cfa,1,humair_suno,humair025-suno-audio-mp3/batch_16/0668f6df-5555-49e8-b4f2-4f339faab7c0.mp3,240.0,48000,105.0,development,,False
direct_band_500x500_20260815,10fba3aaa5f80855,1,humair_suno,humair025-suno-audio-mp3/batch_10/04390779-acf3-4c91-a2de-09175e9d89f2.mp3,167.44,48000,68.72,development,,False
direct_band_500x500_20260815,136babb9388d7711,1,humair_suno,humair025-suno-audio-mp3/batch_0/0057d3da-4356-4f86-a711-c493c543c526.mp3,154.64,48000,62.31999999999999,development,,False
direct_band_500x500_20260815,144abee78d73f795,1,humair_suno,humair025-suno-audio-mp3/batch_0/004b76d6-9961-49f7-8fde-9232810df13e.mp3,177.0,48000,73.5,development,,False
direct_band_500x500_20260815,152de32f36000673,1,humair_suno,humair025-suno-audio-mp3/batch_13/051e025d-4fd7-4b96-a8ba-c2b05fcf2d21.mp3,173.76,48000,71.88,locked_test,,False
direct_band_500x500_20260815,17db3ca84b66c177,1,humair_suno,humair025-suno-audio-mp3/batch_12/04f4b0a5-a62b-4d9a-a3e2-f2acf9c957a3.mp3,130.48,48000,50.239999999999995,development,,False
direct_band_500x500_20260815,18012a45df959455,1,humair_suno,humair025-suno-audio-mp3/batch_14/05939f03-56c6-4e53-b577-2f2f739d772e.mp3,64.24,48000,17.119999999999997,development,,False
direct_band_500x500_20260815,182a057435a3895d,1,humair_suno,humair025-suno-audio-mp3/batch_11/04762988-79c0-44b7-9cac-55523dee5600.mp3,169.52,48000,69.76,locked_test,,False
direct_band_500x500_20260815,18a4bb0ed6826214,1,humair_suno,humair025-suno-audio-mp3/batch_13/05161364-c997-4aa3-ab41-d7692547dad0.mp3,220.2,48000,95.1,development,,False
direct_band_500x500_20260815,18c23dd7f74e04c2,1,humair_suno,humair025-suno-audio-mp3/batch_14/056cd57e-dec8-460f-9e96-4c5934a9d69b.mp3,138.16,48000,54.08,locked_test,,False
direct_band_500x500_20260815,19a6c00aa4a3fa54,1,humair_suno,humair025-suno-audio-mp3/batch_17/06c59de0-a98b-4e9e-b054-f14b3950ccf0.mp3,211.96,48000,90.98,development,,False
direct_band_500x500_20260815,19e923de4a3568f9,1,humair_suno,humair025-suno-audio-mp3/batch_12/04eba6ac-c536-4a25-9e7c-2de5fd58e981.mp3,240.0,48000,105.0,development,,False
direct_band_500x500_20260815,1a2a31746746632e,1,humair_suno,humair025-suno-audio-mp3/batch_1/00beee84-4b36-4d52-9d3b-8c9b84986724.mp3,176.56,48000,73.28,development,,False
direct_band_500x500_20260815,1a2a63f8c603df45,1,humair_suno,humair025-suno-audio-mp3/batch_13/050dd81e-fed9-4c32-bfa1-4605e2c835d9.mp3,130.88,48000,50.44,development,,False
direct_band_500x500_20260815,1b8bc8ef075842be,1,humair_suno,humair025-suno-audio-mp3/batch_0/00290283-be64-4b27-86ee-5f6adad6eb3e.mp3,63.88,48000,16.94,development,,False
direct_band_500x500_20260815,1c283d216c47bb51,1,humair_suno,humair025-suno-audio-mp3/batch_16/0672df2c-9627-472d-b8f8-89c38e84a3e5.mp3,184.68,48000,77.34,development,,False
direct_band_500x500_20260815,1c2990e75b383ddc,1,humair_suno,humair025-suno-audio-mp3/batch_0/004f1348-c604-4806-b333-bbdad0b62a17.mp3,157.68,48000,63.84,development,,False
direct_band_500x500_20260815,1d08313e74204509,1,humair_suno,humair025-suno-audio-mp3/batch_12/04c2987a-65d1-4da7-a5cd-7e0fc33815e4.mp3,404.599979,48000,187.2999895,development,,False
direct_band_500x500_20260815,1d11bffb2b01565e,1,humair_suno,humair025-suno-audio-mp3/batch_12/04c8946f-72b5-417b-8ad6-8bbdb97e6595.mp3,240.0,48000,105.0,development,,False
direct_band_500x500_20260815,1db07405bd41a8e4,1,humair_suno,humair025-suno-audio-mp3/batch_17/06af917c-5e1b-4475-b28a-c90b589f2e05.mp3,207.96,48000,88.98,development,,False
direct_band_500x500_20260815,20a692611666dfcd,1,humair_suno,humair025-suno-audio-mp3/batch_11/045db990-0f8a-4cea-9923-867c66516d50.mp3,654.999979,48000,312.4999895,development,,False
direct_band_500x500_20260815,20dc158503b263d2,1,humair_suno,humair025-suno-audio-mp3/batch_1/006c0fa9-4818-47fa-a045-e05eca49cc07.mp3,207.0,48000,88.5,locked_test,,False
direct_band_500x500_20260815,26123b3eaa07785b,1,humair_suno,humair025-suno-audio-mp3/batch_16/063c3a33-d77c-4907-83dd-305e2e6d540a.mp3,153.52,48000,61.760000000000005,locked_test,,False
direct_band_500x500_20260815,263481e74f9c96fb,1,humair_suno,humair025-suno-audio-mp3/batch_11/049220c7-503b-4361-94c1-32b01e7d34ef.mp3,160.28,48000,65.14,development,,False
direct_band_500x500_20260815,26e5becc3a4e5f97,1,humair_suno,humair025-suno-audio-mp3/batch_10/04268eb7-f334-486b-ab2f-180ea95eeed7.mp3,187.959979,48000,78.9799895,development,,False
direct_band_500x500_20260815,28358d5c94aed2d7,1,humair_suno,humair025-suno-audio-mp3/batch_17/06a804b6-c15e-43fc-8496-b3863c90d288.mp3,138.72,48000,54.36,development,,False
direct_band_500x500_20260815,2872d08c01e89604,1,humair_suno,humair025-suno-audio-mp3/batch_1/009cd958-78b0-440d-9d80-d421ec270cad.mp3,170.16,48000,70.08,development,,False
direct_band_500x500_20260815,28fa8f2e3b66c337,1,humair_suno,humair025-suno-audio-mp3/batch_16/0677d6b1-147a-4a41-a781-6d97f13ea94b.mp3,165.08,48000,67.54,locked_test,,False
direct_band_500x500_20260815,29b0511ae2ab79e8,1,humair_suno,humair025-suno-audio-mp3/batch_0/005645d4-0e61-4b0c-8bec-34406a93a01f.mp3,239.0,48000,104.5,development,,False
direct_band_500x500_20260815,29f9ccdc25cd9122,1,humair_suno,humair025-suno-audio-mp3/batch_1/0084bd07-26f8-417e-b188-225e095068ce.mp3,175.68,48000,72.84,development,,False
direct_band_500x500_20260815,2abcb235b0120f94,1,humair_suno,humair025-suno-audio-mp3/batch_16/063b12c7-ff2f-43ca-b41c-8a6280fab569.mp3,124.72,48000,47.36,development,,False
direct_band_500x500_20260815,2af044321b79f217,1,humair_suno,humair025-suno-audio-mp3/batch_11/048a9809-28d7-4874-a07a-5f9145191da4.mp3,134.28,48000,52.14,development,,False
direct_band_500x500_20260815,2b2d6132ca42bb2f,1,humair_suno,humair025-suno-audio-mp3/batch_12/05026049-3b46-4f0a-8491-111e4ab1018b.mp3,164.0,48000,67.0,development,,False
direct_band_500x500_20260815,2b9c7cbbf14562ba,1,humair_suno,humair025-suno-audio-mp3/batch_1/0060be33-3fa8-4ef2-8427-08b6d4bfac93.mp3,188.4,48000,79.2,development,,False
direct_band_500x500_20260815,2cccdc5dca128fe5,1,humair_suno,humair025-suno-audio-mp3/batch_0/000f19d7-7edf-4fe9-a45f-c82c95162d64.mp3,203.64,48000,86.82,development,,False
direct_band_500x500_20260815,2cff478177049993,1,humair_suno,humair025-suno-audio-mp3/batch_12/04d0f844-ecf6-4b68-8a7b-ac97d1c6de2e.mp3,158.96,48000,64.48,development,,False
direct_band_500x500_20260815,2d9e55152457a8d4,1,humair_suno,humair025-suno-audio-mp3/batch_11/044d8f5e-4005-4139-8269-f543cf7d3123.mp3,105.4,48000,37.7,development,,False
direct_band_500x500_20260815,2f9c5bc65ee0fc85,1,humair_suno,humair025-suno-audio-mp3/batch_0/001ed2dd-1cc5-4ab0-bc31-a51b8a625913.mp3,157.0,48000,63.5,development,,False
direct_band_500x500_20260815,312a3121e32804ab,1,humair_suno,humair025-suno-audio-mp3/batch_10/0420031e-7595-4eb1-aca5-63015bb963ea.mp3,187.36,48000,78.68,locked_test,,False
direct_band_500x500_20260815,318f0d9ccc13b7aa,1,humair_suno,humair025-suno-audio-mp3/batch_12/04c57e3d-b254-4b24-9df3-bafe70e21dee.mp3,171.36,48000,70.68,development,,False
direct_band_500x500_20260815,31f11ba963bb79f7,1,humair_suno,humair025-suno-audio-mp3/batch_12/04f6bc6a-bfd4-4cb6-9f9f-e6643bf8aa66.mp3,178.48,48000,74.24,development,,False
direct_band_500x500_20260815,3320421ad4385efa,1,humair_suno,humair025-suno-audio-mp3/batch_12/04fad8c6-76e9-454e-808f-370c5d75303a.mp3,213.0,48000,91.5,development,,False
direct_band_500x500_20260815,34276495a30c6bee,1,humair_suno,humair025-suno-audio-mp3/batch_12/04d1839a-7e4a-40c6-94b9-aafe9599389d.mp3,190.0,48000,80.0,development,,False
direct_band_500x500_20260815,343af0bbf1988095,1,humair_suno,humair025-suno-audio-mp3/batch_11/0472db27-ce66-4e78-b666-58f975935e02.mp3,196.52,48000,83.26,development,,False
direct_band_500x500_20260815,3503e6af97f544ea,1,humair_suno,humair025-suno-audio-mp3/batch_12/04b8d9de-6e10-4e95-90a0-07356410126b.mp3,198.88,48000,84.44,development,,False
direct_band_500x500_20260815,35067abc3ef97f68,1,humair_suno,humair025-suno-audio-mp3/batch_11/04820082-ba0d-41bb-9a0d-b3ab2860e34d.mp3,240.0,48000,105.0,locked_test,,False
direct_band_500x500_20260815,35aa05ea2dae15ec,1,humair_suno,humair025-suno-audio-mp3/batch_13/055da3e4-b494-4308-8672-8894b73b0496.mp3,196.32,48000,83.16,development,,False
direct_band_500x500_20260815,37dc6a153fad8d1a,1,humair_suno,humair025-suno-audio-mp3/batch_13/054cb5c5-b362-4ce6-a53e-253570f75cb2.mp3,192.48,48000,81.24,development,,False
direct_band_500x500_20260815,38e9856e17f4a4c1,1,humair_suno,humair025-suno-audio-mp3/batch_13/05627442-6d12-45c8-85a2-f45297b9b273.mp3,157.92,48000,63.959999999999994,locked_test,,False
direct_band_500x500_20260815,3b3c4d7981b2cb1f,1,humair_suno,humair025-suno-audio-mp3/batch_13/052c71f1-5a39-4b4a-be34-86f11834665a.mp3,205.48,48000,87.74,locked_test,,False
direct_band_500x500_20260815,3b98fb8107dec899,1,humair_suno,humair025-suno-audio-mp3/batch_17/06addd99-f81a-4394-9fb2-3321acfd2952.mp3,145.48,48000,57.739999999999995,development,,False
direct_band_500x500_20260815,3c1f1d3b3850274d,1,humair_suno,humair025-suno-audio-mp3/batch_17/069bf5d2-f022-4fb4-b798-9ad6ade180b2.mp3,131.04,48000,50.519999999999996,development,,False
direct_band_500x500_20260815,3c4569b890d85e3a,1,humair_suno,humair025-suno-audio-mp3/batch_10/041c8b6f-96ba-498d-b3b6-3ed25c2913b6.mp3,130.68,48000,50.34,development,,False
direct_band_500x500_20260815,3c5137e99d6036b7,1,humair_suno,humair025-suno-audio-mp3/batch_1/00b0ef49-1cc6-4691-a893-94948ab5f0f3.mp3,231.679979,48000,100.8399895,development,,False
direct_band_500x500_20260815,3d07b838f88cd5aa,1,humair_suno,humair025-suno-audio-mp3/batch_10/04061f36-e9ed-4a79-aeff-0da24f940429.mp3,224.52,48000,97.26,development,,False
direct_band_500x500_20260815,3e9371dbc1664bb7,1,humair_suno,humair025-suno-audio-mp3/batch_12/04e2a544-0a4e-4e1c-aed7-4a60fff9da16.mp3,140.92,48000,55.459999999999994,development,,False
direct_band_500x500_20260815,3f3a4f7ebe58eb23,1,humair_suno,humair025-suno-audio-mp3/batch_1/00692f07-2ac2-4a08-a2b5-1c6c42b5215c.mp3,164.12,48000,67.06,development,,False
direct_band_500x500_20260815,4057bac14aa84772,1,humair_suno,humair025-suno-audio-mp3/batch_0/0008fff6-356b-48aa-9486-10da0d2efe16.mp3,148.96,48000,59.480000000000004,locked_test,,False
direct_band_500x500_20260815,438cdca91cd32265,1,humair_suno,humair025-suno-audio-mp3/batch_16/0654f2f4-496c-428c-835d-9e6c7ec1b04e.mp3,148.6,48000,59.3,locked_test,,False
direct_band_500x500_20260815,454ada14a99e938c,1,humair_suno,humair025-suno-audio-mp3/batch_14/058bb90f-98a3-440c-a9ee-84cd0d6a9f0a.mp3,178.68,48000,74.34,development,,False
direct_band_500x500_20260815,4556dbf87de66291,1,humair_suno,humair025-suno-audio-mp3/batch_17/06ba0f83-e809-4143-8844-2dedda5e4ce7.mp3,203.0,48000,86.5,locked_test,,False
direct_band_500x500_20260815,4c331b3d0440fd3e,1,humair_suno,humair025-suno-audio-mp3/batch_1/00641129-16c0-4f7f-a8f5-5126380c5329.mp3,165.08,48000,67.54,development,,False
direct_band_500x500_20260815,4d29c7c9f368b9ef,1,humair_suno,humair025-suno-audio-mp3/batch_10/042aee58-7795-4bae-8880-9fecdd26bb6c.mp3,104.48,48000,37.24,development,,False
direct_band_500x500_20260815,4d34bd5d2dbf28c5,1,humair_suno,humair025-suno-audio-mp3/batch_17/06b47688-289e-4361-a9cb-d74ad78be24a.mp3,147.48,48000,58.739999999999995,locked_test,,False
direct_band_500x500_20260815,4d67f4e24c4924af,1,humair_suno,humair025-suno-audio-mp3/batch_11/04948e71-5786-4583-9f69-3021c0394e62.mp3,166.6,48000,68.3,locked_test,,False
direct_band_500x500_20260815,4ff271271ed23f1e,1,humair_suno,humair025-suno-audio-mp3/batch_11/0474992d-51eb-4bed-bc2e-b10223c51173.mp3,357.759979,48000,163.8799895,development,,False
direct_band_500x500_20260815,51fee96fea090e23,1,humair_suno,humair025-suno-audio-mp3/batch_14/05872fc5-7995-4dba-b2db-c487d51d8267.mp3,240.0,48000,105.0,development,,False
direct_band_500x500_20260815,53290bf3a110b301,1,humair_suno,humair025-suno-audio-mp3/batch_16/0643d322-7281-4000-97e6-58de8460e756.mp3,103.76,48000,36.88,development,,False
direct_band_500x500_20260815,538a02df5e87af4e,1,humair_suno,humair025-suno-audio-mp3/batch_13/0512afb0-bcd1-437c-8f63-85860d55ecc7.mp3,148.84,48000,59.42,development,,False
direct_band_500x500_20260815,54cfafb6f8fb7c49,1,humair_suno,humair025-suno-audio-mp3/batch_12/04e91614-23ae-40b8-b1cc-993eb125aac5.mp3,129.8,48000,49.900000000000006,development,,False
direct_band_500x500_20260815,56db174c0389ef06,1,humair_suno,humair025-suno-audio-mp3/batch_13/0539994c-078f-4ae7-85ac-c589937fbb5e.mp3,174.08,48000,72.04,development,,False
direct_band_500x500_20260815,56fffde9355daa6e,1,humair_suno,humair025-suno-audio-mp3/batch_14/056ba3fc-887e-4f60-ae67-9d2ae0319c3b.mp3,193.24,48000,81.62,development,,False
direct_band_500x500_20260815,5758d9aa5412e565,1,humair_suno,humair025-suno-audio-mp3/batch_12/04f6329d-83ff-465e-9533-4a6e71f7e90d.mp3,120.2,48000,45.1,development,,False
direct_band_500x500_20260815,57f836c1a26b50ab,1,humair_suno,humair025-suno-audio-mp3/batch_11/048f8f8a-225c-4281-a5cf-6e878feb02c0.mp3,1679.824,48000,824.912,locked_test,,False
direct_band_500x500_20260815,58fd24c2f68cfa6f,1,humair_suno,humair025-suno-audio-mp3/batch_11/045d0659-d5b2-4591-a3c4-f4e523b5b09f.mp3,239.0,48000,104.5,development,,False
direct_band_500x500_20260815,5a7ce363709b27a0,1,humair_suno,humair025-suno-audio-mp3/batch_0/002bd34a-6376-43ba-a92e-02200a86cdf4.mp3,240.0,48000,105.0,development,,False
direct_band_500x500_20260815,5e0553a22cc0aaf4,1,humair_suno,humair025-suno-audio-mp3/batch_0/000ccb25-064f-43c1-afbb-0c203ec0f89a.mp3,239.08,48000,104.54,development,,False
direct_band_500x500_20260815,606dbd208faca5ef,1,humair_suno,humair025-suno-audio-mp3/batch_1/00889555-a33e-4475-b77f-db87037d4d7a.mp3,300.039979,48000,135.0199895,development,,False
direct_band_500x500_20260815,62f847798616ebe8,1,humair_suno,humair025-suno-audio-mp3/batch_16/0658fc56-bf35-40c5-bf53-1002a539b585.mp3,159.0,48000,64.5,development,,False
direct_band_500x500_20260815,63496380dc8ffffc,1,humair_suno,humair025-suno-audio-mp3/batch_13/0549f686-3553-4447-9e13-5e321e2ef89b.mp3,240.0,48000,105.0,development,,False
direct_band_500x500_20260815,63be33c2bb095174,1,humair_suno,humair025-suno-audio-mp3/batch_1/00bfd5cb-b145-4baf-80ea-fcfad859f677.mp3,151.0,48000,60.5,development,,False
direct_band_500x500_20260815,65edc7c63935f741,1,humair_suno,humair025-suno-audio-mp3/batch_17/06c940fb-64b0-470b-bb83-f3a81e1ef3fb.mp3,124.48,48000,47.24,development,,False
direct_band_500x500_20260815,6646de5bc624ae60,1,humair_suno,humair025-suno-audio-mp3/batch_11/045f8ed7-7b07-4290-936b-f6d77e0997e8.mp3,180.6,48000,75.3,development,,False
direct_band_500x500_20260815,6661bbbfd607fcec,1,humair_suno,humair025-suno-audio-mp3/batch_16/065305f5-5b4d-484c-b0a6-2cf7bbe702fc.mp3,142.6,48000,56.3,development,,False
direct_band_500x500_20260815,67c45c95b036d8e7,1,humair_suno,humair025-suno-audio-mp3/batch_0/0049f24f-554a-48c0-91af-cf5f8e5d68f3.mp3,173.0,48000,71.5,development,,False
direct_band_500x500_20260815,67d240ce470a75a1,1,humair_suno,humair025-suno-audio-mp3/batch_0/003dc8a7-3c52-4dd0-89ea-58531277486d.mp3,240.0,48000,105.0,development,,False
direct_band_500x500_20260815,680448ce2f9caa94,1,humair_suno,humair025-suno-audio-mp3/batch_0/004f879c-6faf-437b-8577-7e22cf3b77d1.mp3,237.0,48000,103.5,development,,False
direct_band_500x500_20260815,6a03d489df449961,1,humair_suno,humair025-suno-audio-mp3/batch_12/04dad17a-5104-438e-aae9-5d3f9332395b.mp3,211.16,48000,90.58,development,,False
direct_band_500x500_20260815,6ac6fbc14c9507c3,1,humair_suno,humair025-suno-audio-mp3/batch_16/065104ac-72b9-4e0a-8960-08757d0d8c3d.mp3,230.88,48000,100.44,development,,False
direct_band_500x500_20260815,6b585afa0b6da984,1,humair_suno,humair025-suno-audio-mp3/batch_16/0671a685-0743-49fb-a843-8e5300059cf1.mp3,238.04,48000,104.02,development,,False
direct_band_500x500_20260815,6c3a4b33b508a148,1,humair_suno,humair025-suno-audio-mp3/batch_11/048e7a97-0f10-476b-a6a5-b9a84fd3ae3d.mp3,96.4,48000,33.2,development,,False
direct_band_500x500_20260815,6c5492e4d30b1060,1,humair_suno,humair025-suno-audio-mp3/batch_10/041b85b6-b60b-4531-bf20-0135ebf334b8.mp3,156.28,48000,63.14,locked_test,,False
direct_band_500x500_20260815,6dfbb9342808ea99,1,humair_suno,humair025-suno-audio-mp3/batch_12/04f8a033-e7c7-4365-8d4a-abd4be2e550a.mp3,110.24,48000,40.12,development,,False
direct_band_500x500_20260815,7047bb9900420682,1,humair_suno,humair025-suno-audio-mp3/batch_10/03efbe14-70ab-4211-91d5-cf98bfb0cc75.mp3,176.92,48000,73.46,locked_test,,False
direct_band_500x500_20260815,71d4cfd7c5465ef2,1,humair_suno,humair025-suno-audio-mp3/batch_16/066cb75b-e1fd-4e71-9365-09f47306983c.mp3,202.52,48000,86.26,development,,False
direct_band_500x500_20260815,7231b9bc1cb5545f,1,humair_suno,humair025-suno-audio-mp3/batch_0/004234e0-74bb-4380-85c5-238ff4624dcd.mp3,98.72,48000,34.36,development,,False
direct_band_500x500_20260815,7257973de26fa708,1,humair_suno,humair025-suno-audio-mp3/batch_0/003e5528-1ca5-4bce-af80-3cafb7d71867.mp3,176.92,48000,73.46,development,,False
direct_band_500x500_20260815,738504d1bd7cabd5,1,humair_suno,humair025-suno-audio-mp3/batch_10/04160a0e-78c3-4573-8ff8-1d4a9380468b.mp3,199.44,48000,84.72,development,,False
direct_band_500x500_20260815,74f3915e54f5100d,1,humair_suno,humair025-suno-audio-mp3/batch_11/04545a9b-3c8d-4783-b513-dd0f1e8df82f.mp3,240.0,48000,105.0,development,,False
direct_band_500x500_20260815,75d05749833c9ebc,1,humair_suno,humair025-suno-audio-mp3/batch_12/04bd5598-942d-43a9-bc32-b33f764be8df.mp3,138.96,48000,54.480000000000004,development,,False
direct_band_500x500_20260815,765fbddac7337d81,1,humair_suno,humair025-suno-audio-mp3/batch_1/00b355f5-45e2-4076-9960-2b4beaf59b59.mp3,151.8,48000,60.900000000000006,development,,False
direct_band_500x500_20260815,7698fc655317d384,1,humair_suno,humair025-suno-audio-mp3/batch_13/0524707e-962f-485b-b336-e92f6100f27b.mp3,145.4,48000,57.7,locked_test,,False
direct_band_500x500_20260815,76a127b24991ad7e,1,humair_suno,humair025-suno-audio-mp3/batch_0/00487636-c116-4f73-bced-93d0b605c31b.mp3,321.399979,48000,145.6999895,locked_test,,False
direct_band_500x500_20260815,77be477b092015a3,1,humair_suno,humair025-suno-audio-mp3/batch_13/0547825a-b816-4e58-8c35-0dc7c4529603.mp3,220.72,48000,95.36,locked_test,,False
direct_band_500x500_20260815,789c4c59af087632,1,humair_suno,humair025-suno-audio-mp3/batch_14/0589c7a5-9480-4fa2-b162-c91358dae929.mp3,134.96,48000,52.480000000000004,development,,False
direct_band_500x500_20260815,78c5fc2bcc5387f0,1,humair_suno,humair025-suno-audio-mp3/batch_12/04b1c529-65c6-4a51-9199-644eb1f94693.mp3,128.24,48000,49.120000000000005,development,,False
direct_band_500x500_20260815,78e5246c955c2802,1,humair_suno,humair025-suno-audio-mp3/batch_1/009e4275-4f25-4814-a0fa-427520e04802.mp3,151.56,48000,60.78,development,,False
direct_band_500x500_20260815,79645399c21f2431,1,humair_suno,humair025-suno-audio-mp3/batch_11/04700f4f-322c-4e7a-ad5d-730d0782213b.mp3,164.08,48000,67.04,development,,False
direct_band_500x500_20260815,7a98f1d5a24be883,1,humair_suno,humair025-suno-audio-mp3/batch_0/00015ac6-aee2-4a04-a25c-7c3e665392fc.mp3,240.0,48000,105.0,development,,False
direct_band_500x500_20260815,7bd72d9b62174bb7,1,humair_suno,humair025-suno-audio-mp3/batch_14/057a20d6-c13f-4db5-85bc-b3ab5bdbd89b.mp3,168.8,48000,69.4,development,,False
direct_band_500x500_20260815,7ecf39f3227fe44e,1,humair_suno,humair025-suno-audio-mp3/batch_12/04cc8466-8403-4419-a585-bac56c6c5a57.mp3,138.64,48000,54.31999999999999,development,,False
direct_band_500x500_20260815,800df1d25ce03553,1,humair_suno,humair025-suno-audio-mp3/batch_17/06bf30ac-4532-4c55-bde6-8b7fb3974d23.mp3,240.0,48000,105.0,development,,False
direct_band_500x500_20260815,81b99b2e56edda67,1,humair_suno,humair025-suno-audio-mp3/batch_12/04b9b41e-4232-41fe-b91c-46f3c67a03d3.mp3,177.8,48000,73.9,locked_test,,False
direct_band_500x500_20260815,8222d8be90f688f0,1,humair_suno,humair025-suno-audio-mp3/batch_11/0484b1ee-01e5-47a1-875d-122d95664f11.mp3,236.4,48000,103.2,development,,False
direct_band_500x500_20260815,837749fc68033edc,1,humair_suno,humair025-suno-audio-mp3/batch_17/06bdd2ee-4d41-47dd-bdd9-aeb00d9fbac5.mp3,98.72,48000,34.36,development,,False
direct_band_500x500_20260815,845bd32d408ed6a1,1,humair_suno,humair025-suno-audio-mp3/batch_17/06b1cc80-6a01-49e9-a7fb-063c3504dba5.mp3,172.96,48000,71.48,development,,False
direct_band_500x500_20260815,858a1c6e95ab316e,1,humair_suno,humair025-suno-audio-mp3/batch_13/050bcd7e-aa27-4fac-a1c5-867845b9cb31.mp3,213.56,48000,91.78,development,,False
direct_band_500x500_20260815,87b774e0ccd01680,1,humair_suno,humair025-suno-audio-mp3/batch_10/04208570-a6b8-4fbf-9f82-23126e90f66e.mp3,196.879979,48000,83.4399895,development,,False
direct_band_500x500_20260815,885e34fb8fc9767d,1,humair_suno,humair025-suno-audio-mp3/batch_12/050099ef-ce83-47ec-a8ba-cee5fdd6ed77.mp3,150.4,48000,60.2,development,,False
direct_band_500x500_20260815,88f64810b9514006,1,humair_suno,humair025-suno-audio-mp3/batch_10/0424d746-6c2b-4b01-a9ef-0ba0b629a3c4.mp3,237.48,48000,103.74,locked_test,,False
direct_band_500x500_20260815,8a7e3a7b71d08e5d,1,humair_suno,humair025-suno-audio-mp3/batch_17/069b0e18-2da5-4eda-a946-db9410e60e45.mp3,240.0,48000,105.0,locked_test,,False
direct_band_500x500_20260815,8b6abfcd79127133,1,humair_suno,humair025-suno-audio-mp3/batch_16/066885d1-a876-4263-a3f3-55f16f48ab49.mp3,149.4,48000,59.7,locked_test,,False
direct_band_500x500_20260815,8bb34ad6d9d9d68a,1,humair_suno,humair025-suno-audio-mp3/batch_1/007fadc6-4816-4ca7-97ce-662dc82ef6a6.mp3,244.999979,48000,107.4999895,development,,False
direct_band_500x500_20260815,8c167dca4308215a,1,humair_suno,humair025-suno-audio-mp3/batch_13/05187aa7-bdcc-4716-9beb-65fc9ba21b60.mp3,141.32,48000,55.66,development,,False
direct_band_500x500_20260815,8e07601f1ccdb87c,1,humair_suno,humair025-suno-audio-mp3/batch_1/007c4bd5-540e-41c0-8c67-afe77125251e.mp3,159.92,48000,64.96,development,,False
direct_band_500x500_20260815,8ff885582d3feb61,1,humair_suno,humair025-suno-audio-mp3/batch_12/04adfc88-dcfb-4cba-b70e-a5742a0eb850.mp3,158.6,48000,64.3,development,,False
direct_band_500x500_20260815,916631923026823b,1,humair_suno,humair025-suno-audio-mp3/batch_1/00968617-5f8a-4c43-b364-aa3111745da5.mp3,234.56,48000,102.28,locked_test,,False
direct_band_500x500_20260815,9208b203780c08c8,1,humair_suno,humair025-suno-audio-mp3/batch_13/053414e9-b005-4304-baf1-4ce8a4ef2f37.mp3,31.0,48000,0.5,development,,False
direct_band_500x500_20260815,94dcb51b17f9773d,1,humair_suno,humair025-suno-audio-mp3/batch_14/05951a1e-5f4b-4e5b-84ef-cf5b0c403cd2.mp3,158.68,48000,64.34,locked_test,,False
direct_band_500x500_20260815,9527680021b04146,1,humair_suno,humair025-suno-audio-mp3/batch_13/052c539a-128b-4c42-b9a1-ea869cb16375.mp3,161.32,48000,65.66,development,,False
direct_band_500x500_20260815,973951cc5a15424d,1,humair_suno,humair025-suno-audio-mp3/batch_10/043fdfdb-68d8-4596-94a4-1170de390547.mp3,240.0,48000,105.0,development,,False
direct_band_500x500_20260815,97959b3e243aacc2,1,humair_suno,humair025-suno-audio-mp3/batch_0/0029dfa3-2e6f-43e8-a760-d3a384d21548.mp3,158.6,48000,64.3,development,,False
direct_band_500x500_20260815,97f75f0dcc2a9c06,1,humair_suno,humair025-suno-audio-mp3/batch_0/00062939-1e72-428a-ad2c-fc3871584bfa.mp3,240.0,48000,105.0,development,,False
direct_band_500x500_20260815,9adcf080cac737cc,1,humair_suno,humair025-suno-audio-mp3/batch_17/06a1b0a3-ad34-4222-9aaa-59f4bd38d632.mp3,198.4,48000,84.2,development,,False
direct_band_500x500_20260815,9afb134d89f43738,1,humair_suno,humair025-suno-audio-mp3/batch_11/044ec347-84ba-4436-b6a7-002cefe06615.mp3,215.64,48000,92.82,development,,False
direct_band_500x500_20260815,9b948230bd8b00c2,1,humair_suno,humair025-suno-audio-mp3/batch_0/0040b1e8-823a-4d88-ad42-edc4b6c3498d.mp3,164.6,48000,67.3,development,,False
direct_band_500x500_20260815,9c1200e7a52c7585,1,humair_suno,humair025-suno-audio-mp3/batch_11/04999d21-0fb2-4377-8b28-5874275dba1b.mp3,201.999979,48000,85.9999895,development,,False
direct_band_500x500_20260815,9c9cc41a3ceadec7,1,humair_suno,humair025-suno-audio-mp3/batch_1/00a3dcd4-972d-4b3d-9194-e16e77aea800.mp3,83.28,48000,26.64,development,,False
direct_band_500x500_20260815,9d3e253e21d34aa2,1,humair_suno,humair025-suno-audio-mp3/batch_10/0440010e-ee57-4bec-9d95-df4ddc44ea17.mp3,166.76,48000,68.38,development,,False
direct_band_500x500_20260815,9d7736b2b154b15a,1,humair_suno,humair025-suno-audio-mp3/batch_1/00a1fe6f-3313-43dd-85aa-ed4920d22cb4.mp3,138.88,48000,54.44,development,,False
direct_band_500x500_20260815,9e4cc7b009551a19,1,humair_suno,humair025-suno-audio-mp3/batch_1/0071a93a-ae2f-4320-81f9-ff43c2e03843.mp3,159.0,48000,64.5,development,,False
direct_band_500x500_20260815,9eb2454c3a01a90d,1,humair_suno,humair025-suno-audio-mp3/batch_10/041868fb-a074-4e35-94a5-9185679f2661.mp3,121.44,48000,45.72,development,,False
direct_band_500x500_20260815,9f5c53b0eff942ae,1,humair_suno,humair025-suno-audio-mp3/batch_11/046c4604-af96-44d2-a0fb-6c415e2c0f3e.mp3,196.0,48000,83.0,development,,False
direct_band_500x500_20260815,a220189a85f73f58,1,humair_suno,humair025-suno-audio-mp3/batch_11/04632f27-218c-4153-bfd3-fe574edf4803.mp3,235.96,48000,102.98,development,,False
direct_band_500x500_20260815,a24d88b2f00e55d9,1,humair_suno,humair025-suno-audio-mp3/batch_11/04943e6d-60d2-4b46-bc7c-174c6cd60e98.mp3,159.6,48000,64.8,development,,False
direct_band_500x500_20260815,a33faca410189c6f,1,humair_suno,humair025-suno-audio-mp3/batch_0/003a332b-2539-46f0-9b07-7fea8b89a37f.mp3,196.52,48000,83.26,development,,False
direct_band_500x500_20260815,a48e1e29c5502678,1,humair_suno,humair025-suno-audio-mp3/batch_10/041fe554-bdac-4eae-acc6-1c6adf9e9dc6.mp3,239.0,48000,104.5,development,,False
direct_band_500x500_20260815,a54ded46d667294f,1,humair_suno,humair025-suno-audio-mp3/batch_17/06afcfdd-befa-48fb-acee-0e78f8cefb7e.mp3,160.68,48000,65.34,locked_test,,False
direct_band_500x500_20260815,a64e95ec4ccb144e,1,humair_suno,humair025-suno-audio-mp3/batch_16/06666a9a-8de8-4e4e-a727-1fa1780010d2.mp3,240.0,48000,105.0,locked_test,,False
direct_band_500x500_20260815,a6adc7efe4a28ecc,1,humair_suno,humair025-suno-audio-mp3/batch_13/0555fab4-4d7c-4c81-8ff7-41635316d7ea.mp3,237.48,48000,103.74,development,,False
direct_band_500x500_20260815,a85c16a832010362,1,humair_suno,humair025-suno-audio-mp3/batch_16/06702cca-978c-4d26-8dec-1a43050a720a.mp3,189.4,48000,79.7,development,,False
direct_band_500x500_20260815,a9f72cde95a69f23,1,humair_suno,humair025-suno-audio-mp3/batch_10/03f7bb91-89c3-40e1-9cd3-b7dbfaf28115.mp3,240.0,48000,105.0,development,,False
direct_band_500x500_20260815,aa8e607d0523ae0c,1,humair_suno,humair025-suno-audio-mp3/batch_13/054796a4-4224-43cd-b2fa-5d0bc64c17de.mp3,120.0,48000,45.0,development,,False
direct_band_500x500_20260815,abf941d4ad94a633,1,humair_suno,humair025-suno-audio-mp3/batch_10/03ffd116-ad9a-4667-896e-a249dbe4861e.mp3,187.84,48000,78.92,development,,False
direct_band_500x500_20260815,acbb6e7809648045,1,humair_suno,humair025-suno-audio-mp3/batch_13/0507f94f-5c04-40c7-b46e-44cf7be72e6a.mp3,184.0,48000,77.0,development,,False
direct_band_500x500_20260815,ada9f22d5d1ebed0,1,humair_suno,humair025-suno-audio-mp3/batch_1/009168ea-b71f-4717-bb33-11b4a2758276.mp3,157.12,48000,63.56,development,,False
direct_band_500x500_20260815,adba7953ccbc97be,1,humair_suno,humair025-suno-audio-mp3/batch_14/058af899-8783-4b8f-bc0b-1517330fc84c.mp3,96.52,48000,33.26,locked_test,,False
direct_band_500x500_20260815,ae12488731d1f1c0,1,humair_suno,humair025-suno-audio-mp3/batch_12/04da6d8e-6837-4a66-b43b-5c675cf6e58f.mp3,190.28,48000,80.14,development,,False
direct_band_500x500_20260815,af2ab270b4a82a94,1,humair_suno,humair025-suno-audio-mp3/batch_1/007182c6-4efb-4009-9cbd-4618875d00d4.mp3,119.0,48000,44.5,development,,False
direct_band_500x500_20260815,b311925d9e12a0d1,1,humair_suno,humair025-suno-audio-mp3/batch_11/049115b8-68d6-486f-bec6-755a4dba0fda.mp3,103.96,48000,36.98,locked_test,,False
direct_band_500x500_20260815,b3e94e2c40624458,1,humair_suno,humair025-suno-audio-mp3/batch_17/06c925a6-0468-4b77-bc6c-fd7e9b98fbe0.mp3,142.6,48000,56.3,development,,False
direct_band_500x500_20260815,b52ae2892af723a4,1,humair_suno,humair025-suno-audio-mp3/batch_0/00482d28-4375-42d6-af69-0023fddb675c.mp3,150.999979,48000,60.4999895,development,,False
direct_band_500x500_20260815,b5a66443c979aea1,1,humair_suno,humair025-suno-audio-mp3/batch_0/00207b4a-ebef-4c1b-bfea-6974476b5a31.mp3,94.0,48000,32.0,development,,False
direct_band_500x500_20260815,b7ef1509a4f3671a,1,humair_suno,humair025-suno-audio-mp3/batch_0/0019b274-fb60-4969-a6b8-c51cb5ab8d65.mp3,98.4,48000,34.2,locked_test,,False
direct_band_500x500_20260815,b98e1162aed40f86,1,humair_suno,humair025-suno-audio-mp3/batch_0/0018c05c-ded2-4c95-88f2-f3392749fdb8.mp3,142.88,48000,56.44,development,,False
direct_band_500x500_20260815,bac8d3588b3ee523,1,humair_suno,humair025-suno-audio-mp3/batch_1/006bcb2b-d69a-4ec2-833d-47ff439da9b0.mp3,127.56,48000,48.78,development,,False
direct_band_500x500_20260815,bbaa678e26a27f7a,1,humair_suno,humair025-suno-audio-mp3/batch_13/05170095-b5f5-43ad-bacd-136f29b471b7.mp3,120.28,48000,45.14,development,,False
direct_band_500x500_20260815,bc79b1940b1fea58,1,humair_suno,humair025-suno-audio-mp3/batch_11/049cda5c-f0e3-4e37-89f8-ece576203513.mp3,214.48,48000,92.24,development,,False
direct_band_500x500_20260815,bd2f9c22f6d6df84,1,humair_suno,humair025-suno-audio-mp3/batch_11/0498d2a8-7a36-48e0-93c3-14d10bab22f5.mp3,200.2,48000,85.1,development,,False
direct_band_500x500_20260815,bd7d74791b052ab7,1,humair_suno,humair025-suno-audio-mp3/batch_11/0451dff5-cd2b-4dcc-8c2e-f74103620277.mp3,162.0,48000,66.0,locked_test,,False
direct_band_500x500_20260815,bee1ad92b34df880,1,humair_suno,humair025-suno-audio-mp3/batch_17/06cef4fd-b361-47e5-9fd1-4bc1fbfcf730.mp3,149.399979,48000,59.6999895,development,,False
direct_band_500x500_20260815,bf5dd68706a6c9dc,1,humair_suno,humair025-suno-audio-mp3/batch_10/044252a3-7631-493f-87fb-2e241758bddb.mp3,240.0,48000,105.0,development,,False
direct_band_500x500_20260815,c0bd15ab3081fc4a,1,humair_suno,humair025-suno-audio-mp3/batch_13/0566e217-b1cd-4f2f-bb62-4ad078c386e3.mp3,190.4,48000,80.2,development,,False
direct_band_500x500_20260815,c3d91c7866f2eba6,1,humair_suno,humair025-suno-audio-mp3/batch_11/04481334-629d-474c-a9fc-a5ba83f90e17.mp3,135.16,48000,52.58,development,,False
direct_band_500x500_20260815,c550b0e6c7bf4772,1,humair_suno,humair025-suno-audio-mp3/batch_1/00c0c7b2-827a-40a2-a3df-cf13acc896cc.mp3,339.6,48000,154.8,development,,False
direct_band_500x500_20260815,c6d5003dc5201589,1,humair_suno,humair025-suno-audio-mp3/batch_17/06b27f22-ee92-4b21-add1-ae43aa3d9651.mp3,146.48,48000,58.239999999999995,development,,False
direct_band_500x500_20260815,c717fdff11899df3,1,humair_suno,humair025-suno-audio-mp3/batch_10/041183b1-3e00-4851-8be2-a4039bc23019.mp3,135.8,48000,52.900000000000006,development,,False
direct_band_500x500_20260815,c7484a112390015d,1,humair_suno,humair025-suno-audio-mp3/batch_13/05462f36-f718-4d9d-874f-cfa618fcba76.mp3,203.44,48000,86.72,development,,False
direct_band_500x500_20260815,c84d7cfc620591f4,1,humair_suno,humair025-suno-audio-mp3/batch_10/03f80aef-1963-421b-8461-d11f1e480df6.mp3,95.92,48000,32.96,locked_test,,False
direct_band_500x500_20260815,c97869da8a60f900,1,humair_suno,humair025-suno-audio-mp3/batch_13/05464449-8bee-4f0d-829f-9cf13427e253.mp3,182.68,48000,76.34,development,,False
direct_band_500x500_20260815,c9c697acef20e3a1,1,humair_suno,humair025-suno-audio-mp3/batch_10/043d8141-6ffa-4336-88ae-1271761970f7.mp3,191.84,48000,80.92,development,,False
direct_band_500x500_20260815,c9f70d19d6e6e641,1,humair_suno,humair025-suno-audio-mp3/batch_11/0488f427-2e1b-48cb-a82e-d883a94a4e3f.mp3,240.0,48000,105.0,development,,False
direct_band_500x500_20260815,cb09eee5bc090635,1,humair_suno,humair025-suno-audio-mp3/batch_16/06658aee-ccf0-4d8a-8041-446dc3092913.mp3,208.92,48000,89.46,development,,False
direct_band_500x500_20260815,cb6f210c16fa1dd1,1,humair_suno,humair025-suno-audio-mp3/batch_1/00605b28-afd8-43d6-906f-1788e1e879e1.mp3,177.6,48000,73.8,locked_test,,False
direct_band_500x500_20260815,cbc5fe43d76d3ac3,1,humair_suno,humair025-suno-audio-mp3/batch_13/0513ac73-23b7-4dc3-b1c3-bd930e44afd3.mp3,153.52,48000,61.760000000000005,development,,False
direct_band_500x500_20260815,cc04d65ea9e1b3b2,1,humair_suno,humair025-suno-audio-mp3/batch_14/059457b4-0add-4499-b770-1aeb30d032c9.mp3,206.119979,48000,88.0599895,development,,False
direct_band_500x500_20260815,cd89b1bbaf959cc8,1,humair_suno,humair025-suno-audio-mp3/batch_1/006174a1-3b0e-4cc4-b544-b256876a7d13.mp3,207.68,48000,88.84,development,,False
direct_band_500x500_20260815,ce6649bb4fa52a75,1,humair_suno,humair025-suno-audio-mp3/batch_12/04c9bdb4-337a-4db8-8f78-fd713873295f.mp3,240.0,48000,105.0,locked_test,,False
direct_band_500x500_20260815,ce72773ededa9033,1,humair_suno,humair025-suno-audio-mp3/batch_11/04725088-8bd0-4f30-8b02-28d858517b56.mp3,169.6,48000,69.8,development,,False
direct_band_500x500_20260815,d0e9ab00243916ce,1,humair_suno,humair025-suno-audio-mp3/batch_0/00551948-4d69-4041-a5ef-28f561d1c03c.mp3,143.0,48000,56.5,development,,False
direct_band_500x500_20260815,d0f0e3e29693f67e,1,humair_suno,humair025-suno-audio-mp3/batch_11/0459111a-6830-4c0a-bb4c-c98373f514b8.mp3,151.52,48000,60.760000000000005,development,,False
direct_band_500x500_20260815,d2c6905c0a1953bd,1,humair_suno,humair025-suno-audio-mp3/batch_13/0548350c-6d07-477c-84ef-de3d61ef2211.mp3,140.68,48000,55.34,development,,False
direct_band_500x500_20260815,d330bad19759e694,1,humair_suno,humair025-suno-audio-mp3/batch_13/0556dcf4-a303-42aa-b6f6-11f3fe3c8be5.mp3,147.12,48000,58.56,locked_test,,False
direct_band_500x500_20260815,d37317068084c3b8,1,humair_suno,humair025-suno-audio-mp3/batch_11/04679d8d-ee63-45ff-b268-83e3385699a4.mp3,177.999979,48000,73.9999895,development,,False
direct_band_500x500_20260815,d53cdc461a57bb16,1,humair_suno,humair025-suno-audio-mp3/batch_0/0020f485-2f59-4abd-9fed-266ce9d46ef3.mp3,73.88,48000,21.939999999999998,locked_test,,False
direct_band_500x500_20260815,d693b0c870b080f9,1,humair_suno,humair025-suno-audio-mp3/batch_1/008052ed-d926-4952-82dd-50b50cd270ea.mp3,133.96,48000,51.980000000000004,development,,False
direct_band_500x500_20260815,d6dd74752fc3acde,1,humair_suno,humair025-suno-audio-mp3/batch_0/003ef5e6-c01f-445c-8586-f74a96a7979d.mp3,239.0,48000,104.5,development,,False
direct_band_500x500_20260815,d7715d80bc4a56de,1,humair_suno,humair025-suno-audio-mp3/batch_12/04e7b348-535d-4c48-a92f-73010b71baca.mp3,132.92,48000,51.459999999999994,development,,False
direct_band_500x500_20260815,d7c6626cd3066815,1,humair_suno,humair025-suno-audio-mp3/batch_11/049d03ce-163c-4d7f-a521-b13edcc04670.mp3,187.36,48000,78.68,development,,False
direct_band_500x500_20260815,d80134eebd48510d,1,humair_suno,humair025-suno-audio-mp3/batch_0/003f7b36-20af-43dc-883b-d7f57193794f.mp3,180.8,48000,75.4,locked_test,,False
direct_band_500x500_20260815,d8e267cb0d0e9bc2,1,humair_suno,humair025-suno-audio-mp3/batch_11/049dc8d6-87b7-47d9-83fe-02210ebd20c0.mp3,134.36,48000,52.18000000000001,development,,False
direct_band_500x500_20260815,da1d2771b508bfa3,1,humair_suno,humair025-suno-audio-mp3/batch_1/00b58592-46ad-4751-9af0-b656bf887b1f.mp3,237.2,48000,103.6,locked_test,,False
direct_band_500x500_20260815,da8528306bafba38,1,humair_suno,humair025-suno-audio-mp3/batch_16/063ed5ef-f2a4-4a61-aebb-9ca13e421a36.mp3,173.0,48000,71.5,development,,False
direct_band_500x500_20260815,dbe96958e620571d,1,humair_suno,humair025-suno-audio-mp3/batch_0/003f147a-b981-48dd-a2d7-4dd9b5768eb1.mp3,102.96,48000,36.48,development,,False
direct_band_500x500_20260815,dd6c2b598eb8704b,1,humair_suno,humair025-suno-audio-mp3/batch_0/004b1fe4-5ff7-407e-9e4c-876e8d470d2a.mp3,212.08,48000,91.04,development,,False
direct_band_500x500_20260815,de90c6ba433f0815,1,humair_suno,humair025-suno-audio-mp3/batch_13/050769a3-367a-4c99-8fac-306527906193.mp3,210.16,48000,90.08,locked_test,,False
direct_band_500x500_20260815,deb2ec7bcebd85d7,1,humair_suno,humair025-suno-audio-mp3/batch_1/0068564c-b653-44a3-92d7-518d0c12536d.mp3,187.96,48000,78.98,development,,False
direct_band_500x500_20260815,dfe492b197280c24,1,humair_suno,humair025-suno-audio-mp3/batch_16/067f264b-ce5a-49a7-9a16-0c470592af8d.mp3,158.84,48000,64.42,development,,False
direct_band_500x500_20260815,e13c0a7bf49c0ae4,1,humair_suno,humair025-suno-audio-mp3/batch_13/0540cc9a-56ca-4c7b-a29e-f50ea56fe03a.mp3,216.4,48000,93.2,development,,False
direct_band_500x500_20260815,e17dd4e67168620d,1,humair_suno,humair025-suno-audio-mp3/batch_12/04ec96f1-ef89-4cc1-8c88-cf9de9d570c5.mp3,182.0,48000,76.0,locked_test,,False
direct_band_500x500_20260815,e2d0d33d58fa0135,1,humair_suno,humair025-suno-audio-mp3/batch_10/04315f50-bcd9-4770-9538-d90cd01d49ff.mp3,168.36,48000,69.18,development,,False
direct_band_500x500_20260815,e61de48757a3b332,1,humair_suno,humair025-suno-audio-mp3/batch_12/04f2c8db-0525-45de-bf73-151c6f306f10.mp3,182.0,48000,76.0,development,,False
direct_band_500x500_20260815,e7177bd8575c7af9,1,humair_suno,humair025-suno-audio-mp3/batch_1/007c56ba-d294-4a29-ae78-7e6514f571d5.mp3,146.4,48000,58.2,locked_test,,False
direct_band_500x500_20260815,ea377b86e0a25a40,1,humair_suno,humair025-suno-audio-mp3/batch_10/041d33f7-d708-447d-adb9-ad135c5ccfe5.mp3,212.92,48000,91.46,development,,False
direct_band_500x500_20260815,eb59791a91fc6f5b,1,humair_suno,humair025-suno-audio-mp3/batch_1/00755b2d-5fbf-4406-ac3f-7f3828c92ca2.mp3,184.36,48000,77.18,development,,False
direct_band_500x500_20260815,ec42b9f50c359594,1,humair_suno,humair025-suno-audio-mp3/batch_10/040f5955-57de-482f-bfe5-159a80360fad.mp3,239.0,48000,104.5,development,,False
direct_band_500x500_20260815,eca53efa9e3c64de,1,humair_suno,humair025-suno-audio-mp3/batch_15/061a2409-571a-4b98-abb7-a92cd25b74ff.mp3,211.2,48000,90.6,locked_test,,False
direct_band_500x500_20260815,ecc4ae7bc05009c8,1,humair_suno,humair025-suno-audio-mp3/batch_11/0474de8b-ad33-4cf6-acaa-61c8b2c98960.mp3,190.0,48000,80.0,locked_test,,False
direct_band_500x500_20260815,eec2ae721fdd4e59,1,humair_suno,humair025-suno-audio-mp3/batch_17/069d8874-07ec-4c33-8006-67c8e9623381.mp3,187.6,48000,78.8,development,,False
direct_band_500x500_20260815,ef138ac33290c165,1,humair_suno,humair025-suno-audio-mp3/batch_17/06b01ff2-848d-4e8c-91a0-317c06389222.mp3,76.8,48000,23.4,development,,False
direct_band_500x500_20260815,ef79961d578cd9d4,1,humair_suno,humair025-suno-audio-mp3/batch_0/0017dadd-e9ce-4bcf-9d40-b907a801e5d3.mp3,132.0,48000,51.0,locked_test,,False
direct_band_500x500_20260815,f0a99c3ba5211bd6,1,humair_suno,humair025-suno-audio-mp3/batch_16/0654ea44-29df-47f3-825d-f34dab8706e3.mp3,147.68,48000,58.84,locked_test,,False
direct_band_500x500_20260815,f1234c3264ef652a,1,humair_suno,humair025-suno-audio-mp3/batch_16/066f5d45-0365-4e1a-aef8-8fd6fe79f08e.mp3,143.6,48000,56.8,development,,False
direct_band_500x500_20260815,f19729fa6d5701ee,1,humair_suno,humair025-suno-audio-mp3/batch_0/00527c66-e0f9-4068-9236-60d98fb27e35.mp3,90.56,48000,30.28,development,,False
direct_band_500x500_20260815,f594377e7d98185a,1,humair_suno,humair025-suno-audio-mp3/batch_13/0552bf1d-6d62-4c04-8085-a3f2ce0f52f8.mp3,159.24,48000,64.62,development,,False
direct_band_500x500_20260815,f5a94ad9701f4f4c,1,humair_suno,humair025-suno-audio-mp3/batch_0/004fd33d-6766-4a63-8cda-c6618c847262.mp3,134.0,48000,52.0,development,,False
direct_band_500x500_20260815,f5e8850f686cbd5a,1,humair_suno,humair025-suno-audio-mp3/batch_0/00361e9e-ca41-4c9c-8e8a-c029faba2199.mp3,227.72,48000,98.86,locked_test,,False
direct_band_500x500_20260815,f625ed1a0a66a71d,1,humair_suno,humair025-suno-audio-mp3/batch_12/04fd6778-a4dc-4546-a023-946282a9761c.mp3,171.8,48000,70.9,development,,False
direct_band_500x500_20260815,f70adea51a0b9006,1,humair_suno,humair025-suno-audio-mp3/batch_1/00b6b79b-55c2-404c-b770-ebc630946e08.mp3,139.88,48000,54.94,development,,False
direct_band_500x500_20260815,f973109696cd571a,1,humair_suno,humair025-suno-audio-mp3/batch_13/05655a62-2afc-4048-9760-73085614b905.mp3,157.08,48000,63.540000000000006,development,,False
direct_band_500x500_20260815,f98c0213b22e8245,1,humair_suno,humair025-suno-audio-mp3/batch_17/06a71b06-083e-40cf-ae0c-c65aafd42df8.mp3,240.64,48000,105.32,development,,False
direct_band_500x500_20260815,f9a1fa59080191c7,1,humair_suno,humair025-suno-audio-mp3/batch_16/066d16e2-5b10-4af2-9723-9c0f2ddec330.mp3,106.44,48000,38.22,development,,False
direct_band_500x500_20260815,f9db5e9289ebb272,1,humair_suno,humair025-suno-audio-mp3/batch_12/04c20846-9110-4823-af8a-f341f87bdcec.mp3,159.76,48000,64.88,locked_test,,False
direct_band_500x500_20260815,faa99760769dbcfe,1,humair_suno,humair025-suno-audio-mp3/batch_10/03f0434a-c5f1-4594-80e2-c63793b58270.mp3,199.96,48000,84.98,development,,False
direct_band_500x500_20260815,fc44feb7f92c3679,1,humair_suno,humair025-suno-audio-mp3/batch_10/03f283db-f8cb-4cd4-b895-acc3efb15471.mp3,114.64,48000,42.32,development,,False
direct_band_500x500_20260815,fc49f9b8366bdede,1,humair_suno,humair025-suno-audio-mp3/batch_13/051eb525-ecb6-4ac4-9c12-853ef51289a1.mp3,176.24,48000,73.12,development,,False
direct_band_500x500_20260815,fd343425bff9a2f0,1,humair_suno,humair025-suno-audio-mp3/batch_13/050ac25a-8cf1-40e4-971d-932487792aac.mp3,140.48,48000,55.239999999999995,development,,False
direct_band_500x500_20260815,fdf658cbba8e2c7c,1,humair_suno,humair025-suno-audio-mp3/batch_1/008d0713-3e5a-4625-b882-537292af564c.mp3,180.4,48000,75.2,development,,False
direct_band_500x500_20260815,fe721ce94240c85f,1,humair_suno,humair025-suno-audio-mp3/batch_15/06235e86-22d4-4998-9619-314b9f0afb4f.mp3,240.0,48000,105.0,development,,False
direct_band_500x500_20260815,02a1637c1859b1e1,1,suno_unknown,suno-ai-music-dataset-audio/audio/1e03dfd4-38ec-4eba-af78-d80ee363fec1.mp3,124.919979,48000,47.4599895,locked_test,,False
direct_band_500x500_20260815,03157c477b70d68c,1,suno_unknown,suno-ai-music-dataset-audio/audio/7bbdaa05-879a-40ee-8bff-c3225b6cd9c6.mp3,174.839979,48000,72.4199895,development,,False
direct_band_500x500_20260815,045c19e769eebc0c,1,suno_unknown,suno-ai-music-dataset-audio/audio/80b3e71c-2b80-4803-a403-84a02b5dad51.mp3,352.279979,48000,161.1399895,development,,False
direct_band_500x500_20260815,0757aec80f01362c,1,suno_unknown,suno-ai-music-dataset-audio/audio/d98cd569-0952-4e24-b2c3-a88da75fab36.mp3,69.879979,48000,19.939989500000003,development,,False
direct_band_500x500_20260815,08c6b141f838252a,1,suno_unknown,suno-ai-music-dataset-audio/audio/931275e4-23fa-4bef-b3f7-e24250986686.mp3,242.999979,48000,106.4999895,development,,False
direct_band_500x500_20260815,09f52756a4b93dfd,1,suno_unknown,suno-ai-music-dataset-audio/audio/ad3f13f5-844e-4753-832f-925a98a5a967.mp3,227.879979,48000,98.9399895,development,,False
direct_band_500x500_20260815,0b316fac53b5a509,1,suno_unknown,suno-ai-music-dataset-audio/audio/0f9bd8ea-2009-48ad-a055-152da836cef3.mp3,179.199979,48000,74.5999895,development,,False
direct_band_500x500_20260815,0cf7de1f26138903,1,suno_unknown,suno-ai-music-dataset-audio/audio/b7780b4d-5c68-482e-a3f4-aeabd6678df1.mp3,224.919979,48000,97.4599895,development,,False
direct_band_500x500_20260815,0d94b2e13987563e,1,suno_unknown,suno-ai-music-dataset-audio/audio/c43aa251-4337-445d-81f9-6aa6edca6db4.mp3,148.519979,48000,59.2599895,development,,False
direct_band_500x500_20260815,0da398a73a189592,1,suno_unknown,suno-ai-music-dataset-audio/audio/5fdfb1fb-bc03-48a3-9ee9-59800f48fcb8.mp3,209.799979,48000,89.8999895,locked_test,,False
direct_band_500x500_20260815,0e64c8bbf1d7b54e,1,suno_unknown,suno-ai-music-dataset-audio/audio/0039562a-c5f8-478c-87af-e7deac03529d.mp3,226.359979,48000,98.1799895,development,,False
direct_band_500x500_20260815,0ea51c933211d833,1,suno_unknown,suno-ai-music-dataset-audio/audio/a11b6971-a069-464a-aeec-a6a08ef06c59.mp3,175.239979,48000,72.6199895,locked_test,,False
direct_band_500x500_20260815,107cd9076aac63e7,1,suno_unknown,suno-ai-music-dataset-audio/audio/7fe6115a-c603-4be0-bb74-7dbe8d08f6ba.mp3,479.399979,48000,224.6999895,development,,False
direct_band_500x500_20260815,10be307c565f6662,1,suno_unknown,suno-ai-music-dataset-audio/audio/7a4a024c-a8fd-414d-9b7f-1bd819cb6e03.mp3,217.759979,48000,93.8799895,development,,False
direct_band_500x500_20260815,1142cf77a96c5539,1,suno_unknown,suno-ai-music-dataset-audio/audio/27933444-37bf-4c9a-8087-d852ff8aa917.mp3,126.079979,48000,48.0399895,locked_test,,False
direct_band_500x500_20260815,11fd4e798f2ad815,1,suno_unknown,suno-ai-music-dataset-audio/audio/37e9d05b-2726-415d-ae02-b7faf57bf8c4.mp3,177.159979,48000,73.5799895,development,,False
direct_band_500x500_20260815,12de27b80094408c,1,suno_unknown,suno-ai-music-dataset-audio/audio/62de3edc-b805-4335-80b1-7ba4b63313cd.mp3,92.159979,48000,31.079989500000003,development,,False
direct_band_500x500_20260815,13bd41deb2cd32f5,1,suno_unknown,suno-ai-music-dataset-audio/audio/fe55f515-0f1d-498a-a746-36b4e026606d.mp3,252.399979,48000,111.1999895,locked_test,,False
direct_band_500x500_20260815,14f20c76c38473c9,1,suno_unknown,suno-ai-music-dataset-audio/audio/6e7053ca-a885-42d9-b6ab-6d194cf5ff9f.mp3,194.959979,48000,82.4799895,development,,False
direct_band_500x500_20260815,15065b779c98e08a,1,suno_unknown,suno-ai-music-dataset-audio/audio/dd9fff9c-2b7b-41d1-a592-f9e496569e35.mp3,304.319979,48000,137.1599895,development,,False
direct_band_500x500_20260815,15d2e024ef206a00,1,suno_unknown,suno-ai-music-dataset-audio/audio/7437ce46-fc86-4b2c-a37b-bd193c789293.mp3,248.039979,48000,109.0199895,development,,False
direct_band_500x500_20260815,162ea79d47055289,1,suno_unknown,suno-ai-music-dataset-audio/audio/a20d5dfe-ee26-4ed1-b8ab-35d4531ba4b1.mp3,184.799979,48000,77.3999895,development,,False
direct_band_500x500_20260815,164ce1e046846d1f,1,suno_unknown,suno-ai-music-dataset-audio/audio/2fb68ea0-588b-47ae-8564-62b2a359f5a0.mp3,299.959979,48000,134.9799895,development,,False
direct_band_500x500_20260815,16ad3e9aecea8e66,1,suno_unknown,suno-ai-music-dataset-audio/audio/96b39c20-4b0c-4177-a277-a6951014e035.mp3,149.879979,48000,59.939989499999996,development,,False
direct_band_500x500_20260815,16b336cdbbf9373b,1,suno_unknown,suno-ai-music-dataset-audio/audio/7bb0715d-a1ec-4945-a186-c00c2369f5c7.mp3,124.799979,48000,47.3999895,locked_test,,False
direct_band_500x500_20260815,19bb9d66e634425b,1,suno_unknown,suno-ai-music-dataset-audio/audio/968c121b-6bb1-4ed3-a4fb-f979bdfba3f2.mp3,144.919979,48000,57.459989500000006,development,,False
direct_band_500x500_20260815,1be5a15a9d6d3cdd,1,suno_unknown,suno-ai-music-dataset-audio/audio/50d5510b-70cb-4725-9fbb-37ce296a750b.mp3,220.919979,48000,95.4599895,locked_test,,False
direct_band_500x500_20260815,20d8f8afec5ff07f,1,suno_unknown,suno-ai-music-dataset-audio/audio/4748b9f6-b6a4-4a10-b1a4-1d6863a5057e.mp3,233.999979,48000,101.9999895,development,,False
direct_band_500x500_20260815,21032bd8622e46db,1,suno_unknown,suno-ai-music-dataset-audio/audio/5b54fba0-dd31-4919-b87d-e704013cbf2c.mp3,214.879979,48000,92.4399895,development,,False
direct_band_500x500_20260815,215bc3a6d18ee37a,1,suno_unknown,suno-ai-music-dataset-audio/audio/c6fdf858-3d16-4e40-8a88-adaaf3037a56.mp3,118.959979,48000,44.4799895,development,,False
direct_band_500x500_20260815,24ed30fcfa8a89d7,1,suno_unknown,suno-ai-music-dataset-audio/audio/ee6ca424-18f1-4feb-be2d-a81d8f8f2076.mp3,68.519979,48000,19.259989500000003,development,,False
direct_band_500x500_20260815,25ac27ba8564cfef,1,suno_unknown,suno-ai-music-dataset-audio/audio/029ac549-4eaf-4e60-a65a-b4c40beb34c7.mp3,205.759979,48000,87.8799895,development,,False
direct_band_500x500_20260815,275c3497d77ef2df,1,suno_unknown,suno-ai-music-dataset-audio/audio/d93f05a7-6cbe-45ff-9b34-58bdeab412c7.mp3,124.799979,48000,47.3999895,development,,False
direct_band_500x500_20260815,2827e7988f1bf96f,1,suno_unknown,suno-ai-music-dataset-audio/audio/fd9106ac-f48a-440f-92ba-18e666cae9c0.mp3,207.679979,48000,88.8399895,development,,False
direct_band_500x500_20260815,2abd77f9661b8835,1,suno_unknown,suno-ai-music-dataset-audio/audio/95596831-560f-4b99-a728-3b2ef5322420.mp3,185.959979,48000,77.9799895,development,,False
direct_band_500x500_20260815,2babacabb3573bbb,1,suno_unknown,suno-ai-music-dataset-audio/audio/f42d7c8a-3782-4033-a0fd-0b06bdd3a477.mp3,213.599979,48000,91.7999895,development,,False
direct_band_500x500_20260815,2bd3fe411dc57d65,1,suno_unknown,suno-ai-music-dataset-audio/audio/bb7445ef-8129-4aa3-9864-82b8d9aa1a3f.mp3,122.999979,48000,46.4999895,development,,False
direct_band_500x500_20260815,2d74f8f476ab880f,1,suno_unknown,suno-ai-music-dataset-audio/audio/f6074b4f-f5d1-4916-b1ac-367dc2843b7d.mp3,220.119979,48000,95.0599895,development,,False
direct_band_500x500_20260815,2e4004ffd08d3626,1,suno_unknown,suno-ai-music-dataset-audio/audio/401cf0cb-d9b6-4250-a0bd-8d36da2332d4.mp3,219.359979,48000,94.6799895,development,,False
direct_band_500x500_20260815,2e9e59c7704a72d8,1,suno_unknown,suno-ai-music-dataset-audio/audio/df12bca9-6e54-4133-a7bc-e876f47185b8.mp3,176.719979,48000,73.3599895,development,,False
direct_band_500x500_20260815,2eb2b683c0ddcb0c,1,suno_unknown,suno-ai-music-dataset-audio/audio/cd68a399-f932-444f-a50e-320b6aee1666.mp3,350.839979,48000,160.4199895,development,,False
direct_band_500x500_20260815,2ee5af9baa455fc1,1,suno_unknown,suno-ai-music-dataset-audio/audio/0f9da585-04e8-423f-ab87-8876991a4378.mp3,178.319979,48000,74.1599895,development,,False
direct_band_500x500_20260815,2f815584cb8cbcd8,1,suno_unknown,suno-ai-music-dataset-audio/audio/19a34398-19ee-42c5-b1e9-307dcbfdae5c.mp3,190.839979,48000,80.4199895,development,,False
direct_band_500x500_20260815,30597e7d706abe4f,1,suno_unknown,suno-ai-music-dataset-audio/audio/081da149-92eb-419e-90e6-8cba3aede6aa.mp3,112.919979,48000,41.4599895,development,,False
direct_band_500x500_20260815,305a92393aae15b8,1,suno_unknown,suno-ai-music-dataset-audio/audio/eda3cd13-a1c3-4272-9226-20280055c679.mp3,186.519979,48000,78.2599895,locked_test,,False
direct_band_500x500_20260815,30a3137ac4019b19,1,suno_unknown,suno-ai-music-dataset-audio/audio/6757a303-593c-405e-9f92-b6d2cf4820f5.mp3,196.959979,48000,83.4799895,development,,False
direct_band_500x500_20260815,30fe67c81b48acc0,1,suno_unknown,suno-ai-music-dataset-audio/audio/37418c75-0e0c-44fb-8f0e-d2b48de179d1.mp3,178.319979,48000,74.1599895,development,,False
direct_band_500x500_20260815,35021d60efa5f0e1,1,suno_unknown,suno-ai-music-dataset-audio/audio/43264e67-a3c4-4cd3-81bc-b1f46795cb60.mp3,213.719979,48000,91.8599895,development,,False
direct_band_500x500_20260815,351f91d3bcce59c8,1,suno_unknown,suno-ai-music-dataset-audio/audio/cdef5b33-ffcf-41a6-9988-a342d1ce7042.mp3,175.12,48000,72.56,development,,False
direct_band_500x500_20260815,3720d8fdd6c809c0,1,suno_unknown,suno-ai-music-dataset-audio/audio/063dcebc-3304-4a1e-9f6f-d1712dd9b8d8.mp3,226.639979,48000,98.3199895,development,,False
direct_band_500x500_20260815,37d46e1ee0482b14,1,suno_unknown,suno-ai-music-dataset-audio/audio/6714badd-7175-447d-8608-8199d8f1b256.mp3,284.839979,48000,127.41998950000001,development,,False
direct_band_500x500_20260815,3815b0b6e5113025,1,suno_unknown,suno-ai-music-dataset-audio/audio/05257899-95e9-48e0-9345-adb9a5ff9477.mp3,213.999979,48000,91.9999895,development,,False
direct_band_500x500_20260815,3827e2610e9e6dc4,1,suno_unknown,suno-ai-music-dataset-audio/audio/83888ab4-a1cd-4ae9-8c3c-426fc5d696e8.mp3,129.439979,48000,49.7199895,development,,False
direct_band_500x500_20260815,38d978871c73b6d9,1,suno_unknown,suno-ai-music-dataset-audio/audio/4030cffd-1727-4ae8-9c4a-c55db2ce2a54.mp3,147.999979,48000,58.9999895,development,,False
direct_band_500x500_20260815,3a2798328395e82b,1,suno_unknown,suno-ai-music-dataset-audio/audio/e0f172ea-9791-40e9-a744-47bd2d4c0e41.mp3,479.399979,48000,224.6999895,development,,False
direct_band_500x500_20260815,3d27c84d16901aa8,1,suno_unknown,suno-ai-music-dataset-audio/audio/08f05407-3b13-4c52-9539-7e9bd3937944.mp3,479.399979,48000,224.6999895,development,,False
direct_band_500x500_20260815,3db7d11384c18dfa,1,suno_unknown,suno-ai-music-dataset-audio/audio/93ed1777-684e-4bba-9058-a64f938fad23.mp3,147.88,48000,58.94,locked_test,,False
direct_band_500x500_20260815,3e19721e9e114f3e,1,suno_unknown,suno-ai-music-dataset-audio/audio/ca07b015-9921-4cbf-8023-33848826bfe2.mp3,361.639979,48000,165.8199895,development,,False
direct_band_500x500_20260815,4039cc7d8b3bcb57,1,suno_unknown,suno-ai-music-dataset-audio/audio/3e7f64c6-5e98-43ea-89ae-e8e5bc76b644.mp3,164.279979,48000,67.1399895,development,,False
direct_band_500x500_20260815,404e826d94af548e,1,suno_unknown,suno-ai-music-dataset-audio/audio/c01039f6-2e79-4d54-86ca-7a19e6930401.mp3,182.719979,48000,76.3599895,development,,False
direct_band_500x500_20260815,41a1a8fc1b12d395,1,suno_unknown,suno-ai-music-dataset-audio/audio/d555f908-b34c-40fe-90d5-5b03b45f3cb3.mp3,244.679979,48000,107.3399895,development,,False
direct_band_500x500_20260815,42dd481274e991bc,1,suno_unknown,suno-ai-music-dataset-audio/audio/71f1c6f2-fda1-4c3e-9234-238f6e590c77.mp3,174.719979,48000,72.3599895,locked_test,,False
direct_band_500x500_20260815,45f5a21a5b501f76,1,suno_unknown,suno-ai-music-dataset-audio/audio/6ae04183-8e92-48f7-bf98-1613b73e207b.mp3,178.199979,48000,74.0999895,locked_test,,False
direct_band_500x500_20260815,46188d7344a9663a,1,suno_unknown,suno-ai-music-dataset-audio/audio/fa5b2166-d865-4a18-b81f-280b1582e871.mp3,479.399979,48000,224.6999895,development,,False
direct_band_500x500_20260815,464ebe11c771b359,1,suno_unknown,suno-ai-music-dataset-audio/audio/ec2e0f5b-5084-4304-9a2e-501187b29ede.mp3,186.279979,48000,78.1399895,locked_test,,False
direct_band_500x500_20260815,4682ab1930523a71,1,suno_unknown,suno-ai-music-dataset-audio/audio/d26c09db-c6f5-48a6-8adf-06749a754dc0.mp3,186.079979,48000,78.0399895,development,,False
direct_band_500x500_20260815,473f80bec5dbb381,1,suno_unknown,suno-ai-music-dataset-audio/audio/2dbcb598-e69c-4f0a-a4b9-528cd52599b0.mp3,211.599979,48000,90.7999895,development,,False
direct_band_500x500_20260815,4a5c61b0c70f069f,1,suno_unknown,suno-ai-music-dataset-audio/audio/942a9b24-8c5b-4ee3-ad27-b175bff66ef9.mp3,249.439979,48000,109.7199895,development,,False
direct_band_500x500_20260815,4ad197c2d89b299a,1,suno_unknown,suno-ai-music-dataset-audio/audio/b0781922-edeb-46fb-8b62-4c1c89412d3a.mp3,163.999979,48000,66.9999895,locked_test,,False
direct_band_500x500_20260815,4e1465f5e320392b,1,suno_unknown,suno-ai-music-dataset-audio/audio/b45c04f3-0544-4322-a66c-a1165e7bcb78.mp3,137.559979,48000,53.7799895,development,,False
direct_band_500x500_20260815,4f0dff4a82f4a38f,1,suno_unknown,suno-ai-music-dataset-audio/audio/6bded2d8-d3f3-485b-866c-e8a2356ee614.mp3,188.239979,48000,79.1199895,locked_test,,False
direct_band_500x500_20260815,50b3d7e222d631f4,1,suno_unknown,suno-ai-music-dataset-audio/audio/54c59246-4137-4712-8ea1-aac27c4849b7.mp3,111.119979,48000,40.5599895,development,,False
direct_band_500x500_20260815,514719dd84b31293,1,suno_unknown,suno-ai-music-dataset-audio/audio/429a7948-40ba-4ac8-854b-335724fae71f.mp3,178.759979,48000,74.3799895,development,,False
direct_band_500x500_20260815,517da4961ace2e6a,1,suno_unknown,suno-ai-music-dataset-audio/audio/5118c100-2a25-470f-80dd-86a22882725f.mp3,141.279979,48000,55.6399895,locked_test,,False
direct_band_500x500_20260815,51dbdb5b46559295,1,suno_unknown,suno-ai-music-dataset-audio/audio/d069f665-df84-4edd-8dee-2a55e04ef18c.mp3,65.119979,48000,17.5599895,development,,False
direct_band_500x500_20260815,5210f6092e113e90,1,suno_unknown,suno-ai-music-dataset-audio/audio/9c2b286f-d53c-4ee2-9010-707bdbd8cf4d.mp3,161.999979,48000,65.9999895,locked_test,,False
direct_band_500x500_20260815,5295f005170912b6,1,suno_unknown,suno-ai-music-dataset-audio/audio/39b37ce8-c0f2-47c3-bd82-bf3c1f39fc01.mp3,215.919979,48000,92.9599895,development,,False
direct_band_500x500_20260815,52fa2cf5da098e68,1,suno_unknown,suno-ai-music-dataset-audio/audio/68fa4a8f-541f-4001-8eac-af81536e465b.mp3,244.879979,48000,107.4399895,development,,False
direct_band_500x500_20260815,5392888e1e0ae235,1,suno_unknown,suno-ai-music-dataset-audio/audio/367db283-2830-4143-8f23-04d27c16edfa.mp3,214.919979,48000,92.4599895,development,,False
direct_band_500x500_20260815,542020c32924e4fd,1,suno_unknown,suno-ai-music-dataset-audio/audio/cfa9b496-347e-4a6e-beac-2a9aed96c820.mp3,180.839979,48000,75.4199895,development,,False
direct_band_500x500_20260815,55ef7ab509af5619,1,suno_unknown,suno-ai-music-dataset-audio/audio/e865c4e0-53c9-49be-be03-d6452fb9c57c.mp3,290.479979,48000,130.2399895,development,,False
direct_band_500x500_20260815,55f8c8164fcd550d,1,suno_unknown,suno-ai-music-dataset-audio/audio/edc9302c-23a9-45c5-888e-cec92bdfec11.mp3,219.799979,48000,94.8999895,development,,False
direct_band_500x500_20260815,583ad4ec5402056c,1,suno_unknown,suno-ai-music-dataset-audio/audio/66eda829-61fc-4bd7-aedd-6ddb75b170ac.mp3,73.359979,48000,21.679989499999998,development,,False
direct_band_500x500_20260815,58c398c13834f7a8,1,suno_unknown,suno-ai-music-dataset-audio/audio/4b105da9-7ce7-4859-8d2b-5ffb07559d5a.mp3,164.959979,48000,67.4799895,development,,False
direct_band_500x500_20260815,5947d7ee103425d9,1,suno_unknown,suno-ai-music-dataset-audio/audio/0fed3563-bcc4-4463-ae37-3460308c5a6b.mp3,242.559979,48000,106.2799895,development,,False
direct_band_500x500_20260815,5976e1d400b37825,1,suno_unknown,suno-ai-music-dataset-audio/audio/851d1490-4925-4f7f-b8c9-ba7e8d67d0c7.mp3,210.479979,48000,90.2399895,development,,False
direct_band_500x500_20260815,5a7fe3656ea2e200,1,suno_unknown,suno-ai-music-dataset-audio/audio/1ad64265-0f9f-4feb-b04b-46618c6efeb6.mp3,159.919979,48000,64.9599895,locked_test,,False
direct_band_500x500_20260815,5db363e18b6eb70e,1,suno_unknown,suno-ai-music-dataset-audio/audio/27756119-c17a-4ae6-b85a-49a0ee1e458a.mp3,93.359979,48000,31.679989499999998,development,,False
direct_band_500x500_20260815,5e00e7019916f5f9,1,suno_unknown,suno-ai-music-dataset-audio/audio/dcbe17c9-eca0-4008-bae2-abc2035cff02.mp3,167.999979,48000,68.9999895,development,,False
direct_band_500x500_20260815,5f0fbee77d2d2b2b,1,suno_unknown,suno-ai-music-dataset-audio/audio/4df60572-8021-4825-81fe-449072a36556.mp3,239.879979,48000,104.9399895,development,,False
direct_band_500x500_20260815,601d4a4d8141f7fe,1,suno_unknown,suno-ai-music-dataset-audio/audio/4a34e962-cd40-404e-b98d-6fd0ee9126ea.mp3,181.999979,48000,75.9999895,development,,False
direct_band_500x500_20260815,608a33a9d73a375f,1,suno_unknown,suno-ai-music-dataset-audio/audio/f5534ef9-3241-4a86-9ee2-790be565cc05.mp3,177.639979,48000,73.8199895,development,,False
direct_band_500x500_20260815,6157712a52b16494,1,suno_unknown,suno-ai-music-dataset-audio/audio/fa2d2840-bf14-4750-8945-a56cf971f569.mp3,86.279979,48000,28.1399895,development,,False
direct_band_500x500_20260815,62c1d9a8229dc775,1,suno_unknown,suno-ai-music-dataset-audio/audio/691fae46-5d33-46b5-95b2-98dec564773e.mp3,151.879979,48000,60.939989499999996,development,,False
direct_band_500x500_20260815,62c71e12198fd140,1,suno_unknown,suno-ai-music-dataset-audio/audio/0ab5e317-547e-4fcc-bdf9-6d54bc6bccca.mp3,119.919979,48000,44.9599895,locked_test,,False
direct_band_500x500_20260815,63c8ee451b3df5fa,1,suno_unknown,suno-ai-music-dataset-audio/audio/8c81c621-44c0-4b83-bc2b-e1be478cac08.mp3,199.719979,48000,84.8599895,development,,False
direct_band_500x500_20260815,6404d75506be1e1b,1,suno_unknown,suno-ai-music-dataset-audio/audio/b375e1d9-2e32-4ee9-8974-113b4b24211d.mp3,71.439979,48000,20.719989499999997,development,,False
direct_band_500x500_20260815,64442dbd254124d7,1,suno_unknown,suno-ai-music-dataset-audio/audio/7b57e41c-ab8c-436b-951b-e70a09fdc7dd.mp3,98.199979,48000,34.0999895,development,,False
direct_band_500x500_20260815,647ff21370b7c5dd,1,suno_unknown,suno-ai-music-dataset-audio/audio/621a209a-c7be-4b84-a516-23290410fd6b.mp3,173.999979,48000,71.9999895,development,,False
direct_band_500x500_20260815,64d45afefa6d28d0,1,suno_unknown,suno-ai-music-dataset-audio/audio/d18c6861-06d0-44c0-8807-8aa1e224379d.mp3,194.199979,48000,82.0999895,development,,False
direct_band_500x500_20260815,65812acb2a67b04d,1,suno_unknown,suno-ai-music-dataset-audio/audio/4ce29c50-ae81-4c99-8d45-29996acaa57f.mp3,310.519979,48000,140.2599895,development,,False
direct_band_500x500_20260815,6840d1d00ec50722,1,suno_unknown,suno-ai-music-dataset-audio/audio/0f6f7143-db80-407b-9352-a482bc8bf501.mp3,204.439979,48000,87.2199895,development,,False
direct_band_500x500_20260815,694d2adeb192d4ff,1,suno_unknown,suno-ai-music-dataset-audio/audio/a2612c31-b0af-426f-854e-32439e494a88.mp3,154.879979,48000,62.439989499999996,development,,False
direct_band_500x500_20260815,6a1352f0394b5042,1,suno_unknown,suno-ai-music-dataset-audio/audio/f8dfe0ae-ee1e-406a-864b-2b1fca7a6c30.mp3,237.959979,48000,103.9799895,development,,False
direct_band_500x500_20260815,6b4b8ee102675ce5,1,suno_unknown,suno-ai-music-dataset-audio/audio/f2019981-5e42-4bf2-a93a-a100a84372ce.mp3,202.919979,48000,86.4599895,development,,False
direct_band_500x500_20260815,6bbe5ccf4b15ac97,1,suno_unknown,suno-ai-music-dataset-audio/audio/ea58d2fe-07c5-4779-95db-f673f8fe67b1.mp3,193.159979,48000,81.5799895,development,,False
direct_band_500x500_20260815,6c7de18c3e32dd4b,1,suno_unknown,suno-ai-music-dataset-audio/audio/bb1a296a-3ed7-4d46-b599-39cd57ab6a40.mp3,313.919979,48000,141.9599895,locked_test,,False
direct_band_500x500_20260815,6c8a6307f57fe86f,1,suno_unknown,suno-ai-music-dataset-audio/audio/48ccb42c-3835-4a1f-be82-bda3b07bfa4b.mp3,182.999979,48000,76.4999895,development,,False
direct_band_500x500_20260815,6df2bfdf6e5b683c,1,suno_unknown,suno-ai-music-dataset-audio/audio/227ee228-d514-4b10-b407-7f008d9e040b.mp3,89.959979,48000,29.979989500000002,development,,False
direct_band_500x500_20260815,7003b6c7adebe263,1,suno_unknown,suno-ai-music-dataset-audio/audio/e1a089a3-3fea-45f3-94e1-ca01a3fd384c.mp3,176.519979,48000,73.2599895,development,,False
direct_band_500x500_20260815,7176236f089d1484,1,suno_unknown,suno-ai-music-dataset-audio/audio/7d8326e9-9747-45be-9cdb-9069cd712181.mp3,80.0,48000,25.0,development,,False
direct_band_500x500_20260815,71f65f442180391f,1,suno_unknown,suno-ai-music-dataset-audio/audio/df1f8fde-bd57-4a02-80e9-c5be4727433c.mp3,479.399979,48000,224.6999895,development,,False
direct_band_500x500_20260815,720fc317ee6ac31b,1,suno_unknown,suno-ai-music-dataset-audio/audio/5cb72d58-3db4-47d0-982a-8ecd4e667d8a.mp3,196.799979,48000,83.3999895,development,,False
direct_band_500x500_20260815,72208444befdbdd5,1,suno_unknown,suno-ai-music-dataset-audio/audio/04254e12-3f27-4587-bd3b-3f81331e270e.mp3,278.399979,48000,124.19998949999999,development,,False
direct_band_500x500_20260815,72b3bbb8080871a5,1,suno_unknown,suno-ai-music-dataset-audio/audio/c3b0f0db-fbec-44b2-839c-66bb7e242360.mp3,131.879979,48000,50.939989499999996,development,,False
direct_band_500x500_20260815,73576d2107acae44,1,suno_unknown,suno-ai-music-dataset-audio/audio/5ecfec2d-e8fe-4ae4-b2a2-82e12326d34a.mp3,203.639979,48000,86.8199895,development,,False
direct_band_500x500_20260815,739cb4cc2235ef3d,1,suno_unknown,suno-ai-music-dataset-audio/audio/aa2a8a08-5b30-4d2d-ae0a-830a3820ba52.mp3,141.319979,48000,55.659989499999995,development,,False
direct_band_500x500_20260815,75aa1fe5870ae3d2,1,suno_unknown,suno-ai-music-dataset-audio/audio/bcadf7ee-9bb1-4cf0-ac4d-ce136c5cb1a7.mp3,57.079979,48000,13.5399895,development,,False
direct_band_500x500_20260815,75aea86ea5af76bf,1,suno_unknown,suno-ai-music-dataset-audio/audio/b7bfc8fa-8f52-4c6b-b5ff-200f5747dbd4.mp3,269.959979,48000,119.97998949999999,locked_test,,False
direct_band_500x500_20260815,75fe9cfeedb55c9d,1,suno_unknown,suno-ai-music-dataset-audio/audio/71680b58-11e9-46ae-8708-97e1ae92f2aa.mp3,246.839979,48000,108.4199895,locked_test,,False
direct_band_500x500_20260815,77d813886eb7d272,1,suno_unknown,suno-ai-music-dataset-audio/audio/029162e1-9756-4b51-a380-5f8e6f48f3fe.mp3,140.439979,48000,55.2199895,locked_test,,False
direct_band_500x500_20260815,79e7d0b643c1b4dd,1,suno_unknown,suno-ai-music-dataset-audio/audio/97c99338-2461-4736-9d7b-ecc3fa64575e.mp3,149.159979,48000,59.579989499999996,locked_test,,False
direct_band_500x500_20260815,7ab56aaf01a28ad4,1,suno_unknown,suno-ai-music-dataset-audio/audio/ba8c794c-4f80-44c7-92cf-691ddcc61554.mp3,184.919979,48000,77.4599895,development,,False
direct_band_500x500_20260815,7ae35248dc74f157,1,suno_unknown,suno-ai-music-dataset-audio/audio/5b6d7c3b-6341-4637-a32b-19c9a95633e9.mp3,104.959979,48000,37.4799895,development,,False
direct_band_500x500_20260815,7b6399b9d015a733,1,suno_unknown,suno-ai-music-dataset-audio/audio/4a798a50-b59e-492a-8eae-b2a553581fc2.mp3,296.439979,48000,133.2199895,development,,False
direct_band_500x500_20260815,7b926048b847e8cb,1,suno_unknown,suno-ai-music-dataset-audio/audio/331bf3f8-2c0a-4c0b-8625-1970e09f6d35.mp3,269.919979,48000,119.9599895,development,,False
direct_band_500x500_20260815,7c417f3053a9cdd4,1,suno_unknown,suno-ai-music-dataset-audio/audio/4ce68200-e1b8-4464-adb9-76c484fcc89b.mp3,174.439979,48000,72.2199895,development,,False
direct_band_500x500_20260815,7cf81afb2fc7eb37,1,suno_unknown,suno-ai-music-dataset-audio/audio/2dd7b8e0-2cc2-4b67-b722-d1468658ec4b.mp3,210.679979,48000,90.3399895,locked_test,,False
direct_band_500x500_20260815,7d028b268b6aa0b4,1,suno_unknown,suno-ai-music-dataset-audio/audio/6ffe519a-3641-4212-a05d-a16d57201a43.mp3,144.719979,48000,57.3599895,development,,False
direct_band_500x500_20260815,7dca9fa1b51d0860,1,suno_unknown,suno-ai-music-dataset-audio/audio/3aaeb756-bad6-4d0a-bb79-64192fe531ca.mp3,274.159979,48000,122.07998950000001,development,,False
direct_band_500x500_20260815,7de42b05b90b5794,1,suno_unknown,suno-ai-music-dataset-audio/audio/44fa5362-d18f-44a2-9393-d52c728827c2.mp3,242.799979,48000,106.3999895,development,,False
direct_band_500x500_20260815,7e268d43231bee7e,1,suno_unknown,suno-ai-music-dataset-audio/audio/2335c4d7-8eab-4ae9-bab0-7fff352740f9.mp3,213.239979,48000,91.6199895,development,,False
direct_band_500x500_20260815,7f78ab653642237f,1,suno_unknown,suno-ai-music-dataset-audio/audio/a0fb2707-2dcc-426a-96f2-d8178514bacb.mp3,100.879979,48000,35.4399895,locked_test,,False
direct_band_500x500_20260815,80777a127ea924ba,1,suno_unknown,suno-ai-music-dataset-audio/audio/b4bab373-1577-4022-bcac-46d4c460cc67.mp3,217.919979,48000,93.9599895,development,,False
direct_band_500x500_20260815,80854109abb1b234,1,suno_unknown,suno-ai-music-dataset-audio/audio/c95757e5-f292-447d-863f-1346c4fc6edd.mp3,186.559979,48000,78.2799895,locked_test,,False
direct_band_500x500_20260815,845c0f2d46c97806,1,suno_unknown,suno-ai-music-dataset-audio/audio/cc39fd2f-fd9f-4d28-a4a3-d22544dd9e34.mp3,161.439979,48000,65.7199895,development,,False
direct_band_500x500_20260815,84f2183a9e224e43,1,suno_unknown,suno-ai-music-dataset-audio/audio/e36852b6-9754-44ec-b43e-c1152fa110cd.mp3,289.959979,48000,129.9799895,development,,False
direct_band_500x500_20260815,858e050732dfc29b,1,suno_unknown,suno-ai-music-dataset-audio/audio/caad092c-6bce-4ca4-984a-0cb0fdb37022.mp3,185.999979,48000,77.9999895,development,,False
direct_band_500x500_20260815,8638c9e223d6cc5b,1,suno_unknown,suno-ai-music-dataset-audio/audio/1b67c01f-f121-499b-9f12-04a54ce93e47.mp3,203.719979,48000,86.8599895,development,,False
direct_band_500x500_20260815,87c63577110e326c,1,suno_unknown,suno-ai-music-dataset-audio/audio/9f9a9431-a529-49f6-a191-53945a8475c2.mp3,166.719979,48000,68.3599895,development,,False
direct_band_500x500_20260815,881445f0e4f3a418,1,suno_unknown,suno-ai-music-dataset-audio/audio/a9e7f4e9-3650-470e-9ec9-f599e8a2e1de.mp3,182.039979,48000,76.0199895,locked_test,,False
direct_band_500x500_20260815,885a57783ae197ab,1,suno_unknown,suno-ai-music-dataset-audio/audio/73b31e90-5f0c-4811-99ae-a6975d4f2678.mp3,131.639979,48000,50.819989500000005,locked_test,,False
direct_band_500x500_20260815,8955b970e7607610,1,suno_unknown,suno-ai-music-dataset-audio/audio/e7774fef-a185-4368-8e83-12d0b0c4090c.mp3,127.199979,48000,48.5999895,locked_test,,False
direct_band_500x500_20260815,89caefac5d2f5863,1,suno_unknown,suno-ai-music-dataset-audio/audio/2c93cb77-3353-406e-acd2-7da505651112.mp3,54.199979,48000,12.0999895,development,,False
direct_band_500x500_20260815,8a9d32e589c86d7a,1,suno_unknown,suno-ai-music-dataset-audio/audio/ecff8528-080b-48c3-b463-de94b150153f.mp3,295.959979,48000,132.9799895,development,,False
direct_band_500x500_20260815,8bf8b928bda5edf9,1,suno_unknown,suno-ai-music-dataset-audio/audio/5b1007f1-f6c3-4366-a900-06f58b6c56c1.mp3,80.0,48000,25.0,development,,False
direct_band_500x500_20260815,8d7795d292fc1286,1,suno_unknown,suno-ai-music-dataset-audio/audio/3b932691-8947-47aa-9a2d-4f6942503842.mp3,203.399979,48000,86.6999895,development,,False
direct_band_500x500_20260815,8ded041814fe1a0d,1,suno_unknown,suno-ai-music-dataset-audio/audio/80c89e58-a494-4175-ab79-0073b1c2041d.mp3,254.839979,48000,112.4199895,development,,False
direct_band_500x500_20260815,8ee43445a2ab1f7b,1,suno_unknown,suno-ai-music-dataset-audio/audio/1f98f794-7498-4fa7-9b6f-bb6fab33a561.mp3,229.439979,48000,99.7199895,development,,False
direct_band_500x500_20260815,8ff0e6c8b2091568,1,suno_unknown,suno-ai-music-dataset-audio/audio/f683208e-0e3e-42e9-a255-b38088379080.mp3,151.319979,48000,60.659989499999995,development,,False
direct_band_500x500_20260815,9221203068c94729,1,suno_unknown,suno-ai-music-dataset-audio/audio/2ddc64cd-4608-47aa-acf3-b6aa2a94a553.mp3,191.999979,48000,80.9999895,development,,False
direct_band_500x500_20260815,9265048a2d51cfcf,1,suno_unknown,suno-ai-music-dataset-audio/audio/fcf5f84b-90f5-4e9f-8d4d-ec32fa5cbc8a.mp3,160.799979,48000,65.3999895,development,,False
direct_band_500x500_20260815,933bb2cf54935f0b,1,suno_unknown,suno-ai-music-dataset-audio/audio/4e920127-93cd-4c76-9df2-da71411cdf4d.mp3,262.959979,48000,116.47998949999999,development,,False
direct_band_500x500_20260815,9547b3135fbee5dc,1,suno_unknown,suno-ai-music-dataset-audio/audio/5852c17b-51aa-4c3a-9724-088b08ba67f2.mp3,479.399979,48000,224.6999895,development,,False
direct_band_500x500_20260815,954ef275fb76164d,1,suno_unknown,suno-ai-music-dataset-audio/audio/08f51d4c-31aa-470d-9191-e5705899b8ea.mp3,216.879979,48000,93.4399895,development,,False
direct_band_500x500_20260815,95d1796068fbb8e2,1,suno_unknown,suno-ai-music-dataset-audio/audio/277ee5aa-ebe5-4817-855b-ab9591291f8a.mp3,168.799979,48000,69.3999895,development,,False
direct_band_500x500_20260815,97ab2e1e8c0e8cbc,1,suno_unknown,suno-ai-music-dataset-audio/audio/139152e9-25c0-47da-b7a3-385ce4a3d1c4.mp3,183.239979,48000,76.6199895,locked_test,,False
direct_band_500x500_20260815,993674b1a6a2f295,1,suno_unknown,suno-ai-music-dataset-audio/audio/7284c093-77db-4408-9670-880723cce9fb.mp3,192.879979,48000,81.4399895,development,,False
direct_band_500x500_20260815,9ad5cdabf9795fb9,1,suno_unknown,suno-ai-music-dataset-audio/audio/60f95b89-2b81-4af6-84d5-692935122505.mp3,134.399979,48000,52.1999895,development,,False
direct_band_500x500_20260815,9c661f1d206f6258,1,suno_unknown,suno-ai-music-dataset-audio/audio/1f8e1a11-e015-45a5-914a-96a70e212fdd.mp3,479.399979,48000,224.6999895,development,,False
direct_band_500x500_20260815,9daee49b4b58018c,1,suno_unknown,suno-ai-music-dataset-audio/audio/cdc6a355-e7c5-4a1d-91e4-ad87059a2f79.mp3,164.479979,48000,67.2399895,development,,False
direct_band_500x500_20260815,9ee9d919fe42d18a,1,suno_unknown,suno-ai-music-dataset-audio/audio/e7186e78-1da2-423e-a9b1-709ea46baf02.mp3,479.359979,48000,224.6799895,locked_test,,False
direct_band_500x500_20260815,9f0e646aeddbed9e,1,suno_unknown,suno-ai-music-dataset-audio/audio/cffb8581-5c61-4d9d-b7fc-ff1d01b6586c.mp3,257.319979,48000,113.6599895,locked_test,,False
direct_band_500x500_20260815,9f1b71a4f4d1ba8f,1,suno_unknown,suno-ai-music-dataset-audio/audio/17973d17-9be6-4534-9daa-562ed94f5ea0.mp3,76.479979,48000,23.2399895,development,,False
direct_band_500x500_20260815,a06eb225419de896,1,suno_unknown,suno-ai-music-dataset-audio/audio/f60a70ef-6aae-4cea-9941-17d5130b04a2.mp3,146.399979,48000,58.1999895,development,,False
direct_band_500x500_20260815,a08f0f1835380461,1,suno_unknown,suno-ai-music-dataset-audio/audio/3307f618-5156-41f5-9504-92e8b356abe4.mp3,153.799979,48000,61.899989500000004,development,,False
direct_band_500x500_20260815,a127d199bcf8c4da,1,suno_unknown,suno-ai-music-dataset-audio/audio/21e81d24-049b-4514-994d-e27524b50ecf.mp3,103.919979,48000,36.9599895,development,,False
direct_band_500x500_20260815,a4aea884aa0e8a86,1,suno_unknown,suno-ai-music-dataset-audio/audio/bb8ffd69-c3e1-4c91-9154-7937271af5be.mp3,158.399979,48000,64.1999895,locked_test,,False
direct_band_500x500_20260815,a5372e36fce3d7bc,1,suno_unknown,suno-ai-music-dataset-audio/audio/b22e906d-9727-4bae-92df-f6e7bf913b85.mp3,479.399979,48000,224.6999895,development,,False
direct_band_500x500_20260815,a67efe2cc9d08467,1,suno_unknown,suno-ai-music-dataset-audio/audio/09d221ce-3ce7-44d6-80de-ea661b56ca19.mp3,243.839979,48000,106.9199895,development,,False
direct_band_500x500_20260815,a6a9bcc737b306b2,1,suno_unknown,suno-ai-music-dataset-audio/audio/446a430f-2745-47c7-807f-d5b2c5dd55f4.mp3,144.479979,48000,57.23998949999999,development,,False
direct_band_500x500_20260815,a7a55318d29f4cbf,1,suno_unknown,suno-ai-music-dataset-audio/audio/4f81f7b9-fe2b-42df-97d4-df718d436616.mp3,199.079979,48000,84.5399895,locked_test,,False
direct_band_500x500_20260815,a7b309dfcd835921,1,suno_unknown,suno-ai-music-dataset-audio/audio/10258cce-8a12-4424-ab58-549bbb98b6f6.mp3,268.359979,48000,119.1799895,locked_test,,False
direct_band_500x500_20260815,aa1504712a97a523,1,suno_unknown,suno-ai-music-dataset-audio/audio/9343d1b0-3bcd-41eb-a1e8-95951414dd9f.mp3,162.239979,48000,66.1199895,locked_test,,False
direct_band_500x500_20260815,aa229d4d970b8d62,1,suno_unknown,suno-ai-music-dataset-audio/audio/ace3bb8d-1ee9-4d3f-8b5a-3c5371936006.mp3,159.719979,48000,64.8599895,development,,False
direct_band_500x500_20260815,aa64cb31e8354f22,1,suno_unknown,suno-ai-music-dataset-audio/audio/cb3ad248-4946-4c91-9dba-4433a16afe7b.mp3,34.919979,48000,2.459989499999999,development,,False
direct_band_500x500_20260815,ab3d0eafde26a5d4,1,suno_unknown,suno-ai-music-dataset-audio/audio/e91989c8-fe3a-45fe-90c7-6c0110f8219b.mp3,78.919979,48000,24.4599895,development,,False
direct_band_500x500_20260815,ac4fbc26f421cc61,1,suno_unknown,suno-ai-music-dataset-audio/audio/75a85d6a-029d-4e26-9e49-e342c4f7636e.mp3,184.959979,48000,77.4799895,locked_test,,False
direct_band_500x500_20260815,add0e33abcc8dedf,1,suno_unknown,suno-ai-music-dataset-audio/audio/13d24818-f65d-4a97-b75b-9efbd646e7c8.mp3,262.559979,48000,116.2799895,development,,False
direct_band_500x500_20260815,ae07f291c657f707,1,suno_unknown,suno-ai-music-dataset-audio/audio/745943f5-5424-4ba7-98a0-50ec14f2c2e0.mp3,73.279979,48000,21.6399895,development,,False
direct_band_500x500_20260815,afb94a05d7b2ae8e,1,suno_unknown,suno-ai-music-dataset-audio/audio/0f02db48-bdb6-4f2c-956c-16c71a1fbc51.mp3,174.279979,48000,72.1399895,development,,False
direct_band_500x500_20260815,b00a975eb09bac64,1,suno_unknown,suno-ai-music-dataset-audio/audio/b8f17087-d73d-486d-9e66-39d8b311b2ca.mp3,146.359979,48000,58.179989500000005,development,,False
direct_band_500x500_20260815,b021bf73d734a006,1,suno_unknown,suno-ai-music-dataset-audio/audio/08c2a601-e7ae-4e5b-a635-0a3e87164d8c.mp3,207.399979,48000,88.6999895,development,,False
direct_band_500x500_20260815,b1969126cc649dc4,1,suno_unknown,suno-ai-music-dataset-audio/audio/22cc6db0-5d58-4d62-950c-6ebfa9531616.mp3,154.559979,48000,62.2799895,development,,False
direct_band_500x500_20260815,b4ec5975c599e28f,1,suno_unknown,suno-ai-music-dataset-audio/audio/bdbedfbc-1697-4090-a6b0-a89955f58092.mp3,159.679979,48000,64.8399895,development,,False
direct_band_500x500_20260815,b7227007b94af61d,1,suno_unknown,suno-ai-music-dataset-audio/audio/eed1a48f-6c8c-4b06-a2ab-77e632cee1ec.mp3,318.959979,48000,144.4799895,development,,False
direct_band_500x500_20260815,b97bf85b58ba3c7a,1,suno_unknown,suno-ai-music-dataset-audio/audio/adf57ed4-61fb-44dc-8699-8de2988626d1.mp3,264.719979,48000,117.35998950000001,development,,False
direct_band_500x500_20260815,bcf08c6fcfc59e15,1,suno_unknown,suno-ai-music-dataset-audio/audio/d6f856eb-c16d-4d79-82ae-0509743392e1.mp3,172.919979,48000,71.4599895,development,,False
direct_band_500x500_20260815,bd116323a7a6e8fe,1,suno_unknown,suno-ai-music-dataset-audio/audio/89c6b531-3d35-4051-998b-58d77bf2f677.mp3,278.239979,48000,124.1199895,development,,False
direct_band_500x500_20260815,be9155d8d1063149,1,suno_unknown,suno-ai-music-dataset-audio/audio/a05f3a58-2720-4d5c-bd37-b7d5b9f9340f.mp3,479.399979,48000,224.6999895,locked_test,,False
direct_band_500x500_20260815,bef081aca1634564,1,suno_unknown,suno-ai-music-dataset-audio/audio/6adc36b0-3d2b-47b2-b35c-f2d16a04e0ba.mp3,479.399979,48000,224.6999895,development,,False
direct_band_500x500_20260815,bf1eb63799ada69c,1,suno_unknown,suno-ai-music-dataset-audio/audio/2f147366-46c2-425b-a2df-875da32e4130.mp3,193.159979,48000,81.5799895,development,,False
direct_band_500x500_20260815,c003c16f0a4e9ed6,1,suno_unknown,suno-ai-music-dataset-audio/audio/d3c81e91-ec57-4169-80a4-05985d159b0d.mp3,301.959979,48000,135.9799895,development,,False
direct_band_500x500_20260815,c052fdc3f3825c87,1,suno_unknown,suno-ai-music-dataset-audio/audio/1814ce3e-a0b8-4a20-9d61-6c0f3cbcf8a1.mp3,118.159979,48000,44.0799895,development,,False
direct_band_500x500_20260815,c45dac766e7f88d5,1,suno_unknown,suno-ai-music-dataset-audio/audio/b682ea2e-7874-4dfa-a24e-836857b66591.mp3,479.399979,48000,224.6999895,development,,False
direct_band_500x500_20260815,c5bf78ac3d273809,1,suno_unknown,suno-ai-music-dataset-audio/audio/430a093d-95ae-4acc-a280-c030fad3a640.mp3,128.76,48000,49.379999999999995,development,,False
direct_band_500x500_20260815,c697cb50bf6fcb99,1,suno_unknown,suno-ai-music-dataset-audio/audio/a4e737ed-6e52-412e-b65e-a628c27dc405.mp3,157.839979,48000,63.9199895,development,,False
direct_band_500x500_20260815,c80ae1fcdc5d45a0,1,suno_unknown,suno-ai-music-dataset-audio/audio/6d53c624-3bcc-4fe0-be0d-5719a74f0b03.mp3,236.519979,48000,103.2599895,development,,False
direct_band_500x500_20260815,c9715b54c048931f,1,suno_unknown,suno-ai-music-dataset-audio/audio/810bb772-a687-420e-929c-7af34e6cad30.mp3,173.279979,48000,71.6399895,locked_test,,False
direct_band_500x500_20260815,cad5669570966e26,1,suno_unknown,suno-ai-music-dataset-audio/audio/2202ce6f-f96a-45d9-951f-b48c26a12bae.mp3,204.079979,48000,87.0399895,locked_test,,False
direct_band_500x500_20260815,cb5216d986bb06a4,1,suno_unknown,suno-ai-music-dataset-audio/audio/13bc18dd-f257-4891-b13a-45aa68d410b4.mp3,194.519979,48000,82.2599895,locked_test,,False
direct_band_500x500_20260815,cda6e4aaa541aed9,1,suno_unknown,suno-ai-music-dataset-audio/audio/ef2f75c5-236d-4b54-bbfd-4ad8600a958b.mp3,165.319979,48000,67.6599895,development,,False
direct_band_500x500_20260815,cddbfb2ec30d6426,1,suno_unknown,suno-ai-music-dataset-audio/audio/1ba7dabf-2ace-464d-845e-2fa60e1052dc.mp3,153.399979,48000,61.6999895,locked_test,,False
direct_band_500x500_20260815,cf019cd2fd5f5782,1,suno_unknown,suno-ai-music-dataset-audio/audio/071f8be6-c373-4ef4-9829-501b2ade99c5.mp3,144.519979,48000,57.2599895,development,,False
direct_band_500x500_20260815,cf573c83ccff7b4a,1,suno_unknown,suno-ai-music-dataset-audio/audio/ddb3a090-c70e-449e-8ba4-8ee9fbe03fc4.mp3,89.359979,48000,29.679989499999998,development,,False
direct_band_500x500_20260815,cf65d12167670358,1,suno_unknown,suno-ai-music-dataset-audio/audio/0fb1b3aa-0192-4d8c-a641-73415a870c6d.mp3,136.359979,48000,53.179989500000005,locked_test,,False
direct_band_500x500_20260815,d118c1765d0f4abe,1,suno_unknown,suno-ai-music-dataset-audio/audio/1a5b16f1-ccd7-4e09-8a64-cbadefce5247.mp3,213.879979,48000,91.9399895,development,,False
direct_band_500x500_20260815,d20a9d8706284c45,1,suno_unknown,suno-ai-music-dataset-audio/audio/ebcb2633-01a0-484d-a9b9-ac48b929b652.mp3,66.639979,48000,18.3199895,locked_test,,False
direct_band_500x500_20260815,d26545b665efc516,1,suno_unknown,suno-ai-music-dataset-audio/audio/5c5aae2b-03a9-4d02-83ad-ce70545f5123.mp3,164.999979,48000,67.4999895,development,,False
direct_band_500x500_20260815,d2d381f5e4ac9576,1,suno_unknown,suno-ai-music-dataset-audio/audio/7fc58e78-e7f6-4c71-900e-98a0fa582a3b.mp3,117.239979,48000,43.6199895,locked_test,,False
direct_band_500x500_20260815,d31c97469e64356c,1,suno_unknown,suno-ai-music-dataset-audio/audio/00a13cec-21c3-44cb-9687-8d32ba427c79.mp3,289.999979,48000,129.9999895,development,,False
direct_band_500x500_20260815,d35e32346d902c7a,1,suno_unknown,suno-ai-music-dataset-audio/audio/f0dae54f-332c-49c7-a01a-888a799432fc.mp3,214.279979,48000,92.1399895,locked_test,,False
direct_band_500x500_20260815,d4a2d96ac6a9c278,1,suno_unknown,suno-ai-music-dataset-audio/audio/c0505bfe-871d-44e6-bcd8-807521add5ba.mp3,117.959979,48000,43.9799895,development,,False
direct_band_500x500_20260815,d652c9c3073b38c5,1,suno_unknown,suno-ai-music-dataset-audio/audio/c27b0b13-3e10-4eda-bb18-a56718da8fce.mp3,296.839979,48000,133.4199895,locked_test,,False
direct_band_500x500_20260815,d67c4f3686d23d2b,1,suno_unknown,suno-ai-music-dataset-audio/audio/35b73e5e-27df-4062-92e8-b8c4bc472207.mp3,148.239979,48000,59.1199895,development,,False
direct_band_500x500_20260815,d706ef1c1f3be00e,1,suno_unknown,suno-ai-music-dataset-audio/audio/e530017e-aa8a-46e9-bac9-c47ef52c6d8f.mp3,217.159979,48000,93.5799895,development,,False
direct_band_500x500_20260815,d784e8e1c3ef4452,1,suno_unknown,suno-ai-music-dataset-audio/audio/a47385d9-a75f-46ee-9f53-41fced47c7e8.mp3,160.519979,48000,65.2599895,development,,False
direct_band_500x500_20260815,d7ec12cdbffeb70f,1,suno_unknown,suno-ai-music-dataset-audio/audio/9008510b-4f85-4d03-a22f-078a13f524cd.mp3,219.719979,48000,94.8599895,development,,False
direct_band_500x500_20260815,d8426d118698dc88,1,suno_unknown,suno-ai-music-dataset-audio/audio/96682575-4c2e-4152-8907-acd1b33b4761.mp3,201.279979,48000,85.6399895,development,,False
direct_band_500x500_20260815,d86275f958255b09,1,suno_unknown,suno-ai-music-dataset-audio/audio/f7686add-2363-45b2-a818-e3ecea07b961.mp3,179.879979,48000,74.9399895,development,,False
direct_band_500x500_20260815,db037bccde04a63d,1,suno_unknown,suno-ai-music-dataset-audio/audio/6947e154-8919-4d51-bf0f-024fbe1847d7.mp3,178.799979,48000,74.3999895,development,,False
direct_band_500x500_20260815,dcc024024c95300b,1,suno_unknown,suno-ai-music-dataset-audio/audio/56f0aee6-a03e-41d5-8b00-5e802460ffaa.mp3,294.119979,48000,132.0599895,development,,False
direct_band_500x500_20260815,dcf2b9279639f4f4,1,suno_unknown,suno-ai-music-dataset-audio/audio/5346503e-e77a-4dd5-933b-c6481d51a752.mp3,183.159979,48000,76.5799895,development,,False
direct_band_500x500_20260815,dd2a667eaada14b2,1,suno_unknown,suno-ai-music-dataset-audio/audio/6b8ba8d8-da8b-4fe2-8b53-7fe71831733d.mp3,479.399979,48000,224.6999895,development,,False
direct_band_500x500_20260815,de1e340727fec277,1,suno_unknown,suno-ai-music-dataset-audio/audio/284b744c-b730-478c-be05-0bfb2e7a9d94.mp3,253.919979,48000,111.9599895,locked_test,,False
direct_band_500x500_20260815,dea0456824be4631,1,suno_unknown,suno-ai-music-dataset-audio/audio/bb493a42-5088-432d-ac95-c9bc0137fe79.mp3,142.799979,48000,56.399989500000004,development,,False
direct_band_500x500_20260815,ded7a68ff493fb48,1,suno_unknown,suno-ai-music-dataset-audio/audio/097c3ee3-c161-48c9-8458-a7ec6fda6fd9.mp3,133.719979,48000,51.8599895,development,,False
direct_band_500x500_20260815,deffab93e4fa70c4,1,suno_unknown,suno-ai-music-dataset-audio/audio/57e995dc-253e-485d-acfe-868f9482fa65.mp3,162.959979,48000,66.4799895,locked_test,,False
direct_band_500x500_20260815,df0d918f1c4c2bca,1,suno_unknown,suno-ai-music-dataset-audio/audio/1a1e6ff8-0cd9-46ca-86cf-ac40d77400dc.mp3,169.239979,48000,69.6199895,development,,False
direct_band_500x500_20260815,df13a6adb70b0e39,1,suno_unknown,suno-ai-music-dataset-audio/audio/a3e5e848-a81e-426a-b66a-6892eba9415f.mp3,161.959979,48000,65.9799895,development,,False
direct_band_500x500_20260815,e0e04ef6d1156bfe,1,suno_unknown,suno-ai-music-dataset-audio/audio/a75a4f99-436f-4910-ae94-73411922928d.mp3,108.359979,48000,39.1799895,development,,False
direct_band_500x500_20260815,e3c3142b68ce6af5,1,suno_unknown,suno-ai-music-dataset-audio/audio/5b53392d-228c-4571-9d95-53783dbea193.mp3,104.119979,48000,37.0599895,development,,False
direct_band_500x500_20260815,e443f3f3f24ca851,1,suno_unknown,suno-ai-music-dataset-audio/audio/38e19d2a-a4b0-4001-bb06-0cf1b35b52fd.mp3,132.319979,48000,51.159989499999995,development,,False
direct_band_500x500_20260815,e6b64f5e3b6f902c,1,suno_unknown,suno-ai-music-dataset-audio/audio/dfce378f-052d-4155-983e-35d3c22f5600.mp3,153.879979,48000,61.939989499999996,development,,False
direct_band_500x500_20260815,e6ee60dbe6f3b775,1,suno_unknown,suno-ai-music-dataset-audio/audio/ebd781c1-0384-41f2-9128-ce852c48bd3c.mp3,143.759979,48000,56.87998949999999,development,,False
direct_band_500x500_20260815,e73509794a2d49be,1,suno_unknown,suno-ai-music-dataset-audio/audio/4547ad63-fc2c-4eb2-8b0d-1f258ea16f11.mp3,217.319979,48000,93.6599895,locked_test,,False
direct_band_500x500_20260815,e94cc62596976002,1,suno_unknown,suno-ai-music-dataset-audio/audio/29e82427-5ea6-45cc-875b-4d0323f75425.mp3,208.119979,48000,89.0599895,development,,False
direct_band_500x500_20260815,e9a6fedc0b250f3b,1,suno_unknown,suno-ai-music-dataset-audio/audio/acba863f-0e8a-4161-9297-514e4840edb0.mp3,269.279979,48000,119.63998950000001,development,,False
direct_band_500x500_20260815,ec60047fe3bbf376,1,suno_unknown,suno-ai-music-dataset-audio/audio/5f2d8eac-da2e-46fc-9900-5ad563ced602.mp3,203.599979,48000,86.7999895,development,,False
direct_band_500x500_20260815,ecb2e3b89426baf5,1,suno_unknown,suno-ai-music-dataset-audio/audio/93a0058f-e1b5-4ef1-8a3a-ca1de634c542.mp3,67.319979,48000,18.659989500000002,development,,False
direct_band_500x500_20260815,f2f261db73e46ec4,1,suno_unknown,suno-ai-music-dataset-audio/audio/1dfa326c-44d6-4645-bbf1-f7db7583ddbd.mp3,189.159979,48000,79.5799895,development,,False
direct_band_500x500_20260815,f3beb023fed7fa71,1,suno_unknown,suno-ai-music-dataset-audio/audio/79080b44-5e10-4721-8b24-049a2b251636.mp3,113.999979,48000,41.9999895,development,,False
direct_band_500x500_20260815,f5da1fb644513cbf,1,suno_unknown,suno-ai-music-dataset-audio/audio/2ee8cf50-58b1-4e29-ab35-cc3de5d4ec91.mp3,217.159979,48000,93.5799895,development,,False
direct_band_500x500_20260815,f69ed332353605d0,1,suno_unknown,suno-ai-music-dataset-audio/audio/181643db-a553-468f-aa39-e43b776e1ad3.mp3,189.719979,48000,79.8599895,development,,False
direct_band_500x500_20260815,f75c20ed8b535695,1,suno_unknown,suno-ai-music-dataset-audio/audio/9c90f30c-19a2-40b1-87ea-0f41e8081b0c.mp3,179.639979,48000,74.8199895,development,,False
direct_band_500x500_20260815,f8b39318a1169b8d,1,suno_unknown,suno-ai-music-dataset-audio/audio/6be937e3-1305-40fe-b970-63842265ca1c.mp3,189.479979,48000,79.7399895,development,,False
direct_band_500x500_20260815,faf814c244144451,1,suno_unknown,suno-ai-music-dataset-audio/audio/1ae55f14-d4c3-4611-9613-e005e3fc5823.mp3,133.879979,48000,51.939989499999996,development,,False
direct_band_500x500_20260815,faf8f8140756ba8f,1,suno_unknown,suno-ai-music-dataset-audio/audio/2fff17bb-359e-4c2e-b0cc-377f2f67ef93.mp3,194.919979,48000,82.4599895,development,,False
direct_band_500x500_20260815,fcd1abe0cb58577a,1,suno_unknown,suno-ai-music-dataset-audio/audio/05dadc2c-e572-41a4-a289-42d51667e3ab.mp3,214.959979,48000,92.4799895,development,,False
direct_band_500x500_20260815,fcd1e8eb4b7085b5,1,suno_unknown,suno-ai-music-dataset-audio/audio/33764b91-9353-4ff9-aa22-332863e94823.mp3,196.919979,48000,83.4599895,development,,False
stem_spectral_pilot_20260813,098942e5dd135ee8,0,fma_medium,fma_medium/130/130078.mp3,30.0,48000,0.0,,,False
stem_spectral_pilot_20260813,826ad72430c62345,0,fma_medium,fma_medium/043/043029.mp3,30.014694,44100,0.007346999999999326,,,False
stem_spectral_pilot_20260813,adffafb49aef104a,0,fma_medium,fma_medium/013/013646.mp3,30.014694,44100,0.007346999999999326,,,False
stem_spectral_pilot_20260813,c9f8e59751a2f534,0,fma_medium,fma_medium/137/137417.mp3,30.014694,44100,0.007346999999999326,,,False
stem_spectral_pilot_20260813,cfa12de3ec582b2a,0,fma_medium,fma_medium/065/065877.mp3,30.014694,44100,0.007346999999999326,,,False
stem_spectral_pilot_20260813,d130395ad7cb079f,0,fma_medium,fma_medium/054/054966.mp3,30.014694,44100,0.007346999999999326,,,False
stem_spectral_pilot_20260813,d5e11aef5e99a5ac,0,fma_medium,fma_medium/098/098572.mp3,30.014694,44100,0.007346999999999326,,,False
stem_spectral_pilot_20260813,dc05787ab2b4f28b,0,fma_medium,fma_medium/144/144173.mp3,30.014694,44100,0.007346999999999326,,,False
stem_spectral_pilot_20260813,e82f23152d6b33f3,0,fma_medium,fma_medium/079/079568.mp3,30.014694,44100,0.007346999999999326,,,False
stem_spectral_pilot_20260813,f5a265563de4033e,0,fma_medium,fma_medium/138/138484.mp3,30.014694,44100,0.007346999999999326,,,False
stem_spectral_pilot_20260813,7619a26482f746b2,1,humair_suno,humair025-suno-audio-mp3/batch_12/04d73ec5-0211-4a7d-923b-2e077dbe596b.mp3,173.96,48000,71.98,,,False
stem_spectral_pilot_20260813,794c90082684199f,1,humair_suno,humair025-suno-audio-mp3/batch_0/00085d71-1a94-4490-9c96-1a1722f8b76c.mp3,172.32,48000,71.16,,,False
stem_spectral_pilot_20260813,7a4cf21249a3008b,1,humair_suno,humair025-suno-audio-mp3/batch_16/06682272-3d76-47e5-bff0-d6b1d8f05cdc.mp3,139.28,48000,54.64,,,False
stem_spectral_pilot_20260813,9e1d7e387547d799,1,humair_suno,humair025-suno-audio-mp3/batch_0/005bcbd5-de74-4f1d-bf87-d59c2c9720f7.mp3,187.0,48000,78.5,,,False
stem_spectral_pilot_20260813,fa5b1a966c782ffd,1,humair_suno,humair025-suno-audio-mp3/batch_11/047c52d6-b452-4581-86f4-e2a2d02ffc2f.mp3,164.08,48000,67.04,,,False
stem_spectral_pilot_20260813,2c8c0083baeb3c27,1,suno_unknown,suno-ai-music-dataset-audio/audio/23a864b3-b63a-402d-a95a-a2750cbadf5a.mp3,224.599979,48000,97.2999895,,,False
stem_spectral_pilot_20260813,6c5fdc156874cb4e,1,suno_unknown,suno-ai-music-dataset-audio/audio/a1e2180e-bdf6-42f6-a00f-45fa10df1b87.mp3,267.879979,48000,118.9399895,,,False
stem_spectral_pilot_20260813,6cb4cab6d1fbcd0c,1,suno_unknown,suno-ai-music-dataset-audio/audio/c0b3a6a4-87d6-47f4-8c71-43e90620c96a.mp3,217.319979,48000,93.6599895,,,False
stem_spectral_pilot_20260813,ae234f48f167df91,1,suno_unknown,suno-ai-music-dataset-audio/audio/0b9dd31d-0587-476d-bb77-46225ac297ba.mp3,269.759979,48000,119.8799895,,,False
stem_spectral_pilot_20260813,d9d9dfecc144294b,1,suno_unknown,suno-ai-music-dataset-audio/audio/0aa6013f-187f-40e8-acb4-cb5cd583eed8.mp3,175.919979,48000,72.9599895,,,False
