id,label,source_group
ai_acestep_muse_cn_suno_cn_000107_1,1,ACE-Step
ai_acestep_muse_cn_suno_cn_000134_1,1,ACE-Step
ai_acestep_muse_cn_suno_cn_000244_1,1,ACE-Step
ai_acestep_muse_cn_suno_cn_000268_1,1,ACE-Step
ai_acestep_muse_cn_suno_cn_000394_1,1,ACE-Step
ai_acestep_muse_cn_suno_cn_000484_0,1,ACE-Step
ai_acestep_muse_cn_suno_cn_000585_1,1,ACE-Step
ai_acestep_muse_cn_suno_cn_000676_0,1,ACE-Step
ai_acestep_muse_cn_suno_cn_000679_1,1,ACE-Step
ai_acestep_muse_cn_suno_cn_000877_0,1,ACE-Step
ai_acestep_muse_cn_suno_cn_000887_1,1,ACE-Step
ai_acestep_muse_cn_suno_cn_000896_0,1,ACE-Step
ai_acestep_muse_cn_suno_cn_000942_1,1,ACE-Step
ai_acestep_muse_cn_suno_cn_000955_0,1,ACE-Step
ai_acestep_muse_cn_suno_cn_001079_1,1,ACE-Step
ai_acestep_muse_cn_suno_cn_001149_0,1,ACE-Step
ai_acestep_muse_cn_suno_cn_001191_0,1,ACE-Step
ai_acestep_muse_cn_suno_cn_001199_1,1,ACE-Step
ai_acestep_muse_cn_suno_cn_001270_0,1,ACE-Step
ai_acestep_muse_cn_suno_cn_001353_1,1,ACE-Step
ai_acestep_muse_cn_suno_cn_001668_0,1,ACE-Step
ai_acestep_muse_cn_suno_cn_001690_1,1,ACE-Step
ai_acestep_muse_cn_suno_cn_001808_0,1,ACE-Step
ai_acestep_muse_cn_suno_cn_002111_0,1,ACE-Step
ai_acestep_muse_cn_suno_cn_002120_0,1,ACE-Step
ai_acestep_muse_cn_suno_cn_002130_1,1,ACE-Step
ai_acestep_muse_cn_suno_cn_002202_0,1,ACE-Step
ai_acestep_muse_cn_suno_cn_002228_0,1,ACE-Step
ai_acestep_muse_cn_suno_cn_002440_1,1,ACE-Step
ai_acestep_muse_cn_suno_cn_002516_1,1,ACE-Step
ai_acestep_muse_cn_suno_cn_002551_0,1,ACE-Step
ai_acestep_muse_cn_suno_cn_002585_1,1,ACE-Step
ai_acestep_muse_cn_suno_cn_002619_1,1,ACE-Step
ai_acestep_muse_cn_suno_cn_002660_0,1,ACE-Step
ai_acestep_muse_cn_suno_cn_002718_0,1,ACE-Step
ai_acestep_muse_cn_suno_cn_002840_0,1,ACE-Step
ai_acestep_muse_cn_suno_cn_002958_0,1,ACE-Step
ai_acestep_muse_cn_suno_cn_003042_0,1,ACE-Step
ai_acestep_muse_cn_suno_cn_003067_1,1,ACE-Step
ai_acestep_muse_cn_suno_cn_003122_0,1,ACE-Step
ai_acestep_muse_cn_suno_cn_003137_1,1,ACE-Step
ai_acestep_muse_cn_suno_cn_003251_0,1,ACE-Step
ai_acestep_muse_cn_suno_cn_003275_1,1,ACE-Step
ai_acestep_muse_cn_suno_cn_003278_1,1,ACE-Step
ai_acestep_muse_cn_suno_cn_003299_0,1,ACE-Step
ai_acestep_muse_cn_suno_cn_003559_0,1,ACE-Step
ai_acestep_muse_cn_suno_cn_003766_1,1,ACE-Step
ai_acestep_muse_cn_suno_cn_003884_0,1,ACE-Step
ai_acestep_muse_cn_suno_cn_003983_0,1,ACE-Step
ai_acestep_muse_cn_suno_cn_004044_0,1,ACE-Step
ai_acestep_muse_cn_suno_cn_004068_1,1,ACE-Step
ai_acestep_muse_cn_suno_cn_004138_0,1,ACE-Step
ai_acestep_muse_cn_suno_cn_004405_1,1,ACE-Step
ai_acestep_muse_cn_suno_cn_004485_1,1,ACE-Step
ai_acestep_muse_cn_suno_cn_004770_0,1,ACE-Step
ai_acestep_muse_cn_suno_cn_004806_1,1,ACE-Step
ai_acestep_muse_cn_suno_cn_004936_1,1,ACE-Step
ai_acestep_muse_cn_suno_cn_005005_1,1,ACE-Step
ai_acestep_muse_cn_suno_cn_005164_1,1,ACE-Step
ai_acestep_muse_cn_suno_cn_005322_1,1,ACE-Step
ai_acestep_muse_cn_suno_cn_005324_0,1,ACE-Step
ai_acestep_muse_cn_suno_cn_005351_0,1,ACE-Step
ai_acestep_muse_cn_suno_cn_005457_1,1,ACE-Step
ai_acestep_muse_cn_suno_cn_005459_0,1,ACE-Step
ai_acestep_muse_cn_suno_cn_005537_1,1,ACE-Step
ai_acestep_muse_cn_suno_cn_005597_1,1,ACE-Step
ai_acestep_muse_cn_suno_cn_005832_0,1,ACE-Step
ai_acestep_muse_cn_suno_cn_005841_1,1,ACE-Step
ai_acestep_muse_cn_suno_cn_005844_0,1,ACE-Step
ai_acestep_muse_cn_suno_cn_005879_0,1,ACE-Step
ai_acestep_muse_cn_suno_cn_005897_1,1,ACE-Step
ai_acestep_muse_cn_suno_cn_006023_1,1,ACE-Step
ai_acestep_muse_cn_suno_cn_006047_0,1,ACE-Step
ai_acestep_muse_cn_suno_cn_006115_0,1,ACE-Step
ai_acestep_muse_cn_suno_cn_006140_0,1,ACE-Step
ai_acestep_muse_cn_suno_cn_006142_0,1,ACE-Step
ai_acestep_muse_cn_suno_cn_006204_1,1,ACE-Step
ai_acestep_muse_cn_suno_cn_006375_0,1,ACE-Step
ai_acestep_muse_cn_suno_cn_006670_1,1,ACE-Step
ai_acestep_muse_cn_suno_cn_006851_1,1,ACE-Step
ai_acestep_muse_cn_suno_cn_006985_0,1,ACE-Step
ai_acestep_muse_cn_suno_cn_007242_0,1,ACE-Step
ai_acestep_muse_cn_suno_cn_007250_1,1,ACE-Step
ai_acestep_muse_cn_suno_cn_007265_1,1,ACE-Step
ai_acestep_muse_cn_suno_cn_007401_1,1,ACE-Step
ai_acestep_muse_cn_suno_cn_007503_0,1,ACE-Step
ai_acestep_muse_cn_suno_cn_007831_1,1,ACE-Step
ai_acestep_muse_cn_suno_cn_007990_0,1,ACE-Step
ai_acestep_muse_cn_suno_cn_008284_1,1,ACE-Step
ai_acestep_muse_cn_suno_cn_008333_1,1,ACE-Step
ai_acestep_muse_cn_suno_cn_008405_1,1,ACE-Step
ai_acestep_muse_cn_suno_cn_008426_0,1,ACE-Step
ai_acestep_muse_cn_suno_cn_008528_0,1,ACE-Step
ai_acestep_muse_cn_suno_cn_008555_0,1,ACE-Step
ai_acestep_muse_cn_suno_cn_008586_0,1,ACE-Step
ai_acestep_muse_cn_suno_cn_008777_0,1,ACE-Step
ai_acestep_muse_cn_suno_cn_008836_1,1,ACE-Step
ai_acestep_muse_cn_suno_cn_008947_0,1,ACE-Step
ai_acestep_muse_cn_suno_cn_009034_0,1,ACE-Step
ai_acestep_muse_cn_suno_cn_009181_0,1,ACE-Step
ai_acestep_muse_cn_suno_cn_009437_0,1,ACE-Step
ai_acestep_muse_cn_suno_cn_009521_0,1,ACE-Step
ai_acestep_muse_cn_suno_cn_009697_0,1,ACE-Step
ai_acestep_muse_cn_suno_cn_009859_0,1,ACE-Step
ai_acestep_muse_cn_suno_cn_010060_0,1,ACE-Step
ai_acestep_muse_cn_suno_cn_010120_1,1,ACE-Step
ai_acestep_muse_cn_suno_cn_010125_0,1,ACE-Step
ai_acestep_muse_cn_suno_cn_010422_0,1,ACE-Step
ai_acestep_muse_cn_suno_cn_010426_1,1,ACE-Step
ai_acestep_muse_cn_suno_cn_010468_1,1,ACE-Step
ai_acestep_muse_cn_suno_cn_010720_0,1,ACE-Step
ai_acestep_muse_cn_suno_cn_010769_0,1,ACE-Step
ai_acestep_muse_cn_suno_cn_010854_0,1,ACE-Step
ai_acestep_muse_cn_suno_cn_010922_0,1,ACE-Step
ai_acestep_muse_cn_suno_cn_010968_1,1,ACE-Step
ai_acestep_muse_cn_suno_cn_010976_1,1,ACE-Step
ai_acestep_muse_cn_suno_cn_011062_1,1,ACE-Step
ai_acestep_muse_cn_suno_cn_011091_0,1,ACE-Step
ai_acestep_muse_cn_suno_cn_011121_0,1,ACE-Step
ai_acestep_muse_cn_suno_cn_011204_1,1,ACE-Step
ai_acestep_muse_cn_suno_cn_011299_0,1,ACE-Step
ai_acestep_muse_cn_suno_cn_011498_1,1,ACE-Step
ai_acestep_muse_cn_suno_cn_011565_0,1,ACE-Step
ai_acestep_muse_cn_suno_cn_011610_0,1,ACE-Step
ai_acestep_muse_cn_suno_cn_011638_1,1,ACE-Step
ai_acestep_muse_cn_suno_cn_011839_1,1,ACE-Step
ai_acestep_muse_cn_suno_cn_011869_0,1,ACE-Step
ai_acestep_muse_cn_suno_cn_011912_1,1,ACE-Step
ai_acestep_muse_cn_suno_cn_012107_1,1,ACE-Step
ai_acestep_muse_cn_suno_cn_012177_0,1,ACE-Step
ai_acestep_muse_cn_suno_cn_012421_1,1,ACE-Step
ai_acestep_muse_cn_suno_cn_012498_0,1,ACE-Step
ai_acestep_muse_cn_suno_cn_012526_0,1,ACE-Step
ai_acestep_muse_cn_suno_cn_012705_0,1,ACE-Step
ai_acestep_muse_cn_suno_cn_012899_1,1,ACE-Step
ai_acestep_muse_cn_suno_cn_012967_1,1,ACE-Step
ai_acestep_muse_cn_suno_cn_013167_0,1,ACE-Step
ai_acestep_muse_cn_suno_cn_013206_0,1,ACE-Step
ai_acestep_muse_cn_suno_cn_013209_1,1,ACE-Step
ai_acestep_muse_cn_suno_cn_013405_0,1,ACE-Step
ai_acestep_muse_cn_suno_cn_013420_0,1,ACE-Step
ai_acestep_muse_cn_suno_cn_013730_1,1,ACE-Step
ai_acestep_muse_cn_suno_cn_013771_1,1,ACE-Step
ai_acestep_muse_cn_suno_cn_013851_1,1,ACE-Step
ai_acestep_muse_cn_suno_cn_014281_1,1,ACE-Step
ai_acestep_muse_cn_suno_cn_014378_1,1,ACE-Step
ai_acestep_muse_cn_suno_cn_014403_0,1,ACE-Step
ai_acestep_muse_cn_suno_cn_014516_1,1,ACE-Step
ai_acestep_muse_cn_suno_cn_014692_0,1,ACE-Step
ai_acestep_muse_cn_suno_cn_014722_0,1,ACE-Step
ai_acestep_muse_cn_suno_cn_014780_1,1,ACE-Step
ai_acestep_muse_cn_suno_cn_014859_1,1,ACE-Step
ai_acestep_muse_cn_suno_cn_014976_0,1,ACE-Step
ai_acestep_muse_cn_suno_cn_015082_1,1,ACE-Step
ai_acestep_muse_cn_suno_cn_015187_1,1,ACE-Step
ai_acestep_muse_cn_suno_cn_015622_0,1,ACE-Step
ai_acestep_muse_cn_suno_cn_015652_0,1,ACE-Step
ai_acestep_muse_cn_suno_cn_015840_1,1,ACE-Step
ai_acestep_muse_cn_suno_cn_015869_0,1,ACE-Step
ai_acestep_muse_cn_suno_cn_015906_0,1,ACE-Step
ai_acestep_muse_cn_suno_cn_016011_0,1,ACE-Step
ai_acestep_muse_cn_suno_cn_016186_1,1,ACE-Step
ai_acestep_muse_cn_suno_cn_016201_1,1,ACE-Step
ai_acestep_muse_cn_suno_cn_016541_1,1,ACE-Step
ai_acestep_muse_cn_suno_cn_016564_1,1,ACE-Step
ai_acestep_muse_cn_suno_cn_016867_1,1,ACE-Step
ai_acestep_muse_cn_suno_cn_017217_1,1,ACE-Step
ai_acestep_muse_cn_suno_cn_017249_0,1,ACE-Step
ai_acestep_muse_cn_suno_cn_017255_0,1,ACE-Step
ai_acestep_muse_cn_suno_cn_017343_0,1,ACE-Step
ai_acestep_muse_cn_suno_cn_017373_0,1,ACE-Step
ai_acestep_muse_cn_suno_cn_017486_0,1,ACE-Step
ai_acestep_muse_cn_suno_cn_017531_0,1,ACE-Step
ai_acestep_muse_cn_suno_cn_017627_1,1,ACE-Step
ai_acestep_muse_cn_suno_cn_017645_1,1,ACE-Step
ai_acestep_muse_cn_suno_cn_017780_1,1,ACE-Step
ai_acestep_muse_cn_suno_cn_017803_1,1,ACE-Step
ai_acestep_muse_cn_suno_cn_017832_1,1,ACE-Step
ai_acestep_muse_cn_suno_cn_017956_1,1,ACE-Step
ai_acestep_muse_cn_suno_cn_017992_0,1,ACE-Step
ai_acestep_muse_cn_suno_cn_018057_0,1,ACE-Step
ai_acestep_muse_cn_suno_cn_018338_1,1,ACE-Step
ai_acestep_muse_cn_suno_cn_018558_1,1,ACE-Step
ai_acestep_muse_cn_suno_cn_018563_0,1,ACE-Step
ai_acestep_muse_cn_suno_cn_018634_1,1,ACE-Step
ai_acestep_muse_cn_suno_cn_018713_0,1,ACE-Step
ai_acestep_muse_cn_suno_cn_018814_1,1,ACE-Step
ai_acestep_muse_cn_suno_cn_019033_1,1,ACE-Step
ai_acestep_muse_cn_suno_cn_019040_1,1,ACE-Step
ai_acestep_muse_cn_suno_cn_019084_0,1,ACE-Step
ai_acestep_muse_cn_suno_cn_019155_0,1,ACE-Step
ai_acestep_muse_cn_suno_cn_019557_1,1,ACE-Step
ai_acestep_muse_cn_suno_cn_019593_0,1,ACE-Step
ai_acestep_muse_cn_suno_cn_019618_0,1,ACE-Step
ai_acestep_muse_cn_suno_cn_019709_1,1,ACE-Step
ai_acestep_muse_cn_suno_cn_019753_1,1,ACE-Step
ai_acestep_muse_cn_suno_cn_019837_1,1,ACE-Step
ai_acestep_muse_cn_suno_cn_019962_1,1,ACE-Step
ai_acestep_muse_cn_suno_cn_020042_1,1,ACE-Step
ai_acestep_muse_cn_suno_cn_020151_1,1,ACE-Step
ai_acestep_muse_cn_suno_cn_020176_0,1,ACE-Step
ai_acestep_muse_cn_suno_cn_020367_0,1,ACE-Step
ai_acestep_muse_cn_suno_cn_020424_0,1,ACE-Step
ai_acestep_muse_cn_suno_cn_020583_0,1,ACE-Step
ai_acestep_muse_cn_suno_cn_020594_0,1,ACE-Step
ai_acestep_muse_cn_suno_cn_020622_1,1,ACE-Step
ai_acestep_muse_cn_suno_cn_020623_0,1,ACE-Step
ai_acestep_muse_cn_suno_cn_020838_1,1,ACE-Step
ai_acestep_muse_cn_suno_cn_020854_0,1,ACE-Step
ai_acestep_muse_cn_suno_cn_020956_0,1,ACE-Step
ai_acestep_muse_cn_suno_cn_020962_1,1,ACE-Step
ai_acestep_muse_cn_suno_cn_021048_1,1,ACE-Step
ai_acestep_muse_cn_suno_cn_021072_1,1,ACE-Step
ai_acestep_muse_cn_suno_cn_021265_1,1,ACE-Step
ai_acestep_muse_cn_suno_cn_021396_1,1,ACE-Step
ai_acestep_muse_cn_suno_cn_021599_1,1,ACE-Step
ai_acestep_muse_cn_suno_cn_021662_1,1,ACE-Step
ai_acestep_muse_cn_suno_cn_021766_1,1,ACE-Step
ai_acestep_muse_cn_suno_cn_021803_0,1,ACE-Step
ai_acestep_muse_cn_suno_cn_021942_1,1,ACE-Step
ai_acestep_muse_cn_suno_cn_021964_1,1,ACE-Step
ai_acestep_muse_cn_suno_cn_021992_0,1,ACE-Step
ai_acestep_muse_cn_suno_cn_022781_1,1,ACE-Step
ai_acestep_muse_cn_suno_cn_022963_0,1,ACE-Step
ai_acestep_muse_cn_suno_cn_023026_0,1,ACE-Step
ai_acestep_muse_cn_suno_cn_023072_0,1,ACE-Step
ai_acestep_muse_cn_suno_cn_023110_0,1,ACE-Step
ai_acestep_muse_cn_suno_cn_023171_0,1,ACE-Step
ai_acestep_muse_cn_suno_cn_023220_0,1,ACE-Step
ai_acestep_muse_cn_suno_cn_023274_0,1,ACE-Step
ai_acestep_muse_cn_suno_cn_023399_0,1,ACE-Step
ai_acestep_muse_cn_suno_cn_023450_0,1,ACE-Step
ai_acestep_muse_cn_suno_cn_023486_1,1,ACE-Step
ai_acestep_muse_cn_suno_cn_023805_0,1,ACE-Step
ai_acestep_muse_cn_suno_cn_023829_1,1,ACE-Step
ai_acestep_muse_cn_suno_cn_023885_1,1,ACE-Step
ai_acestep_muse_cn_suno_cn_023910_1,1,ACE-Step
ai_acestep_muse_cn_suno_cn_023964_1,1,ACE-Step
ai_acestep_muse_cn_suno_cn_024178_0,1,ACE-Step
ai_acestep_muse_cn_suno_cn_024218_0,1,ACE-Step
ai_acestep_muse_cn_suno_cn_024242_1,1,ACE-Step
ai_acestep_muse_cn_suno_cn_024403_1,1,ACE-Step
ai_acestep_muse_cn_suno_cn_024482_0,1,ACE-Step
ai_acestep_muse_cn_suno_cn_024491_1,1,ACE-Step
ai_acestep_muse_cn_suno_cn_024565_0,1,ACE-Step
ai_acestep_muse_cn_suno_cn_024662_0,1,ACE-Step
ai_acestep_muse_cn_suno_cn_024768_0,1,ACE-Step
ai_acestep_muse_cn_suno_cn_024852_1,1,ACE-Step
ai_acestep_muse_cn_suno_cn_024907_1,1,ACE-Step
ai_acestep_muse_cn_suno_cn_024932_0,1,ACE-Step
ai_acestep_muse_en_suno_en_000171_1,1,ACE-Step
ai_acestep_muse_en_suno_en_000178_0,1,ACE-Step
ai_acestep_muse_en_suno_en_000234_1,1,ACE-Step
ai_acestep_muse_en_suno_en_000300_1,1,ACE-Step
ai_acestep_muse_en_suno_en_000394_1,1,ACE-Step
ai_acestep_muse_en_suno_en_000542_1,1,ACE-Step
ai_acestep_muse_en_suno_en_000910_0,1,ACE-Step
ai_acestep_muse_en_suno_en_000948_0,1,ACE-Step
ai_acestep_muse_en_suno_en_000972_1,1,ACE-Step
ai_acestep_muse_en_suno_en_001129_0,1,ACE-Step
ai_acestep_muse_en_suno_en_001537_0,1,ACE-Step
ai_acestep_muse_en_suno_en_001605_1,1,ACE-Step
ai_acestep_muse_en_suno_en_001633_0,1,ACE-Step
ai_acestep_muse_en_suno_en_001725_1,1,ACE-Step
ai_acestep_muse_en_suno_en_001875_0,1,ACE-Step
ai_acestep_muse_en_suno_en_001913_1,1,ACE-Step
ai_acestep_muse_en_suno_en_002048_1,1,ACE-Step
ai_acestep_muse_en_suno_en_002255_1,1,ACE-Step
ai_acestep_muse_en_suno_en_002426_1,1,ACE-Step
ai_acestep_muse_en_suno_en_002465_0,1,ACE-Step
ai_acestep_muse_en_suno_en_002467_0,1,ACE-Step
ai_acestep_muse_en_suno_en_002603_1,1,ACE-Step
ai_acestep_muse_en_suno_en_002634_0,1,ACE-Step
ai_acestep_muse_en_suno_en_002699_0,1,ACE-Step
ai_acestep_muse_en_suno_en_002723_1,1,ACE-Step
ai_acestep_muse_en_suno_en_002724_1,1,ACE-Step
ai_acestep_muse_en_suno_en_003147_1,1,ACE-Step
ai_acestep_muse_en_suno_en_003293_0,1,ACE-Step
ai_acestep_muse_en_suno_en_003424_1,1,ACE-Step
ai_acestep_muse_en_suno_en_003451_1,1,ACE-Step
ai_acestep_muse_en_suno_en_003642_1,1,ACE-Step
ai_acestep_muse_en_suno_en_003666_1,1,ACE-Step
ai_acestep_muse_en_suno_en_003903_1,1,ACE-Step
ai_acestep_muse_en_suno_en_003961_0,1,ACE-Step
ai_acestep_muse_en_suno_en_004118_0,1,ACE-Step
ai_acestep_muse_en_suno_en_004217_0,1,ACE-Step
ai_acestep_muse_en_suno_en_004417_1,1,ACE-Step
ai_acestep_muse_en_suno_en_004466_1,1,ACE-Step
ai_acestep_muse_en_suno_en_004478_0,1,ACE-Step
ai_acestep_muse_en_suno_en_004730_1,1,ACE-Step
ai_acestep_muse_en_suno_en_004749_1,1,ACE-Step
ai_acestep_muse_en_suno_en_004867_1,1,ACE-Step
ai_acestep_muse_en_suno_en_005012_1,1,ACE-Step
ai_acestep_muse_en_suno_en_005190_0,1,ACE-Step
ai_acestep_muse_en_suno_en_005195_1,1,ACE-Step
ai_acestep_muse_en_suno_en_005535_0,1,ACE-Step
ai_acestep_muse_en_suno_en_005693_1,1,ACE-Step
ai_acestep_muse_en_suno_en_005917_1,1,ACE-Step
ai_acestep_muse_en_suno_en_005991_0,1,ACE-Step
ai_acestep_muse_en_suno_en_005992_1,1,ACE-Step
ai_acestep_muse_en_suno_en_006200_0,1,ACE-Step
ai_acestep_muse_en_suno_en_006527_1,1,ACE-Step
ai_acestep_muse_en_suno_en_006876_0,1,ACE-Step
ai_acestep_muse_en_suno_en_007117_0,1,ACE-Step
ai_acestep_muse_en_suno_en_007200_1,1,ACE-Step
ai_acestep_muse_en_suno_en_007332_0,1,ACE-Step
ai_acestep_muse_en_suno_en_007376_0,1,ACE-Step
ai_acestep_muse_en_suno_en_007424_1,1,ACE-Step
ai_acestep_muse_en_suno_en_007625_1,1,ACE-Step
ai_acestep_muse_en_suno_en_007810_1,1,ACE-Step
ai_acestep_muse_en_suno_en_007830_0,1,ACE-Step
ai_acestep_muse_en_suno_en_007954_1,1,ACE-Step
ai_acestep_muse_en_suno_en_008171_0,1,ACE-Step
ai_acestep_muse_en_suno_en_008190_1,1,ACE-Step
ai_acestep_muse_en_suno_en_008204_0,1,ACE-Step
ai_acestep_muse_en_suno_en_008284_1,1,ACE-Step
ai_acestep_muse_en_suno_en_008435_1,1,ACE-Step
ai_acestep_muse_en_suno_en_010629_0,1,ACE-Step
ai_acestep_muse_en_suno_en_010654_0,1,ACE-Step
ai_acestep_muse_en_suno_en_010719_1,1,ACE-Step
ai_acestep_muse_en_suno_en_010805_1,1,ACE-Step
ai_acestep_muse_en_suno_en_010909_0,1,ACE-Step
ai_acestep_muse_en_suno_en_011022_1,1,ACE-Step
ai_acestep_muse_en_suno_en_011062_1,1,ACE-Step
ai_acestep_muse_en_suno_en_011317_0,1,ACE-Step
ai_acestep_muse_en_suno_en_011375_1,1,ACE-Step
ai_acestep_muse_en_suno_en_011430_0,1,ACE-Step
ai_acestep_muse_en_suno_en_011432_0,1,ACE-Step
ai_acestep_muse_en_suno_en_011584_1,1,ACE-Step
ai_acestep_muse_en_suno_en_011976_0,1,ACE-Step
ai_acestep_muse_en_suno_en_012038_1,1,ACE-Step
ai_acestep_muse_en_suno_en_012148_1,1,ACE-Step
ai_acestep_muse_en_suno_en_012329_0,1,ACE-Step
ai_acestep_muse_en_suno_en_012364_0,1,ACE-Step
ai_acestep_muse_en_suno_en_012403_1,1,ACE-Step
ai_acestep_muse_en_suno_en_012425_0,1,ACE-Step
ai_acestep_muse_en_suno_en_012475_0,1,ACE-Step
ai_acestep_muse_en_suno_en_012649_0,1,ACE-Step
ai_acestep_muse_en_suno_en_013020_0,1,ACE-Step
ai_acestep_muse_en_suno_en_013448_1,1,ACE-Step
ai_acestep_muse_en_suno_en_013480_1,1,ACE-Step
ai_acestep_muse_en_suno_en_013488_0,1,ACE-Step
ai_acestep_muse_en_suno_en_013565_0,1,ACE-Step
ai_acestep_muse_en_suno_en_013579_1,1,ACE-Step
ai_acestep_muse_en_suno_en_013733_1,1,ACE-Step
ai_acestep_muse_en_suno_en_013915_1,1,ACE-Step
ai_acestep_muse_en_suno_en_013922_0,1,ACE-Step
ai_acestep_muse_en_suno_en_013933_1,1,ACE-Step
ai_acestep_muse_en_suno_en_014015_1,1,ACE-Step
ai_acestep_muse_en_suno_en_014158_0,1,ACE-Step
ai_acestep_muse_en_suno_en_014209_1,1,ACE-Step
ai_acestep_muse_en_suno_en_014585_0,1,ACE-Step
ai_acestep_muse_en_suno_en_015012_1,1,ACE-Step
ai_acestep_muse_en_suno_en_015231_0,1,ACE-Step
ai_acestep_muse_en_suno_en_015394_1,1,ACE-Step
ai_acestep_muse_en_suno_en_015401_0,1,ACE-Step
ai_acestep_muse_en_suno_en_015503_0,1,ACE-Step
ai_acestep_muse_en_suno_en_015987_0,1,ACE-Step
ai_acestep_muse_en_suno_en_016103_1,1,ACE-Step
ai_acestep_muse_en_suno_en_016116_0,1,ACE-Step
ai_acestep_muse_en_suno_en_016151_1,1,ACE-Step
ai_acestep_muse_en_suno_en_016463_0,1,ACE-Step
ai_acestep_muse_en_suno_en_016716_1,1,ACE-Step
ai_acestep_muse_en_suno_en_016813_1,1,ACE-Step
ai_acestep_muse_en_suno_en_016830_1,1,ACE-Step
ai_acestep_muse_en_suno_en_016880_0,1,ACE-Step
ai_acestep_muse_en_suno_en_017155_0,1,ACE-Step
ai_acestep_muse_en_suno_en_017216_0,1,ACE-Step
ai_acestep_muse_en_suno_en_017304_1,1,ACE-Step
ai_acestep_muse_en_suno_en_017349_0,1,ACE-Step
ai_acestep_muse_en_suno_en_017353_1,1,ACE-Step
ai_acestep_muse_en_suno_en_017413_1,1,ACE-Step
ai_acestep_muse_en_suno_en_017690_0,1,ACE-Step
ai_acestep_muse_en_suno_en_017829_0,1,ACE-Step
ai_acestep_muse_en_suno_en_018072_0,1,ACE-Step
ai_acestep_muse_en_suno_en_018225_0,1,ACE-Step
ai_acestep_muse_en_suno_en_018255_1,1,ACE-Step
ai_acestep_muse_en_suno_en_018455_1,1,ACE-Step
ai_acestep_muse_en_suno_en_018560_1,1,ACE-Step
ai_acestep_muse_en_suno_en_018763_1,1,ACE-Step
ai_acestep_muse_en_suno_en_018861_0,1,ACE-Step
ai_acestep_muse_en_suno_en_018923_1,1,ACE-Step
ai_acestep_muse_en_suno_en_019197_1,1,ACE-Step
ai_acestep_muse_en_suno_en_019319_1,1,ACE-Step
ai_acestep_muse_en_suno_en_019500_1,1,ACE-Step
ai_acestep_muse_en_suno_en_019611_1,1,ACE-Step
ai_acestep_muse_en_suno_en_019715_1,1,ACE-Step
ai_acestep_muse_en_suno_en_019907_0,1,ACE-Step
ai_acestep_muse_en_suno_en_019981_0,1,ACE-Step
ai_acestep_muse_en_suno_en_019992_1,1,ACE-Step
ai_acestep_muse_en_suno_en_020030_0,1,ACE-Step
ai_acestep_muse_en_suno_en_020197_1,1,ACE-Step
ai_acestep_muse_en_suno_en_020307_1,1,ACE-Step
ai_acestep_muse_en_suno_en_020365_0,1,ACE-Step
ai_acestep_muse_en_suno_en_020370_0,1,ACE-Step
ai_acestep_muse_en_suno_en_020375_0,1,ACE-Step
ai_acestep_muse_en_suno_en_020401_0,1,ACE-Step
ai_acestep_muse_en_suno_en_020754_1,1,ACE-Step
ai_acestep_muse_en_suno_en_020788_0,1,ACE-Step
ai_acestep_muse_en_suno_en_020792_0,1,ACE-Step
ai_acestep_muse_en_suno_en_020825_0,1,ACE-Step
ai_acestep_muse_en_suno_en_020867_1,1,ACE-Step
ai_acestep_muse_en_suno_en_020874_0,1,ACE-Step
ai_acestep_muse_en_suno_en_020950_0,1,ACE-Step
ai_acestep_muse_en_suno_en_020968_1,1,ACE-Step
ai_acestep_muse_en_suno_en_021221_1,1,ACE-Step
ai_acestep_muse_en_suno_en_021746_1,1,ACE-Step
ai_acestep_muse_en_suno_en_021752_0,1,ACE-Step
ai_acestep_muse_en_suno_en_022194_1,1,ACE-Step
ai_acestep_muse_en_suno_en_022546_1,1,ACE-Step
ai_acestep_muse_en_suno_en_022591_0,1,ACE-Step
ai_acestep_muse_en_suno_en_022669_1,1,ACE-Step
ai_acestep_muse_en_suno_en_023024_1,1,ACE-Step
ai_acestep_muse_en_suno_en_023209_1,1,ACE-Step
ai_acestep_muse_en_suno_en_023285_1,1,ACE-Step
ai_acestep_muse_en_suno_en_023320_1,1,ACE-Step
ai_acestep_muse_en_suno_en_023496_0,1,ACE-Step
ai_acestep_muse_en_suno_en_023694_1,1,ACE-Step
ai_acestep_muse_en_suno_en_023752_1,1,ACE-Step
ai_acestep_muse_en_suno_en_023819_0,1,ACE-Step
ai_acestep_muse_en_suno_en_023877_0,1,ACE-Step
ai_acestep_muse_en_suno_en_024029_1,1,ACE-Step
ai_acestep_muse_en_suno_en_024045_1,1,ACE-Step
ai_acestep_muse_en_suno_en_024308_0,1,ACE-Step
ai_acestep_muse_en_suno_en_024709_1,1,ACE-Step
ai_acestep_muse_en_suno_en_024741_0,1,ACE-Step
ai_acestep_muse_en_suno_en_025125_0,1,ACE-Step
ai_acestep_muse_en_suno_en_025332_0,1,ACE-Step
ai_acestep_muse_en_suno_en_025448_0,1,ACE-Step
ai_acestep_muse_en_suno_en_025603_1,1,ACE-Step
ai_acestep_muse_en_suno_en_025839_1,1,ACE-Step
ai_acestep_muse_en_suno_en_025857_1,1,ACE-Step
ai_acestep_muse_en_suno_en_025875_1,1,ACE-Step
ai_acestep_muse_en_suno_en_026005_0,1,ACE-Step
ai_acestep_muse_en_suno_en_026074_0,1,ACE-Step
ai_acestep_muse_en_suno_en_026086_1,1,ACE-Step
ai_acestep_muse_en_suno_en_026397_0,1,ACE-Step
ai_acestep_muse_en_suno_en_026431_1,1,ACE-Step
ai_acestep_muse_en_suno_en_026494_1,1,ACE-Step
ai_acestep_muse_en_suno_en_026592_0,1,ACE-Step
ai_acestep_muse_en_suno_en_026618_1,1,ACE-Step
ai_acestep_muse_en_suno_en_026759_1,1,ACE-Step
ai_acestep_muse_en_suno_en_026769_0,1,ACE-Step
ai_acestep_muse_en_suno_en_026793_0,1,ACE-Step
ai_acestep_muse_en_suno_en_026819_0,1,ACE-Step
ai_acestep_muse_en_suno_en_026837_0,1,ACE-Step
ai_acestep_muse_en_suno_en_026922_0,1,ACE-Step
ai_acestep_muse_en_suno_en_026938_1,1,ACE-Step
ai_acestep_muse_en_suno_en_026962_0,1,ACE-Step
ai_acestep_muse_en_suno_en_027511_1,1,ACE-Step
ai_acestep_muse_en_suno_en_027586_0,1,ACE-Step
ai_acestep_muse_en_suno_en_027758_0,1,ACE-Step
ai_acestep_muse_en_suno_en_028128_1,1,ACE-Step
ai_acestep_muse_en_suno_en_028160_1,1,ACE-Step
ai_acestep_muse_en_suno_en_028334_1,1,ACE-Step
ai_acestep_muse_en_suno_en_028351_1,1,ACE-Step
ai_acestep_muse_en_suno_en_028422_1,1,ACE-Step
ai_acestep_muse_en_suno_en_028544_0,1,ACE-Step
ai_acestep_muse_en_suno_en_028597_0,1,ACE-Step
ai_acestep_muse_en_suno_en_028605_0,1,ACE-Step
ai_acestep_muse_en_suno_en_028765_0,1,ACE-Step
ai_acestep_muse_en_suno_en_029154_0,1,ACE-Step
ai_acestep_muse_en_suno_en_029220_0,1,ACE-Step
ai_acestep_muse_en_suno_en_029458_0,1,ACE-Step
ai_acestep_muse_en_suno_en_029528_0,1,ACE-Step
ai_acestep_muse_en_suno_en_029708_1,1,ACE-Step
ai_acestep_muse_en_suno_en_029735_0,1,ACE-Step
ai_acestep_muse_en_suno_en_030151_0,1,ACE-Step
ai_acestep_muse_en_suno_en_030373_1,1,ACE-Step
ai_acestep_muse_en_suno_en_030441_1,1,ACE-Step
ai_acestep_muse_en_suno_en_030623_1,1,ACE-Step
ai_acestep_muse_en_suno_en_030631_0,1,ACE-Step
ai_acestep_muse_en_suno_en_030691_0,1,ACE-Step
ai_acestep_muse_en_suno_en_030973_1,1,ACE-Step
ai_acestep_muse_en_suno_en_031001_1,1,ACE-Step
ai_acestep_muse_en_suno_en_031012_0,1,ACE-Step
ai_acestep_muse_en_suno_en_031167_1,1,ACE-Step
ai_acestep_muse_en_suno_en_031266_0,1,ACE-Step
ai_acestep_muse_en_suno_en_031548_1,1,ACE-Step
ai_acestep_muse_en_suno_en_031573_1,1,ACE-Step
ai_acestep_muse_en_suno_en_031620_1,1,ACE-Step
ai_acestep_muse_en_suno_en_031869_1,1,ACE-Step
ai_acestep_muse_en_suno_en_031950_0,1,ACE-Step
ai_acestep_muse_en_suno_en_032126_1,1,ACE-Step
ai_acestep_muse_en_suno_en_032496_1,1,ACE-Step
ai_acestep_muse_en_suno_en_032796_1,1,ACE-Step
ai_acestep_muse_en_suno_en_032874_0,1,ACE-Step
ai_acestep_muse_en_suno_en_032888_0,1,ACE-Step
ai_acestep_muse_en_suno_en_033015_1,1,ACE-Step
ai_acestep_muse_en_suno_en_033142_1,1,ACE-Step
ai_acestep_muse_en_suno_en_033149_1,1,ACE-Step
ai_acestep_muse_en_suno_en_033249_1,1,ACE-Step
ai_acestep_muse_en_suno_en_033304_1,1,ACE-Step
ai_acestep_muse_en_suno_en_033608_1,1,ACE-Step
ai_acestep_muse_en_suno_en_033892_1,1,ACE-Step
ai_acestep_muse_en_suno_en_033908_1,1,ACE-Step
ai_acestep_muse_en_suno_en_034089_0,1,ACE-Step
ai_acestep_muse_en_suno_en_034099_0,1,ACE-Step
ai_acestep_muse_en_suno_en_034129_0,1,ACE-Step
ai_acestep_muse_en_suno_en_034135_1,1,ACE-Step
ai_audiox_10008,1,ai_audiox_third_party
ai_audiox_10029,1,ai_audiox_third_party
ai_audiox_10097,1,ai_audiox_third_party
ai_audiox_10263,1,ai_audiox_third_party
ai_audiox_10273,1,ai_audiox_third_party
ai_audiox_10298,1,ai_audiox_third_party
ai_audiox_10318,1,ai_audiox_third_party
ai_audiox_10322,1,ai_audiox_third_party
ai_audiox_10366,1,ai_audiox_third_party
ai_audiox_1039,1,ai_audiox_third_party
ai_audiox_10405,1,ai_audiox_third_party
ai_audiox_10466,1,ai_audiox_third_party
ai_audiox_10625,1,ai_audiox_third_party
ai_audiox_10657,1,ai_audiox_third_party
ai_audiox_10736,1,ai_audiox_third_party
ai_audiox_10789,1,ai_audiox_third_party
ai_audiox_10974,1,ai_audiox_third_party
ai_audiox_11048,1,ai_audiox_third_party
ai_audiox_11087,1,ai_audiox_third_party
ai_audiox_11126,1,ai_audiox_third_party
ai_audiox_11161,1,ai_audiox_third_party
ai_audiox_11175,1,ai_audiox_third_party
ai_audiox_11271,1,ai_audiox_third_party
ai_audiox_11283,1,ai_audiox_third_party
ai_audiox_11355,1,ai_audiox_third_party
ai_audiox_11386,1,ai_audiox_third_party
ai_audiox_11428,1,ai_audiox_third_party
ai_audiox_1150,1,ai_audiox_third_party
ai_audiox_11702,1,ai_audiox_third_party
ai_audiox_1177,1,ai_audiox_third_party
ai_audiox_11860,1,ai_audiox_third_party
ai_audiox_11927,1,ai_audiox_third_party
ai_audiox_12013,1,ai_audiox_third_party
ai_audiox_12064,1,ai_audiox_third_party
ai_audiox_12084,1,ai_audiox_third_party
ai_audiox_12104,1,ai_audiox_third_party
ai_audiox_12132,1,ai_audiox_third_party
ai_audiox_12141,1,ai_audiox_third_party
ai_audiox_12241,1,ai_audiox_third_party
ai_audiox_12330,1,ai_audiox_third_party
ai_audiox_12378,1,ai_audiox_third_party
ai_audiox_12396,1,ai_audiox_third_party
ai_audiox_12505,1,ai_audiox_third_party
ai_audiox_12598,1,ai_audiox_third_party
ai_audiox_126,1,ai_audiox_third_party
ai_audiox_12692,1,ai_audiox_third_party
ai_audiox_12796,1,ai_audiox_third_party
ai_audiox_12915,1,ai_audiox_third_party
ai_audiox_12935,1,ai_audiox_third_party
ai_audiox_13022,1,ai_audiox_third_party
ai_audiox_13076,1,ai_audiox_third_party
ai_audiox_13080,1,ai_audiox_third_party
ai_audiox_13187,1,ai_audiox_third_party
ai_audiox_13251,1,ai_audiox_third_party
ai_audiox_13284,1,ai_audiox_third_party
ai_audiox_13298,1,ai_audiox_third_party
ai_audiox_13333,1,ai_audiox_third_party
ai_audiox_13431,1,ai_audiox_third_party
ai_audiox_13446,1,ai_audiox_third_party
ai_audiox_13482,1,ai_audiox_third_party
ai_audiox_13504,1,ai_audiox_third_party
ai_audiox_13528,1,ai_audiox_third_party
ai_audiox_13577,1,ai_audiox_third_party
ai_audiox_13617,1,ai_audiox_third_party
ai_audiox_1362,1,ai_audiox_third_party
ai_audiox_13648,1,ai_audiox_third_party
ai_audiox_13703,1,ai_audiox_third_party
ai_audiox_13734,1,ai_audiox_third_party
ai_audiox_13743,1,ai_audiox_third_party
ai_audiox_13745,1,ai_audiox_third_party
ai_audiox_14055,1,ai_audiox_third_party
ai_audiox_14136,1,ai_audiox_third_party
ai_audiox_14154,1,ai_audiox_third_party
ai_audiox_14182,1,ai_audiox_third_party
ai_audiox_1423,1,ai_audiox_third_party
ai_audiox_14273,1,ai_audiox_third_party
ai_audiox_14332,1,ai_audiox_third_party
ai_audiox_14425,1,ai_audiox_third_party
ai_audiox_14436,1,ai_audiox_third_party
ai_audiox_14469,1,ai_audiox_third_party
ai_audiox_14486,1,ai_audiox_third_party
ai_audiox_1449,1,ai_audiox_third_party
ai_audiox_1469,1,ai_audiox_third_party
ai_audiox_14971,1,ai_audiox_third_party
ai_audiox_15146,1,ai_audiox_third_party
ai_audiox_15298,1,ai_audiox_third_party
ai_audiox_15372,1,ai_audiox_third_party
ai_audiox_15440,1,ai_audiox_third_party
ai_audiox_15523,1,ai_audiox_third_party
ai_audiox_15617,1,ai_audiox_third_party
ai_audiox_1564,1,ai_audiox_third_party
ai_audiox_15710,1,ai_audiox_third_party
ai_audiox_15756,1,ai_audiox_third_party
ai_audiox_15831,1,ai_audiox_third_party
ai_audiox_15856,1,ai_audiox_third_party
ai_audiox_15877,1,ai_audiox_third_party
ai_audiox_16034,1,ai_audiox_third_party
ai_audiox_16039,1,ai_audiox_third_party
ai_audiox_16206,1,ai_audiox_third_party
ai_audiox_16208,1,ai_audiox_third_party
ai_audiox_16209,1,ai_audiox_third_party
ai_audiox_16217,1,ai_audiox_third_party
ai_audiox_16370,1,ai_audiox_third_party
ai_audiox_16378,1,ai_audiox_third_party
ai_audiox_16399,1,ai_audiox_third_party
ai_audiox_16408,1,ai_audiox_third_party
ai_audiox_16422,1,ai_audiox_third_party
ai_audiox_16578,1,ai_audiox_third_party
ai_audiox_16608,1,ai_audiox_third_party
ai_audiox_1671,1,ai_audiox_third_party
ai_audiox_16764,1,ai_audiox_third_party
ai_audiox_16782,1,ai_audiox_third_party
ai_audiox_16853,1,ai_audiox_third_party
ai_audiox_16938,1,ai_audiox_third_party
ai_audiox_1697,1,ai_audiox_third_party
ai_audiox_17002,1,ai_audiox_third_party
ai_audiox_17027,1,ai_audiox_third_party
ai_audiox_17085,1,ai_audiox_third_party
ai_audiox_17112,1,ai_audiox_third_party
ai_audiox_17133,1,ai_audiox_third_party
ai_audiox_17156,1,ai_audiox_third_party
ai_audiox_17338,1,ai_audiox_third_party
ai_audiox_17467,1,ai_audiox_third_party
ai_audiox_1758,1,ai_audiox_third_party
ai_audiox_176,1,ai_audiox_third_party
ai_audiox_1768,1,ai_audiox_third_party
ai_audiox_17783,1,ai_audiox_third_party
ai_audiox_17887,1,ai_audiox_third_party
ai_audiox_17928,1,ai_audiox_third_party
ai_audiox_18051,1,ai_audiox_third_party
ai_audiox_18090,1,ai_audiox_third_party
ai_audiox_1824,1,ai_audiox_third_party
ai_audiox_18585,1,ai_audiox_third_party
ai_audiox_18817,1,ai_audiox_third_party
ai_audiox_1891,1,ai_audiox_third_party
ai_audiox_19030,1,ai_audiox_third_party
ai_audiox_19082,1,ai_audiox_third_party
ai_audiox_191,1,ai_audiox_third_party
ai_audiox_19192,1,ai_audiox_third_party
ai_audiox_19209,1,ai_audiox_third_party
ai_audiox_19252,1,ai_audiox_third_party
ai_audiox_1943,1,ai_audiox_third_party
ai_audiox_19451,1,ai_audiox_third_party
ai_audiox_19515,1,ai_audiox_third_party
ai_audiox_19522,1,ai_audiox_third_party
ai_audiox_19589,1,ai_audiox_third_party
ai_audiox_19712,1,ai_audiox_third_party
ai_audiox_19731,1,ai_audiox_third_party
ai_audiox_1976,1,ai_audiox_third_party
ai_audiox_19793,1,ai_audiox_third_party
ai_audiox_19835,1,ai_audiox_third_party
ai_audiox_19851,1,ai_audiox_third_party
ai_audiox_20099,1,ai_audiox_third_party
ai_audiox_20157,1,ai_audiox_third_party
ai_audiox_20264,1,ai_audiox_third_party
ai_audiox_20320,1,ai_audiox_third_party
ai_audiox_20379,1,ai_audiox_third_party
ai_audiox_20380,1,ai_audiox_third_party
ai_audiox_20747,1,ai_audiox_third_party
ai_audiox_20904,1,ai_audiox_third_party
ai_audiox_20957,1,ai_audiox_third_party
ai_audiox_21033,1,ai_audiox_third_party
ai_audiox_21121,1,ai_audiox_third_party
ai_audiox_21133,1,ai_audiox_third_party
ai_audiox_21155,1,ai_audiox_third_party
ai_audiox_2123,1,ai_audiox_third_party
ai_audiox_21263,1,ai_audiox_third_party
ai_audiox_21335,1,ai_audiox_third_party
ai_audiox_21359,1,ai_audiox_third_party
ai_audiox_21372,1,ai_audiox_third_party
ai_audiox_21395,1,ai_audiox_third_party
ai_audiox_21445,1,ai_audiox_third_party
ai_audiox_21600,1,ai_audiox_third_party
ai_audiox_21638,1,ai_audiox_third_party
ai_audiox_21684,1,ai_audiox_third_party
ai_audiox_21791,1,ai_audiox_third_party
ai_audiox_22020,1,ai_audiox_third_party
ai_audiox_22063,1,ai_audiox_third_party
ai_audiox_22098,1,ai_audiox_third_party
ai_audiox_22182,1,ai_audiox_third_party
ai_audiox_22457,1,ai_audiox_third_party
ai_audiox_22468,1,ai_audiox_third_party
ai_audiox_22596,1,ai_audiox_third_party
ai_audiox_22619,1,ai_audiox_third_party
ai_audiox_22773,1,ai_audiox_third_party
ai_audiox_22784,1,ai_audiox_third_party
ai_audiox_22796,1,ai_audiox_third_party
ai_audiox_22945,1,ai_audiox_third_party
ai_audiox_23,1,ai_audiox_third_party
ai_audiox_23001,1,ai_audiox_third_party
ai_audiox_23026,1,ai_audiox_third_party
ai_audiox_23077,1,ai_audiox_third_party
ai_audiox_23166,1,ai_audiox_third_party
ai_audiox_23247,1,ai_audiox_third_party
ai_audiox_2327,1,ai_audiox_third_party
ai_audiox_2330,1,ai_audiox_third_party
ai_audiox_23306,1,ai_audiox_third_party
ai_audiox_23434,1,ai_audiox_third_party
ai_audiox_23535,1,ai_audiox_third_party
ai_audiox_2354,1,ai_audiox_third_party
ai_audiox_23624,1,ai_audiox_third_party
ai_audiox_23652,1,ai_audiox_third_party
ai_audiox_23740,1,ai_audiox_third_party
ai_audiox_23808,1,ai_audiox_third_party
ai_audiox_24084,1,ai_audiox_third_party
ai_audiox_24246,1,ai_audiox_third_party
ai_audiox_24298,1,ai_audiox_third_party
ai_audiox_24383,1,ai_audiox_third_party
ai_audiox_24459,1,ai_audiox_third_party
ai_audiox_24761,1,ai_audiox_third_party
ai_audiox_24769,1,ai_audiox_third_party
ai_audiox_24928,1,ai_audiox_third_party
ai_audiox_24946,1,ai_audiox_third_party
ai_audiox_2506,1,ai_audiox_third_party
ai_audiox_25239,1,ai_audiox_third_party
ai_audiox_25273,1,ai_audiox_third_party
ai_audiox_25533,1,ai_audiox_third_party
ai_audiox_25576,1,ai_audiox_third_party
ai_audiox_25595,1,ai_audiox_third_party
ai_audiox_25667,1,ai_audiox_third_party
ai_audiox_25677,1,ai_audiox_third_party
ai_audiox_25710,1,ai_audiox_third_party
ai_audiox_2572,1,ai_audiox_third_party
ai_audiox_25726,1,ai_audiox_third_party
ai_audiox_2581,1,ai_audiox_third_party
ai_audiox_25824,1,ai_audiox_third_party
ai_audiox_26011,1,ai_audiox_third_party
ai_audiox_26100,1,ai_audiox_third_party
ai_audiox_26161,1,ai_audiox_third_party
ai_audiox_26232,1,ai_audiox_third_party
ai_audiox_26350,1,ai_audiox_third_party
ai_audiox_2640,1,ai_audiox_third_party
ai_audiox_26481,1,ai_audiox_third_party
ai_audiox_26564,1,ai_audiox_third_party
ai_audiox_26569,1,ai_audiox_third_party
ai_audiox_26771,1,ai_audiox_third_party
ai_audiox_26774,1,ai_audiox_third_party
ai_audiox_26821,1,ai_audiox_third_party
ai_audiox_2692,1,ai_audiox_third_party
ai_audiox_27358,1,ai_audiox_third_party
ai_audiox_27379,1,ai_audiox_third_party
ai_audiox_27414,1,ai_audiox_third_party
ai_audiox_27442,1,ai_audiox_third_party
ai_audiox_27509,1,ai_audiox_third_party
ai_audiox_27535,1,ai_audiox_third_party
ai_audiox_27539,1,ai_audiox_third_party
ai_audiox_27563,1,ai_audiox_third_party
ai_audiox_27596,1,ai_audiox_third_party
ai_audiox_27650,1,ai_audiox_third_party
ai_audiox_27886,1,ai_audiox_third_party
ai_audiox_27898,1,ai_audiox_third_party
ai_audiox_27941,1,ai_audiox_third_party
ai_audiox_28001,1,ai_audiox_third_party
ai_audiox_28018,1,ai_audiox_third_party
ai_audiox_28073,1,ai_audiox_third_party
ai_audiox_281,1,ai_audiox_third_party
ai_audiox_28189,1,ai_audiox_third_party
ai_audiox_28212,1,ai_audiox_third_party
ai_audiox_28230,1,ai_audiox_third_party
ai_audiox_28241,1,ai_audiox_third_party
ai_audiox_28294,1,ai_audiox_third_party
ai_audiox_28367,1,ai_audiox_third_party
ai_audiox_28432,1,ai_audiox_third_party
ai_audiox_28534,1,ai_audiox_third_party
ai_audiox_28575,1,ai_audiox_third_party
ai_audiox_28580,1,ai_audiox_third_party
ai_audiox_28592,1,ai_audiox_third_party
ai_audiox_28664,1,ai_audiox_third_party
ai_audiox_28749,1,ai_audiox_third_party
ai_audiox_28764,1,ai_audiox_third_party
ai_audiox_28800,1,ai_audiox_third_party
ai_audiox_28849,1,ai_audiox_third_party
ai_audiox_28972,1,ai_audiox_third_party
ai_audiox_29074,1,ai_audiox_third_party
ai_audiox_29103,1,ai_audiox_third_party
ai_audiox_29159,1,ai_audiox_third_party
ai_audiox_29181,1,ai_audiox_third_party
ai_audiox_29344,1,ai_audiox_third_party
ai_audiox_2943,1,ai_audiox_third_party
ai_audiox_29515,1,ai_audiox_third_party
ai_audiox_29598,1,ai_audiox_third_party
ai_audiox_29811,1,ai_audiox_third_party
ai_audiox_29845,1,ai_audiox_third_party
ai_audiox_29916,1,ai_audiox_third_party
ai_audiox_29917,1,ai_audiox_third_party
ai_audiox_2993,1,ai_audiox_third_party
ai_audiox_30001,1,ai_audiox_third_party
ai_audiox_30086,1,ai_audiox_third_party
ai_audiox_30179,1,ai_audiox_third_party
ai_audiox_30299,1,ai_audiox_third_party
ai_audiox_30307,1,ai_audiox_third_party
ai_audiox_3034,1,ai_audiox_third_party
ai_audiox_30358,1,ai_audiox_third_party
ai_audiox_30368,1,ai_audiox_third_party
ai_audiox_30431,1,ai_audiox_third_party
ai_audiox_30432,1,ai_audiox_third_party
ai_audiox_30449,1,ai_audiox_third_party
ai_audiox_30569,1,ai_audiox_third_party
ai_audiox_30697,1,ai_audiox_third_party
ai_audiox_30860,1,ai_audiox_third_party
ai_audiox_30943,1,ai_audiox_third_party
ai_audiox_30996,1,ai_audiox_third_party
ai_audiox_31006,1,ai_audiox_third_party
ai_audiox_31072,1,ai_audiox_third_party
ai_audiox_31090,1,ai_audiox_third_party
ai_audiox_312,1,ai_audiox_third_party
ai_audiox_31202,1,ai_audiox_third_party
ai_audiox_31400,1,ai_audiox_third_party
ai_audiox_31650,1,ai_audiox_third_party
ai_audiox_31653,1,ai_audiox_third_party
ai_audiox_31755,1,ai_audiox_third_party
ai_audiox_31933,1,ai_audiox_third_party
ai_audiox_31939,1,ai_audiox_third_party
ai_audiox_32085,1,ai_audiox_third_party
ai_audiox_32088,1,ai_audiox_third_party
ai_audiox_32108,1,ai_audiox_third_party
ai_audiox_32151,1,ai_audiox_third_party
ai_audiox_32334,1,ai_audiox_third_party
ai_audiox_32385,1,ai_audiox_third_party
ai_audiox_32412,1,ai_audiox_third_party
ai_audiox_32437,1,ai_audiox_third_party
ai_audiox_32678,1,ai_audiox_third_party
ai_audiox_32692,1,ai_audiox_third_party
ai_audiox_32794,1,ai_audiox_third_party
ai_audiox_32855,1,ai_audiox_third_party
ai_audiox_32967,1,ai_audiox_third_party
ai_audiox_33066,1,ai_audiox_third_party
ai_audiox_33158,1,ai_audiox_third_party
ai_audiox_33207,1,ai_audiox_third_party
ai_audiox_33234,1,ai_audiox_third_party
ai_audiox_33245,1,ai_audiox_third_party
ai_audiox_33288,1,ai_audiox_third_party
ai_audiox_33354,1,ai_audiox_third_party
ai_audiox_33389,1,ai_audiox_third_party
ai_audiox_33485,1,ai_audiox_third_party
ai_audiox_3352,1,ai_audiox_third_party
ai_audiox_33576,1,ai_audiox_third_party
ai_audiox_33668,1,ai_audiox_third_party
ai_audiox_3367,1,ai_audiox_third_party
ai_audiox_33683,1,ai_audiox_third_party
ai_audiox_3375,1,ai_audiox_third_party
ai_audiox_33750,1,ai_audiox_third_party
ai_audiox_33760,1,ai_audiox_third_party
ai_audiox_33782,1,ai_audiox_third_party
ai_audiox_33885,1,ai_audiox_third_party
ai_audiox_33907,1,ai_audiox_third_party
ai_audiox_34107,1,ai_audiox_third_party
ai_audiox_3412,1,ai_audiox_third_party
ai_audiox_34299,1,ai_audiox_third_party
ai_audiox_3437,1,ai_audiox_third_party
ai_audiox_34397,1,ai_audiox_third_party
ai_audiox_34716,1,ai_audiox_third_party
ai_audiox_34744,1,ai_audiox_third_party
ai_audiox_34776,1,ai_audiox_third_party
ai_audiox_34842,1,ai_audiox_third_party
ai_audiox_3490,1,ai_audiox_third_party
ai_audiox_34930,1,ai_audiox_third_party
ai_audiox_34932,1,ai_audiox_third_party
ai_audiox_34944,1,ai_audiox_third_party
ai_audiox_34947,1,ai_audiox_third_party
ai_audiox_34955,1,ai_audiox_third_party
ai_audiox_35032,1,ai_audiox_third_party
ai_audiox_35136,1,ai_audiox_third_party
ai_audiox_35177,1,ai_audiox_third_party
ai_audiox_35310,1,ai_audiox_third_party
ai_audiox_35321,1,ai_audiox_third_party
ai_audiox_35399,1,ai_audiox_third_party
ai_audiox_35449,1,ai_audiox_third_party
ai_audiox_35577,1,ai_audiox_third_party
ai_audiox_35659,1,ai_audiox_third_party
ai_audiox_35718,1,ai_audiox_third_party
ai_audiox_35898,1,ai_audiox_third_party
ai_audiox_35952,1,ai_audiox_third_party
ai_audiox_36009,1,ai_audiox_third_party
ai_audiox_36135,1,ai_audiox_third_party
ai_audiox_36374,1,ai_audiox_third_party
ai_audiox_36395,1,ai_audiox_third_party
ai_audiox_36428,1,ai_audiox_third_party
ai_audiox_36627,1,ai_audiox_third_party
ai_audiox_36631,1,ai_audiox_third_party
ai_audiox_36645,1,ai_audiox_third_party
ai_audiox_36710,1,ai_audiox_third_party
ai_audiox_36889,1,ai_audiox_third_party
ai_audiox_36901,1,ai_audiox_third_party
ai_audiox_36976,1,ai_audiox_third_party
ai_audiox_36980,1,ai_audiox_third_party
ai_audiox_37006,1,ai_audiox_third_party
ai_audiox_37039,1,ai_audiox_third_party
ai_audiox_37042,1,ai_audiox_third_party
ai_audiox_37298,1,ai_audiox_third_party
ai_audiox_3738,1,ai_audiox_third_party
ai_audiox_37393,1,ai_audiox_third_party
ai_audiox_37555,1,ai_audiox_third_party
ai_audiox_37686,1,ai_audiox_third_party
ai_audiox_37712,1,ai_audiox_third_party
ai_audiox_37789,1,ai_audiox_third_party
ai_audiox_37875,1,ai_audiox_third_party
ai_audiox_38084,1,ai_audiox_third_party
ai_audiox_38150,1,ai_audiox_third_party
ai_audiox_38155,1,ai_audiox_third_party
ai_audiox_38241,1,ai_audiox_third_party
ai_audiox_38267,1,ai_audiox_third_party
ai_audiox_38416,1,ai_audiox_third_party
ai_audiox_38458,1,ai_audiox_third_party
ai_audiox_38535,1,ai_audiox_third_party
ai_audiox_38567,1,ai_audiox_third_party
ai_audiox_38617,1,ai_audiox_third_party
ai_audiox_38663,1,ai_audiox_third_party
ai_audiox_38696,1,ai_audiox_third_party
ai_audiox_38740,1,ai_audiox_third_party
ai_audiox_38869,1,ai_audiox_third_party
ai_audiox_38948,1,ai_audiox_third_party
ai_audiox_38961,1,ai_audiox_third_party
ai_audiox_39126,1,ai_audiox_third_party
ai_audiox_39153,1,ai_audiox_third_party
ai_audiox_39199,1,ai_audiox_third_party
ai_audiox_3923,1,ai_audiox_third_party
ai_audiox_39269,1,ai_audiox_third_party
ai_audiox_39272,1,ai_audiox_third_party
ai_audiox_39278,1,ai_audiox_third_party
ai_audiox_39300,1,ai_audiox_third_party
ai_audiox_39441,1,ai_audiox_third_party
ai_audiox_39649,1,ai_audiox_third_party
ai_audiox_39739,1,ai_audiox_third_party
ai_audiox_39832,1,ai_audiox_third_party
ai_audiox_39840,1,ai_audiox_third_party
ai_audiox_39849,1,ai_audiox_third_party
ai_audiox_4007,1,ai_audiox_third_party
ai_audiox_4015,1,ai_audiox_third_party
ai_audiox_4021,1,ai_audiox_third_party
ai_audiox_4121,1,ai_audiox_third_party
ai_audiox_4166,1,ai_audiox_third_party
ai_audiox_4323,1,ai_audiox_third_party
ai_audiox_4597,1,ai_audiox_third_party
ai_audiox_4843,1,ai_audiox_third_party
ai_audiox_4890,1,ai_audiox_third_party
ai_audiox_491,1,ai_audiox_third_party
ai_audiox_4928,1,ai_audiox_third_party
ai_audiox_505,1,ai_audiox_third_party
ai_audiox_5073,1,ai_audiox_third_party
ai_audiox_5166,1,ai_audiox_third_party
ai_audiox_5181,1,ai_audiox_third_party
ai_audiox_5195,1,ai_audiox_third_party
ai_audiox_5244,1,ai_audiox_third_party
ai_audiox_5288,1,ai_audiox_third_party
ai_audiox_5361,1,ai_audiox_third_party
ai_audiox_5388,1,ai_audiox_third_party
ai_audiox_5449,1,ai_audiox_third_party
ai_audiox_5493,1,ai_audiox_third_party
ai_audiox_5589,1,ai_audiox_third_party
ai_audiox_5614,1,ai_audiox_third_party
ai_audiox_5767,1,ai_audiox_third_party
ai_audiox_5776,1,ai_audiox_third_party
ai_audiox_580,1,ai_audiox_third_party
ai_audiox_584,1,ai_audiox_third_party
ai_audiox_5939,1,ai_audiox_third_party
ai_audiox_6005,1,ai_audiox_third_party
ai_audiox_6120,1,ai_audiox_third_party
ai_audiox_6456,1,ai_audiox_third_party
ai_audiox_6634,1,ai_audiox_third_party
ai_audiox_6650,1,ai_audiox_third_party
ai_audiox_6674,1,ai_audiox_third_party
ai_audiox_6693,1,ai_audiox_third_party
ai_audiox_6763,1,ai_audiox_third_party
ai_audiox_6915,1,ai_audiox_third_party
ai_audiox_6953,1,ai_audiox_third_party
ai_audiox_7112,1,ai_audiox_third_party
ai_audiox_715,1,ai_audiox_third_party
ai_audiox_7244,1,ai_audiox_third_party
ai_audiox_7409,1,ai_audiox_third_party
ai_audiox_7493,1,ai_audiox_third_party
ai_audiox_7518,1,ai_audiox_third_party
ai_audiox_7557,1,ai_audiox_third_party
ai_audiox_7607,1,ai_audiox_third_party
ai_audiox_7663,1,ai_audiox_third_party
ai_audiox_783,1,ai_audiox_third_party
ai_audiox_8019,1,ai_audiox_third_party
ai_audiox_8153,1,ai_audiox_third_party
ai_audiox_830,1,ai_audiox_third_party
ai_audiox_8319,1,ai_audiox_third_party
ai_audiox_8362,1,ai_audiox_third_party
ai_audiox_8368,1,ai_audiox_third_party
ai_audiox_8416,1,ai_audiox_third_party
ai_audiox_8494,1,ai_audiox_third_party
ai_audiox_8499,1,ai_audiox_third_party
ai_audiox_8512,1,ai_audiox_third_party
ai_audiox_8540,1,ai_audiox_third_party
ai_audiox_8703,1,ai_audiox_third_party
ai_audiox_8759,1,ai_audiox_third_party
ai_audiox_8773,1,ai_audiox_third_party
ai_audiox_8856,1,ai_audiox_third_party
ai_audiox_8885,1,ai_audiox_third_party
ai_audiox_9241,1,ai_audiox_third_party
ai_audiox_9321,1,ai_audiox_third_party
ai_audiox_9479,1,ai_audiox_third_party
ai_audiox_9519,1,ai_audiox_third_party
ai_audiox_9623,1,ai_audiox_third_party
ai_audiox_9694,1,ai_audiox_third_party
ai_audiox_9803,1,ai_audiox_third_party
ai_audiox_9899,1,ai_audiox_third_party
ai_diffrhythm_pilot_001,1,ai_diffrhythm_pilot
ai_diffrhythm_pilot_002,1,ai_diffrhythm_pilot
ai_diffrhythm_pilot_003,1,ai_diffrhythm_pilot
ai_diffrhythm_pilot_004,1,ai_diffrhythm_pilot
ai_diffrhythm_pilot_005,1,ai_diffrhythm_pilot
ai_diffrhythm_pilot_006,1,ai_diffrhythm_pilot
ai_diffrhythm_pilot_007,1,ai_diffrhythm_pilot
ai_diffrhythm_pilot_008,1,ai_diffrhythm_pilot
ai_diffrhythm_pilot_009,1,ai_diffrhythm_pilot
ai_diffrhythm_pilot_010,1,ai_diffrhythm_pilot
ai_diffrhythm_pilot_011,1,ai_diffrhythm_pilot
ai_diffrhythm_pilot_012,1,ai_diffrhythm_pilot
ai_diffrhythm_pilot_013,1,ai_diffrhythm_pilot
ai_diffrhythm_pilot_014,1,ai_diffrhythm_pilot
ai_diffrhythm_pilot_015,1,ai_diffrhythm_pilot
ai_diffrhythm_pilot_016,1,ai_diffrhythm_pilot
ai_diffrhythm_pilot_017,1,ai_diffrhythm_pilot
ai_diffrhythm_pilot_018,1,ai_diffrhythm_pilot
ai_diffrhythm_pilot_019,1,ai_diffrhythm_pilot
ai_diffrhythm_pilot_020,1,ai_diffrhythm_pilot
ai_diffrhythm_pilot_021,1,ai_diffrhythm_pilot
ai_diffrhythm_pilot_022,1,ai_diffrhythm_pilot
ai_diffrhythm_pilot_023,1,ai_diffrhythm_pilot
ai_diffrhythm_pilot_024,1,ai_diffrhythm_pilot
ai_diffrhythm_pilot_025,1,ai_diffrhythm_pilot
ai_diffrhythm_pilot_026,1,ai_diffrhythm_pilot
ai_diffrhythm_pilot_027,1,ai_diffrhythm_pilot
ai_diffrhythm_pilot_028,1,ai_diffrhythm_pilot
ai_diffrhythm_pilot_029,1,ai_diffrhythm_pilot
ai_diffrhythm_pilot_030,1,ai_diffrhythm_pilot
ai_diffrhythm_pilot_031,1,ai_diffrhythm_pilot
ai_diffrhythm_pilot_032,1,ai_diffrhythm_pilot
ai_diffrhythm_pilot_033,1,ai_diffrhythm_pilot
ai_diffrhythm_pilot_034,1,ai_diffrhythm_pilot
ai_diffrhythm_pilot_035,1,ai_diffrhythm_pilot
ai_diffrhythm_pilot_036,1,ai_diffrhythm_pilot
ai_diffrhythm_pilot_037,1,ai_diffrhythm_pilot
ai_diffrhythm_pilot_038,1,ai_diffrhythm_pilot
ai_diffrhythm_pilot_039,1,ai_diffrhythm_pilot
ai_diffrhythm_pilot_040,1,ai_diffrhythm_pilot
ai_diffrhythm_pilot_041,1,ai_diffrhythm_pilot
ai_diffrhythm_pilot_042,1,ai_diffrhythm_pilot
ai_diffrhythm_pilot_043,1,ai_diffrhythm_pilot
ai_diffrhythm_pilot_044,1,ai_diffrhythm_pilot
ai_diffrhythm_pilot_045,1,ai_diffrhythm_pilot
ai_diffrhythm_pilot_046,1,ai_diffrhythm_pilot
ai_diffrhythm_pilot_047,1,ai_diffrhythm_pilot
ai_diffrhythm_pilot_048,1,ai_diffrhythm_pilot
ai_diffrhythm_pilot_049,1,ai_diffrhythm_pilot
ai_diffrhythm_pilot_050,1,ai_diffrhythm_pilot
ai_heartmula_muse_cn_suno_cn_000107_1,1,HeartMuLa
ai_heartmula_muse_cn_suno_cn_000134_1,1,HeartMuLa
ai_heartmula_muse_cn_suno_cn_000244_1,1,HeartMuLa
ai_heartmula_muse_cn_suno_cn_000268_1,1,HeartMuLa
ai_heartmula_muse_cn_suno_cn_000394_1,1,HeartMuLa
ai_heartmula_muse_cn_suno_cn_000484_0,1,HeartMuLa
ai_heartmula_muse_cn_suno_cn_000585_1,1,HeartMuLa
ai_heartmula_muse_cn_suno_cn_000676_0,1,HeartMuLa
ai_heartmula_muse_cn_suno_cn_000679_1,1,HeartMuLa
ai_heartmula_muse_cn_suno_cn_000877_0,1,HeartMuLa
ai_heartmula_muse_cn_suno_cn_000887_1,1,HeartMuLa
ai_heartmula_muse_cn_suno_cn_000896_0,1,HeartMuLa
ai_heartmula_muse_cn_suno_cn_000942_1,1,HeartMuLa
ai_heartmula_muse_cn_suno_cn_000955_0,1,HeartMuLa
ai_heartmula_muse_cn_suno_cn_001079_1,1,HeartMuLa
ai_heartmula_muse_cn_suno_cn_001149_0,1,HeartMuLa
ai_heartmula_muse_cn_suno_cn_001191_0,1,HeartMuLa
ai_heartmula_muse_cn_suno_cn_001199_1,1,HeartMuLa
ai_heartmula_muse_cn_suno_cn_001270_0,1,HeartMuLa
ai_heartmula_muse_cn_suno_cn_001353_1,1,HeartMuLa
ai_heartmula_muse_cn_suno_cn_001668_0,1,HeartMuLa
ai_heartmula_muse_cn_suno_cn_001690_1,1,HeartMuLa
ai_heartmula_muse_cn_suno_cn_001808_0,1,HeartMuLa
ai_heartmula_muse_cn_suno_cn_002111_0,1,HeartMuLa
ai_heartmula_muse_cn_suno_cn_002120_0,1,HeartMuLa
ai_heartmula_muse_cn_suno_cn_002130_1,1,HeartMuLa
ai_heartmula_muse_cn_suno_cn_002202_0,1,HeartMuLa
ai_heartmula_muse_cn_suno_cn_002228_0,1,HeartMuLa
ai_heartmula_muse_cn_suno_cn_002440_1,1,HeartMuLa
ai_heartmula_muse_cn_suno_cn_002516_1,1,HeartMuLa
ai_heartmula_muse_cn_suno_cn_002551_0,1,HeartMuLa
ai_heartmula_muse_cn_suno_cn_002585_1,1,HeartMuLa
ai_heartmula_muse_cn_suno_cn_002619_1,1,HeartMuLa
ai_heartmula_muse_cn_suno_cn_002660_0,1,HeartMuLa
ai_heartmula_muse_cn_suno_cn_002718_0,1,HeartMuLa
ai_heartmula_muse_cn_suno_cn_002840_0,1,HeartMuLa
ai_heartmula_muse_cn_suno_cn_002958_0,1,HeartMuLa
ai_heartmula_muse_cn_suno_cn_003042_0,1,HeartMuLa
ai_heartmula_muse_cn_suno_cn_003067_1,1,HeartMuLa
ai_heartmula_muse_cn_suno_cn_003122_0,1,HeartMuLa
ai_heartmula_muse_cn_suno_cn_003137_1,1,HeartMuLa
ai_heartmula_muse_cn_suno_cn_003251_0,1,HeartMuLa
ai_heartmula_muse_cn_suno_cn_003275_1,1,HeartMuLa
ai_heartmula_muse_cn_suno_cn_003278_1,1,HeartMuLa
ai_heartmula_muse_cn_suno_cn_003299_0,1,HeartMuLa
ai_heartmula_muse_cn_suno_cn_003559_0,1,HeartMuLa
ai_heartmula_muse_cn_suno_cn_003766_1,1,HeartMuLa
ai_heartmula_muse_cn_suno_cn_003884_0,1,HeartMuLa
ai_heartmula_muse_cn_suno_cn_003983_0,1,HeartMuLa
ai_heartmula_muse_cn_suno_cn_004044_0,1,HeartMuLa
ai_heartmula_muse_cn_suno_cn_004068_1,1,HeartMuLa
ai_heartmula_muse_cn_suno_cn_004138_0,1,HeartMuLa
ai_heartmula_muse_cn_suno_cn_004405_1,1,HeartMuLa
ai_heartmula_muse_cn_suno_cn_004485_1,1,HeartMuLa
ai_heartmula_muse_cn_suno_cn_004770_0,1,HeartMuLa
ai_heartmula_muse_cn_suno_cn_004806_1,1,HeartMuLa
ai_heartmula_muse_cn_suno_cn_004936_1,1,HeartMuLa
ai_heartmula_muse_cn_suno_cn_005005_1,1,HeartMuLa
ai_heartmula_muse_cn_suno_cn_005164_1,1,HeartMuLa
ai_heartmula_muse_cn_suno_cn_005322_1,1,HeartMuLa
ai_heartmula_muse_cn_suno_cn_005324_0,1,HeartMuLa
ai_heartmula_muse_cn_suno_cn_005351_0,1,HeartMuLa
ai_heartmula_muse_cn_suno_cn_005457_1,1,HeartMuLa
ai_heartmula_muse_cn_suno_cn_005459_0,1,HeartMuLa
ai_heartmula_muse_cn_suno_cn_005537_1,1,HeartMuLa
ai_heartmula_muse_cn_suno_cn_005597_1,1,HeartMuLa
ai_heartmula_muse_cn_suno_cn_005832_0,1,HeartMuLa
ai_heartmula_muse_cn_suno_cn_005841_1,1,HeartMuLa
ai_heartmula_muse_cn_suno_cn_005844_0,1,HeartMuLa
ai_heartmula_muse_cn_suno_cn_005879_0,1,HeartMuLa
ai_heartmula_muse_cn_suno_cn_005897_1,1,HeartMuLa
ai_heartmula_muse_cn_suno_cn_006023_1,1,HeartMuLa
ai_heartmula_muse_cn_suno_cn_006047_0,1,HeartMuLa
ai_heartmula_muse_cn_suno_cn_006115_0,1,HeartMuLa
ai_heartmula_muse_cn_suno_cn_006140_0,1,HeartMuLa
ai_heartmula_muse_cn_suno_cn_006142_0,1,HeartMuLa
ai_heartmula_muse_cn_suno_cn_006204_1,1,HeartMuLa
ai_heartmula_muse_cn_suno_cn_006375_0,1,HeartMuLa
ai_heartmula_muse_cn_suno_cn_006670_1,1,HeartMuLa
ai_heartmula_muse_cn_suno_cn_006851_1,1,HeartMuLa
ai_heartmula_muse_cn_suno_cn_006985_0,1,HeartMuLa
ai_heartmula_muse_cn_suno_cn_007242_0,1,HeartMuLa
ai_heartmula_muse_cn_suno_cn_007250_1,1,HeartMuLa
ai_heartmula_muse_cn_suno_cn_007265_1,1,HeartMuLa
ai_heartmula_muse_cn_suno_cn_007401_1,1,HeartMuLa
ai_heartmula_muse_cn_suno_cn_007503_0,1,HeartMuLa
ai_heartmula_muse_cn_suno_cn_007831_1,1,HeartMuLa
ai_heartmula_muse_cn_suno_cn_007990_0,1,HeartMuLa
ai_heartmula_muse_cn_suno_cn_008284_1,1,HeartMuLa
ai_heartmula_muse_cn_suno_cn_008333_1,1,HeartMuLa
ai_heartmula_muse_cn_suno_cn_008405_1,1,HeartMuLa
ai_heartmula_muse_cn_suno_cn_008426_0,1,HeartMuLa
ai_heartmula_muse_cn_suno_cn_008528_0,1,HeartMuLa
ai_heartmula_muse_cn_suno_cn_008555_0,1,HeartMuLa
ai_heartmula_muse_cn_suno_cn_008586_0,1,HeartMuLa
ai_heartmula_muse_cn_suno_cn_008777_0,1,HeartMuLa
ai_heartmula_muse_cn_suno_cn_008836_1,1,HeartMuLa
ai_heartmula_muse_cn_suno_cn_008947_0,1,HeartMuLa
ai_heartmula_muse_cn_suno_cn_009034_0,1,HeartMuLa
ai_heartmula_muse_cn_suno_cn_009181_0,1,HeartMuLa
ai_heartmula_muse_cn_suno_cn_009437_0,1,HeartMuLa
ai_heartmula_muse_cn_suno_cn_009521_0,1,HeartMuLa
ai_heartmula_muse_cn_suno_cn_009697_0,1,HeartMuLa
ai_heartmula_muse_cn_suno_cn_009859_0,1,HeartMuLa
ai_heartmula_muse_cn_suno_cn_010060_0,1,HeartMuLa
ai_heartmula_muse_cn_suno_cn_010120_1,1,HeartMuLa
ai_heartmula_muse_cn_suno_cn_010125_0,1,HeartMuLa
ai_heartmula_muse_cn_suno_cn_010422_0,1,HeartMuLa
ai_heartmula_muse_cn_suno_cn_010426_1,1,HeartMuLa
ai_heartmula_muse_cn_suno_cn_010468_1,1,HeartMuLa
ai_heartmula_muse_cn_suno_cn_010720_0,1,HeartMuLa
ai_heartmula_muse_cn_suno_cn_010769_0,1,HeartMuLa
ai_heartmula_muse_cn_suno_cn_010854_0,1,HeartMuLa
ai_heartmula_muse_cn_suno_cn_010922_0,1,HeartMuLa
ai_heartmula_muse_cn_suno_cn_010968_1,1,HeartMuLa
ai_heartmula_muse_cn_suno_cn_010976_1,1,HeartMuLa
ai_heartmula_muse_cn_suno_cn_011062_1,1,HeartMuLa
ai_heartmula_muse_cn_suno_cn_011091_0,1,HeartMuLa
ai_heartmula_muse_cn_suno_cn_011121_0,1,HeartMuLa
ai_heartmula_muse_cn_suno_cn_011204_1,1,HeartMuLa
ai_heartmula_muse_cn_suno_cn_011299_0,1,HeartMuLa
ai_heartmula_muse_cn_suno_cn_011498_1,1,HeartMuLa
ai_heartmula_muse_cn_suno_cn_011565_0,1,HeartMuLa
ai_heartmula_muse_cn_suno_cn_011610_0,1,HeartMuLa
ai_heartmula_muse_cn_suno_cn_011638_1,1,HeartMuLa
ai_heartmula_muse_cn_suno_cn_011839_1,1,HeartMuLa
ai_heartmula_muse_cn_suno_cn_011869_0,1,HeartMuLa
ai_heartmula_muse_cn_suno_cn_011912_1,1,HeartMuLa
ai_heartmula_muse_cn_suno_cn_012107_1,1,HeartMuLa
ai_heartmula_muse_cn_suno_cn_012177_0,1,HeartMuLa
ai_heartmula_muse_cn_suno_cn_012421_1,1,HeartMuLa
ai_heartmula_muse_cn_suno_cn_012498_0,1,HeartMuLa
ai_heartmula_muse_cn_suno_cn_012526_0,1,HeartMuLa
ai_heartmula_muse_cn_suno_cn_012705_0,1,HeartMuLa
ai_heartmula_muse_cn_suno_cn_012899_1,1,HeartMuLa
ai_heartmula_muse_cn_suno_cn_012967_1,1,HeartMuLa
ai_heartmula_muse_cn_suno_cn_013167_0,1,HeartMuLa
ai_heartmula_muse_cn_suno_cn_013206_0,1,HeartMuLa
ai_heartmula_muse_cn_suno_cn_013209_1,1,HeartMuLa
ai_heartmula_muse_cn_suno_cn_013405_0,1,HeartMuLa
ai_heartmula_muse_cn_suno_cn_013420_0,1,HeartMuLa
ai_heartmula_muse_cn_suno_cn_013730_1,1,HeartMuLa
ai_heartmula_muse_cn_suno_cn_013771_1,1,HeartMuLa
ai_heartmula_muse_cn_suno_cn_013851_1,1,HeartMuLa
ai_heartmula_muse_cn_suno_cn_014281_1,1,HeartMuLa
ai_heartmula_muse_cn_suno_cn_014378_1,1,HeartMuLa
ai_heartmula_muse_cn_suno_cn_014403_0,1,HeartMuLa
ai_heartmula_muse_cn_suno_cn_014516_1,1,HeartMuLa
ai_heartmula_muse_cn_suno_cn_014692_0,1,HeartMuLa
ai_heartmula_muse_cn_suno_cn_014722_0,1,HeartMuLa
ai_heartmula_muse_cn_suno_cn_014780_1,1,HeartMuLa
ai_heartmula_muse_cn_suno_cn_014859_1,1,HeartMuLa
ai_heartmula_muse_cn_suno_cn_014976_0,1,HeartMuLa
ai_heartmula_muse_cn_suno_cn_015082_1,1,HeartMuLa
ai_heartmula_muse_cn_suno_cn_015187_1,1,HeartMuLa
ai_heartmula_muse_cn_suno_cn_015622_0,1,HeartMuLa
ai_heartmula_muse_cn_suno_cn_015652_0,1,HeartMuLa
ai_heartmula_muse_cn_suno_cn_015840_1,1,HeartMuLa
ai_heartmula_muse_cn_suno_cn_015869_0,1,HeartMuLa
ai_heartmula_muse_cn_suno_cn_015906_0,1,HeartMuLa
ai_heartmula_muse_cn_suno_cn_016011_0,1,HeartMuLa
ai_heartmula_muse_cn_suno_cn_016186_1,1,HeartMuLa
ai_heartmula_muse_cn_suno_cn_016201_1,1,HeartMuLa
ai_heartmula_muse_cn_suno_cn_016541_1,1,HeartMuLa
ai_heartmula_muse_cn_suno_cn_016564_1,1,HeartMuLa
ai_heartmula_muse_cn_suno_cn_016867_1,1,HeartMuLa
ai_heartmula_muse_cn_suno_cn_017217_1,1,HeartMuLa
ai_heartmula_muse_cn_suno_cn_017249_0,1,HeartMuLa
ai_heartmula_muse_cn_suno_cn_017255_0,1,HeartMuLa
ai_heartmula_muse_cn_suno_cn_017343_0,1,HeartMuLa
ai_heartmula_muse_cn_suno_cn_017373_0,1,HeartMuLa
ai_heartmula_muse_cn_suno_cn_017486_0,1,HeartMuLa
ai_heartmula_muse_cn_suno_cn_017531_0,1,HeartMuLa
ai_heartmula_muse_cn_suno_cn_017627_1,1,HeartMuLa
ai_heartmula_muse_cn_suno_cn_017645_1,1,HeartMuLa
ai_heartmula_muse_cn_suno_cn_017780_1,1,HeartMuLa
ai_heartmula_muse_cn_suno_cn_017803_1,1,HeartMuLa
ai_heartmula_muse_cn_suno_cn_017832_1,1,HeartMuLa
ai_heartmula_muse_cn_suno_cn_017956_1,1,HeartMuLa
ai_heartmula_muse_cn_suno_cn_017992_0,1,HeartMuLa
ai_heartmula_muse_cn_suno_cn_018057_0,1,HeartMuLa
ai_heartmula_muse_cn_suno_cn_018338_1,1,HeartMuLa
ai_heartmula_muse_cn_suno_cn_018558_1,1,HeartMuLa
ai_heartmula_muse_cn_suno_cn_018563_0,1,HeartMuLa
ai_heartmula_muse_cn_suno_cn_018634_1,1,HeartMuLa
ai_heartmula_muse_cn_suno_cn_018713_0,1,HeartMuLa
ai_heartmula_muse_cn_suno_cn_018814_1,1,HeartMuLa
ai_heartmula_muse_cn_suno_cn_019033_1,1,HeartMuLa
ai_heartmula_muse_cn_suno_cn_019040_1,1,HeartMuLa
ai_heartmula_muse_cn_suno_cn_019084_0,1,HeartMuLa
ai_heartmula_muse_cn_suno_cn_019155_0,1,HeartMuLa
ai_heartmula_muse_cn_suno_cn_019557_1,1,HeartMuLa
ai_heartmula_muse_cn_suno_cn_019593_0,1,HeartMuLa
ai_heartmula_muse_cn_suno_cn_019618_0,1,HeartMuLa
ai_heartmula_muse_cn_suno_cn_019709_1,1,HeartMuLa
ai_heartmula_muse_cn_suno_cn_019753_1,1,HeartMuLa
ai_heartmula_muse_cn_suno_cn_019837_1,1,HeartMuLa
ai_heartmula_muse_cn_suno_cn_019962_1,1,HeartMuLa
ai_heartmula_muse_cn_suno_cn_020042_1,1,HeartMuLa
ai_heartmula_muse_cn_suno_cn_020151_1,1,HeartMuLa
ai_heartmula_muse_cn_suno_cn_020176_0,1,HeartMuLa
ai_heartmula_muse_cn_suno_cn_020367_0,1,HeartMuLa
ai_heartmula_muse_cn_suno_cn_020424_0,1,HeartMuLa
ai_heartmula_muse_cn_suno_cn_020583_0,1,HeartMuLa
ai_heartmula_muse_cn_suno_cn_020594_0,1,HeartMuLa
ai_heartmula_muse_cn_suno_cn_020622_1,1,HeartMuLa
ai_heartmula_muse_cn_suno_cn_020623_0,1,HeartMuLa
ai_heartmula_muse_cn_suno_cn_020838_1,1,HeartMuLa
ai_heartmula_muse_cn_suno_cn_020854_0,1,HeartMuLa
ai_heartmula_muse_cn_suno_cn_020956_0,1,HeartMuLa
ai_heartmula_muse_cn_suno_cn_020962_1,1,HeartMuLa
ai_heartmula_muse_cn_suno_cn_021048_1,1,HeartMuLa
ai_heartmula_muse_cn_suno_cn_021072_1,1,HeartMuLa
ai_heartmula_muse_cn_suno_cn_021265_1,1,HeartMuLa
ai_heartmula_muse_cn_suno_cn_021396_1,1,HeartMuLa
ai_heartmula_muse_cn_suno_cn_021599_1,1,HeartMuLa
ai_heartmula_muse_cn_suno_cn_021662_1,1,HeartMuLa
ai_heartmula_muse_cn_suno_cn_021766_1,1,HeartMuLa
ai_heartmula_muse_cn_suno_cn_021803_0,1,HeartMuLa
ai_heartmula_muse_cn_suno_cn_021942_1,1,HeartMuLa
ai_heartmula_muse_cn_suno_cn_021964_1,1,HeartMuLa
ai_heartmula_muse_cn_suno_cn_021992_0,1,HeartMuLa
ai_heartmula_muse_cn_suno_cn_022781_1,1,HeartMuLa
ai_heartmula_muse_cn_suno_cn_022963_0,1,HeartMuLa
ai_heartmula_muse_cn_suno_cn_023026_0,1,HeartMuLa
ai_heartmula_muse_cn_suno_cn_023072_0,1,HeartMuLa
ai_heartmula_muse_cn_suno_cn_023110_0,1,HeartMuLa
ai_heartmula_muse_cn_suno_cn_023171_0,1,HeartMuLa
ai_heartmula_muse_cn_suno_cn_023220_0,1,HeartMuLa
ai_heartmula_muse_cn_suno_cn_023274_0,1,HeartMuLa
ai_heartmula_muse_cn_suno_cn_023399_0,1,HeartMuLa
ai_heartmula_muse_cn_suno_cn_023450_0,1,HeartMuLa
ai_heartmula_muse_cn_suno_cn_023486_1,1,HeartMuLa
ai_heartmula_muse_cn_suno_cn_023805_0,1,HeartMuLa
ai_heartmula_muse_cn_suno_cn_023829_1,1,HeartMuLa
ai_heartmula_muse_cn_suno_cn_023885_1,1,HeartMuLa
ai_heartmula_muse_cn_suno_cn_023910_1,1,HeartMuLa
ai_heartmula_muse_cn_suno_cn_023964_1,1,HeartMuLa
ai_heartmula_muse_cn_suno_cn_024178_0,1,HeartMuLa
ai_heartmula_muse_cn_suno_cn_024218_0,1,HeartMuLa
ai_heartmula_muse_cn_suno_cn_024242_1,1,HeartMuLa
ai_heartmula_muse_cn_suno_cn_024403_1,1,HeartMuLa
ai_heartmula_muse_cn_suno_cn_024482_0,1,HeartMuLa
ai_heartmula_muse_cn_suno_cn_024491_1,1,HeartMuLa
ai_heartmula_muse_cn_suno_cn_024565_0,1,HeartMuLa
ai_heartmula_muse_cn_suno_cn_024662_0,1,HeartMuLa
ai_heartmula_muse_cn_suno_cn_024768_0,1,HeartMuLa
ai_heartmula_muse_cn_suno_cn_024852_1,1,HeartMuLa
ai_heartmula_muse_cn_suno_cn_024907_1,1,HeartMuLa
ai_heartmula_muse_cn_suno_cn_024932_0,1,HeartMuLa
ai_heartmula_muse_en_suno_en_000171_1,1,HeartMuLa
ai_heartmula_muse_en_suno_en_000178_0,1,HeartMuLa
ai_heartmula_muse_en_suno_en_000234_1,1,HeartMuLa
ai_heartmula_muse_en_suno_en_000300_1,1,HeartMuLa
ai_heartmula_muse_en_suno_en_000394_1,1,HeartMuLa
ai_heartmula_muse_en_suno_en_000542_1,1,HeartMuLa
ai_heartmula_muse_en_suno_en_000910_0,1,HeartMuLa
ai_heartmula_muse_en_suno_en_000948_0,1,HeartMuLa
ai_heartmula_muse_en_suno_en_000972_1,1,HeartMuLa
ai_heartmula_muse_en_suno_en_001129_0,1,HeartMuLa
ai_heartmula_muse_en_suno_en_001537_0,1,HeartMuLa
ai_heartmula_muse_en_suno_en_001605_1,1,HeartMuLa
ai_heartmula_muse_en_suno_en_001633_0,1,HeartMuLa
ai_heartmula_muse_en_suno_en_001725_1,1,HeartMuLa
ai_heartmula_muse_en_suno_en_001875_0,1,HeartMuLa
ai_heartmula_muse_en_suno_en_001913_1,1,HeartMuLa
ai_heartmula_muse_en_suno_en_002048_1,1,HeartMuLa
ai_heartmula_muse_en_suno_en_002255_1,1,HeartMuLa
ai_heartmula_muse_en_suno_en_002426_1,1,HeartMuLa
ai_heartmula_muse_en_suno_en_002465_0,1,HeartMuLa
ai_heartmula_muse_en_suno_en_002467_0,1,HeartMuLa
ai_heartmula_muse_en_suno_en_002603_1,1,HeartMuLa
ai_heartmula_muse_en_suno_en_002634_0,1,HeartMuLa
ai_heartmula_muse_en_suno_en_002699_0,1,HeartMuLa
ai_heartmula_muse_en_suno_en_002723_1,1,HeartMuLa
ai_heartmula_muse_en_suno_en_002724_1,1,HeartMuLa
ai_heartmula_muse_en_suno_en_003147_1,1,HeartMuLa
ai_heartmula_muse_en_suno_en_003293_0,1,HeartMuLa
ai_heartmula_muse_en_suno_en_003424_1,1,HeartMuLa
ai_heartmula_muse_en_suno_en_003451_1,1,HeartMuLa
ai_heartmula_muse_en_suno_en_003642_1,1,HeartMuLa
ai_heartmula_muse_en_suno_en_003666_1,1,HeartMuLa
ai_heartmula_muse_en_suno_en_003903_1,1,HeartMuLa
ai_heartmula_muse_en_suno_en_003961_0,1,HeartMuLa
ai_heartmula_muse_en_suno_en_004118_0,1,HeartMuLa
ai_heartmula_muse_en_suno_en_004217_0,1,HeartMuLa
ai_heartmula_muse_en_suno_en_004417_1,1,HeartMuLa
ai_heartmula_muse_en_suno_en_004466_1,1,HeartMuLa
ai_heartmula_muse_en_suno_en_004478_0,1,HeartMuLa
ai_heartmula_muse_en_suno_en_004730_1,1,HeartMuLa
ai_heartmula_muse_en_suno_en_004749_1,1,HeartMuLa
ai_heartmula_muse_en_suno_en_004867_1,1,HeartMuLa
ai_heartmula_muse_en_suno_en_005012_1,1,HeartMuLa
ai_heartmula_muse_en_suno_en_005190_0,1,HeartMuLa
ai_heartmula_muse_en_suno_en_005195_1,1,HeartMuLa
ai_heartmula_muse_en_suno_en_005535_0,1,HeartMuLa
ai_heartmula_muse_en_suno_en_005693_1,1,HeartMuLa
ai_heartmula_muse_en_suno_en_005917_1,1,HeartMuLa
ai_heartmula_muse_en_suno_en_005991_0,1,HeartMuLa
ai_heartmula_muse_en_suno_en_005992_1,1,HeartMuLa
ai_heartmula_muse_en_suno_en_006200_0,1,HeartMuLa
ai_heartmula_muse_en_suno_en_006527_1,1,HeartMuLa
ai_heartmula_muse_en_suno_en_006876_0,1,HeartMuLa
ai_heartmula_muse_en_suno_en_007117_0,1,HeartMuLa
ai_heartmula_muse_en_suno_en_007200_1,1,HeartMuLa
ai_heartmula_muse_en_suno_en_007332_0,1,HeartMuLa
ai_heartmula_muse_en_suno_en_007376_0,1,HeartMuLa
ai_heartmula_muse_en_suno_en_007424_1,1,HeartMuLa
ai_heartmula_muse_en_suno_en_007625_1,1,HeartMuLa
ai_heartmula_muse_en_suno_en_007810_1,1,HeartMuLa
ai_heartmula_muse_en_suno_en_007830_0,1,HeartMuLa
ai_heartmula_muse_en_suno_en_007954_1,1,HeartMuLa
ai_heartmula_muse_en_suno_en_008171_0,1,HeartMuLa
ai_heartmula_muse_en_suno_en_008190_1,1,HeartMuLa
ai_heartmula_muse_en_suno_en_008204_0,1,HeartMuLa
ai_heartmula_muse_en_suno_en_008284_1,1,HeartMuLa
ai_heartmula_muse_en_suno_en_008435_1,1,HeartMuLa
ai_heartmula_muse_en_suno_en_010629_0,1,HeartMuLa
ai_heartmula_muse_en_suno_en_010654_0,1,HeartMuLa
ai_heartmula_muse_en_suno_en_010719_1,1,HeartMuLa
ai_heartmula_muse_en_suno_en_010805_1,1,HeartMuLa
ai_heartmula_muse_en_suno_en_010909_0,1,HeartMuLa
ai_heartmula_muse_en_suno_en_011022_1,1,HeartMuLa
ai_heartmula_muse_en_suno_en_011062_1,1,HeartMuLa
ai_heartmula_muse_en_suno_en_011317_0,1,HeartMuLa
ai_heartmula_muse_en_suno_en_011375_1,1,HeartMuLa
ai_heartmula_muse_en_suno_en_011430_0,1,HeartMuLa
ai_heartmula_muse_en_suno_en_011432_0,1,HeartMuLa
ai_heartmula_muse_en_suno_en_011584_1,1,HeartMuLa
ai_heartmula_muse_en_suno_en_011976_0,1,HeartMuLa
ai_heartmula_muse_en_suno_en_012038_1,1,HeartMuLa
ai_heartmula_muse_en_suno_en_012148_1,1,HeartMuLa
ai_heartmula_muse_en_suno_en_012329_0,1,HeartMuLa
ai_heartmula_muse_en_suno_en_012364_0,1,HeartMuLa
ai_heartmula_muse_en_suno_en_012403_1,1,HeartMuLa
ai_heartmula_muse_en_suno_en_012425_0,1,HeartMuLa
ai_heartmula_muse_en_suno_en_012475_0,1,HeartMuLa
ai_heartmula_muse_en_suno_en_012649_0,1,HeartMuLa
ai_heartmula_muse_en_suno_en_013020_0,1,HeartMuLa
ai_heartmula_muse_en_suno_en_013448_1,1,HeartMuLa
ai_heartmula_muse_en_suno_en_013480_1,1,HeartMuLa
ai_heartmula_muse_en_suno_en_013488_0,1,HeartMuLa
ai_heartmula_muse_en_suno_en_013565_0,1,HeartMuLa
ai_heartmula_muse_en_suno_en_013579_1,1,HeartMuLa
ai_heartmula_muse_en_suno_en_013733_1,1,HeartMuLa
ai_heartmula_muse_en_suno_en_013915_1,1,HeartMuLa
ai_heartmula_muse_en_suno_en_013922_0,1,HeartMuLa
ai_heartmula_muse_en_suno_en_013933_1,1,HeartMuLa
ai_heartmula_muse_en_suno_en_014015_1,1,HeartMuLa
ai_heartmula_muse_en_suno_en_014158_0,1,HeartMuLa
ai_heartmula_muse_en_suno_en_014209_1,1,HeartMuLa
ai_heartmula_muse_en_suno_en_014585_0,1,HeartMuLa
ai_heartmula_muse_en_suno_en_015012_1,1,HeartMuLa
ai_heartmula_muse_en_suno_en_015231_0,1,HeartMuLa
ai_heartmula_muse_en_suno_en_015394_1,1,HeartMuLa
ai_heartmula_muse_en_suno_en_015401_0,1,HeartMuLa
ai_heartmula_muse_en_suno_en_015503_0,1,HeartMuLa
ai_heartmula_muse_en_suno_en_015987_0,1,HeartMuLa
ai_heartmula_muse_en_suno_en_016103_1,1,HeartMuLa
ai_heartmula_muse_en_suno_en_016116_0,1,HeartMuLa
ai_heartmula_muse_en_suno_en_016151_1,1,HeartMuLa
ai_heartmula_muse_en_suno_en_016463_0,1,HeartMuLa
ai_heartmula_muse_en_suno_en_016716_1,1,HeartMuLa
ai_heartmula_muse_en_suno_en_016813_1,1,HeartMuLa
ai_heartmula_muse_en_suno_en_016830_1,1,HeartMuLa
ai_heartmula_muse_en_suno_en_016880_0,1,HeartMuLa
ai_heartmula_muse_en_suno_en_017155_0,1,HeartMuLa
ai_heartmula_muse_en_suno_en_017216_0,1,HeartMuLa
ai_heartmula_muse_en_suno_en_017304_1,1,HeartMuLa
ai_heartmula_muse_en_suno_en_017349_0,1,HeartMuLa
ai_heartmula_muse_en_suno_en_017353_1,1,HeartMuLa
ai_heartmula_muse_en_suno_en_017413_1,1,HeartMuLa
ai_heartmula_muse_en_suno_en_017690_0,1,HeartMuLa
ai_heartmula_muse_en_suno_en_017829_0,1,HeartMuLa
ai_heartmula_muse_en_suno_en_018072_0,1,HeartMuLa
ai_heartmula_muse_en_suno_en_018225_0,1,HeartMuLa
ai_heartmula_muse_en_suno_en_018255_1,1,HeartMuLa
ai_heartmula_muse_en_suno_en_018455_1,1,HeartMuLa
ai_heartmula_muse_en_suno_en_018560_1,1,HeartMuLa
ai_heartmula_muse_en_suno_en_018763_1,1,HeartMuLa
ai_heartmula_muse_en_suno_en_018861_0,1,HeartMuLa
ai_heartmula_muse_en_suno_en_018923_1,1,HeartMuLa
ai_heartmula_muse_en_suno_en_019197_1,1,HeartMuLa
ai_heartmula_muse_en_suno_en_019319_1,1,HeartMuLa
ai_heartmula_muse_en_suno_en_019500_1,1,HeartMuLa
ai_heartmula_muse_en_suno_en_019611_1,1,HeartMuLa
ai_heartmula_muse_en_suno_en_019715_1,1,HeartMuLa
ai_heartmula_muse_en_suno_en_019907_0,1,HeartMuLa
ai_heartmula_muse_en_suno_en_019981_0,1,HeartMuLa
ai_heartmula_muse_en_suno_en_019992_1,1,HeartMuLa
ai_heartmula_muse_en_suno_en_020030_0,1,HeartMuLa
ai_heartmula_muse_en_suno_en_020197_1,1,HeartMuLa
ai_heartmula_muse_en_suno_en_020307_1,1,HeartMuLa
ai_heartmula_muse_en_suno_en_020365_0,1,HeartMuLa
ai_heartmula_muse_en_suno_en_020370_0,1,HeartMuLa
ai_heartmula_muse_en_suno_en_020375_0,1,HeartMuLa
ai_heartmula_muse_en_suno_en_020401_0,1,HeartMuLa
ai_heartmula_muse_en_suno_en_020754_1,1,HeartMuLa
ai_heartmula_muse_en_suno_en_020788_0,1,HeartMuLa
ai_heartmula_muse_en_suno_en_020792_0,1,HeartMuLa
ai_heartmula_muse_en_suno_en_020825_0,1,HeartMuLa
ai_heartmula_muse_en_suno_en_020867_1,1,HeartMuLa
ai_heartmula_muse_en_suno_en_020874_0,1,HeartMuLa
ai_heartmula_muse_en_suno_en_020950_0,1,HeartMuLa
ai_heartmula_muse_en_suno_en_020968_1,1,HeartMuLa
ai_heartmula_muse_en_suno_en_021221_1,1,HeartMuLa
ai_heartmula_muse_en_suno_en_021746_1,1,HeartMuLa
ai_heartmula_muse_en_suno_en_021752_0,1,HeartMuLa
ai_heartmula_muse_en_suno_en_022194_1,1,HeartMuLa
ai_heartmula_muse_en_suno_en_022546_1,1,HeartMuLa
ai_heartmula_muse_en_suno_en_022591_0,1,HeartMuLa
ai_heartmula_muse_en_suno_en_022669_1,1,HeartMuLa
ai_heartmula_muse_en_suno_en_023024_1,1,HeartMuLa
ai_heartmula_muse_en_suno_en_023209_1,1,HeartMuLa
ai_heartmula_muse_en_suno_en_023285_1,1,HeartMuLa
ai_heartmula_muse_en_suno_en_023320_1,1,HeartMuLa
ai_heartmula_muse_en_suno_en_023496_0,1,HeartMuLa
ai_heartmula_muse_en_suno_en_023694_1,1,HeartMuLa
ai_heartmula_muse_en_suno_en_023752_1,1,HeartMuLa
ai_heartmula_muse_en_suno_en_023819_0,1,HeartMuLa
ai_heartmula_muse_en_suno_en_023877_0,1,HeartMuLa
ai_heartmula_muse_en_suno_en_024029_1,1,HeartMuLa
ai_heartmula_muse_en_suno_en_024045_1,1,HeartMuLa
ai_heartmula_muse_en_suno_en_024308_0,1,HeartMuLa
ai_heartmula_muse_en_suno_en_024709_1,1,HeartMuLa
ai_heartmula_muse_en_suno_en_024741_0,1,HeartMuLa
ai_heartmula_muse_en_suno_en_025125_0,1,HeartMuLa
ai_heartmula_muse_en_suno_en_025332_0,1,HeartMuLa
ai_heartmula_muse_en_suno_en_025448_0,1,HeartMuLa
ai_heartmula_muse_en_suno_en_025603_1,1,HeartMuLa
ai_heartmula_muse_en_suno_en_025839_1,1,HeartMuLa
ai_heartmula_muse_en_suno_en_025857_1,1,HeartMuLa
ai_heartmula_muse_en_suno_en_025875_1,1,HeartMuLa
ai_heartmula_muse_en_suno_en_026005_0,1,HeartMuLa
ai_heartmula_muse_en_suno_en_026074_0,1,HeartMuLa
ai_heartmula_muse_en_suno_en_026086_1,1,HeartMuLa
ai_heartmula_muse_en_suno_en_026397_0,1,HeartMuLa
ai_heartmula_muse_en_suno_en_026431_1,1,HeartMuLa
ai_heartmula_muse_en_suno_en_026494_1,1,HeartMuLa
ai_heartmula_muse_en_suno_en_026592_0,1,HeartMuLa
ai_heartmula_muse_en_suno_en_026618_1,1,HeartMuLa
ai_heartmula_muse_en_suno_en_026759_1,1,HeartMuLa
ai_heartmula_muse_en_suno_en_026769_0,1,HeartMuLa
ai_heartmula_muse_en_suno_en_026793_0,1,HeartMuLa
ai_heartmula_muse_en_suno_en_026819_0,1,HeartMuLa
ai_heartmula_muse_en_suno_en_026837_0,1,HeartMuLa
ai_heartmula_muse_en_suno_en_026922_0,1,HeartMuLa
ai_heartmula_muse_en_suno_en_026938_1,1,HeartMuLa
ai_heartmula_muse_en_suno_en_026962_0,1,HeartMuLa
ai_heartmula_muse_en_suno_en_027511_1,1,HeartMuLa
ai_heartmula_muse_en_suno_en_027586_0,1,HeartMuLa
ai_heartmula_muse_en_suno_en_027758_0,1,HeartMuLa
ai_heartmula_muse_en_suno_en_028128_1,1,HeartMuLa
ai_heartmula_muse_en_suno_en_028160_1,1,HeartMuLa
ai_heartmula_muse_en_suno_en_028334_1,1,HeartMuLa
ai_heartmula_muse_en_suno_en_028351_1,1,HeartMuLa
ai_heartmula_muse_en_suno_en_028422_1,1,HeartMuLa
ai_heartmula_muse_en_suno_en_028544_0,1,HeartMuLa
ai_heartmula_muse_en_suno_en_028597_0,1,HeartMuLa
ai_heartmula_muse_en_suno_en_028605_0,1,HeartMuLa
ai_heartmula_muse_en_suno_en_028765_0,1,HeartMuLa
ai_heartmula_muse_en_suno_en_029154_0,1,HeartMuLa
ai_heartmula_muse_en_suno_en_029220_0,1,HeartMuLa
ai_heartmula_muse_en_suno_en_029458_0,1,HeartMuLa
ai_heartmula_muse_en_suno_en_029528_0,1,HeartMuLa
ai_heartmula_muse_en_suno_en_029708_1,1,HeartMuLa
ai_heartmula_muse_en_suno_en_029735_0,1,HeartMuLa
ai_heartmula_muse_en_suno_en_030151_0,1,HeartMuLa
ai_heartmula_muse_en_suno_en_030373_1,1,HeartMuLa
ai_heartmula_muse_en_suno_en_030441_1,1,HeartMuLa
ai_heartmula_muse_en_suno_en_030623_1,1,HeartMuLa
ai_heartmula_muse_en_suno_en_030631_0,1,HeartMuLa
ai_heartmula_muse_en_suno_en_030691_0,1,HeartMuLa
ai_heartmula_muse_en_suno_en_030973_1,1,HeartMuLa
ai_heartmula_muse_en_suno_en_031001_1,1,HeartMuLa
ai_heartmula_muse_en_suno_en_031012_0,1,HeartMuLa
ai_heartmula_muse_en_suno_en_031167_1,1,HeartMuLa
ai_heartmula_muse_en_suno_en_031266_0,1,HeartMuLa
ai_heartmula_muse_en_suno_en_031548_1,1,HeartMuLa
ai_heartmula_muse_en_suno_en_031573_1,1,HeartMuLa
ai_heartmula_muse_en_suno_en_031620_1,1,HeartMuLa
ai_heartmula_muse_en_suno_en_031869_1,1,HeartMuLa
ai_heartmula_muse_en_suno_en_031950_0,1,HeartMuLa
ai_heartmula_muse_en_suno_en_032126_1,1,HeartMuLa
ai_heartmula_muse_en_suno_en_032496_1,1,HeartMuLa
ai_heartmula_muse_en_suno_en_032796_1,1,HeartMuLa
ai_heartmula_muse_en_suno_en_032874_0,1,HeartMuLa
ai_heartmula_muse_en_suno_en_032888_0,1,HeartMuLa
ai_heartmula_muse_en_suno_en_033015_1,1,HeartMuLa
ai_heartmula_muse_en_suno_en_033142_1,1,HeartMuLa
ai_heartmula_muse_en_suno_en_033149_1,1,HeartMuLa
ai_heartmula_muse_en_suno_en_033249_1,1,HeartMuLa
ai_heartmula_muse_en_suno_en_033304_1,1,HeartMuLa
ai_heartmula_muse_en_suno_en_033608_1,1,HeartMuLa
ai_heartmula_muse_en_suno_en_033892_1,1,HeartMuLa
ai_heartmula_muse_en_suno_en_033908_1,1,HeartMuLa
ai_heartmula_muse_en_suno_en_034089_0,1,HeartMuLa
ai_heartmula_muse_en_suno_en_034099_0,1,HeartMuLa
ai_heartmula_muse_en_suno_en_034129_0,1,HeartMuLa
ai_heartmula_muse_en_suno_en_034135_1,1,HeartMuLa
ai_humair_suno_02db49220afe3195,1,Suno
ai_humair_suno_033dc40829db4b46,1,Suno
ai_humair_suno_0483f5d0856b5328,1,Suno
ai_humair_suno_04edc14433f18156,1,Suno
ai_humair_suno_059f07040649934c,1,Suno
ai_humair_suno_0609ed47af961586,1,Suno
ai_humair_suno_07186fbd95b53581,1,Suno
ai_humair_suno_086fd0ba42dabf37,1,Suno
ai_humair_suno_09adf2597a3bfa1a,1,Suno
ai_humair_suno_09ba889f0e4dc521,1,Suno
ai_humair_suno_0a4a6c182363b2d8,1,Suno
ai_humair_suno_0bc194256a7c5cfa,1,Suno
ai_humair_suno_10fba3aaa5f80855,1,Suno
ai_humair_suno_136babb9388d7711,1,Suno
ai_humair_suno_144abee78d73f795,1,Suno
ai_humair_suno_152de32f36000673,1,Suno
ai_humair_suno_17db3ca84b66c177,1,Suno
ai_humair_suno_18012a45df959455,1,Suno
ai_humair_suno_182a057435a3895d,1,Suno
ai_humair_suno_18a4bb0ed6826214,1,Suno
ai_humair_suno_18c23dd7f74e04c2,1,Suno
ai_humair_suno_19a6c00aa4a3fa54,1,Suno
ai_humair_suno_19e923de4a3568f9,1,Suno
ai_humair_suno_1a2a31746746632e,1,Suno
ai_humair_suno_1a2a63f8c603df45,1,Suno
ai_humair_suno_1b8bc8ef075842be,1,Suno
ai_humair_suno_1c283d216c47bb51,1,Suno
ai_humair_suno_1c2990e75b383ddc,1,Suno
ai_humair_suno_1d08313e74204509,1,Suno
ai_humair_suno_1d11bffb2b01565e,1,Suno
ai_humair_suno_1db07405bd41a8e4,1,Suno
ai_humair_suno_20a692611666dfcd,1,Suno
ai_humair_suno_20dc158503b263d2,1,Suno
ai_humair_suno_26123b3eaa07785b,1,Suno
ai_humair_suno_263481e74f9c96fb,1,Suno
ai_humair_suno_26e5becc3a4e5f97,1,Suno
ai_humair_suno_28358d5c94aed2d7,1,Suno
ai_humair_suno_2872d08c01e89604,1,Suno
ai_humair_suno_28fa8f2e3b66c337,1,Suno
ai_humair_suno_29b0511ae2ab79e8,1,Suno
ai_humair_suno_29f9ccdc25cd9122,1,Suno
ai_humair_suno_2abcb235b0120f94,1,Suno
ai_humair_suno_2af044321b79f217,1,Suno
ai_humair_suno_2b2d6132ca42bb2f,1,Suno
ai_humair_suno_2b9c7cbbf14562ba,1,Suno
ai_humair_suno_2cccdc5dca128fe5,1,Suno
ai_humair_suno_2cff478177049993,1,Suno
ai_humair_suno_2d9e55152457a8d4,1,Suno
ai_humair_suno_2f9c5bc65ee0fc85,1,Suno
ai_humair_suno_312a3121e32804ab,1,Suno
ai_humair_suno_318f0d9ccc13b7aa,1,Suno
ai_humair_suno_31f11ba963bb79f7,1,Suno
ai_humair_suno_3320421ad4385efa,1,Suno
ai_humair_suno_34276495a30c6bee,1,Suno
ai_humair_suno_343af0bbf1988095,1,Suno
ai_humair_suno_3503e6af97f544ea,1,Suno
ai_humair_suno_35067abc3ef97f68,1,Suno
ai_humair_suno_35aa05ea2dae15ec,1,Suno
ai_humair_suno_37dc6a153fad8d1a,1,Suno
ai_humair_suno_38e9856e17f4a4c1,1,Suno
ai_humair_suno_3b3c4d7981b2cb1f,1,Suno
ai_humair_suno_3b98fb8107dec899,1,Suno
ai_humair_suno_3c1f1d3b3850274d,1,Suno
ai_humair_suno_3c4569b890d85e3a,1,Suno
ai_humair_suno_3c5137e99d6036b7,1,Suno
ai_humair_suno_3d07b838f88cd5aa,1,Suno
ai_humair_suno_3e9371dbc1664bb7,1,Suno
ai_humair_suno_3f3a4f7ebe58eb23,1,Suno
ai_humair_suno_4057bac14aa84772,1,Suno
ai_humair_suno_438cdca91cd32265,1,Suno
ai_humair_suno_454ada14a99e938c,1,Suno
ai_humair_suno_4556dbf87de66291,1,Suno
ai_humair_suno_4c331b3d0440fd3e,1,Suno
ai_humair_suno_4d29c7c9f368b9ef,1,Suno
ai_humair_suno_4d34bd5d2dbf28c5,1,Suno
ai_humair_suno_4d67f4e24c4924af,1,Suno
ai_humair_suno_4ff271271ed23f1e,1,Suno
ai_humair_suno_51fee96fea090e23,1,Suno
ai_humair_suno_53290bf3a110b301,1,Suno
ai_humair_suno_538a02df5e87af4e,1,Suno
ai_humair_suno_54cfafb6f8fb7c49,1,Suno
ai_humair_suno_56db174c0389ef06,1,Suno
ai_humair_suno_56fffde9355daa6e,1,Suno
ai_humair_suno_5758d9aa5412e565,1,Suno
ai_humair_suno_57f836c1a26b50ab,1,Suno
ai_humair_suno_58fd24c2f68cfa6f,1,Suno
ai_humair_suno_5a7ce363709b27a0,1,Suno
ai_humair_suno_5e0553a22cc0aaf4,1,Suno
ai_humair_suno_606dbd208faca5ef,1,Suno
ai_humair_suno_62f847798616ebe8,1,Suno
ai_humair_suno_63496380dc8ffffc,1,Suno
ai_humair_suno_63be33c2bb095174,1,Suno
ai_humair_suno_65edc7c63935f741,1,Suno
ai_humair_suno_6646de5bc624ae60,1,Suno
ai_humair_suno_6661bbbfd607fcec,1,Suno
ai_humair_suno_67c45c95b036d8e7,1,Suno
ai_humair_suno_67d240ce470a75a1,1,Suno
ai_humair_suno_680448ce2f9caa94,1,Suno
ai_humair_suno_6a03d489df449961,1,Suno
ai_humair_suno_6ac6fbc14c9507c3,1,Suno
ai_humair_suno_6b585afa0b6da984,1,Suno
ai_humair_suno_6c3a4b33b508a148,1,Suno
ai_humair_suno_6c5492e4d30b1060,1,Suno
ai_humair_suno_6dfbb9342808ea99,1,Suno
ai_humair_suno_7047bb9900420682,1,Suno
ai_humair_suno_71d4cfd7c5465ef2,1,Suno
ai_humair_suno_7231b9bc1cb5545f,1,Suno
ai_humair_suno_7257973de26fa708,1,Suno
ai_humair_suno_738504d1bd7cabd5,1,Suno
ai_humair_suno_74f3915e54f5100d,1,Suno
ai_humair_suno_75d05749833c9ebc,1,Suno
ai_humair_suno_765fbddac7337d81,1,Suno
ai_humair_suno_7698fc655317d384,1,Suno
ai_humair_suno_76a127b24991ad7e,1,Suno
ai_humair_suno_77be477b092015a3,1,Suno
ai_humair_suno_789c4c59af087632,1,Suno
ai_humair_suno_78c5fc2bcc5387f0,1,Suno
ai_humair_suno_78e5246c955c2802,1,Suno
ai_humair_suno_79645399c21f2431,1,Suno
ai_humair_suno_7a98f1d5a24be883,1,Suno
ai_humair_suno_7bd72d9b62174bb7,1,Suno
ai_humair_suno_7ecf39f3227fe44e,1,Suno
ai_humair_suno_800df1d25ce03553,1,Suno
ai_humair_suno_81b99b2e56edda67,1,Suno
ai_humair_suno_8222d8be90f688f0,1,Suno
ai_humair_suno_837749fc68033edc,1,Suno
ai_humair_suno_845bd32d408ed6a1,1,Suno
ai_humair_suno_858a1c6e95ab316e,1,Suno
ai_humair_suno_87b774e0ccd01680,1,Suno
ai_humair_suno_885e34fb8fc9767d,1,Suno
ai_humair_suno_88f64810b9514006,1,Suno
ai_humair_suno_8a7e3a7b71d08e5d,1,Suno
ai_humair_suno_8b6abfcd79127133,1,Suno
ai_humair_suno_8bb34ad6d9d9d68a,1,Suno
ai_humair_suno_8c167dca4308215a,1,Suno
ai_humair_suno_8e07601f1ccdb87c,1,Suno
ai_humair_suno_8ff885582d3feb61,1,Suno
ai_humair_suno_916631923026823b,1,Suno
ai_humair_suno_9208b203780c08c8,1,Suno
ai_humair_suno_94dcb51b17f9773d,1,Suno
ai_humair_suno_9527680021b04146,1,Suno
ai_humair_suno_973951cc5a15424d,1,Suno
ai_humair_suno_97959b3e243aacc2,1,Suno
ai_humair_suno_97f75f0dcc2a9c06,1,Suno
ai_humair_suno_9adcf080cac737cc,1,Suno
ai_humair_suno_9afb134d89f43738,1,Suno
ai_humair_suno_9b948230bd8b00c2,1,Suno
ai_humair_suno_9c1200e7a52c7585,1,Suno
ai_humair_suno_9c9cc41a3ceadec7,1,Suno
ai_humair_suno_9d3e253e21d34aa2,1,Suno
ai_humair_suno_9d7736b2b154b15a,1,Suno
ai_humair_suno_9e4cc7b009551a19,1,Suno
ai_humair_suno_9eb2454c3a01a90d,1,Suno
ai_humair_suno_9f5c53b0eff942ae,1,Suno
ai_humair_suno_a220189a85f73f58,1,Suno
ai_humair_suno_a24d88b2f00e55d9,1,Suno
ai_humair_suno_a33faca410189c6f,1,Suno
ai_humair_suno_a48e1e29c5502678,1,Suno
ai_humair_suno_a54ded46d667294f,1,Suno
ai_humair_suno_a64e95ec4ccb144e,1,Suno
ai_humair_suno_a6adc7efe4a28ecc,1,Suno
ai_humair_suno_a85c16a832010362,1,Suno
ai_humair_suno_a9f72cde95a69f23,1,Suno
ai_humair_suno_aa8e607d0523ae0c,1,Suno
ai_humair_suno_abf941d4ad94a633,1,Suno
ai_humair_suno_acbb6e7809648045,1,Suno
ai_humair_suno_ada9f22d5d1ebed0,1,Suno
ai_humair_suno_adba7953ccbc97be,1,Suno
ai_humair_suno_ae12488731d1f1c0,1,Suno
ai_humair_suno_af2ab270b4a82a94,1,Suno
ai_humair_suno_b311925d9e12a0d1,1,Suno
ai_humair_suno_b3e94e2c40624458,1,Suno
ai_humair_suno_b52ae2892af723a4,1,Suno
ai_humair_suno_b5a66443c979aea1,1,Suno
ai_humair_suno_b7ef1509a4f3671a,1,Suno
ai_humair_suno_b98e1162aed40f86,1,Suno
ai_humair_suno_bac8d3588b3ee523,1,Suno
ai_humair_suno_bbaa678e26a27f7a,1,Suno
ai_humair_suno_bc79b1940b1fea58,1,Suno
ai_humair_suno_bd2f9c22f6d6df84,1,Suno
ai_humair_suno_bd7d74791b052ab7,1,Suno
ai_humair_suno_bee1ad92b34df880,1,Suno
ai_humair_suno_bf5dd68706a6c9dc,1,Suno
ai_humair_suno_c0bd15ab3081fc4a,1,Suno
ai_humair_suno_c3d91c7866f2eba6,1,Suno
ai_humair_suno_c550b0e6c7bf4772,1,Suno
ai_humair_suno_c6d5003dc5201589,1,Suno
ai_humair_suno_c717fdff11899df3,1,Suno
ai_humair_suno_c7484a112390015d,1,Suno
ai_humair_suno_c84d7cfc620591f4,1,Suno
ai_humair_suno_c97869da8a60f900,1,Suno
ai_humair_suno_c9c697acef20e3a1,1,Suno
ai_humair_suno_c9f70d19d6e6e641,1,Suno
ai_humair_suno_cb09eee5bc090635,1,Suno
ai_humair_suno_cb6f210c16fa1dd1,1,Suno
ai_humair_suno_cbc5fe43d76d3ac3,1,Suno
ai_humair_suno_cc04d65ea9e1b3b2,1,Suno
ai_humair_suno_cd89b1bbaf959cc8,1,Suno
ai_humair_suno_ce6649bb4fa52a75,1,Suno
ai_humair_suno_ce72773ededa9033,1,Suno
ai_humair_suno_d0e9ab00243916ce,1,Suno
ai_humair_suno_d0f0e3e29693f67e,1,Suno
ai_humair_suno_d2c6905c0a1953bd,1,Suno
ai_humair_suno_d330bad19759e694,1,Suno
ai_humair_suno_d37317068084c3b8,1,Suno
ai_humair_suno_d53cdc461a57bb16,1,Suno
ai_humair_suno_d693b0c870b080f9,1,Suno
ai_humair_suno_d6dd74752fc3acde,1,Suno
ai_humair_suno_d7715d80bc4a56de,1,Suno
ai_humair_suno_d7c6626cd3066815,1,Suno
ai_humair_suno_d80134eebd48510d,1,Suno
ai_humair_suno_d8e267cb0d0e9bc2,1,Suno
ai_humair_suno_da1d2771b508bfa3,1,Suno
ai_humair_suno_da8528306bafba38,1,Suno
ai_humair_suno_dbe96958e620571d,1,Suno
ai_humair_suno_dd6c2b598eb8704b,1,Suno
ai_humair_suno_de90c6ba433f0815,1,Suno
ai_humair_suno_deb2ec7bcebd85d7,1,Suno
ai_humair_suno_dfe492b197280c24,1,Suno
ai_humair_suno_e13c0a7bf49c0ae4,1,Suno
ai_humair_suno_e17dd4e67168620d,1,Suno
ai_humair_suno_e2d0d33d58fa0135,1,Suno
ai_humair_suno_e61de48757a3b332,1,Suno
ai_humair_suno_e7177bd8575c7af9,1,Suno
ai_humair_suno_ea377b86e0a25a40,1,Suno
ai_humair_suno_eb59791a91fc6f5b,1,Suno
ai_humair_suno_ec42b9f50c359594,1,Suno
ai_humair_suno_eca53efa9e3c64de,1,Suno
ai_humair_suno_ecc4ae7bc05009c8,1,Suno
ai_humair_suno_eec2ae721fdd4e59,1,Suno
ai_humair_suno_ef138ac33290c165,1,Suno
ai_humair_suno_ef79961d578cd9d4,1,Suno
ai_humair_suno_f0a99c3ba5211bd6,1,Suno
ai_humair_suno_f1234c3264ef652a,1,Suno
ai_humair_suno_f19729fa6d5701ee,1,Suno
ai_humair_suno_f594377e7d98185a,1,Suno
ai_humair_suno_f5a94ad9701f4f4c,1,Suno
ai_humair_suno_f5e8850f686cbd5a,1,Suno
ai_humair_suno_f625ed1a0a66a71d,1,Suno
ai_humair_suno_f70adea51a0b9006,1,Suno
ai_humair_suno_f973109696cd571a,1,Suno
ai_humair_suno_f98c0213b22e8245,1,Suno
ai_humair_suno_f9a1fa59080191c7,1,Suno
ai_humair_suno_f9db5e9289ebb272,1,Suno
ai_humair_suno_faa99760769dbcfe,1,Suno
ai_humair_suno_fc44feb7f92c3679,1,Suno
ai_humair_suno_fc49f9b8366bdede,1,Suno
ai_humair_suno_fd343425bff9a2f0,1,Suno
ai_humair_suno_fdf658cbba8e2c7c,1,Suno
ai_humair_suno_fe721ce94240c85f,1,Suno
ai_suno_unknown_02a1637c1859b1e1,1,Suno
ai_suno_unknown_03157c477b70d68c,1,Suno
ai_suno_unknown_045c19e769eebc0c,1,Suno
ai_suno_unknown_0757aec80f01362c,1,Suno
ai_suno_unknown_08c6b141f838252a,1,Suno
ai_suno_unknown_09f52756a4b93dfd,1,Suno
ai_suno_unknown_0b316fac53b5a509,1,Suno
ai_suno_unknown_0cf7de1f26138903,1,Suno
ai_suno_unknown_0d94b2e13987563e,1,Suno
ai_suno_unknown_0da398a73a189592,1,Suno
ai_suno_unknown_0e64c8bbf1d7b54e,1,Suno
ai_suno_unknown_0ea51c933211d833,1,Suno
ai_suno_unknown_107cd9076aac63e7,1,Suno
ai_suno_unknown_10be307c565f6662,1,Suno
ai_suno_unknown_1142cf77a96c5539,1,Suno
ai_suno_unknown_11fd4e798f2ad815,1,Suno
ai_suno_unknown_12de27b80094408c,1,Suno
ai_suno_unknown_13bd41deb2cd32f5,1,Suno
ai_suno_unknown_14f20c76c38473c9,1,Suno
ai_suno_unknown_15065b779c98e08a,1,Suno
ai_suno_unknown_15d2e024ef206a00,1,Suno
ai_suno_unknown_162ea79d47055289,1,Suno
ai_suno_unknown_164ce1e046846d1f,1,Suno
ai_suno_unknown_16ad3e9aecea8e66,1,Suno
ai_suno_unknown_16b336cdbbf9373b,1,Suno
ai_suno_unknown_19bb9d66e634425b,1,Suno
ai_suno_unknown_1be5a15a9d6d3cdd,1,Suno
ai_suno_unknown_20d8f8afec5ff07f,1,Suno
ai_suno_unknown_21032bd8622e46db,1,Suno
ai_suno_unknown_215bc3a6d18ee37a,1,Suno
ai_suno_unknown_24ed30fcfa8a89d7,1,Suno
ai_suno_unknown_25ac27ba8564cfef,1,Suno
ai_suno_unknown_275c3497d77ef2df,1,Suno
ai_suno_unknown_2827e7988f1bf96f,1,Suno
ai_suno_unknown_2abd77f9661b8835,1,Suno
ai_suno_unknown_2babacabb3573bbb,1,Suno
ai_suno_unknown_2bd3fe411dc57d65,1,Suno
ai_suno_unknown_2d74f8f476ab880f,1,Suno
ai_suno_unknown_2e4004ffd08d3626,1,Suno
ai_suno_unknown_2e9e59c7704a72d8,1,Suno
ai_suno_unknown_2eb2b683c0ddcb0c,1,Suno
ai_suno_unknown_2ee5af9baa455fc1,1,Suno
ai_suno_unknown_2f815584cb8cbcd8,1,Suno
ai_suno_unknown_30597e7d706abe4f,1,Suno
ai_suno_unknown_305a92393aae15b8,1,Suno
ai_suno_unknown_30a3137ac4019b19,1,Suno
ai_suno_unknown_30fe67c81b48acc0,1,Suno
ai_suno_unknown_35021d60efa5f0e1,1,Suno
ai_suno_unknown_351f91d3bcce59c8,1,Suno
ai_suno_unknown_3720d8fdd6c809c0,1,Suno
ai_suno_unknown_37d46e1ee0482b14,1,Suno
ai_suno_unknown_3815b0b6e5113025,1,Suno
ai_suno_unknown_3827e2610e9e6dc4,1,Suno
ai_suno_unknown_38d978871c73b6d9,1,Suno
ai_suno_unknown_3a2798328395e82b,1,Suno
ai_suno_unknown_3d27c84d16901aa8,1,Suno
ai_suno_unknown_3db7d11384c18dfa,1,Suno
ai_suno_unknown_3e19721e9e114f3e,1,Suno
ai_suno_unknown_4039cc7d8b3bcb57,1,Suno
ai_suno_unknown_404e826d94af548e,1,Suno
ai_suno_unknown_41a1a8fc1b12d395,1,Suno
ai_suno_unknown_42dd481274e991bc,1,Suno
ai_suno_unknown_45f5a21a5b501f76,1,Suno
ai_suno_unknown_46188d7344a9663a,1,Suno
ai_suno_unknown_464ebe11c771b359,1,Suno
ai_suno_unknown_4682ab1930523a71,1,Suno
ai_suno_unknown_473f80bec5dbb381,1,Suno
ai_suno_unknown_4a5c61b0c70f069f,1,Suno
ai_suno_unknown_4ad197c2d89b299a,1,Suno
ai_suno_unknown_4e1465f5e320392b,1,Suno
ai_suno_unknown_4f0dff4a82f4a38f,1,Suno
ai_suno_unknown_50b3d7e222d631f4,1,Suno
ai_suno_unknown_514719dd84b31293,1,Suno
ai_suno_unknown_517da4961ace2e6a,1,Suno
ai_suno_unknown_51dbdb5b46559295,1,Suno
ai_suno_unknown_5210f6092e113e90,1,Suno
ai_suno_unknown_5295f005170912b6,1,Suno
ai_suno_unknown_52fa2cf5da098e68,1,Suno
ai_suno_unknown_5392888e1e0ae235,1,Suno
ai_suno_unknown_542020c32924e4fd,1,Suno
ai_suno_unknown_55ef7ab509af5619,1,Suno
ai_suno_unknown_55f8c8164fcd550d,1,Suno
ai_suno_unknown_583ad4ec5402056c,1,Suno
ai_suno_unknown_58c398c13834f7a8,1,Suno
ai_suno_unknown_5947d7ee103425d9,1,Suno
ai_suno_unknown_5976e1d400b37825,1,Suno
ai_suno_unknown_5a7fe3656ea2e200,1,Suno
ai_suno_unknown_5db363e18b6eb70e,1,Suno
ai_suno_unknown_5e00e7019916f5f9,1,Suno
ai_suno_unknown_5f0fbee77d2d2b2b,1,Suno
ai_suno_unknown_601d4a4d8141f7fe,1,Suno
ai_suno_unknown_608a33a9d73a375f,1,Suno
ai_suno_unknown_6157712a52b16494,1,Suno
ai_suno_unknown_62c1d9a8229dc775,1,Suno
ai_suno_unknown_62c71e12198fd140,1,Suno
ai_suno_unknown_63c8ee451b3df5fa,1,Suno
ai_suno_unknown_6404d75506be1e1b,1,Suno
ai_suno_unknown_64442dbd254124d7,1,Suno
ai_suno_unknown_647ff21370b7c5dd,1,Suno
ai_suno_unknown_64d45afefa6d28d0,1,Suno
ai_suno_unknown_65812acb2a67b04d,1,Suno
ai_suno_unknown_6840d1d00ec50722,1,Suno
ai_suno_unknown_694d2adeb192d4ff,1,Suno
ai_suno_unknown_6a1352f0394b5042,1,Suno
ai_suno_unknown_6b4b8ee102675ce5,1,Suno
ai_suno_unknown_6bbe5ccf4b15ac97,1,Suno
ai_suno_unknown_6c7de18c3e32dd4b,1,Suno
ai_suno_unknown_6c8a6307f57fe86f,1,Suno
ai_suno_unknown_6df2bfdf6e5b683c,1,Suno
ai_suno_unknown_7003b6c7adebe263,1,Suno
ai_suno_unknown_7176236f089d1484,1,Suno
ai_suno_unknown_71f65f442180391f,1,Suno
ai_suno_unknown_720fc317ee6ac31b,1,Suno
ai_suno_unknown_72208444befdbdd5,1,Suno
ai_suno_unknown_72b3bbb8080871a5,1,Suno
ai_suno_unknown_73576d2107acae44,1,Suno
ai_suno_unknown_739cb4cc2235ef3d,1,Suno
ai_suno_unknown_75aa1fe5870ae3d2,1,Suno
ai_suno_unknown_75aea86ea5af76bf,1,Suno
ai_suno_unknown_75fe9cfeedb55c9d,1,Suno
ai_suno_unknown_77d813886eb7d272,1,Suno
ai_suno_unknown_79e7d0b643c1b4dd,1,Suno
ai_suno_unknown_7ab56aaf01a28ad4,1,Suno
ai_suno_unknown_7ae35248dc74f157,1,Suno
ai_suno_unknown_7b6399b9d015a733,1,Suno
ai_suno_unknown_7b926048b847e8cb,1,Suno
ai_suno_unknown_7c417f3053a9cdd4,1,Suno
ai_suno_unknown_7cf81afb2fc7eb37,1,Suno
ai_suno_unknown_7d028b268b6aa0b4,1,Suno
ai_suno_unknown_7dca9fa1b51d0860,1,Suno
ai_suno_unknown_7de42b05b90b5794,1,Suno
ai_suno_unknown_7e268d43231bee7e,1,Suno
ai_suno_unknown_7f78ab653642237f,1,Suno
ai_suno_unknown_80777a127ea924ba,1,Suno
ai_suno_unknown_80854109abb1b234,1,Suno
ai_suno_unknown_845c0f2d46c97806,1,Suno
ai_suno_unknown_84f2183a9e224e43,1,Suno
ai_suno_unknown_858e050732dfc29b,1,Suno
ai_suno_unknown_8638c9e223d6cc5b,1,Suno
ai_suno_unknown_87c63577110e326c,1,Suno
ai_suno_unknown_881445f0e4f3a418,1,Suno
ai_suno_unknown_885a57783ae197ab,1,Suno
ai_suno_unknown_8955b970e7607610,1,Suno
ai_suno_unknown_89caefac5d2f5863,1,Suno
ai_suno_unknown_8a9d32e589c86d7a,1,Suno
ai_suno_unknown_8bf8b928bda5edf9,1,Suno
ai_suno_unknown_8d7795d292fc1286,1,Suno
ai_suno_unknown_8ded041814fe1a0d,1,Suno
ai_suno_unknown_8ee43445a2ab1f7b,1,Suno
ai_suno_unknown_8ff0e6c8b2091568,1,Suno
ai_suno_unknown_9221203068c94729,1,Suno
ai_suno_unknown_9265048a2d51cfcf,1,Suno
ai_suno_unknown_933bb2cf54935f0b,1,Suno
ai_suno_unknown_9547b3135fbee5dc,1,Suno
ai_suno_unknown_954ef275fb76164d,1,Suno
ai_suno_unknown_95d1796068fbb8e2,1,Suno
ai_suno_unknown_97ab2e1e8c0e8cbc,1,Suno
ai_suno_unknown_993674b1a6a2f295,1,Suno
ai_suno_unknown_9ad5cdabf9795fb9,1,Suno
ai_suno_unknown_9c661f1d206f6258,1,Suno
ai_suno_unknown_9daee49b4b58018c,1,Suno
ai_suno_unknown_9ee9d919fe42d18a,1,Suno
ai_suno_unknown_9f0e646aeddbed9e,1,Suno
ai_suno_unknown_9f1b71a4f4d1ba8f,1,Suno
ai_suno_unknown_a06eb225419de896,1,Suno
ai_suno_unknown_a08f0f1835380461,1,Suno
ai_suno_unknown_a127d199bcf8c4da,1,Suno
ai_suno_unknown_a4aea884aa0e8a86,1,Suno
ai_suno_unknown_a5372e36fce3d7bc,1,Suno
ai_suno_unknown_a67efe2cc9d08467,1,Suno
ai_suno_unknown_a6a9bcc737b306b2,1,Suno
ai_suno_unknown_a7a55318d29f4cbf,1,Suno
ai_suno_unknown_a7b309dfcd835921,1,Suno
ai_suno_unknown_aa1504712a97a523,1,Suno
ai_suno_unknown_aa229d4d970b8d62,1,Suno
ai_suno_unknown_aa64cb31e8354f22,1,Suno
ai_suno_unknown_ab3d0eafde26a5d4,1,Suno
ai_suno_unknown_ac4fbc26f421cc61,1,Suno
ai_suno_unknown_add0e33abcc8dedf,1,Suno
ai_suno_unknown_ae07f291c657f707,1,Suno
ai_suno_unknown_afb94a05d7b2ae8e,1,Suno
ai_suno_unknown_b00a975eb09bac64,1,Suno
ai_suno_unknown_b021bf73d734a006,1,Suno
ai_suno_unknown_b1969126cc649dc4,1,Suno
ai_suno_unknown_b4ec5975c599e28f,1,Suno
ai_suno_unknown_b7227007b94af61d,1,Suno
ai_suno_unknown_b97bf85b58ba3c7a,1,Suno
ai_suno_unknown_bcf08c6fcfc59e15,1,Suno
ai_suno_unknown_bd116323a7a6e8fe,1,Suno
ai_suno_unknown_be9155d8d1063149,1,Suno
ai_suno_unknown_bef081aca1634564,1,Suno
ai_suno_unknown_bf1eb63799ada69c,1,Suno
ai_suno_unknown_c003c16f0a4e9ed6,1,Suno
ai_suno_unknown_c052fdc3f3825c87,1,Suno
ai_suno_unknown_c45dac766e7f88d5,1,Suno
ai_suno_unknown_c5bf78ac3d273809,1,Suno
ai_suno_unknown_c697cb50bf6fcb99,1,Suno
ai_suno_unknown_c80ae1fcdc5d45a0,1,Suno
ai_suno_unknown_c9715b54c048931f,1,Suno
ai_suno_unknown_cad5669570966e26,1,Suno
ai_suno_unknown_cb5216d986bb06a4,1,Suno
ai_suno_unknown_cda6e4aaa541aed9,1,Suno
ai_suno_unknown_cddbfb2ec30d6426,1,Suno
ai_suno_unknown_cf019cd2fd5f5782,1,Suno
ai_suno_unknown_cf573c83ccff7b4a,1,Suno
ai_suno_unknown_cf65d12167670358,1,Suno
ai_suno_unknown_d118c1765d0f4abe,1,Suno
ai_suno_unknown_d20a9d8706284c45,1,Suno
ai_suno_unknown_d26545b665efc516,1,Suno
ai_suno_unknown_d2d381f5e4ac9576,1,Suno
ai_suno_unknown_d31c97469e64356c,1,Suno
ai_suno_unknown_d35e32346d902c7a,1,Suno
ai_suno_unknown_d4a2d96ac6a9c278,1,Suno
ai_suno_unknown_d652c9c3073b38c5,1,Suno
ai_suno_unknown_d67c4f3686d23d2b,1,Suno
ai_suno_unknown_d706ef1c1f3be00e,1,Suno
ai_suno_unknown_d784e8e1c3ef4452,1,Suno
ai_suno_unknown_d7ec12cdbffeb70f,1,Suno
ai_suno_unknown_d8426d118698dc88,1,Suno
ai_suno_unknown_d86275f958255b09,1,Suno
ai_suno_unknown_db037bccde04a63d,1,Suno
ai_suno_unknown_dcc024024c95300b,1,Suno
ai_suno_unknown_dcf2b9279639f4f4,1,Suno
ai_suno_unknown_dd2a667eaada14b2,1,Suno
ai_suno_unknown_de1e340727fec277,1,Suno
ai_suno_unknown_dea0456824be4631,1,Suno
ai_suno_unknown_ded7a68ff493fb48,1,Suno
ai_suno_unknown_deffab93e4fa70c4,1,Suno
ai_suno_unknown_df0d918f1c4c2bca,1,Suno
ai_suno_unknown_df13a6adb70b0e39,1,Suno
ai_suno_unknown_e0e04ef6d1156bfe,1,Suno
ai_suno_unknown_e3c3142b68ce6af5,1,Suno
ai_suno_unknown_e443f3f3f24ca851,1,Suno
ai_suno_unknown_e6b64f5e3b6f902c,1,Suno
ai_suno_unknown_e6ee60dbe6f3b775,1,Suno
ai_suno_unknown_e73509794a2d49be,1,Suno
ai_suno_unknown_e94cc62596976002,1,Suno
ai_suno_unknown_e9a6fedc0b250f3b,1,Suno
ai_suno_unknown_ec60047fe3bbf376,1,Suno
ai_suno_unknown_ecb2e3b89426baf5,1,Suno
ai_suno_unknown_f2f261db73e46ec4,1,Suno
ai_suno_unknown_f3beb023fed7fa71,1,Suno
ai_suno_unknown_f5da1fb644513cbf,1,Suno
ai_suno_unknown_f69ed332353605d0,1,Suno
ai_suno_unknown_f75c20ed8b535695,1,Suno
ai_suno_unknown_f8b39318a1169b8d,1,Suno
ai_suno_unknown_faf814c244144451,1,Suno
ai_suno_unknown_faf8f8140756ba8f,1,Suno
ai_suno_unknown_fcd1abe0cb58577a,1,Suno
ai_suno_unknown_fcd1e8eb4b7085b5,1,Suno
ai_yue2_muse_cn_suno_cn_000107_1,1,YuE2
ai_yue2_muse_cn_suno_cn_000134_1,1,YuE2
ai_yue2_muse_cn_suno_cn_000244_1,1,YuE2
ai_yue2_muse_cn_suno_cn_000268_1,1,YuE2
ai_yue2_muse_cn_suno_cn_000394_1,1,YuE2
ai_yue2_muse_cn_suno_cn_000484_0,1,YuE2
ai_yue2_muse_cn_suno_cn_000585_1,1,YuE2
ai_yue2_muse_cn_suno_cn_000676_0,1,YuE2
ai_yue2_muse_cn_suno_cn_000679_1,1,YuE2
ai_yue2_muse_cn_suno_cn_000877_0,1,YuE2
ai_yue2_muse_cn_suno_cn_000887_1,1,YuE2
ai_yue2_muse_cn_suno_cn_000896_0,1,YuE2
ai_yue2_muse_cn_suno_cn_000942_1,1,YuE2
ai_yue2_muse_cn_suno_cn_000955_0,1,YuE2
ai_yue2_muse_cn_suno_cn_001079_1,1,YuE2
ai_yue2_muse_cn_suno_cn_001149_0,1,YuE2
ai_yue2_muse_cn_suno_cn_001191_0,1,YuE2
ai_yue2_muse_cn_suno_cn_001199_1,1,YuE2
ai_yue2_muse_cn_suno_cn_001270_0,1,YuE2
ai_yue2_muse_cn_suno_cn_001353_1,1,YuE2
ai_yue2_muse_cn_suno_cn_001668_0,1,YuE2
ai_yue2_muse_cn_suno_cn_001690_1,1,YuE2
ai_yue2_muse_cn_suno_cn_001808_0,1,YuE2
ai_yue2_muse_cn_suno_cn_002111_0,1,YuE2
ai_yue2_muse_cn_suno_cn_002120_0,1,YuE2
ai_yue2_muse_cn_suno_cn_002130_1,1,YuE2
ai_yue2_muse_cn_suno_cn_002202_0,1,YuE2
ai_yue2_muse_cn_suno_cn_002228_0,1,YuE2
ai_yue2_muse_cn_suno_cn_002440_1,1,YuE2
ai_yue2_muse_cn_suno_cn_002516_1,1,YuE2
ai_yue2_muse_cn_suno_cn_002551_0,1,YuE2
ai_yue2_muse_cn_suno_cn_002585_1,1,YuE2
ai_yue2_muse_cn_suno_cn_002619_1,1,YuE2
ai_yue2_muse_cn_suno_cn_002660_0,1,YuE2
ai_yue2_muse_cn_suno_cn_002718_0,1,YuE2
ai_yue2_muse_cn_suno_cn_002840_0,1,YuE2
ai_yue2_muse_cn_suno_cn_002958_0,1,YuE2
ai_yue2_muse_cn_suno_cn_003042_0,1,YuE2
ai_yue2_muse_cn_suno_cn_003067_1,1,YuE2
ai_yue2_muse_cn_suno_cn_003122_0,1,YuE2
ai_yue2_muse_cn_suno_cn_003137_1,1,YuE2
ai_yue2_muse_cn_suno_cn_003251_0,1,YuE2
ai_yue2_muse_cn_suno_cn_003275_1,1,YuE2
ai_yue2_muse_cn_suno_cn_003278_1,1,YuE2
ai_yue2_muse_cn_suno_cn_003299_0,1,YuE2
ai_yue2_muse_cn_suno_cn_003559_0,1,YuE2
ai_yue2_muse_cn_suno_cn_003766_1,1,YuE2
ai_yue2_muse_cn_suno_cn_003884_0,1,YuE2
ai_yue2_muse_cn_suno_cn_003983_0,1,YuE2
ai_yue2_muse_cn_suno_cn_004044_0,1,YuE2
ai_yue2_muse_cn_suno_cn_004068_1,1,YuE2
ai_yue2_muse_cn_suno_cn_004138_0,1,YuE2
ai_yue2_muse_cn_suno_cn_004405_1,1,YuE2
ai_yue2_muse_cn_suno_cn_004485_1,1,YuE2
ai_yue2_muse_cn_suno_cn_004770_0,1,YuE2
ai_yue2_muse_cn_suno_cn_004806_1,1,YuE2
ai_yue2_muse_cn_suno_cn_004936_1,1,YuE2
ai_yue2_muse_cn_suno_cn_005005_1,1,YuE2
ai_yue2_muse_cn_suno_cn_005164_1,1,YuE2
ai_yue2_muse_cn_suno_cn_005322_1,1,YuE2
ai_yue2_muse_cn_suno_cn_005324_0,1,YuE2
ai_yue2_muse_cn_suno_cn_005351_0,1,YuE2
ai_yue2_muse_cn_suno_cn_005457_1,1,YuE2
ai_yue2_muse_cn_suno_cn_005459_0,1,YuE2
ai_yue2_muse_cn_suno_cn_005537_1,1,YuE2
ai_yue2_muse_cn_suno_cn_005597_1,1,YuE2
ai_yue2_muse_cn_suno_cn_005832_0,1,YuE2
ai_yue2_muse_cn_suno_cn_005841_1,1,YuE2
ai_yue2_muse_cn_suno_cn_005844_0,1,YuE2
ai_yue2_muse_cn_suno_cn_005879_0,1,YuE2
ai_yue2_muse_cn_suno_cn_005897_1,1,YuE2
ai_yue2_muse_cn_suno_cn_006023_1,1,YuE2
ai_yue2_muse_cn_suno_cn_006047_0,1,YuE2
ai_yue2_muse_cn_suno_cn_006115_0,1,YuE2
ai_yue2_muse_cn_suno_cn_006140_0,1,YuE2
ai_yue2_muse_cn_suno_cn_006142_0,1,YuE2
ai_yue2_muse_cn_suno_cn_006204_1,1,YuE2
ai_yue2_muse_cn_suno_cn_006670_1,1,YuE2
ai_yue2_muse_cn_suno_cn_006851_1,1,YuE2
ai_yue2_muse_cn_suno_cn_006985_0,1,YuE2
ai_yue2_muse_cn_suno_cn_007242_0,1,YuE2
ai_yue2_muse_cn_suno_cn_007250_1,1,YuE2
ai_yue2_muse_cn_suno_cn_007265_1,1,YuE2
ai_yue2_muse_cn_suno_cn_007401_1,1,YuE2
ai_yue2_muse_cn_suno_cn_007503_0,1,YuE2
ai_yue2_muse_cn_suno_cn_007831_1,1,YuE2
ai_yue2_muse_cn_suno_cn_007990_0,1,YuE2
ai_yue2_muse_cn_suno_cn_008284_1,1,YuE2
ai_yue2_muse_cn_suno_cn_008333_1,1,YuE2
ai_yue2_muse_cn_suno_cn_008405_1,1,YuE2
ai_yue2_muse_cn_suno_cn_008426_0,1,YuE2
ai_yue2_muse_cn_suno_cn_008528_0,1,YuE2
ai_yue2_muse_cn_suno_cn_008555_0,1,YuE2
ai_yue2_muse_cn_suno_cn_008586_0,1,YuE2
ai_yue2_muse_cn_suno_cn_008777_0,1,YuE2
ai_yue2_muse_cn_suno_cn_008836_1,1,YuE2
ai_yue2_muse_cn_suno_cn_008947_0,1,YuE2
ai_yue2_muse_cn_suno_cn_009034_0,1,YuE2
ai_yue2_muse_cn_suno_cn_009181_0,1,YuE2
ai_yue2_muse_cn_suno_cn_009437_0,1,YuE2
ai_yue2_muse_cn_suno_cn_009521_0,1,YuE2
ai_yue2_muse_cn_suno_cn_009697_0,1,YuE2
ai_yue2_muse_cn_suno_cn_009859_0,1,YuE2
ai_yue2_muse_cn_suno_cn_010060_0,1,YuE2
ai_yue2_muse_cn_suno_cn_010120_1,1,YuE2
ai_yue2_muse_cn_suno_cn_010125_0,1,YuE2
ai_yue2_muse_cn_suno_cn_010422_0,1,YuE2
ai_yue2_muse_cn_suno_cn_010426_1,1,YuE2
ai_yue2_muse_cn_suno_cn_010468_1,1,YuE2
ai_yue2_muse_cn_suno_cn_010720_0,1,YuE2
ai_yue2_muse_cn_suno_cn_010769_0,1,YuE2
ai_yue2_muse_cn_suno_cn_010854_0,1,YuE2
ai_yue2_muse_cn_suno_cn_010922_0,1,YuE2
ai_yue2_muse_cn_suno_cn_010968_1,1,YuE2
ai_yue2_muse_cn_suno_cn_010976_1,1,YuE2
ai_yue2_muse_cn_suno_cn_011062_1,1,YuE2
ai_yue2_muse_cn_suno_cn_011091_0,1,YuE2
ai_yue2_muse_cn_suno_cn_011121_0,1,YuE2
ai_yue2_muse_cn_suno_cn_011204_1,1,YuE2
ai_yue2_muse_cn_suno_cn_011299_0,1,YuE2
ai_yue2_muse_cn_suno_cn_011498_1,1,YuE2
ai_yue2_muse_cn_suno_cn_011565_0,1,YuE2
ai_yue2_muse_cn_suno_cn_011610_0,1,YuE2
ai_yue2_muse_cn_suno_cn_011638_1,1,YuE2
ai_yue2_muse_cn_suno_cn_011839_1,1,YuE2
ai_yue2_muse_cn_suno_cn_011869_0,1,YuE2
ai_yue2_muse_cn_suno_cn_011912_1,1,YuE2
ai_yue2_muse_cn_suno_cn_012107_1,1,YuE2
ai_yue2_muse_cn_suno_cn_012177_0,1,YuE2
ai_yue2_muse_cn_suno_cn_012421_1,1,YuE2
ai_yue2_muse_cn_suno_cn_012498_0,1,YuE2
ai_yue2_muse_cn_suno_cn_012526_0,1,YuE2
ai_yue2_muse_cn_suno_cn_012705_0,1,YuE2
ai_yue2_muse_cn_suno_cn_012899_1,1,YuE2
ai_yue2_muse_cn_suno_cn_012967_1,1,YuE2
ai_yue2_muse_cn_suno_cn_013167_0,1,YuE2
ai_yue2_muse_cn_suno_cn_013206_0,1,YuE2
ai_yue2_muse_cn_suno_cn_013209_1,1,YuE2
ai_yue2_muse_cn_suno_cn_013405_0,1,YuE2
ai_yue2_muse_cn_suno_cn_013420_0,1,YuE2
ai_yue2_muse_cn_suno_cn_013730_1,1,YuE2
ai_yue2_muse_cn_suno_cn_013771_1,1,YuE2
ai_yue2_muse_cn_suno_cn_013851_1,1,YuE2
ai_yue2_muse_cn_suno_cn_014281_1,1,YuE2
ai_yue2_muse_cn_suno_cn_014378_1,1,YuE2
ai_yue2_muse_cn_suno_cn_014403_0,1,YuE2
ai_yue2_muse_cn_suno_cn_014516_1,1,YuE2
ai_yue2_muse_cn_suno_cn_014692_0,1,YuE2
ai_yue2_muse_cn_suno_cn_014722_0,1,YuE2
ai_yue2_muse_cn_suno_cn_014780_1,1,YuE2
ai_yue2_muse_cn_suno_cn_014859_1,1,YuE2
ai_yue2_muse_cn_suno_cn_014976_0,1,YuE2
ai_yue2_muse_cn_suno_cn_015082_1,1,YuE2
ai_yue2_muse_cn_suno_cn_015187_1,1,YuE2
ai_yue2_muse_cn_suno_cn_015622_0,1,YuE2
ai_yue2_muse_cn_suno_cn_015652_0,1,YuE2
ai_yue2_muse_cn_suno_cn_015840_1,1,YuE2
ai_yue2_muse_cn_suno_cn_015869_0,1,YuE2
ai_yue2_muse_cn_suno_cn_015906_0,1,YuE2
ai_yue2_muse_cn_suno_cn_016011_0,1,YuE2
ai_yue2_muse_cn_suno_cn_016186_1,1,YuE2
ai_yue2_muse_cn_suno_cn_016201_1,1,YuE2
ai_yue2_muse_cn_suno_cn_016541_1,1,YuE2
ai_yue2_muse_cn_suno_cn_016564_1,1,YuE2
ai_yue2_muse_cn_suno_cn_016867_1,1,YuE2
ai_yue2_muse_cn_suno_cn_017217_1,1,YuE2
ai_yue2_muse_cn_suno_cn_017249_0,1,YuE2
ai_yue2_muse_cn_suno_cn_017255_0,1,YuE2
ai_yue2_muse_cn_suno_cn_017343_0,1,YuE2
ai_yue2_muse_cn_suno_cn_017373_0,1,YuE2
ai_yue2_muse_cn_suno_cn_017486_0,1,YuE2
ai_yue2_muse_cn_suno_cn_017531_0,1,YuE2
ai_yue2_muse_cn_suno_cn_017627_1,1,YuE2
ai_yue2_muse_cn_suno_cn_017645_1,1,YuE2
ai_yue2_muse_cn_suno_cn_017780_1,1,YuE2
ai_yue2_muse_cn_suno_cn_017803_1,1,YuE2
ai_yue2_muse_cn_suno_cn_017832_1,1,YuE2
ai_yue2_muse_cn_suno_cn_017956_1,1,YuE2
ai_yue2_muse_cn_suno_cn_017992_0,1,YuE2
ai_yue2_muse_cn_suno_cn_018057_0,1,YuE2
ai_yue2_muse_cn_suno_cn_018338_1,1,YuE2
ai_yue2_muse_cn_suno_cn_018558_1,1,YuE2
ai_yue2_muse_cn_suno_cn_018563_0,1,YuE2
ai_yue2_muse_cn_suno_cn_018634_1,1,YuE2
ai_yue2_muse_cn_suno_cn_018713_0,1,YuE2
ai_yue2_muse_cn_suno_cn_018814_1,1,YuE2
ai_yue2_muse_cn_suno_cn_019033_1,1,YuE2
ai_yue2_muse_cn_suno_cn_019040_1,1,YuE2
ai_yue2_muse_cn_suno_cn_019084_0,1,YuE2
ai_yue2_muse_cn_suno_cn_019155_0,1,YuE2
ai_yue2_muse_cn_suno_cn_019557_1,1,YuE2
ai_yue2_muse_cn_suno_cn_019593_0,1,YuE2
ai_yue2_muse_cn_suno_cn_019618_0,1,YuE2
ai_yue2_muse_cn_suno_cn_019709_1,1,YuE2
ai_yue2_muse_cn_suno_cn_019753_1,1,YuE2
ai_yue2_muse_cn_suno_cn_019837_1,1,YuE2
ai_yue2_muse_cn_suno_cn_019962_1,1,YuE2
ai_yue2_muse_cn_suno_cn_020042_1,1,YuE2
ai_yue2_muse_cn_suno_cn_020151_1,1,YuE2
ai_yue2_muse_cn_suno_cn_020176_0,1,YuE2
ai_yue2_muse_cn_suno_cn_020367_0,1,YuE2
ai_yue2_muse_cn_suno_cn_020424_0,1,YuE2
ai_yue2_muse_cn_suno_cn_020583_0,1,YuE2
ai_yue2_muse_cn_suno_cn_020594_0,1,YuE2
ai_yue2_muse_cn_suno_cn_020622_1,1,YuE2
ai_yue2_muse_cn_suno_cn_020623_0,1,YuE2
ai_yue2_muse_cn_suno_cn_020838_1,1,YuE2
ai_yue2_muse_cn_suno_cn_020854_0,1,YuE2
ai_yue2_muse_cn_suno_cn_020956_0,1,YuE2
ai_yue2_muse_cn_suno_cn_020962_1,1,YuE2
ai_yue2_muse_cn_suno_cn_021048_1,1,YuE2
ai_yue2_muse_cn_suno_cn_021072_1,1,YuE2
ai_yue2_muse_cn_suno_cn_021265_1,1,YuE2
ai_yue2_muse_cn_suno_cn_021396_1,1,YuE2
ai_yue2_muse_cn_suno_cn_021599_1,1,YuE2
ai_yue2_muse_cn_suno_cn_021662_1,1,YuE2
ai_yue2_muse_cn_suno_cn_021766_1,1,YuE2
ai_yue2_muse_cn_suno_cn_021803_0,1,YuE2
ai_yue2_muse_cn_suno_cn_021942_1,1,YuE2
ai_yue2_muse_cn_suno_cn_021964_1,1,YuE2
ai_yue2_muse_cn_suno_cn_021992_0,1,YuE2
ai_yue2_muse_cn_suno_cn_022781_1,1,YuE2
ai_yue2_muse_cn_suno_cn_022963_0,1,YuE2
ai_yue2_muse_cn_suno_cn_023026_0,1,YuE2
ai_yue2_muse_cn_suno_cn_023072_0,1,YuE2
ai_yue2_muse_cn_suno_cn_023110_0,1,YuE2
ai_yue2_muse_cn_suno_cn_023171_0,1,YuE2
ai_yue2_muse_cn_suno_cn_023220_0,1,YuE2
ai_yue2_muse_cn_suno_cn_023274_0,1,YuE2
ai_yue2_muse_cn_suno_cn_023399_0,1,YuE2
ai_yue2_muse_cn_suno_cn_023450_0,1,YuE2
ai_yue2_muse_cn_suno_cn_023486_1,1,YuE2
ai_yue2_muse_cn_suno_cn_023805_0,1,YuE2
ai_yue2_muse_cn_suno_cn_023829_1,1,YuE2
ai_yue2_muse_cn_suno_cn_023885_1,1,YuE2
ai_yue2_muse_cn_suno_cn_023910_1,1,YuE2
ai_yue2_muse_cn_suno_cn_023964_1,1,YuE2
ai_yue2_muse_cn_suno_cn_024178_0,1,YuE2
ai_yue2_muse_cn_suno_cn_024218_0,1,YuE2
ai_yue2_muse_cn_suno_cn_024242_1,1,YuE2
ai_yue2_muse_cn_suno_cn_024403_1,1,YuE2
ai_yue2_muse_cn_suno_cn_024482_0,1,YuE2
ai_yue2_muse_cn_suno_cn_024491_1,1,YuE2
ai_yue2_muse_cn_suno_cn_024565_0,1,YuE2
ai_yue2_muse_cn_suno_cn_024662_0,1,YuE2
ai_yue2_muse_cn_suno_cn_024768_0,1,YuE2
ai_yue2_muse_cn_suno_cn_024852_1,1,YuE2
ai_yue2_muse_cn_suno_cn_024907_1,1,YuE2
ai_yue2_muse_cn_suno_cn_024932_0,1,YuE2
ai_yue2_muse_en_suno_en_000171_1,1,YuE2
ai_yue2_muse_en_suno_en_000178_0,1,YuE2
ai_yue2_muse_en_suno_en_000234_1,1,YuE2
ai_yue2_muse_en_suno_en_000300_1,1,YuE2
ai_yue2_muse_en_suno_en_000394_1,1,YuE2
ai_yue2_muse_en_suno_en_000542_1,1,YuE2
ai_yue2_muse_en_suno_en_000910_0,1,YuE2
ai_yue2_muse_en_suno_en_000948_0,1,YuE2
ai_yue2_muse_en_suno_en_000972_1,1,YuE2
ai_yue2_muse_en_suno_en_001129_0,1,YuE2
ai_yue2_muse_en_suno_en_001537_0,1,YuE2
ai_yue2_muse_en_suno_en_001605_1,1,YuE2
ai_yue2_muse_en_suno_en_001633_0,1,YuE2
ai_yue2_muse_en_suno_en_001725_1,1,YuE2
ai_yue2_muse_en_suno_en_001875_0,1,YuE2
ai_yue2_muse_en_suno_en_001913_1,1,YuE2
ai_yue2_muse_en_suno_en_002048_1,1,YuE2
ai_yue2_muse_en_suno_en_002255_1,1,YuE2
ai_yue2_muse_en_suno_en_002426_1,1,YuE2
ai_yue2_muse_en_suno_en_002465_0,1,YuE2
ai_yue2_muse_en_suno_en_002467_0,1,YuE2
ai_yue2_muse_en_suno_en_002603_1,1,YuE2
ai_yue2_muse_en_suno_en_002634_0,1,YuE2
ai_yue2_muse_en_suno_en_002699_0,1,YuE2
ai_yue2_muse_en_suno_en_002723_1,1,YuE2
ai_yue2_muse_en_suno_en_002724_1,1,YuE2
ai_yue2_muse_en_suno_en_003147_1,1,YuE2
ai_yue2_muse_en_suno_en_003293_0,1,YuE2
ai_yue2_muse_en_suno_en_003424_1,1,YuE2
ai_yue2_muse_en_suno_en_003451_1,1,YuE2
ai_yue2_muse_en_suno_en_003642_1,1,YuE2
ai_yue2_muse_en_suno_en_003666_1,1,YuE2
ai_yue2_muse_en_suno_en_003903_1,1,YuE2
ai_yue2_muse_en_suno_en_003961_0,1,YuE2
ai_yue2_muse_en_suno_en_004118_0,1,YuE2
ai_yue2_muse_en_suno_en_004217_0,1,YuE2
ai_yue2_muse_en_suno_en_004417_1,1,YuE2
ai_yue2_muse_en_suno_en_004466_1,1,YuE2
ai_yue2_muse_en_suno_en_004478_0,1,YuE2
ai_yue2_muse_en_suno_en_004730_1,1,YuE2
ai_yue2_muse_en_suno_en_004749_1,1,YuE2
ai_yue2_muse_en_suno_en_004867_1,1,YuE2
ai_yue2_muse_en_suno_en_005012_1,1,YuE2
ai_yue2_muse_en_suno_en_005190_0,1,YuE2
ai_yue2_muse_en_suno_en_005195_1,1,YuE2
ai_yue2_muse_en_suno_en_005535_0,1,YuE2
ai_yue2_muse_en_suno_en_005693_1,1,YuE2
ai_yue2_muse_en_suno_en_005917_1,1,YuE2
ai_yue2_muse_en_suno_en_005991_0,1,YuE2
ai_yue2_muse_en_suno_en_005992_1,1,YuE2
ai_yue2_muse_en_suno_en_006200_0,1,YuE2
ai_yue2_muse_en_suno_en_006527_1,1,YuE2
ai_yue2_muse_en_suno_en_006876_0,1,YuE2
ai_yue2_muse_en_suno_en_007117_0,1,YuE2
ai_yue2_muse_en_suno_en_007200_1,1,YuE2
ai_yue2_muse_en_suno_en_007332_0,1,YuE2
ai_yue2_muse_en_suno_en_007376_0,1,YuE2
ai_yue2_muse_en_suno_en_007424_1,1,YuE2
ai_yue2_muse_en_suno_en_007625_1,1,YuE2
ai_yue2_muse_en_suno_en_007810_1,1,YuE2
ai_yue2_muse_en_suno_en_007830_0,1,YuE2
ai_yue2_muse_en_suno_en_007954_1,1,YuE2
ai_yue2_muse_en_suno_en_008171_0,1,YuE2
ai_yue2_muse_en_suno_en_008190_1,1,YuE2
ai_yue2_muse_en_suno_en_008204_0,1,YuE2
ai_yue2_muse_en_suno_en_008284_1,1,YuE2
ai_yue2_muse_en_suno_en_008435_1,1,YuE2
ai_yue2_muse_en_suno_en_010629_0,1,YuE2
ai_yue2_muse_en_suno_en_010654_0,1,YuE2
ai_yue2_muse_en_suno_en_010719_1,1,YuE2
ai_yue2_muse_en_suno_en_010805_1,1,YuE2
ai_yue2_muse_en_suno_en_010909_0,1,YuE2
ai_yue2_muse_en_suno_en_011022_1,1,YuE2
ai_yue2_muse_en_suno_en_011062_1,1,YuE2
ai_yue2_muse_en_suno_en_011317_0,1,YuE2
ai_yue2_muse_en_suno_en_011375_1,1,YuE2
ai_yue2_muse_en_suno_en_011430_0,1,YuE2
ai_yue2_muse_en_suno_en_011432_0,1,YuE2
ai_yue2_muse_en_suno_en_011584_1,1,YuE2
ai_yue2_muse_en_suno_en_011976_0,1,YuE2
ai_yue2_muse_en_suno_en_012038_1,1,YuE2
ai_yue2_muse_en_suno_en_012148_1,1,YuE2
ai_yue2_muse_en_suno_en_012329_0,1,YuE2
ai_yue2_muse_en_suno_en_012364_0,1,YuE2
ai_yue2_muse_en_suno_en_012403_1,1,YuE2
ai_yue2_muse_en_suno_en_012425_0,1,YuE2
ai_yue2_muse_en_suno_en_012475_0,1,YuE2
ai_yue2_muse_en_suno_en_012649_0,1,YuE2
ai_yue2_muse_en_suno_en_013020_0,1,YuE2
ai_yue2_muse_en_suno_en_013448_1,1,YuE2
ai_yue2_muse_en_suno_en_013480_1,1,YuE2
ai_yue2_muse_en_suno_en_013488_0,1,YuE2
ai_yue2_muse_en_suno_en_013565_0,1,YuE2
ai_yue2_muse_en_suno_en_013579_1,1,YuE2
ai_yue2_muse_en_suno_en_013733_1,1,YuE2
ai_yue2_muse_en_suno_en_013915_1,1,YuE2
ai_yue2_muse_en_suno_en_013922_0,1,YuE2
ai_yue2_muse_en_suno_en_013933_1,1,YuE2
ai_yue2_muse_en_suno_en_014015_1,1,YuE2
ai_yue2_muse_en_suno_en_014158_0,1,YuE2
ai_yue2_muse_en_suno_en_014209_1,1,YuE2
ai_yue2_muse_en_suno_en_014585_0,1,YuE2
ai_yue2_muse_en_suno_en_015012_1,1,YuE2
ai_yue2_muse_en_suno_en_015231_0,1,YuE2
ai_yue2_muse_en_suno_en_015394_1,1,YuE2
ai_yue2_muse_en_suno_en_015401_0,1,YuE2
ai_yue2_muse_en_suno_en_015503_0,1,YuE2
ai_yue2_muse_en_suno_en_015987_0,1,YuE2
ai_yue2_muse_en_suno_en_016103_1,1,YuE2
ai_yue2_muse_en_suno_en_016116_0,1,YuE2
ai_yue2_muse_en_suno_en_016151_1,1,YuE2
ai_yue2_muse_en_suno_en_016716_1,1,YuE2
ai_yue2_muse_en_suno_en_016813_1,1,YuE2
ai_yue2_muse_en_suno_en_016830_1,1,YuE2
ai_yue2_muse_en_suno_en_016880_0,1,YuE2
ai_yue2_muse_en_suno_en_017155_0,1,YuE2
ai_yue2_muse_en_suno_en_017216_0,1,YuE2
ai_yue2_muse_en_suno_en_017304_1,1,YuE2
ai_yue2_muse_en_suno_en_017349_0,1,YuE2
ai_yue2_muse_en_suno_en_017353_1,1,YuE2
ai_yue2_muse_en_suno_en_017413_1,1,YuE2
ai_yue2_muse_en_suno_en_017690_0,1,YuE2
ai_yue2_muse_en_suno_en_017829_0,1,YuE2
ai_yue2_muse_en_suno_en_018072_0,1,YuE2
ai_yue2_muse_en_suno_en_018225_0,1,YuE2
ai_yue2_muse_en_suno_en_018255_1,1,YuE2
ai_yue2_muse_en_suno_en_018455_1,1,YuE2
ai_yue2_muse_en_suno_en_018560_1,1,YuE2
ai_yue2_muse_en_suno_en_018763_1,1,YuE2
ai_yue2_muse_en_suno_en_018861_0,1,YuE2
ai_yue2_muse_en_suno_en_018923_1,1,YuE2
ai_yue2_muse_en_suno_en_019197_1,1,YuE2
ai_yue2_muse_en_suno_en_019319_1,1,YuE2
ai_yue2_muse_en_suno_en_019500_1,1,YuE2
ai_yue2_muse_en_suno_en_019611_1,1,YuE2
ai_yue2_muse_en_suno_en_019715_1,1,YuE2
ai_yue2_muse_en_suno_en_019907_0,1,YuE2
ai_yue2_muse_en_suno_en_019981_0,1,YuE2
ai_yue2_muse_en_suno_en_019992_1,1,YuE2
ai_yue2_muse_en_suno_en_020030_0,1,YuE2
ai_yue2_muse_en_suno_en_020197_1,1,YuE2
ai_yue2_muse_en_suno_en_020307_1,1,YuE2
ai_yue2_muse_en_suno_en_020365_0,1,YuE2
ai_yue2_muse_en_suno_en_020370_0,1,YuE2
ai_yue2_muse_en_suno_en_020375_0,1,YuE2
ai_yue2_muse_en_suno_en_020401_0,1,YuE2
ai_yue2_muse_en_suno_en_020754_1,1,YuE2
ai_yue2_muse_en_suno_en_020788_0,1,YuE2
ai_yue2_muse_en_suno_en_020792_0,1,YuE2
ai_yue2_muse_en_suno_en_020825_0,1,YuE2
ai_yue2_muse_en_suno_en_020867_1,1,YuE2
ai_yue2_muse_en_suno_en_020874_0,1,YuE2
ai_yue2_muse_en_suno_en_020950_0,1,YuE2
ai_yue2_muse_en_suno_en_020968_1,1,YuE2
ai_yue2_muse_en_suno_en_021221_1,1,YuE2
ai_yue2_muse_en_suno_en_021746_1,1,YuE2
ai_yue2_muse_en_suno_en_021752_0,1,YuE2
ai_yue2_muse_en_suno_en_022194_1,1,YuE2
ai_yue2_muse_en_suno_en_022546_1,1,YuE2
ai_yue2_muse_en_suno_en_022591_0,1,YuE2
ai_yue2_muse_en_suno_en_022669_1,1,YuE2
ai_yue2_muse_en_suno_en_023024_1,1,YuE2
ai_yue2_muse_en_suno_en_023209_1,1,YuE2
ai_yue2_muse_en_suno_en_023285_1,1,YuE2
ai_yue2_muse_en_suno_en_023320_1,1,YuE2
ai_yue2_muse_en_suno_en_023496_0,1,YuE2
ai_yue2_muse_en_suno_en_023694_1,1,YuE2
ai_yue2_muse_en_suno_en_023752_1,1,YuE2
ai_yue2_muse_en_suno_en_023819_0,1,YuE2
ai_yue2_muse_en_suno_en_023877_0,1,YuE2
ai_yue2_muse_en_suno_en_024029_1,1,YuE2
ai_yue2_muse_en_suno_en_024045_1,1,YuE2
ai_yue2_muse_en_suno_en_024308_0,1,YuE2
ai_yue2_muse_en_suno_en_024709_1,1,YuE2
ai_yue2_muse_en_suno_en_024741_0,1,YuE2
ai_yue2_muse_en_suno_en_025125_0,1,YuE2
ai_yue2_muse_en_suno_en_025332_0,1,YuE2
ai_yue2_muse_en_suno_en_025448_0,1,YuE2
ai_yue2_muse_en_suno_en_025603_1,1,YuE2
ai_yue2_muse_en_suno_en_025839_1,1,YuE2
ai_yue2_muse_en_suno_en_025857_1,1,YuE2
ai_yue2_muse_en_suno_en_025875_1,1,YuE2
ai_yue2_muse_en_suno_en_026005_0,1,YuE2
ai_yue2_muse_en_suno_en_026074_0,1,YuE2
ai_yue2_muse_en_suno_en_026086_1,1,YuE2
ai_yue2_muse_en_suno_en_026397_0,1,YuE2
ai_yue2_muse_en_suno_en_026431_1,1,YuE2
ai_yue2_muse_en_suno_en_026494_1,1,YuE2
ai_yue2_muse_en_suno_en_026592_0,1,YuE2
ai_yue2_muse_en_suno_en_026618_1,1,YuE2
ai_yue2_muse_en_suno_en_026759_1,1,YuE2
ai_yue2_muse_en_suno_en_026769_0,1,YuE2
ai_yue2_muse_en_suno_en_026793_0,1,YuE2
ai_yue2_muse_en_suno_en_026819_0,1,YuE2
ai_yue2_muse_en_suno_en_026837_0,1,YuE2
ai_yue2_muse_en_suno_en_026922_0,1,YuE2
ai_yue2_muse_en_suno_en_026938_1,1,YuE2
ai_yue2_muse_en_suno_en_026962_0,1,YuE2
ai_yue2_muse_en_suno_en_027511_1,1,YuE2
ai_yue2_muse_en_suno_en_027586_0,1,YuE2
ai_yue2_muse_en_suno_en_027758_0,1,YuE2
ai_yue2_muse_en_suno_en_028128_1,1,YuE2
ai_yue2_muse_en_suno_en_028160_1,1,YuE2
ai_yue2_muse_en_suno_en_028334_1,1,YuE2
ai_yue2_muse_en_suno_en_028351_1,1,YuE2
ai_yue2_muse_en_suno_en_028422_1,1,YuE2
ai_yue2_muse_en_suno_en_028544_0,1,YuE2
ai_yue2_muse_en_suno_en_028597_0,1,YuE2
ai_yue2_muse_en_suno_en_028605_0,1,YuE2
ai_yue2_muse_en_suno_en_028765_0,1,YuE2
ai_yue2_muse_en_suno_en_029154_0,1,YuE2
ai_yue2_muse_en_suno_en_029220_0,1,YuE2
ai_yue2_muse_en_suno_en_029458_0,1,YuE2
ai_yue2_muse_en_suno_en_029528_0,1,YuE2
ai_yue2_muse_en_suno_en_029708_1,1,YuE2
ai_yue2_muse_en_suno_en_029735_0,1,YuE2
ai_yue2_muse_en_suno_en_030151_0,1,YuE2
ai_yue2_muse_en_suno_en_030373_1,1,YuE2
ai_yue2_muse_en_suno_en_030441_1,1,YuE2
ai_yue2_muse_en_suno_en_030623_1,1,YuE2
ai_yue2_muse_en_suno_en_030631_0,1,YuE2
ai_yue2_muse_en_suno_en_030691_0,1,YuE2
ai_yue2_muse_en_suno_en_030973_1,1,YuE2
ai_yue2_muse_en_suno_en_031001_1,1,YuE2
ai_yue2_muse_en_suno_en_031012_0,1,YuE2
ai_yue2_muse_en_suno_en_031167_1,1,YuE2
ai_yue2_muse_en_suno_en_031266_0,1,YuE2
ai_yue2_muse_en_suno_en_031548_1,1,YuE2
ai_yue2_muse_en_suno_en_031573_1,1,YuE2
ai_yue2_muse_en_suno_en_031620_1,1,YuE2
ai_yue2_muse_en_suno_en_031869_1,1,YuE2
ai_yue2_muse_en_suno_en_031950_0,1,YuE2
ai_yue2_muse_en_suno_en_032126_1,1,YuE2
ai_yue2_muse_en_suno_en_032496_1,1,YuE2
ai_yue2_muse_en_suno_en_032796_1,1,YuE2
ai_yue2_muse_en_suno_en_032874_0,1,YuE2
ai_yue2_muse_en_suno_en_032888_0,1,YuE2
ai_yue2_muse_en_suno_en_033015_1,1,YuE2
ai_yue2_muse_en_suno_en_033142_1,1,YuE2
ai_yue2_muse_en_suno_en_033149_1,1,YuE2
ai_yue2_muse_en_suno_en_033249_1,1,YuE2
ai_yue2_muse_en_suno_en_033304_1,1,YuE2
ai_yue2_muse_en_suno_en_033608_1,1,YuE2
ai_yue2_muse_en_suno_en_033892_1,1,YuE2
ai_yue2_muse_en_suno_en_033908_1,1,YuE2
ai_yue2_muse_en_suno_en_034089_0,1,YuE2
ai_yue2_muse_en_suno_en_034099_0,1,YuE2
ai_yue2_muse_en_suno_en_034129_0,1,YuE2
ai_yue2_muse_en_suno_en_034135_1,1,YuE2
aime_audioldm2_large_01501,1,AudioLDM 2 Large
aime_audioldm2_large_01502,1,AudioLDM 2 Large
aime_audioldm2_large_01503,1,AudioLDM 2 Large
aime_audioldm2_large_01504,1,AudioLDM 2 Large
aime_audioldm2_large_01505,1,AudioLDM 2 Large
aime_audioldm2_large_01506,1,AudioLDM 2 Large
aime_audioldm2_large_01507,1,AudioLDM 2 Large
aime_audioldm2_large_01508,1,AudioLDM 2 Large
aime_audioldm2_large_01509,1,AudioLDM 2 Large
aime_audioldm2_large_01510,1,AudioLDM 2 Large
aime_audioldm2_large_01511,1,AudioLDM 2 Large
aime_audioldm2_large_01512,1,AudioLDM 2 Large
aime_audioldm2_large_01513,1,AudioLDM 2 Large
aime_audioldm2_large_01514,1,AudioLDM 2 Large
aime_audioldm2_large_01515,1,AudioLDM 2 Large
aime_audioldm2_large_01516,1,AudioLDM 2 Large
aime_audioldm2_large_01517,1,AudioLDM 2 Large
aime_audioldm2_large_01518,1,AudioLDM 2 Large
aime_audioldm2_large_01519,1,AudioLDM 2 Large
aime_audioldm2_large_01520,1,AudioLDM 2 Large
aime_audioldm2_large_01521,1,AudioLDM 2 Large
aime_audioldm2_large_01522,1,AudioLDM 2 Large
aime_audioldm2_large_01523,1,AudioLDM 2 Large
aime_audioldm2_large_01524,1,AudioLDM 2 Large
aime_audioldm2_large_01525,1,AudioLDM 2 Large
aime_audioldm2_large_01526,1,AudioLDM 2 Large
aime_audioldm2_large_01527,1,AudioLDM 2 Large
aime_audioldm2_large_01528,1,AudioLDM 2 Large
aime_audioldm2_large_01529,1,AudioLDM 2 Large
aime_audioldm2_large_01530,1,AudioLDM 2 Large
aime_audioldm2_large_01531,1,AudioLDM 2 Large
aime_audioldm2_large_01532,1,AudioLDM 2 Large
aime_audioldm2_large_01533,1,AudioLDM 2 Large
aime_audioldm2_large_01534,1,AudioLDM 2 Large
aime_audioldm2_large_01535,1,AudioLDM 2 Large
aime_audioldm2_large_01536,1,AudioLDM 2 Large
aime_audioldm2_large_01537,1,AudioLDM 2 Large
aime_audioldm2_large_01538,1,AudioLDM 2 Large
aime_audioldm2_large_01539,1,AudioLDM 2 Large
aime_audioldm2_large_01540,1,AudioLDM 2 Large
aime_audioldm2_large_01541,1,AudioLDM 2 Large
aime_audioldm2_large_01542,1,AudioLDM 2 Large
aime_audioldm2_large_01543,1,AudioLDM 2 Large
aime_audioldm2_large_01544,1,AudioLDM 2 Large
aime_audioldm2_large_01545,1,AudioLDM 2 Large
aime_audioldm2_large_01546,1,AudioLDM 2 Large
aime_audioldm2_large_01547,1,AudioLDM 2 Large
aime_audioldm2_large_01548,1,AudioLDM 2 Large
aime_audioldm2_large_01549,1,AudioLDM 2 Large
aime_audioldm2_large_01550,1,AudioLDM 2 Large
aime_audioldm2_large_01551,1,AudioLDM 2 Large
aime_audioldm2_large_01552,1,AudioLDM 2 Large
aime_audioldm2_large_01553,1,AudioLDM 2 Large
aime_audioldm2_large_01554,1,AudioLDM 2 Large
aime_audioldm2_large_01555,1,AudioLDM 2 Large
aime_audioldm2_large_01556,1,AudioLDM 2 Large
aime_audioldm2_large_01557,1,AudioLDM 2 Large
aime_audioldm2_large_01558,1,AudioLDM 2 Large
aime_audioldm2_large_01559,1,AudioLDM 2 Large
aime_audioldm2_large_01560,1,AudioLDM 2 Large
aime_audioldm2_large_01561,1,AudioLDM 2 Large
aime_audioldm2_large_01562,1,AudioLDM 2 Large
aime_audioldm2_large_01563,1,AudioLDM 2 Large
aime_audioldm2_large_01564,1,AudioLDM 2 Large
aime_audioldm2_large_01565,1,AudioLDM 2 Large
aime_audioldm2_large_01566,1,AudioLDM 2 Large
aime_audioldm2_large_01567,1,AudioLDM 2 Large
aime_audioldm2_large_01568,1,AudioLDM 2 Large
aime_audioldm2_large_01569,1,AudioLDM 2 Large
aime_audioldm2_large_01570,1,AudioLDM 2 Large
aime_audioldm2_large_01571,1,AudioLDM 2 Large
aime_audioldm2_large_01572,1,AudioLDM 2 Large
aime_audioldm2_large_01573,1,AudioLDM 2 Large
aime_audioldm2_large_01574,1,AudioLDM 2 Large
aime_audioldm2_large_01575,1,AudioLDM 2 Large
aime_audioldm2_large_01576,1,AudioLDM 2 Large
aime_audioldm2_large_01577,1,AudioLDM 2 Large
aime_audioldm2_large_01578,1,AudioLDM 2 Large
aime_audioldm2_large_01579,1,AudioLDM 2 Large
aime_audioldm2_large_01580,1,AudioLDM 2 Large
aime_audioldm2_large_01581,1,AudioLDM 2 Large
aime_audioldm2_large_01582,1,AudioLDM 2 Large
aime_audioldm2_large_01583,1,AudioLDM 2 Large
aime_audioldm2_large_01584,1,AudioLDM 2 Large
aime_audioldm2_large_01585,1,AudioLDM 2 Large
aime_audioldm2_large_01586,1,AudioLDM 2 Large
aime_audioldm2_large_01587,1,AudioLDM 2 Large
aime_audioldm2_large_01588,1,AudioLDM 2 Large
aime_audioldm2_large_01589,1,AudioLDM 2 Large
aime_audioldm2_large_01590,1,AudioLDM 2 Large
aime_audioldm2_large_01591,1,AudioLDM 2 Large
aime_audioldm2_large_01592,1,AudioLDM 2 Large
aime_audioldm2_large_01593,1,AudioLDM 2 Large
aime_audioldm2_large_01594,1,AudioLDM 2 Large
aime_audioldm2_large_01595,1,AudioLDM 2 Large
aime_audioldm2_large_01596,1,AudioLDM 2 Large
aime_audioldm2_large_01597,1,AudioLDM 2 Large
aime_audioldm2_large_01598,1,AudioLDM 2 Large
aime_audioldm2_large_01599,1,AudioLDM 2 Large
aime_audioldm2_large_01600,1,AudioLDM 2 Large
aime_audioldm2_large_01601,1,AudioLDM 2 Large
aime_audioldm2_large_01602,1,AudioLDM 2 Large
aime_audioldm2_large_01603,1,AudioLDM 2 Large
aime_audioldm2_large_01604,1,AudioLDM 2 Large
aime_audioldm2_large_01605,1,AudioLDM 2 Large
aime_audioldm2_large_01606,1,AudioLDM 2 Large
aime_audioldm2_large_01607,1,AudioLDM 2 Large
aime_audioldm2_large_01608,1,AudioLDM 2 Large
aime_audioldm2_large_01609,1,AudioLDM 2 Large
aime_audioldm2_large_01610,1,AudioLDM 2 Large
aime_audioldm2_large_01611,1,AudioLDM 2 Large
aime_audioldm2_large_01612,1,AudioLDM 2 Large
aime_audioldm2_large_01613,1,AudioLDM 2 Large
aime_audioldm2_large_01614,1,AudioLDM 2 Large
aime_audioldm2_large_01615,1,AudioLDM 2 Large
aime_audioldm2_large_01616,1,AudioLDM 2 Large
aime_audioldm2_large_01617,1,AudioLDM 2 Large
aime_audioldm2_large_01618,1,AudioLDM 2 Large
aime_audioldm2_large_01619,1,AudioLDM 2 Large
aime_audioldm2_large_01620,1,AudioLDM 2 Large
aime_audioldm2_large_01621,1,AudioLDM 2 Large
aime_audioldm2_large_01622,1,AudioLDM 2 Large
aime_audioldm2_large_01623,1,AudioLDM 2 Large
aime_audioldm2_large_01624,1,AudioLDM 2 Large
aime_audioldm2_large_01625,1,AudioLDM 2 Large
aime_audioldm2_large_01626,1,AudioLDM 2 Large
aime_audioldm2_large_01627,1,AudioLDM 2 Large
aime_audioldm2_large_01628,1,AudioLDM 2 Large
aime_audioldm2_large_01629,1,AudioLDM 2 Large
aime_audioldm2_large_01630,1,AudioLDM 2 Large
aime_audioldm2_large_01631,1,AudioLDM 2 Large
aime_audioldm2_large_01632,1,AudioLDM 2 Large
aime_audioldm2_large_01633,1,AudioLDM 2 Large
aime_audioldm2_large_01634,1,AudioLDM 2 Large
aime_audioldm2_large_01635,1,AudioLDM 2 Large
aime_audioldm2_large_01636,1,AudioLDM 2 Large
aime_audioldm2_large_01637,1,AudioLDM 2 Large
aime_audioldm2_large_01638,1,AudioLDM 2 Large
aime_audioldm2_large_01639,1,AudioLDM 2 Large
aime_audioldm2_large_01640,1,AudioLDM 2 Large
aime_audioldm2_large_01641,1,AudioLDM 2 Large
aime_audioldm2_large_01642,1,AudioLDM 2 Large
aime_audioldm2_large_01643,1,AudioLDM 2 Large
aime_audioldm2_large_01644,1,AudioLDM 2 Large
aime_audioldm2_large_01645,1,AudioLDM 2 Large
aime_audioldm2_large_01646,1,AudioLDM 2 Large
aime_audioldm2_large_01647,1,AudioLDM 2 Large
aime_audioldm2_large_01648,1,AudioLDM 2 Large
aime_audioldm2_large_01649,1,AudioLDM 2 Large
aime_audioldm2_large_01650,1,AudioLDM 2 Large
aime_audioldm2_large_01651,1,AudioLDM 2 Large
aime_audioldm2_large_01652,1,AudioLDM 2 Large
aime_audioldm2_large_01653,1,AudioLDM 2 Large
aime_audioldm2_large_01654,1,AudioLDM 2 Large
aime_audioldm2_large_01655,1,AudioLDM 2 Large
aime_audioldm2_large_01656,1,AudioLDM 2 Large
aime_audioldm2_large_01657,1,AudioLDM 2 Large
aime_audioldm2_large_01658,1,AudioLDM 2 Large
aime_audioldm2_large_01659,1,AudioLDM 2 Large
aime_audioldm2_large_01660,1,AudioLDM 2 Large
aime_audioldm2_large_01661,1,AudioLDM 2 Large
aime_audioldm2_large_01662,1,AudioLDM 2 Large
aime_audioldm2_large_01663,1,AudioLDM 2 Large
aime_audioldm2_large_01664,1,AudioLDM 2 Large
aime_audioldm2_large_01665,1,AudioLDM 2 Large
aime_audioldm2_large_01666,1,AudioLDM 2 Large
aime_audioldm2_large_01667,1,AudioLDM 2 Large
aime_audioldm2_large_01668,1,AudioLDM 2 Large
aime_audioldm2_large_01669,1,AudioLDM 2 Large
aime_audioldm2_large_01670,1,AudioLDM 2 Large
aime_audioldm2_large_01671,1,AudioLDM 2 Large
aime_audioldm2_large_01672,1,AudioLDM 2 Large
aime_audioldm2_large_01673,1,AudioLDM 2 Large
aime_audioldm2_large_01674,1,AudioLDM 2 Large
aime_audioldm2_large_01675,1,AudioLDM 2 Large
aime_audioldm2_large_01676,1,AudioLDM 2 Large
aime_audioldm2_large_01677,1,AudioLDM 2 Large
aime_audioldm2_large_01678,1,AudioLDM 2 Large
aime_audioldm2_large_01679,1,AudioLDM 2 Large
aime_audioldm2_large_01680,1,AudioLDM 2 Large
aime_audioldm2_large_01681,1,AudioLDM 2 Large
aime_audioldm2_large_01682,1,AudioLDM 2 Large
aime_audioldm2_large_01683,1,AudioLDM 2 Large
aime_audioldm2_large_01684,1,AudioLDM 2 Large
aime_audioldm2_large_01685,1,AudioLDM 2 Large
aime_audioldm2_large_01686,1,AudioLDM 2 Large
aime_audioldm2_large_01687,1,AudioLDM 2 Large
aime_audioldm2_large_01688,1,AudioLDM 2 Large
aime_audioldm2_large_01689,1,AudioLDM 2 Large
aime_audioldm2_large_01690,1,AudioLDM 2 Large
aime_audioldm2_large_01691,1,AudioLDM 2 Large
aime_audioldm2_large_01692,1,AudioLDM 2 Large
aime_audioldm2_large_01693,1,AudioLDM 2 Large
aime_audioldm2_large_01694,1,AudioLDM 2 Large
aime_audioldm2_large_01695,1,AudioLDM 2 Large
aime_audioldm2_large_01696,1,AudioLDM 2 Large
aime_audioldm2_large_01697,1,AudioLDM 2 Large
aime_audioldm2_large_01698,1,AudioLDM 2 Large
aime_audioldm2_large_01699,1,AudioLDM 2 Large
aime_audioldm2_large_01700,1,AudioLDM 2 Large
aime_audioldm2_large_01701,1,AudioLDM 2 Large
aime_audioldm2_large_01702,1,AudioLDM 2 Large
aime_audioldm2_large_01703,1,AudioLDM 2 Large
aime_audioldm2_large_01704,1,AudioLDM 2 Large
aime_audioldm2_large_01705,1,AudioLDM 2 Large
aime_audioldm2_large_01706,1,AudioLDM 2 Large
aime_audioldm2_large_01707,1,AudioLDM 2 Large
aime_audioldm2_large_01708,1,AudioLDM 2 Large
aime_audioldm2_large_01709,1,AudioLDM 2 Large
aime_audioldm2_large_01710,1,AudioLDM 2 Large
aime_audioldm2_large_01711,1,AudioLDM 2 Large
aime_audioldm2_large_01712,1,AudioLDM 2 Large
aime_audioldm2_large_01713,1,AudioLDM 2 Large
aime_audioldm2_large_01714,1,AudioLDM 2 Large
aime_audioldm2_large_01715,1,AudioLDM 2 Large
aime_audioldm2_large_01716,1,AudioLDM 2 Large
aime_audioldm2_large_01717,1,AudioLDM 2 Large
aime_audioldm2_large_01718,1,AudioLDM 2 Large
aime_audioldm2_large_01719,1,AudioLDM 2 Large
aime_audioldm2_large_01720,1,AudioLDM 2 Large
aime_audioldm2_large_01721,1,AudioLDM 2 Large
aime_audioldm2_large_01722,1,AudioLDM 2 Large
aime_audioldm2_large_01723,1,AudioLDM 2 Large
aime_audioldm2_large_01724,1,AudioLDM 2 Large
aime_audioldm2_large_01725,1,AudioLDM 2 Large
aime_audioldm2_large_01726,1,AudioLDM 2 Large
aime_audioldm2_large_01727,1,AudioLDM 2 Large
aime_audioldm2_large_01728,1,AudioLDM 2 Large
aime_audioldm2_large_01729,1,AudioLDM 2 Large
aime_audioldm2_large_01730,1,AudioLDM 2 Large
aime_audioldm2_large_01731,1,AudioLDM 2 Large
aime_audioldm2_large_01732,1,AudioLDM 2 Large
aime_audioldm2_large_01733,1,AudioLDM 2 Large
aime_audioldm2_large_01734,1,AudioLDM 2 Large
aime_audioldm2_large_01735,1,AudioLDM 2 Large
aime_audioldm2_large_01736,1,AudioLDM 2 Large
aime_audioldm2_large_01737,1,AudioLDM 2 Large
aime_audioldm2_large_01738,1,AudioLDM 2 Large
aime_audioldm2_large_01739,1,AudioLDM 2 Large
aime_audioldm2_large_01740,1,AudioLDM 2 Large
aime_audioldm2_large_01741,1,AudioLDM 2 Large
aime_audioldm2_large_01742,1,AudioLDM 2 Large
aime_audioldm2_large_01743,1,AudioLDM 2 Large
aime_audioldm2_large_01744,1,AudioLDM 2 Large
aime_audioldm2_large_01745,1,AudioLDM 2 Large
aime_audioldm2_large_01746,1,AudioLDM 2 Large
aime_audioldm2_large_01747,1,AudioLDM 2 Large
aime_audioldm2_large_01748,1,AudioLDM 2 Large
aime_audioldm2_large_01749,1,AudioLDM 2 Large
aime_audioldm2_large_01750,1,AudioLDM 2 Large
aime_audioldm2_large_01751,1,AudioLDM 2 Large
aime_audioldm2_large_01752,1,AudioLDM 2 Large
aime_audioldm2_large_01753,1,AudioLDM 2 Large
aime_audioldm2_large_01754,1,AudioLDM 2 Large
aime_audioldm2_large_01755,1,AudioLDM 2 Large
aime_audioldm2_large_01756,1,AudioLDM 2 Large
aime_audioldm2_large_01757,1,AudioLDM 2 Large
aime_audioldm2_large_01758,1,AudioLDM 2 Large
aime_audioldm2_large_01759,1,AudioLDM 2 Large
aime_audioldm2_large_01760,1,AudioLDM 2 Large
aime_audioldm2_large_01761,1,AudioLDM 2 Large
aime_audioldm2_large_01762,1,AudioLDM 2 Large
aime_audioldm2_large_01763,1,AudioLDM 2 Large
aime_audioldm2_large_01764,1,AudioLDM 2 Large
aime_audioldm2_large_01765,1,AudioLDM 2 Large
aime_audioldm2_large_01766,1,AudioLDM 2 Large
aime_audioldm2_large_01767,1,AudioLDM 2 Large
aime_audioldm2_large_01768,1,AudioLDM 2 Large
aime_audioldm2_large_01769,1,AudioLDM 2 Large
aime_audioldm2_large_01770,1,AudioLDM 2 Large
aime_audioldm2_large_01771,1,AudioLDM 2 Large
aime_audioldm2_large_01772,1,AudioLDM 2 Large
aime_audioldm2_large_01773,1,AudioLDM 2 Large
aime_audioldm2_large_01774,1,AudioLDM 2 Large
aime_audioldm2_large_01775,1,AudioLDM 2 Large
aime_audioldm2_large_01776,1,AudioLDM 2 Large
aime_audioldm2_large_01777,1,AudioLDM 2 Large
aime_audioldm2_large_01778,1,AudioLDM 2 Large
aime_audioldm2_large_01779,1,AudioLDM 2 Large
aime_audioldm2_large_01780,1,AudioLDM 2 Large
aime_audioldm2_large_01781,1,AudioLDM 2 Large
aime_audioldm2_large_01782,1,AudioLDM 2 Large
aime_audioldm2_large_01783,1,AudioLDM 2 Large
aime_audioldm2_large_01784,1,AudioLDM 2 Large
aime_audioldm2_large_01785,1,AudioLDM 2 Large
aime_audioldm2_large_01786,1,AudioLDM 2 Large
aime_audioldm2_large_01787,1,AudioLDM 2 Large
aime_audioldm2_large_01788,1,AudioLDM 2 Large
aime_audioldm2_large_01789,1,AudioLDM 2 Large
aime_audioldm2_large_01790,1,AudioLDM 2 Large
aime_audioldm2_large_01791,1,AudioLDM 2 Large
aime_audioldm2_large_01792,1,AudioLDM 2 Large
aime_audioldm2_large_01793,1,AudioLDM 2 Large
aime_audioldm2_large_01794,1,AudioLDM 2 Large
aime_audioldm2_large_01795,1,AudioLDM 2 Large
aime_audioldm2_large_01796,1,AudioLDM 2 Large
aime_audioldm2_large_01797,1,AudioLDM 2 Large
aime_audioldm2_large_01798,1,AudioLDM 2 Large
aime_audioldm2_large_01799,1,AudioLDM 2 Large
aime_audioldm2_large_01800,1,AudioLDM 2 Large
aime_audioldm2_large_01801,1,AudioLDM 2 Large
aime_audioldm2_large_01802,1,AudioLDM 2 Large
aime_audioldm2_large_01803,1,AudioLDM 2 Large
aime_audioldm2_large_01804,1,AudioLDM 2 Large
aime_audioldm2_large_01805,1,AudioLDM 2 Large
aime_audioldm2_large_01806,1,AudioLDM 2 Large
aime_audioldm2_large_01807,1,AudioLDM 2 Large
aime_audioldm2_large_01808,1,AudioLDM 2 Large
aime_audioldm2_large_01809,1,AudioLDM 2 Large
aime_audioldm2_large_01810,1,AudioLDM 2 Large
aime_audioldm2_large_01811,1,AudioLDM 2 Large
aime_audioldm2_large_01812,1,AudioLDM 2 Large
aime_audioldm2_large_01813,1,AudioLDM 2 Large
aime_audioldm2_large_01814,1,AudioLDM 2 Large
aime_audioldm2_large_01815,1,AudioLDM 2 Large
aime_audioldm2_large_01816,1,AudioLDM 2 Large
aime_audioldm2_large_01817,1,AudioLDM 2 Large
aime_audioldm2_large_01818,1,AudioLDM 2 Large
aime_audioldm2_large_01819,1,AudioLDM 2 Large
aime_audioldm2_large_01820,1,AudioLDM 2 Large
aime_audioldm2_large_01821,1,AudioLDM 2 Large
aime_audioldm2_large_01822,1,AudioLDM 2 Large
aime_audioldm2_large_01823,1,AudioLDM 2 Large
aime_audioldm2_large_01824,1,AudioLDM 2 Large
aime_audioldm2_large_01825,1,AudioLDM 2 Large
aime_audioldm2_large_01826,1,AudioLDM 2 Large
aime_audioldm2_large_01827,1,AudioLDM 2 Large
aime_audioldm2_large_01828,1,AudioLDM 2 Large
aime_audioldm2_large_01829,1,AudioLDM 2 Large
aime_audioldm2_large_01830,1,AudioLDM 2 Large
aime_audioldm2_large_01831,1,AudioLDM 2 Large
aime_audioldm2_large_01832,1,AudioLDM 2 Large
aime_audioldm2_large_01833,1,AudioLDM 2 Large
aime_audioldm2_large_01834,1,AudioLDM 2 Large
aime_audioldm2_large_01835,1,AudioLDM 2 Large
aime_audioldm2_large_01836,1,AudioLDM 2 Large
aime_audioldm2_large_01837,1,AudioLDM 2 Large
aime_audioldm2_large_01838,1,AudioLDM 2 Large
aime_audioldm2_large_01839,1,AudioLDM 2 Large
aime_audioldm2_large_01840,1,AudioLDM 2 Large
aime_audioldm2_large_01841,1,AudioLDM 2 Large
aime_audioldm2_large_01842,1,AudioLDM 2 Large
aime_audioldm2_large_01843,1,AudioLDM 2 Large
aime_audioldm2_large_01844,1,AudioLDM 2 Large
aime_audioldm2_large_01845,1,AudioLDM 2 Large
aime_audioldm2_large_01846,1,AudioLDM 2 Large
aime_audioldm2_large_01847,1,AudioLDM 2 Large
aime_audioldm2_large_01848,1,AudioLDM 2 Large
aime_audioldm2_large_01849,1,AudioLDM 2 Large
aime_audioldm2_large_01850,1,AudioLDM 2 Large
aime_audioldm2_large_01851,1,AudioLDM 2 Large
aime_audioldm2_large_01852,1,AudioLDM 2 Large
aime_audioldm2_large_01853,1,AudioLDM 2 Large
aime_audioldm2_large_01854,1,AudioLDM 2 Large
aime_audioldm2_large_01855,1,AudioLDM 2 Large
aime_audioldm2_large_01856,1,AudioLDM 2 Large
aime_audioldm2_large_01857,1,AudioLDM 2 Large
aime_audioldm2_large_01858,1,AudioLDM 2 Large
aime_audioldm2_large_01859,1,AudioLDM 2 Large
aime_audioldm2_large_01860,1,AudioLDM 2 Large
aime_audioldm2_large_01861,1,AudioLDM 2 Large
aime_audioldm2_large_01862,1,AudioLDM 2 Large
aime_audioldm2_large_01863,1,AudioLDM 2 Large
aime_audioldm2_large_01864,1,AudioLDM 2 Large
aime_audioldm2_large_01865,1,AudioLDM 2 Large
aime_audioldm2_large_01866,1,AudioLDM 2 Large
aime_audioldm2_large_01867,1,AudioLDM 2 Large
aime_audioldm2_large_01868,1,AudioLDM 2 Large
aime_audioldm2_large_01869,1,AudioLDM 2 Large
aime_audioldm2_large_01870,1,AudioLDM 2 Large
aime_audioldm2_large_01871,1,AudioLDM 2 Large
aime_audioldm2_large_01872,1,AudioLDM 2 Large
aime_audioldm2_large_01873,1,AudioLDM 2 Large
aime_audioldm2_large_01874,1,AudioLDM 2 Large
aime_audioldm2_large_01875,1,AudioLDM 2 Large
aime_audioldm2_large_01876,1,AudioLDM 2 Large
aime_audioldm2_large_01877,1,AudioLDM 2 Large
aime_audioldm2_large_01878,1,AudioLDM 2 Large
aime_audioldm2_large_01879,1,AudioLDM 2 Large
aime_audioldm2_large_01880,1,AudioLDM 2 Large
aime_audioldm2_large_01881,1,AudioLDM 2 Large
aime_audioldm2_large_01882,1,AudioLDM 2 Large
aime_audioldm2_large_01883,1,AudioLDM 2 Large
aime_audioldm2_large_01884,1,AudioLDM 2 Large
aime_audioldm2_large_01885,1,AudioLDM 2 Large
aime_audioldm2_large_01886,1,AudioLDM 2 Large
aime_audioldm2_large_01887,1,AudioLDM 2 Large
aime_audioldm2_large_01888,1,AudioLDM 2 Large
aime_audioldm2_large_01889,1,AudioLDM 2 Large
aime_audioldm2_large_01890,1,AudioLDM 2 Large
aime_audioldm2_large_01891,1,AudioLDM 2 Large
aime_audioldm2_large_01892,1,AudioLDM 2 Large
aime_audioldm2_large_01893,1,AudioLDM 2 Large
aime_audioldm2_large_01894,1,AudioLDM 2 Large
aime_audioldm2_large_01895,1,AudioLDM 2 Large
aime_audioldm2_large_01896,1,AudioLDM 2 Large
aime_audioldm2_large_01897,1,AudioLDM 2 Large
aime_audioldm2_large_01898,1,AudioLDM 2 Large
aime_audioldm2_large_01899,1,AudioLDM 2 Large
aime_audioldm2_large_01900,1,AudioLDM 2 Large
aime_audioldm2_large_01901,1,AudioLDM 2 Large
aime_audioldm2_large_01902,1,AudioLDM 2 Large
aime_audioldm2_large_01903,1,AudioLDM 2 Large
aime_audioldm2_large_01904,1,AudioLDM 2 Large
aime_audioldm2_large_01905,1,AudioLDM 2 Large
aime_audioldm2_large_01906,1,AudioLDM 2 Large
aime_audioldm2_large_01907,1,AudioLDM 2 Large
aime_audioldm2_large_01908,1,AudioLDM 2 Large
aime_audioldm2_large_01909,1,AudioLDM 2 Large
aime_audioldm2_large_01910,1,AudioLDM 2 Large
aime_audioldm2_large_01911,1,AudioLDM 2 Large
aime_audioldm2_large_01912,1,AudioLDM 2 Large
aime_audioldm2_large_01913,1,AudioLDM 2 Large
aime_audioldm2_large_01914,1,AudioLDM 2 Large
aime_audioldm2_large_01915,1,AudioLDM 2 Large
aime_audioldm2_large_01916,1,AudioLDM 2 Large
aime_audioldm2_large_01917,1,AudioLDM 2 Large
aime_audioldm2_large_01918,1,AudioLDM 2 Large
aime_audioldm2_large_01919,1,AudioLDM 2 Large
aime_audioldm2_large_01920,1,AudioLDM 2 Large
aime_audioldm2_large_01921,1,AudioLDM 2 Large
aime_audioldm2_large_01922,1,AudioLDM 2 Large
aime_audioldm2_large_01923,1,AudioLDM 2 Large
aime_audioldm2_large_01924,1,AudioLDM 2 Large
aime_audioldm2_large_01925,1,AudioLDM 2 Large
aime_audioldm2_large_01926,1,AudioLDM 2 Large
aime_audioldm2_large_01927,1,AudioLDM 2 Large
aime_audioldm2_large_01928,1,AudioLDM 2 Large
aime_audioldm2_large_01929,1,AudioLDM 2 Large
aime_audioldm2_large_01930,1,AudioLDM 2 Large
aime_audioldm2_large_01931,1,AudioLDM 2 Large
aime_audioldm2_large_01932,1,AudioLDM 2 Large
aime_audioldm2_large_01933,1,AudioLDM 2 Large
aime_audioldm2_large_01934,1,AudioLDM 2 Large
aime_audioldm2_large_01935,1,AudioLDM 2 Large
aime_audioldm2_large_01936,1,AudioLDM 2 Large
aime_audioldm2_large_01937,1,AudioLDM 2 Large
aime_audioldm2_large_01938,1,AudioLDM 2 Large
aime_audioldm2_large_01939,1,AudioLDM 2 Large
aime_audioldm2_large_01940,1,AudioLDM 2 Large
aime_audioldm2_large_01941,1,AudioLDM 2 Large
aime_audioldm2_large_01942,1,AudioLDM 2 Large
aime_audioldm2_large_01943,1,AudioLDM 2 Large
aime_audioldm2_large_01944,1,AudioLDM 2 Large
aime_audioldm2_large_01945,1,AudioLDM 2 Large
aime_audioldm2_large_01946,1,AudioLDM 2 Large
aime_audioldm2_large_01947,1,AudioLDM 2 Large
aime_audioldm2_large_01948,1,AudioLDM 2 Large
aime_audioldm2_large_01949,1,AudioLDM 2 Large
aime_audioldm2_large_01950,1,AudioLDM 2 Large
aime_audioldm2_large_01951,1,AudioLDM 2 Large
aime_audioldm2_large_01952,1,AudioLDM 2 Large
aime_audioldm2_large_01953,1,AudioLDM 2 Large
aime_audioldm2_large_01954,1,AudioLDM 2 Large
aime_audioldm2_large_01955,1,AudioLDM 2 Large
aime_audioldm2_large_01956,1,AudioLDM 2 Large
aime_audioldm2_large_01957,1,AudioLDM 2 Large
aime_audioldm2_large_01958,1,AudioLDM 2 Large
aime_audioldm2_large_01959,1,AudioLDM 2 Large
aime_audioldm2_large_01960,1,AudioLDM 2 Large
aime_audioldm2_large_01961,1,AudioLDM 2 Large
aime_audioldm2_large_01962,1,AudioLDM 2 Large
aime_audioldm2_large_01963,1,AudioLDM 2 Large
aime_audioldm2_large_01964,1,AudioLDM 2 Large
aime_audioldm2_large_01965,1,AudioLDM 2 Large
aime_audioldm2_large_01966,1,AudioLDM 2 Large
aime_audioldm2_large_01967,1,AudioLDM 2 Large
aime_audioldm2_large_01968,1,AudioLDM 2 Large
aime_audioldm2_large_01969,1,AudioLDM 2 Large
aime_audioldm2_large_01970,1,AudioLDM 2 Large
aime_audioldm2_large_01971,1,AudioLDM 2 Large
aime_audioldm2_large_01972,1,AudioLDM 2 Large
aime_audioldm2_large_01973,1,AudioLDM 2 Large
aime_audioldm2_large_01974,1,AudioLDM 2 Large
aime_audioldm2_large_01975,1,AudioLDM 2 Large
aime_audioldm2_large_01976,1,AudioLDM 2 Large
aime_audioldm2_large_01977,1,AudioLDM 2 Large
aime_audioldm2_large_01978,1,AudioLDM 2 Large
aime_audioldm2_large_01979,1,AudioLDM 2 Large
aime_audioldm2_large_01980,1,AudioLDM 2 Large
aime_audioldm2_large_01981,1,AudioLDM 2 Large
aime_audioldm2_large_01982,1,AudioLDM 2 Large
aime_audioldm2_large_01983,1,AudioLDM 2 Large
aime_audioldm2_large_01984,1,AudioLDM 2 Large
aime_audioldm2_large_01985,1,AudioLDM 2 Large
aime_audioldm2_large_01986,1,AudioLDM 2 Large
aime_audioldm2_large_01987,1,AudioLDM 2 Large
aime_audioldm2_large_01988,1,AudioLDM 2 Large
aime_audioldm2_large_01989,1,AudioLDM 2 Large
aime_audioldm2_large_01990,1,AudioLDM 2 Large
aime_audioldm2_large_01991,1,AudioLDM 2 Large
aime_audioldm2_large_01992,1,AudioLDM 2 Large
aime_audioldm2_large_01993,1,AudioLDM 2 Large
aime_audioldm2_large_01994,1,AudioLDM 2 Large
aime_audioldm2_large_01995,1,AudioLDM 2 Large
aime_audioldm2_large_01996,1,AudioLDM 2 Large
aime_audioldm2_large_01997,1,AudioLDM 2 Large
aime_audioldm2_large_01998,1,AudioLDM 2 Large
aime_audioldm2_large_01999,1,AudioLDM 2 Large
aime_audioldm2_large_02000,1,AudioLDM 2 Large
aime_audioldm2_music_02001,1,AudioLDM 2 Music
aime_audioldm2_music_02002,1,AudioLDM 2 Music
aime_audioldm2_music_02003,1,AudioLDM 2 Music
aime_audioldm2_music_02004,1,AudioLDM 2 Music
aime_audioldm2_music_02005,1,AudioLDM 2 Music
aime_audioldm2_music_02006,1,AudioLDM 2 Music
aime_audioldm2_music_02007,1,AudioLDM 2 Music
aime_audioldm2_music_02008,1,AudioLDM 2 Music
aime_audioldm2_music_02009,1,AudioLDM 2 Music
aime_audioldm2_music_02010,1,AudioLDM 2 Music
aime_audioldm2_music_02011,1,AudioLDM 2 Music
aime_audioldm2_music_02012,1,AudioLDM 2 Music
aime_audioldm2_music_02013,1,AudioLDM 2 Music
aime_audioldm2_music_02014,1,AudioLDM 2 Music
aime_audioldm2_music_02015,1,AudioLDM 2 Music
aime_audioldm2_music_02016,1,AudioLDM 2 Music
aime_audioldm2_music_02017,1,AudioLDM 2 Music
aime_audioldm2_music_02018,1,AudioLDM 2 Music
aime_audioldm2_music_02019,1,AudioLDM 2 Music
aime_audioldm2_music_02020,1,AudioLDM 2 Music
aime_audioldm2_music_02021,1,AudioLDM 2 Music
aime_audioldm2_music_02022,1,AudioLDM 2 Music
aime_audioldm2_music_02023,1,AudioLDM 2 Music
aime_audioldm2_music_02024,1,AudioLDM 2 Music
aime_audioldm2_music_02025,1,AudioLDM 2 Music
aime_audioldm2_music_02026,1,AudioLDM 2 Music
aime_audioldm2_music_02027,1,AudioLDM 2 Music
aime_audioldm2_music_02028,1,AudioLDM 2 Music
aime_audioldm2_music_02029,1,AudioLDM 2 Music
aime_audioldm2_music_02030,1,AudioLDM 2 Music
aime_audioldm2_music_02031,1,AudioLDM 2 Music
aime_audioldm2_music_02032,1,AudioLDM 2 Music
aime_audioldm2_music_02033,1,AudioLDM 2 Music
aime_audioldm2_music_02034,1,AudioLDM 2 Music
aime_audioldm2_music_02035,1,AudioLDM 2 Music
aime_audioldm2_music_02036,1,AudioLDM 2 Music
aime_audioldm2_music_02037,1,AudioLDM 2 Music
aime_audioldm2_music_02038,1,AudioLDM 2 Music
aime_audioldm2_music_02039,1,AudioLDM 2 Music
aime_audioldm2_music_02040,1,AudioLDM 2 Music
aime_audioldm2_music_02041,1,AudioLDM 2 Music
aime_audioldm2_music_02042,1,AudioLDM 2 Music
aime_audioldm2_music_02043,1,AudioLDM 2 Music
aime_audioldm2_music_02044,1,AudioLDM 2 Music
aime_audioldm2_music_02045,1,AudioLDM 2 Music
aime_audioldm2_music_02046,1,AudioLDM 2 Music
aime_audioldm2_music_02047,1,AudioLDM 2 Music
aime_audioldm2_music_02048,1,AudioLDM 2 Music
aime_audioldm2_music_02049,1,AudioLDM 2 Music
aime_audioldm2_music_02050,1,AudioLDM 2 Music
aime_audioldm2_music_02051,1,AudioLDM 2 Music
aime_audioldm2_music_02052,1,AudioLDM 2 Music
aime_audioldm2_music_02053,1,AudioLDM 2 Music
aime_audioldm2_music_02054,1,AudioLDM 2 Music
aime_audioldm2_music_02055,1,AudioLDM 2 Music
aime_audioldm2_music_02056,1,AudioLDM 2 Music
aime_audioldm2_music_02057,1,AudioLDM 2 Music
aime_audioldm2_music_02058,1,AudioLDM 2 Music
aime_audioldm2_music_02059,1,AudioLDM 2 Music
aime_audioldm2_music_02060,1,AudioLDM 2 Music
aime_audioldm2_music_02061,1,AudioLDM 2 Music
aime_audioldm2_music_02062,1,AudioLDM 2 Music
aime_audioldm2_music_02063,1,AudioLDM 2 Music
aime_audioldm2_music_02064,1,AudioLDM 2 Music
aime_audioldm2_music_02065,1,AudioLDM 2 Music
aime_audioldm2_music_02066,1,AudioLDM 2 Music
aime_audioldm2_music_02067,1,AudioLDM 2 Music
aime_audioldm2_music_02068,1,AudioLDM 2 Music
aime_audioldm2_music_02069,1,AudioLDM 2 Music
aime_audioldm2_music_02070,1,AudioLDM 2 Music
aime_audioldm2_music_02071,1,AudioLDM 2 Music
aime_audioldm2_music_02072,1,AudioLDM 2 Music
aime_audioldm2_music_02073,1,AudioLDM 2 Music
aime_audioldm2_music_02074,1,AudioLDM 2 Music
aime_audioldm2_music_02075,1,AudioLDM 2 Music
aime_audioldm2_music_02076,1,AudioLDM 2 Music
aime_audioldm2_music_02077,1,AudioLDM 2 Music
aime_audioldm2_music_02078,1,AudioLDM 2 Music
aime_audioldm2_music_02079,1,AudioLDM 2 Music
aime_audioldm2_music_02080,1,AudioLDM 2 Music
aime_audioldm2_music_02081,1,AudioLDM 2 Music
aime_audioldm2_music_02082,1,AudioLDM 2 Music
aime_audioldm2_music_02083,1,AudioLDM 2 Music
aime_audioldm2_music_02084,1,AudioLDM 2 Music
aime_audioldm2_music_02085,1,AudioLDM 2 Music
aime_audioldm2_music_02086,1,AudioLDM 2 Music
aime_audioldm2_music_02087,1,AudioLDM 2 Music
aime_audioldm2_music_02088,1,AudioLDM 2 Music
aime_audioldm2_music_02089,1,AudioLDM 2 Music
aime_audioldm2_music_02090,1,AudioLDM 2 Music
aime_audioldm2_music_02091,1,AudioLDM 2 Music
aime_audioldm2_music_02092,1,AudioLDM 2 Music
aime_audioldm2_music_02093,1,AudioLDM 2 Music
aime_audioldm2_music_02094,1,AudioLDM 2 Music
aime_audioldm2_music_02095,1,AudioLDM 2 Music
aime_audioldm2_music_02096,1,AudioLDM 2 Music
aime_audioldm2_music_02097,1,AudioLDM 2 Music
aime_audioldm2_music_02098,1,AudioLDM 2 Music
aime_audioldm2_music_02099,1,AudioLDM 2 Music
aime_audioldm2_music_02100,1,AudioLDM 2 Music
aime_audioldm2_music_02101,1,AudioLDM 2 Music
aime_audioldm2_music_02102,1,AudioLDM 2 Music
aime_audioldm2_music_02103,1,AudioLDM 2 Music
aime_audioldm2_music_02104,1,AudioLDM 2 Music
aime_audioldm2_music_02105,1,AudioLDM 2 Music
aime_audioldm2_music_02106,1,AudioLDM 2 Music
aime_audioldm2_music_02107,1,AudioLDM 2 Music
aime_audioldm2_music_02108,1,AudioLDM 2 Music
aime_audioldm2_music_02109,1,AudioLDM 2 Music
aime_audioldm2_music_02110,1,AudioLDM 2 Music
aime_audioldm2_music_02111,1,AudioLDM 2 Music
aime_audioldm2_music_02112,1,AudioLDM 2 Music
aime_audioldm2_music_02113,1,AudioLDM 2 Music
aime_audioldm2_music_02114,1,AudioLDM 2 Music
aime_audioldm2_music_02115,1,AudioLDM 2 Music
aime_audioldm2_music_02116,1,AudioLDM 2 Music
aime_audioldm2_music_02117,1,AudioLDM 2 Music
aime_audioldm2_music_02118,1,AudioLDM 2 Music
aime_audioldm2_music_02119,1,AudioLDM 2 Music
aime_audioldm2_music_02120,1,AudioLDM 2 Music
aime_audioldm2_music_02121,1,AudioLDM 2 Music
aime_audioldm2_music_02122,1,AudioLDM 2 Music
aime_audioldm2_music_02123,1,AudioLDM 2 Music
aime_audioldm2_music_02124,1,AudioLDM 2 Music
aime_audioldm2_music_02125,1,AudioLDM 2 Music
aime_audioldm2_music_02126,1,AudioLDM 2 Music
aime_audioldm2_music_02127,1,AudioLDM 2 Music
aime_audioldm2_music_02128,1,AudioLDM 2 Music
aime_audioldm2_music_02129,1,AudioLDM 2 Music
aime_audioldm2_music_02130,1,AudioLDM 2 Music
aime_audioldm2_music_02131,1,AudioLDM 2 Music
aime_audioldm2_music_02132,1,AudioLDM 2 Music
aime_audioldm2_music_02133,1,AudioLDM 2 Music
aime_audioldm2_music_02134,1,AudioLDM 2 Music
aime_audioldm2_music_02135,1,AudioLDM 2 Music
aime_audioldm2_music_02136,1,AudioLDM 2 Music
aime_audioldm2_music_02137,1,AudioLDM 2 Music
aime_audioldm2_music_02138,1,AudioLDM 2 Music
aime_audioldm2_music_02139,1,AudioLDM 2 Music
aime_audioldm2_music_02140,1,AudioLDM 2 Music
aime_audioldm2_music_02141,1,AudioLDM 2 Music
aime_audioldm2_music_02142,1,AudioLDM 2 Music
aime_audioldm2_music_02143,1,AudioLDM 2 Music
aime_audioldm2_music_02144,1,AudioLDM 2 Music
aime_audioldm2_music_02145,1,AudioLDM 2 Music
aime_audioldm2_music_02146,1,AudioLDM 2 Music
aime_audioldm2_music_02147,1,AudioLDM 2 Music
aime_audioldm2_music_02148,1,AudioLDM 2 Music
aime_audioldm2_music_02149,1,AudioLDM 2 Music
aime_audioldm2_music_02150,1,AudioLDM 2 Music
aime_audioldm2_music_02151,1,AudioLDM 2 Music
aime_audioldm2_music_02152,1,AudioLDM 2 Music
aime_audioldm2_music_02153,1,AudioLDM 2 Music
aime_audioldm2_music_02154,1,AudioLDM 2 Music
aime_audioldm2_music_02155,1,AudioLDM 2 Music
aime_audioldm2_music_02156,1,AudioLDM 2 Music
aime_audioldm2_music_02157,1,AudioLDM 2 Music
aime_audioldm2_music_02158,1,AudioLDM 2 Music
aime_audioldm2_music_02159,1,AudioLDM 2 Music
aime_audioldm2_music_02160,1,AudioLDM 2 Music
aime_audioldm2_music_02161,1,AudioLDM 2 Music
aime_audioldm2_music_02162,1,AudioLDM 2 Music
aime_audioldm2_music_02163,1,AudioLDM 2 Music
aime_audioldm2_music_02164,1,AudioLDM 2 Music
aime_audioldm2_music_02165,1,AudioLDM 2 Music
aime_audioldm2_music_02166,1,AudioLDM 2 Music
aime_audioldm2_music_02167,1,AudioLDM 2 Music
aime_audioldm2_music_02168,1,AudioLDM 2 Music
aime_audioldm2_music_02169,1,AudioLDM 2 Music
aime_audioldm2_music_02170,1,AudioLDM 2 Music
aime_audioldm2_music_02171,1,AudioLDM 2 Music
aime_audioldm2_music_02172,1,AudioLDM 2 Music
aime_audioldm2_music_02173,1,AudioLDM 2 Music
aime_audioldm2_music_02174,1,AudioLDM 2 Music
aime_audioldm2_music_02175,1,AudioLDM 2 Music
aime_audioldm2_music_02176,1,AudioLDM 2 Music
aime_audioldm2_music_02177,1,AudioLDM 2 Music
aime_audioldm2_music_02178,1,AudioLDM 2 Music
aime_audioldm2_music_02179,1,AudioLDM 2 Music
aime_audioldm2_music_02180,1,AudioLDM 2 Music
aime_audioldm2_music_02181,1,AudioLDM 2 Music
aime_audioldm2_music_02182,1,AudioLDM 2 Music
aime_audioldm2_music_02183,1,AudioLDM 2 Music
aime_audioldm2_music_02184,1,AudioLDM 2 Music
aime_audioldm2_music_02185,1,AudioLDM 2 Music
aime_audioldm2_music_02186,1,AudioLDM 2 Music
aime_audioldm2_music_02187,1,AudioLDM 2 Music
aime_audioldm2_music_02188,1,AudioLDM 2 Music
aime_audioldm2_music_02189,1,AudioLDM 2 Music
aime_audioldm2_music_02190,1,AudioLDM 2 Music
aime_audioldm2_music_02191,1,AudioLDM 2 Music
aime_audioldm2_music_02192,1,AudioLDM 2 Music
aime_audioldm2_music_02193,1,AudioLDM 2 Music
aime_audioldm2_music_02194,1,AudioLDM 2 Music
aime_audioldm2_music_02195,1,AudioLDM 2 Music
aime_audioldm2_music_02196,1,AudioLDM 2 Music
aime_audioldm2_music_02197,1,AudioLDM 2 Music
aime_audioldm2_music_02198,1,AudioLDM 2 Music
aime_audioldm2_music_02199,1,AudioLDM 2 Music
aime_audioldm2_music_02200,1,AudioLDM 2 Music
aime_audioldm2_music_02201,1,AudioLDM 2 Music
aime_audioldm2_music_02202,1,AudioLDM 2 Music
aime_audioldm2_music_02203,1,AudioLDM 2 Music
aime_audioldm2_music_02204,1,AudioLDM 2 Music
aime_audioldm2_music_02205,1,AudioLDM 2 Music
aime_audioldm2_music_02206,1,AudioLDM 2 Music
aime_audioldm2_music_02207,1,AudioLDM 2 Music
aime_audioldm2_music_02208,1,AudioLDM 2 Music
aime_audioldm2_music_02209,1,AudioLDM 2 Music
aime_audioldm2_music_02210,1,AudioLDM 2 Music
aime_audioldm2_music_02211,1,AudioLDM 2 Music
aime_audioldm2_music_02212,1,AudioLDM 2 Music
aime_audioldm2_music_02213,1,AudioLDM 2 Music
aime_audioldm2_music_02214,1,AudioLDM 2 Music
aime_audioldm2_music_02215,1,AudioLDM 2 Music
aime_audioldm2_music_02216,1,AudioLDM 2 Music
aime_audioldm2_music_02217,1,AudioLDM 2 Music
aime_audioldm2_music_02218,1,AudioLDM 2 Music
aime_audioldm2_music_02219,1,AudioLDM 2 Music
aime_audioldm2_music_02220,1,AudioLDM 2 Music
aime_audioldm2_music_02221,1,AudioLDM 2 Music
aime_audioldm2_music_02222,1,AudioLDM 2 Music
aime_audioldm2_music_02223,1,AudioLDM 2 Music
aime_audioldm2_music_02224,1,AudioLDM 2 Music
aime_audioldm2_music_02225,1,AudioLDM 2 Music
aime_audioldm2_music_02226,1,AudioLDM 2 Music
aime_audioldm2_music_02227,1,AudioLDM 2 Music
aime_audioldm2_music_02228,1,AudioLDM 2 Music
aime_audioldm2_music_02229,1,AudioLDM 2 Music
aime_audioldm2_music_02230,1,AudioLDM 2 Music
aime_audioldm2_music_02231,1,AudioLDM 2 Music
aime_audioldm2_music_02232,1,AudioLDM 2 Music
aime_audioldm2_music_02233,1,AudioLDM 2 Music
aime_audioldm2_music_02234,1,AudioLDM 2 Music
aime_audioldm2_music_02235,1,AudioLDM 2 Music
aime_audioldm2_music_02236,1,AudioLDM 2 Music
aime_audioldm2_music_02237,1,AudioLDM 2 Music
aime_audioldm2_music_02238,1,AudioLDM 2 Music
aime_audioldm2_music_02239,1,AudioLDM 2 Music
aime_audioldm2_music_02240,1,AudioLDM 2 Music
aime_audioldm2_music_02241,1,AudioLDM 2 Music
aime_audioldm2_music_02242,1,AudioLDM 2 Music
aime_audioldm2_music_02243,1,AudioLDM 2 Music
aime_audioldm2_music_02244,1,AudioLDM 2 Music
aime_audioldm2_music_02245,1,AudioLDM 2 Music
aime_audioldm2_music_02246,1,AudioLDM 2 Music
aime_audioldm2_music_02247,1,AudioLDM 2 Music
aime_audioldm2_music_02248,1,AudioLDM 2 Music
aime_audioldm2_music_02249,1,AudioLDM 2 Music
aime_audioldm2_music_02250,1,AudioLDM 2 Music
aime_audioldm2_music_02251,1,AudioLDM 2 Music
aime_audioldm2_music_02252,1,AudioLDM 2 Music
aime_audioldm2_music_02253,1,AudioLDM 2 Music
aime_audioldm2_music_02254,1,AudioLDM 2 Music
aime_audioldm2_music_02255,1,AudioLDM 2 Music
aime_audioldm2_music_02256,1,AudioLDM 2 Music
aime_audioldm2_music_02257,1,AudioLDM 2 Music
aime_audioldm2_music_02258,1,AudioLDM 2 Music
aime_audioldm2_music_02259,1,AudioLDM 2 Music
aime_audioldm2_music_02260,1,AudioLDM 2 Music
aime_audioldm2_music_02261,1,AudioLDM 2 Music
aime_audioldm2_music_02262,1,AudioLDM 2 Music
aime_audioldm2_music_02263,1,AudioLDM 2 Music
aime_audioldm2_music_02264,1,AudioLDM 2 Music
aime_audioldm2_music_02265,1,AudioLDM 2 Music
aime_audioldm2_music_02266,1,AudioLDM 2 Music
aime_audioldm2_music_02267,1,AudioLDM 2 Music
aime_audioldm2_music_02268,1,AudioLDM 2 Music
aime_audioldm2_music_02269,1,AudioLDM 2 Music
aime_audioldm2_music_02270,1,AudioLDM 2 Music
aime_audioldm2_music_02271,1,AudioLDM 2 Music
aime_audioldm2_music_02272,1,AudioLDM 2 Music
aime_audioldm2_music_02273,1,AudioLDM 2 Music
aime_audioldm2_music_02274,1,AudioLDM 2 Music
aime_audioldm2_music_02275,1,AudioLDM 2 Music
aime_audioldm2_music_02276,1,AudioLDM 2 Music
aime_audioldm2_music_02277,1,AudioLDM 2 Music
aime_audioldm2_music_02278,1,AudioLDM 2 Music
aime_audioldm2_music_02279,1,AudioLDM 2 Music
aime_audioldm2_music_02280,1,AudioLDM 2 Music
aime_audioldm2_music_02281,1,AudioLDM 2 Music
aime_audioldm2_music_02282,1,AudioLDM 2 Music
aime_audioldm2_music_02283,1,AudioLDM 2 Music
aime_audioldm2_music_02284,1,AudioLDM 2 Music
aime_audioldm2_music_02285,1,AudioLDM 2 Music
aime_audioldm2_music_02286,1,AudioLDM 2 Music
aime_audioldm2_music_02287,1,AudioLDM 2 Music
aime_audioldm2_music_02288,1,AudioLDM 2 Music
aime_audioldm2_music_02289,1,AudioLDM 2 Music
aime_audioldm2_music_02290,1,AudioLDM 2 Music
aime_audioldm2_music_02291,1,AudioLDM 2 Music
aime_audioldm2_music_02292,1,AudioLDM 2 Music
aime_audioldm2_music_02293,1,AudioLDM 2 Music
aime_audioldm2_music_02294,1,AudioLDM 2 Music
aime_audioldm2_music_02295,1,AudioLDM 2 Music
aime_audioldm2_music_02296,1,AudioLDM 2 Music
aime_audioldm2_music_02297,1,AudioLDM 2 Music
aime_audioldm2_music_02298,1,AudioLDM 2 Music
aime_audioldm2_music_02299,1,AudioLDM 2 Music
aime_audioldm2_music_02300,1,AudioLDM 2 Music
aime_audioldm2_music_02301,1,AudioLDM 2 Music
aime_audioldm2_music_02302,1,AudioLDM 2 Music
aime_audioldm2_music_02303,1,AudioLDM 2 Music
aime_audioldm2_music_02304,1,AudioLDM 2 Music
aime_audioldm2_music_02305,1,AudioLDM 2 Music
aime_audioldm2_music_02306,1,AudioLDM 2 Music
aime_audioldm2_music_02307,1,AudioLDM 2 Music
aime_audioldm2_music_02308,1,AudioLDM 2 Music
aime_audioldm2_music_02309,1,AudioLDM 2 Music
aime_audioldm2_music_02310,1,AudioLDM 2 Music
aime_audioldm2_music_02311,1,AudioLDM 2 Music
aime_audioldm2_music_02312,1,AudioLDM 2 Music
aime_audioldm2_music_02313,1,AudioLDM 2 Music
aime_audioldm2_music_02314,1,AudioLDM 2 Music
aime_audioldm2_music_02315,1,AudioLDM 2 Music
aime_audioldm2_music_02316,1,AudioLDM 2 Music
aime_audioldm2_music_02317,1,AudioLDM 2 Music
aime_audioldm2_music_02318,1,AudioLDM 2 Music
aime_audioldm2_music_02319,1,AudioLDM 2 Music
aime_audioldm2_music_02320,1,AudioLDM 2 Music
aime_audioldm2_music_02321,1,AudioLDM 2 Music
aime_audioldm2_music_02322,1,AudioLDM 2 Music
aime_audioldm2_music_02323,1,AudioLDM 2 Music
aime_audioldm2_music_02324,1,AudioLDM 2 Music
aime_audioldm2_music_02325,1,AudioLDM 2 Music
aime_audioldm2_music_02326,1,AudioLDM 2 Music
aime_audioldm2_music_02327,1,AudioLDM 2 Music
aime_audioldm2_music_02328,1,AudioLDM 2 Music
aime_audioldm2_music_02329,1,AudioLDM 2 Music
aime_audioldm2_music_02330,1,AudioLDM 2 Music
aime_audioldm2_music_02331,1,AudioLDM 2 Music
aime_audioldm2_music_02332,1,AudioLDM 2 Music
aime_audioldm2_music_02333,1,AudioLDM 2 Music
aime_audioldm2_music_02334,1,AudioLDM 2 Music
aime_audioldm2_music_02335,1,AudioLDM 2 Music
aime_audioldm2_music_02336,1,AudioLDM 2 Music
aime_audioldm2_music_02337,1,AudioLDM 2 Music
aime_audioldm2_music_02338,1,AudioLDM 2 Music
aime_audioldm2_music_02339,1,AudioLDM 2 Music
aime_audioldm2_music_02340,1,AudioLDM 2 Music
aime_audioldm2_music_02341,1,AudioLDM 2 Music
aime_audioldm2_music_02342,1,AudioLDM 2 Music
aime_audioldm2_music_02343,1,AudioLDM 2 Music
aime_audioldm2_music_02344,1,AudioLDM 2 Music
aime_audioldm2_music_02345,1,AudioLDM 2 Music
aime_audioldm2_music_02346,1,AudioLDM 2 Music
aime_audioldm2_music_02347,1,AudioLDM 2 Music
aime_audioldm2_music_02348,1,AudioLDM 2 Music
aime_audioldm2_music_02349,1,AudioLDM 2 Music
aime_audioldm2_music_02350,1,AudioLDM 2 Music
aime_audioldm2_music_02351,1,AudioLDM 2 Music
aime_audioldm2_music_02352,1,AudioLDM 2 Music
aime_audioldm2_music_02353,1,AudioLDM 2 Music
aime_audioldm2_music_02354,1,AudioLDM 2 Music
aime_audioldm2_music_02355,1,AudioLDM 2 Music
aime_audioldm2_music_02356,1,AudioLDM 2 Music
aime_audioldm2_music_02357,1,AudioLDM 2 Music
aime_audioldm2_music_02358,1,AudioLDM 2 Music
aime_audioldm2_music_02359,1,AudioLDM 2 Music
aime_audioldm2_music_02360,1,AudioLDM 2 Music
aime_audioldm2_music_02361,1,AudioLDM 2 Music
aime_audioldm2_music_02362,1,AudioLDM 2 Music
aime_audioldm2_music_02363,1,AudioLDM 2 Music
aime_audioldm2_music_02364,1,AudioLDM 2 Music
aime_audioldm2_music_02365,1,AudioLDM 2 Music
aime_audioldm2_music_02366,1,AudioLDM 2 Music
aime_audioldm2_music_02367,1,AudioLDM 2 Music
aime_audioldm2_music_02368,1,AudioLDM 2 Music
aime_audioldm2_music_02369,1,AudioLDM 2 Music
aime_audioldm2_music_02370,1,AudioLDM 2 Music
aime_audioldm2_music_02371,1,AudioLDM 2 Music
aime_audioldm2_music_02372,1,AudioLDM 2 Music
aime_audioldm2_music_02373,1,AudioLDM 2 Music
aime_audioldm2_music_02374,1,AudioLDM 2 Music
aime_audioldm2_music_02375,1,AudioLDM 2 Music
aime_audioldm2_music_02376,1,AudioLDM 2 Music
aime_audioldm2_music_02377,1,AudioLDM 2 Music
aime_audioldm2_music_02378,1,AudioLDM 2 Music
aime_audioldm2_music_02379,1,AudioLDM 2 Music
aime_audioldm2_music_02380,1,AudioLDM 2 Music
aime_audioldm2_music_02381,1,AudioLDM 2 Music
aime_audioldm2_music_02382,1,AudioLDM 2 Music
aime_audioldm2_music_02383,1,AudioLDM 2 Music
aime_audioldm2_music_02384,1,AudioLDM 2 Music
aime_audioldm2_music_02385,1,AudioLDM 2 Music
aime_audioldm2_music_02386,1,AudioLDM 2 Music
aime_audioldm2_music_02387,1,AudioLDM 2 Music
aime_audioldm2_music_02388,1,AudioLDM 2 Music
aime_audioldm2_music_02389,1,AudioLDM 2 Music
aime_audioldm2_music_02390,1,AudioLDM 2 Music
aime_audioldm2_music_02391,1,AudioLDM 2 Music
aime_audioldm2_music_02392,1,AudioLDM 2 Music
aime_audioldm2_music_02393,1,AudioLDM 2 Music
aime_audioldm2_music_02394,1,AudioLDM 2 Music
aime_audioldm2_music_02395,1,AudioLDM 2 Music
aime_audioldm2_music_02396,1,AudioLDM 2 Music
aime_audioldm2_music_02397,1,AudioLDM 2 Music
aime_audioldm2_music_02398,1,AudioLDM 2 Music
aime_audioldm2_music_02399,1,AudioLDM 2 Music
aime_audioldm2_music_02400,1,AudioLDM 2 Music
aime_audioldm2_music_02401,1,AudioLDM 2 Music
aime_audioldm2_music_02402,1,AudioLDM 2 Music
aime_audioldm2_music_02403,1,AudioLDM 2 Music
aime_audioldm2_music_02404,1,AudioLDM 2 Music
aime_audioldm2_music_02405,1,AudioLDM 2 Music
aime_audioldm2_music_02406,1,AudioLDM 2 Music
aime_audioldm2_music_02407,1,AudioLDM 2 Music
aime_audioldm2_music_02408,1,AudioLDM 2 Music
aime_audioldm2_music_02409,1,AudioLDM 2 Music
aime_audioldm2_music_02410,1,AudioLDM 2 Music
aime_audioldm2_music_02411,1,AudioLDM 2 Music
aime_audioldm2_music_02412,1,AudioLDM 2 Music
aime_audioldm2_music_02413,1,AudioLDM 2 Music
aime_audioldm2_music_02414,1,AudioLDM 2 Music
aime_audioldm2_music_02415,1,AudioLDM 2 Music
aime_audioldm2_music_02416,1,AudioLDM 2 Music
aime_audioldm2_music_02417,1,AudioLDM 2 Music
aime_audioldm2_music_02418,1,AudioLDM 2 Music
aime_audioldm2_music_02419,1,AudioLDM 2 Music
aime_audioldm2_music_02420,1,AudioLDM 2 Music
aime_audioldm2_music_02421,1,AudioLDM 2 Music
aime_audioldm2_music_02422,1,AudioLDM 2 Music
aime_audioldm2_music_02423,1,AudioLDM 2 Music
aime_audioldm2_music_02424,1,AudioLDM 2 Music
aime_audioldm2_music_02425,1,AudioLDM 2 Music
aime_audioldm2_music_02426,1,AudioLDM 2 Music
aime_audioldm2_music_02427,1,AudioLDM 2 Music
aime_audioldm2_music_02428,1,AudioLDM 2 Music
aime_audioldm2_music_02429,1,AudioLDM 2 Music
aime_audioldm2_music_02430,1,AudioLDM 2 Music
aime_audioldm2_music_02431,1,AudioLDM 2 Music
aime_audioldm2_music_02432,1,AudioLDM 2 Music
aime_audioldm2_music_02433,1,AudioLDM 2 Music
aime_audioldm2_music_02434,1,AudioLDM 2 Music
aime_audioldm2_music_02435,1,AudioLDM 2 Music
aime_audioldm2_music_02436,1,AudioLDM 2 Music
aime_audioldm2_music_02437,1,AudioLDM 2 Music
aime_audioldm2_music_02438,1,AudioLDM 2 Music
aime_audioldm2_music_02439,1,AudioLDM 2 Music
aime_audioldm2_music_02440,1,AudioLDM 2 Music
aime_audioldm2_music_02441,1,AudioLDM 2 Music
aime_audioldm2_music_02442,1,AudioLDM 2 Music
aime_audioldm2_music_02443,1,AudioLDM 2 Music
aime_audioldm2_music_02444,1,AudioLDM 2 Music
aime_audioldm2_music_02445,1,AudioLDM 2 Music
aime_audioldm2_music_02446,1,AudioLDM 2 Music
aime_audioldm2_music_02447,1,AudioLDM 2 Music
aime_audioldm2_music_02448,1,AudioLDM 2 Music
aime_audioldm2_music_02449,1,AudioLDM 2 Music
aime_audioldm2_music_02450,1,AudioLDM 2 Music
aime_audioldm2_music_02451,1,AudioLDM 2 Music
aime_audioldm2_music_02452,1,AudioLDM 2 Music
aime_audioldm2_music_02453,1,AudioLDM 2 Music
aime_audioldm2_music_02454,1,AudioLDM 2 Music
aime_audioldm2_music_02455,1,AudioLDM 2 Music
aime_audioldm2_music_02456,1,AudioLDM 2 Music
aime_audioldm2_music_02457,1,AudioLDM 2 Music
aime_audioldm2_music_02458,1,AudioLDM 2 Music
aime_audioldm2_music_02459,1,AudioLDM 2 Music
aime_audioldm2_music_02460,1,AudioLDM 2 Music
aime_audioldm2_music_02461,1,AudioLDM 2 Music
aime_audioldm2_music_02462,1,AudioLDM 2 Music
aime_audioldm2_music_02463,1,AudioLDM 2 Music
aime_audioldm2_music_02464,1,AudioLDM 2 Music
aime_audioldm2_music_02465,1,AudioLDM 2 Music
aime_audioldm2_music_02466,1,AudioLDM 2 Music
aime_audioldm2_music_02467,1,AudioLDM 2 Music
aime_audioldm2_music_02468,1,AudioLDM 2 Music
aime_audioldm2_music_02469,1,AudioLDM 2 Music
aime_audioldm2_music_02470,1,AudioLDM 2 Music
aime_audioldm2_music_02471,1,AudioLDM 2 Music
aime_audioldm2_music_02472,1,AudioLDM 2 Music
aime_audioldm2_music_02473,1,AudioLDM 2 Music
aime_audioldm2_music_02474,1,AudioLDM 2 Music
aime_audioldm2_music_02475,1,AudioLDM 2 Music
aime_audioldm2_music_02476,1,AudioLDM 2 Music
aime_audioldm2_music_02477,1,AudioLDM 2 Music
aime_audioldm2_music_02478,1,AudioLDM 2 Music
aime_audioldm2_music_02479,1,AudioLDM 2 Music
aime_audioldm2_music_02480,1,AudioLDM 2 Music
aime_audioldm2_music_02481,1,AudioLDM 2 Music
aime_audioldm2_music_02482,1,AudioLDM 2 Music
aime_audioldm2_music_02483,1,AudioLDM 2 Music
aime_audioldm2_music_02484,1,AudioLDM 2 Music
aime_audioldm2_music_02485,1,AudioLDM 2 Music
aime_audioldm2_music_02486,1,AudioLDM 2 Music
aime_audioldm2_music_02487,1,AudioLDM 2 Music
aime_audioldm2_music_02488,1,AudioLDM 2 Music
aime_audioldm2_music_02489,1,AudioLDM 2 Music
aime_audioldm2_music_02490,1,AudioLDM 2 Music
aime_audioldm2_music_02491,1,AudioLDM 2 Music
aime_audioldm2_music_02492,1,AudioLDM 2 Music
aime_audioldm2_music_02493,1,AudioLDM 2 Music
aime_audioldm2_music_02494,1,AudioLDM 2 Music
aime_audioldm2_music_02495,1,AudioLDM 2 Music
aime_audioldm2_music_02496,1,AudioLDM 2 Music
aime_audioldm2_music_02497,1,AudioLDM 2 Music
aime_audioldm2_music_02498,1,AudioLDM 2 Music
aime_audioldm2_music_02499,1,AudioLDM 2 Music
aime_audioldm2_music_02500,1,AudioLDM 2 Music
aime_mtg_jamendo_06001,0,MTG-Jamendo
aime_mtg_jamendo_06002,0,MTG-Jamendo
aime_mtg_jamendo_06003,0,MTG-Jamendo
aime_mtg_jamendo_06004,0,MTG-Jamendo
aime_mtg_jamendo_06005,0,MTG-Jamendo
aime_mtg_jamendo_06006,0,MTG-Jamendo
aime_mtg_jamendo_06007,0,MTG-Jamendo
aime_mtg_jamendo_06008,0,MTG-Jamendo
aime_mtg_jamendo_06009,0,MTG-Jamendo
aime_mtg_jamendo_06010,0,MTG-Jamendo
aime_mtg_jamendo_06011,0,MTG-Jamendo
aime_mtg_jamendo_06012,0,MTG-Jamendo
aime_mtg_jamendo_06013,0,MTG-Jamendo
aime_mtg_jamendo_06014,0,MTG-Jamendo
aime_mtg_jamendo_06015,0,MTG-Jamendo
aime_mtg_jamendo_06016,0,MTG-Jamendo
aime_mtg_jamendo_06017,0,MTG-Jamendo
aime_mtg_jamendo_06018,0,MTG-Jamendo
aime_mtg_jamendo_06019,0,MTG-Jamendo
aime_mtg_jamendo_06020,0,MTG-Jamendo
aime_mtg_jamendo_06021,0,MTG-Jamendo
aime_mtg_jamendo_06022,0,MTG-Jamendo
aime_mtg_jamendo_06023,0,MTG-Jamendo
aime_mtg_jamendo_06024,0,MTG-Jamendo
aime_mtg_jamendo_06025,0,MTG-Jamendo
aime_mtg_jamendo_06026,0,MTG-Jamendo
aime_mtg_jamendo_06027,0,MTG-Jamendo
aime_mtg_jamendo_06028,0,MTG-Jamendo
aime_mtg_jamendo_06029,0,MTG-Jamendo
aime_mtg_jamendo_06030,0,MTG-Jamendo
aime_mtg_jamendo_06031,0,MTG-Jamendo
aime_mtg_jamendo_06032,0,MTG-Jamendo
aime_mtg_jamendo_06033,0,MTG-Jamendo
aime_mtg_jamendo_06034,0,MTG-Jamendo
aime_mtg_jamendo_06035,0,MTG-Jamendo
aime_mtg_jamendo_06036,0,MTG-Jamendo
aime_mtg_jamendo_06037,0,MTG-Jamendo
aime_mtg_jamendo_06038,0,MTG-Jamendo
aime_mtg_jamendo_06039,0,MTG-Jamendo
aime_mtg_jamendo_06040,0,MTG-Jamendo
aime_mtg_jamendo_06041,0,MTG-Jamendo
aime_mtg_jamendo_06042,0,MTG-Jamendo
aime_mtg_jamendo_06043,0,MTG-Jamendo
aime_mtg_jamendo_06044,0,MTG-Jamendo
aime_mtg_jamendo_06045,0,MTG-Jamendo
aime_mtg_jamendo_06046,0,MTG-Jamendo
aime_mtg_jamendo_06047,0,MTG-Jamendo
aime_mtg_jamendo_06048,0,MTG-Jamendo
aime_mtg_jamendo_06049,0,MTG-Jamendo
aime_mtg_jamendo_06050,0,MTG-Jamendo
aime_mtg_jamendo_06051,0,MTG-Jamendo
aime_mtg_jamendo_06052,0,MTG-Jamendo
aime_mtg_jamendo_06053,0,MTG-Jamendo
aime_mtg_jamendo_06054,0,MTG-Jamendo
aime_mtg_jamendo_06055,0,MTG-Jamendo
aime_mtg_jamendo_06056,0,MTG-Jamendo
aime_mtg_jamendo_06057,0,MTG-Jamendo
aime_mtg_jamendo_06058,0,MTG-Jamendo
aime_mtg_jamendo_06059,0,MTG-Jamendo
aime_mtg_jamendo_06060,0,MTG-Jamendo
aime_mtg_jamendo_06061,0,MTG-Jamendo
aime_mtg_jamendo_06062,0,MTG-Jamendo
aime_mtg_jamendo_06063,0,MTG-Jamendo
aime_mtg_jamendo_06064,0,MTG-Jamendo
aime_mtg_jamendo_06065,0,MTG-Jamendo
aime_mtg_jamendo_06066,0,MTG-Jamendo
aime_mtg_jamendo_06067,0,MTG-Jamendo
aime_mtg_jamendo_06068,0,MTG-Jamendo
aime_mtg_jamendo_06069,0,MTG-Jamendo
aime_mtg_jamendo_06070,0,MTG-Jamendo
aime_mtg_jamendo_06071,0,MTG-Jamendo
aime_mtg_jamendo_06072,0,MTG-Jamendo
aime_mtg_jamendo_06073,0,MTG-Jamendo
aime_mtg_jamendo_06074,0,MTG-Jamendo
aime_mtg_jamendo_06075,0,MTG-Jamendo
aime_mtg_jamendo_06076,0,MTG-Jamendo
aime_mtg_jamendo_06077,0,MTG-Jamendo
aime_mtg_jamendo_06078,0,MTG-Jamendo
aime_mtg_jamendo_06079,0,MTG-Jamendo
aime_mtg_jamendo_06080,0,MTG-Jamendo
aime_mtg_jamendo_06081,0,MTG-Jamendo
aime_mtg_jamendo_06082,0,MTG-Jamendo
aime_mtg_jamendo_06083,0,MTG-Jamendo
aime_mtg_jamendo_06084,0,MTG-Jamendo
aime_mtg_jamendo_06085,0,MTG-Jamendo
aime_mtg_jamendo_06086,0,MTG-Jamendo
aime_mtg_jamendo_06087,0,MTG-Jamendo
aime_mtg_jamendo_06088,0,MTG-Jamendo
aime_mtg_jamendo_06089,0,MTG-Jamendo
aime_mtg_jamendo_06090,0,MTG-Jamendo
aime_mtg_jamendo_06091,0,MTG-Jamendo
aime_mtg_jamendo_06092,0,MTG-Jamendo
aime_mtg_jamendo_06093,0,MTG-Jamendo
aime_mtg_jamendo_06094,0,MTG-Jamendo
aime_mtg_jamendo_06095,0,MTG-Jamendo
aime_mtg_jamendo_06096,0,MTG-Jamendo
aime_mtg_jamendo_06097,0,MTG-Jamendo
aime_mtg_jamendo_06098,0,MTG-Jamendo
aime_mtg_jamendo_06099,0,MTG-Jamendo
aime_mtg_jamendo_06100,0,MTG-Jamendo
aime_mtg_jamendo_06101,0,MTG-Jamendo
aime_mtg_jamendo_06102,0,MTG-Jamendo
aime_mtg_jamendo_06103,0,MTG-Jamendo
aime_mtg_jamendo_06104,0,MTG-Jamendo
aime_mtg_jamendo_06105,0,MTG-Jamendo
aime_mtg_jamendo_06106,0,MTG-Jamendo
aime_mtg_jamendo_06107,0,MTG-Jamendo
aime_mtg_jamendo_06108,0,MTG-Jamendo
aime_mtg_jamendo_06109,0,MTG-Jamendo
aime_mtg_jamendo_06110,0,MTG-Jamendo
aime_mtg_jamendo_06111,0,MTG-Jamendo
aime_mtg_jamendo_06112,0,MTG-Jamendo
aime_mtg_jamendo_06113,0,MTG-Jamendo
aime_mtg_jamendo_06114,0,MTG-Jamendo
aime_mtg_jamendo_06115,0,MTG-Jamendo
aime_mtg_jamendo_06116,0,MTG-Jamendo
aime_mtg_jamendo_06117,0,MTG-Jamendo
aime_mtg_jamendo_06118,0,MTG-Jamendo
aime_mtg_jamendo_06119,0,MTG-Jamendo
aime_mtg_jamendo_06120,0,MTG-Jamendo
aime_mtg_jamendo_06121,0,MTG-Jamendo
aime_mtg_jamendo_06122,0,MTG-Jamendo
aime_mtg_jamendo_06123,0,MTG-Jamendo
aime_mtg_jamendo_06124,0,MTG-Jamendo
aime_mtg_jamendo_06125,0,MTG-Jamendo
aime_mtg_jamendo_06126,0,MTG-Jamendo
aime_mtg_jamendo_06127,0,MTG-Jamendo
aime_mtg_jamendo_06128,0,MTG-Jamendo
aime_mtg_jamendo_06129,0,MTG-Jamendo
aime_mtg_jamendo_06130,0,MTG-Jamendo
aime_mtg_jamendo_06131,0,MTG-Jamendo
aime_mtg_jamendo_06132,0,MTG-Jamendo
aime_mtg_jamendo_06133,0,MTG-Jamendo
aime_mtg_jamendo_06134,0,MTG-Jamendo
aime_mtg_jamendo_06135,0,MTG-Jamendo
aime_mtg_jamendo_06136,0,MTG-Jamendo
aime_mtg_jamendo_06137,0,MTG-Jamendo
aime_mtg_jamendo_06138,0,MTG-Jamendo
aime_mtg_jamendo_06139,0,MTG-Jamendo
aime_mtg_jamendo_06140,0,MTG-Jamendo
aime_mtg_jamendo_06141,0,MTG-Jamendo
aime_mtg_jamendo_06142,0,MTG-Jamendo
aime_mtg_jamendo_06143,0,MTG-Jamendo
aime_mtg_jamendo_06144,0,MTG-Jamendo
aime_mtg_jamendo_06145,0,MTG-Jamendo
aime_mtg_jamendo_06146,0,MTG-Jamendo
aime_mtg_jamendo_06147,0,MTG-Jamendo
aime_mtg_jamendo_06148,0,MTG-Jamendo
aime_mtg_jamendo_06149,0,MTG-Jamendo
aime_mtg_jamendo_06150,0,MTG-Jamendo
aime_mtg_jamendo_06151,0,MTG-Jamendo
aime_mtg_jamendo_06152,0,MTG-Jamendo
aime_mtg_jamendo_06153,0,MTG-Jamendo
aime_mtg_jamendo_06154,0,MTG-Jamendo
aime_mtg_jamendo_06155,0,MTG-Jamendo
aime_mtg_jamendo_06156,0,MTG-Jamendo
aime_mtg_jamendo_06157,0,MTG-Jamendo
aime_mtg_jamendo_06158,0,MTG-Jamendo
aime_mtg_jamendo_06159,0,MTG-Jamendo
aime_mtg_jamendo_06160,0,MTG-Jamendo
aime_mtg_jamendo_06161,0,MTG-Jamendo
aime_mtg_jamendo_06162,0,MTG-Jamendo
aime_mtg_jamendo_06163,0,MTG-Jamendo
aime_mtg_jamendo_06164,0,MTG-Jamendo
aime_mtg_jamendo_06165,0,MTG-Jamendo
aime_mtg_jamendo_06166,0,MTG-Jamendo
aime_mtg_jamendo_06167,0,MTG-Jamendo
aime_mtg_jamendo_06168,0,MTG-Jamendo
aime_mtg_jamendo_06169,0,MTG-Jamendo
aime_mtg_jamendo_06170,0,MTG-Jamendo
aime_mtg_jamendo_06171,0,MTG-Jamendo
aime_mtg_jamendo_06172,0,MTG-Jamendo
aime_mtg_jamendo_06173,0,MTG-Jamendo
aime_mtg_jamendo_06174,0,MTG-Jamendo
aime_mtg_jamendo_06175,0,MTG-Jamendo
aime_mtg_jamendo_06176,0,MTG-Jamendo
aime_mtg_jamendo_06177,0,MTG-Jamendo
aime_mtg_jamendo_06178,0,MTG-Jamendo
aime_mtg_jamendo_06179,0,MTG-Jamendo
aime_mtg_jamendo_06180,0,MTG-Jamendo
aime_mtg_jamendo_06181,0,MTG-Jamendo
aime_mtg_jamendo_06182,0,MTG-Jamendo
aime_mtg_jamendo_06183,0,MTG-Jamendo
aime_mtg_jamendo_06184,0,MTG-Jamendo
aime_mtg_jamendo_06185,0,MTG-Jamendo
aime_mtg_jamendo_06186,0,MTG-Jamendo
aime_mtg_jamendo_06187,0,MTG-Jamendo
aime_mtg_jamendo_06188,0,MTG-Jamendo
aime_mtg_jamendo_06189,0,MTG-Jamendo
aime_mtg_jamendo_06190,0,MTG-Jamendo
aime_mtg_jamendo_06191,0,MTG-Jamendo
aime_mtg_jamendo_06192,0,MTG-Jamendo
aime_mtg_jamendo_06193,0,MTG-Jamendo
aime_mtg_jamendo_06194,0,MTG-Jamendo
aime_mtg_jamendo_06195,0,MTG-Jamendo
aime_mtg_jamendo_06196,0,MTG-Jamendo
aime_mtg_jamendo_06197,0,MTG-Jamendo
aime_mtg_jamendo_06198,0,MTG-Jamendo
aime_mtg_jamendo_06199,0,MTG-Jamendo
aime_mtg_jamendo_06200,0,MTG-Jamendo
aime_mtg_jamendo_06201,0,MTG-Jamendo
aime_mtg_jamendo_06202,0,MTG-Jamendo
aime_mtg_jamendo_06203,0,MTG-Jamendo
aime_mtg_jamendo_06204,0,MTG-Jamendo
aime_mtg_jamendo_06205,0,MTG-Jamendo
aime_mtg_jamendo_06206,0,MTG-Jamendo
aime_mtg_jamendo_06207,0,MTG-Jamendo
aime_mtg_jamendo_06208,0,MTG-Jamendo
aime_mtg_jamendo_06209,0,MTG-Jamendo
aime_mtg_jamendo_06210,0,MTG-Jamendo
aime_mtg_jamendo_06211,0,MTG-Jamendo
aime_mtg_jamendo_06212,0,MTG-Jamendo
aime_mtg_jamendo_06213,0,MTG-Jamendo
aime_mtg_jamendo_06214,0,MTG-Jamendo
aime_mtg_jamendo_06215,0,MTG-Jamendo
aime_mtg_jamendo_06216,0,MTG-Jamendo
aime_mtg_jamendo_06217,0,MTG-Jamendo
aime_mtg_jamendo_06218,0,MTG-Jamendo
aime_mtg_jamendo_06219,0,MTG-Jamendo
aime_mtg_jamendo_06220,0,MTG-Jamendo
aime_mtg_jamendo_06221,0,MTG-Jamendo
aime_mtg_jamendo_06222,0,MTG-Jamendo
aime_mtg_jamendo_06223,0,MTG-Jamendo
aime_mtg_jamendo_06224,0,MTG-Jamendo
aime_mtg_jamendo_06225,0,MTG-Jamendo
aime_mtg_jamendo_06226,0,MTG-Jamendo
aime_mtg_jamendo_06227,0,MTG-Jamendo
aime_mtg_jamendo_06228,0,MTG-Jamendo
aime_mtg_jamendo_06229,0,MTG-Jamendo
aime_mtg_jamendo_06230,0,MTG-Jamendo
aime_mtg_jamendo_06231,0,MTG-Jamendo
aime_mtg_jamendo_06232,0,MTG-Jamendo
aime_mtg_jamendo_06233,0,MTG-Jamendo
aime_mtg_jamendo_06234,0,MTG-Jamendo
aime_mtg_jamendo_06235,0,MTG-Jamendo
aime_mtg_jamendo_06236,0,MTG-Jamendo
aime_mtg_jamendo_06237,0,MTG-Jamendo
aime_mtg_jamendo_06238,0,MTG-Jamendo
aime_mtg_jamendo_06239,0,MTG-Jamendo
aime_mtg_jamendo_06240,0,MTG-Jamendo
aime_mtg_jamendo_06241,0,MTG-Jamendo
aime_mtg_jamendo_06242,0,MTG-Jamendo
aime_mtg_jamendo_06243,0,MTG-Jamendo
aime_mtg_jamendo_06244,0,MTG-Jamendo
aime_mtg_jamendo_06245,0,MTG-Jamendo
aime_mtg_jamendo_06246,0,MTG-Jamendo
aime_mtg_jamendo_06247,0,MTG-Jamendo
aime_mtg_jamendo_06248,0,MTG-Jamendo
aime_mtg_jamendo_06249,0,MTG-Jamendo
aime_mtg_jamendo_06250,0,MTG-Jamendo
aime_mtg_jamendo_06251,0,MTG-Jamendo
aime_mtg_jamendo_06252,0,MTG-Jamendo
aime_mtg_jamendo_06253,0,MTG-Jamendo
aime_mtg_jamendo_06254,0,MTG-Jamendo
aime_mtg_jamendo_06255,0,MTG-Jamendo
aime_mtg_jamendo_06256,0,MTG-Jamendo
aime_mtg_jamendo_06257,0,MTG-Jamendo
aime_mtg_jamendo_06258,0,MTG-Jamendo
aime_mtg_jamendo_06259,0,MTG-Jamendo
aime_mtg_jamendo_06260,0,MTG-Jamendo
aime_mtg_jamendo_06261,0,MTG-Jamendo
aime_mtg_jamendo_06262,0,MTG-Jamendo
aime_mtg_jamendo_06263,0,MTG-Jamendo
aime_mtg_jamendo_06264,0,MTG-Jamendo
aime_mtg_jamendo_06265,0,MTG-Jamendo
aime_mtg_jamendo_06266,0,MTG-Jamendo
aime_mtg_jamendo_06267,0,MTG-Jamendo
aime_mtg_jamendo_06268,0,MTG-Jamendo
aime_mtg_jamendo_06269,0,MTG-Jamendo
aime_mtg_jamendo_06270,0,MTG-Jamendo
aime_mtg_jamendo_06271,0,MTG-Jamendo
aime_mtg_jamendo_06272,0,MTG-Jamendo
aime_mtg_jamendo_06273,0,MTG-Jamendo
aime_mtg_jamendo_06274,0,MTG-Jamendo
aime_mtg_jamendo_06275,0,MTG-Jamendo
aime_mtg_jamendo_06276,0,MTG-Jamendo
aime_mtg_jamendo_06277,0,MTG-Jamendo
aime_mtg_jamendo_06278,0,MTG-Jamendo
aime_mtg_jamendo_06279,0,MTG-Jamendo
aime_mtg_jamendo_06280,0,MTG-Jamendo
aime_mtg_jamendo_06281,0,MTG-Jamendo
aime_mtg_jamendo_06282,0,MTG-Jamendo
aime_mtg_jamendo_06283,0,MTG-Jamendo
aime_mtg_jamendo_06284,0,MTG-Jamendo
aime_mtg_jamendo_06285,0,MTG-Jamendo
aime_mtg_jamendo_06286,0,MTG-Jamendo
aime_mtg_jamendo_06287,0,MTG-Jamendo
aime_mtg_jamendo_06288,0,MTG-Jamendo
aime_mtg_jamendo_06289,0,MTG-Jamendo
aime_mtg_jamendo_06290,0,MTG-Jamendo
aime_mtg_jamendo_06291,0,MTG-Jamendo
aime_mtg_jamendo_06292,0,MTG-Jamendo
aime_mtg_jamendo_06293,0,MTG-Jamendo
aime_mtg_jamendo_06294,0,MTG-Jamendo
aime_mtg_jamendo_06295,0,MTG-Jamendo
aime_mtg_jamendo_06296,0,MTG-Jamendo
aime_mtg_jamendo_06297,0,MTG-Jamendo
aime_mtg_jamendo_06298,0,MTG-Jamendo
aime_mtg_jamendo_06299,0,MTG-Jamendo
aime_mtg_jamendo_06300,0,MTG-Jamendo
aime_mtg_jamendo_06301,0,MTG-Jamendo
aime_mtg_jamendo_06302,0,MTG-Jamendo
aime_mtg_jamendo_06303,0,MTG-Jamendo
aime_mtg_jamendo_06304,0,MTG-Jamendo
aime_mtg_jamendo_06305,0,MTG-Jamendo
aime_mtg_jamendo_06306,0,MTG-Jamendo
aime_mtg_jamendo_06307,0,MTG-Jamendo
aime_mtg_jamendo_06308,0,MTG-Jamendo
aime_mtg_jamendo_06309,0,MTG-Jamendo
aime_mtg_jamendo_06310,0,MTG-Jamendo
aime_mtg_jamendo_06311,0,MTG-Jamendo
aime_mtg_jamendo_06312,0,MTG-Jamendo
aime_mtg_jamendo_06313,0,MTG-Jamendo
aime_mtg_jamendo_06314,0,MTG-Jamendo
aime_mtg_jamendo_06315,0,MTG-Jamendo
aime_mtg_jamendo_06316,0,MTG-Jamendo
aime_mtg_jamendo_06317,0,MTG-Jamendo
aime_mtg_jamendo_06318,0,MTG-Jamendo
aime_mtg_jamendo_06319,0,MTG-Jamendo
aime_mtg_jamendo_06320,0,MTG-Jamendo
aime_mtg_jamendo_06321,0,MTG-Jamendo
aime_mtg_jamendo_06322,0,MTG-Jamendo
aime_mtg_jamendo_06323,0,MTG-Jamendo
aime_mtg_jamendo_06324,0,MTG-Jamendo
aime_mtg_jamendo_06325,0,MTG-Jamendo
aime_mtg_jamendo_06326,0,MTG-Jamendo
aime_mtg_jamendo_06327,0,MTG-Jamendo
aime_mtg_jamendo_06328,0,MTG-Jamendo
aime_mtg_jamendo_06329,0,MTG-Jamendo
aime_mtg_jamendo_06330,0,MTG-Jamendo
aime_mtg_jamendo_06331,0,MTG-Jamendo
aime_mtg_jamendo_06332,0,MTG-Jamendo
aime_mtg_jamendo_06333,0,MTG-Jamendo
aime_mtg_jamendo_06334,0,MTG-Jamendo
aime_mtg_jamendo_06335,0,MTG-Jamendo
aime_mtg_jamendo_06336,0,MTG-Jamendo
aime_mtg_jamendo_06337,0,MTG-Jamendo
aime_mtg_jamendo_06338,0,MTG-Jamendo
aime_mtg_jamendo_06339,0,MTG-Jamendo
aime_mtg_jamendo_06340,0,MTG-Jamendo
aime_mtg_jamendo_06341,0,MTG-Jamendo
aime_mtg_jamendo_06342,0,MTG-Jamendo
aime_mtg_jamendo_06343,0,MTG-Jamendo
aime_mtg_jamendo_06344,0,MTG-Jamendo
aime_mtg_jamendo_06345,0,MTG-Jamendo
aime_mtg_jamendo_06346,0,MTG-Jamendo
aime_mtg_jamendo_06347,0,MTG-Jamendo
aime_mtg_jamendo_06348,0,MTG-Jamendo
aime_mtg_jamendo_06349,0,MTG-Jamendo
aime_mtg_jamendo_06350,0,MTG-Jamendo
aime_mtg_jamendo_06351,0,MTG-Jamendo
aime_mtg_jamendo_06352,0,MTG-Jamendo
aime_mtg_jamendo_06353,0,MTG-Jamendo
aime_mtg_jamendo_06354,0,MTG-Jamendo
aime_mtg_jamendo_06355,0,MTG-Jamendo
aime_mtg_jamendo_06356,0,MTG-Jamendo
aime_mtg_jamendo_06357,0,MTG-Jamendo
aime_mtg_jamendo_06358,0,MTG-Jamendo
aime_mtg_jamendo_06359,0,MTG-Jamendo
aime_mtg_jamendo_06360,0,MTG-Jamendo
aime_mtg_jamendo_06361,0,MTG-Jamendo
aime_mtg_jamendo_06362,0,MTG-Jamendo
aime_mtg_jamendo_06363,0,MTG-Jamendo
aime_mtg_jamendo_06364,0,MTG-Jamendo
aime_mtg_jamendo_06365,0,MTG-Jamendo
aime_mtg_jamendo_06366,0,MTG-Jamendo
aime_mtg_jamendo_06367,0,MTG-Jamendo
aime_mtg_jamendo_06368,0,MTG-Jamendo
aime_mtg_jamendo_06369,0,MTG-Jamendo
aime_mtg_jamendo_06370,0,MTG-Jamendo
aime_mtg_jamendo_06371,0,MTG-Jamendo
aime_mtg_jamendo_06372,0,MTG-Jamendo
aime_mtg_jamendo_06373,0,MTG-Jamendo
aime_mtg_jamendo_06374,0,MTG-Jamendo
aime_mtg_jamendo_06375,0,MTG-Jamendo
aime_mtg_jamendo_06376,0,MTG-Jamendo
aime_mtg_jamendo_06377,0,MTG-Jamendo
aime_mtg_jamendo_06378,0,MTG-Jamendo
aime_mtg_jamendo_06379,0,MTG-Jamendo
aime_mtg_jamendo_06380,0,MTG-Jamendo
aime_mtg_jamendo_06381,0,MTG-Jamendo
aime_mtg_jamendo_06382,0,MTG-Jamendo
aime_mtg_jamendo_06383,0,MTG-Jamendo
aime_mtg_jamendo_06384,0,MTG-Jamendo
aime_mtg_jamendo_06385,0,MTG-Jamendo
aime_mtg_jamendo_06386,0,MTG-Jamendo
aime_mtg_jamendo_06387,0,MTG-Jamendo
aime_mtg_jamendo_06388,0,MTG-Jamendo
aime_mtg_jamendo_06389,0,MTG-Jamendo
aime_mtg_jamendo_06390,0,MTG-Jamendo
aime_mtg_jamendo_06391,0,MTG-Jamendo
aime_mtg_jamendo_06392,0,MTG-Jamendo
aime_mtg_jamendo_06393,0,MTG-Jamendo
aime_mtg_jamendo_06394,0,MTG-Jamendo
aime_mtg_jamendo_06395,0,MTG-Jamendo
aime_mtg_jamendo_06396,0,MTG-Jamendo
aime_mtg_jamendo_06397,0,MTG-Jamendo
aime_mtg_jamendo_06398,0,MTG-Jamendo
aime_mtg_jamendo_06399,0,MTG-Jamendo
aime_mtg_jamendo_06400,0,MTG-Jamendo
aime_mtg_jamendo_06401,0,MTG-Jamendo
aime_mtg_jamendo_06402,0,MTG-Jamendo
aime_mtg_jamendo_06403,0,MTG-Jamendo
aime_mtg_jamendo_06404,0,MTG-Jamendo
aime_mtg_jamendo_06405,0,MTG-Jamendo
aime_mtg_jamendo_06406,0,MTG-Jamendo
aime_mtg_jamendo_06407,0,MTG-Jamendo
aime_mtg_jamendo_06408,0,MTG-Jamendo
aime_mtg_jamendo_06409,0,MTG-Jamendo
aime_mtg_jamendo_06410,0,MTG-Jamendo
aime_mtg_jamendo_06411,0,MTG-Jamendo
aime_mtg_jamendo_06412,0,MTG-Jamendo
aime_mtg_jamendo_06413,0,MTG-Jamendo
aime_mtg_jamendo_06414,0,MTG-Jamendo
aime_mtg_jamendo_06415,0,MTG-Jamendo
aime_mtg_jamendo_06416,0,MTG-Jamendo
aime_mtg_jamendo_06417,0,MTG-Jamendo
aime_mtg_jamendo_06418,0,MTG-Jamendo
aime_mtg_jamendo_06419,0,MTG-Jamendo
aime_mtg_jamendo_06420,0,MTG-Jamendo
aime_mtg_jamendo_06421,0,MTG-Jamendo
aime_mtg_jamendo_06422,0,MTG-Jamendo
aime_mtg_jamendo_06423,0,MTG-Jamendo
aime_mtg_jamendo_06424,0,MTG-Jamendo
aime_mtg_jamendo_06425,0,MTG-Jamendo
aime_mtg_jamendo_06426,0,MTG-Jamendo
aime_mtg_jamendo_06427,0,MTG-Jamendo
aime_mtg_jamendo_06428,0,MTG-Jamendo
aime_mtg_jamendo_06429,0,MTG-Jamendo
aime_mtg_jamendo_06430,0,MTG-Jamendo
aime_mtg_jamendo_06431,0,MTG-Jamendo
aime_mtg_jamendo_06432,0,MTG-Jamendo
aime_mtg_jamendo_06433,0,MTG-Jamendo
aime_mtg_jamendo_06434,0,MTG-Jamendo
aime_mtg_jamendo_06435,0,MTG-Jamendo
aime_mtg_jamendo_06436,0,MTG-Jamendo
aime_mtg_jamendo_06437,0,MTG-Jamendo
aime_mtg_jamendo_06438,0,MTG-Jamendo
aime_mtg_jamendo_06439,0,MTG-Jamendo
aime_mtg_jamendo_06440,0,MTG-Jamendo
aime_mtg_jamendo_06441,0,MTG-Jamendo
aime_mtg_jamendo_06442,0,MTG-Jamendo
aime_mtg_jamendo_06443,0,MTG-Jamendo
aime_mtg_jamendo_06444,0,MTG-Jamendo
aime_mtg_jamendo_06445,0,MTG-Jamendo
aime_mtg_jamendo_06446,0,MTG-Jamendo
aime_mtg_jamendo_06447,0,MTG-Jamendo
aime_mtg_jamendo_06448,0,MTG-Jamendo
aime_mtg_jamendo_06449,0,MTG-Jamendo
aime_mtg_jamendo_06450,0,MTG-Jamendo
aime_mtg_jamendo_06451,0,MTG-Jamendo
aime_mtg_jamendo_06452,0,MTG-Jamendo
aime_mtg_jamendo_06453,0,MTG-Jamendo
aime_mtg_jamendo_06454,0,MTG-Jamendo
aime_mtg_jamendo_06455,0,MTG-Jamendo
aime_mtg_jamendo_06456,0,MTG-Jamendo
aime_mtg_jamendo_06457,0,MTG-Jamendo
aime_mtg_jamendo_06458,0,MTG-Jamendo
aime_mtg_jamendo_06459,0,MTG-Jamendo
aime_mtg_jamendo_06460,0,MTG-Jamendo
aime_mtg_jamendo_06461,0,MTG-Jamendo
aime_mtg_jamendo_06462,0,MTG-Jamendo
aime_mtg_jamendo_06463,0,MTG-Jamendo
aime_mtg_jamendo_06464,0,MTG-Jamendo
aime_mtg_jamendo_06465,0,MTG-Jamendo
aime_mtg_jamendo_06466,0,MTG-Jamendo
aime_mtg_jamendo_06467,0,MTG-Jamendo
aime_mtg_jamendo_06468,0,MTG-Jamendo
aime_mtg_jamendo_06469,0,MTG-Jamendo
aime_mtg_jamendo_06470,0,MTG-Jamendo
aime_mtg_jamendo_06471,0,MTG-Jamendo
aime_mtg_jamendo_06472,0,MTG-Jamendo
aime_mtg_jamendo_06473,0,MTG-Jamendo
aime_mtg_jamendo_06474,0,MTG-Jamendo
aime_mtg_jamendo_06475,0,MTG-Jamendo
aime_mtg_jamendo_06476,0,MTG-Jamendo
aime_mtg_jamendo_06477,0,MTG-Jamendo
aime_mtg_jamendo_06478,0,MTG-Jamendo
aime_mtg_jamendo_06479,0,MTG-Jamendo
aime_mtg_jamendo_06480,0,MTG-Jamendo
aime_mtg_jamendo_06481,0,MTG-Jamendo
aime_mtg_jamendo_06482,0,MTG-Jamendo
aime_mtg_jamendo_06483,0,MTG-Jamendo
aime_mtg_jamendo_06484,0,MTG-Jamendo
aime_mtg_jamendo_06485,0,MTG-Jamendo
aime_mtg_jamendo_06486,0,MTG-Jamendo
aime_mtg_jamendo_06487,0,MTG-Jamendo
aime_mtg_jamendo_06488,0,MTG-Jamendo
aime_mtg_jamendo_06489,0,MTG-Jamendo
aime_mtg_jamendo_06490,0,MTG-Jamendo
aime_mtg_jamendo_06491,0,MTG-Jamendo
aime_mtg_jamendo_06492,0,MTG-Jamendo
aime_mtg_jamendo_06493,0,MTG-Jamendo
aime_mtg_jamendo_06494,0,MTG-Jamendo
aime_mtg_jamendo_06495,0,MTG-Jamendo
aime_mtg_jamendo_06496,0,MTG-Jamendo
aime_mtg_jamendo_06497,0,MTG-Jamendo
aime_mtg_jamendo_06498,0,MTG-Jamendo
aime_mtg_jamendo_06499,0,MTG-Jamendo
aime_mtg_jamendo_06500,0,MTG-Jamendo
aime_musicgen_large_01001,1,MusicGen Large
aime_musicgen_large_01002,1,MusicGen Large
aime_musicgen_large_01003,1,MusicGen Large
aime_musicgen_large_01004,1,MusicGen Large
aime_musicgen_large_01005,1,MusicGen Large
aime_musicgen_large_01006,1,MusicGen Large
aime_musicgen_large_01007,1,MusicGen Large
aime_musicgen_large_01008,1,MusicGen Large
aime_musicgen_large_01009,1,MusicGen Large
aime_musicgen_large_01010,1,MusicGen Large
aime_musicgen_large_01011,1,MusicGen Large
aime_musicgen_large_01012,1,MusicGen Large
aime_musicgen_large_01013,1,MusicGen Large
aime_musicgen_large_01014,1,MusicGen Large
aime_musicgen_large_01015,1,MusicGen Large
aime_musicgen_large_01016,1,MusicGen Large
aime_musicgen_large_01017,1,MusicGen Large
aime_musicgen_large_01018,1,MusicGen Large
aime_musicgen_large_01019,1,MusicGen Large
aime_musicgen_large_01020,1,MusicGen Large
aime_musicgen_large_01021,1,MusicGen Large
aime_musicgen_large_01022,1,MusicGen Large
aime_musicgen_large_01023,1,MusicGen Large
aime_musicgen_large_01024,1,MusicGen Large
aime_musicgen_large_01025,1,MusicGen Large
aime_musicgen_large_01026,1,MusicGen Large
aime_musicgen_large_01027,1,MusicGen Large
aime_musicgen_large_01028,1,MusicGen Large
aime_musicgen_large_01029,1,MusicGen Large
aime_musicgen_large_01030,1,MusicGen Large
aime_musicgen_large_01031,1,MusicGen Large
aime_musicgen_large_01032,1,MusicGen Large
aime_musicgen_large_01033,1,MusicGen Large
aime_musicgen_large_01034,1,MusicGen Large
aime_musicgen_large_01035,1,MusicGen Large
aime_musicgen_large_01036,1,MusicGen Large
aime_musicgen_large_01037,1,MusicGen Large
aime_musicgen_large_01038,1,MusicGen Large
aime_musicgen_large_01039,1,MusicGen Large
aime_musicgen_large_01040,1,MusicGen Large
aime_musicgen_large_01041,1,MusicGen Large
aime_musicgen_large_01042,1,MusicGen Large
aime_musicgen_large_01043,1,MusicGen Large
aime_musicgen_large_01044,1,MusicGen Large
aime_musicgen_large_01045,1,MusicGen Large
aime_musicgen_large_01046,1,MusicGen Large
aime_musicgen_large_01047,1,MusicGen Large
aime_musicgen_large_01048,1,MusicGen Large
aime_musicgen_large_01049,1,MusicGen Large
aime_musicgen_large_01050,1,MusicGen Large
aime_musicgen_large_01051,1,MusicGen Large
aime_musicgen_large_01052,1,MusicGen Large
aime_musicgen_large_01053,1,MusicGen Large
aime_musicgen_large_01054,1,MusicGen Large
aime_musicgen_large_01055,1,MusicGen Large
aime_musicgen_large_01056,1,MusicGen Large
aime_musicgen_large_01057,1,MusicGen Large
aime_musicgen_large_01058,1,MusicGen Large
aime_musicgen_large_01059,1,MusicGen Large
aime_musicgen_large_01060,1,MusicGen Large
aime_musicgen_large_01061,1,MusicGen Large
aime_musicgen_large_01062,1,MusicGen Large
aime_musicgen_large_01063,1,MusicGen Large
aime_musicgen_large_01064,1,MusicGen Large
aime_musicgen_large_01065,1,MusicGen Large
aime_musicgen_large_01066,1,MusicGen Large
aime_musicgen_large_01067,1,MusicGen Large
aime_musicgen_large_01068,1,MusicGen Large
aime_musicgen_large_01069,1,MusicGen Large
aime_musicgen_large_01070,1,MusicGen Large
aime_musicgen_large_01071,1,MusicGen Large
aime_musicgen_large_01072,1,MusicGen Large
aime_musicgen_large_01073,1,MusicGen Large
aime_musicgen_large_01074,1,MusicGen Large
aime_musicgen_large_01075,1,MusicGen Large
aime_musicgen_large_01076,1,MusicGen Large
aime_musicgen_large_01077,1,MusicGen Large
aime_musicgen_large_01078,1,MusicGen Large
aime_musicgen_large_01079,1,MusicGen Large
aime_musicgen_large_01080,1,MusicGen Large
aime_musicgen_large_01081,1,MusicGen Large
aime_musicgen_large_01082,1,MusicGen Large
aime_musicgen_large_01083,1,MusicGen Large
aime_musicgen_large_01084,1,MusicGen Large
aime_musicgen_large_01085,1,MusicGen Large
aime_musicgen_large_01086,1,MusicGen Large
aime_musicgen_large_01087,1,MusicGen Large
aime_musicgen_large_01088,1,MusicGen Large
aime_musicgen_large_01089,1,MusicGen Large
aime_musicgen_large_01090,1,MusicGen Large
aime_musicgen_large_01091,1,MusicGen Large
aime_musicgen_large_01092,1,MusicGen Large
aime_musicgen_large_01093,1,MusicGen Large
aime_musicgen_large_01094,1,MusicGen Large
aime_musicgen_large_01095,1,MusicGen Large
aime_musicgen_large_01096,1,MusicGen Large
aime_musicgen_large_01097,1,MusicGen Large
aime_musicgen_large_01098,1,MusicGen Large
aime_musicgen_large_01099,1,MusicGen Large
aime_musicgen_large_01100,1,MusicGen Large
aime_musicgen_large_01101,1,MusicGen Large
aime_musicgen_large_01102,1,MusicGen Large
aime_musicgen_large_01103,1,MusicGen Large
aime_musicgen_large_01104,1,MusicGen Large
aime_musicgen_large_01105,1,MusicGen Large
aime_musicgen_large_01106,1,MusicGen Large
aime_musicgen_large_01107,1,MusicGen Large
aime_musicgen_large_01108,1,MusicGen Large
aime_musicgen_large_01109,1,MusicGen Large
aime_musicgen_large_01110,1,MusicGen Large
aime_musicgen_large_01111,1,MusicGen Large
aime_musicgen_large_01112,1,MusicGen Large
aime_musicgen_large_01113,1,MusicGen Large
aime_musicgen_large_01114,1,MusicGen Large
aime_musicgen_large_01115,1,MusicGen Large
aime_musicgen_large_01116,1,MusicGen Large
aime_musicgen_large_01117,1,MusicGen Large
aime_musicgen_large_01118,1,MusicGen Large
aime_musicgen_large_01119,1,MusicGen Large
aime_musicgen_large_01120,1,MusicGen Large
aime_musicgen_large_01121,1,MusicGen Large
aime_musicgen_large_01122,1,MusicGen Large
aime_musicgen_large_01123,1,MusicGen Large
aime_musicgen_large_01124,1,MusicGen Large
aime_musicgen_large_01125,1,MusicGen Large
aime_musicgen_large_01126,1,MusicGen Large
aime_musicgen_large_01127,1,MusicGen Large
aime_musicgen_large_01128,1,MusicGen Large
aime_musicgen_large_01129,1,MusicGen Large
aime_musicgen_large_01130,1,MusicGen Large
aime_musicgen_large_01131,1,MusicGen Large
aime_musicgen_large_01132,1,MusicGen Large
aime_musicgen_large_01133,1,MusicGen Large
aime_musicgen_large_01134,1,MusicGen Large
aime_musicgen_large_01135,1,MusicGen Large
aime_musicgen_large_01136,1,MusicGen Large
aime_musicgen_large_01137,1,MusicGen Large
aime_musicgen_large_01138,1,MusicGen Large
aime_musicgen_large_01139,1,MusicGen Large
aime_musicgen_large_01140,1,MusicGen Large
aime_musicgen_large_01141,1,MusicGen Large
aime_musicgen_large_01142,1,MusicGen Large
aime_musicgen_large_01143,1,MusicGen Large
aime_musicgen_large_01144,1,MusicGen Large
aime_musicgen_large_01145,1,MusicGen Large
aime_musicgen_large_01146,1,MusicGen Large
aime_musicgen_large_01147,1,MusicGen Large
aime_musicgen_large_01148,1,MusicGen Large
aime_musicgen_large_01149,1,MusicGen Large
aime_musicgen_large_01150,1,MusicGen Large
aime_musicgen_large_01151,1,MusicGen Large
aime_musicgen_large_01152,1,MusicGen Large
aime_musicgen_large_01153,1,MusicGen Large
aime_musicgen_large_01154,1,MusicGen Large
aime_musicgen_large_01155,1,MusicGen Large
aime_musicgen_large_01156,1,MusicGen Large
aime_musicgen_large_01157,1,MusicGen Large
aime_musicgen_large_01158,1,MusicGen Large
aime_musicgen_large_01159,1,MusicGen Large
aime_musicgen_large_01160,1,MusicGen Large
aime_musicgen_large_01161,1,MusicGen Large
aime_musicgen_large_01162,1,MusicGen Large
aime_musicgen_large_01163,1,MusicGen Large
aime_musicgen_large_01164,1,MusicGen Large
aime_musicgen_large_01165,1,MusicGen Large
aime_musicgen_large_01166,1,MusicGen Large
aime_musicgen_large_01167,1,MusicGen Large
aime_musicgen_large_01168,1,MusicGen Large
aime_musicgen_large_01169,1,MusicGen Large
aime_musicgen_large_01170,1,MusicGen Large
aime_musicgen_large_01171,1,MusicGen Large
aime_musicgen_large_01172,1,MusicGen Large
aime_musicgen_large_01173,1,MusicGen Large
aime_musicgen_large_01174,1,MusicGen Large
aime_musicgen_large_01175,1,MusicGen Large
aime_musicgen_large_01176,1,MusicGen Large
aime_musicgen_large_01177,1,MusicGen Large
aime_musicgen_large_01178,1,MusicGen Large
aime_musicgen_large_01179,1,MusicGen Large
aime_musicgen_large_01180,1,MusicGen Large
aime_musicgen_large_01181,1,MusicGen Large
aime_musicgen_large_01182,1,MusicGen Large
aime_musicgen_large_01183,1,MusicGen Large
aime_musicgen_large_01184,1,MusicGen Large
aime_musicgen_large_01185,1,MusicGen Large
aime_musicgen_large_01186,1,MusicGen Large
aime_musicgen_large_01187,1,MusicGen Large
aime_musicgen_large_01188,1,MusicGen Large
aime_musicgen_large_01189,1,MusicGen Large
aime_musicgen_large_01190,1,MusicGen Large
aime_musicgen_large_01191,1,MusicGen Large
aime_musicgen_large_01192,1,MusicGen Large
aime_musicgen_large_01193,1,MusicGen Large
aime_musicgen_large_01194,1,MusicGen Large
aime_musicgen_large_01195,1,MusicGen Large
aime_musicgen_large_01196,1,MusicGen Large
aime_musicgen_large_01197,1,MusicGen Large
aime_musicgen_large_01198,1,MusicGen Large
aime_musicgen_large_01199,1,MusicGen Large
aime_musicgen_large_01200,1,MusicGen Large
aime_musicgen_large_01201,1,MusicGen Large
aime_musicgen_large_01202,1,MusicGen Large
aime_musicgen_large_01203,1,MusicGen Large
aime_musicgen_large_01204,1,MusicGen Large
aime_musicgen_large_01205,1,MusicGen Large
aime_musicgen_large_01206,1,MusicGen Large
aime_musicgen_large_01207,1,MusicGen Large
aime_musicgen_large_01208,1,MusicGen Large
aime_musicgen_large_01209,1,MusicGen Large
aime_musicgen_large_01210,1,MusicGen Large
aime_musicgen_large_01211,1,MusicGen Large
aime_musicgen_large_01212,1,MusicGen Large
aime_musicgen_large_01213,1,MusicGen Large
aime_musicgen_large_01214,1,MusicGen Large
aime_musicgen_large_01215,1,MusicGen Large
aime_musicgen_large_01216,1,MusicGen Large
aime_musicgen_large_01217,1,MusicGen Large
aime_musicgen_large_01218,1,MusicGen Large
aime_musicgen_large_01219,1,MusicGen Large
aime_musicgen_large_01220,1,MusicGen Large
aime_musicgen_large_01221,1,MusicGen Large
aime_musicgen_large_01222,1,MusicGen Large
aime_musicgen_large_01223,1,MusicGen Large
aime_musicgen_large_01224,1,MusicGen Large
aime_musicgen_large_01225,1,MusicGen Large
aime_musicgen_large_01226,1,MusicGen Large
aime_musicgen_large_01227,1,MusicGen Large
aime_musicgen_large_01228,1,MusicGen Large
aime_musicgen_large_01229,1,MusicGen Large
aime_musicgen_large_01230,1,MusicGen Large
aime_musicgen_large_01231,1,MusicGen Large
aime_musicgen_large_01232,1,MusicGen Large
aime_musicgen_large_01233,1,MusicGen Large
aime_musicgen_large_01234,1,MusicGen Large
aime_musicgen_large_01235,1,MusicGen Large
aime_musicgen_large_01236,1,MusicGen Large
aime_musicgen_large_01237,1,MusicGen Large
aime_musicgen_large_01238,1,MusicGen Large
aime_musicgen_large_01239,1,MusicGen Large
aime_musicgen_large_01240,1,MusicGen Large
aime_musicgen_large_01241,1,MusicGen Large
aime_musicgen_large_01242,1,MusicGen Large
aime_musicgen_large_01243,1,MusicGen Large
aime_musicgen_large_01244,1,MusicGen Large
aime_musicgen_large_01245,1,MusicGen Large
aime_musicgen_large_01246,1,MusicGen Large
aime_musicgen_large_01247,1,MusicGen Large
aime_musicgen_large_01248,1,MusicGen Large
aime_musicgen_large_01249,1,MusicGen Large
aime_musicgen_large_01250,1,MusicGen Large
aime_musicgen_large_01251,1,MusicGen Large
aime_musicgen_large_01252,1,MusicGen Large
aime_musicgen_large_01253,1,MusicGen Large
aime_musicgen_large_01254,1,MusicGen Large
aime_musicgen_large_01255,1,MusicGen Large
aime_musicgen_large_01256,1,MusicGen Large
aime_musicgen_large_01257,1,MusicGen Large
aime_musicgen_large_01258,1,MusicGen Large
aime_musicgen_large_01259,1,MusicGen Large
aime_musicgen_large_01260,1,MusicGen Large
aime_musicgen_large_01261,1,MusicGen Large
aime_musicgen_large_01262,1,MusicGen Large
aime_musicgen_large_01263,1,MusicGen Large
aime_musicgen_large_01264,1,MusicGen Large
aime_musicgen_large_01265,1,MusicGen Large
aime_musicgen_large_01266,1,MusicGen Large
aime_musicgen_large_01267,1,MusicGen Large
aime_musicgen_large_01268,1,MusicGen Large
aime_musicgen_large_01269,1,MusicGen Large
aime_musicgen_large_01270,1,MusicGen Large
aime_musicgen_large_01271,1,MusicGen Large
aime_musicgen_large_01272,1,MusicGen Large
aime_musicgen_large_01273,1,MusicGen Large
aime_musicgen_large_01274,1,MusicGen Large
aime_musicgen_large_01275,1,MusicGen Large
aime_musicgen_large_01276,1,MusicGen Large
aime_musicgen_large_01277,1,MusicGen Large
aime_musicgen_large_01278,1,MusicGen Large
aime_musicgen_large_01279,1,MusicGen Large
aime_musicgen_large_01280,1,MusicGen Large
aime_musicgen_large_01281,1,MusicGen Large
aime_musicgen_large_01282,1,MusicGen Large
aime_musicgen_large_01283,1,MusicGen Large
aime_musicgen_large_01284,1,MusicGen Large
aime_musicgen_large_01285,1,MusicGen Large
aime_musicgen_large_01286,1,MusicGen Large
aime_musicgen_large_01287,1,MusicGen Large
aime_musicgen_large_01288,1,MusicGen Large
aime_musicgen_large_01289,1,MusicGen Large
aime_musicgen_large_01290,1,MusicGen Large
aime_musicgen_large_01291,1,MusicGen Large
aime_musicgen_large_01292,1,MusicGen Large
aime_musicgen_large_01293,1,MusicGen Large
aime_musicgen_large_01294,1,MusicGen Large
aime_musicgen_large_01295,1,MusicGen Large
aime_musicgen_large_01296,1,MusicGen Large
aime_musicgen_large_01297,1,MusicGen Large
aime_musicgen_large_01298,1,MusicGen Large
aime_musicgen_large_01299,1,MusicGen Large
aime_musicgen_large_01300,1,MusicGen Large
aime_musicgen_large_01301,1,MusicGen Large
aime_musicgen_large_01302,1,MusicGen Large
aime_musicgen_large_01303,1,MusicGen Large
aime_musicgen_large_01304,1,MusicGen Large
aime_musicgen_large_01305,1,MusicGen Large
aime_musicgen_large_01306,1,MusicGen Large
aime_musicgen_large_01307,1,MusicGen Large
aime_musicgen_large_01308,1,MusicGen Large
aime_musicgen_large_01309,1,MusicGen Large
aime_musicgen_large_01310,1,MusicGen Large
aime_musicgen_large_01311,1,MusicGen Large
aime_musicgen_large_01312,1,MusicGen Large
aime_musicgen_large_01313,1,MusicGen Large
aime_musicgen_large_01314,1,MusicGen Large
aime_musicgen_large_01315,1,MusicGen Large
aime_musicgen_large_01316,1,MusicGen Large
aime_musicgen_large_01317,1,MusicGen Large
aime_musicgen_large_01318,1,MusicGen Large
aime_musicgen_large_01319,1,MusicGen Large
aime_musicgen_large_01320,1,MusicGen Large
aime_musicgen_large_01321,1,MusicGen Large
aime_musicgen_large_01322,1,MusicGen Large
aime_musicgen_large_01323,1,MusicGen Large
aime_musicgen_large_01324,1,MusicGen Large
aime_musicgen_large_01325,1,MusicGen Large
aime_musicgen_large_01326,1,MusicGen Large
aime_musicgen_large_01327,1,MusicGen Large
aime_musicgen_large_01328,1,MusicGen Large
aime_musicgen_large_01329,1,MusicGen Large
aime_musicgen_large_01330,1,MusicGen Large
aime_musicgen_large_01331,1,MusicGen Large
aime_musicgen_large_01332,1,MusicGen Large
aime_musicgen_large_01333,1,MusicGen Large
aime_musicgen_large_01334,1,MusicGen Large
aime_musicgen_large_01335,1,MusicGen Large
aime_musicgen_large_01336,1,MusicGen Large
aime_musicgen_large_01337,1,MusicGen Large
aime_musicgen_large_01338,1,MusicGen Large
aime_musicgen_large_01339,1,MusicGen Large
aime_musicgen_large_01340,1,MusicGen Large
aime_musicgen_large_01341,1,MusicGen Large
aime_musicgen_large_01342,1,MusicGen Large
aime_musicgen_large_01343,1,MusicGen Large
aime_musicgen_large_01344,1,MusicGen Large
aime_musicgen_large_01345,1,MusicGen Large
aime_musicgen_large_01346,1,MusicGen Large
aime_musicgen_large_01347,1,MusicGen Large
aime_musicgen_large_01348,1,MusicGen Large
aime_musicgen_large_01349,1,MusicGen Large
aime_musicgen_large_01350,1,MusicGen Large
aime_musicgen_large_01351,1,MusicGen Large
aime_musicgen_large_01352,1,MusicGen Large
aime_musicgen_large_01353,1,MusicGen Large
aime_musicgen_large_01354,1,MusicGen Large
aime_musicgen_large_01355,1,MusicGen Large
aime_musicgen_large_01356,1,MusicGen Large
aime_musicgen_large_01357,1,MusicGen Large
aime_musicgen_large_01358,1,MusicGen Large
aime_musicgen_large_01359,1,MusicGen Large
aime_musicgen_large_01360,1,MusicGen Large
aime_musicgen_large_01361,1,MusicGen Large
aime_musicgen_large_01362,1,MusicGen Large
aime_musicgen_large_01363,1,MusicGen Large
aime_musicgen_large_01364,1,MusicGen Large
aime_musicgen_large_01365,1,MusicGen Large
aime_musicgen_large_01366,1,MusicGen Large
aime_musicgen_large_01367,1,MusicGen Large
aime_musicgen_large_01368,1,MusicGen Large
aime_musicgen_large_01369,1,MusicGen Large
aime_musicgen_large_01370,1,MusicGen Large
aime_musicgen_large_01371,1,MusicGen Large
aime_musicgen_large_01372,1,MusicGen Large
aime_musicgen_large_01373,1,MusicGen Large
aime_musicgen_large_01374,1,MusicGen Large
aime_musicgen_large_01375,1,MusicGen Large
aime_musicgen_large_01376,1,MusicGen Large
aime_musicgen_large_01377,1,MusicGen Large
aime_musicgen_large_01378,1,MusicGen Large
aime_musicgen_large_01379,1,MusicGen Large
aime_musicgen_large_01380,1,MusicGen Large
aime_musicgen_large_01381,1,MusicGen Large
aime_musicgen_large_01382,1,MusicGen Large
aime_musicgen_large_01383,1,MusicGen Large
aime_musicgen_large_01384,1,MusicGen Large
aime_musicgen_large_01385,1,MusicGen Large
aime_musicgen_large_01386,1,MusicGen Large
aime_musicgen_large_01387,1,MusicGen Large
aime_musicgen_large_01388,1,MusicGen Large
aime_musicgen_large_01389,1,MusicGen Large
aime_musicgen_large_01390,1,MusicGen Large
aime_musicgen_large_01391,1,MusicGen Large
aime_musicgen_large_01392,1,MusicGen Large
aime_musicgen_large_01393,1,MusicGen Large
aime_musicgen_large_01394,1,MusicGen Large
aime_musicgen_large_01395,1,MusicGen Large
aime_musicgen_large_01396,1,MusicGen Large
aime_musicgen_large_01397,1,MusicGen Large
aime_musicgen_large_01398,1,MusicGen Large
aime_musicgen_large_01399,1,MusicGen Large
aime_musicgen_large_01400,1,MusicGen Large
aime_musicgen_large_01401,1,MusicGen Large
aime_musicgen_large_01402,1,MusicGen Large
aime_musicgen_large_01403,1,MusicGen Large
aime_musicgen_large_01404,1,MusicGen Large
aime_musicgen_large_01405,1,MusicGen Large
aime_musicgen_large_01406,1,MusicGen Large
aime_musicgen_large_01407,1,MusicGen Large
aime_musicgen_large_01408,1,MusicGen Large
aime_musicgen_large_01409,1,MusicGen Large
aime_musicgen_large_01410,1,MusicGen Large
aime_musicgen_large_01411,1,MusicGen Large
aime_musicgen_large_01412,1,MusicGen Large
aime_musicgen_large_01413,1,MusicGen Large
aime_musicgen_large_01414,1,MusicGen Large
aime_musicgen_large_01415,1,MusicGen Large
aime_musicgen_large_01416,1,MusicGen Large
aime_musicgen_large_01417,1,MusicGen Large
aime_musicgen_large_01418,1,MusicGen Large
aime_musicgen_large_01419,1,MusicGen Large
aime_musicgen_large_01420,1,MusicGen Large
aime_musicgen_large_01421,1,MusicGen Large
aime_musicgen_large_01422,1,MusicGen Large
aime_musicgen_large_01423,1,MusicGen Large
aime_musicgen_large_01424,1,MusicGen Large
aime_musicgen_large_01425,1,MusicGen Large
aime_musicgen_large_01426,1,MusicGen Large
aime_musicgen_large_01427,1,MusicGen Large
aime_musicgen_large_01428,1,MusicGen Large
aime_musicgen_large_01429,1,MusicGen Large
aime_musicgen_large_01430,1,MusicGen Large
aime_musicgen_large_01431,1,MusicGen Large
aime_musicgen_large_01432,1,MusicGen Large
aime_musicgen_large_01433,1,MusicGen Large
aime_musicgen_large_01434,1,MusicGen Large
aime_musicgen_large_01435,1,MusicGen Large
aime_musicgen_large_01436,1,MusicGen Large
aime_musicgen_large_01437,1,MusicGen Large
aime_musicgen_large_01438,1,MusicGen Large
aime_musicgen_large_01439,1,MusicGen Large
aime_musicgen_large_01440,1,MusicGen Large
aime_musicgen_large_01441,1,MusicGen Large
aime_musicgen_large_01442,1,MusicGen Large
aime_musicgen_large_01443,1,MusicGen Large
aime_musicgen_large_01444,1,MusicGen Large
aime_musicgen_large_01445,1,MusicGen Large
aime_musicgen_large_01446,1,MusicGen Large
aime_musicgen_large_01447,1,MusicGen Large
aime_musicgen_large_01448,1,MusicGen Large
aime_musicgen_large_01449,1,MusicGen Large
aime_musicgen_large_01450,1,MusicGen Large
aime_musicgen_large_01451,1,MusicGen Large
aime_musicgen_large_01452,1,MusicGen Large
aime_musicgen_large_01453,1,MusicGen Large
aime_musicgen_large_01454,1,MusicGen Large
aime_musicgen_large_01455,1,MusicGen Large
aime_musicgen_large_01456,1,MusicGen Large
aime_musicgen_large_01457,1,MusicGen Large
aime_musicgen_large_01458,1,MusicGen Large
aime_musicgen_large_01459,1,MusicGen Large
aime_musicgen_large_01460,1,MusicGen Large
aime_musicgen_large_01461,1,MusicGen Large
aime_musicgen_large_01462,1,MusicGen Large
aime_musicgen_large_01463,1,MusicGen Large
aime_musicgen_large_01464,1,MusicGen Large
aime_musicgen_large_01465,1,MusicGen Large
aime_musicgen_large_01466,1,MusicGen Large
aime_musicgen_large_01467,1,MusicGen Large
aime_musicgen_large_01468,1,MusicGen Large
aime_musicgen_large_01469,1,MusicGen Large
aime_musicgen_large_01470,1,MusicGen Large
aime_musicgen_large_01471,1,MusicGen Large
aime_musicgen_large_01472,1,MusicGen Large
aime_musicgen_large_01473,1,MusicGen Large
aime_musicgen_large_01474,1,MusicGen Large
aime_musicgen_large_01475,1,MusicGen Large
aime_musicgen_large_01476,1,MusicGen Large
aime_musicgen_large_01477,1,MusicGen Large
aime_musicgen_large_01478,1,MusicGen Large
aime_musicgen_large_01479,1,MusicGen Large
aime_musicgen_large_01480,1,MusicGen Large
aime_musicgen_large_01481,1,MusicGen Large
aime_musicgen_large_01482,1,MusicGen Large
aime_musicgen_large_01483,1,MusicGen Large
aime_musicgen_large_01484,1,MusicGen Large
aime_musicgen_large_01485,1,MusicGen Large
aime_musicgen_large_01486,1,MusicGen Large
aime_musicgen_large_01487,1,MusicGen Large
aime_musicgen_large_01488,1,MusicGen Large
aime_musicgen_large_01489,1,MusicGen Large
aime_musicgen_large_01490,1,MusicGen Large
aime_musicgen_large_01491,1,MusicGen Large
aime_musicgen_large_01492,1,MusicGen Large
aime_musicgen_large_01493,1,MusicGen Large
aime_musicgen_large_01494,1,MusicGen Large
aime_musicgen_large_01495,1,MusicGen Large
aime_musicgen_large_01496,1,MusicGen Large
aime_musicgen_large_01497,1,MusicGen Large
aime_musicgen_large_01498,1,MusicGen Large
aime_musicgen_large_01499,1,MusicGen Large
aime_musicgen_large_01500,1,MusicGen Large
aime_musicgen_medium_00501,1,MusicGen Medium
aime_musicgen_medium_00502,1,MusicGen Medium
aime_musicgen_medium_00503,1,MusicGen Medium
aime_musicgen_medium_00504,1,MusicGen Medium
aime_musicgen_medium_00505,1,MusicGen Medium
aime_musicgen_medium_00506,1,MusicGen Medium
aime_musicgen_medium_00507,1,MusicGen Medium
aime_musicgen_medium_00508,1,MusicGen Medium
aime_musicgen_medium_00509,1,MusicGen Medium
aime_musicgen_medium_00510,1,MusicGen Medium
aime_musicgen_medium_00511,1,MusicGen Medium
aime_musicgen_medium_00512,1,MusicGen Medium
aime_musicgen_medium_00513,1,MusicGen Medium
aime_musicgen_medium_00514,1,MusicGen Medium
aime_musicgen_medium_00515,1,MusicGen Medium
aime_musicgen_medium_00516,1,MusicGen Medium
aime_musicgen_medium_00517,1,MusicGen Medium
aime_musicgen_medium_00518,1,MusicGen Medium
aime_musicgen_medium_00519,1,MusicGen Medium
aime_musicgen_medium_00520,1,MusicGen Medium
aime_musicgen_medium_00521,1,MusicGen Medium
aime_musicgen_medium_00522,1,MusicGen Medium
aime_musicgen_medium_00523,1,MusicGen Medium
aime_musicgen_medium_00524,1,MusicGen Medium
aime_musicgen_medium_00525,1,MusicGen Medium
aime_musicgen_medium_00526,1,MusicGen Medium
aime_musicgen_medium_00527,1,MusicGen Medium
aime_musicgen_medium_00528,1,MusicGen Medium
aime_musicgen_medium_00529,1,MusicGen Medium
aime_musicgen_medium_00530,1,MusicGen Medium
aime_musicgen_medium_00531,1,MusicGen Medium
aime_musicgen_medium_00532,1,MusicGen Medium
aime_musicgen_medium_00533,1,MusicGen Medium
aime_musicgen_medium_00534,1,MusicGen Medium
aime_musicgen_medium_00535,1,MusicGen Medium
aime_musicgen_medium_00536,1,MusicGen Medium
aime_musicgen_medium_00537,1,MusicGen Medium
aime_musicgen_medium_00538,1,MusicGen Medium
aime_musicgen_medium_00539,1,MusicGen Medium
aime_musicgen_medium_00540,1,MusicGen Medium
aime_musicgen_medium_00541,1,MusicGen Medium
aime_musicgen_medium_00542,1,MusicGen Medium
aime_musicgen_medium_00543,1,MusicGen Medium
aime_musicgen_medium_00544,1,MusicGen Medium
aime_musicgen_medium_00545,1,MusicGen Medium
aime_musicgen_medium_00546,1,MusicGen Medium
aime_musicgen_medium_00547,1,MusicGen Medium
aime_musicgen_medium_00548,1,MusicGen Medium
aime_musicgen_medium_00549,1,MusicGen Medium
aime_musicgen_medium_00550,1,MusicGen Medium
aime_musicgen_medium_00551,1,MusicGen Medium
aime_musicgen_medium_00552,1,MusicGen Medium
aime_musicgen_medium_00553,1,MusicGen Medium
aime_musicgen_medium_00554,1,MusicGen Medium
aime_musicgen_medium_00555,1,MusicGen Medium
aime_musicgen_medium_00556,1,MusicGen Medium
aime_musicgen_medium_00557,1,MusicGen Medium
aime_musicgen_medium_00558,1,MusicGen Medium
aime_musicgen_medium_00559,1,MusicGen Medium
aime_musicgen_medium_00560,1,MusicGen Medium
aime_musicgen_medium_00561,1,MusicGen Medium
aime_musicgen_medium_00562,1,MusicGen Medium
aime_musicgen_medium_00563,1,MusicGen Medium
aime_musicgen_medium_00564,1,MusicGen Medium
aime_musicgen_medium_00565,1,MusicGen Medium
aime_musicgen_medium_00566,1,MusicGen Medium
aime_musicgen_medium_00567,1,MusicGen Medium
aime_musicgen_medium_00568,1,MusicGen Medium
aime_musicgen_medium_00569,1,MusicGen Medium
aime_musicgen_medium_00570,1,MusicGen Medium
aime_musicgen_medium_00571,1,MusicGen Medium
aime_musicgen_medium_00572,1,MusicGen Medium
aime_musicgen_medium_00573,1,MusicGen Medium
aime_musicgen_medium_00574,1,MusicGen Medium
aime_musicgen_medium_00575,1,MusicGen Medium
aime_musicgen_medium_00576,1,MusicGen Medium
aime_musicgen_medium_00577,1,MusicGen Medium
aime_musicgen_medium_00578,1,MusicGen Medium
aime_musicgen_medium_00579,1,MusicGen Medium
aime_musicgen_medium_00580,1,MusicGen Medium
aime_musicgen_medium_00581,1,MusicGen Medium
aime_musicgen_medium_00582,1,MusicGen Medium
aime_musicgen_medium_00583,1,MusicGen Medium
aime_musicgen_medium_00584,1,MusicGen Medium
aime_musicgen_medium_00585,1,MusicGen Medium
aime_musicgen_medium_00586,1,MusicGen Medium
aime_musicgen_medium_00587,1,MusicGen Medium
aime_musicgen_medium_00588,1,MusicGen Medium
aime_musicgen_medium_00589,1,MusicGen Medium
aime_musicgen_medium_00590,1,MusicGen Medium
aime_musicgen_medium_00591,1,MusicGen Medium
aime_musicgen_medium_00592,1,MusicGen Medium
aime_musicgen_medium_00593,1,MusicGen Medium
aime_musicgen_medium_00594,1,MusicGen Medium
aime_musicgen_medium_00595,1,MusicGen Medium
aime_musicgen_medium_00596,1,MusicGen Medium
aime_musicgen_medium_00597,1,MusicGen Medium
aime_musicgen_medium_00598,1,MusicGen Medium
aime_musicgen_medium_00599,1,MusicGen Medium
aime_musicgen_medium_00600,1,MusicGen Medium
aime_musicgen_medium_00601,1,MusicGen Medium
aime_musicgen_medium_00602,1,MusicGen Medium
aime_musicgen_medium_00603,1,MusicGen Medium
aime_musicgen_medium_00604,1,MusicGen Medium
aime_musicgen_medium_00605,1,MusicGen Medium
aime_musicgen_medium_00606,1,MusicGen Medium
aime_musicgen_medium_00607,1,MusicGen Medium
aime_musicgen_medium_00608,1,MusicGen Medium
aime_musicgen_medium_00609,1,MusicGen Medium
aime_musicgen_medium_00610,1,MusicGen Medium
aime_musicgen_medium_00611,1,MusicGen Medium
aime_musicgen_medium_00612,1,MusicGen Medium
aime_musicgen_medium_00613,1,MusicGen Medium
aime_musicgen_medium_00614,1,MusicGen Medium
aime_musicgen_medium_00615,1,MusicGen Medium
aime_musicgen_medium_00616,1,MusicGen Medium
aime_musicgen_medium_00617,1,MusicGen Medium
aime_musicgen_medium_00618,1,MusicGen Medium
aime_musicgen_medium_00619,1,MusicGen Medium
aime_musicgen_medium_00620,1,MusicGen Medium
aime_musicgen_medium_00621,1,MusicGen Medium
aime_musicgen_medium_00622,1,MusicGen Medium
aime_musicgen_medium_00623,1,MusicGen Medium
aime_musicgen_medium_00624,1,MusicGen Medium
aime_musicgen_medium_00625,1,MusicGen Medium
aime_musicgen_medium_00626,1,MusicGen Medium
aime_musicgen_medium_00627,1,MusicGen Medium
aime_musicgen_medium_00628,1,MusicGen Medium
aime_musicgen_medium_00629,1,MusicGen Medium
aime_musicgen_medium_00630,1,MusicGen Medium
aime_musicgen_medium_00631,1,MusicGen Medium
aime_musicgen_medium_00632,1,MusicGen Medium
aime_musicgen_medium_00633,1,MusicGen Medium
aime_musicgen_medium_00634,1,MusicGen Medium
aime_musicgen_medium_00635,1,MusicGen Medium
aime_musicgen_medium_00636,1,MusicGen Medium
aime_musicgen_medium_00637,1,MusicGen Medium
aime_musicgen_medium_00638,1,MusicGen Medium
aime_musicgen_medium_00639,1,MusicGen Medium
aime_musicgen_medium_00640,1,MusicGen Medium
aime_musicgen_medium_00641,1,MusicGen Medium
aime_musicgen_medium_00642,1,MusicGen Medium
aime_musicgen_medium_00643,1,MusicGen Medium
aime_musicgen_medium_00644,1,MusicGen Medium
aime_musicgen_medium_00645,1,MusicGen Medium
aime_musicgen_medium_00646,1,MusicGen Medium
aime_musicgen_medium_00647,1,MusicGen Medium
aime_musicgen_medium_00648,1,MusicGen Medium
aime_musicgen_medium_00649,1,MusicGen Medium
aime_musicgen_medium_00650,1,MusicGen Medium
aime_musicgen_medium_00651,1,MusicGen Medium
aime_musicgen_medium_00652,1,MusicGen Medium
aime_musicgen_medium_00653,1,MusicGen Medium
aime_musicgen_medium_00654,1,MusicGen Medium
aime_musicgen_medium_00655,1,MusicGen Medium
aime_musicgen_medium_00656,1,MusicGen Medium
aime_musicgen_medium_00657,1,MusicGen Medium
aime_musicgen_medium_00658,1,MusicGen Medium
aime_musicgen_medium_00659,1,MusicGen Medium
aime_musicgen_medium_00660,1,MusicGen Medium
aime_musicgen_medium_00661,1,MusicGen Medium
aime_musicgen_medium_00662,1,MusicGen Medium
aime_musicgen_medium_00663,1,MusicGen Medium
aime_musicgen_medium_00664,1,MusicGen Medium
aime_musicgen_medium_00665,1,MusicGen Medium
aime_musicgen_medium_00666,1,MusicGen Medium
aime_musicgen_medium_00667,1,MusicGen Medium
aime_musicgen_medium_00668,1,MusicGen Medium
aime_musicgen_medium_00669,1,MusicGen Medium
aime_musicgen_medium_00670,1,MusicGen Medium
aime_musicgen_medium_00671,1,MusicGen Medium
aime_musicgen_medium_00672,1,MusicGen Medium
aime_musicgen_medium_00673,1,MusicGen Medium
aime_musicgen_medium_00674,1,MusicGen Medium
aime_musicgen_medium_00675,1,MusicGen Medium
aime_musicgen_medium_00676,1,MusicGen Medium
aime_musicgen_medium_00677,1,MusicGen Medium
aime_musicgen_medium_00678,1,MusicGen Medium
aime_musicgen_medium_00679,1,MusicGen Medium
aime_musicgen_medium_00680,1,MusicGen Medium
aime_musicgen_medium_00681,1,MusicGen Medium
aime_musicgen_medium_00682,1,MusicGen Medium
aime_musicgen_medium_00683,1,MusicGen Medium
aime_musicgen_medium_00684,1,MusicGen Medium
aime_musicgen_medium_00685,1,MusicGen Medium
aime_musicgen_medium_00686,1,MusicGen Medium
aime_musicgen_medium_00687,1,MusicGen Medium
aime_musicgen_medium_00688,1,MusicGen Medium
aime_musicgen_medium_00689,1,MusicGen Medium
aime_musicgen_medium_00690,1,MusicGen Medium
aime_musicgen_medium_00691,1,MusicGen Medium
aime_musicgen_medium_00692,1,MusicGen Medium
aime_musicgen_medium_00693,1,MusicGen Medium
aime_musicgen_medium_00694,1,MusicGen Medium
aime_musicgen_medium_00695,1,MusicGen Medium
aime_musicgen_medium_00696,1,MusicGen Medium
aime_musicgen_medium_00697,1,MusicGen Medium
aime_musicgen_medium_00698,1,MusicGen Medium
aime_musicgen_medium_00699,1,MusicGen Medium
aime_musicgen_medium_00700,1,MusicGen Medium
aime_musicgen_medium_00701,1,MusicGen Medium
aime_musicgen_medium_00702,1,MusicGen Medium
aime_musicgen_medium_00703,1,MusicGen Medium
aime_musicgen_medium_00704,1,MusicGen Medium
aime_musicgen_medium_00705,1,MusicGen Medium
aime_musicgen_medium_00706,1,MusicGen Medium
aime_musicgen_medium_00707,1,MusicGen Medium
aime_musicgen_medium_00708,1,MusicGen Medium
aime_musicgen_medium_00709,1,MusicGen Medium
aime_musicgen_medium_00710,1,MusicGen Medium
aime_musicgen_medium_00711,1,MusicGen Medium
aime_musicgen_medium_00712,1,MusicGen Medium
aime_musicgen_medium_00713,1,MusicGen Medium
aime_musicgen_medium_00714,1,MusicGen Medium
aime_musicgen_medium_00715,1,MusicGen Medium
aime_musicgen_medium_00716,1,MusicGen Medium
aime_musicgen_medium_00717,1,MusicGen Medium
aime_musicgen_medium_00718,1,MusicGen Medium
aime_musicgen_medium_00719,1,MusicGen Medium
aime_musicgen_medium_00720,1,MusicGen Medium
aime_musicgen_medium_00721,1,MusicGen Medium
aime_musicgen_medium_00722,1,MusicGen Medium
aime_musicgen_medium_00723,1,MusicGen Medium
aime_musicgen_medium_00724,1,MusicGen Medium
aime_musicgen_medium_00725,1,MusicGen Medium
aime_musicgen_medium_00726,1,MusicGen Medium
aime_musicgen_medium_00727,1,MusicGen Medium
aime_musicgen_medium_00728,1,MusicGen Medium
aime_musicgen_medium_00729,1,MusicGen Medium
aime_musicgen_medium_00730,1,MusicGen Medium
aime_musicgen_medium_00731,1,MusicGen Medium
aime_musicgen_medium_00732,1,MusicGen Medium
aime_musicgen_medium_00733,1,MusicGen Medium
aime_musicgen_medium_00734,1,MusicGen Medium
aime_musicgen_medium_00735,1,MusicGen Medium
aime_musicgen_medium_00736,1,MusicGen Medium
aime_musicgen_medium_00737,1,MusicGen Medium
aime_musicgen_medium_00738,1,MusicGen Medium
aime_musicgen_medium_00739,1,MusicGen Medium
aime_musicgen_medium_00740,1,MusicGen Medium
aime_musicgen_medium_00741,1,MusicGen Medium
aime_musicgen_medium_00742,1,MusicGen Medium
aime_musicgen_medium_00743,1,MusicGen Medium
aime_musicgen_medium_00744,1,MusicGen Medium
aime_musicgen_medium_00745,1,MusicGen Medium
aime_musicgen_medium_00746,1,MusicGen Medium
aime_musicgen_medium_00747,1,MusicGen Medium
aime_musicgen_medium_00748,1,MusicGen Medium
aime_musicgen_medium_00749,1,MusicGen Medium
aime_musicgen_medium_00750,1,MusicGen Medium
aime_musicgen_medium_00751,1,MusicGen Medium
aime_musicgen_medium_00752,1,MusicGen Medium
aime_musicgen_medium_00753,1,MusicGen Medium
aime_musicgen_medium_00754,1,MusicGen Medium
aime_musicgen_medium_00755,1,MusicGen Medium
aime_musicgen_medium_00756,1,MusicGen Medium
aime_musicgen_medium_00757,1,MusicGen Medium
aime_musicgen_medium_00758,1,MusicGen Medium
aime_musicgen_medium_00759,1,MusicGen Medium
aime_musicgen_medium_00760,1,MusicGen Medium
aime_musicgen_medium_00761,1,MusicGen Medium
aime_musicgen_medium_00762,1,MusicGen Medium
aime_musicgen_medium_00763,1,MusicGen Medium
aime_musicgen_medium_00764,1,MusicGen Medium
aime_musicgen_medium_00765,1,MusicGen Medium
aime_musicgen_medium_00766,1,MusicGen Medium
aime_musicgen_medium_00767,1,MusicGen Medium
aime_musicgen_medium_00768,1,MusicGen Medium
aime_musicgen_medium_00769,1,MusicGen Medium
aime_musicgen_medium_00770,1,MusicGen Medium
aime_musicgen_medium_00771,1,MusicGen Medium
aime_musicgen_medium_00772,1,MusicGen Medium
aime_musicgen_medium_00773,1,MusicGen Medium
aime_musicgen_medium_00774,1,MusicGen Medium
aime_musicgen_medium_00775,1,MusicGen Medium
aime_musicgen_medium_00776,1,MusicGen Medium
aime_musicgen_medium_00777,1,MusicGen Medium
aime_musicgen_medium_00778,1,MusicGen Medium
aime_musicgen_medium_00779,1,MusicGen Medium
aime_musicgen_medium_00780,1,MusicGen Medium
aime_musicgen_medium_00781,1,MusicGen Medium
aime_musicgen_medium_00782,1,MusicGen Medium
aime_musicgen_medium_00783,1,MusicGen Medium
aime_musicgen_medium_00784,1,MusicGen Medium
aime_musicgen_medium_00785,1,MusicGen Medium
aime_musicgen_medium_00786,1,MusicGen Medium
aime_musicgen_medium_00787,1,MusicGen Medium
aime_musicgen_medium_00788,1,MusicGen Medium
aime_musicgen_medium_00789,1,MusicGen Medium
aime_musicgen_medium_00790,1,MusicGen Medium
aime_musicgen_medium_00791,1,MusicGen Medium
aime_musicgen_medium_00792,1,MusicGen Medium
aime_musicgen_medium_00793,1,MusicGen Medium
aime_musicgen_medium_00794,1,MusicGen Medium
aime_musicgen_medium_00795,1,MusicGen Medium
aime_musicgen_medium_00796,1,MusicGen Medium
aime_musicgen_medium_00797,1,MusicGen Medium
aime_musicgen_medium_00798,1,MusicGen Medium
aime_musicgen_medium_00799,1,MusicGen Medium
aime_musicgen_medium_00800,1,MusicGen Medium
aime_musicgen_medium_00801,1,MusicGen Medium
aime_musicgen_medium_00802,1,MusicGen Medium
aime_musicgen_medium_00803,1,MusicGen Medium
aime_musicgen_medium_00804,1,MusicGen Medium
aime_musicgen_medium_00805,1,MusicGen Medium
aime_musicgen_medium_00806,1,MusicGen Medium
aime_musicgen_medium_00807,1,MusicGen Medium
aime_musicgen_medium_00808,1,MusicGen Medium
aime_musicgen_medium_00809,1,MusicGen Medium
aime_musicgen_medium_00810,1,MusicGen Medium
aime_musicgen_medium_00811,1,MusicGen Medium
aime_musicgen_medium_00812,1,MusicGen Medium
aime_musicgen_medium_00813,1,MusicGen Medium
aime_musicgen_medium_00814,1,MusicGen Medium
aime_musicgen_medium_00815,1,MusicGen Medium
aime_musicgen_medium_00816,1,MusicGen Medium
aime_musicgen_medium_00817,1,MusicGen Medium
aime_musicgen_medium_00818,1,MusicGen Medium
aime_musicgen_medium_00819,1,MusicGen Medium
aime_musicgen_medium_00820,1,MusicGen Medium
aime_musicgen_medium_00821,1,MusicGen Medium
aime_musicgen_medium_00822,1,MusicGen Medium
aime_musicgen_medium_00823,1,MusicGen Medium
aime_musicgen_medium_00824,1,MusicGen Medium
aime_musicgen_medium_00825,1,MusicGen Medium
aime_musicgen_medium_00826,1,MusicGen Medium
aime_musicgen_medium_00827,1,MusicGen Medium
aime_musicgen_medium_00828,1,MusicGen Medium
aime_musicgen_medium_00829,1,MusicGen Medium
aime_musicgen_medium_00830,1,MusicGen Medium
aime_musicgen_medium_00831,1,MusicGen Medium
aime_musicgen_medium_00832,1,MusicGen Medium
aime_musicgen_medium_00833,1,MusicGen Medium
aime_musicgen_medium_00834,1,MusicGen Medium
aime_musicgen_medium_00835,1,MusicGen Medium
aime_musicgen_medium_00836,1,MusicGen Medium
aime_musicgen_medium_00837,1,MusicGen Medium
aime_musicgen_medium_00838,1,MusicGen Medium
aime_musicgen_medium_00839,1,MusicGen Medium
aime_musicgen_medium_00840,1,MusicGen Medium
aime_musicgen_medium_00841,1,MusicGen Medium
aime_musicgen_medium_00842,1,MusicGen Medium
aime_musicgen_medium_00843,1,MusicGen Medium
aime_musicgen_medium_00844,1,MusicGen Medium
aime_musicgen_medium_00845,1,MusicGen Medium
aime_musicgen_medium_00846,1,MusicGen Medium
aime_musicgen_medium_00847,1,MusicGen Medium
aime_musicgen_medium_00848,1,MusicGen Medium
aime_musicgen_medium_00849,1,MusicGen Medium
aime_musicgen_medium_00850,1,MusicGen Medium
aime_musicgen_medium_00851,1,MusicGen Medium
aime_musicgen_medium_00852,1,MusicGen Medium
aime_musicgen_medium_00853,1,MusicGen Medium
aime_musicgen_medium_00854,1,MusicGen Medium
aime_musicgen_medium_00855,1,MusicGen Medium
aime_musicgen_medium_00856,1,MusicGen Medium
aime_musicgen_medium_00857,1,MusicGen Medium
aime_musicgen_medium_00858,1,MusicGen Medium
aime_musicgen_medium_00859,1,MusicGen Medium
aime_musicgen_medium_00860,1,MusicGen Medium
aime_musicgen_medium_00861,1,MusicGen Medium
aime_musicgen_medium_00862,1,MusicGen Medium
aime_musicgen_medium_00863,1,MusicGen Medium
aime_musicgen_medium_00864,1,MusicGen Medium
aime_musicgen_medium_00865,1,MusicGen Medium
aime_musicgen_medium_00866,1,MusicGen Medium
aime_musicgen_medium_00867,1,MusicGen Medium
aime_musicgen_medium_00868,1,MusicGen Medium
aime_musicgen_medium_00869,1,MusicGen Medium
aime_musicgen_medium_00870,1,MusicGen Medium
aime_musicgen_medium_00871,1,MusicGen Medium
aime_musicgen_medium_00872,1,MusicGen Medium
aime_musicgen_medium_00873,1,MusicGen Medium
aime_musicgen_medium_00874,1,MusicGen Medium
aime_musicgen_medium_00875,1,MusicGen Medium
aime_musicgen_medium_00876,1,MusicGen Medium
aime_musicgen_medium_00877,1,MusicGen Medium
aime_musicgen_medium_00878,1,MusicGen Medium
aime_musicgen_medium_00879,1,MusicGen Medium
aime_musicgen_medium_00880,1,MusicGen Medium
aime_musicgen_medium_00881,1,MusicGen Medium
aime_musicgen_medium_00882,1,MusicGen Medium
aime_musicgen_medium_00883,1,MusicGen Medium
aime_musicgen_medium_00884,1,MusicGen Medium
aime_musicgen_medium_00885,1,MusicGen Medium
aime_musicgen_medium_00886,1,MusicGen Medium
aime_musicgen_medium_00887,1,MusicGen Medium
aime_musicgen_medium_00888,1,MusicGen Medium
aime_musicgen_medium_00889,1,MusicGen Medium
aime_musicgen_medium_00890,1,MusicGen Medium
aime_musicgen_medium_00891,1,MusicGen Medium
aime_musicgen_medium_00892,1,MusicGen Medium
aime_musicgen_medium_00893,1,MusicGen Medium
aime_musicgen_medium_00894,1,MusicGen Medium
aime_musicgen_medium_00895,1,MusicGen Medium
aime_musicgen_medium_00896,1,MusicGen Medium
aime_musicgen_medium_00897,1,MusicGen Medium
aime_musicgen_medium_00898,1,MusicGen Medium
aime_musicgen_medium_00899,1,MusicGen Medium
aime_musicgen_medium_00900,1,MusicGen Medium
aime_musicgen_medium_00901,1,MusicGen Medium
aime_musicgen_medium_00902,1,MusicGen Medium
aime_musicgen_medium_00903,1,MusicGen Medium
aime_musicgen_medium_00904,1,MusicGen Medium
aime_musicgen_medium_00905,1,MusicGen Medium
aime_musicgen_medium_00906,1,MusicGen Medium
aime_musicgen_medium_00907,1,MusicGen Medium
aime_musicgen_medium_00908,1,MusicGen Medium
aime_musicgen_medium_00909,1,MusicGen Medium
aime_musicgen_medium_00910,1,MusicGen Medium
aime_musicgen_medium_00911,1,MusicGen Medium
aime_musicgen_medium_00912,1,MusicGen Medium
aime_musicgen_medium_00913,1,MusicGen Medium
aime_musicgen_medium_00914,1,MusicGen Medium
aime_musicgen_medium_00915,1,MusicGen Medium
aime_musicgen_medium_00916,1,MusicGen Medium
aime_musicgen_medium_00917,1,MusicGen Medium
aime_musicgen_medium_00918,1,MusicGen Medium
aime_musicgen_medium_00919,1,MusicGen Medium
aime_musicgen_medium_00920,1,MusicGen Medium
aime_musicgen_medium_00921,1,MusicGen Medium
aime_musicgen_medium_00922,1,MusicGen Medium
aime_musicgen_medium_00923,1,MusicGen Medium
aime_musicgen_medium_00924,1,MusicGen Medium
aime_musicgen_medium_00925,1,MusicGen Medium
aime_musicgen_medium_00926,1,MusicGen Medium
aime_musicgen_medium_00927,1,MusicGen Medium
aime_musicgen_medium_00928,1,MusicGen Medium
aime_musicgen_medium_00929,1,MusicGen Medium
aime_musicgen_medium_00930,1,MusicGen Medium
aime_musicgen_medium_00931,1,MusicGen Medium
aime_musicgen_medium_00932,1,MusicGen Medium
aime_musicgen_medium_00933,1,MusicGen Medium
aime_musicgen_medium_00934,1,MusicGen Medium
aime_musicgen_medium_00935,1,MusicGen Medium
aime_musicgen_medium_00936,1,MusicGen Medium
aime_musicgen_medium_00937,1,MusicGen Medium
aime_musicgen_medium_00938,1,MusicGen Medium
aime_musicgen_medium_00939,1,MusicGen Medium
aime_musicgen_medium_00940,1,MusicGen Medium
aime_musicgen_medium_00941,1,MusicGen Medium
aime_musicgen_medium_00942,1,MusicGen Medium
aime_musicgen_medium_00943,1,MusicGen Medium
aime_musicgen_medium_00944,1,MusicGen Medium
aime_musicgen_medium_00945,1,MusicGen Medium
aime_musicgen_medium_00946,1,MusicGen Medium
aime_musicgen_medium_00947,1,MusicGen Medium
aime_musicgen_medium_00948,1,MusicGen Medium
aime_musicgen_medium_00949,1,MusicGen Medium
aime_musicgen_medium_00950,1,MusicGen Medium
aime_musicgen_medium_00951,1,MusicGen Medium
aime_musicgen_medium_00952,1,MusicGen Medium
aime_musicgen_medium_00953,1,MusicGen Medium
aime_musicgen_medium_00954,1,MusicGen Medium
aime_musicgen_medium_00955,1,MusicGen Medium
aime_musicgen_medium_00956,1,MusicGen Medium
aime_musicgen_medium_00957,1,MusicGen Medium
aime_musicgen_medium_00958,1,MusicGen Medium
aime_musicgen_medium_00959,1,MusicGen Medium
aime_musicgen_medium_00960,1,MusicGen Medium
aime_musicgen_medium_00961,1,MusicGen Medium
aime_musicgen_medium_00962,1,MusicGen Medium
aime_musicgen_medium_00963,1,MusicGen Medium
aime_musicgen_medium_00964,1,MusicGen Medium
aime_musicgen_medium_00965,1,MusicGen Medium
aime_musicgen_medium_00966,1,MusicGen Medium
aime_musicgen_medium_00967,1,MusicGen Medium
aime_musicgen_medium_00968,1,MusicGen Medium
aime_musicgen_medium_00969,1,MusicGen Medium
aime_musicgen_medium_00970,1,MusicGen Medium
aime_musicgen_medium_00971,1,MusicGen Medium
aime_musicgen_medium_00972,1,MusicGen Medium
aime_musicgen_medium_00973,1,MusicGen Medium
aime_musicgen_medium_00974,1,MusicGen Medium
aime_musicgen_medium_00975,1,MusicGen Medium
aime_musicgen_medium_00976,1,MusicGen Medium
aime_musicgen_medium_00977,1,MusicGen Medium
aime_musicgen_medium_00978,1,MusicGen Medium
aime_musicgen_medium_00979,1,MusicGen Medium
aime_musicgen_medium_00980,1,MusicGen Medium
aime_musicgen_medium_00981,1,MusicGen Medium
aime_musicgen_medium_00982,1,MusicGen Medium
aime_musicgen_medium_00983,1,MusicGen Medium
aime_musicgen_medium_00984,1,MusicGen Medium
aime_musicgen_medium_00985,1,MusicGen Medium
aime_musicgen_medium_00986,1,MusicGen Medium
aime_musicgen_medium_00987,1,MusicGen Medium
aime_musicgen_medium_00988,1,MusicGen Medium
aime_musicgen_medium_00989,1,MusicGen Medium
aime_musicgen_medium_00990,1,MusicGen Medium
aime_musicgen_medium_00991,1,MusicGen Medium
aime_musicgen_medium_00992,1,MusicGen Medium
aime_musicgen_medium_00993,1,MusicGen Medium
aime_musicgen_medium_00994,1,MusicGen Medium
aime_musicgen_medium_00995,1,MusicGen Medium
aime_musicgen_medium_00996,1,MusicGen Medium
aime_musicgen_medium_00997,1,MusicGen Medium
aime_musicgen_medium_00998,1,MusicGen Medium
aime_musicgen_medium_00999,1,MusicGen Medium
aime_musicgen_medium_01000,1,MusicGen Medium
aime_musicgen_small_00001,1,MusicGen Small
aime_musicgen_small_00002,1,MusicGen Small
aime_musicgen_small_00003,1,MusicGen Small
aime_musicgen_small_00004,1,MusicGen Small
aime_musicgen_small_00005,1,MusicGen Small
aime_musicgen_small_00006,1,MusicGen Small
aime_musicgen_small_00007,1,MusicGen Small
aime_musicgen_small_00008,1,MusicGen Small
aime_musicgen_small_00009,1,MusicGen Small
aime_musicgen_small_00010,1,MusicGen Small
aime_musicgen_small_00011,1,MusicGen Small
aime_musicgen_small_00012,1,MusicGen Small
aime_musicgen_small_00013,1,MusicGen Small
aime_musicgen_small_00014,1,MusicGen Small
aime_musicgen_small_00015,1,MusicGen Small
aime_musicgen_small_00016,1,MusicGen Small
aime_musicgen_small_00017,1,MusicGen Small
aime_musicgen_small_00018,1,MusicGen Small
aime_musicgen_small_00019,1,MusicGen Small
aime_musicgen_small_00020,1,MusicGen Small
aime_musicgen_small_00021,1,MusicGen Small
aime_musicgen_small_00022,1,MusicGen Small
aime_musicgen_small_00023,1,MusicGen Small
aime_musicgen_small_00024,1,MusicGen Small
aime_musicgen_small_00025,1,MusicGen Small
aime_musicgen_small_00026,1,MusicGen Small
aime_musicgen_small_00027,1,MusicGen Small
aime_musicgen_small_00028,1,MusicGen Small
aime_musicgen_small_00029,1,MusicGen Small
aime_musicgen_small_00030,1,MusicGen Small
aime_musicgen_small_00031,1,MusicGen Small
aime_musicgen_small_00032,1,MusicGen Small
aime_musicgen_small_00033,1,MusicGen Small
aime_musicgen_small_00034,1,MusicGen Small
aime_musicgen_small_00035,1,MusicGen Small
aime_musicgen_small_00036,1,MusicGen Small
aime_musicgen_small_00037,1,MusicGen Small
aime_musicgen_small_00038,1,MusicGen Small
aime_musicgen_small_00039,1,MusicGen Small
aime_musicgen_small_00040,1,MusicGen Small
aime_musicgen_small_00041,1,MusicGen Small
aime_musicgen_small_00042,1,MusicGen Small
aime_musicgen_small_00043,1,MusicGen Small
aime_musicgen_small_00044,1,MusicGen Small
aime_musicgen_small_00045,1,MusicGen Small
aime_musicgen_small_00046,1,MusicGen Small
aime_musicgen_small_00047,1,MusicGen Small
aime_musicgen_small_00048,1,MusicGen Small
aime_musicgen_small_00049,1,MusicGen Small
aime_musicgen_small_00050,1,MusicGen Small
aime_musicgen_small_00051,1,MusicGen Small
aime_musicgen_small_00052,1,MusicGen Small
aime_musicgen_small_00053,1,MusicGen Small
aime_musicgen_small_00054,1,MusicGen Small
aime_musicgen_small_00055,1,MusicGen Small
aime_musicgen_small_00056,1,MusicGen Small
aime_musicgen_small_00057,1,MusicGen Small
aime_musicgen_small_00058,1,MusicGen Small
aime_musicgen_small_00059,1,MusicGen Small
aime_musicgen_small_00060,1,MusicGen Small
aime_musicgen_small_00061,1,MusicGen Small
aime_musicgen_small_00062,1,MusicGen Small
aime_musicgen_small_00063,1,MusicGen Small
aime_musicgen_small_00064,1,MusicGen Small
aime_musicgen_small_00065,1,MusicGen Small
aime_musicgen_small_00066,1,MusicGen Small
aime_musicgen_small_00067,1,MusicGen Small
aime_musicgen_small_00068,1,MusicGen Small
aime_musicgen_small_00069,1,MusicGen Small
aime_musicgen_small_00070,1,MusicGen Small
aime_musicgen_small_00071,1,MusicGen Small
aime_musicgen_small_00072,1,MusicGen Small
aime_musicgen_small_00073,1,MusicGen Small
aime_musicgen_small_00074,1,MusicGen Small
aime_musicgen_small_00075,1,MusicGen Small
aime_musicgen_small_00076,1,MusicGen Small
aime_musicgen_small_00077,1,MusicGen Small
aime_musicgen_small_00078,1,MusicGen Small
aime_musicgen_small_00079,1,MusicGen Small
aime_musicgen_small_00080,1,MusicGen Small
aime_musicgen_small_00081,1,MusicGen Small
aime_musicgen_small_00082,1,MusicGen Small
aime_musicgen_small_00083,1,MusicGen Small
aime_musicgen_small_00084,1,MusicGen Small
aime_musicgen_small_00085,1,MusicGen Small
aime_musicgen_small_00086,1,MusicGen Small
aime_musicgen_small_00087,1,MusicGen Small
aime_musicgen_small_00088,1,MusicGen Small
aime_musicgen_small_00089,1,MusicGen Small
aime_musicgen_small_00090,1,MusicGen Small
aime_musicgen_small_00091,1,MusicGen Small
aime_musicgen_small_00092,1,MusicGen Small
aime_musicgen_small_00093,1,MusicGen Small
aime_musicgen_small_00094,1,MusicGen Small
aime_musicgen_small_00095,1,MusicGen Small
aime_musicgen_small_00096,1,MusicGen Small
aime_musicgen_small_00097,1,MusicGen Small
aime_musicgen_small_00098,1,MusicGen Small
aime_musicgen_small_00099,1,MusicGen Small
aime_musicgen_small_00100,1,MusicGen Small
aime_musicgen_small_00101,1,MusicGen Small
aime_musicgen_small_00102,1,MusicGen Small
aime_musicgen_small_00103,1,MusicGen Small
aime_musicgen_small_00104,1,MusicGen Small
aime_musicgen_small_00105,1,MusicGen Small
aime_musicgen_small_00106,1,MusicGen Small
aime_musicgen_small_00107,1,MusicGen Small
aime_musicgen_small_00108,1,MusicGen Small
aime_musicgen_small_00109,1,MusicGen Small
aime_musicgen_small_00110,1,MusicGen Small
aime_musicgen_small_00111,1,MusicGen Small
aime_musicgen_small_00112,1,MusicGen Small
aime_musicgen_small_00113,1,MusicGen Small
aime_musicgen_small_00114,1,MusicGen Small
aime_musicgen_small_00115,1,MusicGen Small
aime_musicgen_small_00116,1,MusicGen Small
aime_musicgen_small_00117,1,MusicGen Small
aime_musicgen_small_00118,1,MusicGen Small
aime_musicgen_small_00119,1,MusicGen Small
aime_musicgen_small_00120,1,MusicGen Small
aime_musicgen_small_00121,1,MusicGen Small
aime_musicgen_small_00122,1,MusicGen Small
aime_musicgen_small_00123,1,MusicGen Small
aime_musicgen_small_00124,1,MusicGen Small
aime_musicgen_small_00125,1,MusicGen Small
aime_musicgen_small_00126,1,MusicGen Small
aime_musicgen_small_00127,1,MusicGen Small
aime_musicgen_small_00128,1,MusicGen Small
aime_musicgen_small_00129,1,MusicGen Small
aime_musicgen_small_00130,1,MusicGen Small
aime_musicgen_small_00131,1,MusicGen Small
aime_musicgen_small_00132,1,MusicGen Small
aime_musicgen_small_00133,1,MusicGen Small
aime_musicgen_small_00134,1,MusicGen Small
aime_musicgen_small_00135,1,MusicGen Small
aime_musicgen_small_00136,1,MusicGen Small
aime_musicgen_small_00137,1,MusicGen Small
aime_musicgen_small_00138,1,MusicGen Small
aime_musicgen_small_00139,1,MusicGen Small
aime_musicgen_small_00140,1,MusicGen Small
aime_musicgen_small_00141,1,MusicGen Small
aime_musicgen_small_00142,1,MusicGen Small
aime_musicgen_small_00143,1,MusicGen Small
aime_musicgen_small_00144,1,MusicGen Small
aime_musicgen_small_00145,1,MusicGen Small
aime_musicgen_small_00146,1,MusicGen Small
aime_musicgen_small_00147,1,MusicGen Small
aime_musicgen_small_00148,1,MusicGen Small
aime_musicgen_small_00149,1,MusicGen Small
aime_musicgen_small_00150,1,MusicGen Small
aime_musicgen_small_00151,1,MusicGen Small
aime_musicgen_small_00152,1,MusicGen Small
aime_musicgen_small_00153,1,MusicGen Small
aime_musicgen_small_00154,1,MusicGen Small
aime_musicgen_small_00155,1,MusicGen Small
aime_musicgen_small_00156,1,MusicGen Small
aime_musicgen_small_00157,1,MusicGen Small
aime_musicgen_small_00158,1,MusicGen Small
aime_musicgen_small_00159,1,MusicGen Small
aime_musicgen_small_00160,1,MusicGen Small
aime_musicgen_small_00161,1,MusicGen Small
aime_musicgen_small_00162,1,MusicGen Small
aime_musicgen_small_00163,1,MusicGen Small
aime_musicgen_small_00164,1,MusicGen Small
aime_musicgen_small_00165,1,MusicGen Small
aime_musicgen_small_00166,1,MusicGen Small
aime_musicgen_small_00167,1,MusicGen Small
aime_musicgen_small_00168,1,MusicGen Small
aime_musicgen_small_00169,1,MusicGen Small
aime_musicgen_small_00170,1,MusicGen Small
aime_musicgen_small_00171,1,MusicGen Small
aime_musicgen_small_00172,1,MusicGen Small
aime_musicgen_small_00173,1,MusicGen Small
aime_musicgen_small_00174,1,MusicGen Small
aime_musicgen_small_00175,1,MusicGen Small
aime_musicgen_small_00176,1,MusicGen Small
aime_musicgen_small_00177,1,MusicGen Small
aime_musicgen_small_00178,1,MusicGen Small
aime_musicgen_small_00179,1,MusicGen Small
aime_musicgen_small_00180,1,MusicGen Small
aime_musicgen_small_00181,1,MusicGen Small
aime_musicgen_small_00182,1,MusicGen Small
aime_musicgen_small_00183,1,MusicGen Small
aime_musicgen_small_00184,1,MusicGen Small
aime_musicgen_small_00185,1,MusicGen Small
aime_musicgen_small_00186,1,MusicGen Small
aime_musicgen_small_00187,1,MusicGen Small
aime_musicgen_small_00188,1,MusicGen Small
aime_musicgen_small_00189,1,MusicGen Small
aime_musicgen_small_00190,1,MusicGen Small
aime_musicgen_small_00191,1,MusicGen Small
aime_musicgen_small_00192,1,MusicGen Small
aime_musicgen_small_00193,1,MusicGen Small
aime_musicgen_small_00194,1,MusicGen Small
aime_musicgen_small_00195,1,MusicGen Small
aime_musicgen_small_00196,1,MusicGen Small
aime_musicgen_small_00197,1,MusicGen Small
aime_musicgen_small_00198,1,MusicGen Small
aime_musicgen_small_00199,1,MusicGen Small
aime_musicgen_small_00200,1,MusicGen Small
aime_musicgen_small_00201,1,MusicGen Small
aime_musicgen_small_00202,1,MusicGen Small
aime_musicgen_small_00203,1,MusicGen Small
aime_musicgen_small_00204,1,MusicGen Small
aime_musicgen_small_00205,1,MusicGen Small
aime_musicgen_small_00206,1,MusicGen Small
aime_musicgen_small_00207,1,MusicGen Small
aime_musicgen_small_00208,1,MusicGen Small
aime_musicgen_small_00209,1,MusicGen Small
aime_musicgen_small_00210,1,MusicGen Small
aime_musicgen_small_00211,1,MusicGen Small
aime_musicgen_small_00212,1,MusicGen Small
aime_musicgen_small_00213,1,MusicGen Small
aime_musicgen_small_00214,1,MusicGen Small
aime_musicgen_small_00215,1,MusicGen Small
aime_musicgen_small_00216,1,MusicGen Small
aime_musicgen_small_00217,1,MusicGen Small
aime_musicgen_small_00218,1,MusicGen Small
aime_musicgen_small_00219,1,MusicGen Small
aime_musicgen_small_00220,1,MusicGen Small
aime_musicgen_small_00221,1,MusicGen Small
aime_musicgen_small_00222,1,MusicGen Small
aime_musicgen_small_00223,1,MusicGen Small
aime_musicgen_small_00224,1,MusicGen Small
aime_musicgen_small_00225,1,MusicGen Small
aime_musicgen_small_00226,1,MusicGen Small
aime_musicgen_small_00227,1,MusicGen Small
aime_musicgen_small_00228,1,MusicGen Small
aime_musicgen_small_00229,1,MusicGen Small
aime_musicgen_small_00230,1,MusicGen Small
aime_musicgen_small_00231,1,MusicGen Small
aime_musicgen_small_00232,1,MusicGen Small
aime_musicgen_small_00233,1,MusicGen Small
aime_musicgen_small_00234,1,MusicGen Small
aime_musicgen_small_00235,1,MusicGen Small
aime_musicgen_small_00236,1,MusicGen Small
aime_musicgen_small_00237,1,MusicGen Small
aime_musicgen_small_00238,1,MusicGen Small
aime_musicgen_small_00239,1,MusicGen Small
aime_musicgen_small_00240,1,MusicGen Small
aime_musicgen_small_00241,1,MusicGen Small
aime_musicgen_small_00242,1,MusicGen Small
aime_musicgen_small_00243,1,MusicGen Small
aime_musicgen_small_00244,1,MusicGen Small
aime_musicgen_small_00245,1,MusicGen Small
aime_musicgen_small_00246,1,MusicGen Small
aime_musicgen_small_00247,1,MusicGen Small
aime_musicgen_small_00248,1,MusicGen Small
aime_musicgen_small_00249,1,MusicGen Small
aime_musicgen_small_00250,1,MusicGen Small
aime_musicgen_small_00251,1,MusicGen Small
aime_musicgen_small_00252,1,MusicGen Small
aime_musicgen_small_00253,1,MusicGen Small
aime_musicgen_small_00254,1,MusicGen Small
aime_musicgen_small_00255,1,MusicGen Small
aime_musicgen_small_00256,1,MusicGen Small
aime_musicgen_small_00257,1,MusicGen Small
aime_musicgen_small_00258,1,MusicGen Small
aime_musicgen_small_00259,1,MusicGen Small
aime_musicgen_small_00260,1,MusicGen Small
aime_musicgen_small_00261,1,MusicGen Small
aime_musicgen_small_00262,1,MusicGen Small
aime_musicgen_small_00263,1,MusicGen Small
aime_musicgen_small_00264,1,MusicGen Small
aime_musicgen_small_00265,1,MusicGen Small
aime_musicgen_small_00266,1,MusicGen Small
aime_musicgen_small_00267,1,MusicGen Small
aime_musicgen_small_00268,1,MusicGen Small
aime_musicgen_small_00269,1,MusicGen Small
aime_musicgen_small_00270,1,MusicGen Small
aime_musicgen_small_00271,1,MusicGen Small
aime_musicgen_small_00272,1,MusicGen Small
aime_musicgen_small_00273,1,MusicGen Small
aime_musicgen_small_00274,1,MusicGen Small
aime_musicgen_small_00275,1,MusicGen Small
aime_musicgen_small_00276,1,MusicGen Small
aime_musicgen_small_00277,1,MusicGen Small
aime_musicgen_small_00278,1,MusicGen Small
aime_musicgen_small_00279,1,MusicGen Small
aime_musicgen_small_00280,1,MusicGen Small
aime_musicgen_small_00281,1,MusicGen Small
aime_musicgen_small_00282,1,MusicGen Small
aime_musicgen_small_00283,1,MusicGen Small
aime_musicgen_small_00284,1,MusicGen Small
aime_musicgen_small_00285,1,MusicGen Small
aime_musicgen_small_00286,1,MusicGen Small
aime_musicgen_small_00287,1,MusicGen Small
aime_musicgen_small_00288,1,MusicGen Small
aime_musicgen_small_00289,1,MusicGen Small
aime_musicgen_small_00290,1,MusicGen Small
aime_musicgen_small_00291,1,MusicGen Small
aime_musicgen_small_00292,1,MusicGen Small
aime_musicgen_small_00293,1,MusicGen Small
aime_musicgen_small_00294,1,MusicGen Small
aime_musicgen_small_00295,1,MusicGen Small
aime_musicgen_small_00296,1,MusicGen Small
aime_musicgen_small_00297,1,MusicGen Small
aime_musicgen_small_00298,1,MusicGen Small
aime_musicgen_small_00299,1,MusicGen Small
aime_musicgen_small_00300,1,MusicGen Small
aime_musicgen_small_00301,1,MusicGen Small
aime_musicgen_small_00302,1,MusicGen Small
aime_musicgen_small_00303,1,MusicGen Small
aime_musicgen_small_00304,1,MusicGen Small
aime_musicgen_small_00305,1,MusicGen Small
aime_musicgen_small_00306,1,MusicGen Small
aime_musicgen_small_00307,1,MusicGen Small
aime_musicgen_small_00308,1,MusicGen Small
aime_musicgen_small_00309,1,MusicGen Small
aime_musicgen_small_00310,1,MusicGen Small
aime_musicgen_small_00311,1,MusicGen Small
aime_musicgen_small_00312,1,MusicGen Small
aime_musicgen_small_00313,1,MusicGen Small
aime_musicgen_small_00314,1,MusicGen Small
aime_musicgen_small_00315,1,MusicGen Small
aime_musicgen_small_00316,1,MusicGen Small
aime_musicgen_small_00317,1,MusicGen Small
aime_musicgen_small_00318,1,MusicGen Small
aime_musicgen_small_00319,1,MusicGen Small
aime_musicgen_small_00320,1,MusicGen Small
aime_musicgen_small_00321,1,MusicGen Small
aime_musicgen_small_00322,1,MusicGen Small
aime_musicgen_small_00323,1,MusicGen Small
aime_musicgen_small_00324,1,MusicGen Small
aime_musicgen_small_00325,1,MusicGen Small
aime_musicgen_small_00326,1,MusicGen Small
aime_musicgen_small_00327,1,MusicGen Small
aime_musicgen_small_00328,1,MusicGen Small
aime_musicgen_small_00329,1,MusicGen Small
aime_musicgen_small_00330,1,MusicGen Small
aime_musicgen_small_00331,1,MusicGen Small
aime_musicgen_small_00332,1,MusicGen Small
aime_musicgen_small_00333,1,MusicGen Small
aime_musicgen_small_00334,1,MusicGen Small
aime_musicgen_small_00335,1,MusicGen Small
aime_musicgen_small_00336,1,MusicGen Small
aime_musicgen_small_00337,1,MusicGen Small
aime_musicgen_small_00338,1,MusicGen Small
aime_musicgen_small_00339,1,MusicGen Small
aime_musicgen_small_00340,1,MusicGen Small
aime_musicgen_small_00341,1,MusicGen Small
aime_musicgen_small_00342,1,MusicGen Small
aime_musicgen_small_00343,1,MusicGen Small
aime_musicgen_small_00344,1,MusicGen Small
aime_musicgen_small_00345,1,MusicGen Small
aime_musicgen_small_00346,1,MusicGen Small
aime_musicgen_small_00347,1,MusicGen Small
aime_musicgen_small_00348,1,MusicGen Small
aime_musicgen_small_00349,1,MusicGen Small
aime_musicgen_small_00350,1,MusicGen Small
aime_musicgen_small_00351,1,MusicGen Small
aime_musicgen_small_00352,1,MusicGen Small
aime_musicgen_small_00353,1,MusicGen Small
aime_musicgen_small_00354,1,MusicGen Small
aime_musicgen_small_00355,1,MusicGen Small
aime_musicgen_small_00356,1,MusicGen Small
aime_musicgen_small_00357,1,MusicGen Small
aime_musicgen_small_00358,1,MusicGen Small
aime_musicgen_small_00359,1,MusicGen Small
aime_musicgen_small_00360,1,MusicGen Small
aime_musicgen_small_00361,1,MusicGen Small
aime_musicgen_small_00362,1,MusicGen Small
aime_musicgen_small_00363,1,MusicGen Small
aime_musicgen_small_00364,1,MusicGen Small
aime_musicgen_small_00365,1,MusicGen Small
aime_musicgen_small_00366,1,MusicGen Small
aime_musicgen_small_00367,1,MusicGen Small
aime_musicgen_small_00368,1,MusicGen Small
aime_musicgen_small_00369,1,MusicGen Small
aime_musicgen_small_00370,1,MusicGen Small
aime_musicgen_small_00371,1,MusicGen Small
aime_musicgen_small_00372,1,MusicGen Small
aime_musicgen_small_00373,1,MusicGen Small
aime_musicgen_small_00374,1,MusicGen Small
aime_musicgen_small_00375,1,MusicGen Small
aime_musicgen_small_00376,1,MusicGen Small
aime_musicgen_small_00377,1,MusicGen Small
aime_musicgen_small_00378,1,MusicGen Small
aime_musicgen_small_00379,1,MusicGen Small
aime_musicgen_small_00380,1,MusicGen Small
aime_musicgen_small_00381,1,MusicGen Small
aime_musicgen_small_00382,1,MusicGen Small
aime_musicgen_small_00383,1,MusicGen Small
aime_musicgen_small_00384,1,MusicGen Small
aime_musicgen_small_00385,1,MusicGen Small
aime_musicgen_small_00386,1,MusicGen Small
aime_musicgen_small_00387,1,MusicGen Small
aime_musicgen_small_00388,1,MusicGen Small
aime_musicgen_small_00389,1,MusicGen Small
aime_musicgen_small_00390,1,MusicGen Small
aime_musicgen_small_00391,1,MusicGen Small
aime_musicgen_small_00392,1,MusicGen Small
aime_musicgen_small_00393,1,MusicGen Small
aime_musicgen_small_00394,1,MusicGen Small
aime_musicgen_small_00395,1,MusicGen Small
aime_musicgen_small_00396,1,MusicGen Small
aime_musicgen_small_00397,1,MusicGen Small
aime_musicgen_small_00398,1,MusicGen Small
aime_musicgen_small_00399,1,MusicGen Small
aime_musicgen_small_00400,1,MusicGen Small
aime_musicgen_small_00401,1,MusicGen Small
aime_musicgen_small_00402,1,MusicGen Small
aime_musicgen_small_00403,1,MusicGen Small
aime_musicgen_small_00404,1,MusicGen Small
aime_musicgen_small_00405,1,MusicGen Small
aime_musicgen_small_00406,1,MusicGen Small
aime_musicgen_small_00407,1,MusicGen Small
aime_musicgen_small_00408,1,MusicGen Small
aime_musicgen_small_00409,1,MusicGen Small
aime_musicgen_small_00410,1,MusicGen Small
aime_musicgen_small_00411,1,MusicGen Small
aime_musicgen_small_00412,1,MusicGen Small
aime_musicgen_small_00413,1,MusicGen Small
aime_musicgen_small_00414,1,MusicGen Small
aime_musicgen_small_00415,1,MusicGen Small
aime_musicgen_small_00416,1,MusicGen Small
aime_musicgen_small_00417,1,MusicGen Small
aime_musicgen_small_00418,1,MusicGen Small
aime_musicgen_small_00419,1,MusicGen Small
aime_musicgen_small_00420,1,MusicGen Small
aime_musicgen_small_00421,1,MusicGen Small
aime_musicgen_small_00422,1,MusicGen Small
aime_musicgen_small_00423,1,MusicGen Small
aime_musicgen_small_00424,1,MusicGen Small
aime_musicgen_small_00425,1,MusicGen Small
aime_musicgen_small_00426,1,MusicGen Small
aime_musicgen_small_00427,1,MusicGen Small
aime_musicgen_small_00428,1,MusicGen Small
aime_musicgen_small_00429,1,MusicGen Small
aime_musicgen_small_00430,1,MusicGen Small
aime_musicgen_small_00431,1,MusicGen Small
aime_musicgen_small_00432,1,MusicGen Small
aime_musicgen_small_00433,1,MusicGen Small
aime_musicgen_small_00434,1,MusicGen Small
aime_musicgen_small_00435,1,MusicGen Small
aime_musicgen_small_00436,1,MusicGen Small
aime_musicgen_small_00437,1,MusicGen Small
aime_musicgen_small_00438,1,MusicGen Small
aime_musicgen_small_00439,1,MusicGen Small
aime_musicgen_small_00440,1,MusicGen Small
aime_musicgen_small_00441,1,MusicGen Small
aime_musicgen_small_00442,1,MusicGen Small
aime_musicgen_small_00443,1,MusicGen Small
aime_musicgen_small_00444,1,MusicGen Small
aime_musicgen_small_00445,1,MusicGen Small
aime_musicgen_small_00446,1,MusicGen Small
aime_musicgen_small_00447,1,MusicGen Small
aime_musicgen_small_00448,1,MusicGen Small
aime_musicgen_small_00449,1,MusicGen Small
aime_musicgen_small_00450,1,MusicGen Small
aime_musicgen_small_00451,1,MusicGen Small
aime_musicgen_small_00452,1,MusicGen Small
aime_musicgen_small_00453,1,MusicGen Small
aime_musicgen_small_00454,1,MusicGen Small
aime_musicgen_small_00455,1,MusicGen Small
aime_musicgen_small_00456,1,MusicGen Small
aime_musicgen_small_00457,1,MusicGen Small
aime_musicgen_small_00458,1,MusicGen Small
aime_musicgen_small_00459,1,MusicGen Small
aime_musicgen_small_00460,1,MusicGen Small
aime_musicgen_small_00461,1,MusicGen Small
aime_musicgen_small_00462,1,MusicGen Small
aime_musicgen_small_00463,1,MusicGen Small
aime_musicgen_small_00464,1,MusicGen Small
aime_musicgen_small_00465,1,MusicGen Small
aime_musicgen_small_00466,1,MusicGen Small
aime_musicgen_small_00467,1,MusicGen Small
aime_musicgen_small_00468,1,MusicGen Small
aime_musicgen_small_00469,1,MusicGen Small
aime_musicgen_small_00470,1,MusicGen Small
aime_musicgen_small_00471,1,MusicGen Small
aime_musicgen_small_00472,1,MusicGen Small
aime_musicgen_small_00473,1,MusicGen Small
aime_musicgen_small_00474,1,MusicGen Small
aime_musicgen_small_00475,1,MusicGen Small
aime_musicgen_small_00476,1,MusicGen Small
aime_musicgen_small_00477,1,MusicGen Small
aime_musicgen_small_00478,1,MusicGen Small
aime_musicgen_small_00479,1,MusicGen Small
aime_musicgen_small_00480,1,MusicGen Small
aime_musicgen_small_00481,1,MusicGen Small
aime_musicgen_small_00482,1,MusicGen Small
aime_musicgen_small_00483,1,MusicGen Small
aime_musicgen_small_00484,1,MusicGen Small
aime_musicgen_small_00485,1,MusicGen Small
aime_musicgen_small_00486,1,MusicGen Small
aime_musicgen_small_00487,1,MusicGen Small
aime_musicgen_small_00488,1,MusicGen Small
aime_musicgen_small_00489,1,MusicGen Small
aime_musicgen_small_00490,1,MusicGen Small
aime_musicgen_small_00491,1,MusicGen Small
aime_musicgen_small_00492,1,MusicGen Small
aime_musicgen_small_00493,1,MusicGen Small
aime_musicgen_small_00494,1,MusicGen Small
aime_musicgen_small_00495,1,MusicGen Small
aime_musicgen_small_00496,1,MusicGen Small
aime_musicgen_small_00497,1,MusicGen Small
aime_musicgen_small_00498,1,MusicGen Small
aime_musicgen_small_00499,1,MusicGen Small
aime_musicgen_small_00500,1,MusicGen Small
aime_mustango_03001,1,Mustango
aime_mustango_03002,1,Mustango
aime_mustango_03003,1,Mustango
aime_mustango_03004,1,Mustango
aime_mustango_03005,1,Mustango
aime_mustango_03006,1,Mustango
aime_mustango_03007,1,Mustango
aime_mustango_03008,1,Mustango
aime_mustango_03009,1,Mustango
aime_mustango_03010,1,Mustango
aime_mustango_03011,1,Mustango
aime_mustango_03012,1,Mustango
aime_mustango_03013,1,Mustango
aime_mustango_03014,1,Mustango
aime_mustango_03015,1,Mustango
aime_mustango_03016,1,Mustango
aime_mustango_03017,1,Mustango
aime_mustango_03018,1,Mustango
aime_mustango_03019,1,Mustango
aime_mustango_03020,1,Mustango
aime_mustango_03021,1,Mustango
aime_mustango_03022,1,Mustango
aime_mustango_03023,1,Mustango
aime_mustango_03024,1,Mustango
aime_mustango_03025,1,Mustango
aime_mustango_03026,1,Mustango
aime_mustango_03027,1,Mustango
aime_mustango_03028,1,Mustango
aime_mustango_03029,1,Mustango
aime_mustango_03030,1,Mustango
aime_mustango_03031,1,Mustango
aime_mustango_03032,1,Mustango
aime_mustango_03033,1,Mustango
aime_mustango_03034,1,Mustango
aime_mustango_03035,1,Mustango
aime_mustango_03036,1,Mustango
aime_mustango_03037,1,Mustango
aime_mustango_03038,1,Mustango
aime_mustango_03039,1,Mustango
aime_mustango_03040,1,Mustango
aime_mustango_03041,1,Mustango
aime_mustango_03042,1,Mustango
aime_mustango_03043,1,Mustango
aime_mustango_03044,1,Mustango
aime_mustango_03045,1,Mustango
aime_mustango_03046,1,Mustango
aime_mustango_03047,1,Mustango
aime_mustango_03048,1,Mustango
aime_mustango_03049,1,Mustango
aime_mustango_03050,1,Mustango
aime_mustango_03051,1,Mustango
aime_mustango_03052,1,Mustango
aime_mustango_03053,1,Mustango
aime_mustango_03054,1,Mustango
aime_mustango_03055,1,Mustango
aime_mustango_03056,1,Mustango
aime_mustango_03057,1,Mustango
aime_mustango_03058,1,Mustango
aime_mustango_03059,1,Mustango
aime_mustango_03060,1,Mustango
aime_mustango_03061,1,Mustango
aime_mustango_03062,1,Mustango
aime_mustango_03063,1,Mustango
aime_mustango_03064,1,Mustango
aime_mustango_03065,1,Mustango
aime_mustango_03066,1,Mustango
aime_mustango_03067,1,Mustango
aime_mustango_03068,1,Mustango
aime_mustango_03069,1,Mustango
aime_mustango_03070,1,Mustango
aime_mustango_03071,1,Mustango
aime_mustango_03072,1,Mustango
aime_mustango_03073,1,Mustango
aime_mustango_03074,1,Mustango
aime_mustango_03075,1,Mustango
aime_mustango_03076,1,Mustango
aime_mustango_03077,1,Mustango
aime_mustango_03078,1,Mustango
aime_mustango_03079,1,Mustango
aime_mustango_03080,1,Mustango
aime_mustango_03081,1,Mustango
aime_mustango_03082,1,Mustango
aime_mustango_03083,1,Mustango
aime_mustango_03084,1,Mustango
aime_mustango_03085,1,Mustango
aime_mustango_03086,1,Mustango
aime_mustango_03087,1,Mustango
aime_mustango_03088,1,Mustango
aime_mustango_03089,1,Mustango
aime_mustango_03090,1,Mustango
aime_mustango_03091,1,Mustango
aime_mustango_03092,1,Mustango
aime_mustango_03093,1,Mustango
aime_mustango_03094,1,Mustango
aime_mustango_03095,1,Mustango
aime_mustango_03096,1,Mustango
aime_mustango_03097,1,Mustango
aime_mustango_03098,1,Mustango
aime_mustango_03099,1,Mustango
aime_mustango_03100,1,Mustango
aime_mustango_03101,1,Mustango
aime_mustango_03102,1,Mustango
aime_mustango_03103,1,Mustango
aime_mustango_03104,1,Mustango
aime_mustango_03105,1,Mustango
aime_mustango_03106,1,Mustango
aime_mustango_03107,1,Mustango
aime_mustango_03108,1,Mustango
aime_mustango_03109,1,Mustango
aime_mustango_03110,1,Mustango
aime_mustango_03111,1,Mustango
aime_mustango_03112,1,Mustango
aime_mustango_03113,1,Mustango
aime_mustango_03114,1,Mustango
aime_mustango_03115,1,Mustango
aime_mustango_03116,1,Mustango
aime_mustango_03117,1,Mustango
aime_mustango_03118,1,Mustango
aime_mustango_03119,1,Mustango
aime_mustango_03120,1,Mustango
aime_mustango_03121,1,Mustango
aime_mustango_03122,1,Mustango
aime_mustango_03123,1,Mustango
aime_mustango_03124,1,Mustango
aime_mustango_03125,1,Mustango
aime_mustango_03126,1,Mustango
aime_mustango_03127,1,Mustango
aime_mustango_03128,1,Mustango
aime_mustango_03129,1,Mustango
aime_mustango_03130,1,Mustango
aime_mustango_03131,1,Mustango
aime_mustango_03132,1,Mustango
aime_mustango_03133,1,Mustango
aime_mustango_03134,1,Mustango
aime_mustango_03135,1,Mustango
aime_mustango_03136,1,Mustango
aime_mustango_03137,1,Mustango
aime_mustango_03138,1,Mustango
aime_mustango_03139,1,Mustango
aime_mustango_03140,1,Mustango
aime_mustango_03141,1,Mustango
aime_mustango_03142,1,Mustango
aime_mustango_03143,1,Mustango
aime_mustango_03144,1,Mustango
aime_mustango_03145,1,Mustango
aime_mustango_03146,1,Mustango
aime_mustango_03147,1,Mustango
aime_mustango_03148,1,Mustango
aime_mustango_03149,1,Mustango
aime_mustango_03150,1,Mustango
aime_mustango_03151,1,Mustango
aime_mustango_03152,1,Mustango
aime_mustango_03153,1,Mustango
aime_mustango_03154,1,Mustango
aime_mustango_03155,1,Mustango
aime_mustango_03156,1,Mustango
aime_mustango_03157,1,Mustango
aime_mustango_03158,1,Mustango
aime_mustango_03159,1,Mustango
aime_mustango_03160,1,Mustango
aime_mustango_03161,1,Mustango
aime_mustango_03162,1,Mustango
aime_mustango_03163,1,Mustango
aime_mustango_03164,1,Mustango
aime_mustango_03165,1,Mustango
aime_mustango_03166,1,Mustango
aime_mustango_03167,1,Mustango
aime_mustango_03168,1,Mustango
aime_mustango_03169,1,Mustango
aime_mustango_03170,1,Mustango
aime_mustango_03171,1,Mustango
aime_mustango_03172,1,Mustango
aime_mustango_03173,1,Mustango
aime_mustango_03174,1,Mustango
aime_mustango_03175,1,Mustango
aime_mustango_03176,1,Mustango
aime_mustango_03177,1,Mustango
aime_mustango_03178,1,Mustango
aime_mustango_03179,1,Mustango
aime_mustango_03180,1,Mustango
aime_mustango_03181,1,Mustango
aime_mustango_03182,1,Mustango
aime_mustango_03183,1,Mustango
aime_mustango_03184,1,Mustango
aime_mustango_03185,1,Mustango
aime_mustango_03186,1,Mustango
aime_mustango_03187,1,Mustango
aime_mustango_03188,1,Mustango
aime_mustango_03189,1,Mustango
aime_mustango_03190,1,Mustango
aime_mustango_03191,1,Mustango
aime_mustango_03192,1,Mustango
aime_mustango_03193,1,Mustango
aime_mustango_03194,1,Mustango
aime_mustango_03195,1,Mustango
aime_mustango_03196,1,Mustango
aime_mustango_03197,1,Mustango
aime_mustango_03198,1,Mustango
aime_mustango_03199,1,Mustango
aime_mustango_03200,1,Mustango
aime_mustango_03201,1,Mustango
aime_mustango_03202,1,Mustango
aime_mustango_03203,1,Mustango
aime_mustango_03204,1,Mustango
aime_mustango_03205,1,Mustango
aime_mustango_03206,1,Mustango
aime_mustango_03207,1,Mustango
aime_mustango_03208,1,Mustango
aime_mustango_03209,1,Mustango
aime_mustango_03210,1,Mustango
aime_mustango_03211,1,Mustango
aime_mustango_03212,1,Mustango
aime_mustango_03213,1,Mustango
aime_mustango_03214,1,Mustango
aime_mustango_03215,1,Mustango
aime_mustango_03216,1,Mustango
aime_mustango_03217,1,Mustango
aime_mustango_03218,1,Mustango
aime_mustango_03219,1,Mustango
aime_mustango_03220,1,Mustango
aime_mustango_03221,1,Mustango
aime_mustango_03222,1,Mustango
aime_mustango_03223,1,Mustango
aime_mustango_03224,1,Mustango
aime_mustango_03225,1,Mustango
aime_mustango_03226,1,Mustango
aime_mustango_03227,1,Mustango
aime_mustango_03228,1,Mustango
aime_mustango_03229,1,Mustango
aime_mustango_03230,1,Mustango
aime_mustango_03231,1,Mustango
aime_mustango_03232,1,Mustango
aime_mustango_03233,1,Mustango
aime_mustango_03234,1,Mustango
aime_mustango_03235,1,Mustango
aime_mustango_03236,1,Mustango
aime_mustango_03237,1,Mustango
aime_mustango_03238,1,Mustango
aime_mustango_03239,1,Mustango
aime_mustango_03240,1,Mustango
aime_mustango_03241,1,Mustango
aime_mustango_03242,1,Mustango
aime_mustango_03243,1,Mustango
aime_mustango_03244,1,Mustango
aime_mustango_03245,1,Mustango
aime_mustango_03246,1,Mustango
aime_mustango_03247,1,Mustango
aime_mustango_03248,1,Mustango
aime_mustango_03249,1,Mustango
aime_mustango_03250,1,Mustango
aime_mustango_03251,1,Mustango
aime_mustango_03252,1,Mustango
aime_mustango_03253,1,Mustango
aime_mustango_03254,1,Mustango
aime_mustango_03255,1,Mustango
aime_mustango_03256,1,Mustango
aime_mustango_03257,1,Mustango
aime_mustango_03258,1,Mustango
aime_mustango_03259,1,Mustango
aime_mustango_03260,1,Mustango
aime_mustango_03261,1,Mustango
aime_mustango_03262,1,Mustango
aime_mustango_03263,1,Mustango
aime_mustango_03264,1,Mustango
aime_mustango_03265,1,Mustango
aime_mustango_03266,1,Mustango
aime_mustango_03267,1,Mustango
aime_mustango_03268,1,Mustango
aime_mustango_03269,1,Mustango
aime_mustango_03270,1,Mustango
aime_mustango_03271,1,Mustango
aime_mustango_03272,1,Mustango
aime_mustango_03273,1,Mustango
aime_mustango_03274,1,Mustango
aime_mustango_03275,1,Mustango
aime_mustango_03276,1,Mustango
aime_mustango_03277,1,Mustango
aime_mustango_03278,1,Mustango
aime_mustango_03279,1,Mustango
aime_mustango_03280,1,Mustango
aime_mustango_03281,1,Mustango
aime_mustango_03282,1,Mustango
aime_mustango_03283,1,Mustango
aime_mustango_03284,1,Mustango
aime_mustango_03285,1,Mustango
aime_mustango_03286,1,Mustango
aime_mustango_03287,1,Mustango
aime_mustango_03288,1,Mustango
aime_mustango_03289,1,Mustango
aime_mustango_03290,1,Mustango
aime_mustango_03291,1,Mustango
aime_mustango_03292,1,Mustango
aime_mustango_03293,1,Mustango
aime_mustango_03294,1,Mustango
aime_mustango_03295,1,Mustango
aime_mustango_03296,1,Mustango
aime_mustango_03297,1,Mustango
aime_mustango_03298,1,Mustango
aime_mustango_03299,1,Mustango
aime_mustango_03300,1,Mustango
aime_mustango_03301,1,Mustango
aime_mustango_03302,1,Mustango
aime_mustango_03303,1,Mustango
aime_mustango_03304,1,Mustango
aime_mustango_03305,1,Mustango
aime_mustango_03306,1,Mustango
aime_mustango_03307,1,Mustango
aime_mustango_03308,1,Mustango
aime_mustango_03309,1,Mustango
aime_mustango_03310,1,Mustango
aime_mustango_03311,1,Mustango
aime_mustango_03312,1,Mustango
aime_mustango_03313,1,Mustango
aime_mustango_03314,1,Mustango
aime_mustango_03315,1,Mustango
aime_mustango_03316,1,Mustango
aime_mustango_03317,1,Mustango
aime_mustango_03318,1,Mustango
aime_mustango_03319,1,Mustango
aime_mustango_03320,1,Mustango
aime_mustango_03321,1,Mustango
aime_mustango_03322,1,Mustango
aime_mustango_03323,1,Mustango
aime_mustango_03324,1,Mustango
aime_mustango_03325,1,Mustango
aime_mustango_03326,1,Mustango
aime_mustango_03327,1,Mustango
aime_mustango_03328,1,Mustango
aime_mustango_03329,1,Mustango
aime_mustango_03330,1,Mustango
aime_mustango_03331,1,Mustango
aime_mustango_03332,1,Mustango
aime_mustango_03333,1,Mustango
aime_mustango_03334,1,Mustango
aime_mustango_03335,1,Mustango
aime_mustango_03336,1,Mustango
aime_mustango_03337,1,Mustango
aime_mustango_03338,1,Mustango
aime_mustango_03339,1,Mustango
aime_mustango_03340,1,Mustango
aime_mustango_03341,1,Mustango
aime_mustango_03342,1,Mustango
aime_mustango_03343,1,Mustango
aime_mustango_03344,1,Mustango
aime_mustango_03345,1,Mustango
aime_mustango_03346,1,Mustango
aime_mustango_03347,1,Mustango
aime_mustango_03348,1,Mustango
aime_mustango_03349,1,Mustango
aime_mustango_03350,1,Mustango
aime_mustango_03351,1,Mustango
aime_mustango_03352,1,Mustango
aime_mustango_03353,1,Mustango
aime_mustango_03354,1,Mustango
aime_mustango_03355,1,Mustango
aime_mustango_03356,1,Mustango
aime_mustango_03357,1,Mustango
aime_mustango_03358,1,Mustango
aime_mustango_03359,1,Mustango
aime_mustango_03360,1,Mustango
aime_mustango_03361,1,Mustango
aime_mustango_03362,1,Mustango
aime_mustango_03363,1,Mustango
aime_mustango_03364,1,Mustango
aime_mustango_03365,1,Mustango
aime_mustango_03366,1,Mustango
aime_mustango_03367,1,Mustango
aime_mustango_03368,1,Mustango
aime_mustango_03369,1,Mustango
aime_mustango_03370,1,Mustango
aime_mustango_03371,1,Mustango
aime_mustango_03372,1,Mustango
aime_mustango_03373,1,Mustango
aime_mustango_03374,1,Mustango
aime_mustango_03375,1,Mustango
aime_mustango_03376,1,Mustango
aime_mustango_03377,1,Mustango
aime_mustango_03378,1,Mustango
aime_mustango_03379,1,Mustango
aime_mustango_03380,1,Mustango
aime_mustango_03381,1,Mustango
aime_mustango_03382,1,Mustango
aime_mustango_03383,1,Mustango
aime_mustango_03384,1,Mustango
aime_mustango_03385,1,Mustango
aime_mustango_03386,1,Mustango
aime_mustango_03387,1,Mustango
aime_mustango_03388,1,Mustango
aime_mustango_03389,1,Mustango
aime_mustango_03390,1,Mustango
aime_mustango_03391,1,Mustango
aime_mustango_03392,1,Mustango
aime_mustango_03393,1,Mustango
aime_mustango_03394,1,Mustango
aime_mustango_03395,1,Mustango
aime_mustango_03396,1,Mustango
aime_mustango_03397,1,Mustango
aime_mustango_03398,1,Mustango
aime_mustango_03399,1,Mustango
aime_mustango_03400,1,Mustango
aime_mustango_03401,1,Mustango
aime_mustango_03402,1,Mustango
aime_mustango_03403,1,Mustango
aime_mustango_03404,1,Mustango
aime_mustango_03405,1,Mustango
aime_mustango_03406,1,Mustango
aime_mustango_03407,1,Mustango
aime_mustango_03408,1,Mustango
aime_mustango_03409,1,Mustango
aime_mustango_03410,1,Mustango
aime_mustango_03411,1,Mustango
aime_mustango_03412,1,Mustango
aime_mustango_03413,1,Mustango
aime_mustango_03414,1,Mustango
aime_mustango_03415,1,Mustango
aime_mustango_03416,1,Mustango
aime_mustango_03417,1,Mustango
aime_mustango_03418,1,Mustango
aime_mustango_03419,1,Mustango
aime_mustango_03420,1,Mustango
aime_mustango_03421,1,Mustango
aime_mustango_03422,1,Mustango
aime_mustango_03423,1,Mustango
aime_mustango_03424,1,Mustango
aime_mustango_03425,1,Mustango
aime_mustango_03426,1,Mustango
aime_mustango_03427,1,Mustango
aime_mustango_03428,1,Mustango
aime_mustango_03429,1,Mustango
aime_mustango_03430,1,Mustango
aime_mustango_03431,1,Mustango
aime_mustango_03432,1,Mustango
aime_mustango_03433,1,Mustango
aime_mustango_03434,1,Mustango
aime_mustango_03435,1,Mustango
aime_mustango_03436,1,Mustango
aime_mustango_03437,1,Mustango
aime_mustango_03438,1,Mustango
aime_mustango_03439,1,Mustango
aime_mustango_03440,1,Mustango
aime_mustango_03441,1,Mustango
aime_mustango_03442,1,Mustango
aime_mustango_03443,1,Mustango
aime_mustango_03444,1,Mustango
aime_mustango_03445,1,Mustango
aime_mustango_03446,1,Mustango
aime_mustango_03447,1,Mustango
aime_mustango_03448,1,Mustango
aime_mustango_03449,1,Mustango
aime_mustango_03450,1,Mustango
aime_mustango_03451,1,Mustango
aime_mustango_03452,1,Mustango
aime_mustango_03453,1,Mustango
aime_mustango_03454,1,Mustango
aime_mustango_03455,1,Mustango
aime_mustango_03456,1,Mustango
aime_mustango_03457,1,Mustango
aime_mustango_03458,1,Mustango
aime_mustango_03459,1,Mustango
aime_mustango_03460,1,Mustango
aime_mustango_03461,1,Mustango
aime_mustango_03462,1,Mustango
aime_mustango_03463,1,Mustango
aime_mustango_03464,1,Mustango
aime_mustango_03465,1,Mustango
aime_mustango_03466,1,Mustango
aime_mustango_03467,1,Mustango
aime_mustango_03468,1,Mustango
aime_mustango_03469,1,Mustango
aime_mustango_03470,1,Mustango
aime_mustango_03471,1,Mustango
aime_mustango_03472,1,Mustango
aime_mustango_03473,1,Mustango
aime_mustango_03474,1,Mustango
aime_mustango_03475,1,Mustango
aime_mustango_03476,1,Mustango
aime_mustango_03477,1,Mustango
aime_mustango_03478,1,Mustango
aime_mustango_03479,1,Mustango
aime_mustango_03480,1,Mustango
aime_mustango_03481,1,Mustango
aime_mustango_03482,1,Mustango
aime_mustango_03483,1,Mustango
aime_mustango_03484,1,Mustango
aime_mustango_03485,1,Mustango
aime_mustango_03486,1,Mustango
aime_mustango_03487,1,Mustango
aime_mustango_03488,1,Mustango
aime_mustango_03489,1,Mustango
aime_mustango_03490,1,Mustango
aime_mustango_03491,1,Mustango
aime_mustango_03492,1,Mustango
aime_mustango_03493,1,Mustango
aime_mustango_03494,1,Mustango
aime_mustango_03495,1,Mustango
aime_mustango_03496,1,Mustango
aime_mustango_03497,1,Mustango
aime_mustango_03498,1,Mustango
aime_mustango_03499,1,Mustango
aime_mustango_03500,1,Mustango
aime_riffusion_02501,1,Riffusion
aime_riffusion_02502,1,Riffusion
aime_riffusion_02503,1,Riffusion
aime_riffusion_02504,1,Riffusion
aime_riffusion_02505,1,Riffusion
aime_riffusion_02506,1,Riffusion
aime_riffusion_02507,1,Riffusion
aime_riffusion_02508,1,Riffusion
aime_riffusion_02509,1,Riffusion
aime_riffusion_02510,1,Riffusion
aime_riffusion_02511,1,Riffusion
aime_riffusion_02512,1,Riffusion
aime_riffusion_02513,1,Riffusion
aime_riffusion_02514,1,Riffusion
aime_riffusion_02515,1,Riffusion
aime_riffusion_02516,1,Riffusion
aime_riffusion_02517,1,Riffusion
aime_riffusion_02518,1,Riffusion
aime_riffusion_02519,1,Riffusion
aime_riffusion_02520,1,Riffusion
aime_riffusion_02521,1,Riffusion
aime_riffusion_02522,1,Riffusion
aime_riffusion_02523,1,Riffusion
aime_riffusion_02524,1,Riffusion
aime_riffusion_02525,1,Riffusion
aime_riffusion_02526,1,Riffusion
aime_riffusion_02527,1,Riffusion
aime_riffusion_02528,1,Riffusion
aime_riffusion_02529,1,Riffusion
aime_riffusion_02530,1,Riffusion
aime_riffusion_02531,1,Riffusion
aime_riffusion_02532,1,Riffusion
aime_riffusion_02533,1,Riffusion
aime_riffusion_02534,1,Riffusion
aime_riffusion_02535,1,Riffusion
aime_riffusion_02536,1,Riffusion
aime_riffusion_02537,1,Riffusion
aime_riffusion_02538,1,Riffusion
aime_riffusion_02539,1,Riffusion
aime_riffusion_02540,1,Riffusion
aime_riffusion_02541,1,Riffusion
aime_riffusion_02542,1,Riffusion
aime_riffusion_02543,1,Riffusion
aime_riffusion_02544,1,Riffusion
aime_riffusion_02545,1,Riffusion
aime_riffusion_02546,1,Riffusion
aime_riffusion_02547,1,Riffusion
aime_riffusion_02548,1,Riffusion
aime_riffusion_02549,1,Riffusion
aime_riffusion_02550,1,Riffusion
aime_riffusion_02551,1,Riffusion
aime_riffusion_02552,1,Riffusion
aime_riffusion_02553,1,Riffusion
aime_riffusion_02554,1,Riffusion
aime_riffusion_02555,1,Riffusion
aime_riffusion_02556,1,Riffusion
aime_riffusion_02557,1,Riffusion
aime_riffusion_02558,1,Riffusion
aime_riffusion_02559,1,Riffusion
aime_riffusion_02560,1,Riffusion
aime_riffusion_02561,1,Riffusion
aime_riffusion_02562,1,Riffusion
aime_riffusion_02563,1,Riffusion
aime_riffusion_02564,1,Riffusion
aime_riffusion_02565,1,Riffusion
aime_riffusion_02566,1,Riffusion
aime_riffusion_02567,1,Riffusion
aime_riffusion_02568,1,Riffusion
aime_riffusion_02569,1,Riffusion
aime_riffusion_02570,1,Riffusion
aime_riffusion_02571,1,Riffusion
aime_riffusion_02572,1,Riffusion
aime_riffusion_02573,1,Riffusion
aime_riffusion_02574,1,Riffusion
aime_riffusion_02575,1,Riffusion
aime_riffusion_02576,1,Riffusion
aime_riffusion_02577,1,Riffusion
aime_riffusion_02578,1,Riffusion
aime_riffusion_02579,1,Riffusion
aime_riffusion_02580,1,Riffusion
aime_riffusion_02581,1,Riffusion
aime_riffusion_02582,1,Riffusion
aime_riffusion_02583,1,Riffusion
aime_riffusion_02584,1,Riffusion
aime_riffusion_02585,1,Riffusion
aime_riffusion_02586,1,Riffusion
aime_riffusion_02587,1,Riffusion
aime_riffusion_02588,1,Riffusion
aime_riffusion_02589,1,Riffusion
aime_riffusion_02590,1,Riffusion
aime_riffusion_02591,1,Riffusion
aime_riffusion_02592,1,Riffusion
aime_riffusion_02593,1,Riffusion
aime_riffusion_02594,1,Riffusion
aime_riffusion_02595,1,Riffusion
aime_riffusion_02596,1,Riffusion
aime_riffusion_02597,1,Riffusion
aime_riffusion_02598,1,Riffusion
aime_riffusion_02599,1,Riffusion
aime_riffusion_02600,1,Riffusion
aime_riffusion_02601,1,Riffusion
aime_riffusion_02602,1,Riffusion
aime_riffusion_02603,1,Riffusion
aime_riffusion_02604,1,Riffusion
aime_riffusion_02605,1,Riffusion
aime_riffusion_02606,1,Riffusion
aime_riffusion_02607,1,Riffusion
aime_riffusion_02608,1,Riffusion
aime_riffusion_02609,1,Riffusion
aime_riffusion_02610,1,Riffusion
aime_riffusion_02611,1,Riffusion
aime_riffusion_02612,1,Riffusion
aime_riffusion_02613,1,Riffusion
aime_riffusion_02614,1,Riffusion
aime_riffusion_02615,1,Riffusion
aime_riffusion_02616,1,Riffusion
aime_riffusion_02617,1,Riffusion
aime_riffusion_02618,1,Riffusion
aime_riffusion_02619,1,Riffusion
aime_riffusion_02620,1,Riffusion
aime_riffusion_02621,1,Riffusion
aime_riffusion_02622,1,Riffusion
aime_riffusion_02623,1,Riffusion
aime_riffusion_02624,1,Riffusion
aime_riffusion_02625,1,Riffusion
aime_riffusion_02626,1,Riffusion
aime_riffusion_02627,1,Riffusion
aime_riffusion_02628,1,Riffusion
aime_riffusion_02629,1,Riffusion
aime_riffusion_02630,1,Riffusion
aime_riffusion_02631,1,Riffusion
aime_riffusion_02632,1,Riffusion
aime_riffusion_02633,1,Riffusion
aime_riffusion_02634,1,Riffusion
aime_riffusion_02635,1,Riffusion
aime_riffusion_02636,1,Riffusion
aime_riffusion_02637,1,Riffusion
aime_riffusion_02638,1,Riffusion
aime_riffusion_02639,1,Riffusion
aime_riffusion_02640,1,Riffusion
aime_riffusion_02641,1,Riffusion
aime_riffusion_02642,1,Riffusion
aime_riffusion_02643,1,Riffusion
aime_riffusion_02644,1,Riffusion
aime_riffusion_02645,1,Riffusion
aime_riffusion_02646,1,Riffusion
aime_riffusion_02647,1,Riffusion
aime_riffusion_02648,1,Riffusion
aime_riffusion_02649,1,Riffusion
aime_riffusion_02650,1,Riffusion
aime_riffusion_02651,1,Riffusion
aime_riffusion_02652,1,Riffusion
aime_riffusion_02653,1,Riffusion
aime_riffusion_02654,1,Riffusion
aime_riffusion_02655,1,Riffusion
aime_riffusion_02656,1,Riffusion
aime_riffusion_02657,1,Riffusion
aime_riffusion_02658,1,Riffusion
aime_riffusion_02659,1,Riffusion
aime_riffusion_02660,1,Riffusion
aime_riffusion_02661,1,Riffusion
aime_riffusion_02662,1,Riffusion
aime_riffusion_02663,1,Riffusion
aime_riffusion_02664,1,Riffusion
aime_riffusion_02665,1,Riffusion
aime_riffusion_02666,1,Riffusion
aime_riffusion_02667,1,Riffusion
aime_riffusion_02668,1,Riffusion
aime_riffusion_02669,1,Riffusion
aime_riffusion_02670,1,Riffusion
aime_riffusion_02671,1,Riffusion
aime_riffusion_02672,1,Riffusion
aime_riffusion_02673,1,Riffusion
aime_riffusion_02674,1,Riffusion
aime_riffusion_02675,1,Riffusion
aime_riffusion_02676,1,Riffusion
aime_riffusion_02677,1,Riffusion
aime_riffusion_02678,1,Riffusion
aime_riffusion_02679,1,Riffusion
aime_riffusion_02680,1,Riffusion
aime_riffusion_02681,1,Riffusion
aime_riffusion_02682,1,Riffusion
aime_riffusion_02683,1,Riffusion
aime_riffusion_02684,1,Riffusion
aime_riffusion_02685,1,Riffusion
aime_riffusion_02686,1,Riffusion
aime_riffusion_02687,1,Riffusion
aime_riffusion_02688,1,Riffusion
aime_riffusion_02689,1,Riffusion
aime_riffusion_02690,1,Riffusion
aime_riffusion_02691,1,Riffusion
aime_riffusion_02692,1,Riffusion
aime_riffusion_02693,1,Riffusion
aime_riffusion_02694,1,Riffusion
aime_riffusion_02695,1,Riffusion
aime_riffusion_02696,1,Riffusion
aime_riffusion_02697,1,Riffusion
aime_riffusion_02698,1,Riffusion
aime_riffusion_02699,1,Riffusion
aime_riffusion_02700,1,Riffusion
aime_riffusion_02701,1,Riffusion
aime_riffusion_02702,1,Riffusion
aime_riffusion_02703,1,Riffusion
aime_riffusion_02704,1,Riffusion
aime_riffusion_02705,1,Riffusion
aime_riffusion_02706,1,Riffusion
aime_riffusion_02707,1,Riffusion
aime_riffusion_02708,1,Riffusion
aime_riffusion_02709,1,Riffusion
aime_riffusion_02710,1,Riffusion
aime_riffusion_02711,1,Riffusion
aime_riffusion_02712,1,Riffusion
aime_riffusion_02713,1,Riffusion
aime_riffusion_02714,1,Riffusion
aime_riffusion_02715,1,Riffusion
aime_riffusion_02716,1,Riffusion
aime_riffusion_02717,1,Riffusion
aime_riffusion_02718,1,Riffusion
aime_riffusion_02719,1,Riffusion
aime_riffusion_02720,1,Riffusion
aime_riffusion_02721,1,Riffusion
aime_riffusion_02722,1,Riffusion
aime_riffusion_02723,1,Riffusion
aime_riffusion_02724,1,Riffusion
aime_riffusion_02725,1,Riffusion
aime_riffusion_02726,1,Riffusion
aime_riffusion_02727,1,Riffusion
aime_riffusion_02728,1,Riffusion
aime_riffusion_02729,1,Riffusion
aime_riffusion_02730,1,Riffusion
aime_riffusion_02731,1,Riffusion
aime_riffusion_02732,1,Riffusion
aime_riffusion_02733,1,Riffusion
aime_riffusion_02734,1,Riffusion
aime_riffusion_02735,1,Riffusion
aime_riffusion_02736,1,Riffusion
aime_riffusion_02737,1,Riffusion
aime_riffusion_02738,1,Riffusion
aime_riffusion_02739,1,Riffusion
aime_riffusion_02740,1,Riffusion
aime_riffusion_02741,1,Riffusion
aime_riffusion_02742,1,Riffusion
aime_riffusion_02743,1,Riffusion
aime_riffusion_02744,1,Riffusion
aime_riffusion_02745,1,Riffusion
aime_riffusion_02746,1,Riffusion
aime_riffusion_02747,1,Riffusion
aime_riffusion_02748,1,Riffusion
aime_riffusion_02749,1,Riffusion
aime_riffusion_02750,1,Riffusion
aime_riffusion_02751,1,Riffusion
aime_riffusion_02752,1,Riffusion
aime_riffusion_02753,1,Riffusion
aime_riffusion_02754,1,Riffusion
aime_riffusion_02755,1,Riffusion
aime_riffusion_02756,1,Riffusion
aime_riffusion_02757,1,Riffusion
aime_riffusion_02758,1,Riffusion
aime_riffusion_02759,1,Riffusion
aime_riffusion_02760,1,Riffusion
aime_riffusion_02761,1,Riffusion
aime_riffusion_02762,1,Riffusion
aime_riffusion_02763,1,Riffusion
aime_riffusion_02764,1,Riffusion
aime_riffusion_02765,1,Riffusion
aime_riffusion_02766,1,Riffusion
aime_riffusion_02767,1,Riffusion
aime_riffusion_02768,1,Riffusion
aime_riffusion_02769,1,Riffusion
aime_riffusion_02770,1,Riffusion
aime_riffusion_02771,1,Riffusion
aime_riffusion_02772,1,Riffusion
aime_riffusion_02773,1,Riffusion
aime_riffusion_02774,1,Riffusion
aime_riffusion_02775,1,Riffusion
aime_riffusion_02776,1,Riffusion
aime_riffusion_02777,1,Riffusion
aime_riffusion_02778,1,Riffusion
aime_riffusion_02779,1,Riffusion
aime_riffusion_02780,1,Riffusion
aime_riffusion_02781,1,Riffusion
aime_riffusion_02782,1,Riffusion
aime_riffusion_02783,1,Riffusion
aime_riffusion_02784,1,Riffusion
aime_riffusion_02785,1,Riffusion
aime_riffusion_02786,1,Riffusion
aime_riffusion_02787,1,Riffusion
aime_riffusion_02788,1,Riffusion
aime_riffusion_02789,1,Riffusion
aime_riffusion_02790,1,Riffusion
aime_riffusion_02791,1,Riffusion
aime_riffusion_02792,1,Riffusion
aime_riffusion_02793,1,Riffusion
aime_riffusion_02794,1,Riffusion
aime_riffusion_02795,1,Riffusion
aime_riffusion_02796,1,Riffusion
aime_riffusion_02797,1,Riffusion
aime_riffusion_02798,1,Riffusion
aime_riffusion_02799,1,Riffusion
aime_riffusion_02800,1,Riffusion
aime_riffusion_02801,1,Riffusion
aime_riffusion_02802,1,Riffusion
aime_riffusion_02803,1,Riffusion
aime_riffusion_02804,1,Riffusion
aime_riffusion_02805,1,Riffusion
aime_riffusion_02806,1,Riffusion
aime_riffusion_02807,1,Riffusion
aime_riffusion_02808,1,Riffusion
aime_riffusion_02809,1,Riffusion
aime_riffusion_02810,1,Riffusion
aime_riffusion_02811,1,Riffusion
aime_riffusion_02812,1,Riffusion
aime_riffusion_02813,1,Riffusion
aime_riffusion_02814,1,Riffusion
aime_riffusion_02815,1,Riffusion
aime_riffusion_02816,1,Riffusion
aime_riffusion_02817,1,Riffusion
aime_riffusion_02818,1,Riffusion
aime_riffusion_02819,1,Riffusion
aime_riffusion_02820,1,Riffusion
aime_riffusion_02821,1,Riffusion
aime_riffusion_02822,1,Riffusion
aime_riffusion_02823,1,Riffusion
aime_riffusion_02824,1,Riffusion
aime_riffusion_02825,1,Riffusion
aime_riffusion_02826,1,Riffusion
aime_riffusion_02827,1,Riffusion
aime_riffusion_02828,1,Riffusion
aime_riffusion_02829,1,Riffusion
aime_riffusion_02830,1,Riffusion
aime_riffusion_02831,1,Riffusion
aime_riffusion_02832,1,Riffusion
aime_riffusion_02833,1,Riffusion
aime_riffusion_02834,1,Riffusion
aime_riffusion_02835,1,Riffusion
aime_riffusion_02836,1,Riffusion
aime_riffusion_02837,1,Riffusion
aime_riffusion_02838,1,Riffusion
aime_riffusion_02839,1,Riffusion
aime_riffusion_02840,1,Riffusion
aime_riffusion_02841,1,Riffusion
aime_riffusion_02842,1,Riffusion
aime_riffusion_02843,1,Riffusion
aime_riffusion_02844,1,Riffusion
aime_riffusion_02845,1,Riffusion
aime_riffusion_02846,1,Riffusion
aime_riffusion_02847,1,Riffusion
aime_riffusion_02848,1,Riffusion
aime_riffusion_02849,1,Riffusion
aime_riffusion_02850,1,Riffusion
aime_riffusion_02851,1,Riffusion
aime_riffusion_02852,1,Riffusion
aime_riffusion_02853,1,Riffusion
aime_riffusion_02854,1,Riffusion
aime_riffusion_02855,1,Riffusion
aime_riffusion_02856,1,Riffusion
aime_riffusion_02857,1,Riffusion
aime_riffusion_02858,1,Riffusion
aime_riffusion_02859,1,Riffusion
aime_riffusion_02860,1,Riffusion
aime_riffusion_02861,1,Riffusion
aime_riffusion_02862,1,Riffusion
aime_riffusion_02863,1,Riffusion
aime_riffusion_02864,1,Riffusion
aime_riffusion_02865,1,Riffusion
aime_riffusion_02866,1,Riffusion
aime_riffusion_02867,1,Riffusion
aime_riffusion_02868,1,Riffusion
aime_riffusion_02869,1,Riffusion
aime_riffusion_02870,1,Riffusion
aime_riffusion_02871,1,Riffusion
aime_riffusion_02872,1,Riffusion
aime_riffusion_02873,1,Riffusion
aime_riffusion_02874,1,Riffusion
aime_riffusion_02875,1,Riffusion
aime_riffusion_02876,1,Riffusion
aime_riffusion_02877,1,Riffusion
aime_riffusion_02878,1,Riffusion
aime_riffusion_02879,1,Riffusion
aime_riffusion_02880,1,Riffusion
aime_riffusion_02881,1,Riffusion
aime_riffusion_02882,1,Riffusion
aime_riffusion_02883,1,Riffusion
aime_riffusion_02884,1,Riffusion
aime_riffusion_02885,1,Riffusion
aime_riffusion_02886,1,Riffusion
aime_riffusion_02887,1,Riffusion
aime_riffusion_02888,1,Riffusion
aime_riffusion_02889,1,Riffusion
aime_riffusion_02890,1,Riffusion
aime_riffusion_02891,1,Riffusion
aime_riffusion_02892,1,Riffusion
aime_riffusion_02893,1,Riffusion
aime_riffusion_02894,1,Riffusion
aime_riffusion_02895,1,Riffusion
aime_riffusion_02896,1,Riffusion
aime_riffusion_02897,1,Riffusion
aime_riffusion_02898,1,Riffusion
aime_riffusion_02899,1,Riffusion
aime_riffusion_02900,1,Riffusion
aime_riffusion_02901,1,Riffusion
aime_riffusion_02902,1,Riffusion
aime_riffusion_02903,1,Riffusion
aime_riffusion_02904,1,Riffusion
aime_riffusion_02905,1,Riffusion
aime_riffusion_02906,1,Riffusion
aime_riffusion_02907,1,Riffusion
aime_riffusion_02908,1,Riffusion
aime_riffusion_02909,1,Riffusion
aime_riffusion_02910,1,Riffusion
aime_riffusion_02911,1,Riffusion
aime_riffusion_02912,1,Riffusion
aime_riffusion_02913,1,Riffusion
aime_riffusion_02914,1,Riffusion
aime_riffusion_02915,1,Riffusion
aime_riffusion_02916,1,Riffusion
aime_riffusion_02917,1,Riffusion
aime_riffusion_02918,1,Riffusion
aime_riffusion_02919,1,Riffusion
aime_riffusion_02920,1,Riffusion
aime_riffusion_02921,1,Riffusion
aime_riffusion_02922,1,Riffusion
aime_riffusion_02923,1,Riffusion
aime_riffusion_02924,1,Riffusion
aime_riffusion_02925,1,Riffusion
aime_riffusion_02926,1,Riffusion
aime_riffusion_02927,1,Riffusion
aime_riffusion_02928,1,Riffusion
aime_riffusion_02929,1,Riffusion
aime_riffusion_02930,1,Riffusion
aime_riffusion_02931,1,Riffusion
aime_riffusion_02932,1,Riffusion
aime_riffusion_02933,1,Riffusion
aime_riffusion_02934,1,Riffusion
aime_riffusion_02935,1,Riffusion
aime_riffusion_02936,1,Riffusion
aime_riffusion_02937,1,Riffusion
aime_riffusion_02938,1,Riffusion
aime_riffusion_02939,1,Riffusion
aime_riffusion_02940,1,Riffusion
aime_riffusion_02941,1,Riffusion
aime_riffusion_02942,1,Riffusion
aime_riffusion_02943,1,Riffusion
aime_riffusion_02944,1,Riffusion
aime_riffusion_02945,1,Riffusion
aime_riffusion_02946,1,Riffusion
aime_riffusion_02947,1,Riffusion
aime_riffusion_02948,1,Riffusion
aime_riffusion_02949,1,Riffusion
aime_riffusion_02950,1,Riffusion
aime_riffusion_02951,1,Riffusion
aime_riffusion_02952,1,Riffusion
aime_riffusion_02953,1,Riffusion
aime_riffusion_02954,1,Riffusion
aime_riffusion_02955,1,Riffusion
aime_riffusion_02956,1,Riffusion
aime_riffusion_02957,1,Riffusion
aime_riffusion_02958,1,Riffusion
aime_riffusion_02959,1,Riffusion
aime_riffusion_02960,1,Riffusion
aime_riffusion_02961,1,Riffusion
aime_riffusion_02962,1,Riffusion
aime_riffusion_02963,1,Riffusion
aime_riffusion_02964,1,Riffusion
aime_riffusion_02965,1,Riffusion
aime_riffusion_02966,1,Riffusion
aime_riffusion_02967,1,Riffusion
aime_riffusion_02968,1,Riffusion
aime_riffusion_02969,1,Riffusion
aime_riffusion_02970,1,Riffusion
aime_riffusion_02971,1,Riffusion
aime_riffusion_02972,1,Riffusion
aime_riffusion_02973,1,Riffusion
aime_riffusion_02974,1,Riffusion
aime_riffusion_02975,1,Riffusion
aime_riffusion_02976,1,Riffusion
aime_riffusion_02977,1,Riffusion
aime_riffusion_02978,1,Riffusion
aime_riffusion_02979,1,Riffusion
aime_riffusion_02980,1,Riffusion
aime_riffusion_02981,1,Riffusion
aime_riffusion_02982,1,Riffusion
aime_riffusion_02983,1,Riffusion
aime_riffusion_02984,1,Riffusion
aime_riffusion_02985,1,Riffusion
aime_riffusion_02986,1,Riffusion
aime_riffusion_02987,1,Riffusion
aime_riffusion_02988,1,Riffusion
aime_riffusion_02989,1,Riffusion
aime_riffusion_02990,1,Riffusion
aime_riffusion_02991,1,Riffusion
aime_riffusion_02992,1,Riffusion
aime_riffusion_02993,1,Riffusion
aime_riffusion_02994,1,Riffusion
aime_riffusion_02995,1,Riffusion
aime_riffusion_02996,1,Riffusion
aime_riffusion_02997,1,Riffusion
aime_riffusion_02998,1,Riffusion
aime_riffusion_02999,1,Riffusion
aime_riffusion_03000,1,Riffusion
aime_stable_audio_v1_03501,1,Stable Audio v1
aime_stable_audio_v1_03502,1,Stable Audio v1
aime_stable_audio_v1_03503,1,Stable Audio v1
aime_stable_audio_v1_03504,1,Stable Audio v1
aime_stable_audio_v1_03505,1,Stable Audio v1
aime_stable_audio_v1_03506,1,Stable Audio v1
aime_stable_audio_v1_03507,1,Stable Audio v1
aime_stable_audio_v1_03508,1,Stable Audio v1
aime_stable_audio_v1_03509,1,Stable Audio v1
aime_stable_audio_v1_03510,1,Stable Audio v1
aime_stable_audio_v1_03511,1,Stable Audio v1
aime_stable_audio_v1_03512,1,Stable Audio v1
aime_stable_audio_v1_03513,1,Stable Audio v1
aime_stable_audio_v1_03514,1,Stable Audio v1
aime_stable_audio_v1_03515,1,Stable Audio v1
aime_stable_audio_v1_03516,1,Stable Audio v1
aime_stable_audio_v1_03517,1,Stable Audio v1
aime_stable_audio_v1_03518,1,Stable Audio v1
aime_stable_audio_v1_03519,1,Stable Audio v1
aime_stable_audio_v1_03520,1,Stable Audio v1
aime_stable_audio_v1_03521,1,Stable Audio v1
aime_stable_audio_v1_03522,1,Stable Audio v1
aime_stable_audio_v1_03523,1,Stable Audio v1
aime_stable_audio_v1_03524,1,Stable Audio v1
aime_stable_audio_v1_03525,1,Stable Audio v1
aime_stable_audio_v1_03526,1,Stable Audio v1
aime_stable_audio_v1_03527,1,Stable Audio v1
aime_stable_audio_v1_03528,1,Stable Audio v1
aime_stable_audio_v1_03529,1,Stable Audio v1
aime_stable_audio_v1_03530,1,Stable Audio v1
aime_stable_audio_v1_03531,1,Stable Audio v1
aime_stable_audio_v1_03532,1,Stable Audio v1
aime_stable_audio_v1_03533,1,Stable Audio v1
aime_stable_audio_v1_03534,1,Stable Audio v1
aime_stable_audio_v1_03535,1,Stable Audio v1
aime_stable_audio_v1_03536,1,Stable Audio v1
aime_stable_audio_v1_03537,1,Stable Audio v1
aime_stable_audio_v1_03538,1,Stable Audio v1
aime_stable_audio_v1_03539,1,Stable Audio v1
aime_stable_audio_v1_03540,1,Stable Audio v1
aime_stable_audio_v1_03541,1,Stable Audio v1
aime_stable_audio_v1_03542,1,Stable Audio v1
aime_stable_audio_v1_03543,1,Stable Audio v1
aime_stable_audio_v1_03544,1,Stable Audio v1
aime_stable_audio_v1_03545,1,Stable Audio v1
aime_stable_audio_v1_03546,1,Stable Audio v1
aime_stable_audio_v1_03547,1,Stable Audio v1
aime_stable_audio_v1_03548,1,Stable Audio v1
aime_stable_audio_v1_03549,1,Stable Audio v1
aime_stable_audio_v1_03550,1,Stable Audio v1
aime_stable_audio_v1_03551,1,Stable Audio v1
aime_stable_audio_v1_03552,1,Stable Audio v1
aime_stable_audio_v1_03553,1,Stable Audio v1
aime_stable_audio_v1_03554,1,Stable Audio v1
aime_stable_audio_v1_03555,1,Stable Audio v1
aime_stable_audio_v1_03556,1,Stable Audio v1
aime_stable_audio_v1_03557,1,Stable Audio v1
aime_stable_audio_v1_03558,1,Stable Audio v1
aime_stable_audio_v1_03559,1,Stable Audio v1
aime_stable_audio_v1_03560,1,Stable Audio v1
aime_stable_audio_v1_03561,1,Stable Audio v1
aime_stable_audio_v1_03562,1,Stable Audio v1
aime_stable_audio_v1_03563,1,Stable Audio v1
aime_stable_audio_v1_03564,1,Stable Audio v1
aime_stable_audio_v1_03565,1,Stable Audio v1
aime_stable_audio_v1_03566,1,Stable Audio v1
aime_stable_audio_v1_03567,1,Stable Audio v1
aime_stable_audio_v1_03568,1,Stable Audio v1
aime_stable_audio_v1_03569,1,Stable Audio v1
aime_stable_audio_v1_03570,1,Stable Audio v1
aime_stable_audio_v1_03571,1,Stable Audio v1
aime_stable_audio_v1_03572,1,Stable Audio v1
aime_stable_audio_v1_03573,1,Stable Audio v1
aime_stable_audio_v1_03574,1,Stable Audio v1
aime_stable_audio_v1_03575,1,Stable Audio v1
aime_stable_audio_v1_03576,1,Stable Audio v1
aime_stable_audio_v1_03577,1,Stable Audio v1
aime_stable_audio_v1_03578,1,Stable Audio v1
aime_stable_audio_v1_03579,1,Stable Audio v1
aime_stable_audio_v1_03580,1,Stable Audio v1
aime_stable_audio_v1_03581,1,Stable Audio v1
aime_stable_audio_v1_03582,1,Stable Audio v1
aime_stable_audio_v1_03583,1,Stable Audio v1
aime_stable_audio_v1_03584,1,Stable Audio v1
aime_stable_audio_v1_03585,1,Stable Audio v1
aime_stable_audio_v1_03586,1,Stable Audio v1
aime_stable_audio_v1_03587,1,Stable Audio v1
aime_stable_audio_v1_03588,1,Stable Audio v1
aime_stable_audio_v1_03589,1,Stable Audio v1
aime_stable_audio_v1_03590,1,Stable Audio v1
aime_stable_audio_v1_03591,1,Stable Audio v1
aime_stable_audio_v1_03592,1,Stable Audio v1
aime_stable_audio_v1_03593,1,Stable Audio v1
aime_stable_audio_v1_03594,1,Stable Audio v1
aime_stable_audio_v1_03595,1,Stable Audio v1
aime_stable_audio_v1_03596,1,Stable Audio v1
aime_stable_audio_v1_03597,1,Stable Audio v1
aime_stable_audio_v1_03598,1,Stable Audio v1
aime_stable_audio_v1_03599,1,Stable Audio v1
aime_stable_audio_v1_03600,1,Stable Audio v1
aime_stable_audio_v1_03601,1,Stable Audio v1
aime_stable_audio_v1_03602,1,Stable Audio v1
aime_stable_audio_v1_03603,1,Stable Audio v1
aime_stable_audio_v1_03604,1,Stable Audio v1
aime_stable_audio_v1_03605,1,Stable Audio v1
aime_stable_audio_v1_03606,1,Stable Audio v1
aime_stable_audio_v1_03607,1,Stable Audio v1
aime_stable_audio_v1_03608,1,Stable Audio v1
aime_stable_audio_v1_03609,1,Stable Audio v1
aime_stable_audio_v1_03610,1,Stable Audio v1
aime_stable_audio_v1_03611,1,Stable Audio v1
aime_stable_audio_v1_03612,1,Stable Audio v1
aime_stable_audio_v1_03613,1,Stable Audio v1
aime_stable_audio_v1_03614,1,Stable Audio v1
aime_stable_audio_v1_03615,1,Stable Audio v1
aime_stable_audio_v1_03616,1,Stable Audio v1
aime_stable_audio_v1_03617,1,Stable Audio v1
aime_stable_audio_v1_03618,1,Stable Audio v1
aime_stable_audio_v1_03619,1,Stable Audio v1
aime_stable_audio_v1_03620,1,Stable Audio v1
aime_stable_audio_v1_03621,1,Stable Audio v1
aime_stable_audio_v1_03622,1,Stable Audio v1
aime_stable_audio_v1_03623,1,Stable Audio v1
aime_stable_audio_v1_03624,1,Stable Audio v1
aime_stable_audio_v1_03625,1,Stable Audio v1
aime_stable_audio_v1_03626,1,Stable Audio v1
aime_stable_audio_v1_03627,1,Stable Audio v1
aime_stable_audio_v1_03628,1,Stable Audio v1
aime_stable_audio_v1_03629,1,Stable Audio v1
aime_stable_audio_v1_03630,1,Stable Audio v1
aime_stable_audio_v1_03631,1,Stable Audio v1
aime_stable_audio_v1_03632,1,Stable Audio v1
aime_stable_audio_v1_03633,1,Stable Audio v1
aime_stable_audio_v1_03634,1,Stable Audio v1
aime_stable_audio_v1_03635,1,Stable Audio v1
aime_stable_audio_v1_03636,1,Stable Audio v1
aime_stable_audio_v1_03637,1,Stable Audio v1
aime_stable_audio_v1_03638,1,Stable Audio v1
aime_stable_audio_v1_03639,1,Stable Audio v1
aime_stable_audio_v1_03640,1,Stable Audio v1
aime_stable_audio_v1_03641,1,Stable Audio v1
aime_stable_audio_v1_03642,1,Stable Audio v1
aime_stable_audio_v1_03643,1,Stable Audio v1
aime_stable_audio_v1_03644,1,Stable Audio v1
aime_stable_audio_v1_03645,1,Stable Audio v1
aime_stable_audio_v1_03646,1,Stable Audio v1
aime_stable_audio_v1_03647,1,Stable Audio v1
aime_stable_audio_v1_03648,1,Stable Audio v1
aime_stable_audio_v1_03649,1,Stable Audio v1
aime_stable_audio_v1_03650,1,Stable Audio v1
aime_stable_audio_v1_03651,1,Stable Audio v1
aime_stable_audio_v1_03652,1,Stable Audio v1
aime_stable_audio_v1_03653,1,Stable Audio v1
aime_stable_audio_v1_03654,1,Stable Audio v1
aime_stable_audio_v1_03655,1,Stable Audio v1
aime_stable_audio_v1_03656,1,Stable Audio v1
aime_stable_audio_v1_03657,1,Stable Audio v1
aime_stable_audio_v1_03658,1,Stable Audio v1
aime_stable_audio_v1_03659,1,Stable Audio v1
aime_stable_audio_v1_03660,1,Stable Audio v1
aime_stable_audio_v1_03661,1,Stable Audio v1
aime_stable_audio_v1_03662,1,Stable Audio v1
aime_stable_audio_v1_03663,1,Stable Audio v1
aime_stable_audio_v1_03664,1,Stable Audio v1
aime_stable_audio_v1_03665,1,Stable Audio v1
aime_stable_audio_v1_03666,1,Stable Audio v1
aime_stable_audio_v1_03667,1,Stable Audio v1
aime_stable_audio_v1_03668,1,Stable Audio v1
aime_stable_audio_v1_03669,1,Stable Audio v1
aime_stable_audio_v1_03670,1,Stable Audio v1
aime_stable_audio_v1_03671,1,Stable Audio v1
aime_stable_audio_v1_03672,1,Stable Audio v1
aime_stable_audio_v1_03673,1,Stable Audio v1
aime_stable_audio_v1_03674,1,Stable Audio v1
aime_stable_audio_v1_03675,1,Stable Audio v1
aime_stable_audio_v1_03676,1,Stable Audio v1
aime_stable_audio_v1_03677,1,Stable Audio v1
aime_stable_audio_v1_03678,1,Stable Audio v1
aime_stable_audio_v1_03679,1,Stable Audio v1
aime_stable_audio_v1_03680,1,Stable Audio v1
aime_stable_audio_v1_03681,1,Stable Audio v1
aime_stable_audio_v1_03682,1,Stable Audio v1
aime_stable_audio_v1_03683,1,Stable Audio v1
aime_stable_audio_v1_03684,1,Stable Audio v1
aime_stable_audio_v1_03685,1,Stable Audio v1
aime_stable_audio_v1_03686,1,Stable Audio v1
aime_stable_audio_v1_03687,1,Stable Audio v1
aime_stable_audio_v1_03688,1,Stable Audio v1
aime_stable_audio_v1_03689,1,Stable Audio v1
aime_stable_audio_v1_03690,1,Stable Audio v1
aime_stable_audio_v1_03691,1,Stable Audio v1
aime_stable_audio_v1_03692,1,Stable Audio v1
aime_stable_audio_v1_03693,1,Stable Audio v1
aime_stable_audio_v1_03694,1,Stable Audio v1
aime_stable_audio_v1_03695,1,Stable Audio v1
aime_stable_audio_v1_03696,1,Stable Audio v1
aime_stable_audio_v1_03697,1,Stable Audio v1
aime_stable_audio_v1_03698,1,Stable Audio v1
aime_stable_audio_v1_03699,1,Stable Audio v1
aime_stable_audio_v1_03700,1,Stable Audio v1
aime_stable_audio_v1_03701,1,Stable Audio v1
aime_stable_audio_v1_03702,1,Stable Audio v1
aime_stable_audio_v1_03703,1,Stable Audio v1
aime_stable_audio_v1_03704,1,Stable Audio v1
aime_stable_audio_v1_03705,1,Stable Audio v1
aime_stable_audio_v1_03706,1,Stable Audio v1
aime_stable_audio_v1_03707,1,Stable Audio v1
aime_stable_audio_v1_03708,1,Stable Audio v1
aime_stable_audio_v1_03709,1,Stable Audio v1
aime_stable_audio_v1_03710,1,Stable Audio v1
aime_stable_audio_v1_03711,1,Stable Audio v1
aime_stable_audio_v1_03712,1,Stable Audio v1
aime_stable_audio_v1_03713,1,Stable Audio v1
aime_stable_audio_v1_03714,1,Stable Audio v1
aime_stable_audio_v1_03715,1,Stable Audio v1
aime_stable_audio_v1_03716,1,Stable Audio v1
aime_stable_audio_v1_03717,1,Stable Audio v1
aime_stable_audio_v1_03718,1,Stable Audio v1
aime_stable_audio_v1_03719,1,Stable Audio v1
aime_stable_audio_v1_03720,1,Stable Audio v1
aime_stable_audio_v1_03721,1,Stable Audio v1
aime_stable_audio_v1_03722,1,Stable Audio v1
aime_stable_audio_v1_03723,1,Stable Audio v1
aime_stable_audio_v1_03724,1,Stable Audio v1
aime_stable_audio_v1_03725,1,Stable Audio v1
aime_stable_audio_v1_03726,1,Stable Audio v1
aime_stable_audio_v1_03727,1,Stable Audio v1
aime_stable_audio_v1_03728,1,Stable Audio v1
aime_stable_audio_v1_03729,1,Stable Audio v1
aime_stable_audio_v1_03730,1,Stable Audio v1
aime_stable_audio_v1_03731,1,Stable Audio v1
aime_stable_audio_v1_03732,1,Stable Audio v1
aime_stable_audio_v1_03733,1,Stable Audio v1
aime_stable_audio_v1_03734,1,Stable Audio v1
aime_stable_audio_v1_03735,1,Stable Audio v1
aime_stable_audio_v1_03736,1,Stable Audio v1
aime_stable_audio_v1_03737,1,Stable Audio v1
aime_stable_audio_v1_03738,1,Stable Audio v1
aime_stable_audio_v1_03739,1,Stable Audio v1
aime_stable_audio_v1_03740,1,Stable Audio v1
aime_stable_audio_v1_03741,1,Stable Audio v1
aime_stable_audio_v1_03742,1,Stable Audio v1
aime_stable_audio_v1_03743,1,Stable Audio v1
aime_stable_audio_v1_03744,1,Stable Audio v1
aime_stable_audio_v1_03745,1,Stable Audio v1
aime_stable_audio_v1_03746,1,Stable Audio v1
aime_stable_audio_v1_03747,1,Stable Audio v1
aime_stable_audio_v1_03748,1,Stable Audio v1
aime_stable_audio_v1_03749,1,Stable Audio v1
aime_stable_audio_v1_03750,1,Stable Audio v1
aime_stable_audio_v1_03751,1,Stable Audio v1
aime_stable_audio_v1_03752,1,Stable Audio v1
aime_stable_audio_v1_03753,1,Stable Audio v1
aime_stable_audio_v1_03754,1,Stable Audio v1
aime_stable_audio_v1_03755,1,Stable Audio v1
aime_stable_audio_v1_03756,1,Stable Audio v1
aime_stable_audio_v1_03757,1,Stable Audio v1
aime_stable_audio_v1_03758,1,Stable Audio v1
aime_stable_audio_v1_03759,1,Stable Audio v1
aime_stable_audio_v1_03760,1,Stable Audio v1
aime_stable_audio_v1_03761,1,Stable Audio v1
aime_stable_audio_v1_03762,1,Stable Audio v1
aime_stable_audio_v1_03763,1,Stable Audio v1
aime_stable_audio_v1_03764,1,Stable Audio v1
aime_stable_audio_v1_03765,1,Stable Audio v1
aime_stable_audio_v1_03766,1,Stable Audio v1
aime_stable_audio_v1_03767,1,Stable Audio v1
aime_stable_audio_v1_03768,1,Stable Audio v1
aime_stable_audio_v1_03769,1,Stable Audio v1
aime_stable_audio_v1_03770,1,Stable Audio v1
aime_stable_audio_v1_03771,1,Stable Audio v1
aime_stable_audio_v1_03772,1,Stable Audio v1
aime_stable_audio_v1_03773,1,Stable Audio v1
aime_stable_audio_v1_03774,1,Stable Audio v1
aime_stable_audio_v1_03775,1,Stable Audio v1
aime_stable_audio_v1_03776,1,Stable Audio v1
aime_stable_audio_v1_03777,1,Stable Audio v1
aime_stable_audio_v1_03778,1,Stable Audio v1
aime_stable_audio_v1_03779,1,Stable Audio v1
aime_stable_audio_v1_03780,1,Stable Audio v1
aime_stable_audio_v1_03781,1,Stable Audio v1
aime_stable_audio_v1_03782,1,Stable Audio v1
aime_stable_audio_v1_03783,1,Stable Audio v1
aime_stable_audio_v1_03784,1,Stable Audio v1
aime_stable_audio_v1_03785,1,Stable Audio v1
aime_stable_audio_v1_03786,1,Stable Audio v1
aime_stable_audio_v1_03787,1,Stable Audio v1
aime_stable_audio_v1_03788,1,Stable Audio v1
aime_stable_audio_v1_03789,1,Stable Audio v1
aime_stable_audio_v1_03790,1,Stable Audio v1
aime_stable_audio_v1_03791,1,Stable Audio v1
aime_stable_audio_v1_03792,1,Stable Audio v1
aime_stable_audio_v1_03793,1,Stable Audio v1
aime_stable_audio_v1_03794,1,Stable Audio v1
aime_stable_audio_v1_03795,1,Stable Audio v1
aime_stable_audio_v1_03796,1,Stable Audio v1
aime_stable_audio_v1_03797,1,Stable Audio v1
aime_stable_audio_v1_03798,1,Stable Audio v1
aime_stable_audio_v1_03799,1,Stable Audio v1
aime_stable_audio_v1_03800,1,Stable Audio v1
aime_stable_audio_v1_03801,1,Stable Audio v1
aime_stable_audio_v1_03802,1,Stable Audio v1
aime_stable_audio_v1_03803,1,Stable Audio v1
aime_stable_audio_v1_03804,1,Stable Audio v1
aime_stable_audio_v1_03805,1,Stable Audio v1
aime_stable_audio_v1_03806,1,Stable Audio v1
aime_stable_audio_v1_03807,1,Stable Audio v1
aime_stable_audio_v1_03808,1,Stable Audio v1
aime_stable_audio_v1_03809,1,Stable Audio v1
aime_stable_audio_v1_03810,1,Stable Audio v1
aime_stable_audio_v1_03811,1,Stable Audio v1
aime_stable_audio_v1_03812,1,Stable Audio v1
aime_stable_audio_v1_03813,1,Stable Audio v1
aime_stable_audio_v1_03814,1,Stable Audio v1
aime_stable_audio_v1_03815,1,Stable Audio v1
aime_stable_audio_v1_03816,1,Stable Audio v1
aime_stable_audio_v1_03817,1,Stable Audio v1
aime_stable_audio_v1_03818,1,Stable Audio v1
aime_stable_audio_v1_03819,1,Stable Audio v1
aime_stable_audio_v1_03820,1,Stable Audio v1
aime_stable_audio_v1_03821,1,Stable Audio v1
aime_stable_audio_v1_03822,1,Stable Audio v1
aime_stable_audio_v1_03823,1,Stable Audio v1
aime_stable_audio_v1_03824,1,Stable Audio v1
aime_stable_audio_v1_03825,1,Stable Audio v1
aime_stable_audio_v1_03826,1,Stable Audio v1
aime_stable_audio_v1_03827,1,Stable Audio v1
aime_stable_audio_v1_03828,1,Stable Audio v1
aime_stable_audio_v1_03829,1,Stable Audio v1
aime_stable_audio_v1_03830,1,Stable Audio v1
aime_stable_audio_v1_03831,1,Stable Audio v1
aime_stable_audio_v1_03832,1,Stable Audio v1
aime_stable_audio_v1_03833,1,Stable Audio v1
aime_stable_audio_v1_03834,1,Stable Audio v1
aime_stable_audio_v1_03835,1,Stable Audio v1
aime_stable_audio_v1_03836,1,Stable Audio v1
aime_stable_audio_v1_03837,1,Stable Audio v1
aime_stable_audio_v1_03838,1,Stable Audio v1
aime_stable_audio_v1_03839,1,Stable Audio v1
aime_stable_audio_v1_03840,1,Stable Audio v1
aime_stable_audio_v1_03841,1,Stable Audio v1
aime_stable_audio_v1_03842,1,Stable Audio v1
aime_stable_audio_v1_03843,1,Stable Audio v1
aime_stable_audio_v1_03844,1,Stable Audio v1
aime_stable_audio_v1_03845,1,Stable Audio v1
aime_stable_audio_v1_03846,1,Stable Audio v1
aime_stable_audio_v1_03847,1,Stable Audio v1
aime_stable_audio_v1_03848,1,Stable Audio v1
aime_stable_audio_v1_03849,1,Stable Audio v1
aime_stable_audio_v1_03850,1,Stable Audio v1
aime_stable_audio_v1_03851,1,Stable Audio v1
aime_stable_audio_v1_03852,1,Stable Audio v1
aime_stable_audio_v1_03853,1,Stable Audio v1
aime_stable_audio_v1_03854,1,Stable Audio v1
aime_stable_audio_v1_03855,1,Stable Audio v1
aime_stable_audio_v1_03856,1,Stable Audio v1
aime_stable_audio_v1_03857,1,Stable Audio v1
aime_stable_audio_v1_03858,1,Stable Audio v1
aime_stable_audio_v1_03859,1,Stable Audio v1
aime_stable_audio_v1_03860,1,Stable Audio v1
aime_stable_audio_v1_03861,1,Stable Audio v1
aime_stable_audio_v1_03862,1,Stable Audio v1
aime_stable_audio_v1_03863,1,Stable Audio v1
aime_stable_audio_v1_03864,1,Stable Audio v1
aime_stable_audio_v1_03865,1,Stable Audio v1
aime_stable_audio_v1_03866,1,Stable Audio v1
aime_stable_audio_v1_03867,1,Stable Audio v1
aime_stable_audio_v1_03868,1,Stable Audio v1
aime_stable_audio_v1_03869,1,Stable Audio v1
aime_stable_audio_v1_03870,1,Stable Audio v1
aime_stable_audio_v1_03871,1,Stable Audio v1
aime_stable_audio_v1_03872,1,Stable Audio v1
aime_stable_audio_v1_03873,1,Stable Audio v1
aime_stable_audio_v1_03874,1,Stable Audio v1
aime_stable_audio_v1_03875,1,Stable Audio v1
aime_stable_audio_v1_03876,1,Stable Audio v1
aime_stable_audio_v1_03877,1,Stable Audio v1
aime_stable_audio_v1_03878,1,Stable Audio v1
aime_stable_audio_v1_03879,1,Stable Audio v1
aime_stable_audio_v1_03880,1,Stable Audio v1
aime_stable_audio_v1_03881,1,Stable Audio v1
aime_stable_audio_v1_03882,1,Stable Audio v1
aime_stable_audio_v1_03883,1,Stable Audio v1
aime_stable_audio_v1_03884,1,Stable Audio v1
aime_stable_audio_v1_03885,1,Stable Audio v1
aime_stable_audio_v1_03886,1,Stable Audio v1
aime_stable_audio_v1_03887,1,Stable Audio v1
aime_stable_audio_v1_03888,1,Stable Audio v1
aime_stable_audio_v1_03889,1,Stable Audio v1
aime_stable_audio_v1_03890,1,Stable Audio v1
aime_stable_audio_v1_03891,1,Stable Audio v1
aime_stable_audio_v1_03892,1,Stable Audio v1
aime_stable_audio_v1_03893,1,Stable Audio v1
aime_stable_audio_v1_03894,1,Stable Audio v1
aime_stable_audio_v1_03895,1,Stable Audio v1
aime_stable_audio_v1_03896,1,Stable Audio v1
aime_stable_audio_v1_03897,1,Stable Audio v1
aime_stable_audio_v1_03898,1,Stable Audio v1
aime_stable_audio_v1_03899,1,Stable Audio v1
aime_stable_audio_v1_03900,1,Stable Audio v1
aime_stable_audio_v1_03901,1,Stable Audio v1
aime_stable_audio_v1_03902,1,Stable Audio v1
aime_stable_audio_v1_03903,1,Stable Audio v1
aime_stable_audio_v1_03904,1,Stable Audio v1
aime_stable_audio_v1_03905,1,Stable Audio v1
aime_stable_audio_v1_03906,1,Stable Audio v1
aime_stable_audio_v1_03907,1,Stable Audio v1
aime_stable_audio_v1_03908,1,Stable Audio v1
aime_stable_audio_v1_03909,1,Stable Audio v1
aime_stable_audio_v1_03910,1,Stable Audio v1
aime_stable_audio_v1_03911,1,Stable Audio v1
aime_stable_audio_v1_03912,1,Stable Audio v1
aime_stable_audio_v1_03913,1,Stable Audio v1
aime_stable_audio_v1_03914,1,Stable Audio v1
aime_stable_audio_v1_03915,1,Stable Audio v1
aime_stable_audio_v1_03916,1,Stable Audio v1
aime_stable_audio_v1_03917,1,Stable Audio v1
aime_stable_audio_v1_03918,1,Stable Audio v1
aime_stable_audio_v1_03919,1,Stable Audio v1
aime_stable_audio_v1_03920,1,Stable Audio v1
aime_stable_audio_v1_03921,1,Stable Audio v1
aime_stable_audio_v1_03922,1,Stable Audio v1
aime_stable_audio_v1_03923,1,Stable Audio v1
aime_stable_audio_v1_03924,1,Stable Audio v1
aime_stable_audio_v1_03925,1,Stable Audio v1
aime_stable_audio_v1_03926,1,Stable Audio v1
aime_stable_audio_v1_03927,1,Stable Audio v1
aime_stable_audio_v1_03928,1,Stable Audio v1
aime_stable_audio_v1_03929,1,Stable Audio v1
aime_stable_audio_v1_03930,1,Stable Audio v1
aime_stable_audio_v1_03931,1,Stable Audio v1
aime_stable_audio_v1_03932,1,Stable Audio v1
aime_stable_audio_v1_03933,1,Stable Audio v1
aime_stable_audio_v1_03934,1,Stable Audio v1
aime_stable_audio_v1_03935,1,Stable Audio v1
aime_stable_audio_v1_03936,1,Stable Audio v1
aime_stable_audio_v1_03937,1,Stable Audio v1
aime_stable_audio_v1_03938,1,Stable Audio v1
aime_stable_audio_v1_03939,1,Stable Audio v1
aime_stable_audio_v1_03940,1,Stable Audio v1
aime_stable_audio_v1_03941,1,Stable Audio v1
aime_stable_audio_v1_03942,1,Stable Audio v1
aime_stable_audio_v1_03943,1,Stable Audio v1
aime_stable_audio_v1_03944,1,Stable Audio v1
aime_stable_audio_v1_03945,1,Stable Audio v1
aime_stable_audio_v1_03946,1,Stable Audio v1
aime_stable_audio_v1_03947,1,Stable Audio v1
aime_stable_audio_v1_03948,1,Stable Audio v1
aime_stable_audio_v1_03949,1,Stable Audio v1
aime_stable_audio_v1_03950,1,Stable Audio v1
aime_stable_audio_v1_03951,1,Stable Audio v1
aime_stable_audio_v1_03952,1,Stable Audio v1
aime_stable_audio_v1_03953,1,Stable Audio v1
aime_stable_audio_v1_03954,1,Stable Audio v1
aime_stable_audio_v1_03955,1,Stable Audio v1
aime_stable_audio_v1_03956,1,Stable Audio v1
aime_stable_audio_v1_03957,1,Stable Audio v1
aime_stable_audio_v1_03958,1,Stable Audio v1
aime_stable_audio_v1_03959,1,Stable Audio v1
aime_stable_audio_v1_03960,1,Stable Audio v1
aime_stable_audio_v1_03961,1,Stable Audio v1
aime_stable_audio_v1_03962,1,Stable Audio v1
aime_stable_audio_v1_03963,1,Stable Audio v1
aime_stable_audio_v1_03964,1,Stable Audio v1
aime_stable_audio_v1_03965,1,Stable Audio v1
aime_stable_audio_v1_03966,1,Stable Audio v1
aime_stable_audio_v1_03967,1,Stable Audio v1
aime_stable_audio_v1_03968,1,Stable Audio v1
aime_stable_audio_v1_03969,1,Stable Audio v1
aime_stable_audio_v1_03970,1,Stable Audio v1
aime_stable_audio_v1_03971,1,Stable Audio v1
aime_stable_audio_v1_03972,1,Stable Audio v1
aime_stable_audio_v1_03973,1,Stable Audio v1
aime_stable_audio_v1_03974,1,Stable Audio v1
aime_stable_audio_v1_03975,1,Stable Audio v1
aime_stable_audio_v1_03976,1,Stable Audio v1
aime_stable_audio_v1_03977,1,Stable Audio v1
aime_stable_audio_v1_03978,1,Stable Audio v1
aime_stable_audio_v1_03979,1,Stable Audio v1
aime_stable_audio_v1_03980,1,Stable Audio v1
aime_stable_audio_v1_03981,1,Stable Audio v1
aime_stable_audio_v1_03982,1,Stable Audio v1
aime_stable_audio_v1_03983,1,Stable Audio v1
aime_stable_audio_v1_03984,1,Stable Audio v1
aime_stable_audio_v1_03985,1,Stable Audio v1
aime_stable_audio_v1_03986,1,Stable Audio v1
aime_stable_audio_v1_03987,1,Stable Audio v1
aime_stable_audio_v1_03988,1,Stable Audio v1
aime_stable_audio_v1_03989,1,Stable Audio v1
aime_stable_audio_v1_03990,1,Stable Audio v1
aime_stable_audio_v1_03991,1,Stable Audio v1
aime_stable_audio_v1_03992,1,Stable Audio v1
aime_stable_audio_v1_03993,1,Stable Audio v1
aime_stable_audio_v1_03994,1,Stable Audio v1
aime_stable_audio_v1_03995,1,Stable Audio v1
aime_stable_audio_v1_03996,1,Stable Audio v1
aime_stable_audio_v1_03997,1,Stable Audio v1
aime_stable_audio_v1_03998,1,Stable Audio v1
aime_stable_audio_v1_03999,1,Stable Audio v1
aime_stable_audio_v1_04000,1,Stable Audio v1
aime_stable_audio_v2_04001,1,Stable Audio v2
aime_stable_audio_v2_04002,1,Stable Audio v2
aime_stable_audio_v2_04003,1,Stable Audio v2
aime_stable_audio_v2_04004,1,Stable Audio v2
aime_stable_audio_v2_04005,1,Stable Audio v2
aime_stable_audio_v2_04006,1,Stable Audio v2
aime_stable_audio_v2_04007,1,Stable Audio v2
aime_stable_audio_v2_04008,1,Stable Audio v2
aime_stable_audio_v2_04009,1,Stable Audio v2
aime_stable_audio_v2_04010,1,Stable Audio v2
aime_stable_audio_v2_04011,1,Stable Audio v2
aime_stable_audio_v2_04012,1,Stable Audio v2
aime_stable_audio_v2_04013,1,Stable Audio v2
aime_stable_audio_v2_04014,1,Stable Audio v2
aime_stable_audio_v2_04015,1,Stable Audio v2
aime_stable_audio_v2_04016,1,Stable Audio v2
aime_stable_audio_v2_04017,1,Stable Audio v2
aime_stable_audio_v2_04018,1,Stable Audio v2
aime_stable_audio_v2_04019,1,Stable Audio v2
aime_stable_audio_v2_04020,1,Stable Audio v2
aime_stable_audio_v2_04021,1,Stable Audio v2
aime_stable_audio_v2_04022,1,Stable Audio v2
aime_stable_audio_v2_04023,1,Stable Audio v2
aime_stable_audio_v2_04024,1,Stable Audio v2
aime_stable_audio_v2_04025,1,Stable Audio v2
aime_stable_audio_v2_04026,1,Stable Audio v2
aime_stable_audio_v2_04027,1,Stable Audio v2
aime_stable_audio_v2_04028,1,Stable Audio v2
aime_stable_audio_v2_04029,1,Stable Audio v2
aime_stable_audio_v2_04030,1,Stable Audio v2
aime_stable_audio_v2_04031,1,Stable Audio v2
aime_stable_audio_v2_04032,1,Stable Audio v2
aime_stable_audio_v2_04033,1,Stable Audio v2
aime_stable_audio_v2_04034,1,Stable Audio v2
aime_stable_audio_v2_04035,1,Stable Audio v2
aime_stable_audio_v2_04036,1,Stable Audio v2
aime_stable_audio_v2_04037,1,Stable Audio v2
aime_stable_audio_v2_04038,1,Stable Audio v2
aime_stable_audio_v2_04039,1,Stable Audio v2
aime_stable_audio_v2_04040,1,Stable Audio v2
aime_stable_audio_v2_04041,1,Stable Audio v2
aime_stable_audio_v2_04042,1,Stable Audio v2
aime_stable_audio_v2_04043,1,Stable Audio v2
aime_stable_audio_v2_04044,1,Stable Audio v2
aime_stable_audio_v2_04045,1,Stable Audio v2
aime_stable_audio_v2_04046,1,Stable Audio v2
aime_stable_audio_v2_04047,1,Stable Audio v2
aime_stable_audio_v2_04048,1,Stable Audio v2
aime_stable_audio_v2_04049,1,Stable Audio v2
aime_stable_audio_v2_04050,1,Stable Audio v2
aime_stable_audio_v2_04051,1,Stable Audio v2
aime_stable_audio_v2_04052,1,Stable Audio v2
aime_stable_audio_v2_04053,1,Stable Audio v2
aime_stable_audio_v2_04054,1,Stable Audio v2
aime_stable_audio_v2_04055,1,Stable Audio v2
aime_stable_audio_v2_04056,1,Stable Audio v2
aime_stable_audio_v2_04057,1,Stable Audio v2
aime_stable_audio_v2_04058,1,Stable Audio v2
aime_stable_audio_v2_04059,1,Stable Audio v2
aime_stable_audio_v2_04060,1,Stable Audio v2
aime_stable_audio_v2_04061,1,Stable Audio v2
aime_stable_audio_v2_04062,1,Stable Audio v2
aime_stable_audio_v2_04063,1,Stable Audio v2
aime_stable_audio_v2_04064,1,Stable Audio v2
aime_stable_audio_v2_04065,1,Stable Audio v2
aime_stable_audio_v2_04066,1,Stable Audio v2
aime_stable_audio_v2_04067,1,Stable Audio v2
aime_stable_audio_v2_04068,1,Stable Audio v2
aime_stable_audio_v2_04069,1,Stable Audio v2
aime_stable_audio_v2_04070,1,Stable Audio v2
aime_stable_audio_v2_04071,1,Stable Audio v2
aime_stable_audio_v2_04072,1,Stable Audio v2
aime_stable_audio_v2_04073,1,Stable Audio v2
aime_stable_audio_v2_04074,1,Stable Audio v2
aime_stable_audio_v2_04075,1,Stable Audio v2
aime_stable_audio_v2_04076,1,Stable Audio v2
aime_stable_audio_v2_04077,1,Stable Audio v2
aime_stable_audio_v2_04078,1,Stable Audio v2
aime_stable_audio_v2_04079,1,Stable Audio v2
aime_stable_audio_v2_04080,1,Stable Audio v2
aime_stable_audio_v2_04081,1,Stable Audio v2
aime_stable_audio_v2_04082,1,Stable Audio v2
aime_stable_audio_v2_04083,1,Stable Audio v2
aime_stable_audio_v2_04084,1,Stable Audio v2
aime_stable_audio_v2_04085,1,Stable Audio v2
aime_stable_audio_v2_04086,1,Stable Audio v2
aime_stable_audio_v2_04087,1,Stable Audio v2
aime_stable_audio_v2_04088,1,Stable Audio v2
aime_stable_audio_v2_04089,1,Stable Audio v2
aime_stable_audio_v2_04090,1,Stable Audio v2
aime_stable_audio_v2_04091,1,Stable Audio v2
aime_stable_audio_v2_04092,1,Stable Audio v2
aime_stable_audio_v2_04093,1,Stable Audio v2
aime_stable_audio_v2_04094,1,Stable Audio v2
aime_stable_audio_v2_04095,1,Stable Audio v2
aime_stable_audio_v2_04096,1,Stable Audio v2
aime_stable_audio_v2_04097,1,Stable Audio v2
aime_stable_audio_v2_04098,1,Stable Audio v2
aime_stable_audio_v2_04099,1,Stable Audio v2
aime_stable_audio_v2_04100,1,Stable Audio v2
aime_stable_audio_v2_04101,1,Stable Audio v2
aime_stable_audio_v2_04102,1,Stable Audio v2
aime_stable_audio_v2_04103,1,Stable Audio v2
aime_stable_audio_v2_04104,1,Stable Audio v2
aime_stable_audio_v2_04105,1,Stable Audio v2
aime_stable_audio_v2_04106,1,Stable Audio v2
aime_stable_audio_v2_04107,1,Stable Audio v2
aime_stable_audio_v2_04108,1,Stable Audio v2
aime_stable_audio_v2_04109,1,Stable Audio v2
aime_stable_audio_v2_04110,1,Stable Audio v2
aime_stable_audio_v2_04111,1,Stable Audio v2
aime_stable_audio_v2_04112,1,Stable Audio v2
aime_stable_audio_v2_04113,1,Stable Audio v2
aime_stable_audio_v2_04114,1,Stable Audio v2
aime_stable_audio_v2_04115,1,Stable Audio v2
aime_stable_audio_v2_04116,1,Stable Audio v2
aime_stable_audio_v2_04117,1,Stable Audio v2
aime_stable_audio_v2_04118,1,Stable Audio v2
aime_stable_audio_v2_04119,1,Stable Audio v2
aime_stable_audio_v2_04120,1,Stable Audio v2
aime_stable_audio_v2_04121,1,Stable Audio v2
aime_stable_audio_v2_04122,1,Stable Audio v2
aime_stable_audio_v2_04123,1,Stable Audio v2
aime_stable_audio_v2_04124,1,Stable Audio v2
aime_stable_audio_v2_04125,1,Stable Audio v2
aime_stable_audio_v2_04126,1,Stable Audio v2
aime_stable_audio_v2_04127,1,Stable Audio v2
aime_stable_audio_v2_04128,1,Stable Audio v2
aime_stable_audio_v2_04129,1,Stable Audio v2
aime_stable_audio_v2_04130,1,Stable Audio v2
aime_stable_audio_v2_04131,1,Stable Audio v2
aime_stable_audio_v2_04132,1,Stable Audio v2
aime_stable_audio_v2_04133,1,Stable Audio v2
aime_stable_audio_v2_04134,1,Stable Audio v2
aime_stable_audio_v2_04135,1,Stable Audio v2
aime_stable_audio_v2_04136,1,Stable Audio v2
aime_stable_audio_v2_04137,1,Stable Audio v2
aime_stable_audio_v2_04138,1,Stable Audio v2
aime_stable_audio_v2_04139,1,Stable Audio v2
aime_stable_audio_v2_04140,1,Stable Audio v2
aime_stable_audio_v2_04141,1,Stable Audio v2
aime_stable_audio_v2_04142,1,Stable Audio v2
aime_stable_audio_v2_04143,1,Stable Audio v2
aime_stable_audio_v2_04144,1,Stable Audio v2
aime_stable_audio_v2_04145,1,Stable Audio v2
aime_stable_audio_v2_04146,1,Stable Audio v2
aime_stable_audio_v2_04147,1,Stable Audio v2
aime_stable_audio_v2_04148,1,Stable Audio v2
aime_stable_audio_v2_04149,1,Stable Audio v2
aime_stable_audio_v2_04150,1,Stable Audio v2
aime_stable_audio_v2_04151,1,Stable Audio v2
aime_stable_audio_v2_04152,1,Stable Audio v2
aime_stable_audio_v2_04153,1,Stable Audio v2
aime_stable_audio_v2_04154,1,Stable Audio v2
aime_stable_audio_v2_04155,1,Stable Audio v2
aime_stable_audio_v2_04156,1,Stable Audio v2
aime_stable_audio_v2_04157,1,Stable Audio v2
aime_stable_audio_v2_04158,1,Stable Audio v2
aime_stable_audio_v2_04159,1,Stable Audio v2
aime_stable_audio_v2_04160,1,Stable Audio v2
aime_stable_audio_v2_04161,1,Stable Audio v2
aime_stable_audio_v2_04162,1,Stable Audio v2
aime_stable_audio_v2_04163,1,Stable Audio v2
aime_stable_audio_v2_04164,1,Stable Audio v2
aime_stable_audio_v2_04165,1,Stable Audio v2
aime_stable_audio_v2_04166,1,Stable Audio v2
aime_stable_audio_v2_04167,1,Stable Audio v2
aime_stable_audio_v2_04168,1,Stable Audio v2
aime_stable_audio_v2_04169,1,Stable Audio v2
aime_stable_audio_v2_04170,1,Stable Audio v2
aime_stable_audio_v2_04171,1,Stable Audio v2
aime_stable_audio_v2_04172,1,Stable Audio v2
aime_stable_audio_v2_04173,1,Stable Audio v2
aime_stable_audio_v2_04174,1,Stable Audio v2
aime_stable_audio_v2_04175,1,Stable Audio v2
aime_stable_audio_v2_04176,1,Stable Audio v2
aime_stable_audio_v2_04177,1,Stable Audio v2
aime_stable_audio_v2_04178,1,Stable Audio v2
aime_stable_audio_v2_04179,1,Stable Audio v2
aime_stable_audio_v2_04180,1,Stable Audio v2
aime_stable_audio_v2_04181,1,Stable Audio v2
aime_stable_audio_v2_04182,1,Stable Audio v2
aime_stable_audio_v2_04183,1,Stable Audio v2
aime_stable_audio_v2_04184,1,Stable Audio v2
aime_stable_audio_v2_04185,1,Stable Audio v2
aime_stable_audio_v2_04186,1,Stable Audio v2
aime_stable_audio_v2_04187,1,Stable Audio v2
aime_stable_audio_v2_04188,1,Stable Audio v2
aime_stable_audio_v2_04189,1,Stable Audio v2
aime_stable_audio_v2_04190,1,Stable Audio v2
aime_stable_audio_v2_04191,1,Stable Audio v2
aime_stable_audio_v2_04192,1,Stable Audio v2
aime_stable_audio_v2_04193,1,Stable Audio v2
aime_stable_audio_v2_04194,1,Stable Audio v2
aime_stable_audio_v2_04195,1,Stable Audio v2
aime_stable_audio_v2_04196,1,Stable Audio v2
aime_stable_audio_v2_04197,1,Stable Audio v2
aime_stable_audio_v2_04198,1,Stable Audio v2
aime_stable_audio_v2_04199,1,Stable Audio v2
aime_stable_audio_v2_04200,1,Stable Audio v2
aime_stable_audio_v2_04201,1,Stable Audio v2
aime_stable_audio_v2_04202,1,Stable Audio v2
aime_stable_audio_v2_04203,1,Stable Audio v2
aime_stable_audio_v2_04204,1,Stable Audio v2
aime_stable_audio_v2_04205,1,Stable Audio v2
aime_stable_audio_v2_04206,1,Stable Audio v2
aime_stable_audio_v2_04207,1,Stable Audio v2
aime_stable_audio_v2_04208,1,Stable Audio v2
aime_stable_audio_v2_04209,1,Stable Audio v2
aime_stable_audio_v2_04210,1,Stable Audio v2
aime_stable_audio_v2_04211,1,Stable Audio v2
aime_stable_audio_v2_04212,1,Stable Audio v2
aime_stable_audio_v2_04213,1,Stable Audio v2
aime_stable_audio_v2_04214,1,Stable Audio v2
aime_stable_audio_v2_04215,1,Stable Audio v2
aime_stable_audio_v2_04216,1,Stable Audio v2
aime_stable_audio_v2_04217,1,Stable Audio v2
aime_stable_audio_v2_04218,1,Stable Audio v2
aime_stable_audio_v2_04219,1,Stable Audio v2
aime_stable_audio_v2_04220,1,Stable Audio v2
aime_stable_audio_v2_04221,1,Stable Audio v2
aime_stable_audio_v2_04222,1,Stable Audio v2
aime_stable_audio_v2_04223,1,Stable Audio v2
aime_stable_audio_v2_04224,1,Stable Audio v2
aime_stable_audio_v2_04225,1,Stable Audio v2
aime_stable_audio_v2_04226,1,Stable Audio v2
aime_stable_audio_v2_04227,1,Stable Audio v2
aime_stable_audio_v2_04228,1,Stable Audio v2
aime_stable_audio_v2_04229,1,Stable Audio v2
aime_stable_audio_v2_04230,1,Stable Audio v2
aime_stable_audio_v2_04231,1,Stable Audio v2
aime_stable_audio_v2_04232,1,Stable Audio v2
aime_stable_audio_v2_04233,1,Stable Audio v2
aime_stable_audio_v2_04234,1,Stable Audio v2
aime_stable_audio_v2_04235,1,Stable Audio v2
aime_stable_audio_v2_04236,1,Stable Audio v2
aime_stable_audio_v2_04237,1,Stable Audio v2
aime_stable_audio_v2_04238,1,Stable Audio v2
aime_stable_audio_v2_04239,1,Stable Audio v2
aime_stable_audio_v2_04240,1,Stable Audio v2
aime_stable_audio_v2_04241,1,Stable Audio v2
aime_stable_audio_v2_04242,1,Stable Audio v2
aime_stable_audio_v2_04243,1,Stable Audio v2
aime_stable_audio_v2_04244,1,Stable Audio v2
aime_stable_audio_v2_04245,1,Stable Audio v2
aime_stable_audio_v2_04246,1,Stable Audio v2
aime_stable_audio_v2_04247,1,Stable Audio v2
aime_stable_audio_v2_04248,1,Stable Audio v2
aime_stable_audio_v2_04249,1,Stable Audio v2
aime_stable_audio_v2_04250,1,Stable Audio v2
aime_stable_audio_v2_04251,1,Stable Audio v2
aime_stable_audio_v2_04252,1,Stable Audio v2
aime_stable_audio_v2_04253,1,Stable Audio v2
aime_stable_audio_v2_04254,1,Stable Audio v2
aime_stable_audio_v2_04255,1,Stable Audio v2
aime_stable_audio_v2_04256,1,Stable Audio v2
aime_stable_audio_v2_04257,1,Stable Audio v2
aime_stable_audio_v2_04258,1,Stable Audio v2
aime_stable_audio_v2_04259,1,Stable Audio v2
aime_stable_audio_v2_04260,1,Stable Audio v2
aime_stable_audio_v2_04261,1,Stable Audio v2
aime_stable_audio_v2_04262,1,Stable Audio v2
aime_stable_audio_v2_04263,1,Stable Audio v2
aime_stable_audio_v2_04264,1,Stable Audio v2
aime_stable_audio_v2_04265,1,Stable Audio v2
aime_stable_audio_v2_04266,1,Stable Audio v2
aime_stable_audio_v2_04267,1,Stable Audio v2
aime_stable_audio_v2_04268,1,Stable Audio v2
aime_stable_audio_v2_04269,1,Stable Audio v2
aime_stable_audio_v2_04270,1,Stable Audio v2
aime_stable_audio_v2_04271,1,Stable Audio v2
aime_stable_audio_v2_04272,1,Stable Audio v2
aime_stable_audio_v2_04273,1,Stable Audio v2
aime_stable_audio_v2_04274,1,Stable Audio v2
aime_stable_audio_v2_04275,1,Stable Audio v2
aime_stable_audio_v2_04276,1,Stable Audio v2
aime_stable_audio_v2_04277,1,Stable Audio v2
aime_stable_audio_v2_04278,1,Stable Audio v2
aime_stable_audio_v2_04279,1,Stable Audio v2
aime_stable_audio_v2_04280,1,Stable Audio v2
aime_stable_audio_v2_04281,1,Stable Audio v2
aime_stable_audio_v2_04282,1,Stable Audio v2
aime_stable_audio_v2_04283,1,Stable Audio v2
aime_stable_audio_v2_04284,1,Stable Audio v2
aime_stable_audio_v2_04285,1,Stable Audio v2
aime_stable_audio_v2_04286,1,Stable Audio v2
aime_stable_audio_v2_04287,1,Stable Audio v2
aime_stable_audio_v2_04288,1,Stable Audio v2
aime_stable_audio_v2_04289,1,Stable Audio v2
aime_stable_audio_v2_04290,1,Stable Audio v2
aime_stable_audio_v2_04291,1,Stable Audio v2
aime_stable_audio_v2_04292,1,Stable Audio v2
aime_stable_audio_v2_04293,1,Stable Audio v2
aime_stable_audio_v2_04294,1,Stable Audio v2
aime_stable_audio_v2_04295,1,Stable Audio v2
aime_stable_audio_v2_04296,1,Stable Audio v2
aime_stable_audio_v2_04297,1,Stable Audio v2
aime_stable_audio_v2_04298,1,Stable Audio v2
aime_stable_audio_v2_04299,1,Stable Audio v2
aime_stable_audio_v2_04300,1,Stable Audio v2
aime_stable_audio_v2_04301,1,Stable Audio v2
aime_stable_audio_v2_04302,1,Stable Audio v2
aime_stable_audio_v2_04303,1,Stable Audio v2
aime_stable_audio_v2_04304,1,Stable Audio v2
aime_stable_audio_v2_04305,1,Stable Audio v2
aime_stable_audio_v2_04306,1,Stable Audio v2
aime_stable_audio_v2_04307,1,Stable Audio v2
aime_stable_audio_v2_04308,1,Stable Audio v2
aime_stable_audio_v2_04309,1,Stable Audio v2
aime_stable_audio_v2_04310,1,Stable Audio v2
aime_stable_audio_v2_04311,1,Stable Audio v2
aime_stable_audio_v2_04312,1,Stable Audio v2
aime_stable_audio_v2_04313,1,Stable Audio v2
aime_stable_audio_v2_04314,1,Stable Audio v2
aime_stable_audio_v2_04315,1,Stable Audio v2
aime_stable_audio_v2_04316,1,Stable Audio v2
aime_stable_audio_v2_04317,1,Stable Audio v2
aime_stable_audio_v2_04318,1,Stable Audio v2
aime_stable_audio_v2_04319,1,Stable Audio v2
aime_stable_audio_v2_04320,1,Stable Audio v2
aime_stable_audio_v2_04321,1,Stable Audio v2
aime_stable_audio_v2_04322,1,Stable Audio v2
aime_stable_audio_v2_04323,1,Stable Audio v2
aime_stable_audio_v2_04324,1,Stable Audio v2
aime_stable_audio_v2_04325,1,Stable Audio v2
aime_stable_audio_v2_04326,1,Stable Audio v2
aime_stable_audio_v2_04327,1,Stable Audio v2
aime_stable_audio_v2_04328,1,Stable Audio v2
aime_stable_audio_v2_04329,1,Stable Audio v2
aime_stable_audio_v2_04330,1,Stable Audio v2
aime_stable_audio_v2_04331,1,Stable Audio v2
aime_stable_audio_v2_04332,1,Stable Audio v2
aime_stable_audio_v2_04333,1,Stable Audio v2
aime_stable_audio_v2_04334,1,Stable Audio v2
aime_stable_audio_v2_04335,1,Stable Audio v2
aime_stable_audio_v2_04336,1,Stable Audio v2
aime_stable_audio_v2_04337,1,Stable Audio v2
aime_stable_audio_v2_04338,1,Stable Audio v2
aime_stable_audio_v2_04339,1,Stable Audio v2
aime_stable_audio_v2_04340,1,Stable Audio v2
aime_stable_audio_v2_04341,1,Stable Audio v2
aime_stable_audio_v2_04342,1,Stable Audio v2
aime_stable_audio_v2_04343,1,Stable Audio v2
aime_stable_audio_v2_04344,1,Stable Audio v2
aime_stable_audio_v2_04345,1,Stable Audio v2
aime_stable_audio_v2_04346,1,Stable Audio v2
aime_stable_audio_v2_04347,1,Stable Audio v2
aime_stable_audio_v2_04348,1,Stable Audio v2
aime_stable_audio_v2_04349,1,Stable Audio v2
aime_stable_audio_v2_04350,1,Stable Audio v2
aime_stable_audio_v2_04351,1,Stable Audio v2
aime_stable_audio_v2_04352,1,Stable Audio v2
aime_stable_audio_v2_04353,1,Stable Audio v2
aime_stable_audio_v2_04354,1,Stable Audio v2
aime_stable_audio_v2_04355,1,Stable Audio v2
aime_stable_audio_v2_04356,1,Stable Audio v2
aime_stable_audio_v2_04357,1,Stable Audio v2
aime_stable_audio_v2_04358,1,Stable Audio v2
aime_stable_audio_v2_04359,1,Stable Audio v2
aime_stable_audio_v2_04360,1,Stable Audio v2
aime_stable_audio_v2_04361,1,Stable Audio v2
aime_stable_audio_v2_04362,1,Stable Audio v2
aime_stable_audio_v2_04363,1,Stable Audio v2
aime_stable_audio_v2_04364,1,Stable Audio v2
aime_stable_audio_v2_04365,1,Stable Audio v2
aime_stable_audio_v2_04366,1,Stable Audio v2
aime_stable_audio_v2_04367,1,Stable Audio v2
aime_stable_audio_v2_04368,1,Stable Audio v2
aime_stable_audio_v2_04369,1,Stable Audio v2
aime_stable_audio_v2_04370,1,Stable Audio v2
aime_stable_audio_v2_04371,1,Stable Audio v2
aime_stable_audio_v2_04372,1,Stable Audio v2
aime_stable_audio_v2_04373,1,Stable Audio v2
aime_stable_audio_v2_04374,1,Stable Audio v2
aime_stable_audio_v2_04375,1,Stable Audio v2
aime_stable_audio_v2_04376,1,Stable Audio v2
aime_stable_audio_v2_04377,1,Stable Audio v2
aime_stable_audio_v2_04378,1,Stable Audio v2
aime_stable_audio_v2_04379,1,Stable Audio v2
aime_stable_audio_v2_04380,1,Stable Audio v2
aime_stable_audio_v2_04381,1,Stable Audio v2
aime_stable_audio_v2_04382,1,Stable Audio v2
aime_stable_audio_v2_04383,1,Stable Audio v2
aime_stable_audio_v2_04384,1,Stable Audio v2
aime_stable_audio_v2_04385,1,Stable Audio v2
aime_stable_audio_v2_04386,1,Stable Audio v2
aime_stable_audio_v2_04387,1,Stable Audio v2
aime_stable_audio_v2_04388,1,Stable Audio v2
aime_stable_audio_v2_04389,1,Stable Audio v2
aime_stable_audio_v2_04390,1,Stable Audio v2
aime_stable_audio_v2_04391,1,Stable Audio v2
aime_stable_audio_v2_04392,1,Stable Audio v2
aime_stable_audio_v2_04393,1,Stable Audio v2
aime_stable_audio_v2_04394,1,Stable Audio v2
aime_stable_audio_v2_04395,1,Stable Audio v2
aime_stable_audio_v2_04396,1,Stable Audio v2
aime_stable_audio_v2_04397,1,Stable Audio v2
aime_stable_audio_v2_04398,1,Stable Audio v2
aime_stable_audio_v2_04399,1,Stable Audio v2
aime_stable_audio_v2_04400,1,Stable Audio v2
aime_stable_audio_v2_04401,1,Stable Audio v2
aime_stable_audio_v2_04402,1,Stable Audio v2
aime_stable_audio_v2_04403,1,Stable Audio v2
aime_stable_audio_v2_04404,1,Stable Audio v2
aime_stable_audio_v2_04405,1,Stable Audio v2
aime_stable_audio_v2_04406,1,Stable Audio v2
aime_stable_audio_v2_04407,1,Stable Audio v2
aime_stable_audio_v2_04408,1,Stable Audio v2
aime_stable_audio_v2_04409,1,Stable Audio v2
aime_stable_audio_v2_04410,1,Stable Audio v2
aime_stable_audio_v2_04411,1,Stable Audio v2
aime_stable_audio_v2_04412,1,Stable Audio v2
aime_stable_audio_v2_04413,1,Stable Audio v2
aime_stable_audio_v2_04414,1,Stable Audio v2
aime_stable_audio_v2_04415,1,Stable Audio v2
aime_stable_audio_v2_04416,1,Stable Audio v2
aime_stable_audio_v2_04417,1,Stable Audio v2
aime_stable_audio_v2_04418,1,Stable Audio v2
aime_stable_audio_v2_04419,1,Stable Audio v2
aime_stable_audio_v2_04420,1,Stable Audio v2
aime_stable_audio_v2_04421,1,Stable Audio v2
aime_stable_audio_v2_04422,1,Stable Audio v2
aime_stable_audio_v2_04423,1,Stable Audio v2
aime_stable_audio_v2_04424,1,Stable Audio v2
aime_stable_audio_v2_04425,1,Stable Audio v2
aime_stable_audio_v2_04426,1,Stable Audio v2
aime_stable_audio_v2_04427,1,Stable Audio v2
aime_stable_audio_v2_04428,1,Stable Audio v2
aime_stable_audio_v2_04429,1,Stable Audio v2
aime_stable_audio_v2_04430,1,Stable Audio v2
aime_stable_audio_v2_04431,1,Stable Audio v2
aime_stable_audio_v2_04432,1,Stable Audio v2
aime_stable_audio_v2_04433,1,Stable Audio v2
aime_stable_audio_v2_04434,1,Stable Audio v2
aime_stable_audio_v2_04435,1,Stable Audio v2
aime_stable_audio_v2_04436,1,Stable Audio v2
aime_stable_audio_v2_04437,1,Stable Audio v2
aime_stable_audio_v2_04438,1,Stable Audio v2
aime_stable_audio_v2_04439,1,Stable Audio v2
aime_stable_audio_v2_04440,1,Stable Audio v2
aime_stable_audio_v2_04441,1,Stable Audio v2
aime_stable_audio_v2_04442,1,Stable Audio v2
aime_stable_audio_v2_04443,1,Stable Audio v2
aime_stable_audio_v2_04444,1,Stable Audio v2
aime_stable_audio_v2_04445,1,Stable Audio v2
aime_stable_audio_v2_04446,1,Stable Audio v2
aime_stable_audio_v2_04447,1,Stable Audio v2
aime_stable_audio_v2_04448,1,Stable Audio v2
aime_stable_audio_v2_04449,1,Stable Audio v2
aime_stable_audio_v2_04450,1,Stable Audio v2
aime_stable_audio_v2_04451,1,Stable Audio v2
aime_stable_audio_v2_04452,1,Stable Audio v2
aime_stable_audio_v2_04453,1,Stable Audio v2
aime_stable_audio_v2_04454,1,Stable Audio v2
aime_stable_audio_v2_04455,1,Stable Audio v2
aime_stable_audio_v2_04456,1,Stable Audio v2
aime_stable_audio_v2_04457,1,Stable Audio v2
aime_stable_audio_v2_04458,1,Stable Audio v2
aime_stable_audio_v2_04459,1,Stable Audio v2
aime_stable_audio_v2_04460,1,Stable Audio v2
aime_stable_audio_v2_04461,1,Stable Audio v2
aime_stable_audio_v2_04462,1,Stable Audio v2
aime_stable_audio_v2_04463,1,Stable Audio v2
aime_stable_audio_v2_04464,1,Stable Audio v2
aime_stable_audio_v2_04465,1,Stable Audio v2
aime_stable_audio_v2_04466,1,Stable Audio v2
aime_stable_audio_v2_04467,1,Stable Audio v2
aime_stable_audio_v2_04468,1,Stable Audio v2
aime_stable_audio_v2_04469,1,Stable Audio v2
aime_stable_audio_v2_04470,1,Stable Audio v2
aime_stable_audio_v2_04471,1,Stable Audio v2
aime_stable_audio_v2_04472,1,Stable Audio v2
aime_stable_audio_v2_04473,1,Stable Audio v2
aime_stable_audio_v2_04474,1,Stable Audio v2
aime_stable_audio_v2_04475,1,Stable Audio v2
aime_stable_audio_v2_04476,1,Stable Audio v2
aime_stable_audio_v2_04477,1,Stable Audio v2
aime_stable_audio_v2_04478,1,Stable Audio v2
aime_stable_audio_v2_04479,1,Stable Audio v2
aime_stable_audio_v2_04480,1,Stable Audio v2
aime_stable_audio_v2_04481,1,Stable Audio v2
aime_stable_audio_v2_04482,1,Stable Audio v2
aime_stable_audio_v2_04483,1,Stable Audio v2
aime_stable_audio_v2_04484,1,Stable Audio v2
aime_stable_audio_v2_04485,1,Stable Audio v2
aime_stable_audio_v2_04486,1,Stable Audio v2
aime_stable_audio_v2_04487,1,Stable Audio v2
aime_stable_audio_v2_04488,1,Stable Audio v2
aime_stable_audio_v2_04489,1,Stable Audio v2
aime_stable_audio_v2_04490,1,Stable Audio v2
aime_stable_audio_v2_04491,1,Stable Audio v2
aime_stable_audio_v2_04492,1,Stable Audio v2
aime_stable_audio_v2_04493,1,Stable Audio v2
aime_stable_audio_v2_04494,1,Stable Audio v2
aime_stable_audio_v2_04495,1,Stable Audio v2
aime_stable_audio_v2_04496,1,Stable Audio v2
aime_stable_audio_v2_04497,1,Stable Audio v2
aime_stable_audio_v2_04498,1,Stable Audio v2
aime_stable_audio_v2_04499,1,Stable Audio v2
aime_stable_audio_v2_04500,1,Stable Audio v2
aime_udio_04501,1,Udio
aime_udio_04502,1,Udio
aime_udio_04503,1,Udio
aime_udio_04504,1,Udio
aime_udio_04505,1,Udio
aime_udio_04506,1,Udio
aime_udio_04507,1,Udio
aime_udio_04508,1,Udio
aime_udio_04509,1,Udio
aime_udio_04510,1,Udio
aime_udio_04511,1,Udio
aime_udio_04512,1,Udio
aime_udio_04513,1,Udio
aime_udio_04514,1,Udio
aime_udio_04515,1,Udio
aime_udio_04516,1,Udio
aime_udio_04517,1,Udio
aime_udio_04518,1,Udio
aime_udio_04519,1,Udio
aime_udio_04520,1,Udio
aime_udio_04521,1,Udio
aime_udio_04522,1,Udio
aime_udio_04523,1,Udio
aime_udio_04524,1,Udio
aime_udio_04525,1,Udio
aime_udio_04526,1,Udio
aime_udio_04527,1,Udio
aime_udio_04528,1,Udio
aime_udio_04529,1,Udio
aime_udio_04530,1,Udio
aime_udio_04531,1,Udio
aime_udio_04532,1,Udio
aime_udio_04533,1,Udio
aime_udio_04534,1,Udio
aime_udio_04535,1,Udio
aime_udio_04536,1,Udio
aime_udio_04537,1,Udio
aime_udio_04538,1,Udio
aime_udio_04539,1,Udio
aime_udio_04540,1,Udio
aime_udio_04541,1,Udio
aime_udio_04542,1,Udio
aime_udio_04543,1,Udio
aime_udio_04544,1,Udio
aime_udio_04545,1,Udio
aime_udio_04546,1,Udio
aime_udio_04547,1,Udio
aime_udio_04548,1,Udio
aime_udio_04549,1,Udio
aime_udio_04550,1,Udio
aime_udio_04551,1,Udio
aime_udio_04552,1,Udio
aime_udio_04553,1,Udio
aime_udio_04554,1,Udio
aime_udio_04555,1,Udio
aime_udio_04556,1,Udio
aime_udio_04557,1,Udio
aime_udio_04558,1,Udio
aime_udio_04559,1,Udio
aime_udio_04560,1,Udio
aime_udio_04561,1,Udio
aime_udio_04562,1,Udio
aime_udio_04563,1,Udio
aime_udio_04564,1,Udio
aime_udio_04565,1,Udio
aime_udio_04566,1,Udio
aime_udio_04567,1,Udio
aime_udio_04568,1,Udio
aime_udio_04569,1,Udio
aime_udio_04570,1,Udio
aime_udio_04571,1,Udio
aime_udio_04572,1,Udio
aime_udio_04573,1,Udio
aime_udio_04574,1,Udio
aime_udio_04575,1,Udio
aime_udio_04576,1,Udio
aime_udio_04577,1,Udio
aime_udio_04578,1,Udio
aime_udio_04579,1,Udio
aime_udio_04580,1,Udio
aime_udio_04581,1,Udio
aime_udio_04582,1,Udio
aime_udio_04583,1,Udio
aime_udio_04584,1,Udio
aime_udio_04585,1,Udio
aime_udio_04586,1,Udio
aime_udio_04587,1,Udio
aime_udio_04588,1,Udio
aime_udio_04589,1,Udio
aime_udio_04590,1,Udio
aime_udio_04591,1,Udio
aime_udio_04592,1,Udio
aime_udio_04593,1,Udio
aime_udio_04594,1,Udio
aime_udio_04595,1,Udio
aime_udio_04596,1,Udio
aime_udio_04597,1,Udio
aime_udio_04598,1,Udio
aime_udio_04599,1,Udio
aime_udio_04600,1,Udio
aime_udio_04601,1,Udio
aime_udio_04602,1,Udio
aime_udio_04603,1,Udio
aime_udio_04604,1,Udio
aime_udio_04605,1,Udio
aime_udio_04606,1,Udio
aime_udio_04607,1,Udio
aime_udio_04608,1,Udio
aime_udio_04609,1,Udio
aime_udio_04610,1,Udio
aime_udio_04611,1,Udio
aime_udio_04612,1,Udio
aime_udio_04613,1,Udio
aime_udio_04614,1,Udio
aime_udio_04615,1,Udio
aime_udio_04616,1,Udio
aime_udio_04617,1,Udio
aime_udio_04618,1,Udio
aime_udio_04619,1,Udio
aime_udio_04620,1,Udio
aime_udio_04621,1,Udio
aime_udio_04622,1,Udio
aime_udio_04623,1,Udio
aime_udio_04624,1,Udio
aime_udio_04625,1,Udio
aime_udio_04626,1,Udio
aime_udio_04627,1,Udio
aime_udio_04628,1,Udio
aime_udio_04629,1,Udio
aime_udio_04630,1,Udio
aime_udio_04631,1,Udio
aime_udio_04632,1,Udio
aime_udio_04633,1,Udio
aime_udio_04634,1,Udio
aime_udio_04635,1,Udio
aime_udio_04636,1,Udio
aime_udio_04637,1,Udio
aime_udio_04638,1,Udio
aime_udio_04639,1,Udio
aime_udio_04640,1,Udio
aime_udio_04641,1,Udio
aime_udio_04642,1,Udio
aime_udio_04643,1,Udio
aime_udio_04644,1,Udio
aime_udio_04645,1,Udio
aime_udio_04646,1,Udio
aime_udio_04647,1,Udio
aime_udio_04648,1,Udio
aime_udio_04649,1,Udio
aime_udio_04650,1,Udio
aime_udio_04651,1,Udio
aime_udio_04652,1,Udio
aime_udio_04653,1,Udio
aime_udio_04654,1,Udio
aime_udio_04655,1,Udio
aime_udio_04656,1,Udio
aime_udio_04657,1,Udio
aime_udio_04658,1,Udio
aime_udio_04659,1,Udio
aime_udio_04660,1,Udio
aime_udio_04661,1,Udio
aime_udio_04662,1,Udio
aime_udio_04663,1,Udio
aime_udio_04664,1,Udio
aime_udio_04665,1,Udio
aime_udio_04666,1,Udio
aime_udio_04667,1,Udio
aime_udio_04668,1,Udio
aime_udio_04669,1,Udio
aime_udio_04670,1,Udio
aime_udio_04671,1,Udio
aime_udio_04672,1,Udio
aime_udio_04673,1,Udio
aime_udio_04674,1,Udio
aime_udio_04675,1,Udio
aime_udio_04676,1,Udio
aime_udio_04677,1,Udio
aime_udio_04678,1,Udio
aime_udio_04679,1,Udio
aime_udio_04680,1,Udio
aime_udio_04681,1,Udio
aime_udio_04682,1,Udio
aime_udio_04683,1,Udio
aime_udio_04684,1,Udio
aime_udio_04685,1,Udio
aime_udio_04686,1,Udio
aime_udio_04687,1,Udio
aime_udio_04688,1,Udio
aime_udio_04689,1,Udio
aime_udio_04690,1,Udio
aime_udio_04691,1,Udio
aime_udio_04692,1,Udio
aime_udio_04693,1,Udio
aime_udio_04694,1,Udio
aime_udio_04695,1,Udio
aime_udio_04696,1,Udio
aime_udio_04697,1,Udio
aime_udio_04698,1,Udio
aime_udio_04699,1,Udio
aime_udio_04700,1,Udio
aime_udio_04701,1,Udio
aime_udio_04702,1,Udio
aime_udio_04703,1,Udio
aime_udio_04704,1,Udio
aime_udio_04705,1,Udio
aime_udio_04706,1,Udio
aime_udio_04707,1,Udio
aime_udio_04708,1,Udio
aime_udio_04709,1,Udio
aime_udio_04710,1,Udio
aime_udio_04711,1,Udio
aime_udio_04712,1,Udio
aime_udio_04713,1,Udio
aime_udio_04714,1,Udio
aime_udio_04715,1,Udio
aime_udio_04716,1,Udio
aime_udio_04717,1,Udio
aime_udio_04718,1,Udio
aime_udio_04719,1,Udio
aime_udio_04720,1,Udio
aime_udio_04721,1,Udio
aime_udio_04722,1,Udio
aime_udio_04723,1,Udio
aime_udio_04724,1,Udio
aime_udio_04725,1,Udio
aime_udio_04726,1,Udio
aime_udio_04727,1,Udio
aime_udio_04728,1,Udio
aime_udio_04729,1,Udio
aime_udio_04730,1,Udio
aime_udio_04731,1,Udio
aime_udio_04732,1,Udio
aime_udio_04733,1,Udio
aime_udio_04734,1,Udio
aime_udio_04735,1,Udio
aime_udio_04736,1,Udio
aime_udio_04737,1,Udio
aime_udio_04738,1,Udio
aime_udio_04739,1,Udio
aime_udio_04740,1,Udio
aime_udio_04741,1,Udio
aime_udio_04742,1,Udio
aime_udio_04743,1,Udio
aime_udio_04744,1,Udio
aime_udio_04745,1,Udio
aime_udio_04746,1,Udio
aime_udio_04747,1,Udio
aime_udio_04748,1,Udio
aime_udio_04749,1,Udio
aime_udio_04750,1,Udio
aime_udio_04751,1,Udio
aime_udio_04752,1,Udio
aime_udio_04753,1,Udio
aime_udio_04754,1,Udio
aime_udio_04755,1,Udio
aime_udio_04756,1,Udio
aime_udio_04757,1,Udio
aime_udio_04758,1,Udio
aime_udio_04759,1,Udio
aime_udio_04760,1,Udio
aime_udio_04761,1,Udio
aime_udio_04762,1,Udio
aime_udio_04763,1,Udio
aime_udio_04764,1,Udio
aime_udio_04765,1,Udio
aime_udio_04766,1,Udio
aime_udio_04767,1,Udio
aime_udio_04768,1,Udio
aime_udio_04769,1,Udio
aime_udio_04770,1,Udio
aime_udio_04771,1,Udio
aime_udio_04772,1,Udio
aime_udio_04773,1,Udio
aime_udio_04774,1,Udio
aime_udio_04775,1,Udio
aime_udio_04776,1,Udio
aime_udio_04777,1,Udio
aime_udio_04778,1,Udio
aime_udio_04779,1,Udio
aime_udio_04780,1,Udio
aime_udio_04781,1,Udio
aime_udio_04782,1,Udio
aime_udio_04783,1,Udio
aime_udio_04784,1,Udio
aime_udio_04785,1,Udio
aime_udio_04786,1,Udio
aime_udio_04787,1,Udio
aime_udio_04788,1,Udio
aime_udio_04789,1,Udio
aime_udio_04790,1,Udio
aime_udio_04791,1,Udio
aime_udio_04792,1,Udio
aime_udio_04793,1,Udio
aime_udio_04794,1,Udio
aime_udio_04795,1,Udio
aime_udio_04796,1,Udio
aime_udio_04797,1,Udio
aime_udio_04798,1,Udio
aime_udio_04799,1,Udio
aime_udio_04800,1,Udio
aime_udio_04801,1,Udio
aime_udio_04802,1,Udio
aime_udio_04803,1,Udio
aime_udio_04804,1,Udio
aime_udio_04805,1,Udio
aime_udio_04806,1,Udio
aime_udio_04807,1,Udio
aime_udio_04808,1,Udio
aime_udio_04809,1,Udio
aime_udio_04810,1,Udio
aime_udio_04811,1,Udio
aime_udio_04812,1,Udio
aime_udio_04813,1,Udio
aime_udio_04814,1,Udio
aime_udio_04815,1,Udio
aime_udio_04816,1,Udio
aime_udio_04817,1,Udio
aime_udio_04818,1,Udio
aime_udio_04819,1,Udio
aime_udio_04820,1,Udio
aime_udio_04821,1,Udio
aime_udio_04822,1,Udio
aime_udio_04823,1,Udio
aime_udio_04824,1,Udio
aime_udio_04825,1,Udio
aime_udio_04826,1,Udio
aime_udio_04827,1,Udio
aime_udio_04828,1,Udio
aime_udio_04829,1,Udio
aime_udio_04830,1,Udio
aime_udio_04831,1,Udio
aime_udio_04832,1,Udio
aime_udio_04833,1,Udio
aime_udio_04834,1,Udio
aime_udio_04835,1,Udio
aime_udio_04836,1,Udio
aime_udio_04837,1,Udio
aime_udio_04838,1,Udio
aime_udio_04839,1,Udio
aime_udio_04840,1,Udio
aime_udio_04841,1,Udio
aime_udio_04842,1,Udio
aime_udio_04843,1,Udio
aime_udio_04844,1,Udio
aime_udio_04845,1,Udio
aime_udio_04846,1,Udio
aime_udio_04847,1,Udio
aime_udio_04848,1,Udio
aime_udio_04849,1,Udio
aime_udio_04850,1,Udio
aime_udio_04851,1,Udio
aime_udio_04852,1,Udio
aime_udio_04853,1,Udio
aime_udio_04854,1,Udio
aime_udio_04855,1,Udio
aime_udio_04856,1,Udio
aime_udio_04857,1,Udio
aime_udio_04858,1,Udio
aime_udio_04859,1,Udio
aime_udio_04860,1,Udio
aime_udio_04861,1,Udio
aime_udio_04862,1,Udio
aime_udio_04863,1,Udio
aime_udio_04864,1,Udio
aime_udio_04865,1,Udio
aime_udio_04866,1,Udio
aime_udio_04867,1,Udio
aime_udio_04868,1,Udio
aime_udio_04869,1,Udio
aime_udio_04870,1,Udio
aime_udio_04871,1,Udio
aime_udio_04872,1,Udio
aime_udio_04873,1,Udio
aime_udio_04874,1,Udio
aime_udio_04875,1,Udio
aime_udio_04876,1,Udio
aime_udio_04877,1,Udio
aime_udio_04878,1,Udio
aime_udio_04879,1,Udio
aime_udio_04880,1,Udio
aime_udio_04881,1,Udio
aime_udio_04882,1,Udio
aime_udio_04883,1,Udio
aime_udio_04884,1,Udio
aime_udio_04885,1,Udio
aime_udio_04886,1,Udio
aime_udio_04887,1,Udio
aime_udio_04888,1,Udio
aime_udio_04889,1,Udio
aime_udio_04890,1,Udio
aime_udio_04891,1,Udio
aime_udio_04892,1,Udio
aime_udio_04893,1,Udio
aime_udio_04894,1,Udio
aime_udio_04895,1,Udio
aime_udio_04896,1,Udio
aime_udio_04897,1,Udio
aime_udio_04898,1,Udio
aime_udio_04899,1,Udio
aime_udio_04900,1,Udio
aime_udio_04901,1,Udio
aime_udio_04902,1,Udio
aime_udio_04903,1,Udio
aime_udio_04904,1,Udio
aime_udio_04905,1,Udio
aime_udio_04906,1,Udio
aime_udio_04907,1,Udio
aime_udio_04908,1,Udio
aime_udio_04909,1,Udio
aime_udio_04910,1,Udio
aime_udio_04911,1,Udio
aime_udio_04912,1,Udio
aime_udio_04913,1,Udio
aime_udio_04914,1,Udio
aime_udio_04915,1,Udio
aime_udio_04916,1,Udio
aime_udio_04917,1,Udio
aime_udio_04918,1,Udio
aime_udio_04919,1,Udio
aime_udio_04920,1,Udio
aime_udio_04921,1,Udio
aime_udio_04922,1,Udio
aime_udio_04923,1,Udio
aime_udio_04924,1,Udio
aime_udio_04925,1,Udio
aime_udio_04926,1,Udio
aime_udio_04927,1,Udio
aime_udio_04928,1,Udio
aime_udio_04929,1,Udio
aime_udio_04930,1,Udio
aime_udio_04931,1,Udio
aime_udio_04932,1,Udio
aime_udio_04933,1,Udio
aime_udio_04934,1,Udio
aime_udio_04935,1,Udio
aime_udio_04936,1,Udio
aime_udio_04937,1,Udio
aime_udio_04938,1,Udio
aime_udio_04939,1,Udio
aime_udio_04940,1,Udio
aime_udio_04941,1,Udio
aime_udio_04942,1,Udio
aime_udio_04943,1,Udio
aime_udio_04944,1,Udio
aime_udio_04945,1,Udio
aime_udio_04946,1,Udio
aime_udio_04947,1,Udio
aime_udio_04948,1,Udio
aime_udio_04949,1,Udio
aime_udio_04950,1,Udio
aime_udio_04951,1,Udio
aime_udio_04952,1,Udio
aime_udio_04953,1,Udio
aime_udio_04954,1,Udio
aime_udio_04955,1,Udio
aime_udio_04956,1,Udio
aime_udio_04957,1,Udio
aime_udio_04958,1,Udio
aime_udio_04959,1,Udio
aime_udio_04960,1,Udio
aime_udio_04961,1,Udio
aime_udio_04962,1,Udio
aime_udio_04963,1,Udio
aime_udio_04964,1,Udio
aime_udio_04965,1,Udio
aime_udio_04966,1,Udio
aime_udio_04967,1,Udio
aime_udio_04968,1,Udio
aime_udio_04969,1,Udio
aime_udio_04970,1,Udio
aime_udio_04971,1,Udio
aime_udio_04972,1,Udio
aime_udio_04973,1,Udio
aime_udio_04974,1,Udio
aime_udio_04975,1,Udio
aime_udio_04976,1,Udio
aime_udio_04977,1,Udio
aime_udio_04978,1,Udio
aime_udio_04979,1,Udio
aime_udio_04980,1,Udio
aime_udio_04981,1,Udio
aime_udio_04982,1,Udio
aime_udio_04983,1,Udio
aime_udio_04984,1,Udio
aime_udio_04985,1,Udio
aime_udio_04986,1,Udio
aime_udio_04987,1,Udio
aime_udio_04988,1,Udio
aime_udio_04989,1,Udio
aime_udio_04990,1,Udio
aime_udio_04991,1,Udio
aime_udio_04992,1,Udio
aime_udio_04993,1,Udio
aime_udio_04994,1,Udio
aime_udio_04995,1,Udio
aime_udio_04996,1,Udio
aime_udio_04997,1,Udio
aime_udio_04998,1,Udio
aime_udio_04999,1,Udio
aime_udio_05000,1,Udio
human_deam_00007,0,human_deam
human_deam_00010,0,human_deam
human_deam_00013,0,human_deam
human_deam_00021,0,human_deam
human_deam_00025,0,human_deam
human_deam_00035,0,human_deam
human_deam_00040,0,human_deam
human_deam_00041,0,human_deam
human_deam_00042,0,human_deam
human_deam_00043,0,human_deam
human_deam_00046,0,human_deam
human_deam_00049,0,human_deam
human_deam_00055,0,human_deam
human_deam_00056,0,human_deam
human_deam_00073,0,human_deam
human_deam_00077,0,human_deam
human_deam_00079,0,human_deam
human_deam_00088,0,human_deam
human_deam_00090,0,human_deam
human_deam_00101,0,human_deam
human_deam_00102,0,human_deam
human_deam_00107,0,human_deam
human_deam_00108,0,human_deam
human_deam_00113,0,human_deam
human_deam_00117,0,human_deam
human_deam_00119,0,human_deam
human_deam_00121,0,human_deam
human_deam_00129,0,human_deam
human_deam_00135,0,human_deam
human_deam_00148,0,human_deam
human_deam_00153,0,human_deam
human_deam_00157,0,human_deam
human_deam_00161,0,human_deam
human_deam_00168,0,human_deam
human_deam_00169,0,human_deam
human_deam_00170,0,human_deam
human_deam_00172,0,human_deam
human_deam_00179,0,human_deam
human_deam_00181,0,human_deam
human_deam_00182,0,human_deam
human_deam_00190,0,human_deam
human_deam_00195,0,human_deam
human_deam_00197,0,human_deam
human_deam_00209,0,human_deam
human_deam_00218,0,human_deam
human_deam_00220,0,human_deam
human_deam_00224,0,human_deam
human_deam_00225,0,human_deam
human_deam_00227,0,human_deam
human_deam_00238,0,human_deam
human_deam_00243,0,human_deam
human_deam_00253,0,human_deam
human_deam_00274,0,human_deam
human_deam_00276,0,human_deam
human_deam_00284,0,human_deam
human_deam_00292,0,human_deam
human_deam_00297,0,human_deam
human_deam_00300,0,human_deam
human_deam_00318,0,human_deam
human_deam_00328,0,human_deam
human_deam_00332,0,human_deam
human_deam_00338,0,human_deam
human_deam_00345,0,human_deam
human_deam_00348,0,human_deam
human_deam_00349,0,human_deam
human_deam_00361,0,human_deam
human_deam_00364,0,human_deam
human_deam_00376,0,human_deam
human_deam_00378,0,human_deam
human_deam_00379,0,human_deam
human_deam_00390,0,human_deam
human_deam_00391,0,human_deam
human_deam_00392,0,human_deam
human_deam_00399,0,human_deam
human_deam_00400,0,human_deam
human_deam_00405,0,human_deam
human_deam_00415,0,human_deam
human_deam_00427,0,human_deam
human_deam_00449,0,human_deam
human_deam_00450,0,human_deam
human_deam_00451,0,human_deam
human_deam_00459,0,human_deam
human_deam_00466,0,human_deam
human_deam_00477,0,human_deam
human_deam_00478,0,human_deam
human_deam_00498,0,human_deam
human_deam_00504,0,human_deam
human_deam_00506,0,human_deam
human_deam_00518,0,human_deam
human_deam_00522,0,human_deam
human_deam_00535,0,human_deam
human_deam_00544,0,human_deam
human_deam_00560,0,human_deam
human_deam_00561,0,human_deam
human_deam_00574,0,human_deam
human_deam_00598,0,human_deam
human_deam_00608,0,human_deam
human_deam_00610,0,human_deam
human_deam_00623,0,human_deam
human_deam_00629,0,human_deam
human_deam_00644,0,human_deam
human_deam_00650,0,human_deam
human_deam_00671,0,human_deam
human_deam_00675,0,human_deam
human_deam_00684,0,human_deam
human_deam_00688,0,human_deam
human_deam_00711,0,human_deam
human_deam_00712,0,human_deam
human_deam_00713,0,human_deam
human_deam_00718,0,human_deam
human_deam_00725,0,human_deam
human_deam_00741,0,human_deam
human_deam_00742,0,human_deam
human_deam_00743,0,human_deam
human_deam_00747,0,human_deam
human_deam_00763,0,human_deam
human_deam_00781,0,human_deam
human_deam_00789,0,human_deam
human_deam_00791,0,human_deam
human_deam_00798,0,human_deam
human_deam_00799,0,human_deam
human_deam_00806,0,human_deam
human_deam_00818,0,human_deam
human_deam_00823,0,human_deam
human_deam_00825,0,human_deam
human_deam_00826,0,human_deam
human_deam_00833,0,human_deam
human_deam_00836,0,human_deam
human_deam_00850,0,human_deam
human_deam_00851,0,human_deam
human_deam_00863,0,human_deam
human_deam_00865,0,human_deam
human_deam_00869,0,human_deam
human_deam_00887,0,human_deam
human_deam_00889,0,human_deam
human_deam_00902,0,human_deam
human_deam_00910,0,human_deam
human_deam_00911,0,human_deam
human_deam_00913,0,human_deam
human_deam_00954,0,human_deam
human_deam_00955,0,human_deam
human_deam_00956,0,human_deam
human_deam_00977,0,human_deam
human_deam_01009,0,human_deam
human_deam_01016,0,human_deam
human_deam_01017,0,human_deam
human_deam_01019,0,human_deam
human_deam_01021,0,human_deam
human_deam_01029,0,human_deam
human_deam_01030,0,human_deam
human_deam_01036,0,human_deam
human_deam_01040,0,human_deam
human_deam_01054,0,human_deam
human_deam_01063,0,human_deam
human_deam_01065,0,human_deam
human_deam_01069,0,human_deam
human_deam_01078,0,human_deam
human_deam_01081,0,human_deam
human_deam_01089,0,human_deam
human_deam_01102,0,human_deam
human_deam_01104,0,human_deam
human_deam_01105,0,human_deam
human_deam_01119,0,human_deam
human_deam_01124,0,human_deam
human_deam_01125,0,human_deam
human_deam_01133,0,human_deam
human_deam_01136,0,human_deam
human_deam_01147,0,human_deam
human_deam_01154,0,human_deam
human_deam_01155,0,human_deam
human_deam_01161,0,human_deam
human_deam_01165,0,human_deam
human_deam_01174,0,human_deam
human_deam_01179,0,human_deam
human_deam_01199,0,human_deam
human_deam_01200,0,human_deam
human_deam_01207,0,human_deam
human_deam_01209,0,human_deam
human_deam_01222,0,human_deam
human_deam_01226,0,human_deam
human_deam_01229,0,human_deam
human_deam_01240,0,human_deam
human_deam_01241,0,human_deam
human_deam_01243,0,human_deam
human_deam_01244,0,human_deam
human_deam_01260,0,human_deam
human_deam_01264,0,human_deam
human_deam_01267,0,human_deam
human_deam_01272,0,human_deam
human_deam_01279,0,human_deam
human_deam_01292,0,human_deam
human_deam_01297,0,human_deam
human_deam_01301,0,human_deam
human_deam_01308,0,human_deam
human_deam_01309,0,human_deam
human_deam_01331,0,human_deam
human_deam_01334,0,human_deam
human_deam_01337,0,human_deam
human_deam_01356,0,human_deam
human_deam_01367,0,human_deam
human_deam_01379,0,human_deam
human_deam_01386,0,human_deam
human_deam_01389,0,human_deam
human_deam_01392,0,human_deam
human_deam_01393,0,human_deam
human_deam_01401,0,human_deam
human_deam_01402,0,human_deam
human_deam_01403,0,human_deam
human_deam_01410,0,human_deam
human_deam_01428,0,human_deam
human_deam_01431,0,human_deam
human_deam_01440,0,human_deam
human_deam_01461,0,human_deam
human_deam_01472,0,human_deam
human_deam_01474,0,human_deam
human_deam_01480,0,human_deam
human_deam_01484,0,human_deam
human_deam_01494,0,human_deam
human_deam_01504,0,human_deam
human_deam_01507,0,human_deam
human_deam_01517,0,human_deam
human_deam_01519,0,human_deam
human_deam_01522,0,human_deam
human_deam_01523,0,human_deam
human_deam_01541,0,human_deam
human_deam_01544,0,human_deam
human_deam_01558,0,human_deam
human_deam_01565,0,human_deam
human_deam_01569,0,human_deam
human_deam_01575,0,human_deam
human_deam_01579,0,human_deam
human_deam_01591,0,human_deam
human_deam_01606,0,human_deam
human_deam_01617,0,human_deam
human_deam_01621,0,human_deam
human_deam_01626,0,human_deam
human_deam_01633,0,human_deam
human_deam_01638,0,human_deam
human_deam_01643,0,human_deam
human_deam_01646,0,human_deam
human_deam_01647,0,human_deam
human_deam_01660,0,human_deam
human_deam_01666,0,human_deam
human_deam_01675,0,human_deam
human_deam_01676,0,human_deam
human_deam_01690,0,human_deam
human_deam_01692,0,human_deam
human_deam_01694,0,human_deam
human_deam_01697,0,human_deam
human_deam_01699,0,human_deam
human_deam_01705,0,human_deam
human_deam_01722,0,human_deam
human_deam_01723,0,human_deam
human_deam_01739,0,human_deam
human_deam_01741,0,human_deam
human_deam_01753,0,human_deam
human_deam_01760,0,human_deam
human_deam_01765,0,human_deam
human_deam_01769,0,human_deam
human_deam_01771,0,human_deam
human_deam_01774,0,human_deam
human_deam_01778,0,human_deam
human_deam_01787,0,human_deam
human_deam_01791,0,human_deam
human_deam_01813,0,human_deam
human_deam_01821,0,human_deam
human_deam_01826,0,human_deam
human_deam_01831,0,human_deam
human_deam_01834,0,human_deam
human_deam_01835,0,human_deam
human_deam_01859,0,human_deam
human_deam_01861,0,human_deam
human_deam_01868,0,human_deam
human_deam_01871,0,human_deam
human_deam_01888,0,human_deam
human_deam_01895,0,human_deam
human_deam_01899,0,human_deam
human_deam_01902,0,human_deam
human_deam_01911,0,human_deam
human_deam_01924,0,human_deam
human_deam_01925,0,human_deam
human_deam_01934,0,human_deam
human_deam_01938,0,human_deam
human_deam_01949,0,human_deam
human_deam_01965,0,human_deam
human_deam_01969,0,human_deam
human_deam_01970,0,human_deam
human_deam_01973,0,human_deam
human_deam_01990,0,human_deam
human_deam_01996,0,human_deam
human_deam_02001,0,human_deam
human_deam_02008,0,human_deam
human_deam_02016,0,human_deam
human_deam_02019,0,human_deam
human_deam_02028,0,human_deam
human_deam_02034,0,human_deam
human_deam_02036,0,human_deam
human_deam_02040,0,human_deam
human_deam_02042,0,human_deam
human_deam_02054,0,human_deam
human_fma_medium_020391fd334bf1d4,0,FMA
human_fma_medium_0204c5ed58174dd4,0,FMA
human_fma_medium_0383d2323abac1f2,0,FMA
human_fma_medium_03d5ae6794e831bb,0,FMA
human_fma_medium_042fd8cc5beeb6ae,0,FMA
human_fma_medium_04d12c8d92b299a9,0,FMA
human_fma_medium_05efe1845af1d8f0,0,FMA
human_fma_medium_0671792d095db70b,0,FMA
human_fma_medium_06865aa24a5e12f6,0,FMA
human_fma_medium_06c4214f8121db42,0,FMA
human_fma_medium_07a513cb051c77d5,0,FMA
human_fma_medium_0854d6565b09478f,0,FMA
human_fma_medium_08989483f520196a,0,FMA
human_fma_medium_08ddefd9608a924f,0,FMA
human_fma_medium_09352d8a625048b8,0,FMA
human_fma_medium_095ada343c2c3d85,0,FMA
human_fma_medium_09b26930c8eaed11,0,FMA
human_fma_medium_0a2fa97ec99d75f3,0,FMA
human_fma_medium_0a54a3ab5ce6365a,0,FMA
human_fma_medium_0b1b02f09e12a63f,0,FMA
human_fma_medium_0b3ccf2c69cdbe86,0,FMA
human_fma_medium_0cdef3c8216269c1,0,FMA
human_fma_medium_0d3d001f60f6385c,0,FMA
human_fma_medium_0d852bf2ab5d81a3,0,FMA
human_fma_medium_0df4b093439b4047,0,FMA
human_fma_medium_0e801715355f3fc6,0,FMA
human_fma_medium_0f63535abe42aee5,0,FMA
human_fma_medium_0f768f0d32f8a8d7,0,FMA
human_fma_medium_100f2c7cf590f31b,0,FMA
human_fma_medium_10b10357e31eb227,0,FMA
human_fma_medium_10ffe255d12cbb8c,0,FMA
human_fma_medium_11e203f7e5cb28e3,0,FMA
human_fma_medium_11fd0b7dab4490ea,0,FMA
human_fma_medium_12bf52c3659aa4f1,0,FMA
human_fma_medium_13eb4864c0593a26,0,FMA
human_fma_medium_13f94062ec25e33d,0,FMA
human_fma_medium_15054b6f93b0be08,0,FMA
human_fma_medium_16079de5a1784f23,0,FMA
human_fma_medium_173a156dfa435b91,0,FMA
human_fma_medium_17f23f4c1450aaf5,0,FMA
human_fma_medium_17fa567853e8e9d7,0,FMA
human_fma_medium_1827cb0cb6505e36,0,FMA
human_fma_medium_187dbbd9da7e57fe,0,FMA
human_fma_medium_18fe5eded2e53d6d,0,FMA
human_fma_medium_191b5bf3a5d2546a,0,FMA
human_fma_medium_1957cf7119c41804,0,FMA
human_fma_medium_198feebef7f42920,0,FMA
human_fma_medium_19b9b40629bcf5d6,0,FMA
human_fma_medium_19e6086ee36ca5b0,0,FMA
human_fma_medium_1ac101a4f15d825d,0,FMA
human_fma_medium_1c72cb9ad468a472,0,FMA
human_fma_medium_1cdede6af7a8932c,0,FMA
human_fma_medium_1d20be9c4682bde1,0,FMA
human_fma_medium_1d660297b1333d19,0,FMA
human_fma_medium_1e920728a461b1a3,0,FMA
human_fma_medium_1eea7d4c95fae823,0,FMA
human_fma_medium_1f36008f892c438c,0,FMA
human_fma_medium_1f4defcab49c5260,0,FMA
human_fma_medium_1f63e7c3b30352fa,0,FMA
human_fma_medium_1f9cb23fbf697782,0,FMA
human_fma_medium_207bc6ded4296e0c,0,FMA
human_fma_medium_214962825b8122fc,0,FMA
human_fma_medium_21872c82046b3635,0,FMA
human_fma_medium_21f47e9a3daacb61,0,FMA
human_fma_medium_2249ce6f509670bb,0,FMA
human_fma_medium_22ac05eac734f375,0,FMA
human_fma_medium_236b0fd18c5217e6,0,FMA
human_fma_medium_24240a848a5d5571,0,FMA
human_fma_medium_2429dab1fa33edc8,0,FMA
human_fma_medium_244f4d15fbfa8014,0,FMA
human_fma_medium_24a2bfd07cde954b,0,FMA
human_fma_medium_255fabcf05c03b14,0,FMA
human_fma_medium_258d1c01da4c0588,0,FMA
human_fma_medium_260f815c76fbe99e,0,FMA
human_fma_medium_26d8d53ee3c7f842,0,FMA
human_fma_medium_27553797bcaeb090,0,FMA
human_fma_medium_275e976bb85d4426,0,FMA
human_fma_medium_279f15f8059a0e74,0,FMA
human_fma_medium_281882dc7030f51f,0,FMA
human_fma_medium_28fb175d87c7b86a,0,FMA
human_fma_medium_29abce0c0533253b,0,FMA
human_fma_medium_2a7d88402354b515,0,FMA
human_fma_medium_2b1b70fcbc7d27c0,0,FMA
human_fma_medium_2b8b4ce966605099,0,FMA
human_fma_medium_2cb5292a739f4c6a,0,FMA
human_fma_medium_2cbe65c0045c6a05,0,FMA
human_fma_medium_2d6494c580f59c56,0,FMA
human_fma_medium_2db1b3b615afb526,0,FMA
human_fma_medium_2dc0d0d0915bbf8c,0,FMA
human_fma_medium_2f917a3a5ecf8fe1,0,FMA
human_fma_medium_300d461848b757b0,0,FMA
human_fma_medium_3014fb0c21352605,0,FMA
human_fma_medium_306640153989eed0,0,FMA
human_fma_medium_30c7db087d364e0d,0,FMA
human_fma_medium_31cc29baa36976ef,0,FMA
human_fma_medium_31ec54352c988937,0,FMA
human_fma_medium_334e49a4b34eef23,0,FMA
human_fma_medium_335133c28ae65fad,0,FMA
human_fma_medium_33ba31ef9d43610a,0,FMA
human_fma_medium_3401ee16326f9c0f,0,FMA
human_fma_medium_34beebc42bf421a8,0,FMA
human_fma_medium_34dd322dc897e7b7,0,FMA
human_fma_medium_35921782011111c9,0,FMA
human_fma_medium_35a62f433280e72a,0,FMA
human_fma_medium_36bc64f821d8580a,0,FMA
human_fma_medium_3711796d9bcddddb,0,FMA
human_fma_medium_384b654938bd568a,0,FMA
human_fma_medium_38a030e54c2481f3,0,FMA
human_fma_medium_38e76956d7173a5b,0,FMA
human_fma_medium_391971358bee9fc6,0,FMA
human_fma_medium_399187b7f8010c8e,0,FMA
human_fma_medium_3a53a63d470a268c,0,FMA
human_fma_medium_3b6197e18247a997,0,FMA
human_fma_medium_3b90f2fc480a8cb2,0,FMA
human_fma_medium_3bbc7c6cab7ea344,0,FMA
human_fma_medium_3bd3090b905c39b8,0,FMA
human_fma_medium_3c95ea2ff007ecca,0,FMA
human_fma_medium_3d39fbc49d299c8d,0,FMA
human_fma_medium_3dd6a79768ee088e,0,FMA
human_fma_medium_3eac881b2ab0cc9a,0,FMA
human_fma_medium_3ec8f5e41410423c,0,FMA
human_fma_medium_3f2513a115834fba,0,FMA
human_fma_medium_3f5df3fc526d2940,0,FMA
human_fma_medium_3fa829a72006132b,0,FMA
human_fma_medium_4091c5514763a2a7,0,FMA
human_fma_medium_41f3267e75420e28,0,FMA
human_fma_medium_42a566a6af33f5ec,0,FMA
human_fma_medium_42b35ef84d5a245b,0,FMA
human_fma_medium_42bcba078ba11749,0,FMA
human_fma_medium_43180b85dc2b6ce3,0,FMA
human_fma_medium_431ab6da0163b4e3,0,FMA
human_fma_medium_44276cf1cdd04b8f,0,FMA
human_fma_medium_447012f0349f74ea,0,FMA
human_fma_medium_44996dac243f77a6,0,FMA
human_fma_medium_44cfbae69387abbc,0,FMA
human_fma_medium_452a4faef0cb5548,0,FMA
human_fma_medium_4647ba8b68813568,0,FMA
human_fma_medium_4674f1559a5559b9,0,FMA
human_fma_medium_46c4ca88d2049916,0,FMA
human_fma_medium_46cb68715468bf81,0,FMA
human_fma_medium_4777772b203d4e65,0,FMA
human_fma_medium_4843ea8b89dfb83b,0,FMA
human_fma_medium_48b43865afef2359,0,FMA
human_fma_medium_48faf1b5dd03c349,0,FMA
human_fma_medium_4a6f43eef5286f61,0,FMA
human_fma_medium_4a82ff162e9da7e9,0,FMA
human_fma_medium_4aa771fb2926c5bf,0,FMA
human_fma_medium_4abe85aea7d7e541,0,FMA
human_fma_medium_4ac3654786bd0f8c,0,FMA
human_fma_medium_4b0c7a1e69637a8c,0,FMA
human_fma_medium_4b200db215978d52,0,FMA
human_fma_medium_4c9219fda1dd15a6,0,FMA
human_fma_medium_4cba7a5e6eedff3f,0,FMA
human_fma_medium_4cbc716e525883d2,0,FMA
human_fma_medium_4e17f99be8056978,0,FMA
human_fma_medium_4e3571deccc2202a,0,FMA
human_fma_medium_4ec64dbfab19c6a5,0,FMA
human_fma_medium_4f65a8eb22188b3c,0,FMA
human_fma_medium_516a64b1719d7804,0,FMA
human_fma_medium_51b1d1117baa03eb,0,FMA
human_fma_medium_526a8b41f0285eb9,0,FMA
human_fma_medium_52d43499c08f59c7,0,FMA
human_fma_medium_532856d9a76e4be8,0,FMA
human_fma_medium_53874d34fb7e163e,0,FMA
human_fma_medium_53b1b132016c2830,0,FMA
human_fma_medium_541764531923bd91,0,FMA
human_fma_medium_546f98137ec3fd2b,0,FMA
human_fma_medium_54be832dd94876a6,0,FMA
human_fma_medium_55270f8ea04a4318,0,FMA
human_fma_medium_559d928c76e7458d,0,FMA
human_fma_medium_563aceb6a4f8131e,0,FMA
human_fma_medium_592c6d0e522be4b6,0,FMA
human_fma_medium_59905a9d607abe49,0,FMA
human_fma_medium_59ad347f5f5f9f69,0,FMA
human_fma_medium_59fd8c3e197706d8,0,FMA
human_fma_medium_5a94068a9b320b73,0,FMA
human_fma_medium_5a9e43efbb2305e9,0,FMA
human_fma_medium_5b3452120c9bbc72,0,FMA
human_fma_medium_5bcf82f181883cc6,0,FMA
human_fma_medium_5c345ff1c22c4ea9,0,FMA
human_fma_medium_5ce4ab62dbf28903,0,FMA
human_fma_medium_5e56696f5e93c60a,0,FMA
human_fma_medium_5e6e69ba6cdd179a,0,FMA
human_fma_medium_5e9b8c1142d71ae3,0,FMA
human_fma_medium_5eeb03eed7e158a2,0,FMA
human_fma_medium_5f0b730160efb720,0,FMA
human_fma_medium_6022b6f9f1c659ac,0,FMA
human_fma_medium_6063eed0f43fce36,0,FMA
human_fma_medium_60bde097179d29fe,0,FMA
human_fma_medium_60d88e3cad49045e,0,FMA
human_fma_medium_61813d57e6d7c7db,0,FMA
human_fma_medium_625264a4f114e8b0,0,FMA
human_fma_medium_631c3e8ac763b6fa,0,FMA
human_fma_medium_633901042aac12f2,0,FMA
human_fma_medium_641c00026fdbf534,0,FMA
human_fma_medium_642d5ae3d4598f6b,0,FMA
human_fma_medium_65060cac847d33ed,0,FMA
human_fma_medium_659da50f3e2a2a9c,0,FMA
human_fma_medium_6638493834b2eec2,0,FMA
human_fma_medium_668baaed9531749e,0,FMA
human_fma_medium_67ac07c840d05374,0,FMA
human_fma_medium_67cb2d4dd51a36ce,0,FMA
human_fma_medium_687bc84e36b1b2f1,0,FMA
human_fma_medium_687cb0719a123da7,0,FMA
human_fma_medium_69f1c77333d9a42a,0,FMA
human_fma_medium_6a62a2edd7ae8ad4,0,FMA
human_fma_medium_6a74af1532b15412,0,FMA
human_fma_medium_6ae6fef23d2b59a2,0,FMA
human_fma_medium_6ba9afc94e8c28de,0,FMA
human_fma_medium_6bdf4f343fde403b,0,FMA
human_fma_medium_6d62e9119c34caa8,0,FMA
human_fma_medium_6ef4961c1304bafb,0,FMA
human_fma_medium_704683f6d51a272f,0,FMA
human_fma_medium_709836fe701ccf7c,0,FMA
human_fma_medium_70d7cc28a1eed613,0,FMA
human_fma_medium_710559ef6eef098e,0,FMA
human_fma_medium_71281c5183bb78ae,0,FMA
human_fma_medium_724fa4c4acb5eb2c,0,FMA
human_fma_medium_72613dc9e4425fa4,0,FMA
human_fma_medium_72e58c9fa5eea219,0,FMA
human_fma_medium_7311bc18511ed719,0,FMA
human_fma_medium_7325abde95a8abc0,0,FMA
human_fma_medium_73e3f4c2d903c8d3,0,FMA
human_fma_medium_741ad7dd9d5ade19,0,FMA
human_fma_medium_7473993899fd3a46,0,FMA
human_fma_medium_7590e66fcd8a3139,0,FMA
human_fma_medium_76756a0ab4c5a33e,0,FMA
human_fma_medium_76af6d34102fc7b9,0,FMA
human_fma_medium_76ef9a3aa0bba659,0,FMA
human_fma_medium_77ce4d937d979928,0,FMA
human_fma_medium_786b799e4b710b07,0,FMA
human_fma_medium_79517af92626e7bd,0,FMA
human_fma_medium_79e6d668c5cbd1d9,0,FMA
human_fma_medium_7a20960c4ccb8877,0,FMA
human_fma_medium_7a254f1aa098601d,0,FMA
human_fma_medium_7a7057e0ea9e1c09,0,FMA
human_fma_medium_7b22ca24f48b024c,0,FMA
human_fma_medium_7b6e60df780b00c4,0,FMA
human_fma_medium_7c8bb1f73082d11a,0,FMA
human_fma_medium_7d1bbaa176a0dcb5,0,FMA
human_fma_medium_7d2743f8665376ff,0,FMA
human_fma_medium_7db6c171635e3b96,0,FMA
human_fma_medium_7e53c1c2b5bd2b70,0,FMA
human_fma_medium_7e8da7ab7482b727,0,FMA
human_fma_medium_7ec6d819c55dfb35,0,FMA
human_fma_medium_7fc9d0c8a8c12127,0,FMA
human_fma_medium_804a06ab670a58f1,0,FMA
human_fma_medium_8145087c1916c243,0,FMA
human_fma_medium_8315d69c4bf453c4,0,FMA
human_fma_medium_83e0e607c2ea7083,0,FMA
human_fma_medium_83fc17aad496b130,0,FMA
human_fma_medium_84bb253874580537,0,FMA
human_fma_medium_84e3c30930137042,0,FMA
human_fma_medium_84f431102acb7ceb,0,FMA
human_fma_medium_85371d04c5012c2a,0,FMA
human_fma_medium_85f962d0be229ae7,0,FMA
human_fma_medium_862dac84fd21bdec,0,FMA
human_fma_medium_86f78b7f97fd6e31,0,FMA
human_fma_medium_87aa0c9c4c49dd1f,0,FMA
human_fma_medium_87eeb79f8032c947,0,FMA
human_fma_medium_8812da099d678c59,0,FMA
human_fma_medium_898121b0becf38e7,0,FMA
human_fma_medium_898db995343cce56,0,FMA
human_fma_medium_8ab3eed27d9a0c4a,0,FMA
human_fma_medium_8ae0565dbac0e073,0,FMA
human_fma_medium_8da06b21cd9ad9da,0,FMA
human_fma_medium_8e7990ed218cd838,0,FMA
human_fma_medium_8fb51433f414050a,0,FMA
human_fma_medium_8fcfc2debbca917b,0,FMA
human_fma_medium_9028ce21fada5fe1,0,FMA
human_fma_medium_909954fc3a4d53c0,0,FMA
human_fma_medium_90ccfe8783909c01,0,FMA
human_fma_medium_920fac8b295714f5,0,FMA
human_fma_medium_9231f5ce206a4ded,0,FMA
human_fma_medium_9347003296ffea5e,0,FMA
human_fma_medium_937a4a7ce7aa4265,0,FMA
human_fma_medium_93815e6ad92b87ab,0,FMA
human_fma_medium_94186e925d25195a,0,FMA
human_fma_medium_94195a750c217d1f,0,FMA
human_fma_medium_94eafac5098a7cc9,0,FMA
human_fma_medium_953c92952208909d,0,FMA
human_fma_medium_95d84e5ae38ef9a0,0,FMA
human_fma_medium_96b76e38600705e8,0,FMA
human_fma_medium_96bdd0e74f84f8bf,0,FMA
human_fma_medium_97392492c41256a0,0,FMA
human_fma_medium_97ac9635e8414bc5,0,FMA
human_fma_medium_97b424b184c16717,0,FMA
human_fma_medium_98070f160d24822f,0,FMA
human_fma_medium_9825a6f815096e14,0,FMA
human_fma_medium_98a7bd1229c205ce,0,FMA
human_fma_medium_990b07382f18b541,0,FMA
human_fma_medium_991522c1894d29c1,0,FMA
human_fma_medium_998fb51d35691ec1,0,FMA
human_fma_medium_99c46fb5e4872928,0,FMA
human_fma_medium_99c4b54fa523d957,0,FMA
human_fma_medium_99c6008d6bb3a577,0,FMA
human_fma_medium_99e179bc4316770a,0,FMA
human_fma_medium_9a2301371e4aeed0,0,FMA
human_fma_medium_9a6b2bc9114488d8,0,FMA
human_fma_medium_9add2bdda077fdfe,0,FMA
human_fma_medium_9d8106f9b5feee24,0,FMA
human_fma_medium_9f0924be81292aba,0,FMA
human_fma_medium_9f2b452698e06a97,0,FMA
human_fma_medium_9ff929041d5acf5f,0,FMA
human_fma_medium_a061908f021a4f3b,0,FMA
human_fma_medium_a088cff9a9ad4a8f,0,FMA
human_fma_medium_a0d7b1fd18011016,0,FMA
human_fma_medium_a11a90a265f6b1b0,0,FMA
human_fma_medium_a134dfa184f88841,0,FMA
human_fma_medium_a19b7084d2919cfd,0,FMA
human_fma_medium_a1d805c13b07a3f5,0,FMA
human_fma_medium_a25e7e22292da46d,0,FMA
human_fma_medium_a2b2f0826a470ab9,0,FMA
human_fma_medium_a2eae34604ab7fd7,0,FMA
human_fma_medium_a2f4119c850b6c93,0,FMA
human_fma_medium_a38d360333546de4,0,FMA
human_fma_medium_a47b23199e284eea,0,FMA
human_fma_medium_a4c3c2fa7c74c8ff,0,FMA
human_fma_medium_a4e81a70003bfb79,0,FMA
human_fma_medium_a5e4dce616781fd4,0,FMA
human_fma_medium_a5f4f928b33719ee,0,FMA
human_fma_medium_a6502a2764c804b0,0,FMA
human_fma_medium_a7992e64ec7baa99,0,FMA
human_fma_medium_a7a092fd08803e06,0,FMA
human_fma_medium_a7ec3c79283896a4,0,FMA
human_fma_medium_a8c684d2fd182f14,0,FMA
human_fma_medium_a8ccc74bed96de66,0,FMA
human_fma_medium_a986ef6801cf89ef,0,FMA
human_fma_medium_a9ea1bc1a68b5d78,0,FMA
human_fma_medium_aaa890587fb784e5,0,FMA
human_fma_medium_ab616a0eecfa0552,0,FMA
human_fma_medium_ac52d586ea6cf965,0,FMA
human_fma_medium_ac9109f08cefdbf0,0,FMA
human_fma_medium_ac97e264ee18a06b,0,FMA
human_fma_medium_acdcb7a97836a8d7,0,FMA
human_fma_medium_add2abebef6cec84,0,FMA
human_fma_medium_af0b36f0a4d65ec4,0,FMA
human_fma_medium_af9839b8f39ef541,0,FMA
human_fma_medium_aff6405b2d81f625,0,FMA
human_fma_medium_b13512a8c30d6aec,0,FMA
human_fma_medium_b212f78a352dafe9,0,FMA
human_fma_medium_b38e1269596df785,0,FMA
human_fma_medium_b3d07c0d4cd36855,0,FMA
human_fma_medium_b62f6cd402740547,0,FMA
human_fma_medium_b6ac4dc59f864207,0,FMA
human_fma_medium_b7f73c65355b1a56,0,FMA
human_fma_medium_b96da4c5c3cdad02,0,FMA
human_fma_medium_b991318fd568dce5,0,FMA
human_fma_medium_b9a1fa14540e16e3,0,FMA
human_fma_medium_bac62593da695f8e,0,FMA
human_fma_medium_bb2e3973a598e456,0,FMA
human_fma_medium_bba01c55ff69fa12,0,FMA
human_fma_medium_bbcf67e10068bc05,0,FMA
human_fma_medium_bc1fffc92adb9e07,0,FMA
human_fma_medium_bd2e546f6e69d7f9,0,FMA
human_fma_medium_bd6fba6dd2eeaae1,0,FMA
human_fma_medium_bdd1bd0de2ed2b6e,0,FMA
human_fma_medium_be91fdf28013aeaf,0,FMA
human_fma_medium_be9e5e92317993a3,0,FMA
human_fma_medium_bea294822cd4f751,0,FMA
human_fma_medium_bfee0fdfbc447f25,0,FMA
human_fma_medium_bff26c3963a2b84a,0,FMA
human_fma_medium_c035fffc16fe1211,0,FMA
human_fma_medium_c0367080f463bd4f,0,FMA
human_fma_medium_c1248ca6ec495080,0,FMA
human_fma_medium_c2d8465cd6d90aed,0,FMA
human_fma_medium_c38b4e9e8a152822,0,FMA
human_fma_medium_c440f686dadb3796,0,FMA
human_fma_medium_c47498b667d3bb22,0,FMA
human_fma_medium_c4df718c11382bcb,0,FMA
human_fma_medium_c4f9779f209a7d2f,0,FMA
human_fma_medium_c61c867f61acf6ad,0,FMA
human_fma_medium_c66a95ba180ccf8a,0,FMA
human_fma_medium_c8908a03652b1421,0,FMA
human_fma_medium_c8eae304e5870daa,0,FMA
human_fma_medium_c952c730ab02fead,0,FMA
human_fma_medium_c9562e5513930547,0,FMA
human_fma_medium_ca04e9f53328fa34,0,FMA
human_fma_medium_ca3cfe26bd53fff1,0,FMA
human_fma_medium_ca66e9e6414f831e,0,FMA
human_fma_medium_cb1da9e70f740458,0,FMA
human_fma_medium_cb5fe08c7b704471,0,FMA
human_fma_medium_ccc0e81f04509d8d,0,FMA
human_fma_medium_cd3c37ae56411721,0,FMA
human_fma_medium_cd5d13b6220b920a,0,FMA
human_fma_medium_ceafd51d2152e389,0,FMA
human_fma_medium_cf6267728fdae9f8,0,FMA
human_fma_medium_cf9dbd8072dcc416,0,FMA
human_fma_medium_cfaaedde75747673,0,FMA
human_fma_medium_cfbd62a2d3d5e9b7,0,FMA
human_fma_medium_cffe431d54592749,0,FMA
human_fma_medium_d04fd955df3ced6e,0,FMA
human_fma_medium_d05f8a77b162f3cb,0,FMA
human_fma_medium_d1283e73ece32645,0,FMA
human_fma_medium_d1926d9990ee33f0,0,FMA
human_fma_medium_d1b9e2370926b717,0,FMA
human_fma_medium_d2f819298d960ca1,0,FMA
human_fma_medium_d5ab993b0387d36b,0,FMA
human_fma_medium_d5f892a2e866f71b,0,FMA
human_fma_medium_d6406a49453f99b7,0,FMA
human_fma_medium_d6a322991cbc843b,0,FMA
human_fma_medium_d6adaca51ea9c985,0,FMA
human_fma_medium_d6ec4980229c3819,0,FMA
human_fma_medium_d6f730e133b043dc,0,FMA
human_fma_medium_d7597afeacfb44db,0,FMA
human_fma_medium_d8283a8a1ae9521d,0,FMA
human_fma_medium_d83d28938b296f0b,0,FMA
human_fma_medium_d87783348cd325f6,0,FMA
human_fma_medium_d94bf984ce72772c,0,FMA
human_fma_medium_d94df05540024645,0,FMA
human_fma_medium_d95c1c430ecd2362,0,FMA
human_fma_medium_da8d084e15169781,0,FMA
human_fma_medium_da988ab3492bf6bb,0,FMA
human_fma_medium_daa4d50735879a34,0,FMA
human_fma_medium_daed3f08327339d2,0,FMA
human_fma_medium_db37a6b666576322,0,FMA
human_fma_medium_db5a8a549df2a12d,0,FMA
human_fma_medium_db9898af97b4c6c8,0,FMA
human_fma_medium_dcb830de5e2c33d5,0,FMA
human_fma_medium_ddc9057a1e047ff6,0,FMA
human_fma_medium_de3e300aea53ffb8,0,FMA
human_fma_medium_de7462b3165de27c,0,FMA
human_fma_medium_de9890d138834fb7,0,FMA
human_fma_medium_dea97b6722b6ea88,0,FMA
human_fma_medium_df6d7d0777c48d1b,0,FMA
human_fma_medium_df88249dd5f117c0,0,FMA
human_fma_medium_e019eb8dd4606bbb,0,FMA
human_fma_medium_e05610c13930a733,0,FMA
human_fma_medium_e09bfcc2afb08045,0,FMA
human_fma_medium_e0dfc2693696ef7d,0,FMA
human_fma_medium_e110738404cfcd00,0,FMA
human_fma_medium_e12aff03ea90cfe4,0,FMA
human_fma_medium_e1798f971a8367d8,0,FMA
human_fma_medium_e1a236369ca3a362,0,FMA
human_fma_medium_e25716fbf89c2478,0,FMA
human_fma_medium_e25a46918ac56ce1,0,FMA
human_fma_medium_e2c8069a75633982,0,FMA
human_fma_medium_e2ff51ced13ab583,0,FMA
human_fma_medium_e468b77e97678fd9,0,FMA
human_fma_medium_e5879abe176e0bb2,0,FMA
human_fma_medium_e599868aa07c5e12,0,FMA
human_fma_medium_e6c4bf70e6636f26,0,FMA
human_fma_medium_e6cc2e978ae99e0a,0,FMA
human_fma_medium_e7b8ec73efd115d0,0,FMA
human_fma_medium_e7e10fc8fb0e4025,0,FMA
human_fma_medium_e8dd130fcf0ff77e,0,FMA
human_fma_medium_e9f58b10fac4eb4b,0,FMA
human_fma_medium_ebb99f897ae6275f,0,FMA
human_fma_medium_ec824e160c777e93,0,FMA
human_fma_medium_ed1721e27a02964a,0,FMA
human_fma_medium_ed3fdd7dce9b0bae,0,FMA
human_fma_medium_ede6d7d9fdeb4a3a,0,FMA
human_fma_medium_ef10e2bdc89c4838,0,FMA
human_fma_medium_f04e58cb50b0d8d5,0,FMA
human_fma_medium_f09e5bc025cb8be5,0,FMA
human_fma_medium_f0e0db1bd2f928b2,0,FMA
human_fma_medium_f136c4527a7a9737,0,FMA
human_fma_medium_f16b7665af18edc6,0,FMA
human_fma_medium_f1e5c846f960c3cd,0,FMA
human_fma_medium_f1f25830afa3a247,0,FMA
human_fma_medium_f212cab31354a9da,0,FMA
human_fma_medium_f221952739ee7fbd,0,FMA
human_fma_medium_f303645ac72f8443,0,FMA
human_fma_medium_f34adedc814830fd,0,FMA
human_fma_medium_f408914d6a3d2219,0,FMA
human_fma_medium_f4289c85778fea79,0,FMA
human_fma_medium_f4962fe496691606,0,FMA
human_fma_medium_f4e24eff7395c99b,0,FMA
human_fma_medium_f4f5097939ca6cd2,0,FMA
human_fma_medium_f526c36284b76be9,0,FMA
human_fma_medium_f5580fe6a6ba0be0,0,FMA
human_fma_medium_f5b5b67a541f1c0e,0,FMA
human_fma_medium_f672bd03fb511023,0,FMA
human_fma_medium_f69399cef0868c26,0,FMA
human_fma_medium_f6c5005aa57ed19d,0,FMA
human_fma_medium_f7263a85236e37f9,0,FMA
human_fma_medium_f7330e8e04557914,0,FMA
human_fma_medium_f73b9a7075ae4723,0,FMA
human_fma_medium_f77a1a5669633093,0,FMA
human_fma_medium_f77c656b382b18f1,0,FMA
human_fma_medium_f85a65dc04d9856f,0,FMA
human_fma_medium_f8b8751a2f095250,0,FMA
human_fma_medium_f95d750c14794019,0,FMA
human_fma_medium_f99ee8593f25ac7b,0,FMA
human_fma_medium_fa3ad561988d197b,0,FMA
human_fma_medium_fb49a5947170e294,0,FMA
human_fma_medium_fb789e868ddd45df,0,FMA
human_fma_medium_fbfe652d03b336cd,0,FMA
human_fma_medium_fbfe81778eb91c20,0,FMA
human_fma_medium_fc0a464f096ac01a,0,FMA
human_fma_medium_fc28ed314ced855d,0,FMA
human_fma_medium_fc6fb00a9853f92f,0,FMA
human_fma_medium_fda25286dd99ca18,0,FMA
human_fma_medium_feb02f0312f9d5ac,0,FMA
human_fma_medium_fee1d1b14cb3fbb7,0,FMA
human_fma_medium_ff28a486c67119e4,0,FMA
human_fma_medium_ffa3eb875fa296a0,0,FMA
human_fma_medium_ffd394637b2bbb48,0,FMA
human_fma_medium_ffe3be17181c3bc7,0,FMA
human_fma_medium_fff7f25b8703ad6f,0,FMA
human_gtzan_blues_00010,0,human_gtzan
human_gtzan_blues_00011,0,human_gtzan
human_gtzan_blues_00023,0,human_gtzan
human_gtzan_blues_00034,0,human_gtzan
human_gtzan_blues_00038,0,human_gtzan
human_gtzan_blues_00039,0,human_gtzan
human_gtzan_blues_00041,0,human_gtzan
human_gtzan_blues_00063,0,human_gtzan
human_gtzan_blues_00085,0,human_gtzan
human_gtzan_blues_00086,0,human_gtzan
human_gtzan_classical_00013,0,human_gtzan
human_gtzan_classical_00019,0,human_gtzan
human_gtzan_classical_00030,0,human_gtzan
human_gtzan_classical_00064,0,human_gtzan
human_gtzan_classical_00077,0,human_gtzan
human_gtzan_classical_00079,0,human_gtzan
human_gtzan_classical_00087,0,human_gtzan
human_gtzan_classical_00092,0,human_gtzan
human_gtzan_classical_00094,0,human_gtzan
human_gtzan_classical_00099,0,human_gtzan
human_gtzan_country_00003,0,human_gtzan
human_gtzan_country_00008,0,human_gtzan
human_gtzan_country_00019,0,human_gtzan
human_gtzan_country_00024,0,human_gtzan
human_gtzan_country_00027,0,human_gtzan
human_gtzan_country_00030,0,human_gtzan
human_gtzan_country_00048,0,human_gtzan
human_gtzan_country_00063,0,human_gtzan
human_gtzan_country_00068,0,human_gtzan
human_gtzan_country_00071,0,human_gtzan
human_gtzan_disco_00007,0,human_gtzan
human_gtzan_disco_00034,0,human_gtzan
human_gtzan_disco_00039,0,human_gtzan
human_gtzan_disco_00042,0,human_gtzan
human_gtzan_disco_00050,0,human_gtzan
human_gtzan_disco_00067,0,human_gtzan
human_gtzan_disco_00073,0,human_gtzan
human_gtzan_disco_00080,0,human_gtzan
human_gtzan_disco_00086,0,human_gtzan
human_gtzan_disco_00091,0,human_gtzan
human_gtzan_hiphop_00016,0,human_gtzan
human_gtzan_hiphop_00022,0,human_gtzan
human_gtzan_hiphop_00040,0,human_gtzan
human_gtzan_hiphop_00042,0,human_gtzan
human_gtzan_hiphop_00047,0,human_gtzan
human_gtzan_hiphop_00057,0,human_gtzan
human_gtzan_hiphop_00064,0,human_gtzan
human_gtzan_hiphop_00072,0,human_gtzan
human_gtzan_hiphop_00075,0,human_gtzan
human_gtzan_hiphop_00087,0,human_gtzan
human_gtzan_jazz_00010,0,human_gtzan
human_gtzan_jazz_00021,0,human_gtzan
human_gtzan_jazz_00023,0,human_gtzan
human_gtzan_jazz_00029,0,human_gtzan
human_gtzan_jazz_00035,0,human_gtzan
human_gtzan_jazz_00050,0,human_gtzan
human_gtzan_jazz_00060,0,human_gtzan
human_gtzan_jazz_00086,0,human_gtzan
human_gtzan_jazz_00087,0,human_gtzan
human_gtzan_jazz_00096,0,human_gtzan
human_gtzan_metal_00003,0,human_gtzan
human_gtzan_metal_00008,0,human_gtzan
human_gtzan_metal_00015,0,human_gtzan
human_gtzan_metal_00019,0,human_gtzan
human_gtzan_metal_00039,0,human_gtzan
human_gtzan_metal_00041,0,human_gtzan
human_gtzan_metal_00043,0,human_gtzan
human_gtzan_metal_00066,0,human_gtzan
human_gtzan_metal_00068,0,human_gtzan
human_gtzan_metal_00070,0,human_gtzan
human_gtzan_pop_00001,0,human_gtzan
human_gtzan_pop_00003,0,human_gtzan
human_gtzan_pop_00008,0,human_gtzan
human_gtzan_pop_00014,0,human_gtzan
human_gtzan_pop_00017,0,human_gtzan
human_gtzan_pop_00035,0,human_gtzan
human_gtzan_pop_00043,0,human_gtzan
human_gtzan_pop_00049,0,human_gtzan
human_gtzan_pop_00062,0,human_gtzan
human_gtzan_pop_00090,0,human_gtzan
human_gtzan_reggae_00006,0,human_gtzan
human_gtzan_reggae_00014,0,human_gtzan
human_gtzan_reggae_00016,0,human_gtzan
human_gtzan_reggae_00019,0,human_gtzan
human_gtzan_reggae_00020,0,human_gtzan
human_gtzan_reggae_00022,0,human_gtzan
human_gtzan_reggae_00054,0,human_gtzan
human_gtzan_reggae_00064,0,human_gtzan
human_gtzan_reggae_00081,0,human_gtzan
human_gtzan_reggae_00086,0,human_gtzan
human_gtzan_rock_00000,0,human_gtzan
human_gtzan_rock_00012,0,human_gtzan
human_gtzan_rock_00016,0,human_gtzan
human_gtzan_rock_00026,0,human_gtzan
human_gtzan_rock_00063,0,human_gtzan
human_gtzan_rock_00064,0,human_gtzan
human_gtzan_rock_00069,0,human_gtzan
human_gtzan_rock_00071,0,human_gtzan
human_gtzan_rock_00075,0,human_gtzan
human_gtzan_rock_00084,0,human_gtzan
human_hindustani_-yybypGYOdU,0,human_hindustani_raag_hf
human_hindustani_04TT9pJF-Fs,0,human_hindustani_raag_hf
human_hindustani_051cKPUmGIs,0,human_hindustani_raag_hf
human_hindustani_0RLuKYn-HFs,0,human_hindustani_raag_hf
human_hindustani_0Sgxa6Zm8xs,0,human_hindustani_raag_hf
human_hindustani_0WXxKXfzwlc,0,human_hindustani_raag_hf
human_hindustani_1EcRrZvc52o,0,human_hindustani_raag_hf
human_hindustani_1XCHYKashvY,0,human_hindustani_raag_hf
human_hindustani_1hWAOReJehw,0,human_hindustani_raag_hf
human_hindustani_25f1u2nOALg,0,human_hindustani_raag_hf
human_hindustani_3A6uPGBCEdQ,0,human_hindustani_raag_hf
human_hindustani_3BVK1iJ2tEw,0,human_hindustani_raag_hf
human_hindustani_4V9tuRuTlZs,0,human_hindustani_raag_hf
human_hindustani_5917dtJPdbU,0,human_hindustani_raag_hf
human_hindustani_7uSg_dpobD8,0,human_hindustani_raag_hf
human_hindustani_81undkurwc8,0,human_hindustani_raag_hf
human_hindustani_9JLAuhZscAE,0,human_hindustani_raag_hf
human_hindustani_9MqDMRx4Szc,0,human_hindustani_raag_hf
human_hindustani_9TqCqkTmn8o,0,human_hindustani_raag_hf
human_hindustani_9eGTNqMIVpY,0,human_hindustani_raag_hf
human_hindustani_AIsJS1hLtLE,0,human_hindustani_raag_hf
human_hindustani_AmpUY_YbQAc,0,human_hindustani_raag_hf
human_hindustani_B4_c8xAoZzA,0,human_hindustani_raag_hf
human_hindustani_BDWNXr-F5kI,0,human_hindustani_raag_hf
human_hindustani_C3V4xxcjff4,0,human_hindustani_raag_hf
human_hindustani_DVRJEb6iK6k,0,human_hindustani_raag_hf
human_hindustani_EFvX7R_CHKk,0,human_hindustani_raag_hf
human_hindustani_FCw-Jo9_P8o,0,human_hindustani_raag_hf
human_hindustani_INxq0Z5optI,0,human_hindustani_raag_hf
human_hindustani_IVDB31uocTs,0,human_hindustani_raag_hf
human_hindustani_KBOoBK4dqYQ,0,human_hindustani_raag_hf
human_hindustani_KP6Sz7Gxwtg,0,human_hindustani_raag_hf
human_hindustani_LFL2QU19_Hg,0,human_hindustani_raag_hf
human_hindustani_LJgaxfjQBzc,0,human_hindustani_raag_hf
human_hindustani_LTFMaLfEmEk,0,human_hindustani_raag_hf
human_hindustani_LZ8BJfU-7t8,0,human_hindustani_raag_hf
human_hindustani_Lvt3TKj2pvM,0,human_hindustani_raag_hf
human_hindustani_LwPIdZTKzI4,0,human_hindustani_raag_hf
human_hindustani_Ly_cmNymHx4,0,human_hindustani_raag_hf
human_hindustani_NAc1yRhmoPs,0,human_hindustani_raag_hf
human_hindustani_Nh9dUYUgf8Y,0,human_hindustani_raag_hf
human_hindustani_P3S3E_qxqEg,0,human_hindustani_raag_hf
human_hindustani_R6NamznNgHk,0,human_hindustani_raag_hf
human_hindustani_T5bE1Du-G2s,0,human_hindustani_raag_hf
human_hindustani_UO3FZgiq2Ac,0,human_hindustani_raag_hf
human_hindustani_Una-nQlddfY,0,human_hindustani_raag_hf
human_hindustani_WfKpt-_kLdA,0,human_hindustani_raag_hf
human_hindustani_WhuzYxmaPlc,0,human_hindustani_raag_hf
human_hindustani_WlKw2Z7aANA,0,human_hindustani_raag_hf
human_hindustani_WxDJsMQCSzQ,0,human_hindustani_raag_hf
human_hindustani_XUKviIKymUU,0,human_hindustani_raag_hf
human_hindustani_XYXxITTiFFc,0,human_hindustani_raag_hf
human_hindustani_Xdy2gufZoFU,0,human_hindustani_raag_hf
human_hindustani_Z7lf3uzTJr0,0,human_hindustani_raag_hf
human_hindustani_ZQ32rD4qxJk,0,human_hindustani_raag_hf
human_hindustani_ZtlL4icOuk4,0,human_hindustani_raag_hf
human_hindustani__lnLC0x5vIE,0,human_hindustani_raag_hf
human_hindustani_a4wFpPa9KeY,0,human_hindustani_raag_hf
human_hindustani_a6DP039bw4g,0,human_hindustani_raag_hf
human_hindustani_b0dm0th5bnY,0,human_hindustani_raag_hf
human_hindustani_bUwLHLSoPVw,0,human_hindustani_raag_hf
human_hindustani_bn9kOK1RWaQ,0,human_hindustani_raag_hf
human_hindustani_bttszaG-fZU,0,human_hindustani_raag_hf
human_hindustani_cYtARn9x0NI,0,human_hindustani_raag_hf
human_hindustani_eGTVyNka3H0,0,human_hindustani_raag_hf
human_hindustani_eapl_XTpfBU,0,human_hindustani_raag_hf
human_hindustani_g22BWgZ2cCE,0,human_hindustani_raag_hf
human_hindustani_gXDJieprIjQ,0,human_hindustani_raag_hf
human_hindustani_gjBV27Ia5pw,0,human_hindustani_raag_hf
human_hindustani_hD9Z0YdRZvg,0,human_hindustani_raag_hf
human_hindustani_i8W-2qwV2Bw,0,human_hindustani_raag_hf
human_hindustani_iu3r1jCjTtw,0,human_hindustani_raag_hf
human_hindustani_jFRUQaUEuSs,0,human_hindustani_raag_hf
human_hindustani_jhT45HzPDoI,0,human_hindustani_raag_hf
human_hindustani_k7wEa1NnJ7s,0,human_hindustani_raag_hf
human_hindustani_kXz-DodPuu4,0,human_hindustani_raag_hf
human_hindustani_kxaXJJZ3tCE,0,human_hindustani_raag_hf
human_hindustani_l9v1LaIZfys,0,human_hindustani_raag_hf
human_hindustani_lpn7Og0DTDE,0,human_hindustani_raag_hf
human_hindustani_mdwEZIHs-Vo,0,human_hindustani_raag_hf
human_hindustani_mtVmpXk5ir4,0,human_hindustani_raag_hf
human_hindustani_mvl0pOjzHXk,0,human_hindustani_raag_hf
human_hindustani_my5Zh8ze3eY,0,human_hindustani_raag_hf
human_hindustani_nMo351735os,0,human_hindustani_raag_hf
human_hindustani_p3LfeDd70Ts,0,human_hindustani_raag_hf
human_hindustani_pKUd26_qqao,0,human_hindustani_raag_hf
human_hindustani_puouAH3b5x8,0,human_hindustani_raag_hf
human_hindustani_rexmH89dTUU,0,human_hindustani_raag_hf
human_hindustani_tIC9MSf0O_c,0,human_hindustani_raag_hf
human_hindustani_tZdWFwO1scU,0,human_hindustani_raag_hf
human_hindustani_urgaVeN4EO0,0,human_hindustani_raag_hf
human_hindustani_vgwqFbC-boQ,0,human_hindustani_raag_hf
human_hindustani_wJPV6sIjWv4,0,human_hindustani_raag_hf
human_hindustani_wLbGCayGSqs,0,human_hindustani_raag_hf
human_hindustani_wcDkpwuDxcI,0,human_hindustani_raag_hf
human_hindustani_weCnFtHhPWo,0,human_hindustani_raag_hf
human_hindustani_wvkQweUvkQI,0,human_hindustani_raag_hf
human_hindustani_xvWXCKygxJQ,0,human_hindustani_raag_hf
human_hindustani_ybSdS6x5A-w,0,human_hindustani_raag_hf
human_hindustani_zXQ059Uftv4,0,human_hindustani_raag_hf
human_maestro_0001,0,human_maestro_v3
human_maestro_0002,0,human_maestro_v3
human_maestro_0003,0,human_maestro_v3
human_maestro_0004,0,human_maestro_v3
human_maestro_0005,0,human_maestro_v3
human_maestro_0006,0,human_maestro_v3
human_maestro_0007,0,human_maestro_v3
human_maestro_0008,0,human_maestro_v3
human_maestro_0009,0,human_maestro_v3
human_maestro_0010,0,human_maestro_v3
human_maestro_0011,0,human_maestro_v3
human_maestro_0012,0,human_maestro_v3
human_maestro_0013,0,human_maestro_v3
human_maestro_0014,0,human_maestro_v3
human_maestro_0015,0,human_maestro_v3
human_maestro_0016,0,human_maestro_v3
human_maestro_0017,0,human_maestro_v3
human_maestro_0018,0,human_maestro_v3
human_maestro_0019,0,human_maestro_v3
human_maestro_0020,0,human_maestro_v3
human_maestro_0021,0,human_maestro_v3
human_maestro_0022,0,human_maestro_v3
human_maestro_0023,0,human_maestro_v3
human_maestro_0024,0,human_maestro_v3
human_maestro_0025,0,human_maestro_v3
human_maestro_0026,0,human_maestro_v3
human_maestro_0027,0,human_maestro_v3
human_maestro_0028,0,human_maestro_v3
human_maestro_0029,0,human_maestro_v3
human_maestro_0030,0,human_maestro_v3
human_maestro_0031,0,human_maestro_v3
human_maestro_0032,0,human_maestro_v3
human_maestro_0033,0,human_maestro_v3
human_maestro_0034,0,human_maestro_v3
human_maestro_0035,0,human_maestro_v3
human_maestro_0036,0,human_maestro_v3
human_maestro_0037,0,human_maestro_v3
human_maestro_0038,0,human_maestro_v3
human_maestro_0039,0,human_maestro_v3
human_maestro_0040,0,human_maestro_v3
human_maestro_0041,0,human_maestro_v3
human_maestro_0042,0,human_maestro_v3
human_maestro_0043,0,human_maestro_v3
human_maestro_0044,0,human_maestro_v3
human_maestro_0045,0,human_maestro_v3
human_maestro_0046,0,human_maestro_v3
human_maestro_0047,0,human_maestro_v3
human_maestro_0048,0,human_maestro_v3
human_maestro_0049,0,human_maestro_v3
human_maestro_0050,0,human_maestro_v3
human_maestro_0051,0,human_maestro_v3
human_maestro_0052,0,human_maestro_v3
human_maestro_0053,0,human_maestro_v3
human_maestro_0054,0,human_maestro_v3
human_maestro_0055,0,human_maestro_v3
human_maestro_0056,0,human_maestro_v3
human_maestro_0057,0,human_maestro_v3
human_maestro_0058,0,human_maestro_v3
human_maestro_0059,0,human_maestro_v3
human_maestro_0060,0,human_maestro_v3
human_maestro_0061,0,human_maestro_v3
human_maestro_0062,0,human_maestro_v3
human_maestro_0063,0,human_maestro_v3
human_maestro_0064,0,human_maestro_v3
human_maestro_0065,0,human_maestro_v3
human_maestro_0066,0,human_maestro_v3
human_maestro_0067,0,human_maestro_v3
human_maestro_0068,0,human_maestro_v3
human_maestro_0069,0,human_maestro_v3
human_maestro_0070,0,human_maestro_v3
human_maestro_0071,0,human_maestro_v3
human_maestro_0072,0,human_maestro_v3
human_maestro_0073,0,human_maestro_v3
human_maestro_0074,0,human_maestro_v3
human_maestro_0075,0,human_maestro_v3
human_maestro_0076,0,human_maestro_v3
human_maestro_0077,0,human_maestro_v3
human_maestro_0078,0,human_maestro_v3
human_maestro_0079,0,human_maestro_v3
human_maestro_0080,0,human_maestro_v3
human_maestro_0081,0,human_maestro_v3
human_maestro_0082,0,human_maestro_v3
human_maestro_0083,0,human_maestro_v3
human_maestro_0084,0,human_maestro_v3
human_maestro_0085,0,human_maestro_v3
human_maestro_0086,0,human_maestro_v3
human_maestro_0087,0,human_maestro_v3
human_maestro_0088,0,human_maestro_v3
human_maestro_0089,0,human_maestro_v3
human_maestro_0090,0,human_maestro_v3
human_maestro_0091,0,human_maestro_v3
human_maestro_0092,0,human_maestro_v3
human_maestro_0093,0,human_maestro_v3
human_maestro_0094,0,human_maestro_v3
human_maestro_0095,0,human_maestro_v3
human_maestro_0096,0,human_maestro_v3
human_maestro_0097,0,human_maestro_v3
human_maestro_0098,0,human_maestro_v3
human_maestro_0099,0,human_maestro_v3
human_maestro_0100,0,human_maestro_v3
human_maestro_0101,0,human_maestro_v3
human_maestro_0102,0,human_maestro_v3
human_maestro_0103,0,human_maestro_v3
human_maestro_0104,0,human_maestro_v3
human_maestro_0105,0,human_maestro_v3
human_maestro_0106,0,human_maestro_v3
human_maestro_0107,0,human_maestro_v3
human_maestro_0108,0,human_maestro_v3
human_maestro_0109,0,human_maestro_v3
human_maestro_0110,0,human_maestro_v3
human_maestro_0111,0,human_maestro_v3
human_maestro_0112,0,human_maestro_v3
human_maestro_0113,0,human_maestro_v3
human_maestro_0114,0,human_maestro_v3
human_maestro_0115,0,human_maestro_v3
human_maestro_0116,0,human_maestro_v3
human_maestro_0117,0,human_maestro_v3
human_maestro_0118,0,human_maestro_v3
human_maestro_0119,0,human_maestro_v3
human_maestro_0120,0,human_maestro_v3
human_maestro_0121,0,human_maestro_v3
human_maestro_0122,0,human_maestro_v3
human_maestro_0123,0,human_maestro_v3
human_maestro_0124,0,human_maestro_v3
human_maestro_0125,0,human_maestro_v3
human_maestro_0126,0,human_maestro_v3
human_maestro_0127,0,human_maestro_v3
human_maestro_0128,0,human_maestro_v3
human_maestro_0129,0,human_maestro_v3
human_maestro_0130,0,human_maestro_v3
human_maestro_0131,0,human_maestro_v3
human_maestro_0132,0,human_maestro_v3
human_maestro_0133,0,human_maestro_v3
human_maestro_0134,0,human_maestro_v3
human_maestro_0135,0,human_maestro_v3
human_maestro_0136,0,human_maestro_v3
human_maestro_0137,0,human_maestro_v3
human_maestro_0138,0,human_maestro_v3
human_maestro_0139,0,human_maestro_v3
human_maestro_0140,0,human_maestro_v3
human_maestro_0141,0,human_maestro_v3
human_maestro_0142,0,human_maestro_v3
human_maestro_0143,0,human_maestro_v3
human_maestro_0144,0,human_maestro_v3
human_maestro_0145,0,human_maestro_v3
human_maestro_0146,0,human_maestro_v3
human_maestro_0147,0,human_maestro_v3
human_maestro_0148,0,human_maestro_v3
human_maestro_0149,0,human_maestro_v3
human_maestro_0150,0,human_maestro_v3
human_maestro_0151,0,human_maestro_v3
human_maestro_0152,0,human_maestro_v3
human_maestro_0153,0,human_maestro_v3
human_maestro_0154,0,human_maestro_v3
human_maestro_0155,0,human_maestro_v3
human_maestro_0156,0,human_maestro_v3
human_maestro_0157,0,human_maestro_v3
human_maestro_0158,0,human_maestro_v3
human_maestro_0159,0,human_maestro_v3
human_maestro_0160,0,human_maestro_v3
human_maestro_0161,0,human_maestro_v3
human_maestro_0162,0,human_maestro_v3
human_maestro_0163,0,human_maestro_v3
human_maestro_0164,0,human_maestro_v3
human_maestro_0165,0,human_maestro_v3
human_maestro_0166,0,human_maestro_v3
human_maestro_0167,0,human_maestro_v3
human_maestro_0168,0,human_maestro_v3
human_maestro_0169,0,human_maestro_v3
human_maestro_0170,0,human_maestro_v3
human_maestro_0171,0,human_maestro_v3
human_maestro_0172,0,human_maestro_v3
human_maestro_0173,0,human_maestro_v3
human_maestro_0174,0,human_maestro_v3
human_maestro_0175,0,human_maestro_v3
human_maestro_0176,0,human_maestro_v3
human_maestro_0177,0,human_maestro_v3
human_maestro_0178,0,human_maestro_v3
human_maestro_0179,0,human_maestro_v3
human_maestro_0180,0,human_maestro_v3
human_maestro_0181,0,human_maestro_v3
human_maestro_0182,0,human_maestro_v3
human_maestro_0183,0,human_maestro_v3
human_maestro_0184,0,human_maestro_v3
human_maestro_0185,0,human_maestro_v3
human_maestro_0186,0,human_maestro_v3
human_maestro_0187,0,human_maestro_v3
human_maestro_0188,0,human_maestro_v3
human_maestro_0189,0,human_maestro_v3
human_maestro_0190,0,human_maestro_v3
human_maestro_0191,0,human_maestro_v3
human_maestro_0192,0,human_maestro_v3
human_maestro_0193,0,human_maestro_v3
human_maestro_0194,0,human_maestro_v3
human_maestro_0195,0,human_maestro_v3
human_maestro_0196,0,human_maestro_v3
human_maestro_0197,0,human_maestro_v3
human_maestro_0198,0,human_maestro_v3
human_maestro_0199,0,human_maestro_v3
human_maestro_0200,0,human_maestro_v3
human_maestro_0201,0,human_maestro_v3
human_maestro_0202,0,human_maestro_v3
human_maestro_0203,0,human_maestro_v3
human_maestro_0204,0,human_maestro_v3
human_maestro_0205,0,human_maestro_v3
human_maestro_0206,0,human_maestro_v3
human_maestro_0207,0,human_maestro_v3
human_maestro_0208,0,human_maestro_v3
human_maestro_0209,0,human_maestro_v3
human_maestro_0210,0,human_maestro_v3
human_maestro_0211,0,human_maestro_v3
human_maestro_0212,0,human_maestro_v3
human_maestro_0213,0,human_maestro_v3
human_maestro_0214,0,human_maestro_v3
human_maestro_0215,0,human_maestro_v3
human_maestro_0216,0,human_maestro_v3
human_maestro_0217,0,human_maestro_v3
human_maestro_0218,0,human_maestro_v3
human_maestro_0219,0,human_maestro_v3
human_maestro_0220,0,human_maestro_v3
human_maestro_0221,0,human_maestro_v3
human_maestro_0222,0,human_maestro_v3
human_maestro_0223,0,human_maestro_v3
human_maestro_0224,0,human_maestro_v3
human_maestro_0225,0,human_maestro_v3
human_maestro_0226,0,human_maestro_v3
human_maestro_0227,0,human_maestro_v3
human_maestro_0228,0,human_maestro_v3
human_maestro_0229,0,human_maestro_v3
human_maestro_0230,0,human_maestro_v3
human_maestro_0231,0,human_maestro_v3
human_maestro_0232,0,human_maestro_v3
human_maestro_0233,0,human_maestro_v3
human_maestro_0234,0,human_maestro_v3
human_maestro_0235,0,human_maestro_v3
human_maestro_0236,0,human_maestro_v3
human_maestro_0237,0,human_maestro_v3
human_maestro_0238,0,human_maestro_v3
human_maestro_0239,0,human_maestro_v3
human_maestro_0240,0,human_maestro_v3
human_maestro_0241,0,human_maestro_v3
human_maestro_0242,0,human_maestro_v3
human_maestro_0243,0,human_maestro_v3
human_maestro_0244,0,human_maestro_v3
human_maestro_0245,0,human_maestro_v3
human_maestro_0246,0,human_maestro_v3
human_maestro_0247,0,human_maestro_v3
human_maestro_0248,0,human_maestro_v3
human_maestro_0249,0,human_maestro_v3
human_maestro_0250,0,human_maestro_v3
human_maestro_0251,0,human_maestro_v3
human_maestro_0252,0,human_maestro_v3
human_maestro_0253,0,human_maestro_v3
human_maestro_0254,0,human_maestro_v3
human_maestro_0255,0,human_maestro_v3
human_maestro_0256,0,human_maestro_v3
human_maestro_0257,0,human_maestro_v3
human_maestro_0258,0,human_maestro_v3
human_maestro_0259,0,human_maestro_v3
human_maestro_0260,0,human_maestro_v3
human_maestro_0261,0,human_maestro_v3
human_maestro_0262,0,human_maestro_v3
human_maestro_0263,0,human_maestro_v3
human_maestro_0264,0,human_maestro_v3
human_maestro_0265,0,human_maestro_v3
human_maestro_0266,0,human_maestro_v3
human_maestro_0267,0,human_maestro_v3
human_maestro_0268,0,human_maestro_v3
human_maestro_0269,0,human_maestro_v3
human_maestro_0270,0,human_maestro_v3
human_maestro_0271,0,human_maestro_v3
human_maestro_0272,0,human_maestro_v3
human_maestro_0273,0,human_maestro_v3
human_maestro_0274,0,human_maestro_v3
human_maestro_0275,0,human_maestro_v3
human_maestro_0276,0,human_maestro_v3
human_maestro_0277,0,human_maestro_v3
human_maestro_0278,0,human_maestro_v3
human_maestro_0279,0,human_maestro_v3
human_maestro_0280,0,human_maestro_v3
human_maestro_0281,0,human_maestro_v3
human_maestro_0282,0,human_maestro_v3
human_maestro_0283,0,human_maestro_v3
human_maestro_0284,0,human_maestro_v3
human_maestro_0285,0,human_maestro_v3
human_maestro_0286,0,human_maestro_v3
human_maestro_0287,0,human_maestro_v3
human_maestro_0288,0,human_maestro_v3
human_maestro_0289,0,human_maestro_v3
human_maestro_0290,0,human_maestro_v3
human_maestro_0291,0,human_maestro_v3
human_maestro_0292,0,human_maestro_v3
human_maestro_0293,0,human_maestro_v3
human_maestro_0294,0,human_maestro_v3
human_maestro_0295,0,human_maestro_v3
human_maestro_0296,0,human_maestro_v3
human_maestro_0297,0,human_maestro_v3
human_maestro_0298,0,human_maestro_v3
human_maestro_0299,0,human_maestro_v3
human_maestro_0300,0,human_maestro_v3
human_medleydb_0006d77f-b040-41c8-a37e-9400f04e655e,0,human_medleydb
human_medleydb_024ebfff-8eb1-40d1-9894-6d200a196208,0,human_medleydb
human_medleydb_0267d505-8304-473d-bd99-4cd18883238f,0,human_medleydb
human_medleydb_05cea7bc-5266-4851-b515-47049b2e48e0,0,human_medleydb
human_medleydb_090d3238-1fd4-46d9-b783-d7a9fc80a5de,0,human_medleydb
human_medleydb_0c48a5d3-0721-4218-8969-dea783707af4,0,human_medleydb
human_medleydb_0d0b882e-fda7-4540-b955-8d2652a69f71,0,human_medleydb
human_medleydb_0d5bbca7-e009-41a9-92c0-c834fb5bcdd3,0,human_medleydb
human_medleydb_0ed22473-be4f-4c2c-ba25-636a574cda90,0,human_medleydb
human_medleydb_0fbf1536-60eb-4549-9673-cb8bedf4487c,0,human_medleydb
human_medleydb_100f5931-316e-4e7b-a362-cc63e0ff985c,0,human_medleydb
human_medleydb_118f3233-99f3-41fd-9fae-100087ec08db,0,human_medleydb
human_medleydb_1481744f-5206-4de1-b623-58f68574bf95,0,human_medleydb
human_medleydb_14e980ff-1989-4cda-a6e5-fed45779466f,0,human_medleydb
human_medleydb_17b63123-b367-4c15-b4b8-a06f84aa0cc8,0,human_medleydb
human_medleydb_17ef0f5c-c038-4113-ade0-74b8be0b9566,0,human_medleydb
human_medleydb_189bcc26-8055-4859-9512-8c45640329bf,0,human_medleydb
human_medleydb_1aea0971-609e-431c-b3c1-c2f82b23c8a4,0,human_medleydb
human_medleydb_1d133e09-ec60-4816-b013-4090fc013bed,0,human_medleydb
human_medleydb_1d6801ae-19f6-4aca-921d-f81bd3809259,0,human_medleydb
human_medleydb_1d97bf72-5c33-44dd-869d-7fe50fd9b2c2,0,human_medleydb
human_medleydb_1dfc4baf-3a27-48ba-bdbe-b1a6ec430fa2,0,human_medleydb
human_medleydb_20b8c46e-b72c-4f37-9919-7f41c8a4729d,0,human_medleydb
human_medleydb_2218f8e3-7f94-4851-8f11-8cbf56795664,0,human_medleydb
human_medleydb_2391411b-8dc8-4f62-b44e-15687b3f4e5d,0,human_medleydb
human_medleydb_2517db40-9159-4480-a9fd-e6298361f170,0,human_medleydb
human_medleydb_257d887a-d31f-4b91-ace6-544c6ec0dd58,0,human_medleydb
human_medleydb_28991e5b-ff5a-44cb-86c7-08eeb502d627,0,human_medleydb
human_medleydb_2d077fcb-e657-4194-aecd-08f11114ba6a,0,human_medleydb
human_medleydb_2fe5bff5-7865-4e06-a08b-aa6366ee2d3f,0,human_medleydb
human_medleydb_307effca-e943-47e7-be05-4454bc44e784,0,human_medleydb
human_medleydb_30af284c-7884-40eb-b6a5-31e92b20a168,0,human_medleydb
human_medleydb_30dbd936-bdb3-493b-bab0-447aa7a4c49f,0,human_medleydb
human_medleydb_320ddf23-b0e8-4196-bada-98bab771b139,0,human_medleydb
human_medleydb_33e4ab05-94ec-4089-99ae-f72e6bd9984c,0,human_medleydb
human_medleydb_3516baa0-5996-4bcd-b794-8397c259d5bc,0,human_medleydb
human_medleydb_362a4cb0-30b5-4012-8e75-a91184f3a56b,0,human_medleydb
human_medleydb_37c35c5c-3060-4c65-8328-5c72fe35f0b2,0,human_medleydb
human_medleydb_37f56a89-a03f-4bf3-a105-9919f0098520,0,human_medleydb
human_medleydb_38e4a598-900e-48bb-95e9-b74ecfac6df0,0,human_medleydb
human_medleydb_3bbe4eb0-a2db-401e-99cb-0e90694f90dd,0,human_medleydb
human_medleydb_3bd94d17-9c35-4d3f-956b-474bba2ced5b,0,human_medleydb
human_medleydb_3cef2107-a995-4bf3-b2d9-8e6159703e87,0,human_medleydb
human_medleydb_4051bf00-bcf9-4c59-9abb-ded4507872bf,0,human_medleydb
human_medleydb_487771a2-70ef-4a86-9a52-f1743be4a2c7,0,human_medleydb
human_medleydb_49e1276f-88d5-47fa-9477-3388b7946345,0,human_medleydb
human_medleydb_49f22db9-16e8-4f99-9e7b-80148963d232,0,human_medleydb
human_medleydb_4b796025-4c38-470e-ac7b-0a3ab44f5b1f,0,human_medleydb
human_medleydb_51f2de71-9672-4c43-9a62-e435aaf6ae9a,0,human_medleydb
human_medleydb_532914fc-dc95-4a6c-8349-c54e1f4a7906,0,human_medleydb
human_medleydb_54e97451-b853-4fab-9a22-a28be7d9e69f,0,human_medleydb
human_medleydb_54e9d70c-7d7c-42cd-a52b-8a734e818645,0,human_medleydb
human_medleydb_54eb5443-f5a5-47cc-9a8b-0671ffe05ec5,0,human_medleydb
human_medleydb_55339ae4-cbf9-48f1-a520-9500492bec7a,0,human_medleydb
human_medleydb_55c77f01-cf36-4559-817a-d6649c249bb1,0,human_medleydb
human_medleydb_578d186f-d400-4c1f-b229-2cc3f1e216a6,0,human_medleydb
human_medleydb_59cf97a3-b368-47cf-827a-e3658e7dc537,0,human_medleydb
human_medleydb_5aa51452-2f04-4286-aae8-74dbc233a4f9,0,human_medleydb
human_medleydb_5b1ab02a-7045-4560-b391-5d18df2179d2,0,human_medleydb
human_medleydb_5c8de2ac-e8d4-4a2a-a555-33d3b04ab597,0,human_medleydb
human_medleydb_5d2bb28c-223b-4c81-b4ce-ebc10ddb54bc,0,human_medleydb
human_medleydb_5d81fa87-294c-4572-85aa-82c0e9c03eab,0,human_medleydb
human_medleydb_61811f24-e8ea-423d-96bf-881150995810,0,human_medleydb
human_medleydb_63f18657-c511-4b9e-bc5e-d03048646647,0,human_medleydb
human_medleydb_65424889-b8e2-4207-baf8-44e1eca627a4,0,human_medleydb
human_medleydb_659975db-94ad-4de9-bdaa-b2b3adff6e8e,0,human_medleydb
human_medleydb_67b13ebe-4f80-45c3-8b7d-326808390534,0,human_medleydb
human_medleydb_684e56e6-a1bf-4395-b404-bfd6191a7c9d,0,human_medleydb
human_medleydb_686f691b-035c-4667-92c5-165930bf0b00,0,human_medleydb
human_medleydb_6b371ecf-99b5-4bc4-8065-ea3636670a3c,0,human_medleydb
human_medleydb_6c22efff-dfbf-4708-923d-82337ebe19e3,0,human_medleydb
human_medleydb_6d8cbc2a-5340-4e72-94e6-b590519eae30,0,human_medleydb
human_medleydb_6dea6f4b-aba1-4812-9c10-f79685dd3a8a,0,human_medleydb
human_medleydb_6f0c81ca-398e-489e-8759-2a567109e380,0,human_medleydb
human_medleydb_700839ef-2971-4f6d-a1f6-651939dccb7d,0,human_medleydb
human_medleydb_710b0dc0-dd8b-4f2d-b616-7db783100da6,0,human_medleydb
human_medleydb_733edd30-3400-489d-b3d6-1b5e8d9b377b,0,human_medleydb
human_medleydb_74a04b77-facd-4079-933e-08b5f3e30cee,0,human_medleydb
human_medleydb_74b43693-d141-4b8c-b1cc-05cd5b5523e5,0,human_medleydb
human_medleydb_76bba433-2c96-4dde-8c61-253c374fad5a,0,human_medleydb
human_medleydb_7782c26d-f69b-4d15-ae22-539637aecb49,0,human_medleydb
human_medleydb_795d243f-3297-4d1f-971a-a4ac73f52e67,0,human_medleydb
human_medleydb_7a721663-9df7-4f00-aa92-220c7ee77695,0,human_medleydb
human_medleydb_7bb672f1-c779-495d-a524-040b810cb4dd,0,human_medleydb
human_medleydb_7caf18cd-a222-468b-8ed3-719aee7640a7,0,human_medleydb
human_medleydb_7f2ccb42-e40c-496a-9d3b-eba23f2d405f,0,human_medleydb
human_medleydb_7fdabb36-b5c4-4991-bee2-a9f0c303c8ea,0,human_medleydb
human_medleydb_83623d98-fdec-4a9f-b6aa-5291373a3fb4,0,human_medleydb
human_medleydb_8382cc63-0061-423b-b21a-825422d870b0,0,human_medleydb
human_medleydb_85d03a41-ef36-436f-a8be-4e13297ef869,0,human_medleydb
human_medleydb_8794fe08-3fdb-48f0-b55e-2b7db031580b,0,human_medleydb
human_medleydb_893ced59-2d0f-4e4f-8760-415c73d4a473,0,human_medleydb
human_medleydb_896da6d3-0545-4e11-9f39-243264f8bea1,0,human_medleydb
human_medleydb_8986bcfe-c9f5-43b4-b116-b980d56f9620,0,human_medleydb
human_medleydb_8ab8119e-d5a6-46a0-96ca-b92e704b65eb,0,human_medleydb
human_medleydb_8dacb11f-b3a9-4d75-b556-ffd8260d45f1,0,human_medleydb
human_medleydb_8dafb116-2bfb-4f03-9799-748378e47efb,0,human_medleydb
human_medleydb_927f75a9-7d38-4a69-ba74-833a31110c4d,0,human_medleydb
human_medleydb_92a66485-b33f-4aaf-8676-35e3391a043c,0,human_medleydb
human_medleydb_930b55ce-3f90-498c-bc06-e3dbcb63365c,0,human_medleydb
human_medleydb_93d88e87-320a-414d-bc80-90df5747fa77,0,human_medleydb
human_medleydb_95a3afdf-6195-4bb8-84a3-f65c5aee5973,0,human_medleydb
human_medleydb_95d6fbe3-7e8f-437c-920a-d44d92bfe681,0,human_medleydb
human_medleydb_9a4d14b9-c79b-4d0b-b858-847d360b8d81,0,human_medleydb
human_medleydb_9a7ef788-3ff6-43a5-bc2a-49dff09f42bd,0,human_medleydb
human_medleydb_9ab5c27e-bb58-48d0-b365-34f215e2d922,0,human_medleydb
human_medleydb_9aedc5eb-c9d6-4de9-83f1-bca32f6151d1,0,human_medleydb
human_medleydb_9b4f4cc5-9a5f-4689-bb38-9da29613a614,0,human_medleydb
human_medleydb_9cabe915-1ef3-4360-b453-ed2c10f27b22,0,human_medleydb
human_medleydb_9cb2c7ae-a7fc-4e00-9c03-7c9796c18d31,0,human_medleydb
human_medleydb_9ce1bf7c-3fec-4038-af7a-cc2adb9c50c8,0,human_medleydb
human_medleydb_9ee0faea-9354-4518-9633-c567b284b15e,0,human_medleydb
human_medleydb_a12ab166-1958-4bfb-a551-fc70431c5b96,0,human_medleydb
human_medleydb_a39c435b-86a3-4f4e-8427-27070b995a5d,0,human_medleydb
human_medleydb_a4c7ddd1-428a-4d52-938d-9a9ab2be31e4,0,human_medleydb
human_medleydb_a6074057-dae5-42ec-ace7-a22358e704c1,0,human_medleydb
human_medleydb_a6f550f3-e901-4ca5-9e93-b27bad5b00dc,0,human_medleydb
human_medleydb_aae83dfb-bb31-418d-85e0-95c12158b52c,0,human_medleydb
human_medleydb_ab30e447-029e-4084-99a6-70fb26227e04,0,human_medleydb
human_medleydb_ad23841f-8615-41bf-b2eb-1a932d490aed,0,human_medleydb
human_medleydb_adab2bab-3719-43f3-aa32-bb54c86e00ea,0,human_medleydb
human_medleydb_b0702a79-aa6e-4a0b-8c90-431e8bbe7e63,0,human_medleydb
human_medleydb_b61a386b-72cd-4880-b694-235d6a9509e9,0,human_medleydb
human_medleydb_b69ef3ab-4134-4dc5-9183-53f5154a9aed,0,human_medleydb
human_medleydb_b6de3084-7ca3-414b-806c-9d8a6cb5b0b0,0,human_medleydb
human_medleydb_b8198172-337d-4d13-b811-4825800b3b57,0,human_medleydb
human_medleydb_b927c74a-6a75-42e7-93fb-9a8ccb420bc1,0,human_medleydb
human_medleydb_b97e479e-857f-42b8-8b9f-2008e514c4f0,0,human_medleydb
human_medleydb_bb145f66-c718-42f3-a020-6286e53c07c8,0,human_medleydb
human_medleydb_bc59af25-1975-4a6b-8b3c-a433b41fe460,0,human_medleydb
human_medleydb_bebb6331-4c99-4b59-9fa3-32f488f54e60,0,human_medleydb
human_medleydb_c074d159-cd01-41a5-a02f-6122678db37b,0,human_medleydb
human_medleydb_c0cecc23-4572-465c-91de-16183a23547f,0,human_medleydb
human_medleydb_c1c7ec79-4e31-43d9-8e6b-402fded521a7,0,human_medleydb
human_medleydb_c2c318fd-01cb-44d9-8d44-aea04f6a85e0,0,human_medleydb
human_medleydb_c367d0f3-b5ac-4839-8178-3995d68abc52,0,human_medleydb
human_medleydb_c7096094-aa22-4df2-bdf7-fd77a5dde9b7,0,human_medleydb
human_medleydb_ca7ff574-9043-4d4c-a621-3be8f8fe5f18,0,human_medleydb
human_medleydb_cc9c7398-34bc-47cc-815e-081df650f0a3,0,human_medleydb
human_medleydb_cd68c391-e4ad-43f8-91f8-42bfc9bc264f,0,human_medleydb
human_medleydb_cfbc61f9-0cb8-47bc-b156-c948b0bb701d,0,human_medleydb
human_medleydb_d1ab8ef3-bee9-4504-8466-71859a406851,0,human_medleydb
human_medleydb_d3e879e0-0b00-4ee8-a267-3c2407535811,0,human_medleydb
human_medleydb_d41fd98f-4366-4dae-9ed2-0db5296c21b3,0,human_medleydb
human_medleydb_d5736496-b9bf-4ab4-9af9-4b0557fe0c46,0,human_medleydb
human_medleydb_d99e3af3-7e6a-466c-a7d1-7eb767de324e,0,human_medleydb
human_medleydb_da32a44f-0d57-4b59-b7e0-9e3a8c6caec1,0,human_medleydb
human_medleydb_da672ef5-9e5c-4abd-813e-f8bdc0b24c18,0,human_medleydb
human_medleydb_da7f883c-6999-4089-ad1e-d5e6551ed1a5,0,human_medleydb
human_medleydb_dad82f7f-963c-4f1f-ad4e-e41c67cd3e22,0,human_medleydb
human_medleydb_db130824-ae33-4dcb-8a43-d25cdddb9aa1,0,human_medleydb
human_medleydb_db83ac3b-cf68-4007-bc77-10cf7c3478c5,0,human_medleydb
human_medleydb_dcad6565-79de-442e-b08c-85f7e21c6b4a,0,human_medleydb
human_medleydb_dd7119b9-f1be-46a2-b83f-a4e5358cf234,0,human_medleydb
human_medleydb_de48b6b6-2bc8-4a82-b79d-8a4ccd4bb883,0,human_medleydb
human_medleydb_dfc4e80e-6277-49a0-a7c4-97805f05e324,0,human_medleydb
human_medleydb_e32a1ea2-f33f-4c1a-84a0-4beb469c1cfd,0,human_medleydb
human_medleydb_e3d28c67-f1ea-4d9e-9de1-bcae1703e419,0,human_medleydb
human_medleydb_e5140d87-a97d-42c0-abec-6d488b00bf39,0,human_medleydb
human_medleydb_e5a39928-d6ee-4bae-bacf-f6bcccb9a23b,0,human_medleydb
human_medleydb_e686693f-26bf-4830-9c93-7aaff9f31585,0,human_medleydb
human_medleydb_e77e3528-5d6d-460e-89e8-9ff1e4739563,0,human_medleydb
human_medleydb_e78ef6dc-87f8-40db-90a1-6bb4e4e226c1,0,human_medleydb
human_medleydb_e8be1606-bf88-424f-b8fd-d03d2681ac4a,0,human_medleydb
human_medleydb_eab9c582-4dfa-4b7a-9290-d2950472c94d,0,human_medleydb
human_medleydb_eb41fe63-14c3-4891-a5cc-4d20302e7ed7,0,human_medleydb
human_medleydb_f16310a8-6362-47db-a52a-f2126c8854c5,0,human_medleydb
human_medleydb_f35af9a6-694f-4d31-956a-c93e62c42014,0,human_medleydb
human_medleydb_f5cabd03-fde3-4534-94e3-77a3330eafd2,0,human_medleydb
human_medleydb_f620bbc7-0154-46d1-bfd9-d16452129ebb,0,human_medleydb
human_medleydb_f6acaf68-7330-4acd-9287-7f80095a4207,0,human_medleydb
human_medleydb_f777ad13-66d2-4114-9368-eeb81c5b1ce7,0,human_medleydb
human_medleydb_fb7cf3b2-0906-45c2-9468-fdd984007563,0,human_medleydb
human_medleydb_fc7c8bba-8071-4d52-a735-a206bbff9363,0,human_medleydb
human_medleydb_fda6b5e5-2e3b-4f39-a765-1e3f4f6f0747,0,human_medleydb
human_medleydb_fdf1fa4e-b0a3-44bb-9ee2-f7d2627ea136,0,human_medleydb
human_medleydb_ff4f87d5-091e-47c5-a9bf-ed9fe7a6bc60,0,human_medleydb
human_medleydb_ffbc0530-c42a-4cd9-a50b-437997089783,0,human_medleydb
human_moisesdb_0044badf-486e-4d18-ad18-ba6b43785928,0,human_moisesdb
human_moisesdb_007c03e0-15b0-4555-88f5-29687ee66e81,0,human_moisesdb
human_moisesdb_01099056-a20b-4532-a6b8-40851f1a9a29,0,human_moisesdb
human_moisesdb_019ccf20-4d99-4bea-ac3b-88d132da8776,0,human_moisesdb
human_moisesdb_02f8fc2f-fcea-4152-8377-18c4a92b8bbb,0,human_moisesdb
human_moisesdb_0487d250-ffa5-495e-8a23-53ba942855e2,0,human_moisesdb
human_moisesdb_06d21677-3ee5-4808-8f21-e28b40982a0b,0,human_moisesdb
human_moisesdb_06f33f97-8531-407a-aa1d-6a5f56eb6416,0,human_moisesdb
human_moisesdb_07b98af1-4c18-4392-bbca-9ddd22c94948,0,human_moisesdb
human_moisesdb_0849b9ae-be4b-4d60-9b0e-ac629867de43,0,human_moisesdb
human_moisesdb_085052e9-daa6-4a28-bd25-425ca4612c7c,0,human_moisesdb
human_moisesdb_0e127183-69e9-4337-831c-dba2866d4e78,0,human_moisesdb
human_moisesdb_0e73146f-a04a-438e-9e23-b62d1c1a1f3e,0,human_moisesdb
human_moisesdb_122594ab-7f7f-4466-ace2-70bb7dfc65ec,0,human_moisesdb
human_moisesdb_1233e312-4e59-4167-9234-a0ce2bd123ce,0,human_moisesdb
human_moisesdb_12dc1cb2-2b96-405e-b58e-084d2fe37146,0,human_moisesdb
human_moisesdb_140d4cbc-23d6-49bb-9365-51087a51f3f8,0,human_moisesdb
human_moisesdb_1487dd4b-4bfe-49aa-b792-f343c126c892,0,human_moisesdb
human_moisesdb_160c34d9-66fb-43b5-b18d-aded6d7d4be5,0,human_moisesdb
human_moisesdb_1624ed65-a763-42a4-9a52-bdb297ecab34,0,human_moisesdb
human_moisesdb_1660c699-cf5a-4fbb-b5f9-efb471ef2620,0,human_moisesdb
human_moisesdb_178eb5db-c0a6-4682-be14-7b404fa376bf,0,human_moisesdb
human_moisesdb_188c0680-f1ef-4d57-91f3-5b5b1f047a41,0,human_moisesdb
human_moisesdb_19710ec3-197b-4ac2-8e6d-3b25cad3d72d,0,human_moisesdb
human_moisesdb_198a4178-9857-4264-a74e-679582b85a38,0,human_moisesdb
human_moisesdb_1a43bd92-e9df-46e6-b696-ff8ea2181025,0,human_moisesdb
human_moisesdb_1b3e7df0-2a6e-42b6-88f5-9236c235d073,0,human_moisesdb
human_moisesdb_1dc7895c-87e0-45bd-a301-c730bd734034,0,human_moisesdb
human_moisesdb_1e47a85e-2983-4570-848b-9840c9928bf9,0,human_moisesdb
human_moisesdb_1ec4c706-5839-45a5-ae4b-af3049cf2d2b,0,human_moisesdb
human_moisesdb_1f79da81-65ad-408a-adb2-da28b5a3a252,0,human_moisesdb
human_moisesdb_1ff87223-c759-4d06-a803-d7651c9ca5bb,0,human_moisesdb
human_moisesdb_223bed44-9f75-4cb0-9799-7f87c3f23a68,0,human_moisesdb
human_moisesdb_2331166d-00a5-49d1-afc5-cca01d02406d,0,human_moisesdb
human_moisesdb_23cf3c97-1083-493f-b61c-a8af5f3ce84c,0,human_moisesdb
human_moisesdb_2552d8c9-d45d-4779-8add-451c8cf7f2c0,0,human_moisesdb
human_moisesdb_257f0b3c-4113-4a16-92da-65c4a80b7cac,0,human_moisesdb
human_moisesdb_25c909a8-5346-4ac4-872c-5be5c75b8903,0,human_moisesdb
human_moisesdb_26a7a156-9ffa-4ea9-b46b-638d38431076,0,human_moisesdb
human_moisesdb_26e06c55-cf63-48c1-b7d7-b94f60876ee3,0,human_moisesdb
human_moisesdb_2976322f-2d02-474f-88d8-4e6a0654dc9c,0,human_moisesdb
human_moisesdb_2e1285f3-3d9f-4ec0-9930-cfa8db48200f,0,human_moisesdb
human_moisesdb_2f7d856b-1077-4b67-82d7-56fe28fe2cf0,0,human_moisesdb
human_moisesdb_30084401-8bb1-473d-acd7-0de075e497b9,0,human_moisesdb
human_moisesdb_301e23d0-4e57-4c7d-a4d2-6474d53fabe9,0,human_moisesdb
human_moisesdb_335029ea-35a0-4a3a-a80f-de45f1dcb9d4,0,human_moisesdb
human_moisesdb_33bb702a-f064-4cc0-b25e-3c1ceb1752b0,0,human_moisesdb
human_moisesdb_353867f2-3ae6-460b-b3a0-037e6a0b34a6,0,human_moisesdb
human_moisesdb_36341fd2-a99e-4311-ae3b-fb3d6b201814,0,human_moisesdb
human_moisesdb_3779da04-c0ac-43c2-982a-9cfea5412509,0,human_moisesdb
human_moisesdb_3c0b5a76-ce96-489b-8c09-6d69b28930b0,0,human_moisesdb
human_moisesdb_3dc82086-e99d-4ceb-b3f7-3c075adf1739,0,human_moisesdb
human_moisesdb_3f10005d-d339-47ce-aed7-da12ef756aa4,0,human_moisesdb
human_moisesdb_3fa79c72-190a-4978-b3ca-16c1dd9c08b8,0,human_moisesdb
human_moisesdb_40a5cc0a-18ad-425d-9c5b-1c4a6d97a296,0,human_moisesdb
human_moisesdb_4171b793-1c2a-412a-94c9-c521336b81dd,0,human_moisesdb
human_moisesdb_425d1532-8f32-4246-a2d3-d9eac74918ec,0,human_moisesdb
human_moisesdb_42aa265c-d51c-45ea-b8d9-5bc59600699e,0,human_moisesdb
human_moisesdb_42b4b059-33eb-48f9-8d69-efd1578c6998,0,human_moisesdb
human_moisesdb_438b4e4b-01d4-4022-8131-4771dd10ac68,0,human_moisesdb
human_moisesdb_43dd139a-9cd6-4c61-b4e9-9487f4138925,0,human_moisesdb
human_moisesdb_47453192-1d6f-436e-b3a4-92280b769221,0,human_moisesdb
human_moisesdb_4829ee1f-1e5d-403d-b289-cebfbdd85bc1,0,human_moisesdb
human_moisesdb_4a1502f8-9b38-4ba9-a3bf-0cee1b30d115,0,human_moisesdb
human_moisesdb_4b738760-38ec-482e-a733-880605bed66b,0,human_moisesdb
human_moisesdb_4c1eb8dc-e464-41cb-9bc8-0d4b72b58e10,0,human_moisesdb
human_moisesdb_538fa384-63e0-40e6-9920-a0456988fe55,0,human_moisesdb
human_moisesdb_549277f8-d550-4c7a-a02e-b6df05f463bb,0,human_moisesdb
human_moisesdb_57323a9f-f67e-43f2-96d6-48bad7b81a5e,0,human_moisesdb
human_moisesdb_573706eb-fcd9-4794-b90e-6eb38622903f,0,human_moisesdb
human_moisesdb_59675e1f-d5ae-4a35-adcb-6c19afe51aa2,0,human_moisesdb
human_moisesdb_5af89a81-2f91-49f7-a949-ed6dcea602a2,0,human_moisesdb
human_moisesdb_5b8462d0-3e15-474e-b0fd-37d48953d2c9,0,human_moisesdb
human_moisesdb_5deb3e04-d13d-4a0d-b407-515f934e551c,0,human_moisesdb
human_moisesdb_5f971d9a-9031-4e56-8b4d-9c93ce375044,0,human_moisesdb
human_moisesdb_620881ca-7e72-4377-af0b-241a5b46bf5c,0,human_moisesdb
human_moisesdb_626717ef-236f-462f-bb02-6fa37704ff31,0,human_moisesdb
human_moisesdb_627d0f38-c764-4436-91a6-bcb8431d3989,0,human_moisesdb
human_moisesdb_63782a17-6aac-4361-9878-87e11b1f1a41,0,human_moisesdb
human_moisesdb_63e31819-4209-4a80-b86f-573ef67e7ab8,0,human_moisesdb
human_moisesdb_65ed4d66-79b6-4a79-8ae6-1061a9d86f47,0,human_moisesdb
human_moisesdb_66a041bd-34cd-4e65-943b-f3d4cb174355,0,human_moisesdb
human_moisesdb_69b77753-8127-4e09-a1e3-a95116c09e1c,0,human_moisesdb
human_moisesdb_6a61244d-6109-4f61-b51f-b46663855bfc,0,human_moisesdb
human_moisesdb_6bbefc2f-9f18-46ca-b0de-9dc98d806a9b,0,human_moisesdb
human_moisesdb_6ed5fb50-c9fc-4108-b6f5-c4e7b8c88bd0,0,human_moisesdb
human_moisesdb_73880852-b60c-4c47-ae72-e3d40c3660c0,0,human_moisesdb
human_moisesdb_73c5cce6-83b0-4c8a-bff9-26c3388f0048,0,human_moisesdb
human_moisesdb_746c5ae1-71b8-4f07-9595-503f57b99a94,0,human_moisesdb
human_moisesdb_74e96d75-cfa1-4a62-8bc8-a35317eb1840,0,human_moisesdb
human_moisesdb_75733518-dbf4-4c25-8f16-f9e48afae2b6,0,human_moisesdb
human_moisesdb_761c542a-d8c5-4cb5-bc7e-dd7a26e77661,0,human_moisesdb
human_moisesdb_762218d9-e4ce-4067-a9c1-1976f7b3d69d,0,human_moisesdb
human_moisesdb_76664e23-cfa9-4708-a9b6-3d2474026805,0,human_moisesdb
human_moisesdb_76dd8ca2-272f-4978-80e8-cc047f91e658,0,human_moisesdb
human_moisesdb_7771fc33-57b4-4431-8be6-891c277b38aa,0,human_moisesdb
human_moisesdb_780a2bb2-0666-4f2a-bfc3-f9a89260c9fd,0,human_moisesdb
human_moisesdb_783d670f-920f-4ef8-b080-7b6a9663d986,0,human_moisesdb
human_moisesdb_783f331b-5844-4ed3-8904-7fa25e94f182,0,human_moisesdb
human_moisesdb_7a5a08f6-428d-4e61-af9e-647f98f96bc9,0,human_moisesdb
human_moisesdb_7c066c0d-33b3-4f99-b0ad-f34941c87472,0,human_moisesdb
human_moisesdb_7c45cf52-5862-4dac-960b-974eb36fa272,0,human_moisesdb
human_moisesdb_7ed277f7-ac31-470c-b01d-9f106413f643,0,human_moisesdb
human_moisesdb_7ee6db35-f312-4828-90d3-16650b79a342,0,human_moisesdb
human_moisesdb_810102cc-63c6-4d39-9194-f49a0cb3e740,0,human_moisesdb
human_moisesdb_8244f8d9-9980-4829-a5e2-0548e3cc8c6f,0,human_moisesdb
human_moisesdb_830ce3b9-c862-4602-8f1d-a9553de1eff2,0,human_moisesdb
human_moisesdb_87b1a65a-875d-4cc6-89c8-dfce8ecc88b1,0,human_moisesdb
human_moisesdb_88320c35-adac-4d7c-9157-1a6e97c24235,0,human_moisesdb
human_moisesdb_8833ada4-318f-4408-a65b-823ad31972c5,0,human_moisesdb
human_moisesdb_897ed6f4-c981-4fa7-8e8c-a7bacb4bd3e8,0,human_moisesdb
human_moisesdb_8a856b82-d7b3-4383-90cf-ef9d92758ce6,0,human_moisesdb
human_moisesdb_8b0219e2-ab69-4548-aa66-93931b4e3e66,0,human_moisesdb
human_moisesdb_8bf17955-73fd-4f73-8df0-2ffd12ea9c81,0,human_moisesdb
human_moisesdb_8c0a1df2-f8a2-44b0-b916-0fd69323b830,0,human_moisesdb
human_moisesdb_8cc61b3d-02a0-4e09-a566-2e893cfeabfc,0,human_moisesdb
human_moisesdb_8ecaefa6-a1f2-45d5-b926-e291befbcc30,0,human_moisesdb
human_moisesdb_907c2fcf-dbd9-4162-a22e-ab9a7d15f520,0,human_moisesdb
human_moisesdb_90a3c5f6-d798-4f89-a4bc-b9016a56252c,0,human_moisesdb
human_moisesdb_91961d17-ac1f-46b9-b35a-ceeae8380554,0,human_moisesdb
human_moisesdb_93ba1916-d2d5-4e66-bdc3-673346e89d91,0,human_moisesdb
human_moisesdb_97062af1-df66-457c-b029-8872f5b544f2,0,human_moisesdb
human_moisesdb_98ad7b75-399e-4968-8474-c2207ab0482d,0,human_moisesdb
human_moisesdb_9afbc5ac-c550-4e50-9e04-76cc71fbd2bd,0,human_moisesdb
human_moisesdb_9b489e2e-5c89-4fc4-bdf5-c166740a14b0,0,human_moisesdb
human_moisesdb_9b9e16f0-8a88-4162-9311-0036828a0ff8,0,human_moisesdb
human_moisesdb_9c3d8b8e-14b4-41b6-9dac-e3e375810bed,0,human_moisesdb
human_moisesdb_9f7d881b-e36d-47ae-ac10-0966e8edbb14,0,human_moisesdb
human_moisesdb_a0da0fb0-c74e-4c6d-a5e4-d36693e7fa2e,0,human_moisesdb
human_moisesdb_a1d09860-6966-4c5f-9811-ad24acf6dbbf,0,human_moisesdb
human_moisesdb_a2a55d67-7bb1-4e20-a552-59da32586ae3,0,human_moisesdb
human_moisesdb_a38bcc83-084a-4cb7-aed2-0467148b25c6,0,human_moisesdb
human_moisesdb_a41c1e12-9d01-4cf1-b1f1-c30139875044,0,human_moisesdb
human_moisesdb_a57bb1ed-51a1-445d-8c99-3b789ccdf06c,0,human_moisesdb
human_moisesdb_a7b63f1e-4b15-4bc8-b208-1c4dcf6b6669,0,human_moisesdb
human_moisesdb_a85229ae-5e8f-4b88-98b2-398f3d984890,0,human_moisesdb
human_moisesdb_a853da2a-f788-4e75-b637-e41c2aec37a5,0,human_moisesdb
human_moisesdb_a859eaf9-d457-4756-921e-efeea3f156cf,0,human_moisesdb
human_moisesdb_a9440be2-5205-4724-b395-df89d1921715,0,human_moisesdb
human_moisesdb_a95fc0fe-306f-4d5f-b6c4-38ffcb1353e8,0,human_moisesdb
human_moisesdb_a98caa0d-4f70-40aa-89b0-5fc6f2116259,0,human_moisesdb
human_moisesdb_aae42673-c400-40cf-a342-2058dba4e8d5,0,human_moisesdb
human_moisesdb_ab390c58-8d7b-48dc-8c56-a89344f1993b,0,human_moisesdb
human_moisesdb_ab86c505-9ac8-4057-a75a-de69ba254709,0,human_moisesdb
human_moisesdb_ab9e54e9-7b64-457e-a17d-87175b203031,0,human_moisesdb
human_moisesdb_adc42fac-35e1-4c61-b496-3d089372ff60,0,human_moisesdb
human_moisesdb_aecbf681-2667-4dca-b1c6-56ec381cfbf7,0,human_moisesdb
human_moisesdb_afa2103b-a84b-4bfd-a5b2-063df453ffe1,0,human_moisesdb
human_moisesdb_afbc20f5-95b1-4710-977c-6cfebe05381d,0,human_moisesdb
human_moisesdb_b2b799b0-507f-484a-852e-b88458a767e0,0,human_moisesdb
human_moisesdb_b342eaa2-d909-4506-ae4a-c834cdf3d4ea,0,human_moisesdb
human_moisesdb_b3689d3d-ff33-4145-81d6-0811c811648b,0,human_moisesdb
human_moisesdb_b431c56f-eee7-404c-b34f-91232f3ad4b4,0,human_moisesdb
human_moisesdb_b55795d5-5e72-4263-93d1-39de8e15dffd,0,human_moisesdb
human_moisesdb_b6ab76ec-306a-4a85-87ca-e0fbde6f22c7,0,human_moisesdb
human_moisesdb_b88ec226-5183-46f0-adf9-423c0a4bc64b,0,human_moisesdb
human_moisesdb_b9735680-8262-4199-b72a-92cfdc0c01c3,0,human_moisesdb
human_moisesdb_b9ed4da7-c960-48aa-a742-59d5e904c900,0,human_moisesdb
human_moisesdb_ba60e6da-f96a-4907-8d5e-d6cd8ed854f7,0,human_moisesdb
human_moisesdb_badacbf2-2117-46b7-a0aa-630d828fe5bf,0,human_moisesdb
human_moisesdb_bba7c2f2-5913-4e39-bb0c-13884bc894a7,0,human_moisesdb
human_moisesdb_bce40ceb-daac-45e0-a7c8-103bca249bcc,0,human_moisesdb
human_moisesdb_bce4d25d-80e9-430f-9556-427fb178eb87,0,human_moisesdb
human_moisesdb_bce8a819-15b2-4588-92a9-34c464ce4ccb,0,human_moisesdb
human_moisesdb_bdb73cad-3baa-4c57-824d-830408d0d33e,0,human_moisesdb
human_moisesdb_c05824bf-1e4e-4691-9281-e6d7db1abd5b,0,human_moisesdb
human_moisesdb_c3517451-adef-4f1d-864e-9802162ba2b2,0,human_moisesdb
human_moisesdb_c414d25e-3f11-4477-8379-1af832911df3,0,human_moisesdb
human_moisesdb_c483fd5c-f858-4eac-b9c7-aaaa54d447cb,0,human_moisesdb
human_moisesdb_c74147a0-2621-4954-a483-cdbb3354f8b0,0,human_moisesdb
human_moisesdb_c7a17407-00f8-45c0-92a2-c2c161ee92ec,0,human_moisesdb
human_moisesdb_c7fc1d66-b5ac-4bb2-9240-6eecb13cb03b,0,human_moisesdb
human_moisesdb_c8009858-02fd-42de-849e-e88dafb9bc86,0,human_moisesdb
human_moisesdb_c8ed8e35-5f86-4043-8639-0c2a10de40c8,0,human_moisesdb
human_moisesdb_c9a86272-a810-4ea1-80f6-d60d5ffd5c9b,0,human_moisesdb
human_moisesdb_ca34b92f-fec4-46c1-a8be-61754d1dd6bc,0,human_moisesdb
human_moisesdb_cb0d22fa-30e5-4a98-ac39-ad7aa8a65ead,0,human_moisesdb
human_moisesdb_cb9b6d7f-13a0-4ab7-9660-a3a73c39f4c0,0,human_moisesdb
human_moisesdb_cd23b2c4-029b-4ac5-b745-9a636b8c344d,0,human_moisesdb
human_moisesdb_cf105c37-03d7-4bf8-9c22-c00ab6cee3c9,0,human_moisesdb
human_moisesdb_d0847684-24cb-4df5-954c-31833f6504bf,0,human_moisesdb
human_moisesdb_d107b9f7-03a4-4262-b4c7-8985e3d55d01,0,human_moisesdb
human_moisesdb_d1a160f9-4de1-4cc5-9d1f-9e7436a75590,0,human_moisesdb
human_moisesdb_d1fd09ea-3d55-48c0-8f3d-e4881862953d,0,human_moisesdb
human_moisesdb_d202c746-d5bd-4231-9ff3-14b90759ffb5,0,human_moisesdb
human_moisesdb_d4acf1f9-b6aa-4f49-bfcd-42f50f8b5b5e,0,human_moisesdb
human_moisesdb_d6a3195b-b9d8-4103-a69d-c35cd5209c4f,0,human_moisesdb
human_moisesdb_d7ac75f4-c00b-4a70-9cb9-19ce88d45b1f,0,human_moisesdb
human_moisesdb_d86094ec-6236-4330-a5b5-4336a9664a30,0,human_moisesdb
human_moisesdb_dadcee28-f452-42da-a65d-7a035c7ad14a,0,human_moisesdb
human_moisesdb_db89d954-e628-4ee6-8efb-58a0b67175c1,0,human_moisesdb
human_moisesdb_dcdc5e9b-599c-4638-8ca5-669e02db4a6f,0,human_moisesdb
human_moisesdb_dd98ca82-8952-41d9-8a6e-4f528e9cad06,0,human_moisesdb
human_moisesdb_dda4a05a-686b-4ee6-baaa-e7d59e590b2f,0,human_moisesdb
human_moisesdb_ded73034-e0f9-4438-b7c8-0cb6415f8312,0,human_moisesdb
human_moisesdb_e0889a2c-c688-4b79-8fdc-4fdef74ec22d,0,human_moisesdb
human_moisesdb_e1932507-f090-4852-8488-831fe714bf49,0,human_moisesdb
human_moisesdb_e1a8d36b-4487-4a8d-8933-269c8e47cdde,0,human_moisesdb
human_moisesdb_e3874d07-006a-4d63-b170-eda0bebac644,0,human_moisesdb
human_moisesdb_e3975afb-5f62-408c-95eb-6ec23ade3484,0,human_moisesdb
human_moisesdb_e5e25966-1d4d-4342-82b4-ea218afd5a4f,0,human_moisesdb
human_moisesdb_e61ca5be-8b56-4cee-b960-06c2b3f5a59a,0,human_moisesdb
human_moisesdb_e66e9ad8-eec1-46a6-aff1-388fa06a36b3,0,human_moisesdb
human_moisesdb_e7bee28d-8c1d-45d9-a4fb-33dcbf3364a4,0,human_moisesdb
human_moisesdb_e85d3df9-e7b0-4c3c-9609-c8439b346b45,0,human_moisesdb
human_moisesdb_e9544b0e-b580-4795-b3c0-98efc88d68ad,0,human_moisesdb
human_moisesdb_e9837e75-8332-42d1-a572-a0609a1532c6,0,human_moisesdb
human_moisesdb_e9ff1724-8f56-44a8-877a-782de7013771,0,human_moisesdb
human_moisesdb_eb961875-8442-4e9c-8868-380543f6c4af,0,human_moisesdb
human_moisesdb_ebc34717-8724-4f13-82e6-a5467304f4d6,0,human_moisesdb
human_moisesdb_ebdd35d8-ea27-4906-908f-9edaea1119a2,0,human_moisesdb
human_moisesdb_ec21eeeb-6e6d-4c31-95d7-39fee2713334,0,human_moisesdb
human_moisesdb_edb01f06-16cd-453f-8205-670343578138,0,human_moisesdb
human_moisesdb_eede0ef9-66d8-4931-a04f-31fb497d21c1,0,human_moisesdb
human_moisesdb_f272ddd8-9aea-4d65-a1ce-141bd3d65e5e,0,human_moisesdb
human_moisesdb_f315d9cb-6056-489d-9047-5d1ed19c8861,0,human_moisesdb
human_moisesdb_f3a5a76d-8cdb-4035-8c06-b9f5eba7bc4e,0,human_moisesdb
human_moisesdb_f3b02b17-3964-490a-bb92-448392b0b629,0,human_moisesdb
human_moisesdb_f4872c3a-1bd2-4b38-a68a-2e7214a95c2a,0,human_moisesdb
human_moisesdb_f48fbea9-f40a-4ca4-8780-ccb495ff9b5d,0,human_moisesdb
human_moisesdb_f4dc370a-5c61-469e-8b81-6de70b83f45b,0,human_moisesdb
human_moisesdb_f5635296-b1cc-455f-958b-28e6bfa5d85d,0,human_moisesdb
human_moisesdb_f78c74e8-56c0-4c18-9587-c887b22da404,0,human_moisesdb
human_moisesdb_f793c340-823a-40e7-999c-3b067503298a,0,human_moisesdb
human_moisesdb_f7a94943-53b5-46c9-af42-a38db5492886,0,human_moisesdb
human_moisesdb_f926766a-cd53-4c84-baa6-fe888be45d98,0,human_moisesdb
human_moisesdb_f9651a2d-0f4b-4eb5-8fb0-1d6b98e689f2,0,human_moisesdb
human_moisesdb_fa481532-149d-40c0-af8b-4943c34e6bf1,0,human_moisesdb
human_moisesdb_fa94cd0c-c360-456a-90c6-4bc6f6c9200e,0,human_moisesdb
human_moisesdb_fac7cb86-ec9d-4e12-8ac9-0142d75dbe7f,0,human_moisesdb
human_moisesdb_fb280d4e-bdf3-4998-a650-c3abd9c3c10e,0,human_moisesdb
human_moisesdb_fb6c43b0-bb45-483b-a3e3-9f5ec2cdfe88,0,human_moisesdb
human_moisesdb_fb79c4eb-da1c-4ae7-b37d-19a9876c5a2d,0,human_moisesdb
human_moisesdb_fba8a115-6b33-4873-ab3b-eb982f76e230,0,human_moisesdb
human_moisesdb_fbbc0051-ea72-4375-ad3d-5dbd26f0cf94,0,human_moisesdb
human_moisesdb_fc720eb1-a4fd-4794-a67e-acf3f9f5ec6a,0,human_moisesdb
human_moisesdb_fccde049-2f0d-40d7-aaa4-eea8e01e2877,0,human_moisesdb
human_moisesdb_fd1ce3af-f9c8-42c4-aa01-df0a0594aee1,0,human_moisesdb
human_moisesdb_ff8220e1-17d4-42b7-93c4-4555235a1e92,0,human_moisesdb
human_mtt_000094,0,human_magnatagatune
human_mtt_000165,0,human_magnatagatune
human_mtt_000188,0,human_magnatagatune
human_mtt_000290,0,human_magnatagatune
human_mtt_000420,0,human_magnatagatune
human_mtt_000714,0,human_magnatagatune
human_mtt_000813,0,human_magnatagatune
human_mtt_001078,0,human_magnatagatune
human_mtt_001160,0,human_magnatagatune
human_mtt_001264,0,human_magnatagatune
human_mtt_001283,0,human_magnatagatune
human_mtt_001421,0,human_magnatagatune
human_mtt_001515,0,human_magnatagatune
human_mtt_001615,0,human_magnatagatune
human_mtt_001680,0,human_magnatagatune
human_mtt_001794,0,human_magnatagatune
human_mtt_001987,0,human_magnatagatune
human_mtt_001995,0,human_magnatagatune
human_mtt_002179,0,human_magnatagatune
human_mtt_002481,0,human_magnatagatune
human_mtt_002562,0,human_magnatagatune
human_mtt_002580,0,human_magnatagatune
human_mtt_002826,0,human_magnatagatune
human_mtt_002828,0,human_magnatagatune
human_mtt_002878,0,human_magnatagatune
human_mtt_003119,0,human_magnatagatune
human_mtt_003605,0,human_magnatagatune
human_mtt_003926,0,human_magnatagatune
human_mtt_004040,0,human_magnatagatune
human_mtt_004537,0,human_magnatagatune
human_mtt_004666,0,human_magnatagatune
human_mtt_004959,0,human_magnatagatune
human_mtt_005051,0,human_magnatagatune
human_mtt_005121,0,human_magnatagatune
human_mtt_005174,0,human_magnatagatune
human_mtt_005200,0,human_magnatagatune
human_mtt_005202,0,human_magnatagatune
human_mtt_005223,0,human_magnatagatune
human_mtt_005263,0,human_magnatagatune
human_mtt_005273,0,human_magnatagatune
human_mtt_005325,0,human_magnatagatune
human_mtt_005329,0,human_magnatagatune
human_mtt_005461,0,human_magnatagatune
human_mtt_005492,0,human_magnatagatune
human_mtt_005496,0,human_magnatagatune
human_mtt_005678,0,human_magnatagatune
human_mtt_005802,0,human_magnatagatune
human_mtt_005814,0,human_magnatagatune
human_mtt_005991,0,human_magnatagatune
human_mtt_006002,0,human_magnatagatune
human_mtt_006068,0,human_magnatagatune
human_mtt_006170,0,human_magnatagatune
human_mtt_006275,0,human_magnatagatune
human_mtt_006281,0,human_magnatagatune
human_mtt_006369,0,human_magnatagatune
human_mtt_006675,0,human_magnatagatune
human_mtt_006751,0,human_magnatagatune
human_mtt_006817,0,human_magnatagatune
human_mtt_006912,0,human_magnatagatune
human_mtt_007242,0,human_magnatagatune
human_mtt_007466,0,human_magnatagatune
human_mtt_007478,0,human_magnatagatune
human_mtt_007525,0,human_magnatagatune
human_mtt_007809,0,human_magnatagatune
human_mtt_007817,0,human_magnatagatune
human_mtt_007937,0,human_magnatagatune
human_mtt_007987,0,human_magnatagatune
human_mtt_008222,0,human_magnatagatune
human_mtt_008243,0,human_magnatagatune
human_mtt_008675,0,human_magnatagatune
human_mtt_008686,0,human_magnatagatune
human_mtt_008867,0,human_magnatagatune
human_mtt_009071,0,human_magnatagatune
human_mtt_009167,0,human_magnatagatune
human_mtt_009494,0,human_magnatagatune
human_mtt_009689,0,human_magnatagatune
human_mtt_009772,0,human_magnatagatune
human_mtt_009793,0,human_magnatagatune
human_mtt_010038,0,human_magnatagatune
human_mtt_010042,0,human_magnatagatune
human_mtt_010091,0,human_magnatagatune
human_mtt_010142,0,human_magnatagatune
human_mtt_010293,0,human_magnatagatune
human_mtt_010614,0,human_magnatagatune
human_mtt_010652,0,human_magnatagatune
human_mtt_010680,0,human_magnatagatune
human_mtt_010691,0,human_magnatagatune
human_mtt_010720,0,human_magnatagatune
human_mtt_010848,0,human_magnatagatune
human_mtt_011021,0,human_magnatagatune
human_mtt_011032,0,human_magnatagatune
human_mtt_011277,0,human_magnatagatune
human_mtt_011379,0,human_magnatagatune
human_mtt_011482,0,human_magnatagatune
human_mtt_011618,0,human_magnatagatune
human_mtt_011821,0,human_magnatagatune
human_mtt_011954,0,human_magnatagatune
human_mtt_012138,0,human_magnatagatune
human_mtt_012248,0,human_magnatagatune
human_mtt_012332,0,human_magnatagatune
human_mtt_012408,0,human_magnatagatune
human_mtt_012470,0,human_magnatagatune
human_mtt_012496,0,human_magnatagatune
human_mtt_012595,0,human_magnatagatune
human_mtt_012625,0,human_magnatagatune
human_mtt_012945,0,human_magnatagatune
human_mtt_012969,0,human_magnatagatune
human_mtt_013002,0,human_magnatagatune
human_mtt_013051,0,human_magnatagatune
human_mtt_013073,0,human_magnatagatune
human_mtt_013295,0,human_magnatagatune
human_mtt_013308,0,human_magnatagatune
human_mtt_013494,0,human_magnatagatune
human_mtt_013548,0,human_magnatagatune
human_mtt_013855,0,human_magnatagatune
human_mtt_014117,0,human_magnatagatune
human_mtt_014182,0,human_magnatagatune
human_mtt_014316,0,human_magnatagatune
human_mtt_014850,0,human_magnatagatune
human_mtt_014975,0,human_magnatagatune
human_mtt_015023,0,human_magnatagatune
human_mtt_015054,0,human_magnatagatune
human_mtt_015652,0,human_magnatagatune
human_mtt_015752,0,human_magnatagatune
human_mtt_015862,0,human_magnatagatune
human_mtt_016090,0,human_magnatagatune
human_mtt_016189,0,human_magnatagatune
human_mtt_016272,0,human_magnatagatune
human_mtt_016394,0,human_magnatagatune
human_mtt_016557,0,human_magnatagatune
human_mtt_016650,0,human_magnatagatune
human_mtt_016868,0,human_magnatagatune
human_mtt_017152,0,human_magnatagatune
human_mtt_017155,0,human_magnatagatune
human_mtt_017464,0,human_magnatagatune
human_mtt_017549,0,human_magnatagatune
human_mtt_017576,0,human_magnatagatune
human_mtt_017624,0,human_magnatagatune
human_mtt_017656,0,human_magnatagatune
human_mtt_017765,0,human_magnatagatune
human_mtt_017926,0,human_magnatagatune
human_mtt_018017,0,human_magnatagatune
human_mtt_018037,0,human_magnatagatune
human_mtt_018101,0,human_magnatagatune
human_mtt_018125,0,human_magnatagatune
human_mtt_018167,0,human_magnatagatune
human_mtt_018235,0,human_magnatagatune
human_mtt_018362,0,human_magnatagatune
human_mtt_018465,0,human_magnatagatune
human_mtt_018472,0,human_magnatagatune
human_mtt_018483,0,human_magnatagatune
human_mtt_018494,0,human_magnatagatune
human_mtt_018531,0,human_magnatagatune
human_mtt_018697,0,human_magnatagatune
human_mtt_018724,0,human_magnatagatune
human_mtt_018832,0,human_magnatagatune
human_mtt_018863,0,human_magnatagatune
human_mtt_018890,0,human_magnatagatune
human_mtt_018911,0,human_magnatagatune
human_mtt_019136,0,human_magnatagatune
human_mtt_019144,0,human_magnatagatune
human_mtt_019729,0,human_magnatagatune
human_mtt_019832,0,human_magnatagatune
human_mtt_019853,0,human_magnatagatune
human_mtt_020112,0,human_magnatagatune
human_mtt_020207,0,human_magnatagatune
human_mtt_020342,0,human_magnatagatune
human_mtt_020497,0,human_magnatagatune
human_mtt_020527,0,human_magnatagatune
human_mtt_020548,0,human_magnatagatune
human_mtt_020670,0,human_magnatagatune
human_mtt_020864,0,human_magnatagatune
human_mtt_020883,0,human_magnatagatune
human_mtt_020976,0,human_magnatagatune
human_mtt_021159,0,human_magnatagatune
human_mtt_021337,0,human_magnatagatune
human_mtt_021345,0,human_magnatagatune
human_mtt_021403,0,human_magnatagatune
human_mtt_022014,0,human_magnatagatune
human_mtt_022205,0,human_magnatagatune
human_mtt_022460,0,human_magnatagatune
human_mtt_022594,0,human_magnatagatune
human_mtt_022697,0,human_magnatagatune
human_mtt_022729,0,human_magnatagatune
human_mtt_022846,0,human_magnatagatune
human_mtt_022858,0,human_magnatagatune
human_mtt_022977,0,human_magnatagatune
human_mtt_023035,0,human_magnatagatune
human_mtt_023057,0,human_magnatagatune
human_mtt_023137,0,human_magnatagatune
human_mtt_023297,0,human_magnatagatune
human_mtt_023412,0,human_magnatagatune
human_mtt_023504,0,human_magnatagatune
human_mtt_023519,0,human_magnatagatune
human_mtt_023901,0,human_magnatagatune
human_mtt_024029,0,human_magnatagatune
human_mtt_024056,0,human_magnatagatune
human_mtt_024171,0,human_magnatagatune
human_mtt_024289,0,human_magnatagatune
human_mtt_024335,0,human_magnatagatune
human_mtt_024380,0,human_magnatagatune
human_mtt_024537,0,human_magnatagatune
human_mtt_024773,0,human_magnatagatune
human_mtt_024844,0,human_magnatagatune
human_mtt_025072,0,human_magnatagatune
human_mtt_025148,0,human_magnatagatune
human_mtt_025301,0,human_magnatagatune
human_mtt_025302,0,human_magnatagatune
human_mtt_025382,0,human_magnatagatune
human_mtt_025453,0,human_magnatagatune
human_mtt_025464,0,human_magnatagatune
human_mtt_025670,0,human_magnatagatune
human_mtt_025897,0,human_magnatagatune
human_mtt_026050,0,human_magnatagatune
human_mtt_026098,0,human_magnatagatune
human_mtt_026255,0,human_magnatagatune
human_mtt_026279,0,human_magnatagatune
human_mtt_026302,0,human_magnatagatune
human_mtt_026310,0,human_magnatagatune
human_mtt_026338,0,human_magnatagatune
human_mtt_026654,0,human_magnatagatune
human_mtt_026765,0,human_magnatagatune
human_mtt_027101,0,human_magnatagatune
human_mtt_027235,0,human_magnatagatune
human_mtt_027256,0,human_magnatagatune
human_mtt_027301,0,human_magnatagatune
human_mtt_027325,0,human_magnatagatune
human_mtt_027374,0,human_magnatagatune
human_mtt_027476,0,human_magnatagatune
human_mtt_027484,0,human_magnatagatune
human_mtt_027546,0,human_magnatagatune
human_mtt_027674,0,human_magnatagatune
human_mtt_027986,0,human_magnatagatune
human_mtt_028025,0,human_magnatagatune
human_mtt_028266,0,human_magnatagatune
human_mtt_028338,0,human_magnatagatune
human_mtt_028355,0,human_magnatagatune
human_mtt_028377,0,human_magnatagatune
human_mtt_028444,0,human_magnatagatune
human_mtt_028586,0,human_magnatagatune
human_mtt_028852,0,human_magnatagatune
human_mtt_028860,0,human_magnatagatune
human_mtt_029043,0,human_magnatagatune
human_mtt_029242,0,human_magnatagatune
human_mtt_029367,0,human_magnatagatune
human_mtt_029675,0,human_magnatagatune
human_mtt_029864,0,human_magnatagatune
human_mtt_029936,0,human_magnatagatune
human_mtt_029965,0,human_magnatagatune
human_mtt_030035,0,human_magnatagatune
human_mtt_030175,0,human_magnatagatune
human_mtt_030488,0,human_magnatagatune
human_mtt_030548,0,human_magnatagatune
human_mtt_030655,0,human_magnatagatune
human_mtt_030723,0,human_magnatagatune
human_mtt_030821,0,human_magnatagatune
human_mtt_030846,0,human_magnatagatune
human_mtt_030936,0,human_magnatagatune
human_mtt_031083,0,human_magnatagatune
human_mtt_031145,0,human_magnatagatune
human_mtt_031247,0,human_magnatagatune
human_mtt_031289,0,human_magnatagatune
human_mtt_031363,0,human_magnatagatune
human_mtt_031513,0,human_magnatagatune
human_mtt_031721,0,human_magnatagatune
human_mtt_031771,0,human_magnatagatune
human_mtt_031788,0,human_magnatagatune
human_mtt_031819,0,human_magnatagatune
human_mtt_031831,0,human_magnatagatune
human_mtt_031959,0,human_magnatagatune
human_mtt_031998,0,human_magnatagatune
human_mtt_032023,0,human_magnatagatune
human_mtt_032052,0,human_magnatagatune
human_mtt_032202,0,human_magnatagatune
human_mtt_032257,0,human_magnatagatune
human_mtt_032286,0,human_magnatagatune
human_mtt_032395,0,human_magnatagatune
human_mtt_032592,0,human_magnatagatune
human_mtt_032693,0,human_magnatagatune
human_mtt_032777,0,human_magnatagatune
human_mtt_032982,0,human_magnatagatune
human_mtt_033006,0,human_magnatagatune
human_mtt_033008,0,human_magnatagatune
human_mtt_033023,0,human_magnatagatune
human_mtt_033070,0,human_magnatagatune
human_mtt_033134,0,human_magnatagatune
human_mtt_033203,0,human_magnatagatune
human_mtt_033324,0,human_magnatagatune
human_mtt_033408,0,human_magnatagatune
human_mtt_033490,0,human_magnatagatune
human_mtt_033739,0,human_magnatagatune
human_mtt_033872,0,human_magnatagatune
human_mtt_033893,0,human_magnatagatune
human_mtt_034094,0,human_magnatagatune
human_mtt_034169,0,human_magnatagatune
human_mtt_034231,0,human_magnatagatune
human_mtt_034264,0,human_magnatagatune
human_mtt_034419,0,human_magnatagatune
human_mtt_034470,0,human_magnatagatune
human_mtt_034767,0,human_magnatagatune
human_mtt_034905,0,human_magnatagatune
human_mtt_034945,0,human_magnatagatune
human_mtt_034972,0,human_magnatagatune
human_mtt_035275,0,human_magnatagatune
human_mtt_035557,0,human_magnatagatune
human_mtt_035698,0,human_magnatagatune
human_mtt_035833,0,human_magnatagatune
human_mtt_035869,0,human_magnatagatune
human_mtt_036125,0,human_magnatagatune
human_mtt_036148,0,human_magnatagatune
human_mtt_036326,0,human_magnatagatune
human_mtt_036435,0,human_magnatagatune
human_mtt_036467,0,human_magnatagatune
human_mtt_036480,0,human_magnatagatune
human_mtt_036913,0,human_magnatagatune
human_mtt_037111,0,human_magnatagatune
human_mtt_037269,0,human_magnatagatune
human_mtt_037278,0,human_magnatagatune
human_mtt_037318,0,human_magnatagatune
human_mtt_037356,0,human_magnatagatune
human_mtt_037379,0,human_magnatagatune
human_mtt_037404,0,human_magnatagatune
human_mtt_037527,0,human_magnatagatune
human_mtt_037596,0,human_magnatagatune
human_mtt_037795,0,human_magnatagatune
human_mtt_037833,0,human_magnatagatune
human_mtt_037858,0,human_magnatagatune
human_mtt_037867,0,human_magnatagatune
human_mtt_038189,0,human_magnatagatune
human_mtt_038227,0,human_magnatagatune
human_mtt_038317,0,human_magnatagatune
human_mtt_038457,0,human_magnatagatune
human_mtt_038645,0,human_magnatagatune
human_mtt_038797,0,human_magnatagatune
human_mtt_038863,0,human_magnatagatune
human_mtt_038883,0,human_magnatagatune
human_mtt_038954,0,human_magnatagatune
human_mtt_038985,0,human_magnatagatune
human_mtt_039162,0,human_magnatagatune
human_mtt_039194,0,human_magnatagatune
human_mtt_039550,0,human_magnatagatune
human_mtt_039562,0,human_magnatagatune
human_mtt_039570,0,human_magnatagatune
human_mtt_039590,0,human_magnatagatune
human_mtt_039694,0,human_magnatagatune
human_mtt_039729,0,human_magnatagatune
human_mtt_039971,0,human_magnatagatune
human_mtt_040075,0,human_magnatagatune
human_mtt_040130,0,human_magnatagatune
human_mtt_040173,0,human_magnatagatune
human_mtt_040222,0,human_magnatagatune
human_mtt_040237,0,human_magnatagatune
human_mtt_040281,0,human_magnatagatune
human_mtt_040313,0,human_magnatagatune
human_mtt_040333,0,human_magnatagatune
human_mtt_040373,0,human_magnatagatune
human_mtt_040433,0,human_magnatagatune
human_mtt_040524,0,human_magnatagatune
human_mtt_040666,0,human_magnatagatune
human_mtt_040852,0,human_magnatagatune
human_mtt_040894,0,human_magnatagatune
human_mtt_041059,0,human_magnatagatune
human_mtt_041244,0,human_magnatagatune
human_mtt_041308,0,human_magnatagatune
human_mtt_041335,0,human_magnatagatune
human_mtt_041353,0,human_magnatagatune
human_mtt_041427,0,human_magnatagatune
human_mtt_041569,0,human_magnatagatune
human_mtt_041616,0,human_magnatagatune
human_mtt_041655,0,human_magnatagatune
human_mtt_041897,0,human_magnatagatune
human_mtt_042030,0,human_magnatagatune
human_mtt_042036,0,human_magnatagatune
human_mtt_042051,0,human_magnatagatune
human_mtt_042100,0,human_magnatagatune
human_mtt_042182,0,human_magnatagatune
human_mtt_042375,0,human_magnatagatune
human_mtt_042563,0,human_magnatagatune
human_mtt_042699,0,human_magnatagatune
human_mtt_042958,0,human_magnatagatune
human_mtt_043145,0,human_magnatagatune
human_mtt_043185,0,human_magnatagatune
human_mtt_043275,0,human_magnatagatune
human_mtt_043405,0,human_magnatagatune
human_mtt_043428,0,human_magnatagatune
human_mtt_043523,0,human_magnatagatune
human_mtt_043703,0,human_magnatagatune
human_mtt_043795,0,human_magnatagatune
human_mtt_043816,0,human_magnatagatune
human_mtt_043829,0,human_magnatagatune
human_mtt_043926,0,human_magnatagatune
human_mtt_044068,0,human_magnatagatune
human_mtt_044160,0,human_magnatagatune
human_mtt_044427,0,human_magnatagatune
human_mtt_044519,0,human_magnatagatune
human_mtt_044569,0,human_magnatagatune
human_mtt_044763,0,human_magnatagatune
human_mtt_045106,0,human_magnatagatune
human_mtt_045341,0,human_magnatagatune
human_mtt_045580,0,human_magnatagatune
human_mtt_045690,0,human_magnatagatune
human_mtt_046019,0,human_magnatagatune
human_mtt_046075,0,human_magnatagatune
human_mtt_046311,0,human_magnatagatune
human_mtt_046505,0,human_magnatagatune
human_mtt_046545,0,human_magnatagatune
human_mtt_046656,0,human_magnatagatune
human_mtt_046665,0,human_magnatagatune
human_mtt_046803,0,human_magnatagatune
human_mtt_046874,0,human_magnatagatune
human_mtt_046890,0,human_magnatagatune
human_mtt_047265,0,human_magnatagatune
human_mtt_047500,0,human_magnatagatune
human_mtt_047506,0,human_magnatagatune
human_mtt_047550,0,human_magnatagatune
human_mtt_047589,0,human_magnatagatune
human_mtt_047651,0,human_magnatagatune
human_mtt_047662,0,human_magnatagatune
human_mtt_047666,0,human_magnatagatune
human_mtt_047735,0,human_magnatagatune
human_mtt_047858,0,human_magnatagatune
human_mtt_048049,0,human_magnatagatune
human_mtt_048181,0,human_magnatagatune
human_mtt_048325,0,human_magnatagatune
human_mtt_048332,0,human_magnatagatune
human_mtt_048349,0,human_magnatagatune
human_mtt_048491,0,human_magnatagatune
human_mtt_048512,0,human_magnatagatune
human_mtt_048546,0,human_magnatagatune
human_mtt_048566,0,human_magnatagatune
human_mtt_048630,0,human_magnatagatune
human_mtt_048692,0,human_magnatagatune
human_mtt_048744,0,human_magnatagatune
human_mtt_048994,0,human_magnatagatune
human_mtt_049080,0,human_magnatagatune
human_mtt_049193,0,human_magnatagatune
human_mtt_049285,0,human_magnatagatune
human_mtt_049340,0,human_magnatagatune
human_mtt_049469,0,human_magnatagatune
human_mtt_049954,0,human_magnatagatune
human_mtt_049984,0,human_magnatagatune
human_mtt_050237,0,human_magnatagatune
human_mtt_050243,0,human_magnatagatune
human_mtt_050258,0,human_magnatagatune
human_mtt_050293,0,human_magnatagatune
human_mtt_050306,0,human_magnatagatune
human_mtt_050346,0,human_magnatagatune
human_mtt_050592,0,human_magnatagatune
human_mtt_050752,0,human_magnatagatune
human_mtt_050801,0,human_magnatagatune
human_mtt_051052,0,human_magnatagatune
human_mtt_051068,0,human_magnatagatune
human_mtt_051165,0,human_magnatagatune
human_mtt_051216,0,human_magnatagatune
human_mtt_051364,0,human_magnatagatune
human_mtt_051457,0,human_magnatagatune
human_mtt_051625,0,human_magnatagatune
human_mtt_051666,0,human_magnatagatune
human_mtt_051741,0,human_magnatagatune
human_mtt_051897,0,human_magnatagatune
human_mtt_051994,0,human_magnatagatune
human_mtt_052022,0,human_magnatagatune
human_mtt_052087,0,human_magnatagatune
human_mtt_052316,0,human_magnatagatune
human_mtt_052361,0,human_magnatagatune
human_mtt_052459,0,human_magnatagatune
human_mtt_052630,0,human_magnatagatune
human_mtt_052983,0,human_magnatagatune
human_mtt_053056,0,human_magnatagatune
human_mtt_053101,0,human_magnatagatune
human_mtt_053175,0,human_magnatagatune
human_mtt_053531,0,human_magnatagatune
human_mtt_054180,0,human_magnatagatune
human_mtt_054329,0,human_magnatagatune
human_mtt_054505,0,human_magnatagatune
human_mtt_054672,0,human_magnatagatune
human_mtt_054705,0,human_magnatagatune
human_mtt_054992,0,human_magnatagatune
human_mtt_055026,0,human_magnatagatune
human_mtt_055070,0,human_magnatagatune
human_mtt_055269,0,human_magnatagatune
human_mtt_055272,0,human_magnatagatune
human_mtt_055281,0,human_magnatagatune
human_mtt_055366,0,human_magnatagatune
human_mtt_055504,0,human_magnatagatune
human_mtt_055591,0,human_magnatagatune
human_mtt_056066,0,human_magnatagatune
human_mtt_056079,0,human_magnatagatune
human_mtt_056698,0,human_magnatagatune
human_mtt_056802,0,human_magnatagatune
human_mtt_056815,0,human_magnatagatune
human_mtt_056887,0,human_magnatagatune
human_mtt_056989,0,human_magnatagatune
human_mtt_057139,0,human_magnatagatune
human_mtt_057531,0,human_magnatagatune
human_mtt_057987,0,human_magnatagatune
human_mtt_058063,0,human_magnatagatune
human_mtt_058744,0,human_magnatagatune
human_mtt_058801,0,human_magnatagatune
human_mtt_058870,0,human_magnatagatune
human_musicnet_1727,0,human_musicnet
human_musicnet_1728,0,human_musicnet
human_musicnet_1729,0,human_musicnet
human_musicnet_1730,0,human_musicnet
human_musicnet_1733,0,human_musicnet
human_musicnet_1734,0,human_musicnet
human_musicnet_1735,0,human_musicnet
human_musicnet_1739,0,human_musicnet
human_musicnet_1742,0,human_musicnet
human_musicnet_1749,0,human_musicnet
human_musicnet_1750,0,human_musicnet
human_musicnet_1751,0,human_musicnet
human_musicnet_1752,0,human_musicnet
human_musicnet_1755,0,human_musicnet
human_musicnet_1756,0,human_musicnet
human_musicnet_1757,0,human_musicnet
human_musicnet_1758,0,human_musicnet
human_musicnet_1759,0,human_musicnet
human_musicnet_1760,0,human_musicnet
human_musicnet_1763,0,human_musicnet
human_musicnet_1764,0,human_musicnet
human_musicnet_1765,0,human_musicnet
human_musicnet_1766,0,human_musicnet
human_musicnet_1768,0,human_musicnet
human_musicnet_1771,0,human_musicnet
human_musicnet_1772,0,human_musicnet
human_musicnet_1773,0,human_musicnet
human_musicnet_1775,0,human_musicnet
human_musicnet_1776,0,human_musicnet
human_musicnet_1777,0,human_musicnet
human_musicnet_1788,0,human_musicnet
human_musicnet_1789,0,human_musicnet
human_musicnet_1790,0,human_musicnet
human_musicnet_1791,0,human_musicnet
human_musicnet_1792,0,human_musicnet
human_musicnet_1793,0,human_musicnet
human_musicnet_1805,0,human_musicnet
human_musicnet_1807,0,human_musicnet
human_musicnet_1811,0,human_musicnet
human_musicnet_1812,0,human_musicnet
human_musicnet_1813,0,human_musicnet
human_musicnet_1817,0,human_musicnet
human_musicnet_1818,0,human_musicnet
human_musicnet_1819,0,human_musicnet
human_musicnet_1822,0,human_musicnet
human_musicnet_1824,0,human_musicnet
human_musicnet_1828,0,human_musicnet
human_musicnet_1829,0,human_musicnet
human_musicnet_1835,0,human_musicnet
human_musicnet_1859,0,human_musicnet
human_musicnet_1872,0,human_musicnet
human_musicnet_1873,0,human_musicnet
human_musicnet_1876,0,human_musicnet
human_musicnet_1893,0,human_musicnet
human_musicnet_1916,0,human_musicnet
human_musicnet_1918,0,human_musicnet
human_musicnet_1919,0,human_musicnet
human_musicnet_1922,0,human_musicnet
human_musicnet_1923,0,human_musicnet
human_musicnet_1931,0,human_musicnet
human_musicnet_1932,0,human_musicnet
human_musicnet_1933,0,human_musicnet
human_musicnet_2075,0,human_musicnet
human_musicnet_2076,0,human_musicnet
human_musicnet_2077,0,human_musicnet
human_musicnet_2078,0,human_musicnet
human_musicnet_2079,0,human_musicnet
human_musicnet_2080,0,human_musicnet
human_musicnet_2081,0,human_musicnet
human_musicnet_2082,0,human_musicnet
human_musicnet_2083,0,human_musicnet
human_musicnet_2104,0,human_musicnet
human_musicnet_2105,0,human_musicnet
human_musicnet_2106,0,human_musicnet
human_musicnet_2112,0,human_musicnet
human_musicnet_2113,0,human_musicnet
human_musicnet_2114,0,human_musicnet
human_musicnet_2116,0,human_musicnet
human_musicnet_2117,0,human_musicnet
human_musicnet_2118,0,human_musicnet
human_musicnet_2119,0,human_musicnet
human_musicnet_2127,0,human_musicnet
human_musicnet_2131,0,human_musicnet
human_musicnet_2138,0,human_musicnet
human_musicnet_2140,0,human_musicnet
human_musicnet_2147,0,human_musicnet
human_musicnet_2148,0,human_musicnet
human_musicnet_2149,0,human_musicnet
human_musicnet_2150,0,human_musicnet
human_musicnet_2151,0,human_musicnet
human_musicnet_2154,0,human_musicnet
human_musicnet_2155,0,human_musicnet
human_musicnet_2156,0,human_musicnet
human_musicnet_2157,0,human_musicnet
human_musicnet_2158,0,human_musicnet
human_musicnet_2159,0,human_musicnet
human_musicnet_2160,0,human_musicnet
human_musicnet_2161,0,human_musicnet
human_musicnet_2166,0,human_musicnet
human_musicnet_2167,0,human_musicnet
human_musicnet_2168,0,human_musicnet
human_musicnet_2169,0,human_musicnet
human_musicnet_2177,0,human_musicnet
human_musicnet_2178,0,human_musicnet
human_musicnet_2179,0,human_musicnet
human_musicnet_2180,0,human_musicnet
human_musicnet_2186,0,human_musicnet
human_musicnet_2191,0,human_musicnet
human_musicnet_2194,0,human_musicnet
human_musicnet_2195,0,human_musicnet
human_musicnet_2196,0,human_musicnet
human_musicnet_2198,0,human_musicnet
human_musicnet_2200,0,human_musicnet
human_musicnet_2201,0,human_musicnet
human_musicnet_2202,0,human_musicnet
human_musicnet_2203,0,human_musicnet
human_musicnet_2204,0,human_musicnet
human_musicnet_2207,0,human_musicnet
human_musicnet_2208,0,human_musicnet
human_musicnet_2209,0,human_musicnet
human_musicnet_2210,0,human_musicnet
human_musicnet_2211,0,human_musicnet
human_musicnet_2212,0,human_musicnet
human_musicnet_2213,0,human_musicnet
human_musicnet_2214,0,human_musicnet
human_musicnet_2215,0,human_musicnet
human_musicnet_2217,0,human_musicnet
human_musicnet_2218,0,human_musicnet
human_musicnet_2219,0,human_musicnet
human_musicnet_2220,0,human_musicnet
human_musicnet_2221,0,human_musicnet
human_musicnet_2222,0,human_musicnet
human_musicnet_2224,0,human_musicnet
human_musicnet_2225,0,human_musicnet
human_musicnet_2227,0,human_musicnet
human_musicnet_2228,0,human_musicnet
human_musicnet_2229,0,human_musicnet
human_musicnet_2230,0,human_musicnet
human_musicnet_2231,0,human_musicnet
human_musicnet_2232,0,human_musicnet
human_musicnet_2234,0,human_musicnet
human_musicnet_2237,0,human_musicnet
human_musicnet_2238,0,human_musicnet
human_musicnet_2239,0,human_musicnet
human_musicnet_2240,0,human_musicnet
human_musicnet_2241,0,human_musicnet
human_musicnet_2242,0,human_musicnet
human_musicnet_2243,0,human_musicnet
human_musicnet_2244,0,human_musicnet
human_musicnet_2247,0,human_musicnet
human_musicnet_2248,0,human_musicnet
human_musicnet_2282,0,human_musicnet
human_musicnet_2283,0,human_musicnet
human_musicnet_2284,0,human_musicnet
human_musicnet_2285,0,human_musicnet
human_musicnet_2288,0,human_musicnet
human_musicnet_2289,0,human_musicnet
human_musicnet_2292,0,human_musicnet
human_musicnet_2293,0,human_musicnet
human_musicnet_2294,0,human_musicnet
human_musicnet_2295,0,human_musicnet
human_musicnet_2296,0,human_musicnet
human_musicnet_2297,0,human_musicnet
human_musicnet_2298,0,human_musicnet
human_musicnet_2300,0,human_musicnet
human_musicnet_2302,0,human_musicnet
human_musicnet_2303,0,human_musicnet
human_musicnet_2304,0,human_musicnet
human_musicnet_2305,0,human_musicnet
human_musicnet_2307,0,human_musicnet
human_musicnet_2308,0,human_musicnet
human_musicnet_2310,0,human_musicnet
human_musicnet_2313,0,human_musicnet
human_musicnet_2314,0,human_musicnet
human_musicnet_2315,0,human_musicnet
human_musicnet_2318,0,human_musicnet
human_musicnet_2319,0,human_musicnet
human_musicnet_2320,0,human_musicnet
human_musicnet_2322,0,human_musicnet
human_musicnet_2325,0,human_musicnet
human_musicnet_2330,0,human_musicnet
human_musicnet_2334,0,human_musicnet
human_musicnet_2335,0,human_musicnet
human_musicnet_2336,0,human_musicnet
human_musicnet_2341,0,human_musicnet
human_musicnet_2342,0,human_musicnet
human_musicnet_2343,0,human_musicnet
human_musicnet_2345,0,human_musicnet
human_musicnet_2346,0,human_musicnet
human_musicnet_2348,0,human_musicnet
human_musicnet_2350,0,human_musicnet
human_musicnet_2357,0,human_musicnet
human_musicnet_2358,0,human_musicnet
human_musicnet_2359,0,human_musicnet
human_musicnet_2364,0,human_musicnet
human_musicnet_2365,0,human_musicnet
human_musicnet_2366,0,human_musicnet
human_musicnet_2368,0,human_musicnet
human_musicnet_2371,0,human_musicnet
human_musicnet_2372,0,human_musicnet
human_musicnet_2373,0,human_musicnet
human_musicnet_2374,0,human_musicnet
human_musicnet_2376,0,human_musicnet
human_musicnet_2377,0,human_musicnet
human_musicnet_2379,0,human_musicnet
human_musicnet_2381,0,human_musicnet
human_musicnet_2382,0,human_musicnet
human_musicnet_2383,0,human_musicnet
human_musicnet_2384,0,human_musicnet
human_musicnet_2388,0,human_musicnet
human_musicnet_2389,0,human_musicnet
human_musicnet_2390,0,human_musicnet
human_musicnet_2391,0,human_musicnet
human_musicnet_2392,0,human_musicnet
human_musicnet_2393,0,human_musicnet
human_musicnet_2397,0,human_musicnet
human_musicnet_2398,0,human_musicnet
human_musicnet_2403,0,human_musicnet
human_musicnet_2404,0,human_musicnet
human_musicnet_2405,0,human_musicnet
human_musicnet_2406,0,human_musicnet
human_musicnet_2410,0,human_musicnet
human_musicnet_2411,0,human_musicnet
human_musicnet_2415,0,human_musicnet
human_musicnet_2416,0,human_musicnet
human_musicnet_2417,0,human_musicnet
human_musicnet_2420,0,human_musicnet
human_musicnet_2422,0,human_musicnet
human_musicnet_2423,0,human_musicnet
human_musicnet_2424,0,human_musicnet
human_musicnet_2431,0,human_musicnet
human_musicnet_2432,0,human_musicnet
human_musicnet_2433,0,human_musicnet
human_musicnet_2436,0,human_musicnet
human_musicnet_2441,0,human_musicnet
human_musicnet_2442,0,human_musicnet
human_musicnet_2443,0,human_musicnet
human_musicnet_2444,0,human_musicnet
human_musicnet_2451,0,human_musicnet
human_musicnet_2462,0,human_musicnet
human_musicnet_2463,0,human_musicnet
human_musicnet_2466,0,human_musicnet
human_musicnet_2471,0,human_musicnet
human_musicnet_2472,0,human_musicnet
human_musicnet_2473,0,human_musicnet
human_musicnet_2476,0,human_musicnet
human_musicnet_2477,0,human_musicnet
human_musicnet_2478,0,human_musicnet
human_musicnet_2480,0,human_musicnet
human_musicnet_2481,0,human_musicnet
human_musicnet_2482,0,human_musicnet
human_musicnet_2483,0,human_musicnet
human_musicnet_2486,0,human_musicnet
human_musicnet_2487,0,human_musicnet
human_musicnet_2488,0,human_musicnet
human_musicnet_2490,0,human_musicnet
human_musicnet_2491,0,human_musicnet
human_musicnet_2492,0,human_musicnet
human_musicnet_2494,0,human_musicnet
human_musicnet_2497,0,human_musicnet
human_musicnet_2501,0,human_musicnet
human_musicnet_2502,0,human_musicnet
human_musicnet_2504,0,human_musicnet
human_musicnet_2505,0,human_musicnet
human_musicnet_2506,0,human_musicnet
human_musicnet_2507,0,human_musicnet
human_musicnet_2509,0,human_musicnet
human_musicnet_2510,0,human_musicnet
human_musicnet_2512,0,human_musicnet
human_musicnet_2514,0,human_musicnet
human_musicnet_2516,0,human_musicnet
human_musicnet_2521,0,human_musicnet
human_musicnet_2522,0,human_musicnet
human_musicnet_2523,0,human_musicnet
human_musicnet_2527,0,human_musicnet
human_musicnet_2528,0,human_musicnet
human_musicnet_2529,0,human_musicnet
human_musicnet_2530,0,human_musicnet
human_musicnet_2531,0,human_musicnet
human_musicnet_2532,0,human_musicnet
human_musicnet_2533,0,human_musicnet
human_musicnet_2537,0,human_musicnet
human_musicnet_2538,0,human_musicnet
human_musicnet_2540,0,human_musicnet
human_musicnet_2542,0,human_musicnet
human_musicnet_2550,0,human_musicnet
human_musicnet_2555,0,human_musicnet
human_musicnet_2556,0,human_musicnet
human_musicnet_2557,0,human_musicnet
human_musicnet_2560,0,human_musicnet
human_musicnet_2562,0,human_musicnet
human_musicnet_2564,0,human_musicnet
human_musicnet_2566,0,human_musicnet
human_musicnet_2567,0,human_musicnet
human_musicnet_2568,0,human_musicnet
human_musicnet_2570,0,human_musicnet
human_musicnet_2571,0,human_musicnet
human_musicnet_2572,0,human_musicnet
human_musicnet_2573,0,human_musicnet
human_musicnet_2575,0,human_musicnet
human_musicnet_2576,0,human_musicnet
human_musicnet_2581,0,human_musicnet
human_musicnet_2582,0,human_musicnet
human_musicnet_2586,0,human_musicnet
human_musicnet_2588,0,human_musicnet
human_musicnet_2590,0,human_musicnet
human_musicnet_2591,0,human_musicnet
human_musicnet_2593,0,human_musicnet
human_musicnet_2594,0,human_musicnet
human_musicnet_2595,0,human_musicnet
human_musicnet_2596,0,human_musicnet
human_musicnet_2603,0,human_musicnet
human_musicnet_2607,0,human_musicnet
human_musicnet_2608,0,human_musicnet
human_musicnet_2611,0,human_musicnet
human_musicnet_2614,0,human_musicnet
human_musicnet_2618,0,human_musicnet
human_musicnet_2619,0,human_musicnet
human_musicnet_2620,0,human_musicnet
human_musicnet_2621,0,human_musicnet
human_musicnet_2622,0,human_musicnet
human_musicnet_2626,0,human_musicnet
human_musicnet_2627,0,human_musicnet
human_musicnet_2628,0,human_musicnet
human_musicnet_2629,0,human_musicnet
human_musicnet_2632,0,human_musicnet
human_musicnet_2633,0,human_musicnet
human_musicnet_2659,0,human_musicnet
human_musicnet_2677,0,human_musicnet
human_musicnet_2678,0,human_musicnet
human_urmp_01_Jupiter_vn_vc,0,human_urmp
human_urmp_02_Sonata_vn_vn,0,human_urmp
human_urmp_03_Dance_fl_cl,0,human_urmp
human_urmp_04_Allegro_fl_fl,0,human_urmp
human_urmp_05_Entertainer_tpt_tpt,0,human_urmp
human_urmp_06_Entertainer_sax_sax,0,human_urmp
human_urmp_07_GString_tpt_tbn,0,human_urmp
human_urmp_08_Spring_fl_vn,0,human_urmp
human_urmp_09_Jesus_tpt_vn,0,human_urmp
human_urmp_10_March_tpt_sax,0,human_urmp
human_urmp_11_Maria_ob_vc,0,human_urmp
human_urmp_12_Spring_vn_vn_vc,0,human_urmp
human_urmp_13_Hark_vn_vn_va,0,human_urmp
human_urmp_14_Waltz_fl_fl_cl,0,human_urmp
human_urmp_15_Surprise_tpt_tpt_tbn,0,human_urmp
human_urmp_16_Surprise_tpt_tpt_sax,0,human_urmp
human_urmp_17_Nocturne_vn_fl_cl,0,human_urmp
human_urmp_18_Nocturne_vn_fl_tpt,0,human_urmp
human_urmp_19_Pavane_cl_vn_vc,0,human_urmp
human_urmp_20_Pavane_tpt_vn_vc,0,human_urmp
human_urmp_21_Rejouissance_cl_tbn_tba,0,human_urmp
human_urmp_22_Rejouissance_sax_tbn_tba,0,human_urmp
human_urmp_23_Rejouissance_cl_sax_tba,0,human_urmp
human_urmp_24_Pirates_vn_vn_va_vc,0,human_urmp
human_urmp_25_Pirates_vn_vn_va_sax,0,human_urmp
human_urmp_26_King_vn_vn_va_vc,0,human_urmp
human_urmp_27_King_vn_vn_va_sax,0,human_urmp
human_urmp_28_Fugue_fl_ob_cl_bn,0,human_urmp
human_urmp_29_Fugue_fl_fl_ob_cl,0,human_urmp
human_urmp_30_Fugue_fl_fl_ob_sax,0,human_urmp
human_urmp_31_Slavonic_tpt_tpt_hn_tbn,0,human_urmp
human_urmp_32_Fugue_vn_vn_va_vc,0,human_urmp
human_urmp_33_Elise_tpt_tpt_hn_tbn,0,human_urmp
human_urmp_34_Fugue_tpt_tpt_hn_tbn,0,human_urmp
human_urmp_35_Rondeau_vn_vn_va_db,0,human_urmp
human_urmp_36_Rondeau_vn_vn_va_vc,0,human_urmp
human_urmp_37_Rondeau_fl_vn_va_cl,0,human_urmp
human_urmp_38_Jerusalem_vn_vn_va_vc_db,0,human_urmp
human_urmp_39_Jerusalem_vn_vn_va_sax_db,0,human_urmp
human_urmp_40_Miserere_fl_fl_ob_cl_bn,0,human_urmp
human_urmp_41_Miserere_fl_fl_ob_sax_bn,0,human_urmp
human_urmp_42_Arioso_tpt_tpt_hn_tbn_tba,0,human_urmp
human_urmp_43_Chorale_tpt_tpt_hn_tbn_tba,0,human_urmp
human_urmp_44_K515_vn_vn_va_va_vc,0,human_urmp
music8k_mureka_v9_100048,1,Mureka_v9
music8k_mureka_v9_100068,1,Mureka_v9
music8k_mureka_v9_100407,1,Mureka_v9
music8k_mureka_v9_101184,1,Mureka_v9
music8k_mureka_v9_101238,1,Mureka_v9
music8k_mureka_v9_101250,1,Mureka_v9
music8k_mureka_v9_101374,1,Mureka_v9
music8k_mureka_v9_101411,1,Mureka_v9
music8k_mureka_v9_101491,1,Mureka_v9
music8k_mureka_v9_101722,1,Mureka_v9
music8k_mureka_v9_102551,1,Mureka_v9
music8k_mureka_v9_102577,1,Mureka_v9
music8k_mureka_v9_102735,1,Mureka_v9
music8k_mureka_v9_102759,1,Mureka_v9
music8k_mureka_v9_102862,1,Mureka_v9
music8k_mureka_v9_102984,1,Mureka_v9
music8k_mureka_v9_103048,1,Mureka_v9
music8k_mureka_v9_103434,1,Mureka_v9
music8k_mureka_v9_103751,1,Mureka_v9
music8k_mureka_v9_103764,1,Mureka_v9
music8k_mureka_v9_103845,1,Mureka_v9
music8k_mureka_v9_104185,1,Mureka_v9
music8k_mureka_v9_104246,1,Mureka_v9
music8k_mureka_v9_104726,1,Mureka_v9
music8k_mureka_v9_105001,1,Mureka_v9
music8k_mureka_v9_105083,1,Mureka_v9
music8k_mureka_v9_105400,1,Mureka_v9
music8k_mureka_v9_105865,1,Mureka_v9
music8k_mureka_v9_106036,1,Mureka_v9
music8k_mureka_v9_106110,1,Mureka_v9
music8k_mureka_v9_106111,1,Mureka_v9
music8k_mureka_v9_106215,1,Mureka_v9
music8k_mureka_v9_106480,1,Mureka_v9
music8k_mureka_v9_106747,1,Mureka_v9
music8k_mureka_v9_107131,1,Mureka_v9
music8k_mureka_v9_107226,1,Mureka_v9
music8k_mureka_v9_10725,1,Mureka_v9
music8k_mureka_v9_107515,1,Mureka_v9
music8k_mureka_v9_107619,1,Mureka_v9
music8k_mureka_v9_107705,1,Mureka_v9
music8k_mureka_v9_108169,1,Mureka_v9
music8k_mureka_v9_108275,1,Mureka_v9
music8k_mureka_v9_108392,1,Mureka_v9
music8k_mureka_v9_108429,1,Mureka_v9
music8k_mureka_v9_108491,1,Mureka_v9
music8k_mureka_v9_108550,1,Mureka_v9
music8k_mureka_v9_108561,1,Mureka_v9
music8k_mureka_v9_109209,1,Mureka_v9
music8k_mureka_v9_109486,1,Mureka_v9
music8k_mureka_v9_109646,1,Mureka_v9
music8k_mureka_v9_109975,1,Mureka_v9
music8k_mureka_v9_110094,1,Mureka_v9
music8k_mureka_v9_110206,1,Mureka_v9
music8k_mureka_v9_110432,1,Mureka_v9
music8k_mureka_v9_110449,1,Mureka_v9
music8k_mureka_v9_110451,1,Mureka_v9
music8k_mureka_v9_110487,1,Mureka_v9
music8k_mureka_v9_110491,1,Mureka_v9
music8k_mureka_v9_110847,1,Mureka_v9
music8k_mureka_v9_110852,1,Mureka_v9
music8k_mureka_v9_110864,1,Mureka_v9
music8k_mureka_v9_111332,1,Mureka_v9
music8k_mureka_v9_111714,1,Mureka_v9
music8k_mureka_v9_112277,1,Mureka_v9
music8k_mureka_v9_112454,1,Mureka_v9
music8k_mureka_v9_112754,1,Mureka_v9
music8k_mureka_v9_112963,1,Mureka_v9
music8k_mureka_v9_113006,1,Mureka_v9
music8k_mureka_v9_113111,1,Mureka_v9
music8k_mureka_v9_113270,1,Mureka_v9
music8k_mureka_v9_113469,1,Mureka_v9
music8k_mureka_v9_113549,1,Mureka_v9
music8k_mureka_v9_113734,1,Mureka_v9
music8k_mureka_v9_114153,1,Mureka_v9
music8k_mureka_v9_114374,1,Mureka_v9
music8k_mureka_v9_114764,1,Mureka_v9
music8k_mureka_v9_114773,1,Mureka_v9
music8k_mureka_v9_114858,1,Mureka_v9
music8k_mureka_v9_114909,1,Mureka_v9
music8k_mureka_v9_115295,1,Mureka_v9
music8k_mureka_v9_115421,1,Mureka_v9
music8k_mureka_v9_115513,1,Mureka_v9
music8k_mureka_v9_115688,1,Mureka_v9
music8k_mureka_v9_115822,1,Mureka_v9
music8k_mureka_v9_116063,1,Mureka_v9
music8k_mureka_v9_116109,1,Mureka_v9
music8k_mureka_v9_116295,1,Mureka_v9
music8k_mureka_v9_116399,1,Mureka_v9
music8k_mureka_v9_116402,1,Mureka_v9
music8k_mureka_v9_116505,1,Mureka_v9
music8k_mureka_v9_116733,1,Mureka_v9
music8k_mureka_v9_117382,1,Mureka_v9
music8k_mureka_v9_117534,1,Mureka_v9
music8k_mureka_v9_117719,1,Mureka_v9
music8k_mureka_v9_117749,1,Mureka_v9
music8k_mureka_v9_117763,1,Mureka_v9
music8k_mureka_v9_118011,1,Mureka_v9
music8k_mureka_v9_118555,1,Mureka_v9
music8k_mureka_v9_118696,1,Mureka_v9
music8k_mureka_v9_1187,1,Mureka_v9
music8k_mureka_v9_118904,1,Mureka_v9
music8k_mureka_v9_118907,1,Mureka_v9
music8k_mureka_v9_119151,1,Mureka_v9
music8k_mureka_v9_119173,1,Mureka_v9
music8k_mureka_v9_119576,1,Mureka_v9
music8k_mureka_v9_119582,1,Mureka_v9
music8k_mureka_v9_1198,1,Mureka_v9
music8k_mureka_v9_120185,1,Mureka_v9
music8k_mureka_v9_120431,1,Mureka_v9
music8k_mureka_v9_120565,1,Mureka_v9
music8k_mureka_v9_120584,1,Mureka_v9
music8k_mureka_v9_121014,1,Mureka_v9
music8k_mureka_v9_121361,1,Mureka_v9
music8k_mureka_v9_121987,1,Mureka_v9
music8k_mureka_v9_122677,1,Mureka_v9
music8k_mureka_v9_122883,1,Mureka_v9
music8k_mureka_v9_123029,1,Mureka_v9
music8k_mureka_v9_123165,1,Mureka_v9
music8k_mureka_v9_123424,1,Mureka_v9
music8k_mureka_v9_123429,1,Mureka_v9
music8k_mureka_v9_123439,1,Mureka_v9
music8k_mureka_v9_123619,1,Mureka_v9
music8k_mureka_v9_124029,1,Mureka_v9
music8k_mureka_v9_124053,1,Mureka_v9
music8k_mureka_v9_124434,1,Mureka_v9
music8k_mureka_v9_125553,1,Mureka_v9
music8k_mureka_v9_125684,1,Mureka_v9
music8k_mureka_v9_125879,1,Mureka_v9
music8k_mureka_v9_126583,1,Mureka_v9
music8k_mureka_v9_127845,1,Mureka_v9
music8k_mureka_v9_128112,1,Mureka_v9
music8k_mureka_v9_128147,1,Mureka_v9
music8k_mureka_v9_1282,1,Mureka_v9
music8k_mureka_v9_128293,1,Mureka_v9
music8k_mureka_v9_128400,1,Mureka_v9
music8k_mureka_v9_128471,1,Mureka_v9
music8k_mureka_v9_128965,1,Mureka_v9
music8k_mureka_v9_128988,1,Mureka_v9
music8k_mureka_v9_129154,1,Mureka_v9
music8k_mureka_v9_129418,1,Mureka_v9
music8k_mureka_v9_130282,1,Mureka_v9
music8k_mureka_v9_130289,1,Mureka_v9
music8k_mureka_v9_131210,1,Mureka_v9
music8k_mureka_v9_131352,1,Mureka_v9
music8k_mureka_v9_131409,1,Mureka_v9
music8k_mureka_v9_131455,1,Mureka_v9
music8k_mureka_v9_131650,1,Mureka_v9
music8k_mureka_v9_131852,1,Mureka_v9
music8k_mureka_v9_131881,1,Mureka_v9
music8k_mureka_v9_1321,1,Mureka_v9
music8k_mureka_v9_132664,1,Mureka_v9
music8k_mureka_v9_133018,1,Mureka_v9
music8k_mureka_v9_133080,1,Mureka_v9
music8k_mureka_v9_133137,1,Mureka_v9
music8k_mureka_v9_133381,1,Mureka_v9
music8k_mureka_v9_133438,1,Mureka_v9
music8k_mureka_v9_133448,1,Mureka_v9
music8k_mureka_v9_133531,1,Mureka_v9
music8k_mureka_v9_1429,1,Mureka_v9
music8k_mureka_v9_1501,1,Mureka_v9
music8k_mureka_v9_1583,1,Mureka_v9
music8k_mureka_v9_1589,1,Mureka_v9
music8k_mureka_v9_1629,1,Mureka_v9
music8k_mureka_v9_1639,1,Mureka_v9
music8k_mureka_v9_1640,1,Mureka_v9
music8k_mureka_v9_1644,1,Mureka_v9
music8k_mureka_v9_1650,1,Mureka_v9
music8k_mureka_v9_1669,1,Mureka_v9
music8k_mureka_v9_17784,1,Mureka_v9
music8k_mureka_v9_1806,1,Mureka_v9
music8k_mureka_v9_1829,1,Mureka_v9
music8k_mureka_v9_1830,1,Mureka_v9
music8k_mureka_v9_1916,1,Mureka_v9
music8k_mureka_v9_1994,1,Mureka_v9
music8k_mureka_v9_2003,1,Mureka_v9
music8k_mureka_v9_20447,1,Mureka_v9
music8k_mureka_v9_20544,1,Mureka_v9
music8k_mureka_v9_2079,1,Mureka_v9
music8k_mureka_v9_2121,1,Mureka_v9
music8k_mureka_v9_21253,1,Mureka_v9
music8k_mureka_v9_21575,1,Mureka_v9
music8k_mureka_v9_2209,1,Mureka_v9
music8k_mureka_v9_2252,1,Mureka_v9
music8k_mureka_v9_2372,1,Mureka_v9
music8k_mureka_v9_2430,1,Mureka_v9
music8k_mureka_v9_2460,1,Mureka_v9
music8k_mureka_v9_2491,1,Mureka_v9
music8k_mureka_v9_2509,1,Mureka_v9
music8k_mureka_v9_2510,1,Mureka_v9
music8k_mureka_v9_2536,1,Mureka_v9
music8k_mureka_v9_2563,1,Mureka_v9
music8k_mureka_v9_27274,1,Mureka_v9
music8k_mureka_v9_2891,1,Mureka_v9
music8k_mureka_v9_29192,1,Mureka_v9
music8k_mureka_v9_2963,1,Mureka_v9
music8k_mureka_v9_3044,1,Mureka_v9
music8k_mureka_v9_31639,1,Mureka_v9
music8k_mureka_v9_31750,1,Mureka_v9
music8k_mureka_v9_31770,1,Mureka_v9
music8k_mureka_v9_31798,1,Mureka_v9
music8k_mureka_v9_32004,1,Mureka_v9
music8k_mureka_v9_32017,1,Mureka_v9
music8k_mureka_v9_32064,1,Mureka_v9
music8k_mureka_v9_32094,1,Mureka_v9
music8k_mureka_v9_32212,1,Mureka_v9
music8k_mureka_v9_32247,1,Mureka_v9
music8k_mureka_v9_32319,1,Mureka_v9
music8k_mureka_v9_32343,1,Mureka_v9
music8k_mureka_v9_32351,1,Mureka_v9
music8k_mureka_v9_32661,1,Mureka_v9
music8k_mureka_v9_32774,1,Mureka_v9
music8k_mureka_v9_32776,1,Mureka_v9
music8k_mureka_v9_3278,1,Mureka_v9
music8k_mureka_v9_32807,1,Mureka_v9
music8k_mureka_v9_32816,1,Mureka_v9
music8k_mureka_v9_32844,1,Mureka_v9
music8k_mureka_v9_32862,1,Mureka_v9
music8k_mureka_v9_32941,1,Mureka_v9
music8k_mureka_v9_33067,1,Mureka_v9
music8k_mureka_v9_33075,1,Mureka_v9
music8k_mureka_v9_35347,1,Mureka_v9
music8k_mureka_v9_3627,1,Mureka_v9
music8k_mureka_v9_384,1,Mureka_v9
music8k_mureka_v9_4260,1,Mureka_v9
music8k_mureka_v9_43438,1,Mureka_v9
music8k_mureka_v9_4385,1,Mureka_v9
music8k_mureka_v9_44431,1,Mureka_v9
music8k_mureka_v9_4620,1,Mureka_v9
music8k_mureka_v9_46540,1,Mureka_v9
music8k_mureka_v9_47715,1,Mureka_v9
music8k_mureka_v9_49268,1,Mureka_v9
music8k_mureka_v9_49651,1,Mureka_v9
music8k_mureka_v9_50516,1,Mureka_v9
music8k_mureka_v9_50621,1,Mureka_v9
music8k_mureka_v9_5070,1,Mureka_v9
music8k_mureka_v9_50714,1,Mureka_v9
music8k_mureka_v9_50971,1,Mureka_v9
music8k_mureka_v9_51266,1,Mureka_v9
music8k_mureka_v9_51352,1,Mureka_v9
music8k_mureka_v9_51379,1,Mureka_v9
music8k_mureka_v9_51433,1,Mureka_v9
music8k_mureka_v9_51445,1,Mureka_v9
music8k_mureka_v9_51472,1,Mureka_v9
music8k_mureka_v9_51612,1,Mureka_v9
music8k_mureka_v9_51702,1,Mureka_v9
music8k_mureka_v9_51814,1,Mureka_v9
music8k_mureka_v9_52011,1,Mureka_v9
music8k_mureka_v9_52436,1,Mureka_v9
music8k_mureka_v9_52589,1,Mureka_v9
music8k_mureka_v9_526,1,Mureka_v9
music8k_mureka_v9_52721,1,Mureka_v9
music8k_mureka_v9_52731,1,Mureka_v9
music8k_mureka_v9_52836,1,Mureka_v9
music8k_mureka_v9_52873,1,Mureka_v9
music8k_mureka_v9_5292,1,Mureka_v9
music8k_mureka_v9_52958,1,Mureka_v9
music8k_mureka_v9_52959,1,Mureka_v9
music8k_mureka_v9_5325,1,Mureka_v9
music8k_mureka_v9_53273,1,Mureka_v9
music8k_mureka_v9_53557,1,Mureka_v9
music8k_mureka_v9_53809,1,Mureka_v9
music8k_mureka_v9_54218,1,Mureka_v9
music8k_mureka_v9_54562,1,Mureka_v9
music8k_mureka_v9_54654,1,Mureka_v9
music8k_mureka_v9_54984,1,Mureka_v9
music8k_mureka_v9_55252,1,Mureka_v9
music8k_mureka_v9_55414,1,Mureka_v9
music8k_mureka_v9_55546,1,Mureka_v9
music8k_mureka_v9_55583,1,Mureka_v9
music8k_mureka_v9_55716,1,Mureka_v9
music8k_mureka_v9_55882,1,Mureka_v9
music8k_mureka_v9_55962,1,Mureka_v9
music8k_mureka_v9_5603,1,Mureka_v9
music8k_mureka_v9_56062,1,Mureka_v9
music8k_mureka_v9_56508,1,Mureka_v9
music8k_mureka_v9_566,1,Mureka_v9
music8k_mureka_v9_56752,1,Mureka_v9
music8k_mureka_v9_57018,1,Mureka_v9
music8k_mureka_v9_57021,1,Mureka_v9
music8k_mureka_v9_57023,1,Mureka_v9
music8k_mureka_v9_57054,1,Mureka_v9
music8k_mureka_v9_57374,1,Mureka_v9
music8k_mureka_v9_57400,1,Mureka_v9
music8k_mureka_v9_576,1,Mureka_v9
music8k_mureka_v9_57702,1,Mureka_v9
music8k_mureka_v9_57819,1,Mureka_v9
music8k_mureka_v9_5807,1,Mureka_v9
music8k_mureka_v9_58354,1,Mureka_v9
music8k_mureka_v9_58775,1,Mureka_v9
music8k_mureka_v9_59013,1,Mureka_v9
music8k_mureka_v9_59132,1,Mureka_v9
music8k_mureka_v9_59843,1,Mureka_v9
music8k_mureka_v9_60390,1,Mureka_v9
music8k_mureka_v9_6050,1,Mureka_v9
music8k_mureka_v9_60506,1,Mureka_v9
music8k_mureka_v9_60998,1,Mureka_v9
music8k_mureka_v9_61025,1,Mureka_v9
music8k_mureka_v9_61239,1,Mureka_v9
music8k_mureka_v9_6125,1,Mureka_v9
music8k_mureka_v9_61945,1,Mureka_v9
music8k_mureka_v9_62026,1,Mureka_v9
music8k_mureka_v9_62170,1,Mureka_v9
music8k_mureka_v9_62172,1,Mureka_v9
music8k_mureka_v9_62236,1,Mureka_v9
music8k_mureka_v9_62921,1,Mureka_v9
music8k_mureka_v9_63985,1,Mureka_v9
music8k_mureka_v9_6399,1,Mureka_v9
music8k_mureka_v9_64078,1,Mureka_v9
music8k_mureka_v9_64104,1,Mureka_v9
music8k_mureka_v9_64107,1,Mureka_v9
music8k_mureka_v9_64291,1,Mureka_v9
music8k_mureka_v9_64434,1,Mureka_v9
music8k_mureka_v9_64570,1,Mureka_v9
music8k_mureka_v9_64768,1,Mureka_v9
music8k_mureka_v9_64866,1,Mureka_v9
music8k_mureka_v9_64952,1,Mureka_v9
music8k_mureka_v9_64960,1,Mureka_v9
music8k_mureka_v9_65232,1,Mureka_v9
music8k_mureka_v9_65270,1,Mureka_v9
music8k_mureka_v9_65779,1,Mureka_v9
music8k_mureka_v9_65848,1,Mureka_v9
music8k_mureka_v9_65886,1,Mureka_v9
music8k_mureka_v9_65907,1,Mureka_v9
music8k_mureka_v9_66020,1,Mureka_v9
music8k_mureka_v9_66031,1,Mureka_v9
music8k_mureka_v9_66175,1,Mureka_v9
music8k_mureka_v9_66240,1,Mureka_v9
music8k_mureka_v9_66344,1,Mureka_v9
music8k_mureka_v9_66513,1,Mureka_v9
music8k_mureka_v9_66520,1,Mureka_v9
music8k_mureka_v9_67024,1,Mureka_v9
music8k_mureka_v9_67085,1,Mureka_v9
music8k_mureka_v9_67220,1,Mureka_v9
music8k_mureka_v9_67275,1,Mureka_v9
music8k_mureka_v9_67596,1,Mureka_v9
music8k_mureka_v9_67905,1,Mureka_v9
music8k_mureka_v9_67962,1,Mureka_v9
music8k_mureka_v9_67983,1,Mureka_v9
music8k_mureka_v9_68311,1,Mureka_v9
music8k_mureka_v9_68416,1,Mureka_v9
music8k_mureka_v9_68506,1,Mureka_v9
music8k_mureka_v9_69749,1,Mureka_v9
music8k_mureka_v9_69782,1,Mureka_v9
music8k_mureka_v9_70517,1,Mureka_v9
music8k_mureka_v9_70606,1,Mureka_v9
music8k_mureka_v9_70645,1,Mureka_v9
music8k_mureka_v9_71247,1,Mureka_v9
music8k_mureka_v9_71482,1,Mureka_v9
music8k_mureka_v9_71514,1,Mureka_v9
music8k_mureka_v9_72011,1,Mureka_v9
music8k_mureka_v9_72058,1,Mureka_v9
music8k_mureka_v9_72070,1,Mureka_v9
music8k_mureka_v9_72505,1,Mureka_v9
music8k_mureka_v9_73875,1,Mureka_v9
music8k_mureka_v9_73876,1,Mureka_v9
music8k_mureka_v9_741,1,Mureka_v9
music8k_mureka_v9_74225,1,Mureka_v9
music8k_mureka_v9_74345,1,Mureka_v9
music8k_mureka_v9_74788,1,Mureka_v9
music8k_mureka_v9_74801,1,Mureka_v9
music8k_mureka_v9_74830,1,Mureka_v9
music8k_mureka_v9_75024,1,Mureka_v9
music8k_mureka_v9_75096,1,Mureka_v9
music8k_mureka_v9_75171,1,Mureka_v9
music8k_mureka_v9_75226,1,Mureka_v9
music8k_mureka_v9_75318,1,Mureka_v9
music8k_mureka_v9_75886,1,Mureka_v9
music8k_mureka_v9_76918,1,Mureka_v9
music8k_mureka_v9_76958,1,Mureka_v9
music8k_mureka_v9_77463,1,Mureka_v9
music8k_mureka_v9_77563,1,Mureka_v9
music8k_mureka_v9_77591,1,Mureka_v9
music8k_mureka_v9_778,1,Mureka_v9
music8k_mureka_v9_77814,1,Mureka_v9
music8k_mureka_v9_78195,1,Mureka_v9
music8k_mureka_v9_78337,1,Mureka_v9
music8k_mureka_v9_78493,1,Mureka_v9
music8k_mureka_v9_78587,1,Mureka_v9
music8k_mureka_v9_78893,1,Mureka_v9
music8k_mureka_v9_78904,1,Mureka_v9
music8k_mureka_v9_78915,1,Mureka_v9
music8k_mureka_v9_78970,1,Mureka_v9
music8k_mureka_v9_79340,1,Mureka_v9
music8k_mureka_v9_79347,1,Mureka_v9
music8k_mureka_v9_79784,1,Mureka_v9
music8k_mureka_v9_79861,1,Mureka_v9
music8k_mureka_v9_79886,1,Mureka_v9
music8k_mureka_v9_80045,1,Mureka_v9
music8k_mureka_v9_80116,1,Mureka_v9
music8k_mureka_v9_80182,1,Mureka_v9
music8k_mureka_v9_80664,1,Mureka_v9
music8k_mureka_v9_80940,1,Mureka_v9
music8k_mureka_v9_80954,1,Mureka_v9
music8k_mureka_v9_81447,1,Mureka_v9
music8k_mureka_v9_81494,1,Mureka_v9
music8k_mureka_v9_81676,1,Mureka_v9
music8k_mureka_v9_81932,1,Mureka_v9
music8k_mureka_v9_82129,1,Mureka_v9
music8k_mureka_v9_82245,1,Mureka_v9
music8k_mureka_v9_82288,1,Mureka_v9
music8k_mureka_v9_82672,1,Mureka_v9
music8k_mureka_v9_82927,1,Mureka_v9
music8k_mureka_v9_82971,1,Mureka_v9
music8k_mureka_v9_83155,1,Mureka_v9
music8k_mureka_v9_83183,1,Mureka_v9
music8k_mureka_v9_83216,1,Mureka_v9
music8k_mureka_v9_83706,1,Mureka_v9
music8k_mureka_v9_83709,1,Mureka_v9
music8k_mureka_v9_84332,1,Mureka_v9
music8k_mureka_v9_84851,1,Mureka_v9
music8k_mureka_v9_85008,1,Mureka_v9
music8k_mureka_v9_85038,1,Mureka_v9
music8k_mureka_v9_85173,1,Mureka_v9
music8k_mureka_v9_85328,1,Mureka_v9
music8k_mureka_v9_85499,1,Mureka_v9
music8k_mureka_v9_85608,1,Mureka_v9
music8k_mureka_v9_85621,1,Mureka_v9
music8k_mureka_v9_86088,1,Mureka_v9
music8k_mureka_v9_86431,1,Mureka_v9
music8k_mureka_v9_87048,1,Mureka_v9
music8k_mureka_v9_87115,1,Mureka_v9
music8k_mureka_v9_87533,1,Mureka_v9
music8k_mureka_v9_87562,1,Mureka_v9
music8k_mureka_v9_87854,1,Mureka_v9
music8k_mureka_v9_87881,1,Mureka_v9
music8k_mureka_v9_87887,1,Mureka_v9
music8k_mureka_v9_87901,1,Mureka_v9
music8k_mureka_v9_88744,1,Mureka_v9
music8k_mureka_v9_88774,1,Mureka_v9
music8k_mureka_v9_88796,1,Mureka_v9
music8k_mureka_v9_88847,1,Mureka_v9
music8k_mureka_v9_88874,1,Mureka_v9
music8k_mureka_v9_89233,1,Mureka_v9
music8k_mureka_v9_89398,1,Mureka_v9
music8k_mureka_v9_89666,1,Mureka_v9
music8k_mureka_v9_89740,1,Mureka_v9
music8k_mureka_v9_89900,1,Mureka_v9
music8k_mureka_v9_90018,1,Mureka_v9
music8k_mureka_v9_90025,1,Mureka_v9
music8k_mureka_v9_90042,1,Mureka_v9
music8k_mureka_v9_90067,1,Mureka_v9
music8k_mureka_v9_90495,1,Mureka_v9
music8k_mureka_v9_90702,1,Mureka_v9
music8k_mureka_v9_90735,1,Mureka_v9
music8k_mureka_v9_90736,1,Mureka_v9
music8k_mureka_v9_90811,1,Mureka_v9
music8k_mureka_v9_90914,1,Mureka_v9
music8k_mureka_v9_91017,1,Mureka_v9
music8k_mureka_v9_911,1,Mureka_v9
music8k_mureka_v9_91146,1,Mureka_v9
music8k_mureka_v9_91174,1,Mureka_v9
music8k_mureka_v9_916,1,Mureka_v9
music8k_mureka_v9_91963,1,Mureka_v9
music8k_mureka_v9_91976,1,Mureka_v9
music8k_mureka_v9_92043,1,Mureka_v9
music8k_mureka_v9_92093,1,Mureka_v9
music8k_mureka_v9_92811,1,Mureka_v9
music8k_mureka_v9_92844,1,Mureka_v9
music8k_mureka_v9_92862,1,Mureka_v9
music8k_mureka_v9_92972,1,Mureka_v9
music8k_mureka_v9_93158,1,Mureka_v9
music8k_mureka_v9_93221,1,Mureka_v9
music8k_mureka_v9_93223,1,Mureka_v9
music8k_mureka_v9_93344,1,Mureka_v9
music8k_mureka_v9_93347,1,Mureka_v9
music8k_mureka_v9_93355,1,Mureka_v9
music8k_mureka_v9_93364,1,Mureka_v9
music8k_mureka_v9_93731,1,Mureka_v9
music8k_mureka_v9_93822,1,Mureka_v9
music8k_mureka_v9_93903,1,Mureka_v9
music8k_mureka_v9_94009,1,Mureka_v9
music8k_mureka_v9_94031,1,Mureka_v9
music8k_mureka_v9_94571,1,Mureka_v9
music8k_mureka_v9_94616,1,Mureka_v9
music8k_mureka_v9_95961,1,Mureka_v9
music8k_mureka_v9_96195,1,Mureka_v9
music8k_mureka_v9_96250,1,Mureka_v9
music8k_mureka_v9_96551,1,Mureka_v9
music8k_mureka_v9_96849,1,Mureka_v9
music8k_mureka_v9_96937,1,Mureka_v9
music8k_mureka_v9_97100,1,Mureka_v9
music8k_mureka_v9_97136,1,Mureka_v9
music8k_mureka_v9_97175,1,Mureka_v9
music8k_mureka_v9_97195,1,Mureka_v9
music8k_mureka_v9_97355,1,Mureka_v9
music8k_mureka_v9_97769,1,Mureka_v9
music8k_mureka_v9_97974,1,Mureka_v9
music8k_mureka_v9_98048,1,Mureka_v9
music8k_mureka_v9_98192,1,Mureka_v9
music8k_mureka_v9_98310,1,Mureka_v9
music8k_mureka_v9_98339,1,Mureka_v9
music8k_mureka_v9_98477,1,Mureka_v9
music8k_mureka_v9_98603,1,Mureka_v9
music8k_mureka_v9_98626,1,Mureka_v9
music8k_mureka_v9_98773,1,Mureka_v9
music8k_mureka_v9_98799,1,Mureka_v9
music8k_mureka_v9_99403,1,Mureka_v9
music8k_mureka_v9_99667,1,Mureka_v9
music8k_mureka_v9_99845,1,Mureka_v9
music8k_mureka_v9_99959,1,Mureka_v9
saraga_hindustani_001932a8-85a2-4f3f-9497-5e322c85abcd,0,human_saraga_hindustani_v1
saraga_hindustani_01c69de7-7aea-4e54-bc2b-bdd7758c650c,0,human_saraga_hindustani_v1
saraga_hindustani_047abeeb-88f5-4395-8542-f7448668a281,0,human_saraga_hindustani_v1
saraga_hindustani_0a11bf6f-b55d-459c-9447-7a5a555a286f,0,human_saraga_hindustani_v1
saraga_hindustani_0bdad2a8-94d8-40c2-91ec-e77100fcaa02,0,human_saraga_hindustani_v1
saraga_hindustani_0bf5e46b-2434-496e-a1b2-cbf3273fdbdf,0,human_saraga_hindustani_v1
saraga_hindustani_0f84aacf-9703-46ab-b5cd-2f8c6bd82b29,0,human_saraga_hindustani_v1
saraga_hindustani_15906c20-4376-46a0-a0d5-7093216f4534,0,human_saraga_hindustani_v1
saraga_hindustani_15b6df7e-2b76-484d-9089-1619cc850b59,0,human_saraga_hindustani_v1
saraga_hindustani_1a311323-791b-46fa-ab59-b749adcd18e1,0,human_saraga_hindustani_v1
saraga_hindustani_1da7a284-99d3-46be-9537-13e2edf8d928,0,human_saraga_hindustani_v1
saraga_hindustani_1f9922a5-0366-4461-96ac-81a31703416b,0,human_saraga_hindustani_v1
saraga_hindustani_204008ee-89fe-44a4-a0c7-7bd7d64cf8a4,0,human_saraga_hindustani_v1
saraga_hindustani_20aac96e-9e62-41e9-a3ce-5e6f2d7fff1a,0,human_saraga_hindustani_v1
saraga_hindustani_274262a7-58b8-455a-a6f5-91a421453c3e,0,human_saraga_hindustani_v1
saraga_hindustani_2e5c159d-3dea-4a47-b871-76536866d643,0,human_saraga_hindustani_v1
saraga_hindustani_3124479b-5118-4cf3-823f-8fefad45e586,0,human_saraga_hindustani_v1
saraga_hindustani_34c7f5c5-cd81-4a53-ae65-90c97f9effd2,0,human_saraga_hindustani_v1
saraga_hindustani_3a75a312-b119-41f8-8a5a-e799ebeed0cc,0,human_saraga_hindustani_v1
saraga_hindustani_3e2b9a68-43dc-45aa-b021-f4f6b3cb6171,0,human_saraga_hindustani_v1
saraga_hindustani_3f162361-c4fa-46f9-bc56-58242d978449,0,human_saraga_hindustani_v1
saraga_hindustani_43957847-9bdd-4f81-a540-3db26a0ad652,0,human_saraga_hindustani_v1
saraga_hindustani_44e9d183-06d3-41c7-81d2-4c874010f383,0,human_saraga_hindustani_v1
saraga_hindustani_454f0c85-a41b-48c1-afa5-b4f5dbcb7947,0,human_saraga_hindustani_v1
saraga_hindustani_456b18c5-e88b-49b2-ab3e-bcf7cb2d093a,0,human_saraga_hindustani_v1
saraga_hindustani_49747cb6-7edc-43aa-bf15-44a6043f6472,0,human_saraga_hindustani_v1
saraga_hindustani_51656b20-295c-40f9-8dab-005b9b90fa98,0,human_saraga_hindustani_v1
saraga_hindustani_52944bc0-4639-4760-be76-f2720a20be81,0,human_saraga_hindustani_v1
saraga_hindustani_52d71bd6-1d8b-4007-a027-5732adf68355,0,human_saraga_hindustani_v1
saraga_hindustani_566d6c64-ae66-45e7-9f91-e33cd6c0f18f,0,human_saraga_hindustani_v1
saraga_hindustani_57b81628-b37d-4fee-991a-4f2387bca45a,0,human_saraga_hindustani_v1
saraga_hindustani_59b4daa8-bc31-446d-9f1d-670d5adec627,0,human_saraga_hindustani_v1
saraga_hindustani_5d56b3ab-99d1-48c3-a785-269d74ccc944,0,human_saraga_hindustani_v1
saraga_hindustani_62c7a9e6-e720-4cec-98cf-dda45c28bc0e,0,human_saraga_hindustani_v1
saraga_hindustani_631bde83-42e4-4c04-b260-3dbbd5b03799,0,human_saraga_hindustani_v1
saraga_hindustani_66084e18-2dec-44bf-8bcb-48bf040b9318,0,human_saraga_hindustani_v1
saraga_hindustani_6a2c841d-5a0e-4886-a5c0-f856fccbb938,0,human_saraga_hindustani_v1
saraga_hindustani_6ac112dd-b04f-4ad8-9913-1a1bfc35c5ec,0,human_saraga_hindustani_v1
saraga_hindustani_6bb27c39-a1d0-4775-8915-662044c43352,0,human_saraga_hindustani_v1
saraga_hindustani_6e377364-69ab-48fb-a90c-0661429cfdec,0,human_saraga_hindustani_v1
saraga_hindustani_73b74f57-4ba1-4f22-a969-1d9b2e26b5ea,0,human_saraga_hindustani_v1
saraga_hindustani_7704b0d2-eeac-47e4-ba05-c541a91eb621,0,human_saraga_hindustani_v1
saraga_hindustani_78e3eb01-f033-4461-9a3f-3ffbdf0834fb,0,human_saraga_hindustani_v1
saraga_hindustani_80d7ae8a-c78b-4469-a3de-b1271df8c50f,0,human_saraga_hindustani_v1
saraga_hindustani_82f80a73-a455-408a-a1bd-241b4b4f2388,0,human_saraga_hindustani_v1
saraga_hindustani_89224046-f086-4530-b2a3-70f9ae697faf,0,human_saraga_hindustani_v1
saraga_hindustani_897f4174-24be-493a-be1c-57fd3c018601,0,human_saraga_hindustani_v1
saraga_hindustani_8e815f51-194f-4e14-b1e3-5a214590d895,0,human_saraga_hindustani_v1
saraga_hindustani_8eaaeecc-159b-4537-993c-51e62219f88a,0,human_saraga_hindustani_v1
saraga_hindustani_928a430e-813e-48b0-8a23-566e74aa8dc9,0,human_saraga_hindustani_v1
saraga_hindustani_9310d945-c36c-4d0a-90fd-2afc8fdec1a4,0,human_saraga_hindustani_v1
saraga_hindustani_9880433a-b5d3-4f5e-95a2-d7aa7bfee11f,0,human_saraga_hindustani_v1
saraga_hindustani_98afad39-5abc-4c96-b7af-5f2c70831066,0,human_saraga_hindustani_v1
saraga_hindustani_99dcaebe-ab49-4fa3-ab6c-a9458143af8e,0,human_saraga_hindustani_v1
saraga_hindustani_9a2ce15a-4b28-4d10-abc7-9e05310c2e3b,0,human_saraga_hindustani_v1
saraga_hindustani_9a7e51fa-61fd-4e17-bc88-93df44ee3d0c,0,human_saraga_hindustani_v1
saraga_hindustani_9af146bf-4fdf-41bb-a665-eacc15741d32,0,human_saraga_hindustani_v1
saraga_hindustani_9dcfa70f-9205-4848-8325-649cc900b12c,0,human_saraga_hindustani_v1
saraga_hindustani_9f4ba52c-935c-4066-ad79-daa709dfa6ec,0,human_saraga_hindustani_v1
saraga_hindustani_a01ac873-dff4-420f-9fd8-490dd87c58e9,0,human_saraga_hindustani_v1
saraga_hindustani_a1543855-9f8c-42e5-945a-5fea2727df1c,0,human_saraga_hindustani_v1
saraga_hindustani_a6d77610-1084-4696-9734-79285672df16,0,human_saraga_hindustani_v1
saraga_hindustani_a7f28ee8-49af-4572-9c9c-f06b9d85dda2,0,human_saraga_hindustani_v1
saraga_hindustani_a9431b48-880b-4dcb-96f5-6f2c11879fb1,0,human_saraga_hindustani_v1
saraga_hindustani_aa3b2a92-21ee-44c6-ba84-c2d209db7fc8,0,human_saraga_hindustani_v1
saraga_hindustani_acae4dcf-e5e7-4c8f-b17c-bfec74cabcc1,0,human_saraga_hindustani_v1
saraga_hindustani_adf0b8ea-cc74-410f-bd52-d59c08c78783,0,human_saraga_hindustani_v1
saraga_hindustani_ae735e58-e8a1-4db8-9a0a-b8f83863412a,0,human_saraga_hindustani_v1
saraga_hindustani_aea2a29d-9ca0-4cd5-b3e9-9dcacd95165c,0,human_saraga_hindustani_v1
saraga_hindustani_b07c744e-c3ad-4bb8-b7e3-9a7ef979ea20,0,human_saraga_hindustani_v1
saraga_hindustani_b3849502-db24-4042-9d61-299de0211423,0,human_saraga_hindustani_v1
saraga_hindustani_b3a43a82-b3c3-49bf-bd3d-db561c1ec355,0,human_saraga_hindustani_v1
saraga_hindustani_b4e6f413-a94e-4b8f-9088-0172bd443e3f,0,human_saraga_hindustani_v1
saraga_hindustani_b71c2774-2532-4692-8761-5452e2a83118,0,human_saraga_hindustani_v1
saraga_hindustani_b77a3149-40fa-4e28-8205-cd4f006f60a1,0,human_saraga_hindustani_v1
saraga_hindustani_b7e9ec27-9777-456c-b7b6-bcfe2936e5e7,0,human_saraga_hindustani_v1
saraga_hindustani_bcb1c58d-e3f1-4fb7-a026-7d5a56c59107,0,human_saraga_hindustani_v1
saraga_hindustani_bfefde58-4eb2-49b0-9c63-7e4ce1070e61,0,human_saraga_hindustani_v1
saraga_hindustani_c29c842f-6cc9-4beb-aaaa-1afa8cd0bc5d,0,human_saraga_hindustani_v1
saraga_hindustani_c2d94545-9d2f-4197-8902-c1a1bdcb72f8,0,human_saraga_hindustani_v1
saraga_hindustani_c556b631-111f-42e8-aa98-e02f0777be9e,0,human_saraga_hindustani_v1
saraga_hindustani_c5692011-a1e4-469b-a978-15a516c7b1c4,0,human_saraga_hindustani_v1
saraga_hindustani_c73c038c-df41-43f9-a272-916b1f2e1fc7,0,human_saraga_hindustani_v1
saraga_hindustani_c76cadd9-9e7b-4e9e-96dc-f79a9a8eed78,0,human_saraga_hindustani_v1
saraga_hindustani_c80561d6-5e81-42bb-b404-ac659741b643,0,human_saraga_hindustani_v1
saraga_hindustani_cf1b51f3-aa25-4fb2-bf63-f0271448abf0,0,human_saraga_hindustani_v1
saraga_hindustani_d0781259-2c63-4b35-8ca3-75c19a98e275,0,human_saraga_hindustani_v1
saraga_hindustani_d2b7d16c-d6c2-4ed0-9b63-312217b02a9e,0,human_saraga_hindustani_v1
saraga_hindustani_d7a57d81-a5dd-44d8-aabf-951cb8f73fe2,0,human_saraga_hindustani_v1
saraga_hindustani_da0c6431-10b5-44b9-8ba4-57023fd45914,0,human_saraga_hindustani_v1
saraga_hindustani_dc09e696-88d1-427f-bb1b-92d899ed9af1,0,human_saraga_hindustani_v1
saraga_hindustani_dd875fec-377f-4565-98ca-cc9cf6397995,0,human_saraga_hindustani_v1
saraga_hindustani_e40375a2-01d2-4137-823a-3e62503baf98,0,human_saraga_hindustani_v1
saraga_hindustani_e76e4ee3-bf5c-4d47-bb69-92b8d93035d8,0,human_saraga_hindustani_v1
saraga_hindustani_ea36cb14-7c11-41d0-acb8-70ec66e61063,0,human_saraga_hindustani_v1
saraga_hindustani_ecf28526-9da7-43c6-b039-ed9f7e6ca50b,0,human_saraga_hindustani_v1
saraga_hindustani_ee7cec18-bc81-4b96-8778-9bda53c8c86e,0,human_saraga_hindustani_v1
saraga_hindustani_f0bc477f-03a7-44c5-8e63-cef7f8692c08,0,human_saraga_hindustani_v1
saraga_hindustani_f0ce173e-e69b-4baf-8c23-cdd63fd15ab1,0,human_saraga_hindustani_v1
saraga_hindustani_f3313201-ab83-4633-b463-60b862ab1a21,0,human_saraga_hindustani_v1
saraga_hindustani_f49ac932-a7d3-4031-ae44-acf5ea47eca1,0,human_saraga_hindustani_v1
saraga_hindustani_f5d00c2d-5ca1-4a49-bb38-1af3496e6dfc,0,human_saraga_hindustani_v1
saraga_hindustani_f89ad73c-88a0-4cb4-b8cc-e5241a77d8b9,0,human_saraga_hindustani_v1
