fold_type,combination,quantity,feature_mode,macro_equal_group_equal_source_BA,macro_ai_recall,macro_human_recall,macro_recording_weighted_within_experiment_BA,descriptive_mean_single_model_fold_auc,available_held_source_experiments,intended_held_source_experiments,eligible_model_count,omitted_model_count,status
human_source_holdout,S,25,values_plus_missing,0.628773905279825,0.7005901032755766,0.5569577072840733,0.6204337713874783,0.6835843285000017,6,6,28,2,available
human_source_holdout,S,50,values_plus_missing,0.6448521978557803,0.6925066792363078,0.5971977164752529,0.6380884172902932,0.6962635904892426,6,6,28,2,available
human_source_holdout,S,100,values_plus_missing,0.6359257785669098,0.6965262783776787,0.5753252787561409,0.6274952129383855,0.6977799858618408,6,6,28,2,available
human_source_holdout,S,200,values_plus_missing,0.6412546125521418,0.7002820940528279,0.5822271310514556,0.6320774990117041,0.6996416457048652,6,6,28,2,available
human_source_holdout,S,all,values_plus_missing,0.6434093262922745,0.7007512061225599,0.586067446461989,0.6328210629852709,0.7003983132040281,6,6,28,2,available
human_source_holdout,D,25,values_plus_missing,0.6374826339987761,0.5339297225843421,0.7410355454132099,0.6219647755697505,0.6712207919772412,6,6,28,2,available
human_source_holdout,D,50,values_plus_missing,0.6289570419009821,0.5542369666941631,0.7036771171078012,0.6174804701751929,0.6696904186182715,6,6,28,2,available
human_source_holdout,D,100,values_plus_missing,0.6341396023267715,0.541517518414598,0.726761686238945,0.6195265538585523,0.6699478210668629,6,6,28,2,available
human_source_holdout,D,200,values_plus_missing,0.6355229266695452,0.5480919326371875,0.722953920701903,0.6203997742992952,0.669409642778875,6,6,28,2,available
human_source_holdout,D,all,values_plus_missing,0.6341871434253111,0.544015466582055,0.7243588202685672,0.619462617092308,0.6694653198421243,6,6,28,2,available
human_source_holdout,R,25,values_plus_missing,0.6182706579008407,0.775006418262404,0.46153489753927723,0.6193474275334392,0.6645250469579919,6,6,28,2,available
human_source_holdout,R,50,values_plus_missing,0.6185854198030026,0.7669116696980675,0.4702591699079379,0.6230619294478213,0.663404819118461,6,6,28,2,available
human_source_holdout,R,100,values_plus_missing,0.6210496291495541,0.7580966884670981,0.48400256983201007,0.6236715447873299,0.6677089937979058,6,6,28,2,available
human_source_holdout,R,200,values_plus_missing,0.627668816783573,0.7441358540787978,0.5112017794883483,0.6287121218390077,0.6684036039571559,6,6,28,2,available
human_source_holdout,R,all,values_plus_missing,0.6252786553790436,0.740323961579716,0.5102333491783713,0.6254331201071305,0.6685948820695039,6,6,28,2,available
human_source_holdout,P,25,values_plus_missing,0.5442988044262944,0.18977594220244334,0.8988216666501455,0.5473120437343622,0.5497382494255784,6,6,28,2,available
human_source_holdout,P,50,values_plus_missing,0.5444659448400356,0.19245969902197402,0.8964721906580971,0.5470589177911668,0.5490139834558488,6,6,28,2,available
human_source_holdout,P,100,values_plus_missing,0.5432898757685993,0.1958208662263502,0.8907588853108485,0.547863859229938,0.5511569421997146,6,6,28,2,available
human_source_holdout,P,200,values_plus_missing,0.5437654017840566,0.1980737869694026,0.8894570165987106,0.5479448655703462,0.549723176321563,6,6,28,2,available
human_source_holdout,P,all,values_plus_missing,0.5441585276424109,0.1983258506519232,0.8899912046328987,0.5480892236936643,0.5485265290117589,6,6,28,2,available
human_source_holdout,F,25,values_plus_missing,0.6408953904561323,0.6413692991311711,0.6404214817810934,0.6230560154838649,0.6682652368956905,6,6,28,2,available
human_source_holdout,F,50,values_plus_missing,0.6292200276893452,0.6390119430444631,0.6194281123342272,0.6151943376720036,0.6517756171302269,6,6,28,2,available
human_source_holdout,F,100,values_plus_missing,0.6256953603321106,0.6448245011338584,0.6065662195303628,0.6105214614653157,0.6541381821739473,6,6,28,2,available
human_source_holdout,F,200,values_plus_missing,0.6188161621002775,0.6464582413096583,0.5911740828908968,0.604248728632087,0.6527786883641005,6,6,28,2,available
human_source_holdout,F,all,values_plus_missing,0.6210523233661562,0.6491529387750853,0.5929517079572271,0.6039840731831512,0.6567160918785852,6,6,28,2,available
human_source_holdout,H,25,values_plus_missing,0.5990394134084304,0.6267316603175673,0.5713471664992934,0.5979858094595621,0.6365222481662798,6,6,28,2,available
human_source_holdout,H,50,values_plus_missing,0.5991576379456646,0.6332320164052424,0.5650832594860867,0.5981505442136046,0.6325370618680602,6,6,28,2,available
human_source_holdout,H,100,values_plus_missing,0.6004673355373094,0.6325590830969441,0.5683755879776745,0.5981045924194165,0.6355321935579615,6,6,28,2,available
human_source_holdout,H,200,values_plus_missing,0.6010945841803992,0.6158921259691112,0.586297042391687,0.5950610279907317,0.6345524242557641,6,6,28,2,available
human_source_holdout,H,all,values_plus_missing,0.5950679468363645,0.6094935897584198,0.5806423039143093,0.5895290967879167,0.632905956584157,6,6,28,2,available
human_source_holdout,SC,25,values_plus_missing,0.6107279270788672,0.7084931831706132,0.5129626709871214,0.6082163973224765,0.6224579583789508,6,6,28,2,available
human_source_holdout,SC,50,values_plus_missing,0.6252455675629555,0.7005862369522595,0.5499048981736515,0.6188192851988474,0.6346602271034134,6,6,28,2,available
human_source_holdout,SC,100,values_plus_missing,0.6314150188166788,0.6945629910498438,0.5682670465835138,0.6248158776105599,0.6440435753310281,6,6,28,2,available
human_source_holdout,SC,200,values_plus_missing,0.623747431815097,0.693904355058142,0.553590508572052,0.6187722797423414,0.6391603126288183,6,6,28,2,available
human_source_holdout,SC,all,values_plus_missing,0.626306014522533,0.7024782121088823,0.5501338169361837,0.6222170314934908,0.6385790166932511,6,6,28,2,available
human_source_holdout,BC,25,values_plus_missing,0.45917482209482463,0.4823711538800095,0.4359784903096397,0.4743086661026408,0.4727112016693328,6,6,28,2,available
human_source_holdout,BC,50,values_plus_missing,0.476039651065614,0.41337272304877665,0.5387065790824515,0.4882482333458604,0.4815520546810078,6,6,28,2,available
human_source_holdout,BC,100,values_plus_missing,0.45745516858698004,0.5340706012940947,0.38083973587986547,0.4666113124848441,0.46555805927302163,6,6,28,2,available
human_source_holdout,BC,200,values_plus_missing,0.4578984863164168,0.5694544964854863,0.34634247614734726,0.46797093061485423,0.4713899282292358,6,6,28,2,available
human_source_holdout,BC,all,values_plus_missing,0.4558636179409959,0.5597721346469448,0.3519551012350471,0.4684529700956586,0.471330122378253,6,6,28,2,available
human_source_holdout,S+D,25,values_plus_missing,0.6276260788664765,0.7014166498235833,0.5538355079093696,0.6258162140181496,0.6996996229327574,6,6,28,2,available
human_source_holdout,S+D,50,values_plus_missing,0.6493045228102893,0.6991806642587713,0.5994283813618072,0.6434135364732384,0.7109530234984673,6,6,28,2,available
human_source_holdout,S+D,100,values_plus_missing,0.6473551432977424,0.7000531186378492,0.5946571679576356,0.6393780918848916,0.7115660946869661,6,6,28,2,available
human_source_holdout,S+D,200,values_plus_missing,0.6491696572729544,0.6992215623159338,0.5991177522299751,0.6404583275676877,0.7131238234770587,6,6,28,2,available
human_source_holdout,S+D,all,values_plus_missing,0.6498136004901536,0.7002951048369188,0.5993320961433884,0.6410765333988154,0.7135471852083787,6,6,28,2,available
human_source_holdout,S+R,25,values_plus_missing,0.6554504438990377,0.7384852590155594,0.5724156287825162,0.6477000723113514,0.7266791673111638,6,6,28,2,available
human_source_holdout,S+R,50,values_plus_missing,0.6682638366076065,0.7292545858425198,0.6072730873726934,0.6635847952001893,0.7364864001802418,6,6,28,2,available
human_source_holdout,S+R,100,values_plus_missing,0.666972025159971,0.7391810818592335,0.5947629684607086,0.6621735905043636,0.744371543166993,6,6,28,2,available
human_source_holdout,S+R,200,values_plus_missing,0.6697159598442344,0.7361274622934141,0.6033044573950547,0.6663268449811307,0.7483324853430984,6,6,28,2,available
human_source_holdout,S+R,all,values_plus_missing,0.6699901301606982,0.7350203814726011,0.6049598788487954,0.6639065776867845,0.7497025639991165,6,6,28,2,available
human_source_holdout,S+P,25,values_plus_missing,0.6216191536559,0.6938312996740441,0.5494070076377559,0.6165524671779139,0.6771312461845566,6,6,28,2,available
human_source_holdout,S+P,50,values_plus_missing,0.642222519682976,0.6906662882538317,0.5937787511121201,0.6347551232446941,0.6953606097454926,6,6,28,2,available
human_source_holdout,S+P,100,values_plus_missing,0.6387160497284389,0.6985311939250197,0.5789009055318579,0.6324925491299216,0.703277785647338,6,6,28,2,available
human_source_holdout,S+P,200,values_plus_missing,0.6430791053162778,0.7030575778021951,0.5831006328303603,0.6365217001102712,0.7057306631915671,6,6,28,2,available
human_source_holdout,S+P,all,values_plus_missing,0.6437333139310529,0.7040217105122011,0.5834449173499048,0.6360866161907616,0.7058931949614076,6,6,28,2,available
human_source_holdout,S+F,25,values_plus_missing,0.6781486027138982,0.7455912812765654,0.610705924151231,0.6644069370715008,0.7357779567708299,6,6,28,2,available
human_source_holdout,S+F,50,values_plus_missing,0.6764077205613855,0.7390954894166115,0.6137199517061598,0.6685574634874697,0.7393138235856688,6,6,28,2,available
human_source_holdout,S+F,100,values_plus_missing,0.6827383236240352,0.7463896146808832,0.6190870325671873,0.6686926634618461,0.740794676944617,6,6,28,2,available
human_source_holdout,S+F,200,values_plus_missing,0.6783753097668187,0.747181601009674,0.6095690185239632,0.663200603818311,0.7431141673274758,6,6,28,2,available
human_source_holdout,S+F,all,values_plus_missing,0.6832377489691802,0.7511487617153132,0.6153267362230473,0.6665217721340789,0.7457521550415465,6,6,28,2,available
human_source_holdout,S+H,25,values_plus_missing,0.6232365550077755,0.716611389760392,0.529861720255159,0.6187349563580188,0.682972374853794,6,6,28,2,available
human_source_holdout,S+H,50,values_plus_missing,0.6354902620856991,0.7091507570066954,0.5618297671647029,0.6303081160736573,0.6913644534022751,6,6,28,2,available
human_source_holdout,S+H,100,values_plus_missing,0.6307022065181204,0.713639420607371,0.5477649924288698,0.6272739606903549,0.699587006577674,6,6,28,2,available
human_source_holdout,S+H,200,values_plus_missing,0.6375262051891154,0.7151992796163146,0.5598531307619163,0.6297409057690905,0.7012822641966243,6,6,28,2,available
human_source_holdout,S+H,all,values_plus_missing,0.6370033508807108,0.715197420981256,0.5588092807801658,0.628461100808361,0.7030978865900732,6,6,28,2,available
human_source_holdout,S+SC,25,values_plus_missing,0.6280741770577495,0.7200623637638888,0.5360859903516102,0.6199066994510085,0.6757789477975791,6,6,28,2,available
human_source_holdout,S+SC,50,values_plus_missing,0.651432990346475,0.7104142410894748,0.5924517396034749,0.6412160474869556,0.6897716014039993,6,6,28,2,available
human_source_holdout,S+SC,100,values_plus_missing,0.6530724630065751,0.7100693965845254,0.596075529428625,0.6409843361863811,0.6963631856626653,6,6,28,2,available
human_source_holdout,S+SC,200,values_plus_missing,0.6448618103653124,0.7076214585473962,0.5821021621832285,0.6351441267535308,0.6952437637580674,6,6,28,2,available
human_source_holdout,S+SC,all,values_plus_missing,0.6465446325202234,0.7094060787724675,0.5836831862679795,0.6371423086758693,0.6955837734885117,6,6,28,2,available
human_source_holdout,S+BC,25,values_plus_missing,0.6232013624023529,0.7005074924888901,0.5458952323158158,0.6162339473923631,0.6764915370918835,6,6,28,2,available
human_source_holdout,S+BC,50,values_plus_missing,0.6419068541996278,0.6935038891660518,0.5903098192332038,0.6335271869813137,0.6922681254398916,6,6,28,2,available
human_source_holdout,S+BC,100,values_plus_missing,0.6334344039327545,0.6973463813237002,0.5695224265418088,0.624830492362707,0.6940735671271268,6,6,28,2,available
human_source_holdout,S+BC,200,values_plus_missing,0.6386665443350151,0.7012775647422776,0.5760555239277525,0.6287145801354292,0.6968843800353876,6,6,28,2,available
human_source_holdout,S+BC,all,values_plus_missing,0.6381172495237987,0.7024353477543688,0.5737991512932286,0.6276173999689891,0.6965190992993303,6,6,28,2,available
human_source_holdout,D+R,25,values_plus_missing,0.661417210209358,0.6718925029131677,0.6509419175055481,0.6557946082787358,0.7168205016169523,6,6,28,2,available
human_source_holdout,D+R,50,values_plus_missing,0.6620834848814998,0.6937308387576714,0.6304361310053282,0.6517934002127788,0.7170290810213303,6,6,28,2,available
human_source_holdout,D+R,100,values_plus_missing,0.6661903432166759,0.6858513532201654,0.6465293332131864,0.6557939272743718,0.7251071279527965,6,6,28,2,available
human_source_holdout,D+R,200,values_plus_missing,0.6624204339589396,0.6709571458198713,0.6538837220980078,0.6573428174569408,0.7239846795546618,6,6,28,2,available
human_source_holdout,D+R,all,values_plus_missing,0.6645859809874856,0.6673975543401092,0.6617744076348621,0.658506582476395,0.7242645660085839,6,6,28,2,available
human_source_holdout,D+P,25,values_plus_missing,0.6312929838407481,0.5191166038451974,0.7434693638362987,0.622904092445817,0.6663175132348427,6,6,28,2,available
human_source_holdout,D+P,50,values_plus_missing,0.6268056681466354,0.5484540888337753,0.7051572474594955,0.6200532741116477,0.6690955041790494,6,6,28,2,available
human_source_holdout,D+P,100,values_plus_missing,0.6297615974917684,0.5515226096884661,0.7080005852950708,0.6206368138798404,0.6722676082935035,6,6,28,2,available
human_source_holdout,D+P,200,values_plus_missing,0.6306242522091802,0.5631989959903684,0.698049508427992,0.6210400773855019,0.6730854141965645,6,6,28,2,available
human_source_holdout,D+P,all,values_plus_missing,0.6323942849527605,0.5593057813278624,0.7054827885776588,0.6245776260302125,0.6728406697591989,6,6,28,2,available
human_source_holdout,D+F,25,values_plus_missing,0.6594330453897346,0.6524555274966536,0.6664105632828156,0.6445996297520359,0.690439758869706,6,6,28,2,available
human_source_holdout,D+F,50,values_plus_missing,0.6423512428434507,0.6636526676666378,0.6210498180202638,0.6337466116092644,0.67524049254528,6,6,28,2,available
human_source_holdout,D+F,100,values_plus_missing,0.6453511545240088,0.6647973967887756,0.6259049122592422,0.6323697974501047,0.6791800409690548,6,6,28,2,available
human_source_holdout,D+F,200,values_plus_missing,0.6393691914088153,0.6654325362958603,0.6133058465217702,0.6273315723254542,0.6775266960005674,6,6,28,2,available
human_source_holdout,D+F,all,values_plus_missing,0.6381905224156627,0.6679802762323656,0.6084007685989598,0.6273152369944007,0.6790130924982664,6,6,28,2,available
human_source_holdout,D+H,25,values_plus_missing,0.6433686233517623,0.6282224806260656,0.658514766077459,0.6353489636537947,0.6873773580439525,6,6,28,2,available
human_source_holdout,D+H,50,values_plus_missing,0.6363367873296016,0.6364258589178731,0.6362477157413301,0.6317616713168946,0.683296210613377,6,6,28,2,available
human_source_holdout,D+H,100,values_plus_missing,0.6417898911865662,0.6293872311007609,0.6541925512723713,0.6351887692089067,0.6869854974821815,6,6,28,2,available
human_source_holdout,D+H,200,values_plus_missing,0.6351001568543819,0.6290179519519944,0.6411823617567695,0.6289875590706507,0.6836607502529429,6,6,28,2,available
human_source_holdout,D+H,all,values_plus_missing,0.6341917809500737,0.626273941104169,0.6421096207959783,0.6280521802830455,0.6838476889440864,6,6,28,2,available
human_source_holdout,D+SC,25,values_plus_missing,0.6242231415965813,0.6492486215078449,0.5991976616853177,0.6185822273029492,0.6745556094850288,6,6,28,2,available
human_source_holdout,D+SC,50,values_plus_missing,0.6290576777038677,0.6527616215586542,0.6053537338490811,0.6213098845670689,0.6781718303749894,6,6,28,2,available
human_source_holdout,D+SC,100,values_plus_missing,0.6272561751665989,0.6406745553448783,0.6138377949883196,0.6227051637494483,0.6843515487436646,6,6,28,2,available
human_source_holdout,D+SC,200,values_plus_missing,0.6222992915682137,0.6351213755434837,0.6094772075929437,0.6127387981310234,0.6805220052738103,6,6,28,2,available
human_source_holdout,D+SC,all,values_plus_missing,0.6225345776038644,0.6368969479365921,0.6081722072711367,0.6121253945069696,0.6796879393496666,6,6,28,2,available
human_source_holdout,D+BC,25,values_plus_missing,0.6139890320549881,0.5412578056612484,0.6867202584487279,0.6081630285902121,0.6609605635933835,6,6,28,2,available
human_source_holdout,D+BC,50,values_plus_missing,0.6123110671307156,0.559066286687875,0.6655558475735563,0.6066385604724175,0.6598713992926204,6,6,28,2,available
human_source_holdout,D+BC,100,values_plus_missing,0.6121771758555433,0.5477136325241015,0.6766407191869851,0.6026890536530226,0.6616603647286113,6,6,28,2,available
human_source_holdout,D+BC,200,values_plus_missing,0.6185319509965471,0.5539266242522225,0.6831372777408716,0.6091586820498428,0.6620195327429472,6,6,28,2,available
human_source_holdout,D+BC,all,values_plus_missing,0.6169186897103366,0.5508159659742371,0.683021413446436,0.6082616478194555,0.6620094916670253,6,6,28,2,available
human_source_holdout,R+P,25,values_plus_missing,0.6237612956185826,0.6960953959155578,0.5514271953216073,0.6177941479104866,0.6676290667889965,6,6,28,2,available
human_source_holdout,R+P,50,values_plus_missing,0.6265281512891566,0.7300464288927998,0.5230098736855134,0.6260619531204134,0.668452321808828,6,6,28,2,available
human_source_holdout,R+P,100,values_plus_missing,0.6269739140529322,0.7400796727089028,0.5138681553969618,0.6275556794032463,0.671851282028477,6,6,28,2,available
human_source_holdout,R+P,200,values_plus_missing,0.6242472551613104,0.7280877554209578,0.520406754901663,0.6258361770644202,0.674945805873279,6,6,28,2,available
human_source_holdout,R+P,all,values_plus_missing,0.6230655367705591,0.7233236909684244,0.5228073825726938,0.6232414353771016,0.6752390980913108,6,6,28,2,available
human_source_holdout,R+F,25,values_plus_missing,0.6602934385801992,0.6845330620843525,0.6360538150760461,0.6365385985204794,0.7012714984555642,6,6,28,2,available
human_source_holdout,R+F,50,values_plus_missing,0.6563469824178727,0.6954225136589507,0.6172714511767946,0.638603695290772,0.6997563169196287,6,6,28,2,available
human_source_holdout,R+F,100,values_plus_missing,0.6545979562193616,0.7062706991438213,0.6029252132949018,0.634467024775098,0.7032576859812375,6,6,28,2,available
human_source_holdout,R+F,200,values_plus_missing,0.6587193673359261,0.701438538841563,0.6160001958302889,0.6408165352609877,0.7063025353162634,6,6,28,2,available
human_source_holdout,R+F,all,values_plus_missing,0.6608643550342923,0.7021661900619209,0.6195625200066638,0.6429928033347933,0.7090180631315505,6,6,28,2,available
human_source_holdout,R+H,25,values_plus_missing,0.6553851809104502,0.722944095870115,0.5878262659507852,0.65424159961248,0.7065563119431442,6,6,28,2,available
human_source_holdout,R+H,50,values_plus_missing,0.6581331882297969,0.7315813326713595,0.5846850437882342,0.6500912034488379,0.7011903443766975,6,6,28,2,available
human_source_holdout,R+H,100,values_plus_missing,0.6641772785146824,0.7372822116596259,0.591072345369739,0.6566586585517696,0.7121731263976826,6,6,28,2,available
human_source_holdout,R+H,200,values_plus_missing,0.657738609320118,0.7166115273213682,0.5988656913188676,0.6546662875644281,0.7109662944334765,6,6,28,2,available
human_source_holdout,R+H,all,values_plus_missing,0.6574871274571871,0.7160608159436427,0.5989134389707313,0.6505861920563635,0.7115966285505019,6,6,28,2,available
human_source_holdout,R+SC,25,values_plus_missing,0.6368363066047485,0.7725054135630328,0.5011671996464643,0.6280013721069208,0.6829263516930318,6,6,28,2,available
human_source_holdout,R+SC,50,values_plus_missing,0.6379169161178849,0.7698725294779756,0.5059613027577942,0.6340056860531945,0.6872710337347689,6,6,28,2,available
human_source_holdout,R+SC,100,values_plus_missing,0.6338722194988884,0.7598342856581737,0.5079101533396031,0.6315373589574753,0.6952044908257229,6,6,28,2,available
human_source_holdout,R+SC,200,values_plus_missing,0.6231634502709158,0.7500400132681665,0.49628688727366504,0.6284598253944353,0.6959245325222531,6,6,28,2,available
human_source_holdout,R+SC,all,values_plus_missing,0.6255996601521436,0.7523395972615181,0.49885972304276915,0.6306818237804753,0.6976334197834636,6,6,28,2,available
human_source_holdout,R+BC,25,values_plus_missing,0.6064996415115956,0.7664781609781764,0.44652112204501465,0.611824825268514,0.6538987607474599,6,6,28,2,available
human_source_holdout,R+BC,50,values_plus_missing,0.6093306985825903,0.7577731343916448,0.4608882627735355,0.6179302791934825,0.6536269929198611,6,6,28,2,available
human_source_holdout,R+BC,100,values_plus_missing,0.6189563053477537,0.7537873617759271,0.4841252489195802,0.6181184828962182,0.6600233565625067,6,6,28,2,available
human_source_holdout,R+BC,200,values_plus_missing,0.6234774214067151,0.7426927258190813,0.5042621169943489,0.6211756400011844,0.6605998165919097,6,6,28,2,available
human_source_holdout,R+BC,all,values_plus_missing,0.6208793533154092,0.7376272633748916,0.504131443255927,0.6176874526444709,0.6612729249853917,6,6,28,2,available
human_source_holdout,P+F,25,values_plus_missing,0.6493168394081036,0.6433556471284639,0.655278031687743,0.633655055366526,0.6709208321148544,6,6,28,2,available
human_source_holdout,P+F,50,values_plus_missing,0.6391539774783618,0.6428667899806869,0.6354411649760365,0.6261132808698947,0.6614855191122865,6,6,28,2,available
human_source_holdout,P+F,100,values_plus_missing,0.6357117085534236,0.6529091955577541,0.6185142215490931,0.6209012918875227,0.6637155535690374,6,6,28,2,available
human_source_holdout,P+F,200,values_plus_missing,0.6378825684565006,0.6568857922467196,0.6188793446662815,0.6202073720100137,0.6651211205456565,6,6,28,2,available
human_source_holdout,P+F,all,values_plus_missing,0.6371635428870408,0.6602459153825804,0.6140811703915013,0.6242692103002369,0.6680174765157755,6,6,28,2,available
human_source_holdout,P+H,25,values_plus_missing,0.6164927231585872,0.5984125613863986,0.6345728849307756,0.6123977779145168,0.6468963061843033,6,6,28,2,available
human_source_holdout,P+H,50,values_plus_missing,0.6083438441006347,0.6202764583556643,0.5964112298456054,0.6093669385093442,0.6432022758727448,6,6,28,2,available
human_source_holdout,P+H,100,values_plus_missing,0.617353498675392,0.6287290211854057,0.6059779761653782,0.6134415957999297,0.6517777841974056,6,6,28,2,available
human_source_holdout,P+H,200,values_plus_missing,0.6182172979386681,0.6231528159363554,0.6132817799409809,0.6128088398347525,0.6512804366414482,6,6,28,2,available
human_source_holdout,P+H,all,values_plus_missing,0.6182571208824952,0.6195481963799402,0.6169660453850503,0.6118992734035354,0.6497596711696456,6,6,28,2,available
human_source_holdout,P+SC,25,values_plus_missing,0.6126709423538526,0.6671131309306794,0.5582287537770256,0.6099073240193181,0.6371346374003257,6,6,28,2,available
human_source_holdout,P+SC,50,values_plus_missing,0.6314105080182395,0.6835607034820964,0.5792603125543827,0.6263767420296706,0.6482060922307046,6,6,28,2,available
human_source_holdout,P+SC,100,values_plus_missing,0.6292828182972007,0.6791297840058759,0.5794358525885256,0.6243853933350314,0.6574862463435874,6,6,28,2,available
human_source_holdout,P+SC,200,values_plus_missing,0.622643957006611,0.6773246218078111,0.5679632922054111,0.6202691652717968,0.6545776297230156,6,6,28,2,available
human_source_holdout,P+SC,all,values_plus_missing,0.6235638291369568,0.6831553472791819,0.5639723109947318,0.6206060060336779,0.653411339156678,6,6,28,2,available
human_source_holdout,P+BC,25,values_plus_missing,0.5270506061513225,0.23768633899420236,0.8164148733084425,0.5383596066420404,0.528780783879025,6,6,28,2,available
human_source_holdout,P+BC,50,values_plus_missing,0.519978109504648,0.2556623732513779,0.7842938457579178,0.5288508041588972,0.5332818660069586,6,6,28,2,available
human_source_holdout,P+BC,100,values_plus_missing,0.5163127982424889,0.251583171769667,0.7810424247153108,0.5273350918940646,0.5222126428401017,6,6,28,2,available
human_source_holdout,P+BC,200,values_plus_missing,0.5106407727937742,0.25112337809533536,0.770158167492213,0.5260075052885961,0.5260303005351875,6,6,28,2,available
human_source_holdout,P+BC,all,values_plus_missing,0.512512103253023,0.24803811789898697,0.776986088607059,0.5269287943073592,0.5204886297180261,6,6,28,2,available
human_source_holdout,F+H,25,values_plus_missing,0.6406113697058066,0.675168240346942,0.6060544990646709,0.6332039916567064,0.6929314769846415,6,6,28,2,available
human_source_holdout,F+H,50,values_plus_missing,0.6303195794292216,0.6740177996795186,0.5866213591789246,0.6251921732604946,0.6740809279022827,6,6,28,2,available
human_source_holdout,F+H,100,values_plus_missing,0.6357500707482934,0.6798541927659517,0.5916459487306351,0.6267801674302764,0.6824265976961447,6,6,28,2,available
human_source_holdout,F+H,200,values_plus_missing,0.6341070798916685,0.6832434297198376,0.5849707300634993,0.6251221166847317,0.6815302079936505,6,6,28,2,available
human_source_holdout,F+H,all,values_plus_missing,0.6328693100203194,0.6859071055938513,0.5798315144467877,0.6282166099313962,0.6828434010047539,6,6,28,2,available
human_source_holdout,F+SC,25,values_plus_missing,0.6544297115508468,0.6801825435653805,0.6286768795363131,0.641719170572126,0.7010914855679286,6,6,28,2,available
human_source_holdout,F+SC,50,values_plus_missing,0.6466373824302284,0.6842600008966707,0.609014763963786,0.6337358512463686,0.6902658077354603,6,6,28,2,available
human_source_holdout,F+SC,100,values_plus_missing,0.6448326168249955,0.691963335378753,0.5977018982712379,0.6302886536156607,0.6927753592631036,6,6,28,2,available
human_source_holdout,F+SC,200,values_plus_missing,0.6413677856435832,0.6916622901092349,0.5910732811779315,0.6303331011745947,0.69013123988676,6,6,28,2,available
human_source_holdout,F+SC,all,values_plus_missing,0.6407158991228352,0.697861220631177,0.5835705776144935,0.6314279710559179,0.6925914663782281,6,6,28,2,available
human_source_holdout,F+BC,25,values_plus_missing,0.6361631421568831,0.6407770237230467,0.6315492605907195,0.6164177761332639,0.6624679674208814,6,6,28,2,available
human_source_holdout,F+BC,50,values_plus_missing,0.625521495766547,0.6401383391115876,0.6109046524215066,0.6093451650564871,0.6462601300396997,6,6,28,2,available
human_source_holdout,F+BC,100,values_plus_missing,0.6252410001345968,0.6456061976463346,0.604875802622859,0.6064027367138289,0.6498219362304376,6,6,28,2,available
human_source_holdout,F+BC,200,values_plus_missing,0.6201061185180577,0.6446231633691681,0.5955890736669472,0.604816522865348,0.6504276635625849,6,6,28,2,available
human_source_holdout,F+BC,all,values_plus_missing,0.6191732100483115,0.64981378585978,0.588532634236843,0.6043144936544242,0.652610888774152,6,6,28,2,available
human_source_holdout,H+SC,25,values_plus_missing,0.6189967430575859,0.6771809412305813,0.5608125448845906,0.6094136451529663,0.6647901252618614,6,6,28,2,available
human_source_holdout,H+SC,50,values_plus_missing,0.6127264043941344,0.6904700659376176,0.5349827428506511,0.6056950498160955,0.6586241882368118,6,6,28,2,available
human_source_holdout,H+SC,100,values_plus_missing,0.6153227145664956,0.692189196437322,0.5384562326956691,0.6122417789031093,0.6665035495006595,6,6,28,2,available
human_source_holdout,H+SC,200,values_plus_missing,0.6117315070336203,0.6836972101420814,0.5397658039251592,0.6031171493969935,0.6573181917773837,6,6,28,2,available
human_source_holdout,H+SC,all,values_plus_missing,0.6097588576556329,0.6836579454062625,0.5358597699050033,0.6018009325455012,0.6541237224303085,6,6,28,2,available
human_source_holdout,H+BC,25,values_plus_missing,0.5873408426535577,0.6266996952999744,0.5479819900071408,0.5890072481056231,0.6271812596686921,6,6,28,2,available
human_source_holdout,H+BC,50,values_plus_missing,0.5869136845045757,0.6344269127617004,0.5394004562474509,0.590952522948324,0.6229894249963476,6,6,28,2,available
human_source_holdout,H+BC,100,values_plus_missing,0.584102572230306,0.6352493973730818,0.5329557470875302,0.5887553708397679,0.6264454231469588,6,6,28,2,available
human_source_holdout,H+BC,200,values_plus_missing,0.5901219242850516,0.6217221179756621,0.558521730594441,0.5915710382218103,0.6256944818542006,6,6,28,2,available
human_source_holdout,H+BC,all,values_plus_missing,0.587454468473646,0.6165431950412424,0.5583657419060496,0.587081414682044,0.6243854168344497,6,6,28,2,available
human_source_holdout,SC+BC,25,values_plus_missing,0.6094917289932599,0.7107596796881558,0.5082237782983641,0.6035784138674203,0.6151631199918768,6,6,28,2,available
human_source_holdout,SC+BC,50,values_plus_missing,0.6208701666390612,0.7007509141231761,0.5409894191549464,0.617714272076886,0.6297310195908226,6,6,28,2,available
human_source_holdout,SC+BC,100,values_plus_missing,0.6276763549383019,0.6971206357059287,0.5582320741706751,0.6221106643675985,0.6396533768941858,6,6,28,2,available
human_source_holdout,SC+BC,200,values_plus_missing,0.6194623496825653,0.6972294024842238,0.5416952968809067,0.616019605396203,0.6336553834884795,6,6,28,2,available
human_source_holdout,SC+BC,all,values_plus_missing,0.617181872061591,0.704778273085615,0.5295854710375671,0.6144158031883219,0.6323329901202369,6,6,28,2,available
human_source_holdout,S+D+R,25,values_plus_missing,0.6652696043949599,0.7407783086331241,0.5897609001567958,0.6611562059292032,0.7375075565165998,6,6,28,2,available
human_source_holdout,S+D+R,50,values_plus_missing,0.6816963505923536,0.735695484310082,0.6276972168746252,0.6780894587878991,0.7486366526097934,6,6,28,2,available
human_source_holdout,S+D+R,100,values_plus_missing,0.6957037800861946,0.7411190027277167,0.6502885574446725,0.6823362606137003,0.7571771703045516,6,6,28,2,available
human_source_holdout,S+D+R,200,values_plus_missing,0.6893901620769306,0.7377420021937927,0.6410383219600686,0.6883866334791278,0.7622163806058669,6,6,28,2,available
human_source_holdout,S+D+R,all,values_plus_missing,0.6907903509954542,0.735832413036654,0.6457482889542544,0.6851793388600801,0.7633542667280845,6,6,28,2,available
human_source_holdout,S+D+P,25,values_plus_missing,0.6269519251854153,0.6950804350284603,0.5588234153423705,0.6228378729953585,0.6935655607854658,6,6,28,2,available
human_source_holdout,S+D+P,50,values_plus_missing,0.6495843160818461,0.6981266344151594,0.601041997748533,0.6408620937101278,0.7103998359792004,6,6,28,2,available
human_source_holdout,S+D+P,100,values_plus_missing,0.6504832647887845,0.7008317872399471,0.6001347423376218,0.6426575800841724,0.7174434017869554,6,6,28,2,available
human_source_holdout,S+D+P,200,values_plus_missing,0.6538432293729584,0.7049040689094866,0.6027823898364301,0.6456183085088051,0.7197230000382693,6,6,28,2,available
human_source_holdout,S+D+P,all,values_plus_missing,0.6500610679000588,0.7050235805869182,0.5950985552131994,0.6419941385538652,0.7197882940327366,6,6,28,2,available
human_source_holdout,S+D+F,25,values_plus_missing,0.6771088612556131,0.7427892578141387,0.6114284646970874,0.6614622214603176,0.7385850339845851,6,6,28,2,available
human_source_holdout,S+D+F,50,values_plus_missing,0.6791905564038537,0.7435535106730383,0.614827602134669,0.6677531194615703,0.740739755126249,6,6,28,2,available
human_source_holdout,S+D+F,100,values_plus_missing,0.6730891994243408,0.746273895036876,0.5999045038118057,0.6627474732682272,0.7427459928238951,6,6,28,2,available
human_source_holdout,S+D+F,200,values_plus_missing,0.6777366481548383,0.7488134509133028,0.606659845396374,0.6605677342691163,0.7461729360006748,6,6,28,2,available
human_source_holdout,S+D+F,all,values_plus_missing,0.6821554269675457,0.7511417776601186,0.6131690762749729,0.6649444706081903,0.7479073399544706,6,6,28,2,available
human_source_holdout,S+D+H,25,values_plus_missing,0.6244456338491099,0.7174552009133303,0.5314360667848893,0.6197842527496411,0.6955334940995803,6,6,28,2,available
human_source_holdout,S+D+H,50,values_plus_missing,0.6392749873391604,0.7148092171854151,0.5637407574929058,0.6322657803947521,0.7040497607101429,6,6,28,2,available
human_source_holdout,S+D+H,100,values_plus_missing,0.6345828566713,0.7148906317688314,0.5542750815737688,0.6287407190035635,0.7111085516618232,6,6,28,2,available
human_source_holdout,S+D+H,200,values_plus_missing,0.6429346332230965,0.7157999986559335,0.5700692677902596,0.6329708832784273,0.7127499295658392,6,6,28,2,available
human_source_holdout,S+D+H,all,values_plus_missing,0.6389504369145418,0.7160505563163131,0.5618503175127706,0.631165523107317,0.7136997931079685,6,6,28,2,available
human_source_holdout,S+D+SC,25,values_plus_missing,0.6294754191301243,0.7152663418057288,0.5436844964545197,0.619133416798873,0.6881973720605016,6,6,28,2,available
human_source_holdout,S+D+SC,50,values_plus_missing,0.6508933581823543,0.7103235560791937,0.5914631602855146,0.6414575120714047,0.7007381243750118,6,6,28,2,available
human_source_holdout,S+D+SC,100,values_plus_missing,0.646470967310033,0.7055062035012057,0.5874357311188604,0.6354183646002524,0.7071353553414264,6,6,28,2,available
human_source_holdout,S+D+SC,200,values_plus_missing,0.646336172216658,0.7025838009526747,0.590088543480641,0.635991511899588,0.7061167859723556,6,6,28,2,available
human_source_holdout,S+D+SC,all,values_plus_missing,0.6455545561847503,0.7048712857944834,0.5862378265750173,0.6351681240618957,0.705881204712375,6,6,28,2,available
human_source_holdout,S+D+BC,25,values_plus_missing,0.6259035861644693,0.7046237223375432,0.5471834499913952,0.6156896252277773,0.6927489185335106,6,6,28,2,available
human_source_holdout,S+D+BC,50,values_plus_missing,0.6447583748790183,0.7021596058438377,0.5873571439141989,0.6342525065516118,0.706231218779306,6,6,28,2,available
human_source_holdout,S+D+BC,100,values_plus_missing,0.6407004611501297,0.6999783326510519,0.5814225896492075,0.631581017495571,0.7083101958986463,6,6,28,2,available
human_source_holdout,S+D+BC,200,values_plus_missing,0.644673131335758,0.7026901229892285,0.5866561396822875,0.6376265312491264,0.711064837307199,6,6,28,2,available
human_source_holdout,S+D+BC,all,values_plus_missing,0.6479127148722427,0.7017516031264938,0.5940738266179917,0.636832936363585,0.710235760825154,6,6,28,2,available
human_source_holdout,S+R+P,25,values_plus_missing,0.6420695680993324,0.7267342804056282,0.5574048557930366,0.6398020906940559,0.7135404293502764,6,6,28,2,available
human_source_holdout,S+R+P,50,values_plus_missing,0.6615610390408632,0.7221248455968378,0.6009972324848886,0.6568949926514617,0.7311248419944638,6,6,28,2,available
human_source_holdout,S+R+P,100,values_plus_missing,0.6696324807732039,0.7374092813378103,0.6018556802085977,0.6658051798338404,0.7438238908359038,6,6,28,2,available
human_source_holdout,S+R+P,200,values_plus_missing,0.672748198024346,0.7340762526573789,0.6114201433913132,0.6691195755738267,0.7483544826347549,6,6,28,2,available
human_source_holdout,S+R+P,all,values_plus_missing,0.6673604621812798,0.7339103526942634,0.6008105716682961,0.6628802800195398,0.7487069880009048,6,6,28,2,available
human_source_holdout,S+R+F,25,values_plus_missing,0.6780601205830651,0.7614418022986276,0.5946784388675026,0.6700585760250214,0.7529855216156266,6,6,28,2,available
human_source_holdout,S+R+F,50,values_plus_missing,0.6918992879816176,0.7615863486498234,0.6222122273134119,0.6839244777916916,0.7612818592226304,6,6,28,2,available
human_source_holdout,S+R+F,100,values_plus_missing,0.6942542786600087,0.7675751913779748,0.6209333659420423,0.6832302823304732,0.765382731015095,6,6,28,2,available
human_source_holdout,S+R+F,200,values_plus_missing,0.694963374441801,0.7648224381348555,0.6251043107487465,0.6822610966015347,0.7716147677073161,6,6,28,2,available
human_source_holdout,S+R+F,all,values_plus_missing,0.6962032896522587,0.7681358615112127,0.6242707177933048,0.68350762320406,0.7740341072453903,6,6,28,2,available
human_source_holdout,S+R+H,25,values_plus_missing,0.6515770226702992,0.7505567393770933,0.552597305963505,0.6512669976434294,0.7265144828155325,6,6,28,2,available
human_source_holdout,S+R+H,50,values_plus_missing,0.6671017579646735,0.7431781692725258,0.5910253466568213,0.6591017937370114,0.7327561378149082,6,6,28,2,available
human_source_holdout,S+R+H,100,values_plus_missing,0.6743389329569062,0.7525419204808058,0.5961359454330066,0.6605362161338318,0.7476702014395057,6,6,28,2,available
human_source_holdout,S+R+H,200,values_plus_missing,0.6740457909978512,0.7446034804473293,0.6034881015483731,0.6650303478296672,0.7527441862698037,6,6,28,2,available
human_source_holdout,S+R+H,all,values_plus_missing,0.6736191462363662,0.746083272222937,0.6011550202497954,0.6670141417301293,0.7549427275420857,6,6,28,2,available
human_source_holdout,S+R+SC,25,values_plus_missing,0.6474171328753978,0.7556611809140708,0.5391730848367249,0.6415848703684732,0.7169968050580048,6,6,28,2,available
human_source_holdout,S+R+SC,50,values_plus_missing,0.674755434543214,0.7466811702254655,0.6028296988609623,0.6683990617259737,0.731095748973652,6,6,28,2,available
human_source_holdout,S+R+SC,100,values_plus_missing,0.6734258621572023,0.7518913499851726,0.5949603743292321,0.6714337432516225,0.7430120162729039,6,6,28,2,available
human_source_holdout,S+R+SC,200,values_plus_missing,0.6828179232224568,0.7430731874852197,0.6225626589596941,0.6738926211390294,0.745333805416786,6,6,28,2,available
human_source_holdout,S+R+SC,all,values_plus_missing,0.6803101797025669,0.7449432343424035,0.6156771250627301,0.6724734991278969,0.7473316869158753,6,6,28,2,available
human_source_holdout,S+R+BC,25,values_plus_missing,0.6460053323066094,0.7375016438810579,0.5545090207321609,0.6388002741383901,0.7205451605825111,6,6,28,2,available
human_source_holdout,S+R+BC,50,values_plus_missing,0.6653367531312789,0.7296845281586627,0.6009889781038952,0.6590890253496001,0.7329415031696996,6,6,28,2,available
human_source_holdout,S+R+BC,100,values_plus_missing,0.6661265296633334,0.7383700776703148,0.593882981656352,0.6597258811079366,0.7410568652765422,6,6,28,2,available
human_source_holdout,S+R+BC,200,values_plus_missing,0.667847179536135,0.7343848287078568,0.6013095303644134,0.6625411923029407,0.745557862733663,6,6,28,2,available
human_source_holdout,S+R+BC,all,values_plus_missing,0.6660918353214217,0.7336805381460728,0.5985031324967707,0.6575903190862086,0.7463343006938937,6,6,28,2,available
human_source_holdout,S+P+F,25,values_plus_missing,0.6744981138100864,0.739922630897167,0.6090735967230057,0.6592536265214979,0.7296351766827642,6,6,28,2,available
human_source_holdout,S+P+F,50,values_plus_missing,0.6781236871005198,0.7375418353004196,0.6187055389006203,0.6687703852478727,0.7386333630016481,6,6,28,2,available
human_source_holdout,S+P+F,100,values_plus_missing,0.6846203625315956,0.7466833256522573,0.622557399410934,0.6707294356921145,0.7439193071305052,6,6,28,2,available
human_source_holdout,S+P+F,200,values_plus_missing,0.6813403970563451,0.7500380357718592,0.6126427583408308,0.6663445953888892,0.7472256136274487,6,6,28,2,available
human_source_holdout,S+P+F,all,values_plus_missing,0.6869111222414858,0.7560441959451311,0.6177780485378406,0.6690863012663698,0.7496592495866023,6,6,28,2,available
human_source_holdout,S+P+H,25,values_plus_missing,0.6208941614328947,0.7052929012668449,0.5364954215989444,0.615331524201593,0.6806733263267473,6,6,28,2,available
human_source_holdout,S+P+H,50,values_plus_missing,0.6334455951894143,0.7061429268571592,0.5607482635216695,0.6276519926381682,0.6915249532630491,6,6,28,2,available
human_source_holdout,S+P+H,100,values_plus_missing,0.6333246467163768,0.7158164256041707,0.5508328678285831,0.6300443367932492,0.7062263191966327,6,6,28,2,available
human_source_holdout,S+P+H,200,values_plus_missing,0.6399745503198796,0.7178325526078977,0.5621165480318616,0.6340095968499372,0.7085898950171449,6,6,28,2,available
human_source_holdout,S+P+H,all,values_plus_missing,0.6382505819598278,0.7173143622032404,0.5591868017164153,0.6310180442845966,0.7100450461787612,6,6,28,2,available
human_source_holdout,S+P+SC,25,values_plus_missing,0.6255891794057294,0.714921203108296,0.5362571557031629,0.6164621747320321,0.6731355700828203,6,6,28,2,available
human_source_holdout,S+P+SC,50,values_plus_missing,0.6461340952564424,0.7091085579448939,0.5831596325679909,0.6365691981841638,0.6909163761070489,6,6,28,2,available
human_source_holdout,S+P+SC,100,values_plus_missing,0.6511262855821917,0.7138747349307453,0.5883778362336379,0.6403059235914165,0.7029624279683026,6,6,28,2,available
human_source_holdout,S+P+SC,200,values_plus_missing,0.6448105300266761,0.7109490424181647,0.5786720176351876,0.639049749579654,0.7025758319063904,6,6,28,2,available
human_source_holdout,S+P+SC,all,values_plus_missing,0.645082407121741,0.7114146871183252,0.5787501271251568,0.6371354359552701,0.7025456510774724,6,6,28,2,available
human_source_holdout,S+P+BC,25,values_plus_missing,0.617429371484011,0.6957407130682541,0.539118029899768,0.6104988113194652,0.670391967298533,6,6,28,2,available
human_source_holdout,S+P+BC,50,values_plus_missing,0.6360152296259002,0.690624621370662,0.5814058378811382,0.6261070633069693,0.6912543744231716,6,6,28,2,available
human_source_holdout,S+P+BC,100,values_plus_missing,0.6352144781277965,0.699767296609755,0.570661659645838,0.6296553027699018,0.6994357888151065,6,6,28,2,available
human_source_holdout,S+P+BC,200,values_plus_missing,0.6402626351912392,0.703677372486451,0.5768478978960273,0.6318562750611639,0.7025421279805031,6,6,28,2,available
human_source_holdout,S+P+BC,all,values_plus_missing,0.6421226979636415,0.705594780768775,0.5786506151585081,0.6326377264763394,0.7019658285100455,6,6,28,2,available
human_source_holdout,S+F+H,25,values_plus_missing,0.6667671700595202,0.7575723754394903,0.57596196467955,0.65419922035607,0.7354007665826491,6,6,28,2,available
human_source_holdout,S+F+H,50,values_plus_missing,0.6702328170979497,0.7514347269089509,0.5890309072869487,0.665053251882779,0.7350911254847772,6,6,28,2,available
human_source_holdout,S+F+H,100,values_plus_missing,0.6754341061569286,0.7592596440413995,0.5916085682724576,0.6621275604933841,0.7430904686218109,6,6,28,2,available
human_source_holdout,S+F+H,200,values_plus_missing,0.6732309148420236,0.7637216018087365,0.5827402278753108,0.6622529991821198,0.7466047107525263,6,6,28,2,available
human_source_holdout,S+F+H,all,values_plus_missing,0.6825460609982619,0.765812214653888,0.5992799073426358,0.6664909599366912,0.7490272097709434,6,6,28,2,available
human_source_holdout,S+F+SC,25,values_plus_missing,0.6762682003911814,0.7541815471411183,0.5983548536412445,0.6614324882731067,0.7286665486076129,6,6,28,2,available
human_source_holdout,S+F+SC,50,values_plus_missing,0.6829625645084664,0.747544210070045,0.6183809189468877,0.6761447909900812,0.7332243458573935,6,6,28,2,available
human_source_holdout,S+F+SC,100,values_plus_missing,0.679959747424479,0.7530654891880278,0.6068540056609301,0.6688739568585215,0.7375834849398318,6,6,28,2,available
human_source_holdout,S+F+SC,200,values_plus_missing,0.6781282413615591,0.7541769505116364,0.6020795322114816,0.6652612652068032,0.740458933842996,6,6,28,2,available
human_source_holdout,S+F+SC,all,values_plus_missing,0.6801312400740146,0.75807201518817,0.6021904649598592,0.6662359397556551,0.7421627688863044,6,6,28,2,available
human_source_holdout,S+F+BC,25,values_plus_missing,0.6768564378094544,0.7481723170138057,0.6055405586051031,0.6631422801388754,0.7339940541874681,6,6,28,2,available
human_source_holdout,S+F+BC,50,values_plus_missing,0.6781178613026722,0.7408389181476274,0.6153968044577169,0.667987098751992,0.7381954777573121,6,6,28,2,available
human_source_holdout,S+F+BC,100,values_plus_missing,0.6775940189625779,0.7476191804601772,0.6075688574649786,0.665946014116109,0.7401262080391234,6,6,28,2,available
human_source_holdout,S+F+BC,200,values_plus_missing,0.6752846600783419,0.7474260513829257,0.6031432687737582,0.6599601773389273,0.7438154351233746,6,6,28,2,available
human_source_holdout,S+F+BC,all,values_plus_missing,0.6783064434084318,0.7518169485556069,0.6047959382612565,0.6620511222609665,0.7452773669406432,6,6,28,2,available
human_source_holdout,S+H+SC,25,values_plus_missing,0.6347413233405598,0.7317744010436971,0.5377082456374224,0.6258002396123727,0.6777876348695672,6,6,28,2,available
human_source_holdout,S+H+SC,50,values_plus_missing,0.6392131289896313,0.7246352565664718,0.5537910014127908,0.6317126809688718,0.6844680189611448,6,6,28,2,available
human_source_holdout,S+H+SC,100,values_plus_missing,0.6378581967007464,0.7279290051794206,0.5477873882220723,0.631294388831264,0.6967960152208799,6,6,28,2,available
human_source_holdout,S+H+SC,200,values_plus_missing,0.6382998801312789,0.7227638869727725,0.5538358732897853,0.6277969980383801,0.6955365871072706,6,6,28,2,available
human_source_holdout,S+H+SC,all,values_plus_missing,0.6406119674627523,0.7238726734743879,0.5573512614511166,0.6315832824387057,0.6959815880479493,6,6,28,2,available
human_source_holdout,S+H+BC,25,values_plus_missing,0.618455534665333,0.7161752895060691,0.5207357798245967,0.6151508438583533,0.6777881421318229,6,6,28,2,available
human_source_holdout,S+H+BC,50,values_plus_missing,0.6306117688883291,0.7083140715151647,0.5529094662614935,0.6244295824718985,0.68724251471248,6,6,28,2,available
human_source_holdout,S+H+BC,100,values_plus_missing,0.6294557562436486,0.716666414405483,0.5422450980818142,0.6223680862254639,0.6960063534565817,6,6,28,2,available
human_source_holdout,S+H+BC,200,values_plus_missing,0.6378983481054556,0.7152133126272311,0.5605833835836803,0.6290338551928935,0.6986669817500077,6,6,28,2,available
human_source_holdout,S+H+BC,all,values_plus_missing,0.6307985744386805,0.7166117243961976,0.5449854244811635,0.6226021136570715,0.6995570956717342,6,6,28,2,available
human_source_holdout,S+SC+BC,25,values_plus_missing,0.630574826633148,0.722823091776771,0.538326561489525,0.620832624987485,0.6708331894345891,6,6,28,2,available
human_source_holdout,S+SC+BC,50,values_plus_missing,0.6486588275978836,0.7118093416437871,0.5855083135519802,0.638764612362006,0.6865734159374534,6,6,28,2,available
human_source_holdout,S+SC+BC,100,values_plus_missing,0.6510735497493296,0.7132284734079303,0.5889186260907288,0.6392051969254101,0.6934216761535289,6,6,28,2,available
human_source_holdout,S+SC+BC,200,values_plus_missing,0.6476669535462548,0.7101343746849348,0.5851995324075749,0.6384623583035421,0.693445766871737,6,6,28,2,available
human_source_holdout,S+SC+BC,all,values_plus_missing,0.6471991365679349,0.711544401031143,0.5828538721047267,0.6376942943386684,0.692456413826114,6,6,28,2,available
human_source_holdout,D+R+P,25,values_plus_missing,0.66443330189864,0.643905649172365,0.6849609546249152,0.6613361924092792,0.7092564041773184,6,6,28,2,available
human_source_holdout,D+R+P,50,values_plus_missing,0.6661480657825595,0.6796369759705195,0.6526591555945992,0.657681434949139,0.7168883454143803,6,6,28,2,available
human_source_holdout,D+R+P,100,values_plus_missing,0.6719104754721118,0.680437566283813,0.6633833846604107,0.6651353585917389,0.7275646570483526,6,6,28,2,available
human_source_holdout,D+R+P,200,values_plus_missing,0.6727097557874085,0.6737548603588199,0.6716646512159973,0.6679832538450113,0.7277687074667616,6,6,28,2,available
human_source_holdout,D+R+P,all,values_plus_missing,0.6735472237557407,0.6689991358957311,0.6780953116157503,0.6667948362518549,0.727580923218316,6,6,28,2,available
human_source_holdout,D+R+F,25,values_plus_missing,0.6734923680859302,0.6901000660394692,0.6568846701323913,0.6591500114452221,0.7208249876661704,6,6,28,2,available
human_source_holdout,D+R+F,50,values_plus_missing,0.6795868003537535,0.7091403940280246,0.6500332066794822,0.661715089436236,0.7179662689169072,6,6,28,2,available
human_source_holdout,D+R+F,100,values_plus_missing,0.6804596063056477,0.707528016474194,0.6533911961371013,0.6560837872252513,0.7250740296168153,6,6,28,2,available
human_source_holdout,D+R+F,200,values_plus_missing,0.6807640773603877,0.706637720187092,0.6548904345336833,0.6591644524271604,0.7269642396339433,6,6,28,2,available
human_source_holdout,D+R+F,all,values_plus_missing,0.6826910900001081,0.7066709160965892,0.6587112639036273,0.658539873820521,0.728158437913596,6,6,28,2,available
human_source_holdout,D+R+H,25,values_plus_missing,0.6710336733173367,0.7047205585197373,0.6373467881149361,0.6670389528918431,0.7314235582891125,6,6,28,2,available
human_source_holdout,D+R+H,50,values_plus_missing,0.6648834647909061,0.720934084614098,0.6088328449677142,0.6592811818083388,0.729390468300308,6,6,28,2,available
human_source_holdout,D+R+H,100,values_plus_missing,0.6769879597300305,0.7211997152422293,0.6327762042178318,0.6739263281962194,0.7416395030694705,6,6,28,2,available
human_source_holdout,D+R+H,200,values_plus_missing,0.6755074124039585,0.7078376948569062,0.6431771299510106,0.6696566011437858,0.7395460665659034,6,6,28,2,available
human_source_holdout,D+R+H,all,values_plus_missing,0.6766593979264045,0.7055928414466215,0.6477259544061875,0.6700090516671157,0.7412593831716724,6,6,28,2,available
human_source_holdout,D+R+SC,25,values_plus_missing,0.6654389044300187,0.7240428142833631,0.6068349945766743,0.6562132437268462,0.7224402589724289,6,6,28,2,available
human_source_holdout,D+R+SC,50,values_plus_missing,0.6554347247767706,0.7356155006357504,0.5752539489177907,0.6525386209172225,0.7294734316150385,6,6,28,2,available
human_source_holdout,D+R+SC,100,values_plus_missing,0.6708299556905813,0.7249819013925372,0.6166780099886258,0.6564245862575914,0.7388687292980823,6,6,28,2,available
human_source_holdout,D+R+SC,200,values_plus_missing,0.6736058087652409,0.7164546673608293,0.6307569501696525,0.6580700333462245,0.7388394254790757,6,6,28,2,available
human_source_holdout,D+R+SC,all,values_plus_missing,0.6724899920718926,0.7148751309131546,0.6301048532306307,0.6579025543539188,0.7392274882931577,6,6,28,2,available
human_source_holdout,D+R+BC,25,values_plus_missing,0.6532822446997977,0.6716849288663885,0.6348795605332067,0.64785341340683,0.7103844004826068,6,6,28,2,available
human_source_holdout,D+R+BC,50,values_plus_missing,0.6591640860528026,0.6943689199874251,0.6239592521181802,0.6486119262637263,0.7108410607043991,6,6,28,2,available
human_source_holdout,D+R+BC,100,values_plus_missing,0.65982855859338,0.6832022582077116,0.6364548589790483,0.648894373907872,0.719675804888288,6,6,28,2,available
human_source_holdout,D+R+BC,200,values_plus_missing,0.6537534112576363,0.6699073125006864,0.6375995100145863,0.6506702892913092,0.7181993056922839,6,6,28,2,available
human_source_holdout,D+R+BC,all,values_plus_missing,0.66039847001542,0.6677154951591587,0.6530814448716813,0.653255346151266,0.718725248393589,6,6,28,2,available
human_source_holdout,D+P+F,25,values_plus_missing,0.6570782622678902,0.6549041322136567,0.6592523923221236,0.6476292842826381,0.6906746596399892,6,6,28,2,available
human_source_holdout,D+P+F,50,values_plus_missing,0.6423810485714687,0.6611482299317788,0.6236138672111586,0.63491709094833,0.6813610608359572,6,6,28,2,available
human_source_holdout,D+P+F,100,values_plus_missing,0.6456684936430508,0.6680814094800205,0.6232555778060811,0.6338633617279759,0.6867151815357097,6,6,28,2,available
human_source_holdout,D+P+F,200,values_plus_missing,0.6444462489315211,0.6726192238367297,0.6162732740263125,0.6338648164249823,0.6868736412598794,6,6,28,2,available
human_source_holdout,D+P+F,all,values_plus_missing,0.6423385375538107,0.6746287959677835,0.6100482791398377,0.6322091816080185,0.6878973200770567,6,6,28,2,available
human_source_holdout,D+P+H,25,values_plus_missing,0.6424445589221256,0.612371244540996,0.6725178733032552,0.6389934846826517,0.6867690628346532,6,6,28,2,available
human_source_holdout,D+P+H,50,values_plus_missing,0.6324142660360607,0.6271403188959911,0.6376882131761304,0.6281605530468559,0.6870798646555238,6,6,28,2,available
human_source_holdout,D+P+H,100,values_plus_missing,0.637996989693877,0.6314256975005715,0.6445682818871824,0.634621770977066,0.6950636591906331,6,6,28,2,available
human_source_holdout,D+P+H,200,values_plus_missing,0.6381369597684331,0.636766337693862,0.6395075818430042,0.6351460651578719,0.6941963465732786,6,6,28,2,available
human_source_holdout,D+P+H,all,values_plus_missing,0.6379083136754641,0.6319431642961995,0.6438734630547288,0.6379530668861831,0.693653868565731,6,6,28,2,available
human_source_holdout,D+P+SC,25,values_plus_missing,0.6296351996974657,0.6386415121858089,0.6206288872091227,0.6247922789563208,0.6812518888880198,6,6,28,2,available
human_source_holdout,D+P+SC,50,values_plus_missing,0.645629554997864,0.657477626777899,0.6337814832178289,0.6365261026060148,0.6896752225582043,6,6,28,2,available
human_source_holdout,D+P+SC,100,values_plus_missing,0.642451087998957,0.6494526911082379,0.6354494848896762,0.6347849661820019,0.6983538764916847,6,6,28,2,available
human_source_holdout,D+P+SC,200,values_plus_missing,0.6424868604790898,0.6517541268211117,0.6332195941370679,0.6354501044798171,0.6963621960857186,6,6,28,2,available
human_source_holdout,D+P+SC,all,values_plus_missing,0.6402425145945475,0.6513788942557868,0.6291061349333081,0.6335129926482049,0.6951493783909324,6,6,28,2,available
human_source_holdout,D+P+BC,25,values_plus_missing,0.6157787184379374,0.5252033764258878,0.7063540604499869,0.6109223300915333,0.6570869060199592,6,6,28,2,available
human_source_holdout,D+P+BC,50,values_plus_missing,0.6146818676837732,0.5538538664873124,0.6755098688802339,0.6091712932585883,0.6596793449165401,6,6,28,2,available
human_source_holdout,D+P+BC,100,values_plus_missing,0.6166628887039745,0.5586967505567553,0.6746290268511936,0.6135145090151088,0.6648838489785541,6,6,28,2,available
human_source_holdout,D+P+BC,200,values_plus_missing,0.6168861151976364,0.5688519236459767,0.664920306749296,0.6142412216851504,0.6663109026592231,6,6,28,2,available
human_source_holdout,D+P+BC,all,values_plus_missing,0.6178206862544121,0.5644161037051717,0.6712252688036527,0.618293029529321,0.6661187762219375,6,6,28,2,available
human_source_holdout,D+F+H,25,values_plus_missing,0.6575900564710904,0.6785039448419398,0.6366761681002412,0.6505149520979836,0.7042791844079519,6,6,28,2,available
human_source_holdout,D+F+H,50,values_plus_missing,0.6360416997034434,0.6863757859474099,0.5857076134594769,0.6378100575421992,0.6888375257795342,6,6,28,2,available
human_source_holdout,D+F+H,100,values_plus_missing,0.6395143126579949,0.6881500611273083,0.5908785641886815,0.6371432528138635,0.6987495688151696,6,6,28,2,available
human_source_holdout,D+F+H,200,values_plus_missing,0.6394034594294005,0.6893865933503825,0.5894203255084184,0.6373310938769562,0.6972018206398722,6,6,28,2,available
human_source_holdout,D+F+H,all,values_plus_missing,0.6374331998810914,0.6891291835156254,0.5857372162465573,0.6359530906863595,0.6972021919460935,6,6,28,2,available
human_source_holdout,D+F+SC,25,values_plus_missing,0.671083799680169,0.6861643586472862,0.6560032407130517,0.6574324533552507,0.7116437049738149,6,6,28,2,available
human_source_holdout,D+F+SC,50,values_plus_missing,0.6586745852125026,0.6997964012165837,0.6175527692084213,0.6465337252628882,0.7013158919399408,6,6,28,2,available
human_source_holdout,D+F+SC,100,values_plus_missing,0.6596699691525302,0.6968244569010184,0.6225154814040419,0.6496194973678476,0.7055144613249625,6,6,28,2,available
human_source_holdout,D+F+SC,200,values_plus_missing,0.657351486729684,0.698105395178981,0.616597578280387,0.646827784649059,0.7037630671830193,6,6,28,2,available
human_source_holdout,D+F+SC,all,values_plus_missing,0.6588776385959103,0.7028019897148187,0.6149532874770021,0.6475117286440768,0.7047268050177243,6,6,28,2,available
human_source_holdout,D+F+BC,25,values_plus_missing,0.6503245526838258,0.6537018043128041,0.6469473010548475,0.6372937920568287,0.6853806951521239,6,6,28,2,available
human_source_holdout,D+F+BC,50,values_plus_missing,0.6421183292894146,0.6656265678329316,0.6186100907458977,0.6272293082602126,0.6712738188360695,6,6,28,2,available
human_source_holdout,D+F+BC,100,values_plus_missing,0.6400795603014137,0.6657767427586919,0.6143823778441354,0.6264487451535993,0.6770109834179044,6,6,28,2,available
human_source_holdout,D+F+BC,200,values_plus_missing,0.6352231824255704,0.6671795047627097,0.6032668600884311,0.6243742364467469,0.6766040688800159,6,6,28,2,available
human_source_holdout,D+F+BC,all,values_plus_missing,0.6355456819923341,0.6689513587734123,0.6021400052112558,0.623060498835381,0.6763702169924176,6,6,28,2,available
human_source_holdout,D+H+SC,25,values_plus_missing,0.6367210004283508,0.6713811234941103,0.6020608773625913,0.6274682143675769,0.6926570560975642,6,6,28,2,available
human_source_holdout,D+H+SC,50,values_plus_missing,0.6342617791927077,0.6838722706094303,0.5846512877759851,0.6281348262411814,0.6866835721376238,6,6,28,2,available
human_source_holdout,D+H+SC,100,values_plus_missing,0.630567203584115,0.6764635202571946,0.5846708869110355,0.628851894979881,0.6954999571126341,6,6,28,2,available
human_source_holdout,D+H+SC,200,values_plus_missing,0.6191003898277634,0.6750959200232732,0.5631048596322537,0.6164346146299818,0.6881812925937937,6,6,28,2,available
human_source_holdout,D+H+SC,all,values_plus_missing,0.6196902585828098,0.6724017213685286,0.566978795797091,0.6179644972030578,0.6866561313885212,6,6,28,2,available
human_source_holdout,D+H+BC,25,values_plus_missing,0.6362955715874405,0.629214348322418,0.643376794852463,0.6309375713276703,0.6789342196750583,6,6,28,2,available
human_source_holdout,D+H+BC,50,values_plus_missing,0.6231478724848395,0.6379883512647399,0.6083073937049391,0.619957762182994,0.6742814628150053,6,6,28,2,available
human_source_holdout,D+H+BC,100,values_plus_missing,0.6275080757002341,0.6312287417364502,0.6237874096640179,0.6284144788728793,0.6799357711340601,6,6,28,2,available
human_source_holdout,D+H+BC,200,values_plus_missing,0.6251480837845572,0.6340184171281157,0.6162777504409988,0.6276743448725165,0.6775360415054965,6,6,28,2,available
human_source_holdout,D+H+BC,all,values_plus_missing,0.6243873372618002,0.628339728175121,0.6204349463484796,0.6242071927179796,0.6774802422556168,6,6,28,2,available
human_source_holdout,D+SC+BC,25,values_plus_missing,0.618399905227474,0.6548654770026922,0.5819343334522559,0.6120585512237092,0.6665324407952404,6,6,28,2,available
human_source_holdout,D+SC+BC,50,values_plus_missing,0.6188408389989367,0.6559314068645253,0.5817502711333481,0.6148455135102829,0.6719711653094899,6,6,28,2,available
human_source_holdout,D+SC+BC,100,values_plus_missing,0.6221837326194186,0.6478065011673452,0.5965609640714921,0.6152961963563169,0.6785801289114783,6,6,28,2,available
human_source_holdout,D+SC+BC,200,values_plus_missing,0.6142151227703946,0.6436820068834326,0.5847482386573565,0.6047642996160126,0.6758053610701974,6,6,28,2,available
human_source_holdout,D+SC+BC,all,values_plus_missing,0.6166310345177034,0.6455407664893047,0.587721302546102,0.6076836594426918,0.6741539564421748,6,6,28,2,available
human_source_holdout,R+P+F,25,values_plus_missing,0.6644800177202398,0.6817522039942562,0.6472078314462234,0.6460352246805577,0.7016805447027191,6,6,28,2,available
human_source_holdout,R+P+F,50,values_plus_missing,0.662545241494911,0.6930119334944397,0.6320785494953823,0.6460135398579808,0.7033314549788431,6,6,28,2,available
human_source_holdout,R+P+F,100,values_plus_missing,0.660198502736435,0.7072024387511465,0.6131945667217233,0.6430851717250675,0.7060317065768503,6,6,28,2,available
human_source_holdout,R+P+F,200,values_plus_missing,0.6603628262490058,0.7016075589992147,0.6191180934987967,0.6428250488966684,0.7117223429726274,6,6,28,2,available
human_source_holdout,R+P+F,all,values_plus_missing,0.6667888318322683,0.7037219845331962,0.6298556791313402,0.6497467168089442,0.7141824117306245,6,6,28,2,available
human_source_holdout,R+P+H,25,values_plus_missing,0.6556276179065356,0.6884765189413121,0.6227787168717592,0.6507980206296776,0.7036869753355016,6,6,28,2,available
human_source_holdout,R+P+H,50,values_plus_missing,0.6635153682908003,0.7168534061720028,0.6101773304095979,0.6535555376226885,0.702654920171572,6,6,28,2,available
human_source_holdout,R+P+H,100,values_plus_missing,0.660145518675458,0.7260473094487349,0.5942437279021812,0.6576406855613869,0.7157233137838289,6,6,28,2,available
human_source_holdout,R+P+H,200,values_plus_missing,0.6650690738915118,0.7136511794440045,0.6164869683390193,0.6606226416346564,0.7170376173818218,6,6,28,2,available
human_source_holdout,R+P+H,all,values_plus_missing,0.6643269670903955,0.7116141039949228,0.6170398301858683,0.6578323726370222,0.7165870046423688,6,6,28,2,available
human_source_holdout,R+P+SC,25,values_plus_missing,0.6402247739814777,0.7408976028880673,0.5395519450748881,0.6333251815439792,0.6854404881891548,6,6,28,2,available
human_source_holdout,R+P+SC,50,values_plus_missing,0.643478928422713,0.7554994920584165,0.5314583647870098,0.640160807652197,0.6930008971401318,6,6,28,2,available
human_source_holdout,R+P+SC,100,values_plus_missing,0.644365494883187,0.7546328579614459,0.534098131804928,0.6374268288440296,0.7021808570027456,6,6,28,2,available
human_source_holdout,R+P+SC,200,values_plus_missing,0.6320219845315268,0.7450802615623976,0.5189637075006562,0.6368412480139912,0.703977668668881,6,6,28,2,available
human_source_holdout,R+P+SC,all,values_plus_missing,0.6323720242310219,0.7460211916680195,0.5187228567940242,0.6386614859515636,0.7048178474026033,6,6,28,2,available
human_source_holdout,R+P+BC,25,values_plus_missing,0.607543888854308,0.6909265906011012,0.5241611871075148,0.6065190272844212,0.659209748872739,6,6,28,2,available
human_source_holdout,R+P+BC,50,values_plus_missing,0.6137270892013597,0.7248565384292543,0.502597639973465,0.6196944334576238,0.6598116477809662,6,6,28,2,available
human_source_holdout,R+P+BC,100,values_plus_missing,0.6183028519925861,0.7381086934824999,0.4984970105026721,0.6179074901126651,0.6645183509909625,6,6,28,2,available
human_source_holdout,R+P+BC,200,values_plus_missing,0.6211707173988991,0.72580207129714,0.5165393635006582,0.6197966850942827,0.6675720209935205,6,6,28,2,available
human_source_holdout,R+P+BC,all,values_plus_missing,0.6192967999395126,0.7220362046835799,0.5165573951954453,0.6161782796010148,0.6683270993519242,6,6,28,2,available
human_source_holdout,R+F+H,25,values_plus_missing,0.6697577045816597,0.7179057633545921,0.6216096458087271,0.6578119328799892,0.7258848546890432,6,6,28,2,available
human_source_holdout,R+F+H,50,values_plus_missing,0.6674939402389493,0.7206886608163731,0.6142992196615256,0.64900046724877,0.7146088102226217,6,6,28,2,available
human_source_holdout,R+F+H,100,values_plus_missing,0.6719367710635676,0.7344918521814586,0.6093816899456765,0.6525636733600592,0.7261102513667529,6,6,28,2,available
human_source_holdout,R+F+H,200,values_plus_missing,0.6717347412418605,0.7270235994408433,0.6164458830428777,0.656011915056792,0.7281854772565993,6,6,28,2,available
human_source_holdout,R+F+H,all,values_plus_missing,0.6742362857555277,0.7302194123199958,0.6182531591910597,0.6583607687251437,0.7299080353694449,6,6,28,2,available
human_source_holdout,R+F+SC,25,values_plus_missing,0.6694970492147702,0.7077767188548277,0.6312173795747124,0.6509363387278232,0.7250100231818131,6,6,28,2,available
human_source_holdout,R+F+SC,50,values_plus_missing,0.6643094545598306,0.7195238481667334,0.6090950609529279,0.6457125954848225,0.7238181090167993,6,6,28,2,available
human_source_holdout,R+F+SC,100,values_plus_missing,0.6651746747590361,0.7333624336919481,0.5969869158261244,0.6487189129460947,0.7269246224412729,6,6,28,2,available
human_source_holdout,R+F+SC,200,values_plus_missing,0.6574090276300029,0.7273497917756121,0.5874682634843936,0.6483167221067844,0.7291027164674608,6,6,28,2,available
human_source_holdout,R+F+SC,all,values_plus_missing,0.6605476309670039,0.7303879644758914,0.5907072974581165,0.6514334460196437,0.731573419621356,6,6,28,2,available
human_source_holdout,R+F+BC,25,values_plus_missing,0.6556203986890637,0.6830230052331526,0.6282177921449749,0.6359442660384658,0.6980861043197926,6,6,28,2,available
human_source_holdout,R+F+BC,50,values_plus_missing,0.6526300957687641,0.6949317979256397,0.6103283936118884,0.6295439489350282,0.695999642596797,6,6,28,2,available
human_source_holdout,R+F+BC,100,values_plus_missing,0.6537081246830333,0.7052764928875287,0.6021397564785378,0.6324498462086304,0.7001574727289815,6,6,28,2,available
human_source_holdout,R+F+BC,200,values_plus_missing,0.6554685362489792,0.7000930413934467,0.6108440311045116,0.6387776633708729,0.7039517520261248,6,6,28,2,available
human_source_holdout,R+F+BC,all,values_plus_missing,0.6612938417315789,0.7029023486199987,0.619685334843159,0.644304361840053,0.7058889604887524,6,6,28,2,available
human_source_holdout,R+H+SC,25,values_plus_missing,0.6694396153451768,0.7458537245383936,0.5930255061519601,0.6589730702663069,0.7226733141741136,6,6,28,2,available
human_source_holdout,R+H+SC,50,values_plus_missing,0.6578846311586972,0.7544434992670789,0.5613257630503156,0.6552419259195977,0.7191452171485896,6,6,28,2,available
human_source_holdout,R+H+SC,100,values_plus_missing,0.6593761820369313,0.7595788038671163,0.5591735602067464,0.6581645905626449,0.7332053670448861,6,6,28,2,available
human_source_holdout,R+H+SC,200,values_plus_missing,0.6557340813159344,0.7416182726212109,0.5698498900106577,0.6581268432166026,0.729918066279313,6,6,28,2,available
human_source_holdout,R+H+SC,all,values_plus_missing,0.6617869410527546,0.7437413760294481,0.5798325060760611,0.6599848402195092,0.7302292696988674,6,6,28,2,available
human_source_holdout,R+H+BC,25,values_plus_missing,0.6473917969476101,0.7231959823805681,0.5715876115146518,0.6471516525970394,0.7007394019357314,6,6,28,2,available
human_source_holdout,R+H+BC,50,values_plus_missing,0.6506123578634518,0.7316207250755552,0.5696039906513486,0.6444669798187729,0.696614269826373,6,6,28,2,available
human_source_holdout,R+H+BC,100,values_plus_missing,0.6552464103512853,0.736444416736135,0.5740484039664356,0.6481666145879689,0.7072806455425571,6,6,28,2,available
human_source_holdout,R+H+BC,200,values_plus_missing,0.6555333906366306,0.7173814739724077,0.5936853073008536,0.649051402320282,0.7056769638053002,6,6,28,2,available
human_source_holdout,R+H+BC,all,values_plus_missing,0.6531298071337316,0.7177664981267183,0.5884931161407446,0.6481574941747702,0.7062027010338227,6,6,28,2,available
human_source_holdout,R+SC+BC,25,values_plus_missing,0.6263319343499737,0.7711494221147248,0.48151444658522236,0.6280662772968028,0.6750044704037086,6,6,28,2,available
human_source_holdout,R+SC+BC,50,values_plus_missing,0.6282281611521344,0.7693190678678167,0.48713725443645206,0.6324238061175852,0.679819932203612,6,6,28,2,available
human_source_holdout,R+SC+BC,100,values_plus_missing,0.6253946343081139,0.7594617363592459,0.49132753225698195,0.6301901943728806,0.6897369579194542,6,6,28,2,available
human_source_holdout,R+SC+BC,200,values_plus_missing,0.6201544934943277,0.7500900783913226,0.4902189085973328,0.6258008660123539,0.6904875530085983,6,6,28,2,available
human_source_holdout,R+SC+BC,all,values_plus_missing,0.620789741768274,0.7508545392930284,0.4907249442435195,0.6267896760493675,0.6926325169348718,6,6,28,2,available
human_source_holdout,P+F+H,25,values_plus_missing,0.6502807045618119,0.6752190536185657,0.6253423555050579,0.6432061157881338,0.6913846966436715,6,6,28,2,available
human_source_holdout,P+F+H,50,values_plus_missing,0.6391216134135423,0.6791019346726651,0.5991412921544195,0.6372634533087508,0.681121888214756,6,6,28,2,available
human_source_holdout,P+F+H,100,values_plus_missing,0.6354364306380903,0.6878629788557916,0.583009882420389,0.6323101834922635,0.6910932001033385,6,6,28,2,available
human_source_holdout,P+F+H,200,values_plus_missing,0.6454586591204975,0.6936172023742101,0.5973001158667849,0.6394535462485765,0.6925347213725741,6,6,28,2,available
human_source_holdout,P+F+H,all,values_plus_missing,0.6398196018365782,0.6957661409831397,0.5838730626900166,0.6395129824416402,0.6934473404645097,6,6,28,2,available
human_source_holdout,P+F+SC,25,values_plus_missing,0.653354029276706,0.6860166384992468,0.6206914200541651,0.6437894482915453,0.7032839200754558,6,6,28,2,available
human_source_holdout,P+F+SC,50,values_plus_missing,0.6505530111038819,0.68938411122466,0.6117219109831036,0.6382320202952978,0.6984667315762617,6,6,28,2,available
human_source_holdout,P+F+SC,100,values_plus_missing,0.6550004897493134,0.6992371827029493,0.6107637967956773,0.6390970768482224,0.7023441379679919,6,6,28,2,available
human_source_holdout,P+F+SC,200,values_plus_missing,0.6561113189725999,0.7022336442186566,0.609988993726543,0.6438546157389705,0.7013420093300848,6,6,28,2,available
human_source_holdout,P+F+SC,all,values_plus_missing,0.6542644726797758,0.7085692580891063,0.5999596872704455,0.6451329862554543,0.7027739802189348,6,6,28,2,available
human_source_holdout,P+F+BC,25,values_plus_missing,0.6443801455195198,0.645341129597932,0.6434191614411074,0.6282855617938421,0.6656444734603602,6,6,28,2,available
human_source_holdout,P+F+BC,50,values_plus_missing,0.6358604571089602,0.6437088672457421,0.6280120469721785,0.6214990396269029,0.6560817881960546,6,6,28,2,available
human_source_holdout,P+F+BC,100,values_plus_missing,0.6314057101861604,0.6531485100482035,0.6096629103241172,0.6164300501344421,0.6589416998690111,6,6,28,2,available
human_source_holdout,P+F+BC,200,values_plus_missing,0.6375591628186119,0.6576169202888474,0.6175014053483764,0.6213491960993786,0.6629389362302183,6,6,28,2,available
human_source_holdout,P+F+BC,all,values_plus_missing,0.6356384882653786,0.6633309869166886,0.6079459896140688,0.6217254386400365,0.6642589500722521,6,6,28,2,available
human_source_holdout,P+H+SC,25,values_plus_missing,0.6201913067451672,0.6624244434216625,0.5779581700686719,0.6112341544143899,0.6726773607517144,6,6,28,2,available
human_source_holdout,P+H+SC,50,values_plus_missing,0.6163216527981915,0.6841769873077341,0.5484663182886489,0.6116758018776396,0.6699613498342123,6,6,28,2,available
human_source_holdout,P+H+SC,100,values_plus_missing,0.6214061075219041,0.6895866150746294,0.5532255999691787,0.6162851582642305,0.6826244877817388,6,6,28,2,available
human_source_holdout,P+H+SC,200,values_plus_missing,0.619215925826354,0.6852349006683097,0.5531969509843983,0.6096707834777385,0.6764292146090314,6,6,28,2,available
human_source_holdout,P+H+SC,all,values_plus_missing,0.6128086907669693,0.6840375910020162,0.5415797905319223,0.6057148528544728,0.6728170448057765,6,6,28,2,available
human_source_holdout,P+H+BC,25,values_plus_missing,0.5977025231443504,0.5955524507405845,0.5998525955481161,0.5999837423793214,0.6379075564450349,6,6,28,2,available
human_source_holdout,P+H+BC,50,values_plus_missing,0.5972949987362647,0.6206545535663904,0.5739354439061389,0.6027496037450094,0.6335901263558031,6,6,28,2,available
human_source_holdout,P+H+BC,100,values_plus_missing,0.595961490293558,0.6289687780337467,0.5629542025533694,0.6012266325355736,0.6429159137889221,6,6,28,2,available
human_source_holdout,P+H+BC,200,values_plus_missing,0.6055287484405795,0.6273512828804949,0.583706214000664,0.608338729956747,0.6424928801205354,6,6,28,2,available
human_source_holdout,P+H+BC,all,values_plus_missing,0.6027634961058234,0.6227303733687618,0.5827966188428848,0.6058101438919355,0.6416086196341506,6,6,28,2,available
human_source_holdout,P+SC+BC,25,values_plus_missing,0.604478395797155,0.6675868315224318,0.5413699600718781,0.6040629989383741,0.6305283954502718,6,6,28,2,available
human_source_holdout,P+SC+BC,50,values_plus_missing,0.6269734945579298,0.6827650164444387,0.571181972671421,0.6229864626825251,0.6433021416219431,6,6,28,2,available
human_source_holdout,P+SC+BC,100,values_plus_missing,0.6220069842658957,0.6826361319709799,0.5613778365608114,0.6195393165636028,0.6531277830630585,6,6,28,2,available
human_source_holdout,P+SC+BC,200,values_plus_missing,0.6181670268947042,0.6851498167958255,0.5511842369935828,0.618424985075194,0.6493474132667567,6,6,28,2,available
human_source_holdout,P+SC+BC,all,values_plus_missing,0.6213620333258163,0.6874606756359389,0.5552633910156937,0.6194045931222454,0.6478940204659837,6,6,28,2,available
human_source_holdout,F+H+SC,25,values_plus_missing,0.6603218736646236,0.7019515384007592,0.6186922089284882,0.6499348494519243,0.7192820267174718,6,6,28,2,available
human_source_holdout,F+H+SC,50,values_plus_missing,0.6504304912461573,0.7050095725180113,0.5958514099743032,0.6440880233275305,0.7029279843860828,6,6,28,2,available
human_source_holdout,F+H+SC,100,values_plus_missing,0.6548287772366006,0.7104256013422545,0.5992319531309467,0.6515164673122764,0.7115333442900358,6,6,28,2,available
human_source_holdout,F+H+SC,200,values_plus_missing,0.6464846438005418,0.7150634204473528,0.5779058671537307,0.6436664378294722,0.7074508192962188,6,6,28,2,available
human_source_holdout,F+H+SC,all,values_plus_missing,0.6491610814581966,0.7173738576420186,0.5809483052743747,0.6433128509170097,0.7075074780357145,6,6,28,2,available
human_source_holdout,F+H+BC,25,values_plus_missing,0.6396937315285766,0.6758377632400886,0.6035496998170643,0.630037863011727,0.6862115216298583,6,6,28,2,available
human_source_holdout,F+H+BC,50,values_plus_missing,0.6217947150034164,0.672026443546835,0.5715629864599978,0.6171524360377536,0.6683400529124767,6,6,28,2,available
human_source_holdout,F+H+BC,100,values_plus_missing,0.6290790032261488,0.6809525196807473,0.5772054867715505,0.6183009720884264,0.6776747552167885,6,6,28,2,available
human_source_holdout,F+H+BC,200,values_plus_missing,0.6324250310414702,0.6855528031172818,0.5792972589656585,0.6237281433418447,0.6787942476972392,6,6,28,2,available
human_source_holdout,F+H+BC,all,values_plus_missing,0.6333421510083183,0.6887479166630621,0.5779363853535743,0.6262237722531846,0.6792486592530339,6,6,28,2,available
human_source_holdout,F+SC+BC,25,values_plus_missing,0.6556780734131463,0.679945655244553,0.6314104915817397,0.6428319253265543,0.6986412575182527,6,6,28,2,available
human_source_holdout,F+SC+BC,50,values_plus_missing,0.642752459585568,0.684340456937619,0.6011644622335169,0.6293341138868375,0.688149063510265,6,6,28,2,available
human_source_holdout,F+SC+BC,100,values_plus_missing,0.6392716754780744,0.6929920659216586,0.5855512850344903,0.6289300758215419,0.6906757943321045,6,6,28,2,available
human_source_holdout,F+SC+BC,200,values_plus_missing,0.6334877747232827,0.692477494372227,0.5744980550743382,0.6274558855266958,0.6899740050632017,6,6,28,2,available
human_source_holdout,F+SC+BC,all,values_plus_missing,0.6355344158621151,0.7007671399185741,0.5703016918056562,0.6282951982718874,0.6910043086870912,6,6,28,2,available
human_source_holdout,H+SC+BC,25,values_plus_missing,0.6163858890122447,0.6814522897425195,0.5513194882819699,0.6077132856778942,0.6579334691856691,6,6,28,2,available
human_source_holdout,H+SC+BC,50,values_plus_missing,0.6094109777309846,0.6908002706402087,0.5280216848217608,0.6040266173945633,0.6525760387822651,6,6,28,2,available
human_source_holdout,H+SC+BC,100,values_plus_missing,0.613526086138988,0.6925868248252929,0.534465347452683,0.6075979416578118,0.6605035138806945,6,6,28,2,available
human_source_holdout,H+SC+BC,200,values_plus_missing,0.6114481999706792,0.6854571732065423,0.5374392267348161,0.6017375337022216,0.6515811524369594,6,6,28,2,available
human_source_holdout,H+SC+BC,all,values_plus_missing,0.6085578631508094,0.6873347139462819,0.529781012355337,0.6013963558522893,0.6483000618826186,6,6,28,2,available
human_source_holdout,S+D+R+P,25,values_plus_missing,0.6665809383148881,0.728917699401468,0.6042441772283081,0.6537929069920259,0.7251078107230243,6,6,28,2,available
human_source_holdout,S+D+R+P,50,values_plus_missing,0.6749590895923708,0.7327725306993148,0.6171456484854269,0.6718459053751643,0.7443469555700143,6,6,28,2,available
human_source_holdout,S+D+R+P,100,values_plus_missing,0.6837923827617303,0.7397953064578182,0.6277894590656424,0.6789133686565424,0.7576355180651853,6,6,28,2,available
human_source_holdout,S+D+R+P,200,values_plus_missing,0.6843457357834967,0.735028589589282,0.6336628819777113,0.6820425047434289,0.7624885434411491,6,6,28,2,available
human_source_holdout,S+D+R+P,all,values_plus_missing,0.686270032880295,0.7353333484014134,0.6372067173591767,0.6814162620160577,0.7627863747565308,6,6,28,2,available
human_source_holdout,S+D+R+F,25,values_plus_missing,0.6971956259669644,0.7573036714537761,0.6370875804801528,0.6783032388468301,0.7569083764237524,6,6,28,2,available
human_source_holdout,S+D+R+F,50,values_plus_missing,0.6986782692239495,0.763463640778996,0.633892897668903,0.6913731162346832,0.7629552864328313,6,6,28,2,available
human_source_holdout,S+D+R+F,100,values_plus_missing,0.7042430978781371,0.7665050514550424,0.6419811443012317,0.691883990301953,0.7689144740925823,6,6,28,2,available
human_source_holdout,S+D+R+F,200,values_plus_missing,0.7073533783501839,0.7685729665937341,0.6461337901066334,0.6943503944691253,0.7753706831958482,6,6,28,2,available
human_source_holdout,S+D+R+F,all,values_plus_missing,0.7035416809240922,0.768931908157871,0.6381514536903133,0.688426062774005,0.777381055638678,6,6,28,2,available
human_source_holdout,S+D+R+H,25,values_plus_missing,0.6641122707151941,0.7491424915976498,0.5790820498327383,0.6571275459258684,0.7331054544845684,6,6,28,2,available
human_source_holdout,S+D+R+H,50,values_plus_missing,0.6765097555705145,0.7464156016945996,0.6066039094464295,0.6722209682449978,0.7419930029790189,6,6,28,2,available
human_source_holdout,S+D+R+H,100,values_plus_missing,0.6966176149681754,0.7530816679777635,0.6401535619585873,0.6821829178462724,0.7574626452136244,6,6,28,2,available
human_source_holdout,S+D+R+H,200,values_plus_missing,0.6858886686048292,0.7469853553749358,0.6247919818347226,0.6778336028210621,0.7623944548995347,6,6,28,2,available
human_source_holdout,S+D+R+H,all,values_plus_missing,0.691170546408971,0.7495055562587075,0.6328355365592345,0.6819935667054721,0.7640981529173088,6,6,28,2,available
human_source_holdout,S+D+R+SC,25,values_plus_missing,0.6566807411552885,0.7547973528866222,0.5585641294239547,0.6555415174435726,0.724376051270888,6,6,28,2,available
human_source_holdout,S+D+R+SC,50,values_plus_missing,0.6858610333267087,0.7524341020015802,0.6192879646518373,0.6780028147170052,0.739566318485058,6,6,28,2,available
human_source_holdout,S+D+R+SC,100,values_plus_missing,0.693102360876085,0.750039459615287,0.636165262136883,0.6853178129383695,0.7532969438559706,6,6,28,2,available
human_source_holdout,S+D+R+SC,200,values_plus_missing,0.6919574921985401,0.7416401548751942,0.642274829521886,0.6872714934132933,0.7568890196296031,6,6,28,2,available
human_source_holdout,S+D+R+SC,all,values_plus_missing,0.6946161428242514,0.7430231704206226,0.6462091152278804,0.6881681112294958,0.7581629550872115,6,6,28,2,available
human_source_holdout,S+D+R+BC,25,values_plus_missing,0.6624385344698408,0.7415541385080654,0.5833229304316163,0.6558462691705437,0.7315858796592861,6,6,28,2,available
human_source_holdout,S+D+R+BC,50,values_plus_missing,0.6811255439503716,0.7357750480513116,0.6264760398494316,0.6713500171603544,0.7441391479440795,6,6,28,2,available
human_source_holdout,S+D+R+BC,100,values_plus_missing,0.6832335750841603,0.7398835280000119,0.6265836221683087,0.673747878113999,0.7543091455384651,6,6,28,2,available
human_source_holdout,S+D+R+BC,200,values_plus_missing,0.6866285513594103,0.7354720289717637,0.6377850737470568,0.6833101006423118,0.7596310898621624,6,6,28,2,available
human_source_holdout,S+D+R+BC,all,values_plus_missing,0.688583338775031,0.736621942565563,0.6405447349844989,0.682303351214514,0.7602043803368826,6,6,28,2,available
human_source_holdout,S+D+P+F,25,values_plus_missing,0.6758550682955061,0.7373190101524211,0.6143911264385912,0.6615573146946244,0.7322228697548196,6,6,28,2,available
human_source_holdout,S+D+P+F,50,values_plus_missing,0.6769184434864056,0.7415489605809585,0.6122879263918527,0.6651453465350673,0.7398979530971561,6,6,28,2,available
human_source_holdout,S+D+P+F,100,values_plus_missing,0.6756846524120167,0.7457265983865446,0.6056427064374887,0.6635005511052018,0.7457294321275713,6,6,28,2,available
human_source_holdout,S+D+P+F,200,values_plus_missing,0.6833230790706839,0.7518205399762444,0.6148256181651234,0.6660818225066392,0.7501832046937185,6,6,28,2,available
human_source_holdout,S+D+P+F,all,values_plus_missing,0.6870599152954865,0.7540008298113232,0.6201190007796498,0.6698497475205446,0.7521538543949904,6,6,28,2,available
human_source_holdout,S+D+P+H,25,values_plus_missing,0.6273517981213061,0.7085921749402163,0.546111421302396,0.6216935544105088,0.6921441329814492,6,6,28,2,available
human_source_holdout,S+D+P+H,50,values_plus_missing,0.6357060943768189,0.713347537948518,0.5580646508051199,0.62947934533015,0.7043243492287355,6,6,28,2,available
human_source_holdout,S+D+P+H,100,values_plus_missing,0.6448861390107871,0.7198552449898971,0.5699170330316772,0.6359589120310493,0.717132301038882,6,6,28,2,available
human_source_holdout,S+D+P+H,200,values_plus_missing,0.6428734927890782,0.7219717171843271,0.5637752683938294,0.6354313923213099,0.7196319928296243,6,6,28,2,available
human_source_holdout,S+D+P+H,all,values_plus_missing,0.6390530203475089,0.7216333720446797,0.5564726686503381,0.6320544760851415,0.7205316262810236,6,6,28,2,available
human_source_holdout,S+D+P+SC,25,values_plus_missing,0.6235916592163883,0.7114982669974639,0.5356850514353125,0.616236376053425,0.686169046019674,6,6,28,2,available
human_source_holdout,S+D+P+SC,50,values_plus_missing,0.6488793000665944,0.7104990747421652,0.5872595253910238,0.6372579507330941,0.7030620027963048,6,6,28,2,available
human_source_holdout,S+D+P+SC,100,values_plus_missing,0.6538563997406567,0.7112183054589624,0.5964944940223509,0.6419224803937903,0.7143287869691749,6,6,28,2,available
human_source_holdout,S+D+P+SC,200,values_plus_missing,0.6520663529703877,0.7102646667418124,0.5938680391989631,0.641748358038267,0.7141686110617683,6,6,28,2,available
human_source_holdout,S+D+P+SC,all,values_plus_missing,0.6501007402380109,0.7104731655235103,0.5897283149525113,0.6391743408875611,0.7142588786133918,6,6,28,2,available
human_source_holdout,S+D+P+BC,25,values_plus_missing,0.6248635314666762,0.6968759778529433,0.552851085080409,0.6135789018475978,0.686852824447881,6,6,28,2,available
human_source_holdout,S+D+P+BC,50,values_plus_missing,0.6425360396451817,0.7008130806171669,0.5842589986731965,0.6317566276986046,0.7062700174210146,6,6,28,2,available
human_source_holdout,S+D+P+BC,100,values_plus_missing,0.6440924810121201,0.7026604141548815,0.5855245478693587,0.635161906858013,0.7139953422904467,6,6,28,2,available
human_source_holdout,S+D+P+BC,200,values_plus_missing,0.6493910473793267,0.7073752743221483,0.5914068204365052,0.6404414105947367,0.7173867298007377,6,6,28,2,available
human_source_holdout,S+D+P+BC,all,values_plus_missing,0.6462562516326825,0.7078592560530215,0.5846532472123437,0.6370704223881765,0.7166648890004164,6,6,28,2,available
human_source_holdout,S+D+F+H,25,values_plus_missing,0.6665540236746883,0.7528803307512119,0.5802277165981647,0.6584076543602689,0.7356220276186453,6,6,28,2,available
human_source_holdout,S+D+F+H,50,values_plus_missing,0.6716330520404243,0.7510878199378991,0.5921782841429497,0.6615848391406175,0.7353972188032943,6,6,28,2,available
human_source_holdout,S+D+F+H,100,values_plus_missing,0.6705144323798073,0.7568031699966152,0.5842256947629995,0.6606642338416026,0.7439039962112872,6,6,28,2,available
human_source_holdout,S+D+F+H,200,values_plus_missing,0.6716477572589173,0.760089387810153,0.5832061267076816,0.6589043001001877,0.7487863811534373,6,6,28,2,available
human_source_holdout,S+D+F+H,all,values_plus_missing,0.6813411337657381,0.7632114331299101,0.599470834401566,0.665354379042774,0.7509207122617862,6,6,28,2,available
human_source_holdout,S+D+F+SC,25,values_plus_missing,0.6771231225384912,0.7502364333770265,0.6040098116999556,0.6635164470376558,0.7303333233031447,6,6,28,2,available
human_source_holdout,S+D+F+SC,50,values_plus_missing,0.6781120453612446,0.7521802118344048,0.6040438788880843,0.6698099656602654,0.7341039310457704,6,6,28,2,available
human_source_holdout,S+D+F+SC,100,values_plus_missing,0.6781966888434162,0.7506067988438629,0.6057865788429692,0.6689336734071051,0.7396544128255785,6,6,28,2,available
human_source_holdout,S+D+F+SC,200,values_plus_missing,0.6835230244190359,0.7545311445848943,0.6125149042531776,0.6687265268615287,0.7433645298449384,6,6,28,2,available
human_source_holdout,S+D+F+SC,all,values_plus_missing,0.682425752479392,0.7571093902647156,0.6077421146940684,0.6698553011516664,0.7448311035108339,6,6,28,2,available
human_source_holdout,S+D+F+BC,25,values_plus_missing,0.6770227244220267,0.7441481423022637,0.6098973065417898,0.6629704509389113,0.7355556673450415,6,6,28,2,available
human_source_holdout,S+D+F+BC,50,values_plus_missing,0.6767985117013432,0.7457354456968318,0.6078615777058544,0.6654571560168699,0.7387538593024815,6,6,28,2,available
human_source_holdout,S+D+F+BC,100,values_plus_missing,0.6734230033581317,0.7479163085932642,0.5989296981229991,0.6591789720241529,0.7416539451771689,6,6,28,2,available
human_source_holdout,S+D+F+BC,200,values_plus_missing,0.6752999105551782,0.7498780986881405,0.6007217224222162,0.6593390617100311,0.7472712327970589,6,6,28,2,available
human_source_holdout,S+D+F+BC,all,values_plus_missing,0.6823566891099601,0.7529566459272242,0.6117567322926959,0.661347795277527,0.7476514613074933,6,6,28,2,available
human_source_holdout,S+D+H+SC,25,values_plus_missing,0.6305781368487838,0.7293122559281238,0.5318440177694438,0.6229450949096453,0.6870117211503685,6,6,28,2,available
human_source_holdout,S+D+H+SC,50,values_plus_missing,0.642327550627615,0.7273257246505723,0.5573293766046579,0.6340939605078634,0.6935863715722704,6,6,28,2,available
human_source_holdout,S+D+H+SC,100,values_plus_missing,0.643740858222046,0.7233406860794704,0.5641410303646215,0.6347915226001964,0.7061502234945395,6,6,28,2,available
human_source_holdout,S+D+H+SC,200,values_plus_missing,0.6404537167503298,0.7220107695308342,0.5588966639698254,0.6301549905336149,0.7047287647792082,6,6,28,2,available
human_source_holdout,S+D+H+SC,all,values_plus_missing,0.6427468228362166,0.7231696102856455,0.5623240353867875,0.6316702000932258,0.7051089082886742,6,6,28,2,available
human_source_holdout,S+D+H+BC,25,values_plus_missing,0.6185976720471328,0.7159573113252425,0.5212380327690231,0.617415670592543,0.6896664711547649,6,6,28,2,available
human_source_holdout,S+D+H+BC,50,values_plus_missing,0.6332686474311905,0.7164336711662728,0.5501036236961081,0.6263699792083314,0.6995555997494326,6,6,28,2,available
human_source_holdout,S+D+H+BC,100,values_plus_missing,0.6323040110796371,0.717585506018458,0.547022516140816,0.6225989570529167,0.7070064127739826,6,6,28,2,available
human_source_holdout,S+D+H+BC,200,values_plus_missing,0.640132711882594,0.7180755106931237,0.5621899130720642,0.6285186507501309,0.7097908835969268,6,6,28,2,available
human_source_holdout,S+D+H+BC,all,values_plus_missing,0.6377372674746791,0.7189000325497478,0.5565745023996104,0.6266316634546568,0.7102958326042929,6,6,28,2,available
human_source_holdout,S+D+SC+BC,25,values_plus_missing,0.6292940219007094,0.7196478874316702,0.5389401563697486,0.6185343570778158,0.6828628304160166,6,6,28,2,available
human_source_holdout,S+D+SC+BC,50,values_plus_missing,0.6461990307443896,0.7143555006244692,0.5780425608643099,0.6383568820884858,0.6971883791998467,6,6,28,2,available
human_source_holdout,S+D+SC+BC,100,values_plus_missing,0.6404000701495903,0.7075676701378186,0.573232470161362,0.6305600986373135,0.70411362655199,6,6,28,2,available
human_source_holdout,S+D+SC+BC,200,values_plus_missing,0.6439387343531187,0.705023575495961,0.5828538932102764,0.6326239486416086,0.7051088564870557,6,6,28,2,available
human_source_holdout,S+D+SC+BC,all,values_plus_missing,0.6408201423303798,0.707228937313292,0.5744113473474676,0.6319801206519583,0.7035482256271408,6,6,28,2,available
human_source_holdout,S+R+P+F,25,values_plus_missing,0.6746384035236148,0.7539194922544475,0.5953573147927822,0.6646972622263436,0.7445060338998857,6,6,28,2,available
human_source_holdout,S+R+P+F,50,values_plus_missing,0.6885312606821872,0.7596894968043512,0.6173730245600231,0.6793979735495833,0.7576607369323157,6,6,28,2,available
human_source_holdout,S+R+P+F,100,values_plus_missing,0.6935551539306019,0.7661526575422205,0.620957650318983,0.6824495281566447,0.7651638794742619,6,6,28,2,available
human_source_holdout,S+R+P+F,200,values_plus_missing,0.6959152887774674,0.7661744625828155,0.6256561149721194,0.6843340746219623,0.7722596578121156,6,6,28,2,available
human_source_holdout,S+R+P+F,all,values_plus_missing,0.6973702966769985,0.7691048942405286,0.6256356991134682,0.6841333597318275,0.7743282168372942,6,6,28,2,available
human_source_holdout,S+R+P+H,25,values_plus_missing,0.6506136161480839,0.7387186992023785,0.5625085330937892,0.6492196959705065,0.7168956441116938,6,6,28,2,available
human_source_holdout,S+R+P+H,50,values_plus_missing,0.6635497241878502,0.738481243650626,0.5886182047250745,0.6549192090313384,0.7281765673790359,6,6,28,2,available
human_source_holdout,S+R+P+H,100,values_plus_missing,0.6788214950624902,0.748598899255212,0.6090440908697686,0.6639746084548744,0.7469759449138319,6,6,28,2,available
human_source_holdout,S+R+P+H,200,values_plus_missing,0.6743566961672182,0.7428346250166409,0.6058787673177956,0.6668626509138731,0.7533180510044862,6,6,28,2,available
human_source_holdout,S+R+P+H,all,values_plus_missing,0.6735203376798107,0.7438863355210605,0.6031543398385609,0.6664568898061114,0.7542352364286916,6,6,28,2,available
human_source_holdout,S+R+P+SC,25,values_plus_missing,0.6465392238037387,0.7470571785455921,0.5460212690618853,0.641062325922472,0.7076435984967355,6,6,28,2,available
human_source_holdout,S+R+P+SC,50,values_plus_missing,0.6669659370743822,0.7440863126273021,0.5898455615214624,0.6624417389582666,0.7277028187539408,6,6,28,2,available
human_source_holdout,S+R+P+SC,100,values_plus_missing,0.6749757755918374,0.7490545315652007,0.6008970196184743,0.6712582149298044,0.7430134701906728,6,6,28,2,available
human_source_holdout,S+R+P+SC,200,values_plus_missing,0.6808118865438285,0.7419709009730037,0.6196528721146535,0.6747605608149518,0.7459931039985088,6,6,28,2,available
human_source_holdout,S+R+P+SC,all,values_plus_missing,0.6774529127675292,0.7448749751569875,0.6100308503780706,0.6723462399794179,0.7472258549022216,6,6,28,2,available
human_source_holdout,S+R+P+BC,25,values_plus_missing,0.6395512284487056,0.7259764362289584,0.5531260206684528,0.6346215365639586,0.7075420767858842,6,6,28,2,available
human_source_holdout,S+R+P+BC,50,values_plus_missing,0.6601716237147952,0.7227054229118579,0.5976378245177324,0.6544845509607126,0.7272963149982675,6,6,28,2,available
human_source_holdout,S+R+P+BC,100,values_plus_missing,0.6658045758393597,0.7369914765874889,0.5946176750912305,0.6607593154601729,0.7403643768325839,6,6,28,2,available
human_source_holdout,S+R+P+BC,200,values_plus_missing,0.6713911838278467,0.7328149565379358,0.6099674111177577,0.6669944416697114,0.745321110626243,6,6,28,2,available
human_source_holdout,S+R+P+BC,all,values_plus_missing,0.6649618252215028,0.7345172098607234,0.5954064405822822,0.6594225065571017,0.745025753631512,6,6,28,2,available
human_source_holdout,S+R+F+H,25,values_plus_missing,0.6751873774244044,0.771926202618115,0.5784485522306939,0.6694120393751265,0.7554054408507846,6,6,28,2,available
human_source_holdout,S+R+F+H,50,values_plus_missing,0.6879476261113497,0.7720285511236717,0.603866701099028,0.683304923583622,0.7590855373258881,6,6,28,2,available
human_source_holdout,S+R+F+H,100,values_plus_missing,0.6948555900819363,0.7792323273230819,0.6104788528407908,0.6816545609158665,0.7699623965461653,6,6,28,2,available
human_source_holdout,S+R+F+H,200,values_plus_missing,0.6988512519362966,0.77616390468233,0.6215385991902632,0.6879638753651731,0.7761650680003932,6,6,28,2,available
human_source_holdout,S+R+F+H,all,values_plus_missing,0.6991185353151691,0.7782932802603146,0.6199437903700237,0.685105430486508,0.77874766493853,6,6,28,2,available
human_source_holdout,S+R+F+SC,25,values_plus_missing,0.6830442284081953,0.7680709708343816,0.598017485982009,0.6708462159651732,0.7471173036087198,6,6,28,2,available
human_source_holdout,S+R+F+SC,50,values_plus_missing,0.6981901913038874,0.7687187327679217,0.6276616498398533,0.6900703534652749,0.755868843161682,6,6,28,2,available
human_source_holdout,S+R+F+SC,100,values_plus_missing,0.7035069334520893,0.7731759135137871,0.6338379533903913,0.6909855509901485,0.763206118522541,6,6,28,2,available
human_source_holdout,S+R+F+SC,200,values_plus_missing,0.6978520746073616,0.7691580297599132,0.6265461194548101,0.6881180194405215,0.7685474736913286,6,6,28,2,available
human_source_holdout,S+R+F+SC,all,values_plus_missing,0.7009832851142893,0.7736422842364984,0.6283242859920802,0.6877966636761063,0.7708194666492515,6,6,28,2,available
human_source_holdout,S+R+F+BC,25,values_plus_missing,0.682449509899396,0.7614040928753055,0.6034949269234865,0.6703432308977538,0.7519222538833555,6,6,28,2,available
human_source_holdout,S+R+F+BC,50,values_plus_missing,0.6918272343674056,0.7623466580917325,0.6213078106430786,0.6848462211544094,0.7599303002241092,6,6,28,2,available
human_source_holdout,S+R+F+BC,100,values_plus_missing,0.6951102581377882,0.7676611502594497,0.6225593660161267,0.6833296609529688,0.7645297720540268,6,6,28,2,available
human_source_holdout,S+R+F+BC,200,values_plus_missing,0.6939859976370384,0.764460852866113,0.6235111424079639,0.6822553281070847,0.7712013662310155,6,6,28,2,available
human_source_holdout,S+R+F+BC,all,values_plus_missing,0.6967968264022525,0.7675355377244437,0.6260581150800612,0.6825319538144576,0.7728942248432563,6,6,28,2,available
human_source_holdout,S+R+H+SC,25,values_plus_missing,0.6537054397701942,0.7661933576298029,0.5412175219105856,0.6543046748817455,0.7196212958889151,6,6,28,2,available
human_source_holdout,S+R+H+SC,50,values_plus_missing,0.6603752711466742,0.7586670569402432,0.562083485353105,0.6606883985735209,0.7264864366485418,6,6,28,2,available
human_source_holdout,S+R+H+SC,100,values_plus_missing,0.6709163445722361,0.7639757157764132,0.5778569733680592,0.6645832583726402,0.7457061645592623,6,6,28,2,available
human_source_holdout,S+R+H+SC,200,values_plus_missing,0.6713372307602464,0.7548257272441011,0.5878487342763917,0.6676579907550265,0.7489823747472032,6,6,28,2,available
human_source_holdout,S+R+H+SC,all,values_plus_missing,0.6695984258539197,0.7551711086734318,0.5840257430344075,0.6656128870494256,0.7509837069640745,6,6,28,2,available
human_source_holdout,S+R+H+BC,25,values_plus_missing,0.6440956619391379,0.7479537633840804,0.5402375604941954,0.6461220923871653,0.7214843708408305,6,6,28,2,available
human_source_holdout,S+R+H+BC,50,values_plus_missing,0.6587626432522314,0.7412047836278309,0.5763205028766321,0.6533652262152917,0.7287966497326497,6,6,28,2,available
human_source_holdout,S+R+H+BC,100,values_plus_missing,0.6633390683880999,0.7524929802057468,0.5741851565704531,0.6558640337956665,0.7439563023149741,6,6,28,2,available
human_source_holdout,S+R+H+BC,200,values_plus_missing,0.6640327773809599,0.7440376248739035,0.5840279298880163,0.657139030436098,0.7497569469864969,6,6,28,2,available
human_source_holdout,S+R+H+BC,all,values_plus_missing,0.6701782996888711,0.7440980488269376,0.5962585505508048,0.6628981767054908,0.7516978571776878,6,6,28,2,available
human_source_holdout,S+R+SC+BC,25,values_plus_missing,0.6478839393433451,0.758952764598087,0.5368151140886032,0.6415237738669745,0.7111242405730991,6,6,28,2,available
human_source_holdout,S+R+SC+BC,50,values_plus_missing,0.6666898277131796,0.7454627671481265,0.5879168882782327,0.660129454576767,0.7269088088965996,6,6,28,2,available
human_source_holdout,S+R+SC+BC,100,values_plus_missing,0.6713270665337282,0.7512712874595361,0.5913828456079203,0.6691959418315219,0.739380210372776,6,6,28,2,available
human_source_holdout,S+R+SC+BC,200,values_plus_missing,0.6789856276795981,0.7427512951188567,0.6152199602403395,0.672997052684256,0.742438668044211,6,6,28,2,available
human_source_holdout,S+R+SC+BC,all,values_plus_missing,0.6774965681235523,0.7458018787960076,0.609191257451097,0.6700104172191857,0.7438146850687718,6,6,28,2,available
human_source_holdout,S+P+F+H,25,values_plus_missing,0.6641924602657828,0.7531055122230425,0.5752794083085233,0.6533857448608794,0.7295989326712335,6,6,28,2,available
human_source_holdout,S+P+F+H,50,values_plus_missing,0.667366543429193,0.751275915048534,0.5834571718098519,0.6611627858310104,0.7336644206662716,6,6,28,2,available
human_source_holdout,S+P+F+H,100,values_plus_missing,0.6774206805731603,0.7592256888667591,0.5956156722795616,0.6649342632856249,0.7461854880216298,6,6,28,2,available
human_source_holdout,S+P+F+H,200,values_plus_missing,0.6756681878033296,0.76309945571963,0.5882369198870291,0.6648891801438744,0.7505715605076151,6,6,28,2,available
human_source_holdout,S+P+F+H,all,values_plus_missing,0.6820272438785225,0.768792563777536,0.5952619239795093,0.6673125057031655,0.7532021122790173,6,6,28,2,available
human_source_holdout,S+P+F+SC,25,values_plus_missing,0.672724345825697,0.7514437145100756,0.5940049771413182,0.6577945070746362,0.7247149572304058,6,6,28,2,available
human_source_holdout,S+P+F+SC,50,values_plus_missing,0.6813789789060102,0.7484091714777027,0.6143487863343179,0.6733248135156572,0.7340262889380732,6,6,28,2,available
human_source_holdout,S+P+F+SC,100,values_plus_missing,0.6861358564434444,0.7504589931528379,0.621812719734051,0.6742993045555382,0.741685386909513,6,6,28,2,available
human_source_holdout,S+P+F+SC,200,values_plus_missing,0.6847905144169301,0.7553436702874406,0.6142373585464195,0.6703732270944641,0.7449541410582908,6,6,28,2,available
human_source_holdout,S+P+F+SC,all,values_plus_missing,0.6872305597329519,0.7612744727586166,0.6131866467072872,0.671339192188352,0.746718469986518,6,6,28,2,available
human_source_holdout,S+P+F+BC,25,values_plus_missing,0.675271202404769,0.7435809151715186,0.6069614896380195,0.6599666114931316,0.7283645893601639,6,6,28,2,available
human_source_holdout,S+P+F+BC,50,values_plus_missing,0.6768365254075254,0.7400159258172812,0.6136571249977697,0.66721424240569,0.7373373034911163,6,6,28,2,available
human_source_holdout,S+P+F+BC,100,values_plus_missing,0.6803484316003221,0.7488262508825647,0.6118706123180795,0.6668301486021244,0.7429479331995769,6,6,28,2,available
human_source_holdout,S+P+F+BC,200,values_plus_missing,0.6798323653939867,0.7500848292783372,0.6095799015096361,0.665403356232783,0.7478552660250484,6,6,28,2,available
human_source_holdout,S+P+F+BC,all,values_plus_missing,0.6816055451920855,0.7575521879678977,0.6056589024162732,0.6651573088044954,0.7493131831299834,6,6,28,2,available
human_source_holdout,S+P+H+SC,25,values_plus_missing,0.6280448469568088,0.7246035938730501,0.5314861000405676,0.6202725498661897,0.6774921384197921,6,6,28,2,available
human_source_holdout,S+P+H+SC,50,values_plus_missing,0.6416375561511288,0.7214577855251911,0.5618173267770666,0.6320971736988045,0.6864123804485974,6,6,28,2,available
human_source_holdout,S+P+H+SC,100,values_plus_missing,0.6386324115622765,0.7278058250669696,0.5494589980575832,0.6337912280404993,0.7044502516034253,6,6,28,2,available
human_source_holdout,S+P+H+SC,200,values_plus_missing,0.6430133019599901,0.7238361355399495,0.5621904683800306,0.6346382383559198,0.7044865049914012,6,6,28,2,available
human_source_holdout,S+P+H+SC,all,values_plus_missing,0.6433306628320782,0.7258875421029968,0.5607737835611595,0.633981376123112,0.7045411944747305,6,6,28,2,available
human_source_holdout,S+P+H+BC,25,values_plus_missing,0.6159008166432881,0.7065048000822038,0.5252968332043725,0.6095453691409399,0.6753823003202551,6,6,28,2,available
human_source_holdout,S+P+H+BC,50,values_plus_missing,0.6278175355136884,0.7060406914843312,0.5495943795430455,0.6219131430628335,0.6873433467836809,6,6,28,2,available
human_source_holdout,S+P+H+BC,100,values_plus_missing,0.6308674470938898,0.7180388196394522,0.5436960745483274,0.6255864814290276,0.7023995886131658,6,6,28,2,available
human_source_holdout,S+P+H+BC,200,values_plus_missing,0.6389738832617151,0.7200272775612925,0.5579204889621378,0.6314416971326687,0.7057141144074064,6,6,28,2,available
human_source_holdout,S+P+H+BC,all,values_plus_missing,0.6384576904503847,0.7203695615225306,0.5565458193782388,0.62977102479725,0.7064562434629865,6,6,28,2,available
human_source_holdout,S+P+SC+BC,25,values_plus_missing,0.6252171190211846,0.7178132867992605,0.5326209512431086,0.6144607859930347,0.6681437324403852,6,6,28,2,available
human_source_holdout,S+P+SC+BC,50,values_plus_missing,0.6443024753362061,0.7116450620483731,0.576959888624039,0.6366319642980686,0.687672825338138,6,6,28,2,available
human_source_holdout,S+P+SC+BC,100,values_plus_missing,0.6506774680225808,0.7163392661535718,0.5850156698915897,0.6399898982527957,0.6998276143975186,6,6,28,2,available
human_source_holdout,S+P+SC+BC,200,values_plus_missing,0.6439599384507521,0.7119727904479252,0.5759470864535788,0.6385297130452302,0.700479557505462,6,6,28,2,available
human_source_holdout,S+P+SC+BC,all,values_plus_missing,0.6420776131989103,0.7134694881746828,0.570685738223138,0.635759200919151,0.699576786512283,6,6,28,2,available
human_source_holdout,S+F+H+SC,25,values_plus_missing,0.6768386346617999,0.768005974012557,0.5856712953110427,0.6629888606658939,0.7311487223509137,6,6,28,2,available
human_source_holdout,S+F+H+SC,50,values_plus_missing,0.6770347787090629,0.7567248318984726,0.5973447255196531,0.6721891057235928,0.7285471793377372,6,6,28,2,available
human_source_holdout,S+F+H+SC,100,values_plus_missing,0.6775734292162693,0.7641234555604437,0.5910234028720949,0.6681209367468267,0.7402433381772981,6,6,28,2,available
human_source_holdout,S+F+H+SC,200,values_plus_missing,0.6791507396560944,0.764325277516671,0.5939762017955177,0.669422606854816,0.7439938696635124,6,6,28,2,available
human_source_holdout,S+F+H+SC,all,values_plus_missing,0.6825396440968231,0.7692974267947904,0.5957818613988556,0.6706334391836437,0.7455957187489416,6,6,28,2,available
human_source_holdout,S+F+H+BC,25,values_plus_missing,0.6636279914419485,0.7571907743123978,0.5700652085714992,0.6531133918370873,0.7339485861970949,6,6,28,2,available
human_source_holdout,S+F+H+BC,50,values_plus_missing,0.6702670442049254,0.7524856398169405,0.5880484485929104,0.6657533684638223,0.7331075255729739,6,6,28,2,available
human_source_holdout,S+F+H+BC,100,values_plus_missing,0.6724895033263832,0.7584558528879923,0.5865231537647742,0.6628035183605893,0.741335673368545,6,6,28,2,available
human_source_holdout,S+F+H+BC,200,values_plus_missing,0.6745352154115212,0.7610471214470528,0.5880233093759895,0.6643341914547525,0.7464630678915266,6,6,28,2,available
human_source_holdout,S+F+H+BC,all,values_plus_missing,0.6851440317673637,0.7666644466091711,0.6036236169255563,0.6680692048825794,0.7483383742024252,6,6,28,2,available
human_source_holdout,S+F+SC+BC,25,values_plus_missing,0.6738331471795563,0.7586944924016606,0.5889718019574521,0.6621715695445964,0.7284102436128803,6,6,28,2,available
human_source_holdout,S+F+SC+BC,50,values_plus_missing,0.6834563969926012,0.7503004179815478,0.6166123760036546,0.6753478002728581,0.7329022673636139,6,6,28,2,available
human_source_holdout,S+F+SC+BC,100,values_plus_missing,0.678920964724922,0.7566126948963086,0.6012292345535354,0.6689331668306145,0.7376025814118236,6,6,28,2,available
human_source_holdout,S+F+SC+BC,200,values_plus_missing,0.6798290249718386,0.7561384903074794,0.6035195596361979,0.6666230655414475,0.7425801780343476,6,6,28,2,available
human_source_holdout,S+F+SC+BC,all,values_plus_missing,0.6784974382526786,0.7605580177751046,0.5964368587302523,0.667452616045678,0.7430632420713087,6,6,28,2,available
human_source_holdout,S+H+SC+BC,25,values_plus_missing,0.6261309084286516,0.7313238853863994,0.5209379314709041,0.6182361424142919,0.6731171513432809,6,6,28,2,available
human_source_holdout,S+H+SC+BC,50,values_plus_missing,0.6391614102821649,0.7274956433455654,0.5508271772187644,0.6312647229580689,0.6809983919644838,6,6,28,2,available
human_source_holdout,S+H+SC+BC,100,values_plus_missing,0.636071241529379,0.7315175130803366,0.5406249699784215,0.630325910505614,0.6939363809566573,6,6,28,2,available
human_source_holdout,S+H+SC+BC,200,values_plus_missing,0.6372826797983334,0.7255304819833578,0.5490348776133089,0.6276809581446388,0.6936912417551396,6,6,28,2,available
human_source_holdout,S+H+SC+BC,all,values_plus_missing,0.6380567971866697,0.7263671649028204,0.5497464294705191,0.6279592706808725,0.6935055956378504,6,6,28,2,available
human_source_holdout,D+R+P+F,25,values_plus_missing,0.6848374800150793,0.6863340937375048,0.6833408662926538,0.6655631943755045,0.7189743235071463,6,6,28,2,available
human_source_holdout,D+R+P+F,50,values_plus_missing,0.6833175485868237,0.7043996685731709,0.6622354286004764,0.6636950820356027,0.720288684499204,6,6,28,2,available
human_source_holdout,D+R+P+F,100,values_plus_missing,0.6775774944824766,0.7050179238443032,0.6501370651206501,0.6578848054052028,0.7276906134478202,6,6,28,2,available
human_source_holdout,D+R+P+F,200,values_plus_missing,0.6851865573778625,0.7064016901681728,0.6639714245875524,0.6651533080154425,0.7312130419732136,6,6,28,2,available
human_source_holdout,D+R+P+F,all,values_plus_missing,0.6861652626970804,0.7053468258111403,0.6669836995830206,0.665139604522521,0.7322222644102718,6,6,28,2,available
human_source_holdout,D+R+P+H,25,values_plus_missing,0.6750271286502331,0.6871815614686355,0.6628726958318304,0.6711568353980252,0.7247510625370969,6,6,28,2,available
human_source_holdout,D+R+P+H,50,values_plus_missing,0.6673891356966797,0.7143744236655669,0.6204038477277926,0.6637136448493489,0.7293008488580978,6,6,28,2,available
human_source_holdout,D+R+P+H,100,values_plus_missing,0.6834759657068407,0.7170723838448919,0.6498795475687894,0.6778084958239013,0.7436898145513645,6,6,28,2,available
human_source_holdout,D+R+P+H,200,values_plus_missing,0.6817933313315859,0.7113680452397757,0.6522186174233959,0.6746949485928982,0.7437284901925387,6,6,28,2,available
human_source_holdout,D+R+P+H,all,values_plus_missing,0.690699555746289,0.7097931998352495,0.6716059116573289,0.6802374527326464,0.7440816412169103,6,6,28,2,available
human_source_holdout,D+R+P+SC,25,values_plus_missing,0.6619801940603365,0.7060705447465918,0.6178898433740811,0.6531915542163967,0.7201383494735234,6,6,28,2,available
human_source_holdout,D+R+P+SC,50,values_plus_missing,0.6611503329439546,0.7253226028212785,0.5969780630666307,0.6556489192697016,0.7327224974833907,6,6,28,2,available
human_source_holdout,D+R+P+SC,100,values_plus_missing,0.6772418361892455,0.7227371381316243,0.6317465342468666,0.6634862705621475,0.744698717485418,6,6,28,2,available
human_source_holdout,D+R+P+SC,200,values_plus_missing,0.6766586934507198,0.7139899234040455,0.6393274634973941,0.6642094861144282,0.7455955675121091,6,6,28,2,available
human_source_holdout,D+R+P+SC,all,values_plus_missing,0.6817837229023253,0.7132117733849794,0.6503556724196708,0.6667636354926433,0.7450034894755815,6,6,28,2,available
human_source_holdout,D+R+P+BC,25,values_plus_missing,0.6551601372220738,0.6435167906012582,0.6668034838428895,0.6504144688522593,0.7033470419706122,6,6,28,2,available
human_source_holdout,D+R+P+BC,50,values_plus_missing,0.6639404002019689,0.6801706518639928,0.6477101485399449,0.653978383809642,0.7106498031708546,6,6,28,2,available
human_source_holdout,D+R+P+BC,100,values_plus_missing,0.6660372843615341,0.6784726956097651,0.6536018731133031,0.6565641163357626,0.7223608587802087,6,6,28,2,available
human_source_holdout,D+R+P+BC,200,values_plus_missing,0.669779290400184,0.6722669454573866,0.6672916353429813,0.6630409626002242,0.7221317202850629,6,6,28,2,available
human_source_holdout,D+R+P+BC,all,values_plus_missing,0.6694816619304539,0.6684715562268528,0.670491767634055,0.6635180876485777,0.7221973872678898,6,6,28,2,available
human_source_holdout,D+R+F+H,25,values_plus_missing,0.6759753991468976,0.7134214490798451,0.6385293492139502,0.6668012848402495,0.7361412580164176,6,6,28,2,available
human_source_holdout,D+R+F+H,50,values_plus_missing,0.6770623409352451,0.7289761270205634,0.6251485548499269,0.6586566622676057,0.7266642323628135,6,6,28,2,available
human_source_holdout,D+R+F+H,100,values_plus_missing,0.6916406172245594,0.7326039028704789,0.6506773315786396,0.6647900877403614,0.7404645953780371,6,6,28,2,available
human_source_holdout,D+R+F+H,200,values_plus_missing,0.6862477739765239,0.733367637079481,0.6391279108735668,0.6732096115696066,0.7422545059756157,6,6,28,2,available
human_source_holdout,D+R+F+H,all,values_plus_missing,0.689899884533267,0.7335213737457894,0.6462783953207444,0.6704405298653517,0.7422596152040716,6,6,28,2,available
human_source_holdout,D+R+F+SC,25,values_plus_missing,0.68418042425398,0.7112633859200996,0.6570974625878604,0.6691923596959054,0.7357662891813063,6,6,28,2,available
human_source_holdout,D+R+F+SC,50,values_plus_missing,0.6845416728000187,0.7322057306433264,0.6368776149567109,0.6678574898515558,0.7358036303589426,6,6,28,2,available
human_source_holdout,D+R+F+SC,100,values_plus_missing,0.6855444832091524,0.7352176368883323,0.6358713295299726,0.6688910743997228,0.7422411568387897,6,6,28,2,available
human_source_holdout,D+R+F+SC,200,values_plus_missing,0.6869463898857847,0.7321664940641557,0.6417262857074137,0.6709712894502613,0.7438017942244072,6,6,28,2,available
human_source_holdout,D+R+F+SC,all,values_plus_missing,0.6873852206907696,0.733240273843253,0.6415301675382861,0.6704328580155178,0.7454428518667751,6,6,28,2,available
human_source_holdout,D+R+F+BC,25,values_plus_missing,0.6720436330828757,0.6898058307938731,0.6542814353718783,0.6533355776474324,0.7172235025064136,6,6,28,2,available
human_source_holdout,D+R+F+BC,50,values_plus_missing,0.6751780546916142,0.7082909636352027,0.6420651457480256,0.6516345083852785,0.7145992759101132,6,6,28,2,available
human_source_holdout,D+R+F+BC,100,values_plus_missing,0.6806997484710108,0.7077551401172061,0.6536443568248155,0.6559767900450872,0.7224123799633377,6,6,28,2,available
human_source_holdout,D+R+F+BC,200,values_plus_missing,0.6799383691385983,0.704439768035213,0.6554369702419838,0.6578633431682736,0.7243718653885292,6,6,28,2,available
human_source_holdout,D+R+F+BC,all,values_plus_missing,0.6757332089680531,0.7078124767974051,0.6436539411387011,0.6589701472306306,0.72463525351764,6,6,28,2,available
human_source_holdout,D+R+H+SC,25,values_plus_missing,0.6804583228142994,0.7279437422889742,0.6329729033396246,0.6699047557953435,0.7364309103274954,6,6,28,2,available
human_source_holdout,D+R+H+SC,50,values_plus_missing,0.6712815932992031,0.7431863889954894,0.5993767976029168,0.6678975531491508,0.7365618698882888,6,6,28,2,available
human_source_holdout,D+R+H+SC,100,values_plus_missing,0.6778610331563883,0.7420618165373366,0.6136602497754399,0.676947574562138,0.7522973828355105,6,6,28,2,available
human_source_holdout,D+R+H+SC,200,values_plus_missing,0.6767434647222806,0.7353367914192984,0.6181501380252626,0.679744045256737,0.7488605882762045,6,6,28,2,available
human_source_holdout,D+R+H+SC,all,values_plus_missing,0.6850928936548635,0.7338410748300265,0.6363447124797004,0.6773051749301707,0.7499825309942566,6,6,28,2,available
human_source_holdout,D+R+H+BC,25,values_plus_missing,0.6629804453808172,0.7023332335477123,0.6236276572139222,0.657517585128007,0.7247456888130906,6,6,28,2,available
human_source_holdout,D+R+H+BC,50,values_plus_missing,0.6604357659381526,0.7190038491432661,0.601867682733039,0.6537995458521849,0.7234230378774,6,6,28,2,available
human_source_holdout,D+R+H+BC,100,values_plus_missing,0.670814272181795,0.7188282198935724,0.6228003244700178,0.6667069464437178,0.7357314361849472,6,6,28,2,available
human_source_holdout,D+R+H+BC,200,values_plus_missing,0.6668152046548524,0.706390467155731,0.6272399421539738,0.6635595553056034,0.7334334250681636,6,6,28,2,available
human_source_holdout,D+R+H+BC,all,values_plus_missing,0.6712426076048628,0.7039724640335479,0.6385127511761776,0.6659261417422457,0.7353905602089529,6,6,28,2,available
human_source_holdout,D+R+SC+BC,25,values_plus_missing,0.6496104556796962,0.722660271989882,0.5765606393695103,0.6490904599477804,0.7159306006110827,6,6,28,2,available
human_source_holdout,D+R+SC+BC,50,values_plus_missing,0.6426569407534007,0.7317680186917701,0.5535458628150315,0.6451341152992707,0.7234068420620635,6,6,28,2,available
human_source_holdout,D+R+SC+BC,100,values_plus_missing,0.6604967049720435,0.7219627837967276,0.5990306261473594,0.6510364135789832,0.7354993210823444,6,6,28,2,available
human_source_holdout,D+R+SC+BC,200,values_plus_missing,0.6633895286611233,0.7117882580574005,0.6149907992648461,0.6538158780715867,0.7352611717619254,6,6,28,2,available
human_source_holdout,D+R+SC+BC,all,values_plus_missing,0.6630871284049765,0.7115170220443529,0.6146572347656002,0.6513550423787532,0.73516307772952,6,6,28,2,available
human_source_holdout,D+P+F+H,25,values_plus_missing,0.6618325958160939,0.682483125281971,0.6411820663502167,0.6577133106484276,0.7027176239314238,6,6,28,2,available
human_source_holdout,D+P+F+H,50,values_plus_missing,0.634927666166866,0.6880673468587242,0.5817879854750078,0.6404816157921039,0.6935742597996483,6,6,28,2,available
human_source_holdout,D+P+F+H,100,values_plus_missing,0.6429154437844938,0.6917891547695637,0.594041732799424,0.6448604724161935,0.7055642299506014,6,6,28,2,available
human_source_holdout,D+P+F+H,200,values_plus_missing,0.6389619142431764,0.7029225507554306,0.5750012777309221,0.6426149199142487,0.7060534304139382,6,6,28,2,available
human_source_holdout,D+P+F+H,all,values_plus_missing,0.6443882462629573,0.7022650165972143,0.5865114759287005,0.64834564205621,0.7061362340903212,6,6,28,2,available
human_source_holdout,D+P+F+SC,25,values_plus_missing,0.6660041015657826,0.6897530763902422,0.6422551267413229,0.6564504453453341,0.7130534442160237,6,6,28,2,available
human_source_holdout,D+P+F+SC,50,values_plus_missing,0.6607989846070723,0.7030512881507519,0.6185466810633928,0.6478965813124085,0.7087942371571871,6,6,28,2,available
human_source_holdout,D+P+F+SC,100,values_plus_missing,0.6683172315140461,0.7051200682755071,0.631514394752585,0.6579340696326931,0.7142974823771039,6,6,28,2,available
human_source_holdout,D+P+F+SC,200,values_plus_missing,0.6615422619502243,0.7048766184945537,0.6182079054058948,0.6509833654867383,0.7141930736389751,6,6,28,2,available
human_source_holdout,D+P+F+SC,all,values_plus_missing,0.6657354003167709,0.7099010000422225,0.6215698005913194,0.6525315475731353,0.7147494411663667,6,6,28,2,available
human_source_holdout,D+P+F+BC,25,values_plus_missing,0.655629773747588,0.6551967689296082,0.6560627785655678,0.642221001279916,0.6862327792938819,6,6,28,2,available
human_source_holdout,D+P+F+BC,50,values_plus_missing,0.6409128900096096,0.663885841012611,0.617939939006608,0.6282353952678751,0.6773112256411153,6,6,28,2,available
human_source_holdout,D+P+F+BC,100,values_plus_missing,0.6404205027441235,0.6699569202811547,0.6108840852070924,0.6280950810844047,0.6841472137884478,6,6,28,2,available
human_source_holdout,D+P+F+BC,200,values_plus_missing,0.6428381080044853,0.6733120724806292,0.6123641435283415,0.6306201937561848,0.6858749986497069,6,6,28,2,available
human_source_holdout,D+P+F+BC,all,values_plus_missing,0.6435944690065618,0.6772252448141244,0.6099636931989992,0.6304423648332987,0.6854515167613551,6,6,28,2,available
human_source_holdout,D+P+H+SC,25,values_plus_missing,0.6407219455760708,0.6649200749127103,0.6165238162394313,0.6320707303903781,0.697092258440232,6,6,28,2,available
human_source_holdout,D+P+H+SC,50,values_plus_missing,0.6394251743201519,0.6807506251166379,0.5980997235236659,0.6362445901787025,0.6958028838189553,6,6,28,2,available
human_source_holdout,D+P+H+SC,100,values_plus_missing,0.6429615775275487,0.6833824927241156,0.6025406623309818,0.6427297069260817,0.7086347994382501,6,6,28,2,available
human_source_holdout,D+P+H+SC,200,values_plus_missing,0.6411417257355468,0.6830246425080638,0.5992588089630296,0.6339241422003324,0.703895301486134,6,6,28,2,available
human_source_holdout,D+P+H+SC,all,values_plus_missing,0.6373238497922687,0.6799913030336696,0.5946563965508679,0.6328029221153474,0.7021485216077336,6,6,28,2,available
human_source_holdout,D+P+H+BC,25,values_plus_missing,0.6280454631966593,0.6151759196749126,0.6409150067184061,0.6290628000643889,0.6781899185092982,6,6,28,2,available
human_source_holdout,D+P+H+BC,50,values_plus_missing,0.6214627043733462,0.6293749263901757,0.6135504823565167,0.6194993393248477,0.6780577897168854,6,6,28,2,available
human_source_holdout,D+P+H+BC,100,values_plus_missing,0.6297545641801894,0.636304268460853,0.6232048598995259,0.6314379028039743,0.6881646713072833,6,6,28,2,available
human_source_holdout,D+P+H+BC,200,values_plus_missing,0.6312883650720864,0.6408010386011759,0.6217756915429967,0.6317861539955038,0.6876276702717,6,6,28,2,available
human_source_holdout,D+P+H+BC,all,values_plus_missing,0.6291186217826301,0.6364208522859007,0.6218163912793595,0.6300333652936877,0.6875546613344795,6,6,28,2,available
human_source_holdout,D+P+SC+BC,25,values_plus_missing,0.6256520886324357,0.642344713103964,0.6089594641609074,0.6193757876699247,0.6742352305128433,6,6,28,2,available
human_source_holdout,D+P+SC+BC,50,values_plus_missing,0.6379053742194322,0.6613489704015153,0.6144617780373489,0.6286032465746093,0.6838951201881694,6,6,28,2,available
human_source_holdout,D+P+SC+BC,100,values_plus_missing,0.6345835676969068,0.6548178409773873,0.6143492944164263,0.6306844490838563,0.6931495479435502,6,6,28,2,available
human_source_holdout,D+P+SC+BC,200,values_plus_missing,0.6318612961232754,0.6564328328245925,0.6072897594219581,0.6263931820887451,0.691808231494801,6,6,28,2,available
human_source_holdout,D+P+SC+BC,all,values_plus_missing,0.6333430041697986,0.6586949381552735,0.6079910701843237,0.6283873263057431,0.6904450883246757,6,6,28,2,available
human_source_holdout,D+F+H+SC,25,values_plus_missing,0.6770657604828081,0.7047954930452579,0.6493360279203583,0.6626714063326048,0.723660118270392,6,6,28,2,available
human_source_holdout,D+F+H+SC,50,values_plus_missing,0.646742075455627,0.7130096458044909,0.5804745051067631,0.6429555143201454,0.7098461825662846,6,6,28,2,available
human_source_holdout,D+F+H+SC,100,values_plus_missing,0.6596563510893241,0.7148909437922836,0.6044217583863646,0.6536267622562751,0.7204210330504583,6,6,28,2,available
human_source_holdout,D+F+H+SC,200,values_plus_missing,0.6525616381578935,0.7199313453522066,0.5851919309635804,0.6510236265222406,0.7161824089370625,6,6,28,2,available
human_source_holdout,D+F+H+SC,all,values_plus_missing,0.6524303703285287,0.7190153773803808,0.5858453632766765,0.6472610846789207,0.7160075695534187,6,6,28,2,available
human_source_holdout,D+F+H+BC,25,values_plus_missing,0.65052540745926,0.6765910452420553,0.6244597696764648,0.6400709770209883,0.697822186917656,6,6,28,2,available
human_source_holdout,D+F+H+BC,50,values_plus_missing,0.6279501295142949,0.6857022642573029,0.5701979947712869,0.6288640588957052,0.6837004101325758,6,6,28,2,available
human_source_holdout,D+F+H+BC,100,values_plus_missing,0.6330291008587527,0.6870955884231612,0.5789626132943443,0.6293806346120235,0.6949998913418424,6,6,28,2,available
human_source_holdout,D+F+H+BC,200,values_plus_missing,0.6323379299217605,0.6901761733280605,0.5744996865154607,0.6327221041442087,0.6955175913579904,6,6,28,2,available
human_source_holdout,D+F+H+BC,all,values_plus_missing,0.6314696453355816,0.6917651005977662,0.5711741900733972,0.6310750012979852,0.6946185681061533,6,6,28,2,available
human_source_holdout,D+F+SC+BC,25,values_plus_missing,0.6697535209903154,0.6872188525060955,0.6522881894745353,0.6538199567556855,0.7089075306453437,6,6,28,2,available
human_source_holdout,D+F+SC+BC,50,values_plus_missing,0.6556313887456939,0.6982231389299812,0.6130396385614066,0.6414844017194884,0.6998395994814078,6,6,28,2,available
human_source_holdout,D+F+SC+BC,100,values_plus_missing,0.6569130512297819,0.6984960004711392,0.6153301019884246,0.6455741717992759,0.7046258282292099,6,6,28,2,available
human_source_holdout,D+F+SC+BC,200,values_plus_missing,0.6538853820928742,0.7006446153579189,0.6071261488278296,0.6436589450371414,0.7049847381725954,6,6,28,2,available
human_source_holdout,D+F+SC+BC,all,values_plus_missing,0.6487925057501202,0.7051917904630822,0.5923932210371582,0.6399299541815593,0.7041415647197012,6,6,28,2,available
human_source_holdout,D+H+SC+BC,25,values_plus_missing,0.629064250969369,0.674839357157344,0.5832891447813943,0.6195823151627634,0.6858731396662162,6,6,28,2,available
human_source_holdout,D+H+SC+BC,50,values_plus_missing,0.626612350832531,0.6867348485870567,0.5664898530780053,0.6215741966560479,0.6808420367087962,6,6,28,2,available
human_source_holdout,D+H+SC+BC,100,values_plus_missing,0.6287890904730667,0.6791246808449576,0.5784535001011761,0.6267857712344088,0.6903715498571092,6,6,28,2,available
human_source_holdout,D+H+SC+BC,200,values_plus_missing,0.6149033230602347,0.6752835698962704,0.554523076224199,0.6130048884409289,0.6839790636461487,6,6,28,2,available
human_source_holdout,D+H+SC+BC,all,values_plus_missing,0.61911743296236,0.6752631366270281,0.5629717292976919,0.6168853248167736,0.6821537001560142,6,6,28,2,available
human_source_holdout,R+P+F+H,25,values_plus_missing,0.6771132561836349,0.7139619072210001,0.6402646051462697,0.6644465770682708,0.7216370283530846,6,6,28,2,available
human_source_holdout,R+P+F+H,50,values_plus_missing,0.6696971664621514,0.7221398943603049,0.617254438563998,0.6556591292858372,0.7158811001488372,6,6,28,2,available
human_source_holdout,R+P+F+H,100,values_plus_missing,0.673085082522401,0.7333546555188524,0.6128155095259497,0.6564479524589404,0.7278063061758129,6,6,28,2,available
human_source_holdout,R+P+F+H,200,values_plus_missing,0.6804168243649581,0.7286780454331055,0.6321556032968106,0.6661077802892229,0.7326033028973772,6,6,28,2,available
human_source_holdout,R+P+F+H,all,values_plus_missing,0.6779977050007565,0.7289589860003525,0.6270364240011608,0.6660596810810955,0.7333196234344471,6,6,28,2,available
human_source_holdout,R+P+F+SC,25,values_plus_missing,0.6722390108960073,0.7093949805680273,0.6350830412239875,0.6540581833427076,0.7238773424634541,6,6,28,2,available
human_source_holdout,R+P+F+SC,50,values_plus_missing,0.6666427502382483,0.7222425854724888,0.6110429150040079,0.650104230103603,0.7262878704146726,6,6,28,2,available
human_source_holdout,R+P+F+SC,100,values_plus_missing,0.6674477858932827,0.7336161663150103,0.6012794054715552,0.6526523125160788,0.7307027462829483,6,6,28,2,available
human_source_holdout,R+P+F+SC,200,values_plus_missing,0.6650979024652663,0.7330997738082826,0.5970960311222501,0.6568557685114149,0.734527110454698,6,6,28,2,available
human_source_holdout,R+P+F+SC,all,values_plus_missing,0.6703964978300526,0.7383070906395779,0.6024859050205273,0.6623292973283951,0.7367234505789738,6,6,28,2,available
human_source_holdout,R+P+F+BC,25,values_plus_missing,0.6607150531397662,0.6815059780581887,0.6399241282213437,0.6436639487013797,0.6981969721545729,6,6,28,2,available
human_source_holdout,R+P+F+BC,50,values_plus_missing,0.6588444669010342,0.6918402164104677,0.6258487173916006,0.6381570260258813,0.699589668355581,6,6,28,2,available
human_source_holdout,R+P+F+BC,100,values_plus_missing,0.6576342346511326,0.705653055406383,0.609615413895882,0.637265028838683,0.7027258399749977,6,6,28,2,available
human_source_holdout,R+P+F+BC,200,values_plus_missing,0.6609986896543103,0.7032865969452008,0.6187107823634197,0.6454242289399547,0.7094473264266818,6,6,28,2,available
human_source_holdout,R+P+F+BC,all,values_plus_missing,0.6656799162662703,0.7053524352461708,0.6260073972863699,0.6495553517677009,0.7111685349166776,6,6,28,2,available
human_source_holdout,R+P+H+SC,25,values_plus_missing,0.6668650452715044,0.7248639403138047,0.608866150229204,0.658000390012829,0.7211168386231263,6,6,28,2,available
human_source_holdout,R+P+H+SC,50,values_plus_missing,0.6651900776491336,0.7461115732575729,0.5842685820406942,0.6608627902878484,0.724179445017741,6,6,28,2,available
human_source_holdout,R+P+H+SC,100,values_plus_missing,0.671017031600624,0.7543259010743303,0.5877081621269178,0.6673704664677959,0.7394227475735586,6,6,28,2,available
human_source_holdout,R+P+H+SC,200,values_plus_missing,0.6645238614280826,0.7438692290199896,0.5851784938361756,0.6625736866009602,0.7381276909786436,6,6,28,2,available
human_source_holdout,R+P+H+SC,all,values_plus_missing,0.6661649888332005,0.7450183341485074,0.5873116435178938,0.6649574658395009,0.7364383218167182,6,6,28,2,available
human_source_holdout,R+P+H+BC,25,values_plus_missing,0.6510063508451251,0.686170737480829,0.6158419642094214,0.6472649864255545,0.6988806536153211,6,6,28,2,available
human_source_holdout,R+P+H+BC,50,values_plus_missing,0.6553453337543472,0.7170509167471306,0.593639750761564,0.6478109435651224,0.6982866922555948,6,6,28,2,available
human_source_holdout,R+P+H+BC,100,values_plus_missing,0.6533921751786872,0.725337783199833,0.5814465671575414,0.6493539238348259,0.7107461681558622,6,6,28,2,available
human_source_holdout,R+P+H+BC,200,values_plus_missing,0.6568313154793942,0.7128209609100254,0.600841670048763,0.6517948759726078,0.7117923164396034,6,6,28,2,available
human_source_holdout,R+P+H+BC,all,values_plus_missing,0.6609571552648885,0.7094494410974409,0.6124648694323361,0.6541118140051283,0.7112485661229718,6,6,28,2,available
human_source_holdout,R+P+SC+BC,25,values_plus_missing,0.6307169112472136,0.7401411369831358,0.5212926855112916,0.6324077561927791,0.6780710763415364,6,6,28,2,available
human_source_holdout,R+P+SC+BC,50,values_plus_missing,0.6324236913052881,0.7541197236797172,0.5107276589308588,0.637146309609115,0.6859084749498742,6,6,28,2,available
human_source_holdout,R+P+SC+BC,100,values_plus_missing,0.6352098883763239,0.7523717523729871,0.5180480243796605,0.637573325276122,0.696756084650229,6,6,28,2,available
human_source_holdout,R+P+SC+BC,200,values_plus_missing,0.6307047690154763,0.7448361076675827,0.5165734303633701,0.636173393215605,0.6986247895812275,6,6,28,2,available
human_source_holdout,R+P+SC+BC,all,values_plus_missing,0.6301383755432536,0.745427898145799,0.5148488529407084,0.6362195841761747,0.7000994853513574,6,6,28,2,available
human_source_holdout,R+F+H+SC,25,values_plus_missing,0.6801467777070238,0.7302414978410766,0.630052057572971,0.6662321514450461,0.7454119214121843,6,6,28,2,available
human_source_holdout,R+F+H+SC,50,values_plus_missing,0.6762020966238705,0.7386954990232965,0.6137086942244446,0.6636383165900758,0.7359623952700224,6,6,28,2,available
human_source_holdout,R+F+H+SC,100,values_plus_missing,0.683217305817159,0.748515556247511,0.6179190553868069,0.669984317011921,0.7466639223416879,6,6,28,2,available
human_source_holdout,R+F+H+SC,200,values_plus_missing,0.6820734876478042,0.748676236380417,0.6154707389151912,0.6726278832565513,0.7457079037293763,6,6,28,2,available
human_source_holdout,R+F+H+SC,all,values_plus_missing,0.6802438691078665,0.7522162246954659,0.6082715135202673,0.6674100877475686,0.7468168391238825,6,6,28,2,available
human_source_holdout,R+F+H+BC,25,values_plus_missing,0.6742510370840843,0.7157981533274914,0.6327039208406773,0.6589900809524762,0.720925912392232,6,6,28,2,available
human_source_holdout,R+F+H+BC,50,values_plus_missing,0.6689211964406853,0.7229478009843217,0.6148945918970488,0.6482713708092674,0.7105220373584574,6,6,28,2,available
human_source_holdout,R+F+H+BC,100,values_plus_missing,0.6717987134491982,0.7342881927156517,0.6093092341827445,0.6502282340390524,0.7221691095686694,6,6,28,2,available
human_source_holdout,R+F+H+BC,200,values_plus_missing,0.6719346502027849,0.7269004303901251,0.6169688700154445,0.6562509846603949,0.7251696977123624,6,6,28,2,available
human_source_holdout,R+F+H+BC,all,values_plus_missing,0.6737715369798645,0.7300777169676308,0.6174653569920981,0.6571777901639732,0.7258453853237812,6,6,28,2,available
human_source_holdout,R+F+SC+BC,25,values_plus_missing,0.6623033312119004,0.7049702993205765,0.6196363631032243,0.6488334926206427,0.7229535175410394,6,6,28,2,available
human_source_holdout,R+F+SC+BC,50,values_plus_missing,0.6537140349049572,0.7185665188044972,0.588861551005417,0.6422234595298726,0.7221168502961733,6,6,28,2,available
human_source_holdout,R+F+SC+BC,100,values_plus_missing,0.6642383189393886,0.7316323700143436,0.5968442678644336,0.6473313481488171,0.7260284047982453,6,6,28,2,available
human_source_holdout,R+F+SC+BC,200,values_plus_missing,0.6635760328840439,0.7252659813802942,0.6018860843877935,0.6475420527060441,0.7287231644845068,6,6,28,2,available
human_source_holdout,R+F+SC+BC,all,values_plus_missing,0.6654805593382686,0.7302034913695815,0.6007576273069555,0.6485869658672239,0.7302983884995947,6,6,28,2,available
human_source_holdout,R+H+SC+BC,25,values_plus_missing,0.657406338477923,0.7428216693200819,0.5719910076357638,0.6529722999090429,0.7165318725879007,6,6,28,2,available
human_source_holdout,R+H+SC+BC,50,values_plus_missing,0.646660096076996,0.7517726974731711,0.5415474946808209,0.6510486300930413,0.7139478268241419,6,6,28,2,available
human_source_holdout,R+H+SC+BC,100,values_plus_missing,0.6580990139274396,0.7585337389794381,0.5576642888754412,0.6567493946344021,0.7289880683912294,6,6,28,2,available
human_source_holdout,R+H+SC+BC,200,values_plus_missing,0.6518191801457512,0.7405780785332433,0.5630602817582593,0.6537946541490197,0.7252370330516461,6,6,28,2,available
human_source_holdout,R+H+SC+BC,all,values_plus_missing,0.654817051206646,0.743136635278202,0.56649746713509,0.6563574611963624,0.7256758923476755,6,6,28,2,available
human_source_holdout,P+F+H+SC,25,values_plus_missing,0.6646956105563167,0.7040832149308675,0.6253080061817659,0.654982613707104,0.7183818710202313,6,6,28,2,available
human_source_holdout,P+F+H+SC,50,values_plus_missing,0.6573944827577239,0.7120430225142589,0.6027459430011891,0.6484383610178509,0.7096182368021936,6,6,28,2,available
human_source_holdout,P+F+H+SC,100,values_plus_missing,0.6626770008883648,0.7189798657259686,0.606374136050761,0.6592328364518935,0.7201422296540471,6,6,28,2,available
human_source_holdout,P+F+H+SC,200,values_plus_missing,0.6571409350671277,0.7216638581534984,0.592618011980757,0.6524005191191692,0.7182122035680651,6,6,28,2,available
human_source_holdout,P+F+H+SC,all,values_plus_missing,0.663326756585379,0.7270119138324155,0.5996415993383425,0.6553232431948058,0.717865261878717,6,6,28,2,available
human_source_holdout,P+F+H+BC,25,values_plus_missing,0.6452377917193125,0.6752460214840359,0.6152295619545892,0.6381425022357158,0.6851315049910829,6,6,28,2,available
human_source_holdout,P+F+H+BC,50,values_plus_missing,0.6362529210867668,0.6793934107001255,0.5931124314734081,0.6324771833898089,0.6756337782207443,6,6,28,2,available
human_source_holdout,P+F+H+BC,100,values_plus_missing,0.6365649910013287,0.6883556219963624,0.5847743600062951,0.6272942946682015,0.6862176136304633,6,6,28,2,available
human_source_holdout,P+F+H+BC,200,values_plus_missing,0.6453446898429152,0.6952504440871835,0.5954389355986469,0.6371313015797881,0.6898598962028768,6,6,28,2,available
human_source_holdout,P+F+H+BC,all,values_plus_missing,0.6408545140367589,0.6979680123207753,0.5837410157527424,0.6370751192634633,0.6901400547284607,6,6,28,2,available
human_source_holdout,P+F+SC+BC,25,values_plus_missing,0.6554618105579678,0.6872187654318984,0.6237048556840372,0.6457587749515256,0.7007777574346845,6,6,28,2,available
human_source_holdout,P+F+SC+BC,50,values_plus_missing,0.6460145286341544,0.6897663678848985,0.6022626893834105,0.6346838267398561,0.6964383471857614,6,6,28,2,available
human_source_holdout,P+F+SC+BC,100,values_plus_missing,0.6503431145469677,0.7013558949778395,0.5993303341160959,0.6396516894012415,0.7005320991214454,6,6,28,2,available
human_source_holdout,P+F+SC+BC,200,values_plus_missing,0.6487859656790828,0.7028822265041916,0.594689704853974,0.6410189347966747,0.7012720160292479,6,6,28,2,available
human_source_holdout,P+F+SC+BC,all,values_plus_missing,0.650038485594007,0.7093978859665083,0.5906790852215056,0.6425235479584709,0.7018879901847171,6,6,28,2,available
human_source_holdout,P+H+SC+BC,25,values_plus_missing,0.6174968042673395,0.6668917550039218,0.5681018535307573,0.6099865286633347,0.6660032230530123,6,6,28,2,available
human_source_holdout,P+H+SC+BC,50,values_plus_missing,0.6155157081983907,0.6873042791492293,0.5437271372475522,0.6130400706035694,0.6638066666130269,6,6,28,2,available
human_source_holdout,P+H+SC+BC,100,values_plus_missing,0.6200396186687009,0.6936044938168435,0.5464747435205585,0.6172718696409891,0.6768628091308616,6,6,28,2,available
human_source_holdout,P+H+SC+BC,200,values_plus_missing,0.6142358187400804,0.6889976947052757,0.5394739427748853,0.6088437305678397,0.6708317420238806,6,6,28,2,available
human_source_holdout,P+H+SC+BC,all,values_plus_missing,0.609928252259257,0.6898264151650495,0.5300300893534645,0.6058711157417719,0.6672587312640295,6,6,28,2,available
human_source_holdout,F+H+SC+BC,25,values_plus_missing,0.6565506399927347,0.7017543572375115,0.6113469227479578,0.649018295491719,0.7152803880495583,6,6,28,2,available
human_source_holdout,F+H+SC+BC,50,values_plus_missing,0.6480591360021469,0.7025319838689622,0.5935862881353314,0.6392389322221698,0.6991028111371383,6,6,28,2,available
human_source_holdout,F+H+SC+BC,100,values_plus_missing,0.6553884018289119,0.7100959924525742,0.6006808112052497,0.6491512702008144,0.7080761637016907,6,6,28,2,available
human_source_holdout,F+H+SC+BC,200,values_plus_missing,0.6477630476465704,0.7149420627740802,0.5805840325190608,0.6412168316134569,0.7060827689889564,6,6,28,2,available
human_source_holdout,F+H+SC+BC,all,values_plus_missing,0.6519247765562417,0.718980933862888,0.5848686192495953,0.6466887237112433,0.7049875465140848,6,6,28,2,available
human_source_holdout,S+D+R+P+F,25,values_plus_missing,0.6917447643875829,0.7510395900628121,0.6324499387123539,0.672395391428121,0.7485257736825817,6,6,28,2,available
human_source_holdout,S+D+R+P+F,50,values_plus_missing,0.6929888338182453,0.7602822544952247,0.6256954131412661,0.6845280892421841,0.7596938474721664,6,6,28,2,available
human_source_holdout,S+D+R+P+F,100,values_plus_missing,0.6989007852946777,0.7644082959910291,0.6333932745983261,0.6864949873637093,0.769219006988523,6,6,28,2,available
human_source_holdout,S+D+R+P+F,200,values_plus_missing,0.7053884350710513,0.7677634473462178,0.6430134227958849,0.6924213101637612,0.7763015142014522,6,6,28,2,available
human_source_holdout,S+D+R+P+F,all,values_plus_missing,0.703755755059991,0.7706488813161173,0.6368626288038646,0.6891978632903687,0.7779781568003497,6,6,28,2,available
human_source_holdout,S+D+R+P+H,25,values_plus_missing,0.6649071416037261,0.7374813125883994,0.5923329706190529,0.6565994435007815,0.7237521264424152,6,6,28,2,available
human_source_holdout,S+D+R+P+H,50,values_plus_missing,0.6722718818254036,0.742510675479301,0.6020330881715062,0.6695266932882369,0.7385258776727327,6,6,28,2,available
human_source_holdout,S+D+R+P+H,100,values_plus_missing,0.6946548334304438,0.7521560176879275,0.6371536491729602,0.6816556052146421,0.7573980752404534,6,6,28,2,available
human_source_holdout,S+D+R+P+H,200,values_plus_missing,0.686760538968127,0.7476986664300248,0.6258224115062291,0.6786509173368374,0.7633426018755571,6,6,28,2,available
human_source_holdout,S+D+R+P+H,all,values_plus_missing,0.6838610058102454,0.7477626736436224,0.6199593379768688,0.675570715584899,0.7638903386634425,6,6,28,2,available
human_source_holdout,S+D+R+P+SC,25,values_plus_missing,0.6480216174371419,0.7430537390702554,0.5529894958040283,0.6457594506354732,0.7162710557020378,6,6,28,2,available
human_source_holdout,S+D+R+P+SC,50,values_plus_missing,0.6739299923758054,0.748557427387417,0.5993025573641939,0.66879359801217,0.7377258016017834,6,6,28,2,available
human_source_holdout,S+D+R+P+SC,100,values_plus_missing,0.6889277764429688,0.7493633088770649,0.6284922440088727,0.6819743938648511,0.7546194214361192,6,6,28,2,available
human_source_holdout,S+D+R+P+SC,200,values_plus_missing,0.6894019223117728,0.7403404538014332,0.6384633908221123,0.6860316494211428,0.7584362898233661,6,6,28,2,available
human_source_holdout,S+D+R+P+SC,all,values_plus_missing,0.6882165417309704,0.7427986565960533,0.6336344268658872,0.6827472505216866,0.7588043003345623,6,6,28,2,available
human_source_holdout,S+D+R+P+BC,25,values_plus_missing,0.6541031388984698,0.7298779810082263,0.5783282967887132,0.6481893689619485,0.7195014587553208,6,6,28,2,available
human_source_holdout,S+D+R+P+BC,50,values_plus_missing,0.6746415500864223,0.734063441951038,0.6152196582218066,0.6654062557239404,0.7404094895459833,6,6,28,2,available
human_source_holdout,S+D+R+P+BC,100,values_plus_missing,0.6799524365658497,0.7392916224604679,0.6206132506712315,0.6725069521977134,0.7546533633641944,6,6,28,2,available
human_source_holdout,S+D+R+P+BC,200,values_plus_missing,0.6824685809281581,0.7350447378438355,0.6298924240124805,0.6781990293667142,0.7598547982986824,6,6,28,2,available
human_source_holdout,S+D+R+P+BC,all,values_plus_missing,0.6826329570420334,0.7359902340777809,0.6292756800062859,0.6772239632186987,0.7597416581009319,6,6,28,2,available
human_source_holdout,S+D+R+F+H,25,values_plus_missing,0.6835914987405372,0.7680352157686413,0.599147781712433,0.6781583675387601,0.7568601636208049,6,6,28,2,available
human_source_holdout,S+D+R+F+H,50,values_plus_missing,0.689684128018996,0.7718585100217535,0.6075097460162384,0.6850863106865889,0.7597653881885144,6,6,28,2,available
human_source_holdout,S+D+R+F+H,100,values_plus_missing,0.712958132669066,0.7743982158925321,0.6515180494456002,0.6904863076949747,0.7721456406233199,6,6,28,2,available
human_source_holdout,S+D+R+F+H,200,values_plus_missing,0.7067437820899296,0.7755513195921641,0.637936244587695,0.695805228971071,0.7791224016984346,6,6,28,2,available
human_source_holdout,S+D+R+F+H,all,values_plus_missing,0.7046224992791771,0.7781439181101959,0.6311010804481583,0.6935492934526106,0.781537384316359,6,6,28,2,available
human_source_holdout,S+D+R+F+SC,25,values_plus_missing,0.6913531012200703,0.7665110068982827,0.616195195541858,0.6789383752496808,0.7491831185983857,6,6,28,2,available
human_source_holdout,S+D+R+F+SC,50,values_plus_missing,0.6945941258797554,0.7722156081386098,0.6169726436209012,0.6908386927268323,0.7569447516654513,6,6,28,2,available
human_source_holdout,S+D+R+F+SC,100,values_plus_missing,0.7099910035134905,0.7730382472984091,0.646943759728572,0.6963331553287806,0.7667146590573051,6,6,28,2,available
human_source_holdout,S+D+R+F+SC,200,values_plus_missing,0.7087846251720994,0.7730364713938748,0.6445327789503239,0.6968391686179863,0.772294175779612,6,6,28,2,available
human_source_holdout,S+D+R+F+SC,all,values_plus_missing,0.7094587352260406,0.7749520917633251,0.6439653786887561,0.6939678766430796,0.7743948292631587,6,6,28,2,available
human_source_holdout,S+D+R+F+BC,25,values_plus_missing,0.6861494000068089,0.755506874364039,0.6167919256495789,0.6759321442344236,0.7553279281822903,6,6,28,2,available
human_source_holdout,S+D+R+F+BC,50,values_plus_missing,0.6959407752987491,0.7645070288578458,0.6273745217396526,0.6870694435191941,0.7609710122599408,6,6,28,2,available
human_source_holdout,S+D+R+F+BC,100,values_plus_missing,0.7049782062492911,0.7662877042591812,0.6436687082394009,0.6869274753970167,0.7679569282910433,6,6,28,2,available
human_source_holdout,S+D+R+F+BC,200,values_plus_missing,0.7066494767464505,0.7669235571392489,0.646375396353652,0.6930881950872498,0.7751205840812742,6,6,28,2,available
human_source_holdout,S+D+R+F+BC,all,values_plus_missing,0.6996331407931708,0.768237460172307,0.6310288214140348,0.6871799072686434,0.7761262187870575,6,6,28,2,available
human_source_holdout,S+D+R+H+SC,25,values_plus_missing,0.6568035264633488,0.761334399346194,0.5522726535805038,0.6530906839507938,0.7247084057020252,6,6,28,2,available
human_source_holdout,S+D+R+H+SC,50,values_plus_missing,0.6796266180571018,0.762598289298845,0.5966549468153585,0.6693865306686971,0.7323994516273943,6,6,28,2,available
human_source_holdout,S+D+R+H+SC,100,values_plus_missing,0.6893984961244445,0.762530869807744,0.616266122441145,0.6773637409228873,0.7535597203713775,6,6,28,2,available
human_source_holdout,S+D+R+H+SC,200,values_plus_missing,0.6876527149101497,0.755075961285841,0.6202294685344584,0.6794836868381817,0.7567459889220449,6,6,28,2,available
human_source_holdout,S+D+R+H+SC,all,values_plus_missing,0.6841800429961403,0.75684386012125,0.6115162258710305,0.6775662339536831,0.7586053630986057,6,6,28,2,available
human_source_holdout,S+D+R+H+BC,25,values_plus_missing,0.6536508347483947,0.7484473996715278,0.5588542698252615,0.6546275403861035,0.7279821562555202,6,6,28,2,available
human_source_holdout,S+D+R+H+BC,50,values_plus_missing,0.6718510722110128,0.7470088093168782,0.5966933351051473,0.6633095199209053,0.7376634718664358,6,6,28,2,available
human_source_holdout,S+D+R+H+BC,100,values_plus_missing,0.6846641916045302,0.7520793067431938,0.6172490764658666,0.6736145910142287,0.7539330579932473,6,6,28,2,available
human_source_holdout,S+D+R+H+BC,200,values_plus_missing,0.6789576069141567,0.7469039074102155,0.611011306418098,0.6747700711936292,0.7592005231908523,6,6,28,2,available
human_source_holdout,S+D+R+H+BC,all,values_plus_missing,0.6806604374162868,0.7479762630511889,0.6133446117813849,0.6721205224762495,0.7605667809451189,6,6,28,2,available
human_source_holdout,S+D+R+SC+BC,25,values_plus_missing,0.6533430454762938,0.7566579070061703,0.5500281839464174,0.6457420798904118,0.7192793351884228,6,6,28,2,available
human_source_holdout,S+D+R+SC+BC,50,values_plus_missing,0.6775852175633607,0.7512815958052869,0.6038888393214344,0.6700978178148799,0.7351450998594625,6,6,28,2,available
human_source_holdout,S+D+R+SC+BC,100,values_plus_missing,0.688229373601191,0.7489181282945788,0.6275406189078031,0.6807193750710524,0.7504146289739319,6,6,28,2,available
human_source_holdout,S+D+R+SC+BC,200,values_plus_missing,0.6922577541959702,0.7411549819953317,0.6433605263966086,0.6855867620640019,0.7547715651207294,6,6,28,2,available
human_source_holdout,S+D+R+SC+BC,all,values_plus_missing,0.692427815515055,0.743779084967807,0.641076546062303,0.6859826413720856,0.7554131926030411,6,6,28,2,available
human_source_holdout,S+D+P+F+H,25,values_plus_missing,0.6622057540354147,0.7470664754814348,0.5773450325893947,0.6531817682245973,0.7300923603593816,6,6,28,2,available
human_source_holdout,S+D+P+F+H,50,values_plus_missing,0.6669942244340463,0.7493992197010373,0.5845892291670552,0.6553720480722176,0.7346145722789663,6,6,28,2,available
human_source_holdout,S+D+P+F+H,100,values_plus_missing,0.6715516935548109,0.7558465786408185,0.5872568084688035,0.6624709282176903,0.7469584817148036,6,6,28,2,available
human_source_holdout,S+D+P+F+H,200,values_plus_missing,0.6730917535080733,0.7617008924860436,0.5844826145301031,0.6605374105820004,0.7523993302068829,6,6,28,2,available
human_source_holdout,S+D+P+F+H,all,values_plus_missing,0.6875723620467994,0.7643303197854378,0.6108144043081611,0.6689782937866625,0.7548998150366301,6,6,28,2,available
human_source_holdout,S+D+P+F+SC,25,values_plus_missing,0.6717978353277884,0.7467150777588891,0.5968805928966875,0.6572503112185294,0.7269665536793026,6,6,28,2,available
human_source_holdout,S+D+P+F+SC,50,values_plus_missing,0.674957447450523,0.7515601971547138,0.5983546977463324,0.6680526444430711,0.7347539370799822,6,6,28,2,available
human_source_holdout,S+D+P+F+SC,100,values_plus_missing,0.6839293895325754,0.7510673299348728,0.6167914491302778,0.6728660893711963,0.7441180222337058,6,6,28,2,available
human_source_holdout,S+D+P+F+SC,200,values_plus_missing,0.6889510908886357,0.753935325701789,0.6239668560754826,0.6731388411872135,0.7484601445155812,6,6,28,2,available
human_source_holdout,S+D+P+F+SC,all,values_plus_missing,0.6875038053378693,0.7567238097656143,0.6182838009101244,0.6739528870992437,0.7499459432539506,6,6,28,2,available
human_source_holdout,S+D+P+F+BC,25,values_plus_missing,0.6730016106686095,0.7390347341864336,0.6069684871507856,0.6588369814559482,0.7298314220587191,6,6,28,2,available
human_source_holdout,S+D+P+F+BC,50,values_plus_missing,0.676846150911325,0.7423769292713187,0.6113153725513313,0.6629214971346369,0.7380901012909555,6,6,28,2,available
human_source_holdout,S+D+P+F+BC,100,values_plus_missing,0.6756411739763784,0.7467493392102099,0.6045330087425468,0.6620036663740297,0.7449063246414414,6,6,28,2,available
human_source_holdout,S+D+P+F+BC,200,values_plus_missing,0.6830040541421485,0.7522743479598563,0.6137337603244407,0.6656226570417276,0.7511249688002889,6,6,28,2,available
human_source_holdout,S+D+P+F+BC,all,values_plus_missing,0.6863960353060364,0.7555348919610876,0.6172571786509854,0.6682410922034778,0.751964019036523,6,6,28,2,available
human_source_holdout,S+D+P+H+SC,25,values_plus_missing,0.6281620986946509,0.7265204935289938,0.5298037038603078,0.6211973372329577,0.6871320810389917,6,6,28,2,available
human_source_holdout,S+D+P+H+SC,50,values_plus_missing,0.644238587844434,0.7268061156419711,0.5616710600468968,0.6350767486507286,0.6964689957197304,6,6,28,2,available
human_source_holdout,S+D+P+H+SC,100,values_plus_missing,0.6477303923262454,0.7248876671887,0.5705731174637907,0.6374002122488992,0.7134888356114734,6,6,28,2,available
human_source_holdout,S+D+P+H+SC,200,values_plus_missing,0.646932584480383,0.7260061022128066,0.5678590667479596,0.636385059290815,0.7134360921668285,6,6,28,2,available
human_source_holdout,S+D+P+H+SC,all,values_plus_missing,0.6417870352671559,0.7273197122046913,0.5562543583296207,0.6331992696857595,0.7138146107133334,6,6,28,2,available
human_source_holdout,S+D+P+H+BC,25,values_plus_missing,0.6197999920999439,0.7080821248689201,0.5315178593309676,0.6156555456793137,0.6868081404924894,6,6,28,2,available
human_source_holdout,S+D+P+H+BC,50,values_plus_missing,0.6313176365853177,0.7143572665966476,0.5482780065739877,0.6239036310356076,0.6999560202369358,6,6,28,2,available
human_source_holdout,S+D+P+H+BC,100,values_plus_missing,0.6398247663062936,0.72019208594927,0.5594574466633172,0.6304350793981979,0.7132954059392446,6,6,28,2,available
human_source_holdout,S+D+P+H+BC,200,values_plus_missing,0.6432555153121491,0.7226600718987607,0.5638509587255374,0.6325862468960269,0.7169434221990949,6,6,28,2,available
human_source_holdout,S+D+P+H+BC,all,values_plus_missing,0.6386803914241789,0.7234435032296943,0.5539172796186635,0.6304990290565516,0.7174672433223461,6,6,28,2,available
human_source_holdout,S+D+P+SC+BC,25,values_plus_missing,0.6259339645848345,0.714615773887651,0.5372521552820181,0.614899358507694,0.6812673250279436,6,6,28,2,available
human_source_holdout,S+D+P+SC+BC,50,values_plus_missing,0.6479515866789608,0.7160662884768835,0.5798368848810381,0.6393776174866265,0.6994195500794739,6,6,28,2,available
human_source_holdout,S+D+P+SC+BC,100,values_plus_missing,0.6506302895013386,0.7140338323516201,0.5872267466510571,0.6391523107606013,0.7113370745742947,6,6,28,2,available
human_source_holdout,S+D+P+SC+BC,200,values_plus_missing,0.6492002898930905,0.7119923027575746,0.5864082770286065,0.6368398444113086,0.7129141330094776,6,6,28,2,available
human_source_holdout,S+D+P+SC+BC,all,values_plus_missing,0.6451760615505685,0.7135813756461449,0.5767707474549923,0.6343378862266295,0.7119434701039822,6,6,28,2,available
human_source_holdout,S+D+F+H+SC,25,values_plus_missing,0.6714004927765685,0.764360876885295,0.5784401086678421,0.6591924929836385,0.729945258890209,6,6,28,2,available
human_source_holdout,S+D+F+H+SC,50,values_plus_missing,0.6719959392760783,0.7571079094842155,0.5868839690679409,0.6614627258946644,0.7282911410401259,6,6,28,2,available
human_source_holdout,S+D+F+H+SC,100,values_plus_missing,0.6839742763610467,0.7632438144222237,0.6047047382998696,0.6676709359191607,0.7410506396824561,6,6,28,2,available
human_source_holdout,S+D+F+H+SC,200,values_plus_missing,0.6805572177302883,0.7649832507534531,0.5961311847071236,0.668263529954929,0.7459686142251122,6,6,28,2,available
human_source_holdout,S+D+F+H+SC,all,values_plus_missing,0.6821615422953572,0.7673610058426482,0.596962078748066,0.6697915825582621,0.7476904699780079,6,6,28,2,available
human_source_holdout,S+D+F+H+BC,25,values_plus_missing,0.6681545113208912,0.7533344036307487,0.5829746190110335,0.6577405060494045,0.7336132597896127,6,6,28,2,available
human_source_holdout,S+D+F+H+BC,50,values_plus_missing,0.6687645947605688,0.7515366567032,0.5859925328179375,0.6593229763785335,0.7331152874847516,6,6,28,2,available
human_source_holdout,S+D+F+H+BC,100,values_plus_missing,0.6709987653510717,0.7576272713771175,0.584370259325026,0.6606966315261019,0.7423114308906907,6,6,28,2,available
human_source_holdout,S+D+F+H+BC,200,values_plus_missing,0.6713094807231479,0.7617645286539031,0.5808544327923927,0.6592229463172716,0.748786254918174,6,6,28,2,available
human_source_holdout,S+D+F+H+BC,all,values_plus_missing,0.6849287360960515,0.7657708507349742,0.604086621457129,0.6663947550648667,0.750196911418896,6,6,28,2,available
human_source_holdout,S+D+F+SC+BC,25,values_plus_missing,0.6747374167021917,0.7548218128991692,0.594653020505214,0.6611237929482764,0.7291459724101749,6,6,28,2,available
human_source_holdout,S+D+F+SC+BC,50,values_plus_missing,0.6824302424594726,0.7549195969464971,0.609940887972448,0.6681852918414427,0.7331347160848064,6,6,28,2,available
human_source_holdout,S+D+F+SC+BC,100,values_plus_missing,0.674153600626466,0.7543337928455874,0.5939734084073447,0.6643386368502097,0.739710539527178,6,6,28,2,available
human_source_holdout,S+D+F+SC+BC,200,values_plus_missing,0.6806010340170418,0.7561073855774986,0.6050946824565848,0.666091053990848,0.7454210505470582,6,6,28,2,available
human_source_holdout,S+D+F+SC+BC,all,values_plus_missing,0.6783952329899976,0.7594544713742503,0.5973359946057449,0.6657893941735008,0.7454848360614766,6,6,28,2,available
human_source_holdout,S+D+H+SC+BC,25,values_plus_missing,0.6259417560259467,0.7291788335325635,0.5227046785193298,0.6185763114853754,0.6825622141664355,6,6,28,2,available
human_source_holdout,S+D+H+SC+BC,50,values_plus_missing,0.6430102911171549,0.7305052708827927,0.555515311351517,0.634965842410155,0.6901456697935557,6,6,28,2,available
human_source_holdout,S+D+H+SC+BC,100,values_plus_missing,0.6481310744267601,0.725156267895612,0.5711058809579082,0.6364988309221574,0.7032171734124917,6,6,28,2,available
human_source_holdout,S+D+H+SC+BC,200,values_plus_missing,0.6392468110677397,0.7231938883279359,0.5552997338075437,0.6274023791340938,0.7034659037582504,6,6,28,2,available
human_source_holdout,S+D+H+SC+BC,all,values_plus_missing,0.6414314436987182,0.7253322058580548,0.5575306815393816,0.6278984443831241,0.7027798655580764,6,6,28,2,available
human_source_holdout,S+R+P+F+H,25,values_plus_missing,0.6746499046269442,0.7662278369546812,0.5830719722992073,0.6693939180817488,0.7472749098759583,6,6,28,2,available
human_source_holdout,S+R+P+F+H,50,values_plus_missing,0.6824718219134372,0.7702194573414953,0.5947241864853791,0.6786033685830222,0.7553513609567787,6,6,28,2,available
human_source_holdout,S+R+P+F+H,100,values_plus_missing,0.6925514889751273,0.7772149263806525,0.6078880515696021,0.6809166331012527,0.7692257885554908,6,6,28,2,available
human_source_holdout,S+R+P+F+H,200,values_plus_missing,0.69422856756513,0.7769349977953944,0.6115221373348658,0.683368236699977,0.7769291249483852,6,6,28,2,available
human_source_holdout,S+R+P+F+H,all,values_plus_missing,0.7019440984012832,0.7796511941357935,0.6242370026667728,0.6885126733703605,0.7790748752525164,6,6,28,2,available
human_source_holdout,S+R+P+F+SC,25,values_plus_missing,0.6773081704546969,0.7647758932122661,0.5898404476971276,0.6648127495900716,0.7402802668425918,6,6,28,2,available
human_source_holdout,S+R+P+F+SC,50,values_plus_missing,0.6981325067414043,0.7668454928718743,0.6294195206109344,0.6868187396174164,0.7539947742407807,6,6,28,2,available
human_source_holdout,S+R+P+F+SC,100,values_plus_missing,0.6993387525017893,0.7716443267477945,0.6270331782557842,0.6889755695402715,0.7638211016023331,6,6,28,2,available
human_source_holdout,S+R+P+F+SC,200,values_plus_missing,0.6992306752402017,0.7706698134401245,0.6277915370402789,0.6892328734974349,0.7697407625509396,6,6,28,2,available
human_source_holdout,S+R+P+F+SC,all,values_plus_missing,0.7018831906613623,0.7754272237342198,0.6283391575885048,0.6894838902577546,0.7717840625109459,6,6,28,2,available
human_source_holdout,S+R+P+F+BC,25,values_plus_missing,0.6736662956328282,0.7558158813455019,0.5915167099201544,0.6649701458846294,0.7438117091561433,6,6,28,2,available
human_source_holdout,S+R+P+F+BC,50,values_plus_missing,0.6882399652721579,0.7600102074758296,0.6164697230684864,0.6798017097239617,0.7565267843992745,6,6,28,2,available
human_source_holdout,S+R+P+F+BC,100,values_plus_missing,0.6943525440899401,0.7663328342097886,0.6223722539700914,0.6836942450105324,0.7643967344829958,6,6,28,2,available
human_source_holdout,S+R+P+F+BC,200,values_plus_missing,0.6970744537861172,0.7661086222501634,0.6280402853220709,0.683733380608365,0.7717440753522259,6,6,28,2,available
human_source_holdout,S+R+P+F+BC,all,values_plus_missing,0.6954031522317109,0.7696153059594454,0.6211909985039762,0.6819446790122926,0.7733424111974178,6,6,28,2,available
human_source_holdout,S+R+P+H+SC,25,values_plus_missing,0.6480000059473742,0.7545646952494663,0.541435316645282,0.6484469454529196,0.7130336202401375,6,6,28,2,available
human_source_holdout,S+R+P+H+SC,50,values_plus_missing,0.6566611918639117,0.7522780572737618,0.5610443264540615,0.655156787627667,0.7243869925030718,6,6,28,2,available
human_source_holdout,S+R+P+H+SC,100,values_plus_missing,0.6715297216710955,0.7609414942573687,0.5821179490848223,0.662594395415038,0.7462896458368543,6,6,28,2,available
human_source_holdout,S+R+P+H+SC,200,values_plus_missing,0.6697566026990319,0.7526432354411524,0.5868699699569115,0.6672643895691294,0.7507112309554618,6,6,28,2,available
human_source_holdout,S+R+P+H+SC,all,values_plus_missing,0.6681617386586368,0.7535851061102488,0.5827383712070248,0.664203214833697,0.7514257501412613,6,6,28,2,available
human_source_holdout,S+R+P+H+BC,25,values_plus_missing,0.6418210749754968,0.7376804659235664,0.5459616840274273,0.6425236309251299,0.712041306730083,6,6,28,2,available
human_source_holdout,S+R+P+H+BC,50,values_plus_missing,0.6545426535933553,0.7375355913587817,0.5715497158279288,0.6482750458471728,0.7242133851355065,6,6,28,2,available
human_source_holdout,S+R+P+H+BC,100,values_plus_missing,0.6629530340160845,0.7480940783101832,0.5778119897219859,0.6560045429043162,0.743236277076514,6,6,28,2,available
human_source_holdout,S+R+P+H+BC,200,values_plus_missing,0.6695222844821593,0.7429092298884562,0.5961353390758627,0.6619271703999098,0.7501741432455541,6,6,28,2,available
human_source_holdout,S+R+P+H+BC,all,values_plus_missing,0.6717382523166257,0.7428690606789313,0.60060744395432,0.6633664013175083,0.7507181127439416,6,6,28,2,available
human_source_holdout,S+R+P+SC+BC,25,values_plus_missing,0.6407499584099369,0.7478266283880871,0.5336732884317867,0.6365642478882411,0.7021388587253934,6,6,28,2,available
human_source_holdout,S+R+P+SC+BC,50,values_plus_missing,0.6622671158724965,0.7430748759509983,0.5814593557939948,0.6567165348443024,0.7236970664827622,6,6,28,2,available
human_source_holdout,S+R+P+SC+BC,100,values_plus_missing,0.674163737624666,0.7496905473237581,0.5986369279255739,0.6706511707939673,0.7395362295549399,6,6,28,2,available
human_source_holdout,S+R+P+SC+BC,200,values_plus_missing,0.6787537530682162,0.7411841468659027,0.6163233592705296,0.6725723366143656,0.7432957476798905,6,6,28,2,available
human_source_holdout,S+R+P+SC+BC,all,values_plus_missing,0.6736755006883878,0.7442447251729941,0.6031062762037813,0.6700398587599338,0.7436104707228407,6,6,28,2,available
human_source_holdout,S+R+F+H+SC,25,values_plus_missing,0.6881923649294343,0.7796493058752726,0.5967354239835961,0.6745533638930818,0.7516535609633388,6,6,28,2,available
human_source_holdout,S+R+F+H+SC,50,values_plus_missing,0.6933190966223556,0.777179423404526,0.6094587698401851,0.6864943558531379,0.7534222390118127,6,6,28,2,available
human_source_holdout,S+R+F+H+SC,100,values_plus_missing,0.7020780867850848,0.7822157128578576,0.6219404607123119,0.6898297133991225,0.7681159392815637,6,6,28,2,available
human_source_holdout,S+R+F+H+SC,200,values_plus_missing,0.7022073382600785,0.7803453854404091,0.6240692910797477,0.6924230248141002,0.7731269988124617,6,6,28,2,available
human_source_holdout,S+R+F+H+SC,all,values_plus_missing,0.7014597799596444,0.7829670305618551,0.6199525293574337,0.6916203402768768,0.7758155593448989,6,6,28,2,available
human_source_holdout,S+R+F+H+BC,25,values_plus_missing,0.6861415398074255,0.7698376705217541,0.602445409093097,0.6720444706939404,0.7538111089411954,6,6,28,2,available
human_source_holdout,S+R+F+H+BC,50,values_plus_missing,0.6884778697603683,0.771861593154953,0.6050941463657838,0.6830299589954268,0.756994124994435,6,6,28,2,available
human_source_holdout,S+R+F+H+BC,100,values_plus_missing,0.6947118396435217,0.7772755527538694,0.6121481265331737,0.6818123588895513,0.7683871639454963,6,6,28,2,available
human_source_holdout,S+R+F+H+BC,200,values_plus_missing,0.6949961252965416,0.7762538432744405,0.6137384073186428,0.6876019181083346,0.7753622347727124,6,6,28,2,available
human_source_holdout,S+R+F+H+BC,all,values_plus_missing,0.6976397400266889,0.778860040347856,0.6164194397055219,0.685827202790259,0.7770614033836402,6,6,28,2,available
human_source_holdout,S+R+F+SC+BC,25,values_plus_missing,0.6824700166052787,0.7680974586116328,0.5968425745989246,0.670554522773419,0.7470445240352289,6,6,28,2,available
human_source_holdout,S+R+F+SC+BC,50,values_plus_missing,0.697648895538399,0.7684837280787394,0.6268140629980586,0.6886213017891393,0.7554177470672044,6,6,28,2,available
human_source_holdout,S+R+F+SC+BC,100,values_plus_missing,0.7034364712508516,0.7736769239672475,0.6331960185344556,0.6911334996288163,0.7631289588270267,6,6,28,2,available
human_source_holdout,S+R+F+SC+BC,200,values_plus_missing,0.7036877694628019,0.7685181950824437,0.6388573438431602,0.6933800316652788,0.7690908594549458,6,6,28,2,available
human_source_holdout,S+R+F+SC+BC,all,values_plus_missing,0.7006903269738703,0.773734602149526,0.6276460517982144,0.6880777083380045,0.7707431182702064,6,6,28,2,available
human_source_holdout,S+R+H+SC+BC,25,values_plus_missing,0.6573314834254926,0.7654079389727318,0.5492550278782534,0.6519393998721982,0.7146018590071872,6,6,28,2,available
human_source_holdout,S+R+H+SC+BC,50,values_plus_missing,0.6555818912815481,0.7578943523989218,0.5532694301641745,0.6552630614724358,0.7225003479595592,6,6,28,2,available
human_source_holdout,S+R+H+SC+BC,100,values_plus_missing,0.66648215221144,0.7640468877263956,0.5689174166964842,0.6599451481079743,0.7421604670730116,6,6,28,2,available
human_source_holdout,S+R+H+SC+BC,200,values_plus_missing,0.6664572668428158,0.7544256511436465,0.5784888825419852,0.6646140412713539,0.7460077201169153,6,6,28,2,available
human_source_holdout,S+R+H+SC+BC,all,values_plus_missing,0.6657373467411948,0.7557118658705613,0.5757628276118282,0.6633473902627063,0.747632687075984,6,6,28,2,available
human_source_holdout,S+P+F+H+SC,25,values_plus_missing,0.6736931774488558,0.7643889417120063,0.5829974131857054,0.6607536418311871,0.7274066520028258,6,6,28,2,available
human_source_holdout,S+P+F+H+SC,50,values_plus_missing,0.677676856649767,0.7593825329244344,0.5959711803750996,0.6724051525304381,0.7288719190919032,6,6,28,2,available
human_source_holdout,S+P+F+H+SC,100,values_plus_missing,0.6809838144929823,0.7640443375476943,0.5979232914382703,0.672930232603529,0.7439920444321769,6,6,28,2,available
human_source_holdout,S+P+F+H+SC,200,values_plus_missing,0.6802095971688567,0.7666840968790484,0.5937350974586649,0.6721905431079014,0.7483755765841931,6,6,28,2,available
human_source_holdout,S+P+F+H+SC,all,values_plus_missing,0.6886889917491706,0.7716938340735328,0.6056841494248084,0.6776108963621249,0.7501474843307869,6,6,28,2,available
human_source_holdout,S+P+F+H+BC,25,values_plus_missing,0.6629492734826203,0.7532249678979261,0.5726735790673145,0.6529992390859385,0.7282137556742675,6,6,28,2,available
human_source_holdout,S+P+F+H+BC,50,values_plus_missing,0.6668641764010558,0.7513541421790522,0.5823742106230593,0.6611476493300951,0.7320399657110218,6,6,28,2,available
human_source_holdout,S+P+F+H+BC,100,values_plus_missing,0.6716541831169888,0.7597569335348568,0.5835514326991206,0.6623063027825964,0.744515002661528,6,6,28,2,available
human_source_holdout,S+P+F+H+BC,200,values_plus_missing,0.6736590176481981,0.7624442123423972,0.584873822953999,0.6658489701034374,0.7504770666510069,6,6,28,2,available
human_source_holdout,S+P+F+H+BC,all,values_plus_missing,0.6812472204769281,0.7695897835083688,0.5929046574454874,0.6659766476625668,0.7526190248036434,6,6,28,2,available
human_source_holdout,S+P+F+SC+BC,25,values_plus_missing,0.6728523605329304,0.7553875037149588,0.590317217350902,0.6600252621682593,0.725106127744039,6,6,28,2,available
human_source_holdout,S+P+F+SC+BC,50,values_plus_missing,0.6838500244509483,0.7526510134162542,0.6150490354856423,0.6747079067671967,0.7338354929734227,6,6,28,2,available
human_source_holdout,S+P+F+SC+BC,100,values_plus_missing,0.6835868856463256,0.7550557667881396,0.6121180045045117,0.6722270481346365,0.7416839760685844,6,6,28,2,available
human_source_holdout,S+P+F+SC+BC,200,values_plus_missing,0.6805505928452651,0.757021035086748,0.6040801506037821,0.667315417739899,0.7469522046562104,6,6,28,2,available
human_source_holdout,S+P+F+SC+BC,all,values_plus_missing,0.6787873152211836,0.7633757352090513,0.5941988952333158,0.6686706189091254,0.7477721877675568,6,6,28,2,available
human_source_holdout,S+P+H+SC+BC,25,values_plus_missing,0.6250625959520476,0.7245562857438322,0.525568906160263,0.61876213725913,0.6731376314592136,6,6,28,2,available
human_source_holdout,S+P+H+SC+BC,50,values_plus_missing,0.637429458159798,0.7233490778814354,0.5515098384381606,0.6294306794252895,0.6832023389393023,6,6,28,2,available
human_source_holdout,S+P+H+SC+BC,100,values_plus_missing,0.637355650434447,0.7304258343774145,0.5442854664914795,0.6340678787310027,0.7016263265211105,6,6,28,2,available
human_source_holdout,S+P+H+SC+BC,200,values_plus_missing,0.6427443198089778,0.7266495864672066,0.558839053150749,0.633676293333915,0.7023242262880659,6,6,28,2,available
human_source_holdout,S+P+H+SC+BC,all,values_plus_missing,0.6348495868253036,0.7276489874946429,0.542050186155964,0.6285743600603872,0.7017520242233045,6,6,28,2,available
human_source_holdout,S+F+H+SC+BC,25,values_plus_missing,0.6761259380366066,0.7670933531593965,0.5851585229138165,0.6632967931466526,0.7308411643468133,6,6,28,2,available
human_source_holdout,S+F+H+SC+BC,50,values_plus_missing,0.6787320349304525,0.7589158362394745,0.5985482336214306,0.6729329127564707,0.7278530492564587,6,6,28,2,available
human_source_holdout,S+F+H+SC+BC,100,values_plus_missing,0.6750437698997617,0.7653657451558278,0.5847217946436957,0.6632062629413954,0.7391986776407189,6,6,28,2,available
human_source_holdout,S+F+H+SC+BC,200,values_plus_missing,0.6770535595499575,0.7654081459048707,0.5886989731950445,0.6676874629131423,0.7450495688916735,6,6,28,2,available
human_source_holdout,S+F+H+SC+BC,all,values_plus_missing,0.6806285699081861,0.7712287604564282,0.5900283793599442,0.6694752762431869,0.7461047073082572,6,6,28,2,available
human_source_holdout,D+R+P+F+H,25,values_plus_missing,0.6789200972399821,0.7096243530312026,0.6482158414487618,0.6692742796763212,0.7321505848590163,6,6,28,2,available
human_source_holdout,D+R+P+F+H,50,values_plus_missing,0.6771850959863559,0.7270747145554094,0.6272954774173024,0.6584907094241612,0.72746397199697,6,6,28,2,available
human_source_holdout,D+R+P+F+H,100,values_plus_missing,0.6905046017292574,0.7303285333432439,0.6506806701152711,0.6651705939370456,0.7421154348287102,6,6,28,2,available
human_source_holdout,D+R+P+F+H,200,values_plus_missing,0.686389758296139,0.7327410365656553,0.6400384800266228,0.6762374921622469,0.7459366405996352,6,6,28,2,available
human_source_holdout,D+R+P+F+H,all,values_plus_missing,0.6908264668118745,0.734127176617493,0.6475257570062559,0.673574398424277,0.7454356009444753,6,6,28,2,available
human_source_holdout,D+R+P+F+SC,25,values_plus_missing,0.675658131050008,0.711403488873921,0.6399127732260952,0.666019677622506,0.7349236916174962,6,6,28,2,available
human_source_holdout,D+R+P+F+SC,50,values_plus_missing,0.6861279274647779,0.7301147457876871,0.6421411091418687,0.6681123772004062,0.7385335149532367,6,6,28,2,available
human_source_holdout,D+R+P+F+SC,100,values_plus_missing,0.6824450924383839,0.7348595936557358,0.6300305912210318,0.6661909067136708,0.7462742551487526,6,6,28,2,available
human_source_holdout,D+R+P+F+SC,200,values_plus_missing,0.6870410880691712,0.7330719477053345,0.6410102284330077,0.6731747773889255,0.7492142138207427,6,6,28,2,available
human_source_holdout,D+R+P+F+SC,all,values_plus_missing,0.6890194845682819,0.7357020516040423,0.6423369175325212,0.6737451596234657,0.7504982552721425,6,6,28,2,available
human_source_holdout,D+R+P+F+BC,25,values_plus_missing,0.6710308737369938,0.6871757769162464,0.654885970557741,0.6561487173601513,0.7159140669145211,6,6,28,2,available
human_source_holdout,D+R+P+F+BC,50,values_plus_missing,0.676095841992164,0.7036750512095055,0.6485166327748225,0.6538162261628263,0.7166293298739616,6,6,28,2,available
human_source_holdout,D+R+P+F+BC,100,values_plus_missing,0.6792918401742977,0.7042370353652886,0.6543466449833064,0.6573102108037848,0.7249227406899774,6,6,28,2,available
human_source_holdout,D+R+P+F+BC,200,values_plus_missing,0.6816972214912388,0.7043104922958943,0.6590839506865832,0.6632822503981468,0.7287226355183759,6,6,28,2,available
human_source_holdout,D+R+P+F+BC,all,values_plus_missing,0.6815479358543363,0.7063997011232647,0.6566961705854076,0.6651205667784782,0.7285392802110263,6,6,28,2,available
human_source_holdout,D+R+P+H+SC,25,values_plus_missing,0.6722957366351944,0.7184568693530974,0.6261346039172916,0.6664600951130152,0.733856167051088,6,6,28,2,available
human_source_holdout,D+R+P+H+SC,50,values_plus_missing,0.6763930947716662,0.7382471959692656,0.6145389935740669,0.6720733805836391,0.740418988612786,6,6,28,2,available
human_source_holdout,D+R+P+H+SC,100,values_plus_missing,0.6830562981153432,0.7427606760355697,0.6233519201951168,0.6804073832366458,0.7577102190648013,6,6,28,2,available
human_source_holdout,D+R+P+H+SC,200,values_plus_missing,0.6782583763594531,0.735270202035191,0.6212465506837154,0.6811253433521552,0.7559878792563249,6,6,28,2,available
human_source_holdout,D+R+P+H+SC,all,values_plus_missing,0.6954060025695288,0.7349075042986027,0.6559045008404549,0.6845460980437794,0.7553364288224883,6,6,28,2,available
human_source_holdout,D+R+P+H+BC,25,values_plus_missing,0.6687577422175913,0.6853424217522806,0.6521730626829022,0.6624100266837379,0.7192046625903882,6,6,28,2,available
human_source_holdout,D+R+P+H+BC,50,values_plus_missing,0.6664868740613568,0.7131421522711894,0.6198315958515241,0.6612387911213461,0.7233064592198211,6,6,28,2,available
human_source_holdout,D+R+P+H+BC,100,values_plus_missing,0.6746495477592863,0.7143169950642222,0.6349821004543504,0.6695425134859486,0.7377779360143437,6,6,28,2,available
human_source_holdout,D+R+P+H+BC,200,values_plus_missing,0.6757576433410605,0.7088024637828219,0.6427128228992992,0.6696550103420762,0.7376336211569958,6,6,28,2,available
human_source_holdout,D+R+P+H+BC,all,values_plus_missing,0.6824565327482,0.7088668177741803,0.6560462477222199,0.6741188827331667,0.738244152207078,6,6,28,2,available
human_source_holdout,D+R+P+SC+BC,25,values_plus_missing,0.6509112723662811,0.7059823603934698,0.5958401843390924,0.6485025186679817,0.7142029469666317,6,6,28,2,available
human_source_holdout,D+R+P+SC+BC,50,values_plus_missing,0.6536117008424517,0.7241153975132568,0.5831080041716467,0.6534203727392199,0.7272345217476308,6,6,28,2,available
human_source_holdout,D+R+P+SC+BC,100,values_plus_missing,0.6725822588702544,0.7196808503816693,0.6254836673588394,0.6621025664522704,0.7416120319107815,6,6,28,2,available
human_source_holdout,D+R+P+SC+BC,200,values_plus_missing,0.6698794935025792,0.7107331149831203,0.6290258720220383,0.661142166682552,0.7421277531270818,6,6,28,2,available
human_source_holdout,D+R+P+SC+BC,all,values_plus_missing,0.6742312229772646,0.7130467292071171,0.6354157167474122,0.6630647503646062,0.7411472902422086,6,6,28,2,available
human_source_holdout,D+R+F+H+SC,25,values_plus_missing,0.6908661425052083,0.7313183419974015,0.6504139430130148,0.6765035431223648,0.7503424293195733,6,6,28,2,available
human_source_holdout,D+R+F+H+SC,50,values_plus_missing,0.6788664324158247,0.7471279092844015,0.6106049555472477,0.6677229795827723,0.7432304222340694,6,6,28,2,available
human_source_holdout,D+R+F+H+SC,100,values_plus_missing,0.6950693063198887,0.7524325951795228,0.6377060174602548,0.6802737507067311,0.7560769577548744,6,6,28,2,available
human_source_holdout,D+R+F+H+SC,200,values_plus_missing,0.6912967875568526,0.7517277970732014,0.6308657780405038,0.6812147774382326,0.7552245132668002,6,6,28,2,available
human_source_holdout,D+R+F+H+SC,all,values_plus_missing,0.6919577656320715,0.7541019307076994,0.6298136005564434,0.68010147784802,0.7561722024018567,6,6,28,2,available
human_source_holdout,D+R+F+H+BC,25,values_plus_missing,0.6700104561119063,0.7108198848354781,0.6292010273883345,0.6620247291202647,0.7311539101496979,6,6,28,2,available
human_source_holdout,D+R+F+H+BC,50,values_plus_missing,0.6660580130523457,0.7275441011534283,0.6045719249512631,0.6517671265592234,0.7215223306740811,6,6,28,2,available
human_source_holdout,D+R+F+H+BC,100,values_plus_missing,0.6864146410602431,0.729647648067561,0.6431816340529249,0.6621169013063929,0.7363129867715978,6,6,28,2,available
human_source_holdout,D+R+F+H+BC,200,values_plus_missing,0.6797184467814262,0.7315522843914607,0.6278846091713918,0.6699621605059619,0.7383790550693364,6,6,28,2,available
human_source_holdout,D+R+F+H+BC,all,values_plus_missing,0.6818245877590671,0.7321658179720245,0.6314833575461097,0.6666309053902782,0.7382719364131226,6,6,28,2,available
human_source_holdout,D+R+F+SC+BC,25,values_plus_missing,0.6802570672551722,0.71136605108679,0.6491480834235547,0.6658282972787811,0.733571968585161,6,6,28,2,available
human_source_holdout,D+R+F+SC+BC,50,values_plus_missing,0.674433349703036,0.7305327978640331,0.618333901542039,0.6649918104198543,0.7338277898140045,6,6,28,2,available
human_source_holdout,D+R+F+SC+BC,100,values_plus_missing,0.6822123499834362,0.733320753015812,0.6311039469510603,0.665362655632399,0.7412767094751385,6,6,28,2,available
human_source_holdout,D+R+F+SC+BC,200,values_plus_missing,0.6851758907075518,0.7313710680559184,0.638980713359185,0.6712380151421843,0.7434037374552729,6,6,28,2,available
human_source_holdout,D+R+F+SC+BC,all,values_plus_missing,0.6822080356478569,0.7324087957833466,0.6320072755123675,0.6660215002949678,0.7438174921012524,6,6,28,2,available
human_source_holdout,D+R+H+SC+BC,25,values_plus_missing,0.6702494178418705,0.7239799282889137,0.6165189073948273,0.6606379842024265,0.7296460001604002,6,6,28,2,available
human_source_holdout,D+R+H+SC+BC,50,values_plus_missing,0.6600546392431231,0.7419647045420236,0.5781445739442227,0.664878322429785,0.7306415237618726,6,6,28,2,available
human_source_holdout,D+R+H+SC+BC,100,values_plus_missing,0.6702365970357538,0.7392647485002932,0.6012084455712144,0.6708292260677537,0.7477440307584485,6,6,28,2,available
human_source_holdout,D+R+H+SC+BC,200,values_plus_missing,0.6746313921608934,0.7341233112462647,0.6151394730755221,0.6764108599419831,0.7445866996402157,6,6,28,2,available
human_source_holdout,D+R+H+SC+BC,all,values_plus_missing,0.676239955781401,0.7329957063310536,0.6194842052317483,0.672233039245442,0.7452644908602922,6,6,28,2,available
human_source_holdout,D+P+F+H+SC,25,values_plus_missing,0.6772658059762827,0.7046981119447193,0.649833500007846,0.6672995520323814,0.7230044900954301,6,6,28,2,available
human_source_holdout,D+P+F+H+SC,50,values_plus_missing,0.655855803445126,0.7179265348216614,0.5937850720685905,0.6511606437495235,0.7159097066226054,6,6,28,2,available
human_source_holdout,D+P+F+H+SC,100,values_plus_missing,0.6701015488899712,0.7229555529343227,0.6172475448456197,0.6630850395707932,0.728075239446822,6,6,28,2,available
human_source_holdout,D+P+F+H+SC,200,values_plus_missing,0.664968332499765,0.7275471449080678,0.6023895200914618,0.6603763033666606,0.7266821513848543,6,6,28,2,available
human_source_holdout,D+P+F+H+SC,all,values_plus_missing,0.6657269435133034,0.7281702491112806,0.6032836379153262,0.6591888251508803,0.726205488105362,6,6,28,2,available
human_source_holdout,D+P+F+H+BC,25,values_plus_missing,0.6507313937343103,0.6800358304422359,0.621426957026385,0.6458109193281639,0.6963063708173838,6,6,28,2,available
human_source_holdout,D+P+F+H+BC,50,values_plus_missing,0.6333885219017328,0.6871367693468069,0.5796402744566587,0.6334812249402167,0.6883015265971324,6,6,28,2,available
human_source_holdout,D+P+F+H+BC,100,values_plus_missing,0.6365992883633077,0.69168888080087,0.5815096959257454,0.6348448394419893,0.7016140409118234,6,6,28,2,available
human_source_holdout,D+P+F+H+BC,200,values_plus_missing,0.6484222812504045,0.7000855276180618,0.5967590348827471,0.6431212548729909,0.7041020025605604,6,6,28,2,available
human_source_holdout,D+P+F+H+BC,all,values_plus_missing,0.6396667409302451,0.7029334527269356,0.5764000291335548,0.6437085855365564,0.703287378099267,6,6,28,2,available
human_source_holdout,D+P+F+SC+BC,25,values_plus_missing,0.665384988126755,0.6907569536036359,0.640013022649874,0.6546213876774322,0.7104981145379474,6,6,28,2,available
human_source_holdout,D+P+F+SC+BC,50,values_plus_missing,0.6616590015322507,0.703655365020816,0.6196626380436854,0.6488870344658918,0.7069475768869793,6,6,28,2,available
human_source_holdout,D+P+F+SC+BC,100,values_plus_missing,0.660249786882977,0.7061958387951726,0.6143037349707815,0.6505279799832714,0.7139585564900255,6,6,28,2,available
human_source_holdout,D+P+F+SC+BC,200,values_plus_missing,0.6610872673454794,0.7108848283980359,0.6112897062929229,0.6508185409050701,0.715554829634786,6,6,28,2,available
human_source_holdout,D+P+F+SC+BC,all,values_plus_missing,0.6589664817494927,0.7141623634433714,0.6037706000556141,0.6474157367652552,0.7147590075322275,6,6,28,2,available
human_source_holdout,D+P+H+SC+BC,25,values_plus_missing,0.635199291188184,0.6662945360585225,0.6041040463178454,0.6244195610324346,0.6907856546537994,6,6,28,2,available
human_source_holdout,D+P+H+SC+BC,50,values_plus_missing,0.6322461204403831,0.6838138054483665,0.5806784354323997,0.6288710806109492,0.6901619062266386,6,6,28,2,available
human_source_holdout,D+P+H+SC+BC,100,values_plus_missing,0.6377144872328991,0.6844108530986645,0.5910181213671338,0.6347876128116237,0.7037314809209362,6,6,28,2,available
human_source_holdout,D+P+H+SC+BC,200,values_plus_missing,0.6249745370092833,0.6849668441839772,0.5649822298345895,0.6248661374332768,0.7000001606782211,6,6,28,2,available
human_source_holdout,D+P+H+SC+BC,all,values_plus_missing,0.630111088448852,0.6839978648356432,0.5762243120620607,0.6283318523419719,0.6978915487861181,6,6,28,2,available
human_source_holdout,D+F+H+SC+BC,25,values_plus_missing,0.6692701109269433,0.7044038400095456,0.6341363818443413,0.6572514150048532,0.7189330813644897,6,6,28,2,available
human_source_holdout,D+F+H+SC+BC,50,values_plus_missing,0.6491613155976333,0.712575938986805,0.5857466922084617,0.6432114952167726,0.706600753331869,6,6,28,2,available
human_source_holdout,D+F+H+SC+BC,100,values_plus_missing,0.655851829500438,0.7130996215944482,0.5986040374064279,0.6491435470846312,0.7175826079469847,6,6,28,2,available
human_source_holdout,D+F+H+SC+BC,200,values_plus_missing,0.6519686256529131,0.7193667965873868,0.5845704547184393,0.6491493709929791,0.7157843283094546,6,6,28,2,available
human_source_holdout,D+F+H+SC+BC,all,values_plus_missing,0.6519206749562265,0.719279064476503,0.5845622854359501,0.6465958392144693,0.7144186369857238,6,6,28,2,available
human_source_holdout,R+P+F+H+SC,25,values_plus_missing,0.6842996669308712,0.729227008744794,0.6393723251169484,0.6720792499618221,0.7421565411005748,6,6,28,2,available
human_source_holdout,R+P+F+H+SC,50,values_plus_missing,0.6786002085255837,0.7436607458900983,0.6135396711610689,0.6662764994052882,0.7385361610076594,6,6,28,2,available
human_source_holdout,R+P+F+H+SC,100,values_plus_missing,0.6888459266364783,0.7515655939781553,0.6261262592948013,0.6774441477627441,0.7498229852008247,6,6,28,2,available
human_source_holdout,R+P+F+H+SC,200,values_plus_missing,0.6864971972832233,0.7508563798076039,0.6221380147588428,0.6767377638855088,0.7513122644527506,6,6,28,2,available
human_source_holdout,R+P+F+H+SC,all,values_plus_missing,0.6815065741592169,0.7542680981914818,0.608745050126952,0.672677594607133,0.7511328803627423,6,6,28,2,available
human_source_holdout,R+P+F+H+BC,25,values_plus_missing,0.6764305720034015,0.7108896058434712,0.6419715381633319,0.662179587234835,0.7169534420419332,6,6,28,2,available
human_source_holdout,R+P+F+H+BC,50,values_plus_missing,0.6690643139495386,0.7219015255049522,0.6162271023941251,0.6539656425935796,0.7119632418988139,6,6,28,2,available
human_source_holdout,R+P+F+H+BC,100,values_plus_missing,0.6722790562453301,0.7335933929547612,0.6109647195358988,0.6542098445537551,0.7235805416990476,6,6,28,2,available
human_source_holdout,R+P+F+H+BC,200,values_plus_missing,0.6804948080329151,0.7294062586599876,0.6315833574058424,0.6655011121553103,0.7292303156841878,6,6,28,2,available
human_source_holdout,R+P+F+H+BC,all,values_plus_missing,0.6765233269529863,0.7306763455374091,0.6223703083685636,0.6630928700895455,0.7292195136718057,6,6,28,2,available
human_source_holdout,R+P+F+SC+BC,25,values_plus_missing,0.6607818163329288,0.7098087668087864,0.6117548658570712,0.6489169400720427,0.7217039912664422,6,6,28,2,available
human_source_holdout,R+P+F+SC+BC,50,values_plus_missing,0.6585820946706843,0.7220210241836993,0.5951431651576693,0.6467049458353537,0.7248102850823254,6,6,28,2,available
human_source_holdout,R+P+F+SC+BC,100,values_plus_missing,0.6670187704281997,0.732220310505508,0.6018172303508913,0.6512832827947381,0.7299094095840342,6,6,28,2,available
human_source_holdout,R+P+F+SC+BC,200,values_plus_missing,0.6724349826818193,0.7319378679881453,0.6129320973754934,0.6572926701168629,0.7340383338718371,6,6,28,2,available
human_source_holdout,R+P+F+SC+BC,all,values_plus_missing,0.6765715371005027,0.7385693486835989,0.6145737255174063,0.6602298168596789,0.7353906599081187,6,6,28,2,available
human_source_holdout,R+P+H+SC+BC,25,values_plus_missing,0.6545360340252412,0.7227350486071273,0.5863370194433551,0.6509260674992964,0.7156727525506218,6,6,28,2,available
human_source_holdout,R+P+H+SC+BC,50,values_plus_missing,0.6553147197589785,0.7445187421000382,0.5661106974179186,0.6584631054882003,0.7193488314347769,6,6,28,2,available
human_source_holdout,R+P+H+SC+BC,100,values_plus_missing,0.6674310403534514,0.7521653316988258,0.5826967490080769,0.664238777372546,0.7350324268101845,6,6,28,2,available
human_source_holdout,R+P+H+SC+BC,200,values_plus_missing,0.6601508545738265,0.7422533824587362,0.5780483266889168,0.6603666873887533,0.7332486579118397,6,6,28,2,available
human_source_holdout,R+P+H+SC+BC,all,values_plus_missing,0.6621128487588074,0.7433313292540209,0.580894368263594,0.6634078341083415,0.7318618969721788,6,6,28,2,available
human_source_holdout,R+F+H+SC+BC,25,values_plus_missing,0.6758941797685796,0.723242564501073,0.6285457950360861,0.6612486115142828,0.7409883176644867,6,6,28,2,available
human_source_holdout,R+F+H+SC+BC,50,values_plus_missing,0.6655139730779417,0.7362966500325016,0.5947312961233818,0.6581877583470065,0.7327355773215717,6,6,28,2,available
human_source_holdout,R+F+H+SC+BC,100,values_plus_missing,0.6742861798481129,0.7459025098296684,0.6026698498665574,0.6624136565154924,0.7440674562443855,6,6,28,2,available
human_source_holdout,R+F+H+SC+BC,200,values_plus_missing,0.6816603493748721,0.7489230444211327,0.6143976543286115,0.6707439005515123,0.7437437545358249,6,6,28,2,available
human_source_holdout,R+F+H+SC+BC,all,values_plus_missing,0.6765920270417158,0.7519820034924763,0.6012020505909553,0.6654266912479204,0.7442495659965556,6,6,28,2,available
human_source_holdout,P+F+H+SC+BC,25,values_plus_missing,0.660893296269215,0.706322388182769,0.615464204355661,0.6531639324225672,0.7145308928075517,6,6,28,2,available
human_source_holdout,P+F+H+SC+BC,50,values_plus_missing,0.6542998282598763,0.7117406302293302,0.5968590262904225,0.6467441109146704,0.7061069737816217,6,6,28,2,available
human_source_holdout,P+F+H+SC+BC,100,values_plus_missing,0.6558862616257545,0.7182102005687145,0.5935623226827946,0.6541091949987794,0.7167992710771802,6,6,28,2,available
human_source_holdout,P+F+H+SC+BC,200,values_plus_missing,0.6537708831670429,0.7223691159109608,0.5851726504231252,0.6506262125380599,0.7167582421221603,6,6,28,2,available
human_source_holdout,P+F+H+SC+BC,all,values_plus_missing,0.6596912475309533,0.7290993421732725,0.5902831528886341,0.6540778280492763,0.7156232391127879,6,6,28,2,available
human_source_holdout,S+D+R+P+F+H,25,values_plus_missing,0.6821147980981409,0.7608662579035768,0.6033633382927049,0.6698384612503268,0.7491862407632081,6,6,28,2,available
human_source_holdout,S+D+R+P+F+H,50,values_plus_missing,0.6871724808206926,0.7673434461597982,0.6070015154815872,0.6791230075815315,0.7567259976456361,6,6,28,2,available
human_source_holdout,S+D+R+P+F+H,100,values_plus_missing,0.7088691315992969,0.774309039799613,0.6434292233989808,0.6871063246922321,0.7714565348666284,6,6,28,2,available
human_source_holdout,S+D+R+P+F+H,200,values_plus_missing,0.7073171857065654,0.7769825184805964,0.6376518529325347,0.6955994333790129,0.7797665450097957,6,6,28,2,available
human_source_holdout,S+D+R+P+F+H,all,values_plus_missing,0.7022063573921832,0.7794023414771455,0.6250103733072209,0.690588393855032,0.7818736520199593,6,6,28,2,available
human_source_holdout,S+D+R+P+F+SC,25,values_plus_missing,0.6838100549215272,0.7589453402367936,0.6086747696062609,0.6716277259791518,0.7430002036977215,6,6,28,2,available
human_source_holdout,S+D+R+P+F+SC,50,values_plus_missing,0.6923498421157546,0.771018469027066,0.6136812152044432,0.6892296677570019,0.755662936487912,6,6,28,2,available
human_source_holdout,S+D+R+P+F+SC,100,values_plus_missing,0.7081668379461488,0.7721642000334373,0.6441694758588601,0.692737765685735,0.7678906002936513,6,6,28,2,available
human_source_holdout,S+D+R+P+F+SC,200,values_plus_missing,0.7092942507984996,0.7736789237789802,0.6449095778180192,0.6962462783214223,0.7739999196997951,6,6,28,2,available
human_source_holdout,S+D+R+P+F+SC,all,values_plus_missing,0.7088768491388353,0.774643235527959,0.6431104627497116,0.695031171832611,0.7756746048686136,6,6,28,2,available
human_source_holdout,S+D+R+P+F+BC,25,values_plus_missing,0.681389811192365,0.7513256782844273,0.6114539441003026,0.6717612575330363,0.7474594527022224,6,6,28,2,available
human_source_holdout,S+D+R+P+F+BC,50,values_plus_missing,0.6903705042463696,0.7603270276839309,0.6204139808088082,0.681521599449939,0.7581701334240448,6,6,28,2,available
human_source_holdout,S+D+R+P+F+BC,100,values_plus_missing,0.6960306984327417,0.7650046027801082,0.627056794085375,0.6852998421778654,0.768143718752631,6,6,28,2,available
human_source_holdout,S+D+R+P+F+BC,200,values_plus_missing,0.7057796123568427,0.7675271313096839,0.6440320934040015,0.6909645632896176,0.775999423837366,6,6,28,2,available
human_source_holdout,S+D+R+P+F+BC,all,values_plus_missing,0.6995673721105734,0.7716648678088239,0.6274698764123229,0.6872368667313801,0.776813642869219,6,6,28,2,available
human_source_holdout,S+D+R+P+H+SC,25,values_plus_missing,0.6538735848580582,0.754694378266919,0.5530527914491975,0.6531738084392614,0.7186652155669556,6,6,28,2,available
human_source_holdout,S+D+R+P+H+SC,50,values_plus_missing,0.6705594041419219,0.7587417933502842,0.5823770149335595,0.66147193048056,0.7315511880273059,6,6,28,2,available
human_source_holdout,S+D+R+P+H+SC,100,values_plus_missing,0.6809591131403957,0.7602717227524926,0.6016465035282986,0.6734580003191439,0.7546959879101884,6,6,28,2,available
human_source_holdout,S+D+R+P+H+SC,200,values_plus_missing,0.6835886784588497,0.7533549682705826,0.6138223886471169,0.675039085856518,0.7587478639039683,6,6,28,2,available
human_source_holdout,S+D+R+P+H+SC,all,values_plus_missing,0.6825507465105334,0.7546278008712365,0.6104736921498304,0.6754475845213372,0.7594374867741779,6,6,28,2,available
human_source_holdout,S+D+R+P+H+BC,25,values_plus_missing,0.6498301365989266,0.7376543970832556,0.5620058761145975,0.6514271448873316,0.7191153299267128,6,6,28,2,available
human_source_holdout,S+D+R+P+H+BC,50,values_plus_missing,0.6650733013718305,0.7426580386386131,0.587488564105048,0.6574903237293949,0.7341984010420415,6,6,28,2,available
human_source_holdout,S+D+R+P+H+BC,100,values_plus_missing,0.682339825285523,0.7506129626783243,0.6140666878927217,0.6736819448384619,0.7538913475846416,6,6,28,2,available
human_source_holdout,S+D+R+P+H+BC,200,values_plus_missing,0.6789429508194696,0.7459722699853728,0.6119136316535666,0.6723997247900888,0.7600086998233941,6,6,28,2,available
human_source_holdout,S+D+R+P+H+BC,all,values_plus_missing,0.6778576127777524,0.7462900272877507,0.609425198267754,0.6711511108947296,0.7604658637922036,6,6,28,2,available
human_source_holdout,S+D+R+P+SC+BC,25,values_plus_missing,0.6446338065675485,0.7452153837551604,0.5440522293799367,0.6416961387065306,0.7117682824444351,6,6,28,2,available
human_source_holdout,S+D+R+P+SC+BC,50,values_plus_missing,0.6697679544278786,0.7484740484867825,0.5910618603689747,0.6642279321773631,0.7333432069646432,6,6,28,2,available
human_source_holdout,S+D+R+P+SC+BC,100,values_plus_missing,0.6846878965171954,0.7490355524605299,0.6203402405738611,0.6789938952059443,0.7517527884983507,6,6,28,2,available
human_source_holdout,S+D+R+P+SC+BC,200,values_plus_missing,0.6912796886726474,0.742470408840277,0.640088968505018,0.6854976600907885,0.7563194136244845,6,6,28,2,available
human_source_holdout,S+D+R+P+SC+BC,all,values_plus_missing,0.6836539311831072,0.7447907242961875,0.6225171380700271,0.6807031925529121,0.7561711986907033,6,6,28,2,available
human_source_holdout,S+D+R+F+H+SC,25,values_plus_missing,0.6853896122030512,0.7754932645693783,0.5952859598367243,0.6743049474457957,0.7520852171735707,6,6,28,2,available
human_source_holdout,S+D+R+F+H+SC,50,values_plus_missing,0.6924084969007387,0.7772216212027696,0.6075953725987079,0.6854146299777671,0.7534809101459283,6,6,28,2,available
human_source_holdout,S+D+R+F+H+SC,100,values_plus_missing,0.7074875263704684,0.7822660124463435,0.6327090402945932,0.6917714448198461,0.7698004883000961,6,6,28,2,available
human_source_holdout,S+D+R+F+H+SC,200,values_plus_missing,0.706442122970679,0.7797379205518218,0.6331463253895363,0.698070828118751,0.7761350615478106,6,6,28,2,available
human_source_holdout,S+D+R+F+H+SC,all,values_plus_missing,0.7036218295382989,0.78272156754691,0.6245220915296877,0.6944927588143845,0.7784059351203221,6,6,28,2,available
human_source_holdout,S+D+R+F+H+BC,25,values_plus_missing,0.6840115179507972,0.7659386798509109,0.6020843560506832,0.6750774032413241,0.7552380415512558,6,6,28,2,available
human_source_holdout,S+D+R+F+H+BC,50,values_plus_missing,0.6891070991082647,0.7714760067731561,0.6067381914433735,0.6811810944483269,0.7570573693107313,6,6,28,2,available
human_source_holdout,S+D+R+F+H+BC,100,values_plus_missing,0.7085045736999471,0.7733209024242497,0.6436882449756447,0.6860806213792027,0.7701255658044607,6,6,28,2,available
human_source_holdout,S+D+R+F+H+BC,200,values_plus_missing,0.7110564938098111,0.774957597253958,0.6471553903656643,0.6908134193893694,0.7780789889858885,6,6,28,2,available
human_source_holdout,S+D+R+F+H+BC,all,values_plus_missing,0.7114084445185155,0.777118782707023,0.6456981063300082,0.6908940137864009,0.7797951040494201,6,6,28,2,available
human_source_holdout,S+D+R+F+SC+BC,25,values_plus_missing,0.6884355433177619,0.7658761463598424,0.6109949402756815,0.6775469735896816,0.7485288099216362,6,6,28,2,available
human_source_holdout,S+D+R+F+SC+BC,50,values_plus_missing,0.6985151150695401,0.7725604779881573,0.6244697521509229,0.6915231027481282,0.7554786460229036,6,6,28,2,available
human_source_holdout,S+D+R+F+SC+BC,100,values_plus_missing,0.7114161406968321,0.7726935481392659,0.6501387332543982,0.696431071253868,0.766430285646237,6,6,28,2,available
human_source_holdout,S+D+R+F+SC+BC,200,values_plus_missing,0.7083057592751777,0.7719163333076581,0.6446951852426975,0.6967367519405204,0.7729065270823992,6,6,28,2,available
human_source_holdout,S+D+R+F+SC+BC,all,values_plus_missing,0.7044045709074718,0.7763744490128054,0.6324346928021382,0.693147269953441,0.7740997188465225,6,6,28,2,available
human_source_holdout,S+D+R+H+SC+BC,25,values_plus_missing,0.654366144435819,0.7621829214717031,0.5465493673999348,0.6537739904182182,0.7198894522082612,6,6,28,2,available
human_source_holdout,S+D+R+H+SC+BC,50,values_plus_missing,0.6748807384108632,0.7617814506113555,0.5879800262103708,0.664270753071713,0.7280461179602502,6,6,28,2,available
human_source_holdout,S+D+R+H+SC+BC,100,values_plus_missing,0.6810951109115974,0.761295110825095,0.6008951109980997,0.6720702005921422,0.750233988445677,6,6,28,2,available
human_source_holdout,S+D+R+H+SC+BC,200,values_plus_missing,0.6831135829413078,0.7538351718635979,0.6123919940190178,0.6762650193019716,0.7542551028663669,6,6,28,2,available
human_source_holdout,S+D+R+H+SC+BC,all,values_plus_missing,0.6851890880121084,0.7553867344258699,0.6149914415983471,0.6763701649373418,0.7553457167216483,6,6,28,2,available
human_source_holdout,S+D+P+F+H+SC,25,values_plus_missing,0.6670165229938833,0.758541213477169,0.5754918325105977,0.6532503723212669,0.7272325306995612,6,6,28,2,available
human_source_holdout,S+D+P+F+H+SC,50,values_plus_missing,0.673417343710076,0.7581065739582517,0.5887281134619002,0.6625797410055967,0.7289241838808628,6,6,28,2,available
human_source_holdout,S+D+P+F+H+SC,100,values_plus_missing,0.6837637748718676,0.762492241848875,0.6050353078948602,0.6705431024565288,0.744836321770219,6,6,28,2,available
human_source_holdout,S+D+P+F+H+SC,200,values_plus_missing,0.6845989788025756,0.7657291102797426,0.6034688473254085,0.6732379393159312,0.7507019987267685,6,6,28,2,available
human_source_holdout,S+D+P+F+H+SC,all,values_plus_missing,0.6835961425354132,0.7682618615170704,0.5989304235537559,0.6726115003518737,0.7523875139052288,6,6,28,2,available
human_source_holdout,S+D+P+F+H+BC,25,values_plus_missing,0.6598162615811519,0.7468877703118442,0.5727447528504596,0.6489953079441374,0.7281981859295126,6,6,28,2,available
human_source_holdout,S+D+P+F+H+BC,50,values_plus_missing,0.6678869102968469,0.7505878001242854,0.5851860204694084,0.657857301829685,0.7325289601911739,6,6,28,2,available
human_source_holdout,S+D+P+F+H+BC,100,values_plus_missing,0.6699309703122892,0.7572003978152764,0.5826615428093019,0.6609635256161244,0.7455062875963084,6,6,28,2,available
human_source_holdout,S+D+P+F+H+BC,200,values_plus_missing,0.6725684509670352,0.7622226564291088,0.5829142455049615,0.6605267638821958,0.7524428179321468,6,6,28,2,available
human_source_holdout,S+D+P+F+H+BC,all,values_plus_missing,0.6839432188684302,0.7658744122970944,0.6020120254397661,0.6659687786553586,0.7542248599642193,6,6,28,2,available
human_source_holdout,S+D+P+F+SC+BC,25,values_plus_missing,0.6717907887341547,0.750908113659193,0.5926734638091163,0.6584165586165371,0.7265097144851419,6,6,28,2,available
human_source_holdout,S+D+P+F+SC+BC,50,values_plus_missing,0.6826318640585644,0.754815467356365,0.6104482607607636,0.669303979830988,0.7343644057838012,6,6,28,2,available
human_source_holdout,S+D+P+F+SC+BC,100,values_plus_missing,0.6802305736427979,0.753978593478029,0.6064825538075668,0.6669209345380188,0.7438075782377316,6,6,28,2,available
human_source_holdout,S+D+P+F+SC+BC,200,values_plus_missing,0.6839994579150571,0.7576615650618183,0.610337350768296,0.6706734456447986,0.7505591395860473,6,6,28,2,available
human_source_holdout,S+D+P+F+SC+BC,all,values_plus_missing,0.6806828654946179,0.760621439731497,0.6007442912577391,0.6682269319569949,0.7509091110748577,6,6,28,2,available
human_source_holdout,S+D+P+H+SC+BC,25,values_plus_missing,0.622272159605573,0.7242723240022353,0.5202719952089107,0.6134735486205074,0.6829128595273554,6,6,28,2,available
human_source_holdout,S+D+P+H+SC+BC,50,values_plus_missing,0.643314042589005,0.7294352312542774,0.5571928539237327,0.6350901842818121,0.6928015413688479,6,6,28,2,available
human_source_holdout,S+D+P+H+SC+BC,100,values_plus_missing,0.6474135798363357,0.7276751184330834,0.5671520412395882,0.6366536460252102,0.7105319426502749,6,6,28,2,available
human_source_holdout,S+D+P+H+SC+BC,200,values_plus_missing,0.646431984223054,0.7281466720512136,0.5647172963948945,0.6347414727005881,0.7120410160845152,6,6,28,2,available
human_source_holdout,S+D+P+H+SC+BC,all,values_plus_missing,0.6399565546298822,0.728247468569887,0.5516656406898774,0.6291640650925876,0.711637623231681,6,6,28,2,available
human_source_holdout,S+D+F+H+SC+BC,25,values_plus_missing,0.6725658326768742,0.761965177664199,0.5831664876895495,0.6562108725256973,0.7289779753298014,6,6,28,2,available
human_source_holdout,S+D+F+H+SC+BC,50,values_plus_missing,0.6741487905954124,0.7607622600342365,0.5875353211565882,0.6630276422561092,0.7271708573548491,6,6,28,2,available
human_source_holdout,S+D+F+H+SC+BC,100,values_plus_missing,0.6797169443590891,0.7635272556440952,0.5959066330740831,0.6641569218279522,0.7402751745286685,6,6,28,2,available
human_source_holdout,S+D+F+H+SC+BC,200,values_plus_missing,0.6804996553923212,0.7664629287227417,0.5945363820619007,0.6658169034487051,0.747288909429938,6,6,28,2,available
human_source_holdout,S+D+F+H+SC+BC,all,values_plus_missing,0.6828861552339985,0.7721882400934174,0.5935840703745797,0.6688521762681393,0.7482474829514306,6,6,28,2,available
human_source_holdout,S+R+P+F+H+SC,25,values_plus_missing,0.6835456876010735,0.7757007724134172,0.5913906027887298,0.6733214816738767,0.7450595367678093,6,6,28,2,available
human_source_holdout,S+R+P+F+H+SC,50,values_plus_missing,0.6945236642850453,0.7762190244900181,0.6128283040800726,0.684394070343488,0.7517044900118218,6,6,28,2,available
human_source_holdout,S+R+P+F+H+SC,100,values_plus_missing,0.7045627710889271,0.781457025279218,0.6276685168986361,0.6900570560503185,0.768210491188209,6,6,28,2,available
human_source_holdout,S+R+P+F+H+SC,200,values_plus_missing,0.703052544038222,0.7829379456440734,0.6231671424323706,0.6928979800759221,0.7745088973111409,6,6,28,2,available
human_source_holdout,S+R+P+F+H+SC,all,values_plus_missing,0.7030917470631489,0.7856499690406199,0.6205335250856782,0.6915392894353376,0.7767092319432061,6,6,28,2,available
human_source_holdout,S+R+P+F+H+BC,25,values_plus_missing,0.6777942055749294,0.7660684214301705,0.5895199897196882,0.6674404452037891,0.7461701791422577,6,6,28,2,available
human_source_holdout,S+R+P+F+H+BC,50,values_plus_missing,0.6824417671485786,0.7702550342972949,0.5946284999998621,0.6764498677661889,0.7533940005569296,6,6,28,2,available
human_source_holdout,S+R+P+F+H+BC,100,values_plus_missing,0.6893982883841839,0.7753159087664185,0.6034806680019494,0.6786835589576753,0.7675151701326193,6,6,28,2,available
human_source_holdout,S+R+P+F+H+BC,200,values_plus_missing,0.6895031237040402,0.7776726736342322,0.6013335737738482,0.6827230505327259,0.775826985873934,6,6,28,2,available
human_source_holdout,S+R+P+F+H+BC,all,values_plus_missing,0.6973105467719157,0.7802578818246996,0.6143632117191321,0.6870664298847674,0.7774111057131393,6,6,28,2,available
human_source_holdout,S+R+P+F+SC+BC,25,values_plus_missing,0.6772436483942145,0.7645831819425202,0.5899041148459085,0.6665377739746277,0.7407405366538834,6,6,28,2,available
human_source_holdout,S+R+P+F+SC+BC,50,values_plus_missing,0.698344676623555,0.7663792702707285,0.6303100829763817,0.6884318894511631,0.7535699643369009,6,6,28,2,available
human_source_holdout,S+R+P+F+SC+BC,100,values_plus_missing,0.699025434414382,0.7724090706207121,0.6256417982080519,0.6884735648929032,0.7636301911593005,6,6,28,2,available
human_source_holdout,S+R+P+F+SC+BC,200,values_plus_missing,0.7039255094986694,0.7699128307860889,0.6379381882112499,0.6935718969340009,0.7702738581114177,6,6,28,2,available
human_source_holdout,S+R+P+F+SC+BC,all,values_plus_missing,0.7013622451473052,0.7732985196526211,0.6294259706419892,0.68803756647541,0.7718221052190353,6,6,28,2,available
human_source_holdout,S+R+P+H+SC+BC,25,values_plus_missing,0.6507644489291636,0.7551799803888904,0.5463489174694368,0.6456175798209315,0.7085772721940565,6,6,28,2,available
human_source_holdout,S+R+P+H+SC+BC,50,values_plus_missing,0.6525260237482376,0.75116502112679,0.5538870263696856,0.6506770063247089,0.7203614847533842,6,6,28,2,available
human_source_holdout,S+R+P+H+SC+BC,100,values_plus_missing,0.664853680939148,0.7608066830131651,0.5689006788651307,0.6574135299278288,0.7429475608738813,6,6,28,2,available
human_source_holdout,S+R+P+H+SC+BC,200,values_plus_missing,0.6690893918594386,0.7528989616855418,0.5852798220333353,0.666443091462265,0.7475667589330554,6,6,28,2,available
human_source_holdout,S+R+P+H+SC+BC,all,values_plus_missing,0.6670807445936306,0.7538646130774787,0.5802968761097826,0.6638781443283779,0.748101297972325,6,6,28,2,available
human_source_holdout,S+R+F+H+SC+BC,25,values_plus_missing,0.6864059007534307,0.7781304314852026,0.5946813700216587,0.6755857309439165,0.7501810853407397,6,6,28,2,available
human_source_holdout,S+R+F+H+SC+BC,50,values_plus_missing,0.69291289902237,0.777223989958611,0.608601808086129,0.6848523732248428,0.7518391078579173,6,6,28,2,available
human_source_holdout,S+R+F+H+SC+BC,100,values_plus_missing,0.6988168941408279,0.781960265316484,0.6156735229651719,0.6874836184305626,0.7670561614226346,6,6,28,2,available
human_source_holdout,S+R+F+H+SC+BC,200,values_plus_missing,0.702167386912874,0.7799146473372315,0.6244201264885166,0.6945286813916108,0.7726265799778812,6,6,28,2,available
human_source_holdout,S+R+F+H+SC+BC,all,values_plus_missing,0.703258636200028,0.7827481735783887,0.6237690988216673,0.6936038104157332,0.7748288709542086,6,6,28,2,available
human_source_holdout,S+P+F+H+SC+BC,25,values_plus_missing,0.6686704470333513,0.7666484253615223,0.5706924687051805,0.659748270182814,0.7272522767711233,6,6,28,2,available
human_source_holdout,S+P+F+H+SC+BC,50,values_plus_missing,0.6786418643843812,0.7607938642431956,0.596489864525567,0.671983103159374,0.7284855450018801,6,6,28,2,available
human_source_holdout,S+P+F+H+SC+BC,100,values_plus_missing,0.6801684939702434,0.7654844304310188,0.5948525575094677,0.6690431117361076,0.7430558682718572,6,6,28,2,available
human_source_holdout,S+P+F+H+SC+BC,200,values_plus_missing,0.6786239157432252,0.7672148363376361,0.5900329951488144,0.6713410017891994,0.749430923389563,6,6,28,2,available
human_source_holdout,S+P+F+H+SC+BC,all,values_plus_missing,0.6871816667807181,0.7738404657063982,0.600522867855038,0.6769502846904638,0.7506029046940742,6,6,28,2,available
human_source_holdout,D+R+P+F+H+SC,25,values_plus_missing,0.6837463506838258,0.728290674472846,0.6392020268948057,0.6764376730778006,0.7475863945911883,6,6,28,2,available
human_source_holdout,D+R+P+F+H+SC,50,values_plus_missing,0.6805457342705344,0.7483587389086693,0.6127327296323997,0.6704023129371929,0.7455004626572787,6,6,28,2,available
human_source_holdout,D+R+P+F+H+SC,100,values_plus_missing,0.696388986694969,0.753856984186,0.6389209892039379,0.6824209208236627,0.759395330263125,6,6,28,2,available
human_source_holdout,D+R+P+F+H+SC,200,values_plus_missing,0.6970033935011152,0.7522154679693385,0.6417913190328919,0.685403624475175,0.7605540722951313,6,6,28,2,available
human_source_holdout,D+R+P+F+H+SC,all,values_plus_missing,0.6971197587683383,0.7554292795788342,0.6388102379578428,0.6852191035840249,0.7603010487898435,6,6,28,2,available
human_source_holdout,D+R+P+F+H+BC,25,values_plus_missing,0.6771518555342219,0.7073598466785841,0.6469438643898597,0.6638481451509574,0.7273333185884878,6,6,28,2,available
human_source_holdout,D+R+P+F+H+BC,50,values_plus_missing,0.6634598588707957,0.7251804620596877,0.6017392556819039,0.6519689553634712,0.7226020543157444,6,6,28,2,available
human_source_holdout,D+R+P+F+H+BC,100,values_plus_missing,0.684970263386847,0.7268352387451994,0.6431052880284945,0.6616809805165077,0.7378996892258678,6,6,28,2,available
human_source_holdout,D+R+P+F+H+BC,200,values_plus_missing,0.6811915895904067,0.7310279625139245,0.6313552166668889,0.6734111556807877,0.7419641993881039,6,6,28,2,available
human_source_holdout,D+R+P+F+H+BC,all,values_plus_missing,0.6888604410601046,0.7327616516231519,0.6449592304970575,0.6732454166255654,0.741304582218736,6,6,28,2,available
human_source_holdout,D+R+P+F+SC+BC,25,values_plus_missing,0.6642475989698707,0.7114105475751334,0.6170846503646081,0.6636745804032604,0.7326842849337113,6,6,28,2,available
human_source_holdout,D+R+P+F+SC+BC,50,values_plus_missing,0.6734609725897783,0.7288820571722376,0.618039888007319,0.6641846354474014,0.736629255581816,6,6,28,2,available
human_source_holdout,D+R+P+F+SC+BC,100,values_plus_missing,0.6808306432044157,0.733468214912479,0.6281930714963521,0.6661125942638098,0.7453920921885724,6,6,28,2,available
human_source_holdout,D+R+P+F+SC+BC,200,values_plus_missing,0.6877285191453728,0.7331364152733438,0.6423206230174018,0.6733961885057734,0.7486444204495726,6,6,28,2,available
human_source_holdout,D+R+P+F+SC+BC,all,values_plus_missing,0.6842150746732226,0.7366128286060603,0.6318173207403849,0.6700909043085508,0.7486197205380821,6,6,28,2,available
human_source_holdout,D+R+P+H+SC+BC,25,values_plus_missing,0.6672889452398575,0.7172133041739878,0.6173645863057272,0.6605735925749481,0.7279264724538935,6,6,28,2,available
human_source_holdout,D+R+P+H+SC+BC,50,values_plus_missing,0.6648409443751976,0.7374785953697768,0.5922032933806186,0.6674386010941696,0.7348677043364539,6,6,28,2,available
human_source_holdout,D+R+P+H+SC+BC,100,values_plus_missing,0.6753916784164934,0.7391499166417792,0.6116334401912074,0.6760724103986097,0.7533435214275004,6,6,28,2,available
human_source_holdout,D+R+P+H+SC+BC,200,values_plus_missing,0.6771299555944209,0.733940865593791,0.6203190455950509,0.6762726689075916,0.7516502151454562,6,6,28,2,available
human_source_holdout,D+R+P+H+SC+BC,all,values_plus_missing,0.6894677082820978,0.7349382420035209,0.6439971745606745,0.6806138086141691,0.750918776645839,6,6,28,2,available
human_source_holdout,D+R+F+H+SC+BC,25,values_plus_missing,0.6881719780773298,0.7272084588673201,0.6491354972873394,0.6728576913239183,0.7456162160874725,6,6,28,2,available
human_source_holdout,D+R+F+H+SC+BC,50,values_plus_missing,0.6671496638038245,0.7445311800850742,0.5897681475225748,0.6647884340152236,0.739307148758279,6,6,28,2,available
human_source_holdout,D+R+F+H+SC+BC,100,values_plus_missing,0.6913503967899212,0.7490965953783643,0.6336041982014778,0.6752204510654786,0.7534357925763079,6,6,28,2,available
human_source_holdout,D+R+F+H+SC+BC,200,values_plus_missing,0.688516518168726,0.7479224238138286,0.6291106125236234,0.6784677099417119,0.7530096766381733,6,6,28,2,available
human_source_holdout,D+R+F+H+SC+BC,all,values_plus_missing,0.6895939962872831,0.7526127772171972,0.6265752153573688,0.6783574221005497,0.7527992861257016,6,6,28,2,available
human_source_holdout,D+P+F+H+SC+BC,25,values_plus_missing,0.6742144895520794,0.7072911852362221,0.6411377938679368,0.663565122410314,0.7184217409529857,6,6,28,2,available
human_source_holdout,D+P+F+H+SC+BC,50,values_plus_missing,0.6559524720903506,0.7175532467222764,0.594351697458425,0.6485626088787204,0.7127445376029177,6,6,28,2,available
human_source_holdout,D+P+F+H+SC+BC,100,values_plus_missing,0.6640053545286423,0.7215668261081198,0.6064438829491647,0.6567121944952207,0.7258202586607757,6,6,28,2,available
human_source_holdout,D+P+F+H+SC+BC,200,values_plus_missing,0.6564798634192593,0.7259878018453598,0.5869719249931589,0.6533688827727447,0.7259415755130091,6,6,28,2,available
human_source_holdout,D+P+F+H+SC+BC,all,values_plus_missing,0.6632519546680523,0.7277480147504732,0.5987558945856316,0.6551719043480485,0.7246570125851071,6,6,28,2,available
human_source_holdout,R+P+F+H+SC+BC,25,values_plus_missing,0.6753704489636911,0.727795187369532,0.6229457105578503,0.6663987385132589,0.7382223100663268,6,6,28,2,available
human_source_holdout,R+P+F+H+SC+BC,50,values_plus_missing,0.6676616590653683,0.7411710760540062,0.5941522420767306,0.6602148942157202,0.7357261763804473,6,6,28,2,available
human_source_holdout,R+P+F+H+SC+BC,100,values_plus_missing,0.6823986744319651,0.749404894165204,0.6153924546987263,0.6700237679587618,0.7471122418046656,6,6,28,2,available
human_source_holdout,R+P+F+H+SC+BC,200,values_plus_missing,0.6833263928425827,0.7503100507795358,0.6163427349056295,0.673784248251418,0.7492267902986841,6,6,28,2,available
human_source_holdout,R+P+F+H+SC+BC,all,values_plus_missing,0.6794616556031549,0.7543374476280899,0.6045858635782199,0.6698621812853013,0.7487358403038537,6,6,28,2,available
human_source_holdout,S+D+R+P+F+H+SC,25,values_plus_missing,0.6790031430930306,0.7704481412234153,0.5875581449626458,0.6694484865862355,0.7462267209946329,6,6,28,2,available
human_source_holdout,S+D+R+P+F+H+SC,50,values_plus_missing,0.6908640769838489,0.7763420170986287,0.6053861368690691,0.682921024864405,0.7518701765642929,6,6,28,2,available
human_source_holdout,S+D+R+P+F+H+SC,100,values_plus_missing,0.7064572556490331,0.7816178317756828,0.6312966795223834,0.6915879455541827,0.7701617545139069,6,6,28,2,available
human_source_holdout,S+D+R+P+F+H+SC,200,values_plus_missing,0.7064487557816256,0.7802113701652217,0.6326861413980295,0.6973654824172743,0.7774051763324813,6,6,28,2,available
human_source_holdout,S+D+R+P+F+H+SC,all,values_plus_missing,0.7020781143304767,0.7859753913981953,0.6181808372627581,0.692648182228799,0.7794422764850417,6,6,28,2,available
human_source_holdout,S+D+R+P+F+H+BC,25,values_plus_missing,0.6710437963811945,0.7597818864882903,0.5823057062740987,0.66601586608742,0.7480515527073414,6,6,28,2,available
human_source_holdout,S+D+R+P+F+H+BC,50,values_plus_missing,0.6844680982312287,0.7674067443745972,0.6015294520878601,0.6762312212994637,0.7541003284602613,6,6,28,2,available
human_source_holdout,S+D+R+P+F+H+BC,100,values_plus_missing,0.707994546524092,0.7726852343249883,0.643303858723196,0.6843867786831233,0.7697780587595806,6,6,28,2,available
human_source_holdout,S+D+R+P+F+H+BC,200,values_plus_missing,0.709899783199071,0.7747180911893463,0.6450814752087957,0.6908686094281039,0.7786077590612449,6,6,28,2,available
human_source_holdout,S+D+R+P+F+H+BC,all,values_plus_missing,0.710211429396963,0.7789804006935607,0.6414424581003654,0.6906483641856171,0.7801916440379796,6,6,28,2,available
human_source_holdout,S+D+R+P+F+SC+BC,25,values_plus_missing,0.6809231944523503,0.7604593507642324,0.6013870381404683,0.6713327123725983,0.7428417876798346,6,6,28,2,available
human_source_holdout,S+D+R+P+F+SC+BC,50,values_plus_missing,0.6906052847982052,0.7714749632405574,0.6097356063558528,0.6872444129385181,0.754407947165547,6,6,28,2,available
human_source_holdout,S+D+R+P+F+SC+BC,100,values_plus_missing,0.7073283955901254,0.7705245702995017,0.6441322208807491,0.6931729811666553,0.7674835052091228,6,6,28,2,available
human_source_holdout,S+D+R+P+F+SC+BC,200,values_plus_missing,0.7060657933984781,0.7727895921182335,0.6393419946787225,0.6945825447190063,0.7744685194556984,6,6,28,2,available
human_source_holdout,S+D+R+P+F+SC+BC,all,values_plus_missing,0.7025488633445551,0.7753986466505962,0.6296990800385142,0.6910767695751613,0.775641306804968,6,6,28,2,available
human_source_holdout,S+D+R+P+H+SC+BC,25,values_plus_missing,0.6462584009776081,0.755396383260651,0.5371204186945654,0.646073391373871,0.7140599029006125,6,6,28,2,available
human_source_holdout,S+D+R+P+H+SC+BC,50,values_plus_missing,0.6695272113292837,0.7575106817191561,0.5815437409394111,0.6586172654357291,0.727234307410434,6,6,28,2,available
human_source_holdout,S+D+R+P+H+SC+BC,100,values_plus_missing,0.6781998832727423,0.7580683658497006,0.5983314006957837,0.6682079953877813,0.7519400059053268,6,6,28,2,available
human_source_holdout,S+D+R+P+H+SC+BC,200,values_plus_missing,0.6788278485920415,0.7521982640222747,0.6054574331618081,0.6727469807821067,0.7562272776972881,6,6,28,2,available
human_source_holdout,S+D+R+P+H+SC+BC,all,values_plus_missing,0.6769024030830914,0.7534441030866241,0.6003607030795585,0.6706837287859032,0.7563752785772065,6,6,28,2,available
human_source_holdout,S+D+R+F+H+SC+BC,25,values_plus_missing,0.6869176631420055,0.7751396671192,0.5986956591648113,0.6769212642992036,0.7503834057994815,6,6,28,2,available
human_source_holdout,S+D+R+F+H+SC+BC,50,values_plus_missing,0.6909627295598343,0.7755435731566215,0.6063818859630473,0.6810655388445168,0.7513217552488973,6,6,28,2,available
human_source_holdout,S+D+R+F+H+SC+BC,100,values_plus_missing,0.705411998365058,0.780627021604261,0.6301969751258552,0.6893905616025459,0.7685951953357222,6,6,28,2,available
human_source_holdout,S+D+R+F+H+SC+BC,200,values_plus_missing,0.7037037150776083,0.7776447302201291,0.6297626999350875,0.6961589269963989,0.7756060761570367,6,6,28,2,available
human_source_holdout,S+D+R+F+H+SC+BC,all,values_plus_missing,0.7050269371083667,0.7808390314369666,0.629214842779767,0.6945599250387217,0.7772045394453275,6,6,28,2,available
human_source_holdout,S+D+P+F+H+SC+BC,25,values_plus_missing,0.6690301184959292,0.7598616724251838,0.5781985645666745,0.6531647307227371,0.7264544216321153,6,6,28,2,available
human_source_holdout,S+D+P+F+H+SC+BC,50,values_plus_missing,0.6742901107650123,0.7595420738045937,0.5890381477254311,0.66271725221286,0.7283088896844737,6,6,28,2,available
human_source_holdout,S+D+P+F+H+SC+BC,100,values_plus_missing,0.6793722379860796,0.7628758845090418,0.5958685914631174,0.665079645993449,0.7440720662817099,6,6,28,2,available
human_source_holdout,S+D+P+F+H+SC+BC,200,values_plus_missing,0.6831703360541362,0.7670005231390583,0.5993401489692142,0.6704667979851512,0.7520346628812614,6,6,28,2,available
human_source_holdout,S+D+P+F+H+SC+BC,all,values_plus_missing,0.680598075168361,0.7708775322903346,0.5903186180463872,0.668253360767264,0.7532026932228677,6,6,28,2,available
human_source_holdout,S+R+P+F+H+SC+BC,25,values_plus_missing,0.6803913356808943,0.7759967471035432,0.5847859242582454,0.6707216679174078,0.7442192427991383,6,6,28,2,available
human_source_holdout,S+R+P+F+H+SC+BC,50,values_plus_missing,0.6918531157478629,0.7769835161610131,0.6067227153347127,0.6836140178339756,0.7502704313191328,6,6,28,2,available
human_source_holdout,S+R+P+F+H+SC+BC,100,values_plus_missing,0.702725754579771,0.7812737126900967,0.6241777964694454,0.6894665449237417,0.7673087084345728,6,6,28,2,available
human_source_holdout,S+R+P+F+H+SC+BC,200,values_plus_missing,0.6986661263594239,0.7810418254227708,0.616290427296077,0.6930787863391092,0.774270124689413,6,6,28,2,available
human_source_holdout,S+R+P+F+H+SC+BC,all,values_plus_missing,0.6987257544909858,0.7850616926618511,0.6123898163201207,0.6913331688823409,0.7759851039817007,6,6,28,2,available
human_source_holdout,D+R+P+F+H+SC+BC,25,values_plus_missing,0.6816041807420183,0.726586215773264,0.6366221457107727,0.670837652264156,0.743294206596283,6,6,28,2,available
human_source_holdout,D+R+P+F+H+SC+BC,50,values_plus_missing,0.6707294133305135,0.7459645820648264,0.5954942445962007,0.6679699872643403,0.7419419153224649,6,6,28,2,available
human_source_holdout,D+R+P+F+H+SC+BC,100,values_plus_missing,0.6917230702983485,0.7512954109814561,0.6321507296152409,0.6778184566882022,0.7565876658256228,6,6,28,2,available
human_source_holdout,D+R+P+F+H+SC+BC,200,values_plus_missing,0.6893675712678012,0.7498894278925179,0.6288457146430845,0.6805791128196071,0.758156123103616,6,6,28,2,available
human_source_holdout,D+R+P+F+H+SC+BC,all,values_plus_missing,0.69190242788605,0.7557728270408716,0.6280320287312288,0.6803225979346891,0.7573069671753404,6,6,28,2,available
human_source_holdout,S+D+R+P+F+H+SC+BC,25,values_plus_missing,0.6761885025958425,0.7694048398572612,0.5829721653344238,0.6672126906652845,0.7450461223689616,6,6,28,2,available
human_source_holdout,S+D+R+P+F+H+SC+BC,50,values_plus_missing,0.6905093321843333,0.7754997830695546,0.605518881299112,0.6809680522850607,0.7497781025444008,6,6,28,2,available
human_source_holdout,S+D+R+P+F+H+SC+BC,100,values_plus_missing,0.7027896228713421,0.7802331032575776,0.6253461424851066,0.687881375534965,0.7690933598403721,6,6,28,2,available
human_source_holdout,S+D+R+P+F+H+SC+BC,200,values_plus_missing,0.7022227122437391,0.7792073923556752,0.6252380321318032,0.6955410249880729,0.7771013840711786,6,6,28,2,available
human_source_holdout,S+D+R+P+F+H+SC+BC,all,values_plus_missing,0.7024865398421577,0.7845003624282815,0.6204727172560339,0.6934316156673449,0.7784555224657078,6,6,28,2,available
generator_holdout,S,25,values_plus_missing,0.6538714493257295,0.5703383973602073,0.7374045012912518,0.65876695509036,0.7089232333642425,6,6,30,0,available
generator_holdout,S,50,values_plus_missing,0.6669573162310879,0.5849249000009153,0.7489897324612603,0.6734219852568679,0.723950438241198,6,6,30,0,available
generator_holdout,S,100,values_plus_missing,0.6661655030257638,0.5950483107706108,0.7372826952809168,0.6713723124365875,0.7246234383147321,6,6,30,0,available
generator_holdout,S,200,values_plus_missing,0.6577071657009924,0.5784524146232072,0.7369619167787778,0.6620226816705779,0.7195096457231915,6,6,30,0,available
generator_holdout,S,all,values_plus_missing,0.6583289485964707,0.5792474027697687,0.7374104944231727,0.6628208167694997,0.7168381305515827,6,6,30,0,available
generator_holdout,D,25,values_plus_missing,0.5897422769299139,0.4304891923186058,0.748995361541222,0.5856873044926362,0.6242499298084402,6,6,30,0,available
generator_holdout,D,50,values_plus_missing,0.5932139351076946,0.45702407300619674,0.7294037972091925,0.5870356743236113,0.6306799219265844,6,6,30,0,available
generator_holdout,D,100,values_plus_missing,0.5963745818477908,0.44864019322477594,0.7441089704708057,0.5912071158431572,0.6341038586013625,6,6,30,0,available
generator_holdout,D,200,values_plus_missing,0.592211717073231,0.44713044731856,0.737292986827902,0.5871469544285107,0.6287756349552376,6,6,30,0,available
generator_holdout,D,all,values_plus_missing,0.5922760477117524,0.44614438082946606,0.7384077145940386,0.58710464233781,0.629591761075522,6,6,30,0,available
generator_holdout,R,25,values_plus_missing,0.6215377688541871,0.7708413973327475,0.47223414037562667,0.6102804743073994,0.6625937976413105,6,6,30,0,available
generator_holdout,R,50,values_plus_missing,0.62099327208989,0.7641377561761448,0.4778487880036349,0.6106846633444827,0.6646982671035854,6,6,30,0,available
generator_holdout,R,100,values_plus_missing,0.6245418918249425,0.7693030521459758,0.47978073150390915,0.6148197953037572,0.6685423682100641,6,6,30,0,available
generator_holdout,R,200,values_plus_missing,0.6295412966014301,0.7545056086443145,0.5045769845585458,0.6199411056042086,0.6700724864335416,6,6,30,0,available
generator_holdout,R,all,values_plus_missing,0.6297912279926935,0.7544222753109812,0.5051601806744058,0.6206506408606188,0.6706531237056893,6,6,30,0,available
generator_holdout,P,25,values_plus_missing,0.5360850473983664,0.16673419007606338,0.9054359047206694,0.5353402520893137,0.5320025330783401,6,6,30,0,available
generator_holdout,P,50,values_plus_missing,0.5283430395270429,0.1470124278038645,0.9096736512502211,0.5275326562096245,0.5208348240994168,6,6,30,0,available
generator_holdout,P,100,values_plus_missing,0.5228972403126073,0.1359866454311631,0.9098078351940515,0.5229212073309661,0.5096556845688132,6,6,30,0,available
generator_holdout,P,200,values_plus_missing,0.5320119668508226,0.16186460535830335,0.9021593283433417,0.5319038571663312,0.5247142886821227,6,6,30,0,available
generator_holdout,P,all,values_plus_missing,0.5332119204359334,0.16836879296299348,0.8980550479088732,0.5332529060968814,0.5294386252082947,6,6,30,0,available
generator_holdout,F,25,values_plus_missing,0.6111198945439617,0.4756015597111239,0.7466382293767994,0.5970756195991517,0.60823690233101,6,6,30,0,available
generator_holdout,F,50,values_plus_missing,0.5930249384515108,0.44734904714830986,0.7387008297547117,0.579593994728001,0.580254796370159,6,6,30,0,available
generator_holdout,F,100,values_plus_missing,0.5867902081508346,0.44825943240794136,0.7253209838937279,0.5782463027424322,0.5797858370773087,6,6,30,0,available
generator_holdout,F,200,values_plus_missing,0.5886938255038333,0.44975595875552626,0.7276316922521403,0.5796956877110965,0.5831895681771581,6,6,30,0,available
generator_holdout,F,all,values_plus_missing,0.5894142672660617,0.44757809997162495,0.7312504345604984,0.5789072390883766,0.5844088963967852,6,6,30,0,available
generator_holdout,H,25,values_plus_missing,0.559879271285485,0.49582667435538347,0.6239318682155864,0.5655215102546148,0.6043867035699645,6,6,30,0,available
generator_holdout,H,50,values_plus_missing,0.5499921594505053,0.48912968531180495,0.6108546335892057,0.5552619580405178,0.5895552304268732,6,6,30,0,available
generator_holdout,H,100,values_plus_missing,0.5459398950633559,0.4772304258084594,0.6146493643182526,0.5490619276478195,0.5861232059729744,6,6,30,0,available
generator_holdout,H,200,values_plus_missing,0.5440061084318746,0.47384588928247795,0.6141663275812712,0.5490723837438031,0.5820524057035386,6,6,30,0,available
generator_holdout,H,all,values_plus_missing,0.5468641823462267,0.47176464975148963,0.6219637149409637,0.5513871325680525,0.5819998646603073,6,6,30,0,available
generator_holdout,SC,25,values_plus_missing,0.5564978100102003,0.5639358564223669,0.5490597635980338,0.5722323512881065,0.5841220780040416,6,6,30,0,available
generator_holdout,SC,50,values_plus_missing,0.561527065661321,0.5567640113133976,0.5662901200092444,0.5756075665541347,0.5863119200847499,6,6,30,0,available
generator_holdout,SC,100,values_plus_missing,0.5653779526673777,0.5660834019825906,0.5646725033521648,0.5800669413759106,0.591220221543915,6,6,30,0,available
generator_holdout,SC,200,values_plus_missing,0.5622131717345479,0.5619484375429058,0.5624779059261901,0.5763968950535042,0.5858807750690713,6,6,30,0,available
generator_holdout,SC,all,values_plus_missing,0.5606811676737042,0.5594020786995085,0.5619602566479001,0.5754241964010364,0.583831902521874,6,6,30,0,available
generator_holdout,BC,25,values_plus_missing,0.4636501845698684,0.5183378893557039,0.408962479784033,0.47205956967785195,0.4740979573470539,6,6,30,0,available
generator_holdout,BC,50,values_plus_missing,0.4732508249347132,0.4637831553029263,0.4827184945665002,0.47588196226684776,0.4637111671461856,6,6,30,0,available
generator_holdout,BC,100,values_plus_missing,0.4649454034622494,0.4525610223247385,0.4773297845997604,0.4684680111623692,0.4568572092486318,6,6,30,0,available
generator_holdout,BC,200,values_plus_missing,0.46364296333256405,0.532284155293773,0.3950017713713551,0.4696176385443224,0.46357225364070315,6,6,30,0,available
generator_holdout,BC,all,values_plus_missing,0.46108975948811554,0.5306077427208904,0.3915717762553406,0.4655743040527529,0.4541719486325773,6,6,30,0,available
generator_holdout,S+D,25,values_plus_missing,0.6625642481495245,0.5623337909950481,0.7627947053040008,0.6640795557539343,0.7124092076666931,6,6,30,0,available
generator_holdout,S+D,50,values_plus_missing,0.6757363333205526,0.5837051743233471,0.7677674923177582,0.6777700551103916,0.732446418436914,6,6,30,0,available
generator_holdout,S+D,100,values_plus_missing,0.6763357985503736,0.5882009867186571,0.7644706103820903,0.681770765795226,0.7377944542595941,6,6,30,0,available
generator_holdout,S+D,200,values_plus_missing,0.6692674922466223,0.5749269365955461,0.7636080478976988,0.6715780516311063,0.7299163045239017,6,6,30,0,available
generator_holdout,S+D,all,values_plus_missing,0.6674808654642481,0.5690915094598676,0.7658702214686285,0.6709139438324979,0.7283733378658467,6,6,30,0,available
generator_holdout,S+R,25,values_plus_missing,0.6742456327651678,0.6147073161801723,0.7337839493501633,0.6664782574490605,0.7318780856078563,6,6,30,0,available
generator_holdout,S+R,50,values_plus_missing,0.6849148976989373,0.6284301631106352,0.7413996322872394,0.6788985751450611,0.7476716177458071,6,6,30,0,available
generator_holdout,S+R,100,values_plus_missing,0.6950529626870132,0.6540598552873659,0.7360460700866606,0.6862546872590675,0.7529732097355298,6,6,30,0,available
generator_holdout,S+R,200,values_plus_missing,0.6891658175316328,0.6346104017354532,0.7437212333278125,0.6816882136882394,0.7533530971543841,6,6,30,0,available
generator_holdout,S+R,all,values_plus_missing,0.6833063019732531,0.6257467368719737,0.7408658670745328,0.6768056601026536,0.751552370691852,6,6,30,0,available
generator_holdout,S+P,25,values_plus_missing,0.6539636339250199,0.5748739256391245,0.7330533422109151,0.6587310333323828,0.7018877717380778,6,6,30,0,available
generator_holdout,S+P,50,values_plus_missing,0.6605419298433918,0.5729569637806519,0.7481268959061316,0.667738497915967,0.7140048739875156,6,6,30,0,available
generator_holdout,S+P,100,values_plus_missing,0.6583614715301488,0.5818770949464994,0.7348458481137983,0.6656380667040188,0.7189016265040382,6,6,30,0,available
generator_holdout,S+P,200,values_plus_missing,0.6528431726406742,0.5734781878426742,0.7322081574386742,0.6590848471264653,0.7175873376382875,6,6,30,0,available
generator_holdout,S+P,all,values_plus_missing,0.6533127450049723,0.5746814674465223,0.7319440225634223,0.6589352850053124,0.717471104912741,6,6,30,0,available
generator_holdout,S+F,25,values_plus_missing,0.6707630438204367,0.5821836459162845,0.759342441724589,0.6654908614196807,0.7062503119293688,6,6,30,0,available
generator_holdout,S+F,50,values_plus_missing,0.6614868640222955,0.5479015821365479,0.7750721459080431,0.6577648936323766,0.7074688803083742,6,6,30,0,available
generator_holdout,S+F,100,values_plus_missing,0.6585636256253952,0.5448266240125949,0.7723006272381955,0.6542742895704,0.7016087070350482,6,6,30,0,available
generator_holdout,S+F,200,values_plus_missing,0.6582811490701993,0.5494570392948348,0.7671052588455637,0.6537349299038276,0.7013452347351782,6,6,30,0,available
generator_holdout,S+F,all,values_plus_missing,0.6585097490917126,0.5495930128786006,0.7674264853048244,0.6534022756700696,0.7018797825492018,6,6,30,0,available
generator_holdout,S+H,25,values_plus_missing,0.6383479703400076,0.5685015903744589,0.7081943503055563,0.6553946253154346,0.7102195928948924,6,6,30,0,available
generator_holdout,S+H,50,values_plus_missing,0.6517229760966683,0.5577910110662603,0.7456549411270763,0.6621086465587712,0.7180101440492886,6,6,30,0,available
generator_holdout,S+H,100,values_plus_missing,0.6482876252102439,0.5655535830335648,0.7310216673869228,0.659980317157808,0.7218777173309409,6,6,30,0,available
generator_holdout,S+H,200,values_plus_missing,0.6395625522785475,0.5540898344179915,0.7250352701391035,0.6531466800295086,0.7157488843390191,6,6,30,0,available
generator_holdout,S+H,all,values_plus_missing,0.6388630746779761,0.542221981949822,0.7355041674061301,0.6495665198210648,0.7114349989883854,6,6,30,0,available
generator_holdout,S+SC,25,values_plus_missing,0.6237928876897604,0.5571281796047634,0.6904575957747574,0.6335320385203304,0.6729277394240312,6,6,30,0,available
generator_holdout,S+SC,50,values_plus_missing,0.636317525131088,0.5521941057747756,0.7204409444874004,0.6447869567335416,0.679502497305068,6,6,30,0,available
generator_holdout,S+SC,100,values_plus_missing,0.6349959766792223,0.5506749000009153,0.7193170533575292,0.6421243089748166,0.6783050683142303,6,6,30,0,available
generator_holdout,S+SC,200,values_plus_missing,0.6277187979670941,0.5353412051148273,0.7200963908193607,0.6361101057625419,0.6776554089671615,6,6,30,0,available
generator_holdout,S+SC,all,values_plus_missing,0.6254895100267063,0.5357174327923772,0.7152615872610353,0.6356972580628553,0.6733834935952386,6,6,30,0,available
generator_holdout,S+BC,25,values_plus_missing,0.648632569262189,0.5660203682346158,0.7312447702897623,0.655355937322436,0.7026041174044391,6,6,30,0,available
generator_holdout,S+BC,50,values_plus_missing,0.6590930617665408,0.569400126772295,0.7487859967607866,0.6649584768476859,0.7166708496353242,6,6,30,0,available
generator_holdout,S+BC,100,values_plus_missing,0.6648517232932474,0.5858038690721367,0.7438995775143581,0.6676014537668377,0.7179226891780901,6,6,30,0,available
generator_holdout,S+BC,200,values_plus_missing,0.6569567259705379,0.5723750011441543,0.7415384507969214,0.659184295443872,0.7129501361443287,6,6,30,0,available
generator_holdout,S+BC,all,values_plus_missing,0.6539464967184659,0.5650029610712946,0.7428900323656373,0.6560491568176986,0.7096535844106413,6,6,30,0,available
generator_holdout,D+R,25,values_plus_missing,0.6640266389274855,0.5975159815470797,0.7305372963078912,0.6564302664145655,0.7107102415280131,6,6,30,0,available
generator_holdout,D+R,50,values_plus_missing,0.6678729271918625,0.6375208922572791,0.6982249621264462,0.6582536352312037,0.7182165584985615,6,6,30,0,available
generator_holdout,D+R,100,values_plus_missing,0.670893864561747,0.6430376426760396,0.6987500864474546,0.6654691418508403,0.7242070082025591,6,6,30,0,available
generator_holdout,D+R,200,values_plus_missing,0.6678003039807098,0.6242855488736946,0.7113150590877252,0.6614516686676165,0.7225957751188793,6,6,30,0,available
generator_holdout,D+R,all,values_plus_missing,0.6682954198774292,0.6197851873209398,0.7168056524339185,0.6612046930194443,0.724310071450596,6,6,30,0,available
generator_holdout,D+P,25,values_plus_missing,0.60209399423487,0.4419692542860019,0.762218734183738,0.5975871912455651,0.6303152294395232,6,6,30,0,available
generator_holdout,D+P,50,values_plus_missing,0.5985134823354249,0.44856515958663995,0.7484618050842097,0.5913699195369096,0.6312292419277925,6,6,30,0,available
generator_holdout,D+P,100,values_plus_missing,0.5994683199134289,0.44362271054727187,0.7553139292795858,0.5957095924531232,0.632523945574459,6,6,30,0,available
generator_holdout,D+P,200,values_plus_missing,0.6017656997838783,0.453246482869722,0.7502849166980345,0.5966653087425533,0.6370149637080775,6,6,30,0,available
generator_holdout,D+P,all,values_plus_missing,0.6053366487305368,0.46033573605733585,0.7503375614037379,0.6009611372594371,0.6418178014532069,6,6,30,0,available
generator_holdout,D+F,25,values_plus_missing,0.6201617267371491,0.4624934050946902,0.777830048379608,0.6126569589576015,0.63505325788833,6,6,30,0,available
generator_holdout,D+F,50,values_plus_missing,0.6028873650849667,0.43900416929822156,0.7667705608717118,0.5966054500337261,0.6112913799387217,6,6,30,0,available
generator_holdout,D+F,100,values_plus_missing,0.6037987815659546,0.4430045308509762,0.7645930322809328,0.6002081949126675,0.6128639323261323,6,6,30,0,available
generator_holdout,D+F,200,values_plus_missing,0.6041254001582906,0.4463790262789356,0.7618717740376454,0.6003930387804935,0.6117107094320212,6,6,30,0,available
generator_holdout,D+F,all,values_plus_missing,0.6024759966432981,0.44511191430742053,0.7598400789791756,0.5997094026665307,0.6125519895236933,6,6,30,0,available
generator_holdout,D+H,25,values_plus_missing,0.5907735870129087,0.45808764679499503,0.7234595272308225,0.5904220285257026,0.6352717657694471,6,6,30,0,available
generator_holdout,D+H,50,values_plus_missing,0.5745205932206707,0.452004322614896,0.6970368638264454,0.5804192286151403,0.6210245475182133,6,6,30,0,available
generator_holdout,D+H,100,values_plus_missing,0.5769197437611244,0.44384668790217024,0.7099927996200784,0.5807975426690338,0.6223150612562076,6,6,30,0,available
generator_holdout,D+H,200,values_plus_missing,0.5683939812933995,0.4388467542631189,0.6979412083236799,0.5734898835418158,0.6142083375339084,6,6,30,0,available
generator_holdout,D+H,all,values_plus_missing,0.5730872910580472,0.43635267411739936,0.709821907998695,0.5762492537253664,0.6176194697219958,6,6,30,0,available
generator_holdout,D+SC,25,values_plus_missing,0.5851232631242519,0.48099186506302005,0.6892546611854838,0.5997707722750998,0.6403336073310484,6,6,30,0,available
generator_holdout,D+SC,50,values_plus_missing,0.5906169420867086,0.4939193714474009,0.6873145127260164,0.6042313203390851,0.6427175025981083,6,6,30,0,available
generator_holdout,D+SC,100,values_plus_missing,0.5937802652424536,0.494686483418916,0.692874047065991,0.6076196840171504,0.6456473188196225,6,6,30,0,available
generator_holdout,D+SC,200,values_plus_missing,0.5875671498555959,0.4845177229499043,0.6906165767612874,0.6018341819877727,0.6379431624068878,6,6,30,0,available
generator_holdout,D+SC,all,values_plus_missing,0.5877345398750311,0.4815114415428692,0.693957638207193,0.6023843265406653,0.637518940320118,6,6,30,0,available
generator_holdout,D+BC,25,values_plus_missing,0.5790174994487919,0.42756415044255885,0.7304708484550249,0.5786158091956385,0.6140476971743054,6,6,30,0,available
generator_holdout,D+BC,50,values_plus_missing,0.5813934230606648,0.45238600562008585,0.7104008405012436,0.5805599899895301,0.6187232031758036,6,6,30,0,available
generator_holdout,D+BC,100,values_plus_missing,0.5896569479912712,0.44877060850701594,0.7305432874755264,0.5862142305355592,0.6214901731301572,6,6,30,0,available
generator_holdout,D+BC,200,values_plus_missing,0.5868609500991026,0.45055967679929704,0.7231622233989082,0.5817501909637511,0.6141945189006939,6,6,30,0,available
generator_holdout,D+BC,all,values_plus_missing,0.5856150209926704,0.4490188762574256,0.7222111657279151,0.5818311528723025,0.6157665176947699,6,6,30,0,available
generator_holdout,R+P,25,values_plus_missing,0.6211931183461433,0.6781787763956394,0.5642074602966471,0.6032119843516659,0.6496293951729968,6,6,30,0,available
generator_holdout,R+P,50,values_plus_missing,0.613724022382229,0.6902980750748277,0.5371499696896305,0.6002071304861318,0.6438518815200696,6,6,30,0,available
generator_holdout,R+P,100,values_plus_missing,0.6128819023501536,0.7004313072649221,0.5253324974353851,0.6025694196581021,0.6482874563971313,6,6,30,0,available
generator_holdout,R+P,200,values_plus_missing,0.6219502176249568,0.6929828628570905,0.5509175723928232,0.6103135468131606,0.6568929481607172,6,6,30,0,available
generator_holdout,R+P,all,values_plus_missing,0.6253751822836328,0.696318289992769,0.5544320745744965,0.6133334238425383,0.6593387168391718,6,6,30,0,available
generator_holdout,R+F,25,values_plus_missing,0.622305747493147,0.5126800486952064,0.7319314462910876,0.598437380116834,0.6372075010354727,6,6,30,0,available
generator_holdout,R+F,50,values_plus_missing,0.6071191937298576,0.5051221361818198,0.7091162512778952,0.5863451225780895,0.6289497645246381,6,6,30,0,available
generator_holdout,R+F,100,values_plus_missing,0.6061673690110899,0.515401087861896,0.6969336501602837,0.5870274670078711,0.6306447872585381,6,6,30,0,available
generator_holdout,R+F,200,values_plus_missing,0.6138857606054893,0.5103749439364399,0.7173965772745386,0.5938292988912969,0.6359182075485428,6,6,30,0,available
generator_holdout,R+F,all,values_plus_missing,0.6163824093240537,0.5101591015185215,0.722605717129586,0.5956244225541326,0.639512409225038,6,6,30,0,available
generator_holdout,R+H,25,values_plus_missing,0.6332651753861233,0.6274328289901236,0.6390975217821228,0.6324764305207028,0.6972119045822628,6,6,30,0,available
generator_holdout,R+H,50,values_plus_missing,0.6326397413901576,0.6322030530612992,0.6330764297190159,0.6289520874280855,0.6929190165546741,6,6,30,0,available
generator_holdout,R+H,100,values_plus_missing,0.6425179651476347,0.6545796422916037,0.6304562880036658,0.6368851737099044,0.6982953330851551,6,6,30,0,available
generator_holdout,R+H,200,values_plus_missing,0.6377680168928687,0.6252947616040128,0.6502412721817247,0.6332603615712372,0.7005600097791976,6,6,30,0,available
generator_holdout,R+H,all,values_plus_missing,0.6362837226728023,0.6212930293544224,0.6512744159911824,0.6317602967284932,0.7014767093620229,6,6,30,0,available
generator_holdout,R+SC,25,values_plus_missing,0.6186123054377214,0.6714736203787609,0.565750990496682,0.6204924191637394,0.6628264125348715,6,6,30,0,available
generator_holdout,R+SC,50,values_plus_missing,0.6139157808298163,0.6624739910847498,0.5653575705748829,0.6151412423372467,0.6636461131794432,6,6,30,0,available
generator_holdout,R+SC,100,values_plus_missing,0.6215851621310046,0.6683540448142352,0.5748162794477739,0.618331669843015,0.6690832835318066,6,6,30,0,available
generator_holdout,R+SC,200,values_plus_missing,0.6206723836576944,0.6551967625010298,0.5861480048143589,0.6164104806094892,0.6681031666276422,6,6,30,0,available
generator_holdout,R+SC,all,values_plus_missing,0.6201705355595871,0.6548330976375503,0.585507973481624,0.6156276866392879,0.6685227234950477,6,6,30,0,available
generator_holdout,R+BC,25,values_plus_missing,0.6092915006425664,0.7408762116593898,0.47770678962574303,0.6006564551886693,0.650646296164267,6,6,30,0,available
generator_holdout,R+BC,50,values_plus_missing,0.6126787168459017,0.7396691060036064,0.48568832768819714,0.6040092324889826,0.6525146651912817,6,6,30,0,available
generator_holdout,R+BC,100,values_plus_missing,0.6145378564289891,0.7468141779022618,0.4822615349557163,0.6072312075408745,0.6577121593213008,6,6,30,0,available
generator_holdout,R+BC,200,values_plus_missing,0.6165855933084954,0.7281788519098223,0.5049923347071684,0.6087308522369624,0.6593231611586063,6,6,30,0,available
generator_holdout,R+BC,all,values_plus_missing,0.6167967053199326,0.7269717462540388,0.5066216643858262,0.6088785013321476,0.661035944545435,6,6,30,0,available
generator_holdout,P+F,25,values_plus_missing,0.5965587570037235,0.4450825827681211,0.7480349312393261,0.5826174131789323,0.5980348760156247,6,6,30,0,available
generator_holdout,P+F,50,values_plus_missing,0.5818619012763575,0.417353825136612,0.7463699774161029,0.5659986273118958,0.5658990046713971,6,6,30,0,available
generator_holdout,P+F,100,values_plus_missing,0.5768708682121293,0.42159998993144226,0.7321417464928164,0.5676209084272595,0.5668253581829684,6,6,30,0,available
generator_holdout,P+F,200,values_plus_missing,0.5790372527233387,0.42353131321452436,0.7345431922321531,0.5704395348123904,0.576810864736868,6,6,30,0,available
generator_holdout,P+F,all,values_plus_missing,0.5808222385853747,0.42444898902527206,0.7371954881454775,0.5705978919485335,0.5828843148482231,6,6,30,0,available
generator_holdout,P+H,25,values_plus_missing,0.5813065024681842,0.49064773091321817,0.67196527402315,0.5864696987899424,0.6221356055517698,6,6,30,0,available
generator_holdout,P+H,50,values_plus_missing,0.5589279310031735,0.4596864468059789,0.658169415200368,0.562475434941451,0.5920571435780719,6,6,30,0,available
generator_holdout,P+H,100,values_plus_missing,0.5614096153506155,0.459403659920733,0.6634155707804978,0.5622338812424178,0.5941031259203988,6,6,30,0,available
generator_holdout,P+H,200,values_plus_missing,0.565781703177177,0.47177850774821284,0.6597848986061412,0.5692726673356449,0.5999263059085255,6,6,30,0,available
generator_holdout,P+H,all,values_plus_missing,0.5690031555657621,0.4711602937272885,0.6668460174042355,0.5702656436585161,0.6030389110165585,6,6,30,0,available
generator_holdout,P+SC,25,values_plus_missing,0.550562795620318,0.5143923922893154,0.5867331989513204,0.5665411480677347,0.5923902588078144,6,6,30,0,available
generator_holdout,P+SC,50,values_plus_missing,0.5537358399755399,0.5017690661870372,0.6057026137640426,0.567841664503775,0.5851790865928922,6,6,30,0,available
generator_holdout,P+SC,100,values_plus_missing,0.5502617803439304,0.506165499629294,0.5943580610585667,0.5666845126351598,0.5913476897519933,6,6,30,0,available
generator_holdout,P+SC,200,values_plus_missing,0.5480155161773655,0.5012442082909997,0.5947868240637314,0.5655259502993459,0.5931469470168701,6,6,30,0,available
generator_holdout,P+SC,all,values_plus_missing,0.5509619826050314,0.5118927538420701,0.5900312113679926,0.5677452551261633,0.5947544793909094,6,6,30,0,available
generator_holdout,P+BC,25,values_plus_missing,0.5220583851146444,0.2514837232611143,0.7926330469681746,0.5210243135536341,0.509712460562793,6,6,30,0,available
generator_holdout,P+BC,50,values_plus_missing,0.5053225251980146,0.24522470046040767,0.7654203499356216,0.5084296579225115,0.49219880106412905,6,6,30,0,available
generator_holdout,P+BC,100,values_plus_missing,0.5082018904298512,0.22211311109280463,0.7942906697668978,0.5066394882387101,0.47809359758091624,6,6,30,0,available
generator_holdout,P+BC,200,values_plus_missing,0.5205582079737853,0.23408170405762876,0.8070347118899418,0.5191842815159938,0.49292915325654885,6,6,30,0,available
generator_holdout,P+BC,all,values_plus_missing,0.5222189122237607,0.22655867223183312,0.8178791522156882,0.5223839034236089,0.49496824111947757,6,6,30,0,available
generator_holdout,F+H,25,values_plus_missing,0.606990125130482,0.4918271480352583,0.7221531022257058,0.6049380131201932,0.6373312783753623,6,6,30,0,available
generator_holdout,F+H,50,values_plus_missing,0.5909639129903482,0.45516114726638657,0.7267666787143101,0.5901106217101163,0.6127323850737014,6,6,30,0,available
generator_holdout,F+H,100,values_plus_missing,0.5893360160015194,0.4557929332454623,0.7228790987575765,0.589525072391962,0.6177650302342192,6,6,30,0,available
generator_holdout,F+H,200,values_plus_missing,0.5989110801518448,0.4734735997839837,0.7243485605197059,0.5988161268150688,0.620698223921178,6,6,30,0,available
generator_holdout,F+H,all,values_plus_missing,0.5962400838669345,0.4668243402806382,0.7256558274532309,0.596292779114678,0.6201280459352413,6,6,30,0,available
generator_holdout,F+SC,25,values_plus_missing,0.6133262472606017,0.5096372207119385,0.7170152738092649,0.6123907257405846,0.6349592617814047,6,6,30,0,available
generator_holdout,F+SC,50,values_plus_missing,0.5934072475112752,0.46700292217004885,0.7198115728525017,0.5928764610850245,0.6088227929723262,6,6,30,0,available
generator_holdout,F+SC,100,values_plus_missing,0.5911870105781987,0.4737529221700488,0.7086210989863485,0.5902919258286142,0.6070628692987124,6,6,30,0,available
generator_holdout,F+SC,200,values_plus_missing,0.5889273461518668,0.4697365241508087,0.708118168152925,0.5889848486138659,0.6027461015398026,6,6,30,0,available
generator_holdout,F+SC,all,values_plus_missing,0.5873724951315192,0.46724555610474966,0.7074994341582889,0.5876392043344261,0.6012484972746741,6,6,30,0,available
generator_holdout,F+BC,25,values_plus_missing,0.6102699190548185,0.4750941936458248,0.7454456444638122,0.5967217763100918,0.6045938950955152,6,6,30,0,available
generator_holdout,F+BC,50,values_plus_missing,0.5954133547811558,0.4489829269297306,0.7418437826325809,0.5810619762853781,0.5777718635431177,6,6,30,0,available
generator_holdout,F+BC,100,values_plus_missing,0.5868334437552116,0.44647628396994077,0.7271906035404824,0.576603526600355,0.5766604513085175,6,6,30,0,available
generator_holdout,F+BC,200,values_plus_missing,0.593429589840443,0.45194384948421523,0.7349153301966708,0.5803389119215948,0.5818248181725705,6,6,30,0,available
generator_holdout,F+BC,all,values_plus_missing,0.5920894410487596,0.4485829351676415,0.7355959469298776,0.5785082143786925,0.5818188670296777,6,6,30,0,available
generator_holdout,H+SC,25,values_plus_missing,0.5779038973974974,0.5197180712304693,0.6360897235645253,0.5957464554870295,0.6438953740564128,6,6,30,0,available
generator_holdout,H+SC,50,values_plus_missing,0.571726440669337,0.5097484119138498,0.6337044694248243,0.5907616258287197,0.6318910866144579,6,6,30,0,available
generator_holdout,H+SC,100,values_plus_missing,0.5647593264113975,0.5047494302111651,0.6247692226116298,0.5841054843363518,0.6294075730053904,6,6,30,0,available
generator_holdout,H+SC,200,values_plus_missing,0.5557721234343234,0.49206116877648715,0.6194830780921595,0.5778615138754231,0.6207048888227522,6,6,30,0,available
generator_holdout,H+SC,all,values_plus_missing,0.5537805379459261,0.48343284729659225,0.62412822859526,0.5755505582636807,0.6150679907262756,6,6,30,0,available
generator_holdout,H+BC,25,values_plus_missing,0.5552964134082615,0.4954079138863718,0.6151849129301513,0.5624575627124166,0.5950096350899093,6,6,30,0,available
generator_holdout,H+BC,50,values_plus_missing,0.5439900558361305,0.48605191027999745,0.6019282013922636,0.55212050642205,0.5826719870061601,6,6,30,0,available
generator_holdout,H+BC,100,values_plus_missing,0.5464948858683776,0.4753011871744881,0.6176885845622672,0.5473461064077568,0.5796435563772342,6,6,30,0,available
generator_holdout,H+BC,200,values_plus_missing,0.5391532443356177,0.460559923936623,0.6177465647346124,0.5399253946606192,0.574075372772653,6,6,30,0,available
generator_holdout,H+BC,all,values_plus_missing,0.5378765549057009,0.45707212519793866,0.618680984613463,0.5412363831117899,0.5744219693015797,6,6,30,0,available
generator_holdout,SC+BC,25,values_plus_missing,0.5506286442276441,0.5502262107440664,0.5510310777112218,0.564526166269469,0.5791348155441713,6,6,30,0,available
generator_holdout,SC+BC,50,values_plus_missing,0.5545873413308097,0.5404351424700918,0.5687395401915275,0.5674431321324818,0.5793297394746707,6,6,30,0,available
generator_holdout,SC+BC,100,values_plus_missing,0.5594645486084485,0.5506223947606886,0.5683067024562083,0.5721861973803444,0.5825633225141645,6,6,30,0,available
generator_holdout,SC+BC,200,values_plus_missing,0.5530445544838495,0.5451171133445003,0.5609719956231988,0.5661282682107117,0.5758292551821407,6,6,30,0,available
generator_holdout,SC+BC,all,values_plus_missing,0.5503774084237748,0.543774034104951,0.5569807827425985,0.5637540042319626,0.5737810992235189,6,6,30,0,available
generator_holdout,S+D+R,25,values_plus_missing,0.6886751592229041,0.6027229338861887,0.7746273845596195,0.6773630695071969,0.7376295845544374,6,6,30,0,available
generator_holdout,S+D+R,50,values_plus_missing,0.7033225931984375,0.6315681732890317,0.7750770131078433,0.6928373719009261,0.7569977386613597,6,6,30,0,available
generator_holdout,S+D+R,100,values_plus_missing,0.7113680267257338,0.6440172652881896,0.7787187881632781,0.699061917900505,0.768091425210532,6,6,30,0,available
generator_holdout,S+D+R,200,values_plus_missing,0.7033216342093596,0.6241072415813127,0.7825360268374064,0.6926625951496307,0.7660381831366533,6,6,30,0,available
generator_holdout,S+D+R,all,values_plus_missing,0.701326843877681,0.6206030539766226,0.7820506337787392,0.6923127449370292,0.7655648411970958,6,6,30,0,available
generator_holdout,S+D+P,25,values_plus_missing,0.6609704246141469,0.5621639458677724,0.7597769033605215,0.6611901460108093,0.7071023257492683,6,6,30,0,available
generator_holdout,S+D+P,50,values_plus_missing,0.6743495441819515,0.5724422499565222,0.7762568384073809,0.6747427595936456,0.7238107745602276,6,6,30,0,available
generator_holdout,S+D+P,100,values_plus_missing,0.6749120330658266,0.5815988091642182,0.7682252569674352,0.6796215199667245,0.7326717341254733,6,6,30,0,available
generator_holdout,S+D+P,200,values_plus_missing,0.6659736329329436,0.5648243974883526,0.767122868377535,0.668279586564689,0.7290417404824158,6,6,30,0,available
generator_holdout,S+D+P,all,values_plus_missing,0.6676720554199626,0.5668163838317269,0.7685277270081983,0.6705776630697096,0.7307209427794684,6,6,30,0,available
generator_holdout,S+D+F,25,values_plus_missing,0.6656660745967943,0.5557156524883068,0.775616496705282,0.662473210859538,0.7025984575037534,6,6,30,0,available
generator_holdout,S+D+F,50,values_plus_missing,0.6671462109519752,0.5426567880385534,0.7916356338653969,0.6637061985064562,0.7100929966646726,6,6,30,0,available
generator_holdout,S+D+F,100,values_plus_missing,0.6586546496573168,0.5337851095184484,0.7835241897961853,0.6588697182207627,0.7059183896014075,6,6,30,0,available
generator_holdout,S+D+F,200,values_plus_missing,0.6573699414825251,0.5392059637898051,0.7755339191752452,0.6561714915102872,0.7033729688683538,6,6,30,0,available
generator_holdout,S+D+F,all,values_plus_missing,0.6602667899471366,0.5439559637898052,0.7765776161044681,0.658496411382082,0.7050429059607276,6,6,30,0,available
generator_holdout,S+D+H,25,values_plus_missing,0.6508796176415648,0.5618292418376033,0.7399299934455262,0.6601714318162376,0.710736645357714,6,6,30,0,available
generator_holdout,S+D+H,50,values_plus_missing,0.6622611747547585,0.5597784001977099,0.7647439493118072,0.6677097129193678,0.7250548369699856,6,6,30,0,available
generator_holdout,S+D+H,100,values_plus_missing,0.6638347440550038,0.5710646515821366,0.7566048365278709,0.6732025982269657,0.7331019053895804,6,6,30,0,available
generator_holdout,S+D+H,200,values_plus_missing,0.6532105510930805,0.5527072681256923,0.7537138340604689,0.6629221436782307,0.725131487113176,6,6,30,0,available
generator_holdout,S+D+H,all,values_plus_missing,0.6532232000694266,0.5477501624699087,0.7586962376689446,0.6615453536708519,0.7217541832928965,6,6,30,0,available
generator_holdout,S+D+SC,25,values_plus_missing,0.6339368214409332,0.542328223540288,0.7255454193415783,0.641106018821426,0.676943198235196,6,6,30,0,available
generator_holdout,S+D+SC,50,values_plus_missing,0.6427781975143111,0.5398701087404234,0.7456862862881989,0.6480901024471347,0.6872084548356635,6,6,30,0,available
generator_holdout,S+D+SC,100,values_plus_missing,0.6408053957754655,0.5376113719782886,0.7439994195726424,0.648413057784016,0.6901951960981355,6,6,30,0,available
generator_holdout,S+D+SC,200,values_plus_missing,0.6334867596996624,0.5257885076566805,0.7411850117426444,0.6428521865206479,0.6860736410036447,6,6,30,0,available
generator_holdout,S+D+SC,all,values_plus_missing,0.6319159208695441,0.5213251205938618,0.7425067211452263,0.641171374399495,0.6833479465894746,6,6,30,0,available
generator_holdout,S+D+BC,25,values_plus_missing,0.6547256562747664,0.559213121619024,0.7502381909305088,0.6596646537582299,0.7100403931739648,6,6,30,0,available
generator_holdout,S+D+BC,50,values_plus_missing,0.6685767270432662,0.5759181998334112,0.7612352542531213,0.6727748050449107,0.7271940479314292,6,6,30,0,available
generator_holdout,S+D+BC,100,values_plus_missing,0.6718153932539223,0.5801029967689083,0.763527789738936,0.6765198477434285,0.7332595455932565,6,6,30,0,available
generator_holdout,S+D+BC,200,values_plus_missing,0.6637599790697669,0.5631155595829787,0.7644043985565552,0.6661230842786688,0.7252679262634174,6,6,30,0,available
generator_holdout,S+D+BC,all,values_plus_missing,0.6625657218113824,0.5619551743233472,0.7631762692994176,0.6671454557514171,0.7228647623184162,6,6,30,0,available
generator_holdout,S+R+P,25,values_plus_missing,0.6663493371260798,0.6015943080612535,0.7311043661909062,0.6588700706972934,0.7203975346779464,6,6,30,0,available
generator_holdout,S+R+P,50,values_plus_missing,0.6709944653823868,0.607461865337617,0.7345270654271568,0.6673627435662444,0.7330333305949082,6,6,30,0,available
generator_holdout,S+R+P,100,values_plus_missing,0.6816386376019486,0.6281710647957456,0.7351062104081518,0.6753134971414626,0.7409592545593165,6,6,30,0,available
generator_holdout,S+R+P,200,values_plus_missing,0.6828757752870386,0.6233175073912367,0.7424340431828403,0.6776944107469004,0.7461227052609175,6,6,30,0,available
generator_holdout,S+R+P,all,values_plus_missing,0.6792730729412919,0.6217425492672836,0.7368035966153004,0.6740022842490264,0.7463833754174131,6,6,30,0,available
generator_holdout,S+R+F,25,values_plus_missing,0.6781653031522961,0.5796121522915122,0.7767184540130799,0.6597980633252433,0.7129964195735797,6,6,30,0,available
generator_holdout,S+R+F,50,values_plus_missing,0.6734405764865813,0.5691958471776002,0.7776853057955625,0.6613507280759796,0.7237649548201827,6,6,30,0,available
generator_holdout,S+R+F,100,values_plus_missing,0.6786742141562366,0.5818043061390742,0.775544122173399,0.664299588966973,0.7243661561057636,6,6,30,0,available
generator_holdout,S+R+F,200,values_plus_missing,0.6827590353475995,0.5800714181105894,0.7854466525846098,0.6673894750809358,0.7274501971316305,6,6,30,0,available
generator_holdout,S+R+F,all,values_plus_missing,0.6794663889104787,0.5801585774958582,0.7787742003250991,0.6654799297735702,0.7290169168623547,6,6,30,0,available
generator_holdout,S+R+H,25,values_plus_missing,0.6666406830266994,0.6051658680469744,0.7281154980064244,0.6691193923568205,0.7344428231467943,6,6,30,0,available
generator_holdout,S+R+H,50,values_plus_missing,0.6732837977143463,0.6007701394037583,0.7457974560249343,0.670226816496751,0.74010831258468,6,6,30,0,available
generator_holdout,S+R+H,100,values_plus_missing,0.678280953333756,0.6225525647362495,0.7340093419312627,0.6763103368553042,0.7520686043082238,6,6,30,0,available
generator_holdout,S+R+H,200,values_plus_missing,0.6738447820447363,0.5981355365168283,0.7495540275726443,0.6719143227455936,0.7529983000691908,6,6,30,0,available
generator_holdout,S+R+H,all,values_plus_missing,0.6716070786890134,0.5892596703920331,0.7539544869859937,0.6665248672472986,0.750777509378824,6,6,30,0,available
generator_holdout,S+R+SC,25,values_plus_missing,0.6469310870716858,0.5922244281516874,0.7016377459916843,0.6472239929219975,0.7020526148232661,6,6,30,0,available
generator_holdout,S+R+SC,50,values_plus_missing,0.6546479824279579,0.585771510100594,0.7235244547553217,0.6520103544092714,0.7079117861657517,6,6,30,0,available
generator_holdout,S+R+SC,100,values_plus_missing,0.6593160939769903,0.5967328033610676,0.7218993845929131,0.6541356324497646,0.7133335459951113,6,6,30,0,available
generator_holdout,S+R+SC,200,values_plus_missing,0.6573223613644873,0.58253125600681,0.7321134667221645,0.6532447946700717,0.7169780162991893,6,6,30,0,available
generator_holdout,S+R+SC,all,values_plus_missing,0.6546046957113751,0.5785354436115001,0.7306739478112503,0.6511467282160065,0.7140105204572773,6,6,30,0,available
generator_holdout,S+R+BC,25,values_plus_missing,0.668729860777962,0.6100810885026223,0.7273786330533015,0.6641150634820804,0.7256269791683276,6,6,30,0,available
generator_holdout,S+R+BC,50,values_plus_missing,0.6751444927279722,0.6147244281516874,0.7355645573042567,0.6720457076655872,0.7398810464706712,6,6,30,0,available
generator_holdout,S+R+BC,100,values_plus_missing,0.6900710244442259,0.6416553898820149,0.738486659006437,0.6813044577615202,0.746611545322783,6,6,30,0,available
generator_holdout,S+R+BC,200,values_plus_missing,0.6816127315098632,0.6197362678602484,0.7434891951594779,0.6752527493147396,0.7469413724134129,6,6,30,0,available
generator_holdout,S+R+BC,all,values_plus_missing,0.6751451771839068,0.6116996549230671,0.7385906994447464,0.6697821191282002,0.7448856621192436,6,6,30,0,available
generator_holdout,S+P+F,25,values_plus_missing,0.6619964456085267,0.5644314857529907,0.7595614054640626,0.6549120569790595,0.6934072769541844,6,6,30,0,available
generator_holdout,S+P+F,50,values_plus_missing,0.6520479727735095,0.5274981350285123,0.7765978105185067,0.6482642918732305,0.6932852488023308,6,6,30,0,available
generator_holdout,S+P+F,100,values_plus_missing,0.6528470256186699,0.5321125138442668,0.7735815373930729,0.6497201191016206,0.6925253733177108,6,6,30,0,available
generator_holdout,S+P+F,200,values_plus_missing,0.6587760366593066,0.5444629591491154,0.773089114169498,0.6538420564976346,0.6979649871378208,6,6,30,0,available
generator_holdout,S+P+F,all,values_plus_missing,0.6562535876402082,0.5434950229288519,0.7690121523515646,0.6518556845413491,0.7019977287836902,6,6,30,0,available
generator_holdout,S+P+H,25,values_plus_missing,0.6381077488341358,0.5633990512672653,0.7128164464010062,0.6526931153772224,0.7066623515819184,6,6,30,0,available
generator_holdout,S+P+H,50,values_plus_missing,0.6427000221026901,0.5420608735846811,0.7433391706206991,0.6537928566641354,0.7084266282309826,6,6,30,0,available
generator_holdout,S+P+H,100,values_plus_missing,0.6449469270522686,0.556721981949822,0.7331718721547152,0.6582187634108084,0.7176418451632113,6,6,30,0,available
generator_holdout,S+P+H,200,values_plus_missing,0.6407531772528897,0.5508555001784881,0.7306508543272913,0.6532823173969363,0.7160909906034664,6,6,30,0,available
generator_holdout,S+P+H,all,values_plus_missing,0.6391476833497005,0.5423150611893713,0.7359803055100298,0.6507148222613522,0.7143919566782593,6,6,30,0,available
generator_holdout,S+P+SC,25,values_plus_missing,0.620503676106957,0.5528090749741421,0.6881982772397719,0.6304710438973274,0.6732104921437957,6,6,30,0,available
generator_holdout,S+P+SC,50,values_plus_missing,0.6263011792371215,0.5345141531885291,0.7180882052857139,0.6366481022352902,0.6728714160778448,6,6,30,0,available
generator_holdout,S+P+SC,100,values_plus_missing,0.6268645735569051,0.5374733526466577,0.7162557944671525,0.6359742564515339,0.6750841661478819,6,6,30,0,available
generator_holdout,S+P+SC,200,values_plus_missing,0.6242402962658953,0.531842575811663,0.7166380167201275,0.6350619129058315,0.6789029045724689,6,6,30,0,available
generator_holdout,S+P+SC,all,values_plus_missing,0.6253103789937504,0.5369360166039671,0.7136847413835339,0.6364567903532655,0.6773842227839576,6,6,30,0,available
generator_holdout,S+P+BC,25,values_plus_missing,0.6467757172210886,0.563553802711188,0.7299976317309892,0.6528205712273889,0.6970320269200881,6,6,30,0,available
generator_holdout,S+P+BC,50,values_plus_missing,0.6502025547441256,0.5508750011441542,0.749530108344097,0.6560965550592567,0.7063047415955935,6,6,30,0,available
generator_holdout,S+P+BC,100,values_plus_missing,0.6552344218038502,0.5735127069775104,0.7369561366301899,0.6609550714374732,0.7119639812333618,6,6,30,0,available
generator_holdout,S+P+BC,200,values_plus_missing,0.6512553010354037,0.5657808280931067,0.7367297739777009,0.6547353659696303,0.7100195515719768,6,6,30,0,available
generator_holdout,S+P+BC,all,values_plus_missing,0.6507556921641382,0.5664436687078379,0.7350677156204384,0.6545659849949447,0.7095768907372452,6,6,30,0,available
generator_holdout,S+F+H,25,values_plus_missing,0.6619145737181226,0.5800999510301965,0.7437291964060488,0.6606930043612521,0.7066572390148487,6,6,30,0,available
generator_holdout,S+F+H,50,values_plus_missing,0.6581373985245188,0.5406449391767582,0.7756298578722793,0.6567908189473534,0.7075946573726638,6,6,30,0,available
generator_holdout,S+F+H,100,values_plus_missing,0.6526478214620339,0.5437248080109106,0.7615708349131571,0.6566781091336604,0.7074519814568253,6,6,30,0,available
generator_holdout,S+F+H,200,values_plus_missing,0.6576579115040903,0.5494612268995249,0.7658545961086554,0.6574930333215573,0.708856229754322,6,6,30,0,available
generator_holdout,S+F+H,all,values_plus_missing,0.6583763670392412,0.5525546676918289,0.7641980663866534,0.65934023448694,0.7078103062903665,6,6,30,0,available
generator_holdout,S+F+SC,25,values_plus_missing,0.6448324544254116,0.5570473107797641,0.7326175980710591,0.6438081105180872,0.6776857171690057,6,6,30,0,available
generator_holdout,S+F+SC,50,values_plus_missing,0.6378733680656307,0.5160005903836121,0.7597461457476492,0.6369566253200112,0.6679027566019629,6,6,30,0,available
generator_holdout,S+F+SC,100,values_plus_missing,0.6387162238368866,0.5218897424279869,0.7555427052457864,0.6362453519832242,0.6660931630127761,6,6,30,0,available
generator_holdout,S+F+SC,200,values_plus_missing,0.6412978428165033,0.5218977560846125,0.7606979295483941,0.637050640862819,0.668738097573406,6,6,30,0,available
generator_holdout,S+F+SC,all,values_plus_missing,0.6376240853370582,0.5194870092722264,0.7557611614018901,0.6331910206617543,0.667137983478635,6,6,30,0,available
generator_holdout,S+F+BC,25,values_plus_missing,0.6684215774536212,0.5660542397781256,0.7707889151291168,0.6579770397608576,0.7048212862222656,6,6,30,0,available
generator_holdout,S+F+BC,50,values_plus_missing,0.6567985936493137,0.5336055093317223,0.779991677966905,0.6520191008197073,0.7024982785379833,6,6,30,0,available
generator_holdout,S+F+BC,100,values_plus_missing,0.6566068289452957,0.5358482187806061,0.7773654391099852,0.650335968364662,0.699390825511962,6,6,30,0,available
generator_holdout,S+F+BC,200,values_plus_missing,0.6590717746176594,0.5378750766583372,0.7802684725769815,0.650748435765066,0.7007257941877243,6,6,30,0,available
generator_holdout,S+F+BC,all,values_plus_missing,0.658668192768555,0.5413401959707462,0.775996189566364,0.6498267486263988,0.7012374710504137,6,6,30,0,available
generator_holdout,S+H+SC,25,values_plus_missing,0.6133708950641864,0.5396508498778043,0.6870909402505685,0.6320549922465944,0.6757089307840698,6,6,30,0,available
generator_holdout,S+H+SC,50,values_plus_missing,0.6198524802791309,0.5234095866399392,0.7162953739183225,0.6340505465250977,0.6752039583713054,6,6,30,0,available
generator_holdout,S+H+SC,100,values_plus_missing,0.6171729748512811,0.5233792642630274,0.7109666854395348,0.6324328212340777,0.677891857724123,6,6,30,0,available
generator_holdout,S+H+SC,200,values_plus_missing,0.6195735470211832,0.5167934755745943,0.7223536184677721,0.6319944941975536,0.6757552615922038,6,6,30,0,available
generator_holdout,S+H+SC,all,values_plus_missing,0.6154659892622362,0.510506862637413,0.7204251158870595,0.6286508672161423,0.6697196945667282,6,6,30,0,available
generator_holdout,S+H+BC,25,values_plus_missing,0.6297014825223002,0.5519339228016219,0.7074690422429785,0.6466099902469649,0.7042582626267005,6,6,30,0,available
generator_holdout,S+H+BC,50,values_plus_missing,0.6474612722552305,0.5511647833887104,0.7437577611217505,0.657543529514868,0.7102932408149781,6,6,30,0,available
generator_holdout,S+H+BC,100,values_plus_missing,0.6426064553374212,0.5550999418769622,0.7301129687978802,0.6530006920923273,0.7158960762182728,6,6,30,0,available
generator_holdout,S+H+BC,200,values_plus_missing,0.6393487781693368,0.5474311814079506,0.7312663749307231,0.6491663118578214,0.7105677300382164,6,6,30,0,available
generator_holdout,S+H+BC,all,values_plus_missing,0.635969104954562,0.5359353690126406,0.7360028408964835,0.6440694473268331,0.7056427023833451,6,6,30,0,available
generator_holdout,S+SC+BC,25,values_plus_missing,0.6195221534533534,0.5530263544498449,0.6860179524568619,0.6297784015838968,0.6692828483225294,6,6,30,0,available
generator_holdout,S+SC+BC,50,values_plus_missing,0.6268255662121769,0.5361592250871846,0.7174919073371692,0.6364189554923102,0.6713995842755046,6,6,30,0,available
generator_holdout,S+SC+BC,100,values_plus_missing,0.6308998253037704,0.5437198881474768,0.718079762460064,0.6374448799711744,0.671403622587868,6,6,30,0,available
generator_holdout,S+SC+BC,200,values_plus_missing,0.6292205323123697,0.5321400193133244,0.7263010453114149,0.6348600737592263,0.6714149477005752,6,6,30,0,available
generator_holdout,S+SC+BC,all,values_plus_missing,0.6244457136018237,0.5289775402513478,0.7199138869522995,0.6322271515359303,0.6666348616072283,6,6,30,0,available
generator_holdout,D+R+P,25,values_plus_missing,0.6534470173675552,0.5666976000219678,0.7401964347131426,0.6461793288571377,0.6983093017692291,6,6,30,0,available
generator_holdout,D+R+P,50,values_plus_missing,0.656992331505491,0.60351352619198,0.710471136819002,0.6462078848908618,0.7032007320089266,6,6,30,0,available
generator_holdout,D+R+P,100,values_plus_missing,0.6535529259152604,0.5950543267338514,0.7120515250966694,0.6474370191361565,0.7081382772668642,6,6,30,0,available
generator_holdout,D+R+P,200,values_plus_missing,0.6613188014152617,0.5965239952037052,0.726113607626818,0.6541814687556987,0.713493651190685,6,6,30,0,available
generator_holdout,D+R+P,all,values_plus_missing,0.6658329677370456,0.5988792848578045,0.7327866506162867,0.6578130398647997,0.7179895111509513,6,6,30,0,available
generator_holdout,D+R+F,25,values_plus_missing,0.6391459918379468,0.5021576736139715,0.7761343100619221,0.623023948986473,0.665362187784413,6,6,30,0,available
generator_holdout,D+R+F,50,values_plus_missing,0.6314214148910285,0.5056350033409305,0.7572078264411265,0.6153976298755934,0.665973517862598,6,6,30,0,available
generator_holdout,D+R+F,100,values_plus_missing,0.6341380444893673,0.5145973721064337,0.7536787168723008,0.6177253687455245,0.6698436927091727,6,6,30,0,available
generator_holdout,D+R+F,200,values_plus_missing,0.6387826261852871,0.5141207654849841,0.7634444868855902,0.6241978026142869,0.671428793473495,6,6,30,0,available
generator_holdout,D+R+F,all,values_plus_missing,0.6452875005575435,0.5224031908174753,0.7681718102976115,0.6284391755369428,0.6746300927426165,6,6,30,0,available
generator_holdout,D+R+H,25,values_plus_missing,0.6536863061333161,0.5763284523711454,0.7310441598954869,0.6494923511855727,0.7116832725917726,6,6,30,0,available
generator_holdout,D+R+H,50,values_plus_missing,0.6533956048480837,0.5998898293837127,0.7069013803124546,0.6464493217431384,0.7125429032364785,6,6,30,0,available
generator_holdout,D+R+H,100,values_plus_missing,0.6592015356985157,0.6057475743929117,0.7126554970041198,0.6534346846323533,0.7207837848906719,6,6,30,0,available
generator_holdout,D+R+H,200,values_plus_missing,0.6588949512455679,0.5997957318468481,0.7179941706442877,0.6542648531029113,0.7214552142654576,6,6,30,0,available
generator_holdout,D+R+H,all,values_plus_missing,0.6645818606598783,0.6026210515235558,0.7265426697962009,0.6596338430694703,0.7239976482309008,6,6,30,0,available
generator_holdout,D+R+SC,25,values_plus_missing,0.6490424700430453,0.5777772400252629,0.7203077000608276,0.645759613602375,0.7003211567750081,6,6,30,0,available
generator_holdout,D+R+SC,50,values_plus_missing,0.6549389617640348,0.6101196716734859,0.6997582518545838,0.6493106371187942,0.7044792922563998,6,6,30,0,available
generator_holdout,D+R+SC,100,values_plus_missing,0.652721806407773,0.6013187636726437,0.7041248491429021,0.6473140292722194,0.7094900108335718,6,6,30,0,available
generator_holdout,D+R+SC,200,values_plus_missing,0.6508047058218241,0.5872737755260822,0.7143356361175662,0.6457502691732975,0.7087732255752,6,6,30,0,available
generator_holdout,D+R+SC,all,values_plus_missing,0.6526565149266236,0.5874850687865557,0.7178279610666913,0.6464568773419958,0.7098150487796331,6,6,30,0,available
generator_holdout,D+R+BC,25,values_plus_missing,0.6595824473559069,0.5866822866609916,0.7324826080508221,0.6520150215356241,0.7035346068327861,6,6,30,0,available
generator_holdout,D+R+BC,50,values_plus_missing,0.6663827721036942,0.6299860115696881,0.7027795326377002,0.6562389993745877,0.7108064245019677,6,6,30,0,available
generator_holdout,D+R+BC,100,values_plus_missing,0.6680676893589509,0.6311289896659985,0.7050063890519033,0.6613176999612044,0.7178400140420148,6,6,30,0,available
generator_holdout,D+R+BC,200,values_plus_missing,0.6636410895183751,0.6128054022388811,0.714476776797869,0.6574143197091842,0.715225046591899,6,6,30,0,available
generator_holdout,D+R+BC,all,values_plus_missing,0.6657028828713284,0.611209867644232,0.7201958980984245,0.6579687158733981,0.716984174433133,6,6,30,0,available
generator_holdout,D+P+F,25,values_plus_missing,0.6099432548087972,0.44553862207210915,0.7743478875454852,0.6007240386001572,0.6257136985140269,6,6,30,0,available
generator_holdout,D+P+F,50,values_plus_missing,0.5902610757832355,0.40565713128483943,0.7748650202816316,0.5809335335911378,0.5981336122428806,6,6,30,0,available
generator_holdout,D+P+F,100,values_plus_missing,0.589779918543004,0.410117415401232,0.7694424216847761,0.5854172814185647,0.6005205918708795,6,6,30,0,available
generator_holdout,D+P+F,200,values_plus_missing,0.5891756583090891,0.41850165673540746,0.759849659882771,0.5870553155471908,0.6066638693268137,6,6,30,0,available
generator_holdout,D+P+F,all,values_plus_missing,0.5883286891034378,0.41769165041967576,0.7589657277871998,0.585097828414966,0.6139087986966116,6,6,30,0,available
generator_holdout,D+P+H,25,values_plus_missing,0.5998747948293489,0.46888364408563765,0.7308659455730603,0.6013789214017932,0.6442658068399187,6,6,30,0,available
generator_holdout,D+P+H,50,values_plus_missing,0.5811894820115017,0.43388293013336265,0.7284960338896408,0.5822760003230916,0.6223208822229901,6,6,30,0,available
generator_holdout,D+P+H,100,values_plus_missing,0.5831239689537913,0.4327288262807663,0.7335191116268164,0.5853047176275626,0.6249549136862663,6,6,30,0,available
generator_holdout,D+P+H,200,values_plus_missing,0.5795007639604791,0.4407947524507785,0.7182067754701796,0.583578465968979,0.6289800953615043,6,6,30,0,available
generator_holdout,D+P+H,all,values_plus_missing,0.5854957605809173,0.4435611413167843,0.7274303798450505,0.5886175097609563,0.6365208894305145,6,6,30,0,available
generator_holdout,D+P+SC,25,values_plus_missing,0.5940234210250587,0.48175154460828734,0.7062952974418302,0.6093653556374771,0.6489981398311154,6,6,30,0,available
generator_holdout,D+P+SC,50,values_plus_missing,0.5917491168182177,0.47676029052365654,0.7067379431127789,0.6061686068002898,0.6437890132125095,6,6,30,0,available
generator_holdout,D+P+SC,100,values_plus_missing,0.5896140651788774,0.47448032054626504,0.7047478098114898,0.6049284615551839,0.6479067737762214,6,6,30,0,available
generator_holdout,D+P+SC,200,values_plus_missing,0.5933788560357446,0.4811162941300309,0.7056414179414583,0.6095485316804,0.6495435812822976,6,6,30,0,available
generator_holdout,D+P+SC,all,values_plus_missing,0.596061770089819,0.4830733997858143,0.7090501403938236,0.6128307704057276,0.6536811586236447,6,6,30,0,available
generator_holdout,D+P+BC,25,values_plus_missing,0.5900013043030111,0.44317635994178545,0.7368262486642366,0.593933933176021,0.6209151095338548,6,6,30,0,available
generator_holdout,D+P+BC,50,values_plus_missing,0.5860343824070756,0.44404074791077425,0.7280280169033769,0.5859526656220538,0.6194074674638558,6,6,30,0,available
generator_holdout,D+P+BC,100,values_plus_missing,0.5913440477039033,0.4415794546503007,0.7411086407575057,0.5894796311713042,0.6205075752856627,6,6,30,0,available
generator_holdout,D+P+BC,200,values_plus_missing,0.5951504661527125,0.4513029491720899,0.7389979831333351,0.5907856893296347,0.6221715745311691,6,6,30,0,available
generator_holdout,D+P+BC,all,values_plus_missing,0.5984917288748249,0.459733187796908,0.7372502699527419,0.5953513695394798,0.6287505406156434,6,6,30,0,available
generator_holdout,D+F+H,25,values_plus_missing,0.6102743786135308,0.46952265196657234,0.7510261052604893,0.6102120471371323,0.6456639250382012,6,6,30,0,available
generator_holdout,D+F+H,50,values_plus_missing,0.5987000492351224,0.4419284972219934,0.7554716012482515,0.5985183351494582,0.6265851760574364,6,6,30,0,available
generator_holdout,D+F+H,100,values_plus_missing,0.6047088106149511,0.45020817200757884,0.7592094492223233,0.6041605763884048,0.6335029711071308,6,6,30,0,available
generator_holdout,D+F+H,200,values_plus_missing,0.6022672002605157,0.4604372911918426,0.7440971093291888,0.605869687262588,0.6322584359807522,6,6,30,0,available
generator_holdout,D+F+H,all,values_plus_missing,0.6022794795371663,0.45060252080072494,0.7539564382736078,0.6028052668106189,0.632627474372892,6,6,30,0,available
generator_holdout,D+F+SC,25,values_plus_missing,0.621730698811353,0.4946629458769256,0.7487984517457803,0.622381553066668,0.6472975648395113,6,6,30,0,available
generator_holdout,D+F+SC,50,values_plus_missing,0.6052801959355075,0.4644850962462586,0.7460752956247564,0.6080438301744114,0.6287950800776704,6,6,30,0,available
generator_holdout,D+F+SC,100,values_plus_missing,0.60199896951902,0.46325567271695456,0.7407422663210855,0.6066779164866823,0.6276141267342784,6,6,30,0,available
generator_holdout,D+F+SC,200,values_plus_missing,0.5966302678486366,0.45858063084090767,0.7346799048563656,0.6028379917025051,0.6198342089997894,6,6,30,0,available
generator_holdout,D+F+SC,all,values_plus_missing,0.602084455327546,0.4614523093610127,0.7427166012940791,0.6053255136548653,0.6195929457920573,6,6,30,0,available
generator_holdout,D+F+BC,25,values_plus_missing,0.6217568177795872,0.4719916636918655,0.7715219718673089,0.6152025626151635,0.6343977741196397,6,6,30,0,available
generator_holdout,D+F+BC,50,values_plus_missing,0.6057288917037073,0.4397151010059404,0.7717426824014738,0.5986636402465599,0.6093220850051185,6,6,30,0,available
generator_holdout,D+F+BC,100,values_plus_missing,0.6108220058927215,0.44864259823708713,0.7730014135483559,0.6035280298877743,0.6123710130843052,6,6,30,0,available
generator_holdout,D+F+BC,200,values_plus_missing,0.6130452822836933,0.4539068933007478,0.7721836712666387,0.6039065716503739,0.6111689855366751,6,6,30,0,available
generator_holdout,D+F+BC,all,values_plus_missing,0.6121501158486411,0.45435562374715105,0.769944607950131,0.6030792541812678,0.6110766851510948,6,6,30,0,available
generator_holdout,D+H+SC,25,values_plus_missing,0.5959599947605067,0.4893730126040036,0.7025469769170097,0.6108724037378993,0.6554471350803829,6,6,30,0,available
generator_holdout,D+H+SC,50,values_plus_missing,0.5803417448813976,0.4738196584012961,0.6868638313614991,0.599389797149366,0.644637049465877,6,6,30,0,available
generator_holdout,D+H+SC,100,values_plus_missing,0.5816576247438032,0.47122166845154734,0.6920935810360591,0.5989922444821839,0.6451299297605849,6,6,30,0,available
generator_holdout,D+H+SC,200,values_plus_missing,0.5722113081429038,0.4581680099037995,0.686254606382008,0.5915639729006177,0.6351780498914856,6,6,30,0,available
generator_holdout,D+H+SC,all,values_plus_missing,0.5728080287303233,0.4487834070168694,0.6968326504437773,0.5906276810725373,0.6323519299465578,6,6,30,0,available
generator_holdout,D+H+BC,25,values_plus_missing,0.5804290206817767,0.4565220730245032,0.7043359683390503,0.5871853153584055,0.6260957809217821,6,6,30,0,available
generator_holdout,D+H+BC,50,values_plus_missing,0.5688401067009903,0.454898671408042,0.6827815419939385,0.5789617555758159,0.6139576075865417,6,6,30,0,available
generator_holdout,D+H+BC,100,values_plus_missing,0.5815459142612749,0.45506115047001855,0.7080306780525313,0.5827990047221888,0.6179783960577645,6,6,30,0,available
generator_holdout,D+H+BC,200,values_plus_missing,0.56801685834774,0.44037288903534066,0.6956608276601393,0.569244938107414,0.6083178208667988,6,6,30,0,available
generator_holdout,D+H+BC,all,values_plus_missing,0.5685801333915436,0.43277908669028203,0.7043811800928051,0.570305809370782,0.6111281793246462,6,6,30,0,available
generator_holdout,D+SC+BC,25,values_plus_missing,0.584703442063237,0.4867624323804816,0.6826444517459924,0.6009032514466511,0.6361411573279822,6,6,30,0,available
generator_holdout,D+SC+BC,50,values_plus_missing,0.5894639376295973,0.49313657540892075,0.6857912998502737,0.6021872780890758,0.6368325614043469,6,6,30,0,available
generator_holdout,D+SC+BC,100,values_plus_missing,0.5927562952681571,0.49349677577321943,0.6920158147630948,0.6052219455789175,0.6390883138925718,6,6,30,0,available
generator_holdout,D+SC+BC,200,values_plus_missing,0.5853040276456635,0.48568365735782737,0.6849243979334996,0.597659537012247,0.6302757851502879,6,6,30,0,available
generator_holdout,D+SC+BC,all,values_plus_missing,0.5844610938877441,0.4807467757732195,0.6881754120022688,0.5966935000660969,0.6297127873386733,6,6,30,0,available
generator_holdout,R+P+F,25,values_plus_missing,0.6098313154105285,0.48050978480746176,0.7391528460135951,0.586358658429372,0.6246950411733988,6,6,30,0,available
generator_holdout,R+P+F,50,values_plus_missing,0.5932116786728899,0.4713005853493332,0.7151227719964467,0.5715877926746665,0.6116693135002854,6,6,30,0,available
generator_holdout,R+P+F,100,values_plus_missing,0.5930371231516,0.48255339310395334,0.7035208531992466,0.5741092286032586,0.6134907045124544,6,6,30,0,available
generator_holdout,R+P+F,200,values_plus_missing,0.6031869819792267,0.4830398119925676,0.7233341519658857,0.5849193450988479,0.6262261558852835,6,6,30,0,available
generator_holdout,R+P+F,all,values_plus_missing,0.6072522346304988,0.4851165023661111,0.7293879668948867,0.5875101742599786,0.632790059113449,6,6,30,0,available
generator_holdout,R+P+H,25,values_plus_missing,0.6451283548877242,0.6007842170781045,0.689472492697344,0.6363796886672574,0.6923247957835927,6,6,30,0,available
generator_holdout,R+P+H,50,values_plus_missing,0.6258728777435784,0.5860307617321581,0.6657149937549988,0.6197381372763354,0.6783622722960424,6,6,30,0,available
generator_holdout,R+P+H,100,values_plus_missing,0.6311672403223024,0.6037445103477314,0.6585899702968734,0.6239876397892503,0.6851694240741871,6,6,30,0,available
generator_holdout,R+P+H,200,values_plus_missing,0.6381993648835506,0.5991165412673568,0.6772821884997442,0.6330919244798322,0.69445162184936,6,6,30,0,available
generator_holdout,R+P+H,all,values_plus_missing,0.6387727205379231,0.5985816605797659,0.6789637804960805,0.6331750450334727,0.6969969405116107,6,6,30,0,available
generator_holdout,R+P+SC,25,values_plus_missing,0.6179740832730908,0.6268365049290167,0.6091116616171649,0.6165532684901494,0.6518103131719308,6,6,30,0,available
generator_holdout,R+P+SC,50,values_plus_missing,0.6083116950848002,0.6153128255118946,0.6013105646577058,0.607135579422614,0.6476926296042786,6,6,30,0,available
generator_holdout,R+P+SC,100,values_plus_missing,0.6092514194752884,0.61757329452362,0.600929544426957,0.606062288287451,0.6553997164763528,6,6,30,0,available
generator_holdout,R+P+SC,200,values_plus_missing,0.6131914643087181,0.6111862271283558,0.6151967014890803,0.6095794917693061,0.6605864067935231,6,6,30,0,available
generator_holdout,R+P+SC,all,values_plus_missing,0.6177569533110098,0.6200624548059056,0.6154514518161137,0.6138172850952605,0.662091103400957,6,6,30,0,available
generator_holdout,R+P+BC,25,values_plus_missing,0.6115256539658549,0.6608830742968027,0.5621682336349071,0.5984203031740424,0.6406526909454725,6,6,30,0,available
generator_holdout,R+P+BC,50,values_plus_missing,0.6016440811427276,0.6648928957172017,0.5383952665682535,0.5904592683714214,0.6344103953421687,6,6,30,0,available
generator_holdout,R+P+BC,100,values_plus_missing,0.5974996211009603,0.6726945268235531,0.5223047153783674,0.5902535134117766,0.6388611862009864,6,6,30,0,available
generator_holdout,R+P+BC,200,values_plus_missing,0.609898697393814,0.6726278683947973,0.5471695263928307,0.6009874117615012,0.646797430971198,6,6,30,0,available
generator_holdout,R+P+BC,all,values_plus_missing,0.6149085836238313,0.678749908467657,0.5510672587800055,0.6051001144902387,0.6506462496690462,6,6,30,0,available
generator_holdout,R+F+H,25,values_plus_missing,0.6324301870253816,0.5243331342504874,0.7405272398002758,0.6166337145611411,0.6674578485369786,6,6,30,0,available
generator_holdout,R+F+H,50,values_plus_missing,0.615253092829481,0.5074052754665861,0.7231009101923759,0.6019097691435494,0.6595911893162572,6,6,30,0,available
generator_holdout,R+F+H,100,values_plus_missing,0.6200541246082907,0.5189324948970718,0.7211757543195095,0.6062210551408437,0.6668859098097588,6,6,30,0,available
generator_holdout,R+F+H,200,values_plus_missing,0.6301913352062747,0.5253502370687683,0.7350324333437811,0.6187448300728456,0.6740714243194178,6,6,30,0,available
generator_holdout,R+F+H,all,values_plus_missing,0.6315552775197989,0.526793047660891,0.7363175073787067,0.6203676776765994,0.6754626386217019,6,6,30,0,available
generator_holdout,R+F+SC,25,values_plus_missing,0.634469432979926,0.5344873044640324,0.7344515614958196,0.6198578349243239,0.6552675392885146,6,6,30,0,available
generator_holdout,R+F+SC,50,values_plus_missing,0.6158495446060991,0.5103233883442714,0.7213757008679266,0.6022169826336742,0.6421543531595795,6,6,30,0,available
generator_holdout,R+F+SC,100,values_plus_missing,0.6144099895482068,0.5195071669824533,0.7093128121139602,0.6027523815681497,0.6451143135736971,6,6,30,0,available
generator_holdout,R+F+SC,200,values_plus_missing,0.6177804809684136,0.5127045175787864,0.7228564443580408,0.6041587491740086,0.6446475497317032,6,6,30,0,available
generator_holdout,R+F+SC,all,values_plus_missing,0.6196177931609842,0.51178120795233,0.7274543783696386,0.603947495001806,0.6449065333061205,6,6,30,0,available
generator_holdout,R+F+BC,25,values_plus_missing,0.6222036765060297,0.5107853383493057,0.7336220146627537,0.6013962749438836,0.6361379975970968,6,6,30,0,available
generator_holdout,R+F+BC,50,values_plus_missing,0.606605847771379,0.5018738684314102,0.7113378271113477,0.5872249951131411,0.627058873053013,6,6,30,0,available
generator_holdout,R+F+BC,100,values_plus_missing,0.6058089805923698,0.5127661234222113,0.6988518377625282,0.5877131899162338,0.6288604114810885,6,6,30,0,available
generator_holdout,R+F+BC,200,values_plus_missing,0.6118070493150508,0.5074969840092997,0.716117114620802,0.5934420016200345,0.6341351781872747,6,6,30,0,available
generator_holdout,R+F+BC,all,values_plus_missing,0.6142962946044525,0.5087357918920651,0.7198567973168398,0.594812607484494,0.6370905875531757,6,6,30,0,available
generator_holdout,R+H+SC,25,values_plus_missing,0.6291924609066819,0.5999653298367978,0.6584195919765659,0.6352190431235272,0.6998455771827243,6,6,30,0,available
generator_holdout,R+H+SC,50,values_plus_missing,0.6207859218161645,0.5936522205746401,0.647919623057689,0.6286570397744995,0.6920407341610999,6,6,30,0,available
generator_holdout,R+H+SC,100,values_plus_missing,0.6263575531332016,0.6134008498778043,0.6393142563885988,0.6342244634004407,0.6976928054683184,6,6,30,0,available
generator_holdout,R+H+SC,200,values_plus_missing,0.6233363453397447,0.5890267160025995,0.6576459746768899,0.6294993355654023,0.6981433481768228,6,6,30,0,available
generator_holdout,R+H+SC,all,values_plus_missing,0.6240354791444199,0.5864043143769851,0.6616666439118547,0.6280378943679797,0.6961106223654049,6,6,30,0,available
generator_holdout,R+H+BC,25,values_plus_missing,0.6244311383500554,0.6126580649147376,0.6362042117853731,0.6254396093804457,0.6902995557400881,6,6,30,0,available
generator_holdout,R+H+BC,50,values_plus_missing,0.6268297278894283,0.62033831269279,0.6333211430860666,0.6246723614746001,0.686334544898217,6,6,30,0,available
generator_holdout,R+H+BC,100,values_plus_missing,0.6341858799094365,0.6400199975286268,0.6283517622902465,0.6295051910720056,0.6920530896570051,6,6,30,0,available
generator_holdout,R+H+BC,200,values_plus_missing,0.6319867327331051,0.6101455021006673,0.653827963365543,0.6275386965631541,0.6935802004799998,6,6,30,0,available
generator_holdout,R+H+BC,all,values_plus_missing,0.6318118835244096,0.6095238235805622,0.6540999434682572,0.6274782579441273,0.6953417920574123,6,6,30,0,available
generator_holdout,R+SC+BC,25,values_plus_missing,0.6150087126679041,0.6590677179156255,0.5709497074201829,0.6161424326757615,0.6578912654332644,6,6,30,0,available
generator_holdout,R+SC+BC,50,values_plus_missing,0.6091615105078699,0.6506719984256437,0.5676510225900963,0.6125455344692321,0.6563012647646052,6,6,30,0,available
generator_holdout,R+SC+BC,100,values_plus_missing,0.6142246725371817,0.6549265475830884,0.573522797491275,0.6118683218684674,0.6618751850548048,6,6,30,0,available
generator_holdout,R+SC+BC,200,values_plus_missing,0.6124159127913839,0.6412992352472746,0.5835325903354932,0.6110642810851757,0.6603586438535619,6,6,30,0,available
generator_holdout,R+SC+BC,all,values_plus_missing,0.6126132557901025,0.638132568580608,0.587093942999597,0.6101319894185091,0.6609479483010434,6,6,30,0,available
generator_holdout,P+F+H,25,values_plus_missing,0.6091442119472562,0.48757080026727445,0.730717623627238,0.6066159289797911,0.6316051116060156,6,6,30,0,available
generator_holdout,P+F+H,50,values_plus_missing,0.5823694322554925,0.4343092649037537,0.7304295996072314,0.5817880459134154,0.6009102350205787,6,6,30,0,available
generator_holdout,P+F+H,100,values_plus_missing,0.5900709850616362,0.4473507793979003,0.7327911907253722,0.5897611268784373,0.6095408700208829,6,6,30,0,available
generator_holdout,P+F+H,200,values_plus_missing,0.5996841744563101,0.4632002064054333,0.736168142507187,0.5975355999975885,0.6187785341569874,6,6,30,0,available
generator_holdout,P+F+H,all,values_plus_missing,0.5995551358266226,0.46342681302688304,0.7356834586263621,0.5992013872826724,0.6229498066112874,6,6,30,0,available
generator_holdout,P+F+SC,25,values_plus_missing,0.5989729450966187,0.4825209769246963,0.7154249132685412,0.5983318025649123,0.6224270532104513,6,6,30,0,available
generator_holdout,P+F+SC,50,values_plus_missing,0.5770118319973984,0.4401255526265206,0.7138981113682763,0.5796380968260808,0.5942015118550842,6,6,30,0,available
generator_holdout,P+F+SC,100,values_plus_missing,0.5784644238283809,0.44828701339118177,0.7086418342655801,0.5798626573366165,0.5963794591034487,6,6,30,0,available
generator_holdout,P+F+SC,200,values_plus_missing,0.5803960996308432,0.4513274523802986,0.7094647468813878,0.5826348800363031,0.5996697178014184,6,6,30,0,available
generator_holdout,P+F+SC,all,values_plus_missing,0.5809946687048978,0.44748047157463094,0.7145088658351647,0.5817129921975719,0.6012067795319642,6,6,30,0,available
generator_holdout,P+F+BC,25,values_plus_missing,0.5957776668641692,0.4484786638108576,0.7430766699174808,0.5831636107515826,0.5942369423613483,6,6,30,0,available
generator_holdout,P+F+BC,50,values_plus_missing,0.5793874025724094,0.4152436247723133,0.7435311803725057,0.565544488668208,0.5633412418885894,6,6,30,0,available
generator_holdout,P+F+BC,100,values_plus_missing,0.5796143029331101,0.4236020837337873,0.7356265221324328,0.5692229168668936,0.5642008856285102,6,6,30,0,available
generator_holdout,P+F+BC,200,values_plus_missing,0.583275169821127,0.427732489862793,0.738817849779461,0.5709375590339606,0.5753459899718218,6,6,30,0,available
generator_holdout,P+F+BC,all,values_plus_missing,0.5838405282087197,0.42579206826482136,0.7418889881526178,0.5710190309272826,0.5804451247693545,6,6,30,0,available
generator_holdout,P+H+SC,25,values_plus_missing,0.5882899647045704,0.5200269265269883,0.6565530028821523,0.6079201139045197,0.6523421200010957,6,6,30,0,available
generator_holdout,P+H+SC,50,values_plus_missing,0.5697671456487817,0.4865750267732103,0.652959264524353,0.5896416800532719,0.6304631196104863,6,6,30,0,available
generator_holdout,P+H+SC,100,values_plus_missing,0.570199751382351,0.4913776761768771,0.649021826587825,0.5896892387294642,0.6341523882242269,6,6,30,0,available
generator_holdout,P+H+SC,200,values_plus_missing,0.5729408783803513,0.49584141563921613,0.6500403411214866,0.5940745539734542,0.6332580494233501,6,6,30,0,available
generator_holdout,P+H+SC,all,values_plus_missing,0.5689378792820327,0.4880830404298359,0.6497927181342293,0.5903456067533795,0.6300753017909027,6,6,30,0,available
generator_holdout,P+H+BC,25,values_plus_missing,0.5701834182488473,0.48373835479766775,0.656628481700027,0.5788082799629365,0.6123769750494114,6,6,30,0,available
generator_holdout,P+H+BC,50,values_plus_missing,0.548409728826993,0.45321431382779104,0.6436051438261949,0.5562846408882545,0.58405018493218,6,6,30,0,available
generator_holdout,P+H+BC,100,values_plus_missing,0.5629655448427716,0.46284472911003105,0.6630863605755122,0.5608494478883489,0.5865058608861559,6,6,30,0,available
generator_holdout,P+H+BC,200,values_plus_missing,0.5588671376752155,0.46179381195595465,0.6559404633944763,0.5595727873882338,0.5905600881540031,6,6,30,0,available
generator_holdout,P+H+BC,all,values_plus_missing,0.5652367098742314,0.4684322500480545,0.6620411697004083,0.5658968141265913,0.5945607984170775,6,6,30,0,available
generator_holdout,P+SC+BC,25,values_plus_missing,0.5457705404305832,0.5090733357131743,0.5824677451479922,0.5628800172155616,0.5886847879159542,6,6,30,0,available
generator_holdout,P+SC+BC,50,values_plus_missing,0.5486348616995401,0.4932658694199595,0.6040038539791206,0.5618873417612619,0.5797871380586437,6,6,30,0,available
generator_holdout,P+SC+BC,100,values_plus_missing,0.546456060903654,0.496269695471895,0.5966424263354129,0.5606849278641527,0.5853904170501091,6,6,30,0,available
generator_holdout,P+SC+BC,200,values_plus_missing,0.5466760264385196,0.49954610712945424,0.5938059457475852,0.5613716112570347,0.5865300358401965,6,6,30,0,available
generator_holdout,P+SC+BC,all,values_plus_missing,0.5510952387304806,0.5116015734409753,0.5905889040199858,0.5661974213358724,0.5876917740843012,6,6,30,0,available
generator_holdout,F+H+SC,25,values_plus_missing,0.6181364306318272,0.5199095294322249,0.7163633318314294,0.6210825692032919,0.6545873744129281,6,6,30,0,available
generator_holdout,F+H+SC,50,values_plus_missing,0.6001985403360002,0.47455208876806615,0.7258449919039341,0.604413464255828,0.6289429680181764,6,6,30,0,available
generator_holdout,F+H+SC,100,values_plus_missing,0.5999653956273044,0.48071283558045236,0.7192179556741566,0.6053403921492005,0.6341402048725389,6,6,30,0,available
generator_holdout,F+H+SC,200,values_plus_missing,0.5979012460390778,0.47903641385433543,0.7167660782238201,0.604101540260501,0.6307661059348959,6,6,30,0,available
generator_holdout,F+H+SC,all,values_plus_missing,0.5953630291837393,0.4757818646968906,0.7149441936705879,0.6024241855535736,0.6263076230581913,6,6,30,0,available
generator_holdout,F+H+BC,25,values_plus_missing,0.604224224192387,0.4924554695151531,0.7159929788696208,0.6045009719370638,0.6314246990975368,6,6,30,0,available
generator_holdout,F+H+BC,50,values_plus_missing,0.5926443600178208,0.4577120552672287,0.7275766647684129,0.591235835325922,0.6093656843123437,6,6,30,0,available
generator_holdout,F+H+BC,100,values_plus_missing,0.5942350165101392,0.4576625179632223,0.7308075150570561,0.5900091435969957,0.6149536040596479,6,6,30,0,available
generator_holdout,F+H+BC,200,values_plus_missing,0.6018915064441707,0.4778878110955506,0.7258952017927908,0.5993205081118779,0.619161754746014,6,6,30,0,available
generator_holdout,F+H+BC,all,values_plus_missing,0.6007101223613713,0.47157607253022854,0.7298441721925141,0.5972163215215246,0.6174403864218265,6,6,30,0,available
generator_holdout,F+SC+BC,25,values_plus_missing,0.6158229781238234,0.5082965121600718,0.723349444087575,0.6111694900543948,0.6323855534150956,6,6,30,0,available
generator_holdout,F+SC+BC,50,values_plus_missing,0.5956356948679726,0.46744463895067323,0.723826750785272,0.5922459572958495,0.6076517431905053,6,6,30,0,available
generator_holdout,F+SC+BC,100,values_plus_missing,0.5925661377258276,0.47068908064914733,0.7144431948025077,0.5891105659655993,0.6060574871333481,6,6,30,0,available
generator_holdout,F+SC+BC,200,values_plus_missing,0.5958590786928609,0.4735792418376033,0.7181389155481185,0.5892034830982888,0.6031735348002276,6,6,30,0,available
generator_holdout,F+SC+BC,all,values_plus_missing,0.5971349514675619,0.47378562438787747,0.7204842785472464,0.5909593186041951,0.6009710675184924,6,6,30,0,available
generator_holdout,H+SC+BC,25,values_plus_missing,0.5759927969144202,0.5166504036576324,0.6353351901712079,0.593361259521124,0.6367079290718046,6,6,30,0,available
generator_holdout,H+SC+BC,50,values_plus_missing,0.5657457657397181,0.5006615294139184,0.6308300020655178,0.5843652198351643,0.6253881349087153,6,6,30,0,available
generator_holdout,H+SC+BC,100,values_plus_missing,0.5632421984481863,0.49861063056631055,0.6278737663300621,0.5792331998985399,0.6237657145406474,6,6,30,0,available
generator_holdout,H+SC+BC,200,values_plus_missing,0.5564155804630718,0.4880966879021702,0.6247344730239736,0.5744269497203159,0.6142908201859054,6,6,30,0,available
generator_holdout,H+SC+BC,all,values_plus_missing,0.5525104049759101,0.476006711609047,0.629014098342773,0.5701347660609338,0.6086976448112417,6,6,30,0,available
generator_holdout,S+D+R+P,25,values_plus_missing,0.6803898998606165,0.594067392975808,0.7667124067454248,0.6694796099494424,0.7268988759614939,6,6,30,0,available
generator_holdout,S+D+R+P,50,values_plus_missing,0.6889256421611586,0.605556981171797,0.7722943031505202,0.679130654047437,0.7434125263656776,6,6,30,0,available
generator_holdout,S+D+R+P,100,values_plus_missing,0.6989048447007219,0.6217913154113006,0.7760183739901433,0.6880991833466759,0.7568853250972606,6,6,30,0,available
generator_holdout,S+D+R+P,200,values_plus_missing,0.6946393825155946,0.6058363035578621,0.7834424614733272,0.6849794498558541,0.7595098470812823,6,6,30,0,available
generator_holdout,S+D+R+P,all,values_plus_missing,0.6972338878934375,0.6104196368911955,0.7840481388956796,0.6872210363943158,0.7616287964033448,6,6,30,0,available
generator_holdout,S+D+R+F,25,values_plus_missing,0.6759384433333518,0.5599879612085931,0.7918889254581107,0.6613541568863478,0.7130127958090284,6,6,30,0,available
generator_holdout,S+D+R+F,50,values_plus_missing,0.6836187333188987,0.5693457634255065,0.797891703212291,0.6679861829948045,0.7294241192418843,6,6,30,0,available
generator_holdout,S+D+R+F,100,values_plus_missing,0.6866095794835014,0.5797896495226588,0.7934295094443439,0.6724569241203038,0.7319107692462692,6,6,30,0,available
generator_holdout,S+D+R+F,200,values_plus_missing,0.6884404383138475,0.5775403726281682,0.7993405039995269,0.6731852504166481,0.7327996671192177,6,6,30,0,available
generator_holdout,S+D+R+F,all,values_plus_missing,0.689733752960155,0.5808349992219751,0.798632506698335,0.6744820028161157,0.7350401898783617,6,6,30,0,available
generator_holdout,S+D+R+H,25,values_plus_missing,0.6749157569116065,0.5829931579573643,0.7668383558658487,0.6706031494915026,0.7354023961378358,6,6,30,0,available
generator_holdout,S+D+R+H,50,values_plus_missing,0.6943140513139472,0.6091905749146461,0.7794375277132483,0.6847034605342461,0.7479570805497406,6,6,30,0,available
generator_holdout,S+D+R+H,100,values_plus_missing,0.7037914134855523,0.6291480421231842,0.7784347848479204,0.6957338768308229,0.7642785188861202,6,6,30,0,available
generator_holdout,S+D+R+H,200,values_plus_missing,0.6931333882503372,0.6053966714263485,0.7808701050743257,0.6862620376362512,0.7633722505268922,6,6,30,0,available
generator_holdout,S+D+R+H,all,values_plus_missing,0.6926359708740653,0.6007300047596819,0.7845419369884487,0.6848301466106101,0.762191058099662,6,6,30,0,available
generator_holdout,S+D+R+SC,25,values_plus_missing,0.6574436244344865,0.5794558882756221,0.7354313605933509,0.6569154441378111,0.7063988126013178,6,6,30,0,available
generator_holdout,S+D+R+SC,50,values_plus_missing,0.6681198409724529,0.5862393891131431,0.7500002928317627,0.6650648067360587,0.7171356176419498,6,6,30,0,available
generator_holdout,S+D+R+SC,100,values_plus_missing,0.6742675222592669,0.5910967725695875,0.7574382719489462,0.6688456619258193,0.7271455350274789,6,6,30,0,available
generator_holdout,S+D+R+SC,200,values_plus_missing,0.6715425566190968,0.5783471341223422,0.7647379791158514,0.6658762914201454,0.728330325421062,6,6,30,0,available
generator_holdout,S+D+R+SC,all,values_plus_missing,0.6684303633384538,0.571095040319997,0.7657656863569108,0.6630014464420498,0.7266940982173001,6,6,30,0,available
generator_holdout,S+D+R+BC,25,values_plus_missing,0.6842307017560117,0.6026392390001006,0.7658221645119226,0.6756184977051786,0.7343727245841408,6,6,30,0,available
generator_holdout,S+D+R+BC,50,values_plus_missing,0.6963053314443385,0.6189966796642593,0.7736139832244179,0.6866517853449502,0.7509896118913157,6,6,30,0,available
generator_holdout,S+D+R+BC,100,values_plus_missing,0.7068840919916063,0.635198227018517,0.7785699569646954,0.6953034404323354,0.7634547867546798,6,6,30,0,available
generator_holdout,S+D+R+BC,200,values_plus_missing,0.6985493123645233,0.6115176268409442,0.7855809978881023,0.6887716339332925,0.7614677442681262,6,6,30,0,available
generator_holdout,S+D+R+BC,all,values_plus_missing,0.6976750480407684,0.6074304674556755,0.7879196286258612,0.6870786151380942,0.7600270988272197,6,6,30,0,available
generator_holdout,S+D+P+F,25,values_plus_missing,0.6607800039734282,0.5469966316097793,0.7745633763370771,0.6560103350356589,0.6926564387096555,6,6,30,0,available
generator_holdout,S+D+P+F,50,values_plus_missing,0.6551992201977433,0.5183429556708863,0.7920554847246004,0.6515492823226227,0.6973888518063649,6,6,30,0,available
generator_holdout,S+D+P+F,100,values_plus_missing,0.6514385478004913,0.5175246405067231,0.7853524550942593,0.6512402849969513,0.6972302271813358,6,6,30,0,available
generator_holdout,S+D+P+F,200,values_plus_missing,0.6547771516055922,0.5302784665586585,0.7792758366525261,0.6526592653306112,0.7003357259399331,6,6,30,0,available
generator_holdout,S+D+P+F,all,values_plus_missing,0.6593569330829964,0.5375427616223193,0.7811711045436733,0.6573931756829545,0.7055767254072565,6,6,30,0,available
generator_holdout,S+D+P+H,25,values_plus_missing,0.6498872379808995,0.5577657710226909,0.7420087049391082,0.6575888149985248,0.7062279238900611,6,6,30,0,available
generator_holdout,S+D+P+H,50,values_plus_missing,0.6589104933708173,0.5491071843735984,0.7687138023680361,0.6638264287252608,0.7156255852625873,6,6,30,0,available
generator_holdout,S+D+P+H,100,values_plus_missing,0.6557795752557388,0.5559603802253527,0.755598770286125,0.667753827933189,0.7279594715508622,6,6,30,0,available
generator_holdout,S+D+P+H,200,values_plus_missing,0.6484002815295404,0.545869385634914,0.7509311774241668,0.6602043242277135,0.7252782472530729,6,6,30,0,available
generator_holdout,S+D+P+H,all,values_plus_missing,0.6532197841689321,0.5467801324473003,0.7596594358905638,0.6627129828903168,0.7251922733904971,6,6,30,0,available
generator_holdout,S+D+P+SC,25,values_plus_missing,0.637233221408772,0.5492539221608955,0.7252125206566485,0.6440680668496785,0.6795737010314461,6,6,30,0,available
generator_holdout,S+D+P+SC,50,values_plus_missing,0.6399094411186744,0.5298226652387621,0.7499962169985869,0.6451697460809195,0.6820202522816555,6,6,30,0,available
generator_holdout,S+D+P+SC,100,values_plus_missing,0.6368743875768995,0.5263362463501479,0.7474125288036512,0.645630062277638,0.6872299991096306,6,6,30,0,available
generator_holdout,S+D+P+SC,200,values_plus_missing,0.6343793047015515,0.5232330504983936,0.7455255589047091,0.644529185505607,0.6883485551226689,6,6,30,0,available
generator_holdout,S+D+P+SC,all,values_plus_missing,0.6349113033999505,0.5218526352161537,0.7479699715837472,0.6439391381208973,0.6892940525133153,6,6,30,0,available
generator_holdout,S+D+P+BC,25,values_plus_missing,0.6552324997017686,0.5623323447840295,0.7481326546195075,0.6592711403407326,0.7052817637422378,6,6,30,0,available
generator_holdout,S+D+P+BC,50,values_plus_missing,0.6651002497837739,0.5612672080804753,0.7689332914870727,0.6679533155786991,0.7183364075645374,6,6,30,0,available
generator_holdout,S+D+P+BC,100,values_plus_missing,0.6695398196532524,0.5758505414138085,0.7632290978926964,0.6761965046812631,0.7278979884731122,6,6,30,0,available
generator_holdout,S+D+P+BC,200,values_plus_missing,0.6638849711682596,0.556076129737943,0.7716938125985764,0.6646566546125612,0.7236153399845026,6,6,30,0,available
generator_holdout,S+D+P+BC,all,values_plus_missing,0.6662852115964587,0.5597124648744635,0.7728579583184537,0.6669255433346676,0.7245654092491165,6,6,30,0,available
generator_holdout,S+D+F+H,25,values_plus_missing,0.6549804152901708,0.5492553683719142,0.7607054622084274,0.6546356970064698,0.6976617843093929,6,6,30,0,available
generator_holdout,S+D+F+H,50,values_plus_missing,0.6610335205920772,0.5333471432755764,0.788719897908578,0.6604035395865062,0.7064486568700278,6,6,30,0,available
generator_holdout,S+D+F+H,100,values_plus_missing,0.6541367685819887,0.5303537862353662,0.7779197509286112,0.6583559796561447,0.7071915016304299,6,6,30,0,available
generator_holdout,S+D+F+H,200,values_plus_missing,0.6632627660347723,0.548259327145747,0.7782662049237977,0.6638532212651812,0.707364006317783,6,6,30,0,available
generator_holdout,S+D+F+H,all,values_plus_missing,0.6627493785913815,0.5483119673961795,0.7771867897865836,0.6647309035698846,0.7080939144228622,6,6,30,0,available
generator_holdout,S+D+F+SC,25,values_plus_missing,0.6442032065610711,0.5401019876248272,0.7483044254973151,0.6438991508636956,0.6739431358882997,6,6,30,0,available
generator_holdout,S+D+F+SC,50,values_plus_missing,0.6381359309250579,0.5034203691499392,0.7728514927001768,0.6377278127800977,0.6710292320702236,6,6,30,0,available
generator_holdout,S+D+F+SC,100,values_plus_missing,0.6380194433149772,0.5052645330477524,0.7707743535822019,0.6374980517802865,0.6685596177917748,6,6,30,0,available
generator_holdout,S+D+F+SC,200,values_plus_missing,0.6392682919717019,0.5113238162579747,0.7672127676854291,0.637923526718731,0.6698730793339255,6,6,30,0,available
generator_holdout,S+D+F+SC,all,values_plus_missing,0.6398465212579478,0.5128705366541267,0.7668225058617689,0.6387970471732173,0.6699831314780228,6,6,30,0,available
generator_holdout,S+D+F+BC,25,values_plus_missing,0.6685962453924024,0.556008537679289,0.7811839531055158,0.6608167688396445,0.7049991499564906,6,6,30,0,available
generator_holdout,S+D+F+BC,50,values_plus_missing,0.66533944048845,0.5346480512764186,0.7960308297004813,0.6603528717920554,0.7080024757911481,6,6,30,0,available
generator_holdout,S+D+F+BC,100,values_plus_missing,0.6601044459482186,0.5292380275695417,0.7909708643268955,0.6561955362206683,0.7067651100689551,6,6,30,0,available
generator_holdout,S+D+F+BC,200,values_plus_missing,0.6666542286246112,0.5413157934481149,0.7919926638011076,0.6582280089035446,0.7045518617069796,6,6,30,0,available
generator_holdout,S+D+F+BC,all,values_plus_missing,0.6637575678143602,0.5412708053015532,0.7862443303271672,0.656302469958469,0.705912310193575,6,6,30,0,available
generator_holdout,S+D+H+SC,25,values_plus_missing,0.62401168980515,0.5290551917144923,0.7189681878958077,0.636322467652118,0.67546132346885,6,6,30,0,available
generator_holdout,S+D+H+SC,50,values_plus_missing,0.6345019738664723,0.527081402000897,0.7419225457320477,0.6434986336927562,0.6799763334824096,6,6,30,0,available
generator_holdout,S+D+H+SC,100,values_plus_missing,0.6295748511027647,0.5238920650611893,0.7352576371443401,0.6422044459921331,0.6869214430685059,6,6,30,0,available
generator_holdout,S+D+H+SC,200,values_plus_missing,0.6266813413866346,0.5129896934581835,0.7403729893150857,0.6381555037803738,0.6830454414874242,6,6,30,0,available
generator_holdout,S+D+H+SC,all,values_plus_missing,0.6283666932923079,0.5098272143962069,0.7469061721884088,0.6372753860442573,0.6781151981969455,6,6,30,0,available
generator_holdout,S+D+H+BC,25,values_plus_missing,0.6443242825806114,0.5524606662639243,0.7361878988972984,0.6538845799268339,0.7072789178833628,6,6,30,0,available
generator_holdout,S+D+H+BC,50,values_plus_missing,0.6591069018663807,0.5558230267915168,0.7623907769412446,0.6652312249342199,0.7185252643844654,6,6,30,0,available
generator_holdout,S+D+H+BC,100,values_plus_missing,0.6636631790953055,0.5675768528434523,0.7597495053471589,0.6700564552678799,0.7289365285020227,6,6,30,0,available
generator_holdout,S+D+H+BC,200,values_plus_missing,0.653184977001702,0.5473676533853237,0.7590023006180803,0.6591004933593285,0.72102295199074,6,6,30,0,available
generator_holdout,S+D+H+BC,all,values_plus_missing,0.6549700600592225,0.5415406014590255,0.7683995186594195,0.6590415347038717,0.7172582252431836,6,6,30,0,available
generator_holdout,S+D+SC+BC,25,values_plus_missing,0.6306671767294253,0.5366730350294276,0.7246613184294229,0.6368761809762523,0.6771330244483003,6,6,30,0,available
generator_holdout,S+D+SC+BC,50,values_plus_missing,0.6403894497189386,0.5366731105436106,0.7441057888942667,0.6448389591179592,0.6818317039479244,6,6,30,0,available
generator_holdout,S+D+SC+BC,100,values_plus_missing,0.6402143205262735,0.5333631042278789,0.7470655368246683,0.6453874816011189,0.6859441348513319,6,6,30,0,available
generator_holdout,S+D+SC+BC,200,values_plus_missing,0.6355228437058692,0.5249530805210021,0.7460926068907363,0.6415831107733215,0.682197618773285,6,6,30,0,available
generator_holdout,S+D+SC+BC,all,values_plus_missing,0.633138898971791,0.5173289466457973,0.7489488512977847,0.6390230470408474,0.6787912970635512,6,6,30,0,available
generator_holdout,S+R+P+F,25,values_plus_missing,0.6692106609083335,0.5677752880980494,0.7706460337186175,0.6519265062285119,0.6982032167572646,6,6,30,0,available
generator_holdout,S+R+P+F,50,values_plus_missing,0.6638343988974663,0.550355870884477,0.7773129269104557,0.6502780956986488,0.7075011363354673,6,6,30,0,available
generator_holdout,S+R+P+F,100,values_plus_missing,0.6699759435162536,0.5622289864623665,0.7777229005701406,0.6558140124619525,0.710996371849005,6,6,30,0,available
generator_holdout,S+R+P+F,200,values_plus_missing,0.6739031401587097,0.5634430966306945,0.784363183686725,0.6586245931871421,0.7202670825053321,6,6,30,0,available
generator_holdout,S+R+P+F,all,values_plus_missing,0.6757026824179193,0.574117415401232,0.7772879494346067,0.6626095891108724,0.7251721706265786,6,6,30,0,available
generator_holdout,S+R+P+H,25,values_plus_missing,0.662415426825306,0.5936891950645761,0.7311416585860359,0.6634311359938265,0.7256731205232321,6,6,30,0,available
generator_holdout,S+R+P+H,50,values_plus_missing,0.6599031997027522,0.5737063070360912,0.7461000923694133,0.6572457817231737,0.7263776499639184,6,6,30,0,available
generator_holdout,S+R+P+H,100,values_plus_missing,0.6677515301120996,0.6042941895268693,0.7312088706973299,0.667882271045486,0.740505591513632,6,6,30,0,available
generator_holdout,S+R+P+H,200,values_plus_missing,0.6679066296796633,0.587675975505945,0.7481372838533816,0.6669850230093828,0.7467722107553634,6,6,30,0,available
generator_holdout,S+R+P+H,all,values_plus_missing,0.6659012090036894,0.5850947359749568,0.746707682032422,0.663891518628504,0.7465916419893263,6,6,30,0,available
generator_holdout,S+R+P+SC,25,values_plus_missing,0.6416224143700703,0.5864464856156923,0.6967983431244482,0.6428326178078462,0.6967606433437529,6,6,30,0,available
generator_holdout,S+R+P+SC,50,values_plus_missing,0.6458543667942676,0.5681327196089738,0.7235760139795614,0.6440924014711537,0.6971087965933493,6,6,30,0,available
generator_holdout,S+R+P+SC,100,values_plus_missing,0.6460359810713577,0.5750982004741375,0.716973761668578,0.6451212156216841,0.7027249555206657,6,6,30,0,available
generator_holdout,S+R+P+SC,200,values_plus_missing,0.6510609667505379,0.5734046667765055,0.7287172667245702,0.6491823013369706,0.7121625769721118,6,6,30,0,available
generator_holdout,S+R+P+SC,all,values_plus_missing,0.6517158265047268,0.5765755210478622,0.7268561319615913,0.6509179688572645,0.7115130079199328,6,6,30,0,available
generator_holdout,S+R+P+BC,25,values_plus_missing,0.6612989786777802,0.5973965867589313,0.7252013705966293,0.6555192068410042,0.7157124616745814,6,6,30,0,available
generator_holdout,S+R+P+BC,50,values_plus_missing,0.6642699773898028,0.5956564081793302,0.7328835466002754,0.6612096143460754,0.7260422246404785,6,6,30,0,available
generator_holdout,S+R+P+BC,100,values_plus_missing,0.6764657905797918,0.6171832660570613,0.7357483151025224,0.6698195977721205,0.7344205410016749,6,6,30,0,available
generator_holdout,S+R+P+BC,200,values_plus_missing,0.6752358546666263,0.6101891859113419,0.7402825234219108,0.6704792083402863,0.7390210429980073,6,6,30,0,available
generator_holdout,S+R+P+BC,all,values_plus_missing,0.671549216543511,0.6077400939121839,0.7353583391748381,0.6672514572125022,0.7392276904554699,6,6,30,0,available
generator_holdout,S+R+F+H,25,values_plus_missing,0.675715245616021,0.5786850166131202,0.7727454746189216,0.6602860179219447,0.7180384162548639,6,6,30,0,available
generator_holdout,S+R+F+H,50,values_plus_missing,0.6766359084403654,0.5677105037940157,0.7855613130867151,0.6626112615123924,0.7248861222240318,6,6,30,0,available
generator_holdout,S+R+F+H,100,values_plus_missing,0.6812802326232025,0.5812617733476123,0.7812986918987924,0.6668328097507293,0.7305262254789838,6,6,30,0,available
generator_holdout,S+R+F+H,200,values_plus_missing,0.684064185861209,0.5814451904330395,0.7866831812893785,0.6723331721395968,0.7358083732775018,6,6,30,0,available
generator_holdout,S+R+F+H,all,values_plus_missing,0.6864969284067407,0.5835344436206533,0.789459413192828,0.6733277186051985,0.7364430354097927,6,6,30,0,available
generator_holdout,S+R+F+SC,25,values_plus_missing,0.6594519075272472,0.5679761787077463,0.7509276363467481,0.6484712624307962,0.689003522102013,6,6,30,0,available
generator_holdout,S+R+F+SC,50,values_plus_missing,0.6503981968101704,0.533769073051963,0.7670273205683781,0.6409330140900841,0.6851368991717997,6,6,30,0,available
generator_holdout,S+R+F+SC,100,values_plus_missing,0.6572542478642079,0.5476400948275073,0.7668684009009086,0.64351155382401,0.6895181882402929,6,6,30,0,available
generator_holdout,S+R+F+SC,200,values_plus_missing,0.6595119557879455,0.5477338971725659,0.7712900144033252,0.6464631024324369,0.6956625265439207,6,6,30,0,available
generator_holdout,S+R+F+SC,all,values_plus_missing,0.6573407700910127,0.5466543898911681,0.7680271502908572,0.6448716660994301,0.6949193795742499,6,6,30,0,available
generator_holdout,S+R+F+BC,25,values_plus_missing,0.6744890943326833,0.5714914829154881,0.7774867057498785,0.656388770303898,0.7130256141087774,6,6,30,0,available
generator_holdout,S+R+F+BC,50,values_plus_missing,0.6731163346047984,0.5657383799690621,0.7804942892405347,0.6617253598563259,0.7212632336617023,6,6,30,0,available
generator_holdout,S+R+F+BC,100,values_plus_missing,0.6747488029532683,0.5695114117948578,0.7799861941116788,0.6604568276923007,0.7231412842230964,6,6,30,0,available
generator_holdout,S+R+F+BC,200,values_plus_missing,0.6785461552011998,0.5703151367035542,0.7867771736988453,0.6650153407876745,0.7262505803582483,6,6,30,0,available
generator_holdout,S+R+F+BC,all,values_plus_missing,0.6814995081895705,0.5750689627554896,0.7879300536236514,0.665739609582873,0.72788452913967,6,6,30,0,available
generator_holdout,S+R+H+SC,25,values_plus_missing,0.6411616950823348,0.5786763370586997,0.70364705310597,0.6501154121190934,0.7047919126859904,6,6,30,0,available
generator_holdout,S+R+H+SC,50,values_plus_missing,0.6402001638618149,0.5543900856742731,0.7260102420493569,0.642279177452521,0.7023126660987281,6,6,30,0,available
generator_holdout,S+R+H+SC,100,values_plus_missing,0.6463587527494131,0.5690567523409397,0.7236607531578868,0.6476093056576493,0.7132446790304873,6,6,30,0,available
generator_holdout,S+R+H+SC,200,values_plus_missing,0.6445138817921529,0.5515888161206762,0.7374389474636294,0.6461870362654664,0.7166776893182344,6,6,30,0,available
generator_holdout,S+R+H+SC,all,values_plus_missing,0.6406853867173198,0.5454305246633898,0.7359402487712497,0.6428574898957975,0.712887642579661,6,6,30,0,available
generator_holdout,S+R+H+BC,25,values_plus_missing,0.661464195475951,0.594303212327576,0.7286251786243261,0.6640887055227623,0.7293849580522532,6,6,30,0,available
generator_holdout,S+R+H+BC,50,values_plus_missing,0.6651524264270076,0.5868447359749568,0.7434601168790586,0.6643157974746579,0.7334964454666029,6,6,30,0,available
generator_holdout,S+R+H+BC,100,values_plus_missing,0.6762951231947799,0.6131355365168282,0.7394547098727315,0.6728538259507219,0.7467175410629553,6,6,30,0,available
generator_holdout,S+R+H+BC,200,values_plus_missing,0.6684554537273413,0.5859706020997519,0.7509403053549306,0.6667332978447478,0.7475901399369603,6,6,30,0,available
generator_holdout,S+R+H+BC,all,values_plus_missing,0.6671904952750457,0.5799688698501616,0.7544121206999299,0.6624804285148244,0.7452490689454827,6,6,30,0,available
generator_holdout,S+R+SC+BC,25,values_plus_missing,0.642471377850562,0.5895612259842015,0.6953815297169225,0.6453415104279981,0.6993692348292541,6,6,30,0,available
generator_holdout,S+R+SC+BC,50,values_plus_missing,0.6448191921687747,0.5681940966215412,0.7214442877160083,0.6431715675415398,0.7001908831289388,6,6,30,0,available
generator_holdout,S+R+SC+BC,100,values_plus_missing,0.6503639525173025,0.5817425492672836,0.7189853557673214,0.6473917073259495,0.7065449121171742,6,6,30,0,available
generator_holdout,S+R+SC+BC,200,values_plus_missing,0.64801047982302,0.5654067605788505,0.7306141990671894,0.6450831879817329,0.7103013170144706,6,6,30,0,available
generator_holdout,S+R+SC+BC,all,values_plus_missing,0.6468865672090083,0.565791001913026,0.7279821325049906,0.643422343905231,0.7070977087040381,6,6,30,0,available
generator_holdout,S+P+F+H,25,values_plus_missing,0.6562382586669214,0.5692083436307219,0.7432681737031208,0.6535945564307456,0.6972340828544001,6,6,30,0,available
generator_holdout,S+P+F+H,50,values_plus_missing,0.6502445397803939,0.5229698973007112,0.7775191822600767,0.6486544198042018,0.6931293835417325,6,6,30,0,available
generator_holdout,S+P+F+H,100,values_plus_missing,0.6491212510151421,0.5311819136666941,0.76706058836359,0.6523097068333471,0.6985767409884313,6,6,30,0,available
generator_holdout,S+P+F+H,200,values_plus_missing,0.6579748683732588,0.5481700648048988,0.7677796719416187,0.6577989747101417,0.7058162778778877,6,6,30,0,available
generator_holdout,S+P+F+H,all,values_plus_missing,0.6575113905135376,0.5483830903149628,0.7666396907121124,0.6581058079779942,0.7082597719556674,6,6,30,0,available
generator_holdout,S+P+F+SC,25,values_plus_missing,0.6394108052145625,0.5492976059715701,0.7295240044575549,0.6372289311909133,0.6681813238802039,6,6,30,0,available
generator_holdout,S+P+F+SC,50,values_plus_missing,0.6267848604834321,0.4961721013995295,0.7573976195673345,0.6263913391613033,0.6553201034786372,6,6,30,0,available
generator_holdout,S+P+F+SC,100,values_plus_missing,0.635093909741098,0.5089769018132557,0.7612109176689404,0.6309407746245767,0.6587394654041314,6,6,30,0,available
generator_holdout,S+P+F+SC,200,values_plus_missing,0.6408435990087764,0.5170152470000274,0.7646719510175254,0.6357612292692445,0.6673933553431352,6,6,30,0,available
generator_holdout,S+P+F+SC,all,values_plus_missing,0.6388961709574466,0.5157300047596819,0.7620623371552112,0.6339667652003538,0.6685682542403378,6,6,30,0,available
generator_holdout,S+P+F+BC,25,values_plus_missing,0.6645931307857328,0.5607463272647389,0.7684399343067266,0.65362035914519,0.693445151566316,6,6,30,0,available
generator_holdout,S+P+F+BC,50,values_plus_missing,0.6515996991304592,0.5180012379749385,0.7851981602859802,0.6448680068079821,0.6890522485935757,6,6,30,0,available
generator_holdout,S+P+F+BC,100,values_plus_missing,0.6524088553245018,0.5233112442906701,0.7815064663583334,0.6464713272735402,0.6906969048869718,6,6,30,0,available
generator_holdout,S+P+F+BC,200,values_plus_missing,0.659568013145157,0.5357080484389158,0.7834279778513981,0.6509169248604836,0.6971103688747659,6,6,30,0,available
generator_holdout,S+P+F+BC,all,values_plus_missing,0.660999015883546,0.5426794491583601,0.779318582608732,0.6524495002202056,0.7011330285929779,6,6,30,0,available
generator_holdout,S+P+H+SC,25,values_plus_missing,0.619561504518026,0.5448021368225463,0.6943208722135058,0.6347307959753757,0.678561785093353,6,6,30,0,available
generator_holdout,S+P+H+SC,50,values_plus_missing,0.6150395605560062,0.5136205183476582,0.7164586027643542,0.6299572944302393,0.6686024440965617,6,6,30,0,available
generator_holdout,S+P+H+SC,100,values_plus_missing,0.6167962833000912,0.5180434755745943,0.7155490910255882,0.6306663691975535,0.6756321027994303,6,6,30,0,available
generator_holdout,S+P+H+SC,200,values_plus_missing,0.6175522212602114,0.5101323672094534,0.7249720753109693,0.6297156227072909,0.6785045473591823,6,6,30,0,available
generator_holdout,S+P+H+SC,all,values_plus_missing,0.6163974428820868,0.5095225283979093,0.7232723573662642,0.628709581506647,0.6748858290546534,6,6,30,0,available
generator_holdout,S+P+H+BC,25,values_plus_missing,0.633848885848631,0.5582114374239138,0.7094863342733483,0.6488473052504184,0.7021597915371712,6,6,30,0,available
generator_holdout,S+P+H+BC,50,values_plus_missing,0.6387884585212582,0.5312250848962481,0.7463518321462682,0.6489258437301754,0.7007457049706495,6,6,30,0,available
generator_holdout,S+P+H+BC,100,values_plus_missing,0.6431720710959451,0.5483495803242076,0.7379945618676826,0.6520794375980012,0.7116589429960888,6,6,30,0,available
generator_holdout,S+P+H+BC,200,values_plus_missing,0.6407550727250317,0.5424123280336107,0.7390978174164529,0.6487602505552669,0.7102699391725299,6,6,30,0,available
generator_holdout,S+P+H+BC,all,values_plus_missing,0.6397056776864682,0.538694753366102,0.7407166020068345,0.6472520241189484,0.708112918703463,6,6,30,0,available
generator_holdout,S+P+SC+BC,25,values_plus_missing,0.6156471887862942,0.548660167870317,0.6826342097022714,0.6265937057300303,0.6705231998491791,6,6,30,0,available
generator_holdout,S+P+SC+BC,50,values_plus_missing,0.6189711800602722,0.5226459391676049,0.7152964209529395,0.6294119118914948,0.6644813206743735,6,6,30,0,available
generator_holdout,S+P+SC+BC,100,values_plus_missing,0.6210626676721107,0.5236476714171953,0.7184776639270262,0.6288610953239823,0.6678718897404985,6,6,30,0,available
generator_holdout,S+P+SC+BC,200,values_plus_missing,0.6199608317960794,0.5210252697915808,0.718896393800578,0.6286516573316879,0.6716012704578295,6,6,30,0,available
generator_holdout,S+P+SC+BC,all,values_plus_missing,0.6220827925501422,0.5247770020411713,0.7193885830591132,0.6303272029436625,0.6699909595471103,6,6,30,0,available
generator_holdout,S+F+H+SC,25,values_plus_missing,0.643756529801066,0.5568108827379155,0.7307021768642166,0.6438902170099833,0.67718514073132,6,6,30,0,available
generator_holdout,S+F+H+SC,50,values_plus_missing,0.629580069840182,0.5001135321415823,0.7590466075387817,0.6315671827374577,0.6654719318119,6,6,30,0,available
generator_holdout,S+F+H+SC,100,values_plus_missing,0.6344387352977551,0.5120051395410569,0.7568723310544533,0.6348086595141181,0.6716141413106096,6,6,30,0,available
generator_holdout,S+F+H+SC,200,values_plus_missing,0.6417309637564975,0.5272011194405543,0.7562608080724407,0.6426570501048926,0.675782686922735,6,6,30,0,available
generator_holdout,S+F+H+SC,all,values_plus_missing,0.6400247740493183,0.5245745302102498,0.7554750178883869,0.6401418324128172,0.6724109436471989,6,6,30,0,available
generator_holdout,S+F+H+BC,25,values_plus_missing,0.660224606743326,0.5677752789448152,0.7526739345418368,0.6550314696006126,0.7049318302879948,6,6,30,0,available
generator_holdout,S+F+H+BC,50,values_plus_missing,0.6547546564240451,0.530973361799892,0.7785359510481981,0.6531569533358434,0.7029284326153536,6,6,30,0,available
generator_holdout,S+F+H+BC,100,values_plus_missing,0.6546169102227184,0.5381003125829512,0.7711335078624856,0.6549676242401935,0.7055508387543753,6,6,30,0,available
generator_holdout,S+F+H+BC,200,values_plus_missing,0.6606302394954376,0.5450762624598402,0.7761842165310352,0.6564023139222278,0.7083153964107889,6,6,30,0,available
generator_holdout,S+F+H+BC,all,values_plus_missing,0.6620899754048423,0.5516658772002087,0.7725140736094759,0.6593465603949761,0.7071176950109856,6,6,30,0,available
generator_holdout,S+F+SC+BC,25,values_plus_missing,0.6442035363442687,0.5459771878518275,0.74242988483671,0.6401760939259137,0.6798310193374651,6,6,30,0,available
generator_holdout,S+F+SC+BC,50,values_plus_missing,0.6297764702080225,0.49967627985098534,0.7598766605650596,0.6300965533870312,0.6635366907254541,6,6,30,0,available
generator_holdout,S+F+SC+BC,100,values_plus_missing,0.6392589494641415,0.509427726062004,0.769090172866279,0.6316669880310021,0.664772810732512,6,6,30,0,available
generator_holdout,S+F+SC+BC,200,values_plus_missing,0.6444267491740634,0.517501304335887,0.7713521940122398,0.6364549790910204,0.6690836351208271,6,6,30,0,available
generator_holdout,S+F+SC+BC,all,values_plus_missing,0.6403180582706371,0.5185762624598401,0.7620598540814342,0.6336871696914586,0.6674181750437653,6,6,30,0,available
generator_holdout,S+H+SC+BC,25,values_plus_missing,0.607928433109116,0.5277170620863882,0.6881398041318438,0.6262884188637069,0.6722667001433175,6,6,30,0,available
generator_holdout,S+H+SC+BC,50,values_plus_missing,0.6154136068804104,0.5146941057747755,0.7161331079860451,0.6299932868617467,0.667267926365255,6,6,30,0,available
generator_holdout,S+H+SC+BC,100,values_plus_missing,0.6127499637234817,0.5147585948870034,0.71074133255996,0.6263196019306811,0.6717279131861871,6,6,30,0,available
generator_holdout,S+H+SC+BC,200,values_plus_missing,0.6154447749349328,0.5082993954288748,0.7225901544409908,0.6263452105349502,0.6707498015104807,6,6,30,0,available
generator_holdout,S+H+SC+BC,all,values_plus_missing,0.6111206431808754,0.502219888147477,0.720021398214274,0.623605937663482,0.6640366821269156,6,6,30,0,available
generator_holdout,D+R+P+F,25,values_plus_missing,0.6275465513409157,0.48046444426137974,0.7746286584204517,0.610174129181972,0.654121113520983,6,6,30,0,available
generator_holdout,D+R+P+F,50,values_plus_missing,0.6183901975080409,0.4804215499171632,0.7563588450989185,0.6021899416252483,0.6492665610368799,6,6,30,0,available
generator_holdout,D+R+P+F,100,values_plus_missing,0.6215420529244325,0.4832866518384271,0.7597974540104381,0.6055756175858802,0.6520486944368663,6,6,30,0,available
generator_holdout,D+R+P+F,200,values_plus_missing,0.6284743525161672,0.48724830665165536,0.7697003983806789,0.6142671821719815,0.6615310048804991,6,6,30,0,available
generator_holdout,D+R+P+F,all,values_plus_missing,0.6343072794836078,0.49754466549505266,0.7710698934721628,0.6190147205680391,0.669340434571507,6,6,30,0,available
generator_holdout,D+R+P+H,25,values_plus_missing,0.6507666115285499,0.5634368449716708,0.7380963780854288,0.6473033583832714,0.7047411659276047,6,6,30,0,available
generator_holdout,D+R+P+H,50,values_plus_missing,0.6476878377502372,0.572984288473332,0.7223913870271425,0.6413599326982045,0.6994021519532637,6,6,30,0,available
generator_holdout,D+R+P+H,100,values_plus_missing,0.6531457330980127,0.579614703755572,0.7266767624404534,0.6471290666213757,0.7084606772076083,6,6,30,0,available
generator_holdout,D+R+P+H,200,values_plus_missing,0.6601641955784849,0.5823839095294322,0.7379444816275376,0.6540725637390751,0.7167403685695722,6,6,30,0,available
generator_holdout,D+R+P+H,all,values_plus_missing,0.667748511855709,0.5911827237279293,0.7443142999834889,0.6609258971203749,0.7219594714019113,6,6,30,0,available
generator_holdout,D+R+P+SC,25,values_plus_missing,0.6380655916730859,0.559516704652589,0.7166144786935827,0.6368797465570637,0.692337293040595,6,6,30,0,available
generator_holdout,D+R+P+SC,50,values_plus_missing,0.6387590873270015,0.5691007610914317,0.7084174135625713,0.6345103164431517,0.6919206304842598,6,6,30,0,available
generator_holdout,D+R+P+SC,100,values_plus_missing,0.6410690567796514,0.5708640470110113,0.7112740665482914,0.6377958055567877,0.698479797652734,6,6,30,0,available
generator_holdout,D+R+P+SC,200,values_plus_missing,0.6445771107077481,0.5680380042287942,0.7211162171867022,0.6419917585246535,0.7051560262463886,6,6,30,0,available
generator_holdout,D+R+P+SC,all,values_plus_missing,0.6470331721064855,0.5699013075395191,0.7241650366734519,0.6431237306928365,0.7092544201204608,6,6,30,0,available
generator_holdout,D+R+P+BC,25,values_plus_missing,0.647433151611385,0.555396330468371,0.7394699727543993,0.6404786139521342,0.6918597883892884,6,6,30,0,available
generator_holdout,D+R+P+BC,50,values_plus_missing,0.6526020059418879,0.5968876600671847,0.7083163518165912,0.6430952723412847,0.6967262283710008,6,6,30,0,available
generator_holdout,D+R+P+BC,100,values_plus_missing,0.6495355591192963,0.5853426719206231,0.7137284463179694,0.6429818327551834,0.7025292322742718,6,6,30,0,available
generator_holdout,D+R+P+BC,200,values_plus_missing,0.6572599957989579,0.587405781182781,0.727114210415135,0.6507241245657495,0.7064822043356799,6,6,30,0,available
generator_holdout,D+R+P+BC,all,values_plus_missing,0.6610904663529363,0.5912349269114241,0.7309460057944485,0.6544916621736608,0.7110329245582836,6,6,30,0,available
generator_holdout,D+R+F+H,25,values_plus_missing,0.6359942559678852,0.5045673357680936,0.7674211761676767,0.625030062114816,0.6799104333007743,6,6,30,0,available
generator_holdout,D+R+F+H,50,values_plus_missing,0.6326078566517673,0.5093501226533396,0.7558655906501951,0.6201097568394903,0.6778182840027135,6,6,30,0,available
generator_holdout,D+R+F+H,100,values_plus_missing,0.6450465076907416,0.5313135760771068,0.7587794393043764,0.6325438072693227,0.6865790442160475,6,6,30,0,available
generator_holdout,D+R+F+H,200,values_plus_missing,0.646284421038518,0.5323150131348912,0.7602538289421449,0.6380024584905225,0.6894263737050516,6,6,30,0,available
generator_holdout,D+R+F+H,all,values_plus_missing,0.6472444404686261,0.5338108255302011,0.7606780554070509,0.6392511659702288,0.6921021132053923,6,6,30,0,available
generator_holdout,D+R+F+SC,25,values_plus_missing,0.6375309016508236,0.5126336898518091,0.762428113449838,0.6269097936438532,0.6707520794201121,6,6,30,0,available
generator_holdout,D+R+F+SC,50,values_plus_missing,0.6325019178869408,0.5104806042965282,0.7545232314773532,0.621225879071341,0.6663439678717509,6,6,30,0,available
generator_holdout,D+R+F+SC,100,values_plus_missing,0.635418494256058,0.5185569994782656,0.7522799890338505,0.6244627946109277,0.668490169690735,6,6,30,0,available
generator_holdout,D+R+F+SC,200,values_plus_missing,0.6342185705083755,0.5089028956256693,0.7595342453910816,0.6207375055051424,0.6665329946901436,6,6,30,0,available
generator_holdout,D+R+F+SC,all,values_plus_missing,0.6372956617216187,0.5113090932806107,0.7632822301626266,0.6222911652300489,0.6673886258167664,6,6,30,0,available
generator_holdout,D+R+F+BC,25,values_plus_missing,0.6376474531062253,0.5048487428032695,0.770446163409181,0.6230674002477886,0.6660619259673436,6,6,30,0,available
generator_holdout,D+R+F+BC,50,values_plus_missing,0.631058050970596,0.504484363987515,0.7576317379536769,0.6159741531476036,0.6656604948235186,6,6,30,0,available
generator_holdout,D+R+F+BC,100,values_plus_missing,0.635232585055289,0.5155645852211879,0.7549005848893903,0.6193608182516196,0.6701315652761417,6,6,30,0,available
generator_holdout,D+R+F+BC,200,values_plus_missing,0.6393475466662462,0.5139007354623756,0.7647943578701167,0.6258405920901622,0.6705427884401022,6,6,30,0,available
generator_holdout,D+R+F+BC,all,values_plus_missing,0.6458548319391979,0.5240311507446156,0.7676785131337803,0.6298541170389744,0.6729473219571982,6,6,30,0,available
generator_holdout,D+R+H+SC,25,values_plus_missing,0.6453808389295603,0.5606939066919295,0.7300677711671911,0.6466330110382724,0.7078233471421788,6,6,30,0,available
generator_holdout,D+R+H+SC,50,values_plus_missing,0.640315228008103,0.568069486778153,0.7125609692380531,0.6424582209531791,0.7035111997807939,6,6,30,0,available
generator_holdout,D+R+H+SC,100,values_plus_missing,0.6509038016989266,0.5835837909950481,0.7182238124028052,0.6508163346000881,0.7110222608084449,6,6,30,0,available
generator_holdout,D+R+H+SC,200,values_plus_missing,0.6425584063816173,0.5639844211952293,0.7211323915680053,0.64542370098223,0.7124316501684281,6,6,30,0,available
generator_holdout,D+R+H+SC,all,values_plus_missing,0.6448632960019925,0.5636999020603931,0.726026689943592,0.6458824029532734,0.7123251383722876,6,6,30,0,available
generator_holdout,D+R+H+BC,25,values_plus_missing,0.6502322905196144,0.5651429414833732,0.7353216395558556,0.6460530412545071,0.7056329730105765,6,6,30,0,available
generator_holdout,D+R+H+BC,50,values_plus_missing,0.6495147663102827,0.591590653632461,0.7074388789881043,0.642850615277769,0.7071219663097547,6,6,30,0,available
generator_holdout,D+R+H+BC,100,values_plus_missing,0.6575142024947661,0.5989567738510403,0.716071631138492,0.6519924093614176,0.7170889582164104,6,6,30,0,available
generator_holdout,D+R+H+BC,200,values_plus_missing,0.6527311243450179,0.5894212364188887,0.7160410122711472,0.6505800092350853,0.7162407661182383,6,6,30,0,available
generator_holdout,D+R+H+BC,all,values_plus_missing,0.6600453079955607,0.5948769713778363,0.725213644613285,0.6567634055607131,0.7192338522361903,6,6,30,0,available
generator_holdout,D+R+SC+BC,25,values_plus_missing,0.643002840971918,0.5695425442330048,0.7164631377108311,0.6415421054498357,0.6965028400026289,6,6,30,0,available
generator_holdout,D+R+SC+BC,50,values_plus_missing,0.6516588830496801,0.6022245997748304,0.7010931663245298,0.6471659857848512,0.6992214299407098,6,6,30,0,available
generator_holdout,D+R+SC+BC,100,values_plus_missing,0.6510347608055685,0.5989484558493744,0.7031210657617627,0.6476813593349436,0.7041847955871304,6,6,30,0,available
generator_holdout,D+R+SC+BC,200,values_plus_missing,0.6441736667109371,0.5759944531400171,0.7123528802818573,0.6416630919546239,0.7028239692068313,6,6,30,0,available
generator_holdout,D+R+SC+BC,all,values_plus_missing,0.6460946280335851,0.5780617591600993,0.7141274969070709,0.6423461840672291,0.7037749772349412,6,6,30,0,available
generator_holdout,D+P+F+H,25,values_plus_missing,0.6081851341454073,0.45949190167595716,0.7568783666148575,0.6065989155815683,0.6401944791478756,6,6,30,0,available
generator_holdout,D+P+F+H,50,values_plus_missing,0.5883453377107787,0.41829837713155943,0.7583922982899981,0.5890570411298822,0.6145886601142474,6,6,30,0,available
generator_holdout,D+P+F+H,100,values_plus_missing,0.5963911747372015,0.4282429863342212,0.7645393631401817,0.5967837527824952,0.6237062621959121,6,6,30,0,available
generator_holdout,D+P+F+H,200,values_plus_missing,0.6025039911911445,0.4438291274221746,0.7611788549601144,0.6017723361469848,0.6298158238356301,6,6,30,0,available
generator_holdout,D+P+F+H,all,values_plus_missing,0.6037923972885403,0.44839571033674747,0.7591890842403332,0.604356108373502,0.6355835843184401,6,6,30,0,available
generator_holdout,D+P+F+SC,25,values_plus_missing,0.6058857476693638,0.4688486947487895,0.7429228005899381,0.6089235460923434,0.6377375074785052,6,6,30,0,available
generator_holdout,D+P+F+SC,50,values_plus_missing,0.5891521618309774,0.4327747549221517,0.7455295687398031,0.5923889800251785,0.6161286865905197,6,6,30,0,available
generator_holdout,D+P+F+SC,100,values_plus_missing,0.58914974266297,0.43444178314157306,0.743857702184367,0.593222494134889,0.6173927332453315,6,6,30,0,available
generator_holdout,D+P+F+SC,200,values_plus_missing,0.58623289580665,0.4343964334422568,0.7380693581710432,0.5920479763365131,0.6178105144266006,6,6,30,0,available
generator_holdout,D+P+F+SC,all,values_plus_missing,0.5929849369831798,0.4380034553459465,0.7479664186204129,0.5956543719037425,0.6212280347936255,6,6,30,0,available
generator_holdout,D+P+F+BC,25,values_plus_missing,0.6085870636644646,0.45127049180327866,0.7659036355256504,0.6017870888503573,0.6248598722336143,6,6,30,0,available
generator_holdout,D+P+F+BC,50,values_plus_missing,0.5923127671957328,0.4115678689439914,0.7730576654474742,0.5835884216514828,0.5965463496411797,6,6,30,0,available
generator_holdout,D+P+F+BC,100,values_plus_missing,0.5970485859704285,0.4191843507153252,0.774912821225532,0.5897003484345856,0.6000383106803899,6,6,30,0,available
generator_holdout,D+P+F+BC,200,values_plus_missing,0.5972307476854243,0.4254200464984302,0.7690414488724183,0.590764911069728,0.6063167872851102,6,6,30,0,available
generator_holdout,D+P+F+BC,all,values_plus_missing,0.5951470829484081,0.4243903717128447,0.7659037941839716,0.5880966281641147,0.6118924505075846,6,6,30,0,available
generator_holdout,D+P+H+SC,25,values_plus_missing,0.6017556569945642,0.494172845099816,0.7093384688893124,0.61898145460119,0.66204208732086,6,6,30,0,available
generator_holdout,D+P+H+SC,50,values_plus_missing,0.5873500154367807,0.46543816761402645,0.709261863259535,0.6034622729095773,0.642866202511875,6,6,30,0,available
generator_holdout,D+P+H+SC,100,values_plus_missing,0.5841889186876842,0.4588628479373187,0.7095149894380496,0.602728699609685,0.6481664624594673,6,6,30,0,available
generator_holdout,D+P+H+SC,200,values_plus_missing,0.5833887384576528,0.45787995990883384,0.7088975170064719,0.6021370953390323,0.6479885200955237,6,6,30,0,available
generator_holdout,D+P+H+SC,all,values_plus_missing,0.5873426065708034,0.45725163842893884,0.7174335747126679,0.6036258192144695,0.648840101086235,6,6,30,0,available
generator_holdout,D+P+H+BC,25,values_plus_missing,0.5922653547409312,0.46571068685870154,0.7188200226231608,0.5982900389421713,0.6355306599611906,6,6,30,0,available
generator_holdout,D+P+H+BC,50,values_plus_missing,0.5730799193655749,0.4327995968000293,0.7133602419311206,0.5788797663487326,0.614394489512884,6,6,30,0,available
generator_holdout,D+P+H+BC,100,values_plus_missing,0.5845312388151738,0.4346960393955204,0.7343664382348271,0.5829329555951961,0.6207206128652448,6,6,30,0,available
generator_holdout,D+P+H+BC,200,values_plus_missing,0.5784974699105068,0.4388836440856376,0.7181112957353758,0.578866902171024,0.6215881230715574,6,6,30,0,available
generator_holdout,D+P+H+BC,all,values_plus_missing,0.5877803510081785,0.446538461890509,0.729022240125848,0.585949519406793,0.6292405983861725,6,6,30,0,available
generator_holdout,D+P+SC+BC,25,values_plus_missing,0.593053084711325,0.48196773942572607,0.7041384299969239,0.6081212895846579,0.644572017951267,6,6,30,0,available
generator_holdout,D+P+SC+BC,50,values_plus_missing,0.5904665799318485,0.47673832504965624,0.7041948348140407,0.6041043388068794,0.6380532788992234,6,6,30,0,available
generator_holdout,D+P+SC+BC,100,values_plus_missing,0.5923101108658068,0.47806400627911877,0.7065562154524949,0.604917419806226,0.642250427239528,6,6,30,0,available
generator_holdout,D+P+SC+BC,200,values_plus_missing,0.5937449618661952,0.4794844989977209,0.7080054247346695,0.6057278264219373,0.6418995179884367,6,6,30,0,available
generator_holdout,D+P+SC+BC,all,values_plus_missing,0.5990220650137434,0.4827644689751123,0.7152796610523747,0.610823340256787,0.6459083006372252,6,6,30,0,available
generator_holdout,D+F+H+SC,25,values_plus_missing,0.6234154477583644,0.49671486302184875,0.75011603249488,0.6252604763827193,0.6548665472079711,6,6,30,0,available
generator_holdout,D+F+H+SC,50,values_plus_missing,0.6028812486358771,0.4589094150167962,0.7468530822549581,0.6094126402007057,0.6368811663820932,6,6,30,0,available
generator_holdout,D+F+H+SC,100,values_plus_missing,0.6058987585872084,0.46984528745732307,0.7419522297170938,0.6128773712927641,0.6417388884858065,6,6,30,0,available
generator_holdout,D+F+H+SC,200,values_plus_missing,0.6021607875272211,0.46416922728396076,0.7401523477704814,0.6095886200522368,0.6354109275062382,6,6,30,0,available
generator_holdout,D+F+H+SC,all,values_plus_missing,0.5982390337868174,0.45950949876888997,0.7369685688047447,0.6062070731023937,0.6328831760712038,6,6,30,0,available
generator_holdout,D+F+H+BC,25,values_plus_missing,0.6109962799993277,0.47165061189371266,0.7503419481049428,0.6108753860750614,0.6434041598152463,6,6,30,0,available
generator_holdout,D+F+H+BC,50,values_plus_missing,0.600002234728517,0.44148323127477096,0.7585212381822631,0.5983958624322573,0.6237688176514742,6,6,30,0,available
generator_holdout,D+F+H+BC,100,values_plus_missing,0.6075668617049573,0.45304078223540284,0.762092941174512,0.6047255193228297,0.6325248810083379,6,6,30,0,available
generator_holdout,D+F+H+BC,200,values_plus_missing,0.6091909179639822,0.463686929639088,0.7546949062888765,0.6073943462298004,0.6323304317438716,6,6,30,0,available
generator_holdout,D+F+H+BC,all,values_plus_missing,0.6092591375868671,0.4625397639380875,0.7559785112356465,0.6080226864562233,0.6312454957867085,6,6,30,0,available
generator_holdout,D+F+SC+BC,25,values_plus_missing,0.6279127837434536,0.49567723178735207,0.760148335699555,0.6238902985859837,0.6476781878466514,6,6,30,0,available
generator_holdout,D+F+SC+BC,50,values_plus_missing,0.6155775854530519,0.46573508709302436,0.7654200838130794,0.6098206685465122,0.628389240606841,6,6,30,0,available
generator_holdout,D+F+SC+BC,100,values_plus_missing,0.6153164558907968,0.4736033011139486,0.757029610667645,0.6116514101723589,0.6282387989432391,6,6,30,0,available
generator_holdout,D+F+SC+BC,200,values_plus_missing,0.6137851965431574,0.47400356976137514,0.7535668233249398,0.6094977784704312,0.6216747329347814,6,6,30,0,available
generator_holdout,D+F+SC+BC,all,values_plus_missing,0.6097782570404455,0.4650676973208483,0.7544888167600426,0.6053804031476037,0.620590626826653,6,6,30,0,available
generator_holdout,D+H+SC+BC,25,values_plus_missing,0.5931243163556673,0.48780779123303225,0.6984408414783024,0.6091883507447212,0.6509062247458096,6,6,30,0,available
generator_holdout,D+H+SC+BC,50,values_plus_missing,0.5806862661715521,0.4773935982279338,0.6839789341151702,0.5994740427037105,0.6404229866744322,6,6,30,0,available
generator_holdout,D+H+SC+BC,100,values_plus_missing,0.5904763655516794,0.4797342221123834,0.7012185089909754,0.6024472392613199,0.6426644696737518,6,6,30,0,available
generator_holdout,D+H+SC+BC,200,values_plus_missing,0.580688687928548,0.4691680007505652,0.6922093751065308,0.5942094010163083,0.6320589572827724,6,6,30,0,available
generator_holdout,D+H+SC+BC,all,values_plus_missing,0.5767780466796225,0.45711673119696844,0.6964393621622768,0.5909381732907919,0.6287042886449494,6,6,30,0,available
generator_holdout,R+P+F+H,25,values_plus_missing,0.6273005780442831,0.5103630378669303,0.7442381182216359,0.6116518714975677,0.6592869033838613,6,6,30,0,available
generator_holdout,R+P+F+H,50,values_plus_missing,0.608387892340997,0.4854463712002636,0.7313294134817303,0.5948365670103882,0.6439779647024431,6,6,30,0,available
generator_holdout,R+P+F+H,100,values_plus_missing,0.6143466465126145,0.49761411337196,0.7310791796532689,0.6014713195064928,0.6527789663814944,6,6,30,0,available
generator_holdout,R+P+F+H,200,values_plus_missing,0.6281879200074365,0.5126260194414697,0.7437498205734033,0.6169900930540682,0.666906152360659,6,6,30,0,available
generator_holdout,R+P+F+H,all,values_plus_missing,0.6352841274111617,0.5207884985034462,0.749779756318877,0.6227239768158257,0.6717455559756041,6,6,30,0,available
generator_holdout,R+P+F+SC,25,values_plus_missing,0.612919399861401,0.5006845314917026,0.7251542682310993,0.6007529227971333,0.6397204036154223,6,6,30,0,available
generator_holdout,R+P+F+SC,50,values_plus_missing,0.6027640642217399,0.48679682565834637,0.7187313027851334,0.5920061852650705,0.6247202638139078,6,6,30,0,available
generator_holdout,R+P+F+SC,100,values_plus_missing,0.6022836613789398,0.49273897950590845,0.7118283432519711,0.592373095522185,0.6295816871004741,6,6,30,0,available
generator_holdout,R+P+F+SC,200,values_plus_missing,0.608348747614781,0.49019015615417705,0.7265073390753849,0.5973086197437553,0.6371483515271892,6,6,30,0,available
generator_holdout,R+P+F+SC,all,values_plus_missing,0.6107430306769482,0.49130345946490195,0.7301826018889946,0.5973143899888612,0.6394593858646627,6,6,30,0,available
generator_holdout,R+P+F+BC,25,values_plus_missing,0.6130023364448237,0.48560741320445583,0.7403972596851914,0.5919122803201766,0.6243872971594329,6,6,30,0,available
generator_holdout,R+P+F+BC,50,values_plus_missing,0.5945669990700735,0.4706869204858537,0.7184470776542934,0.5741856076788243,0.6101578053066753,6,6,30,0,available
generator_holdout,R+P+F+BC,100,values_plus_missing,0.5930994849360535,0.479685179083029,0.706513790789078,0.5747284068492068,0.6118501451922095,6,6,30,0,available
generator_holdout,R+P+F+BC,200,values_plus_missing,0.6064302804069325,0.48801157426476643,0.7248489865490985,0.5895586717477679,0.6241824218179111,6,6,30,0,available
generator_holdout,R+P+F+BC,all,values_plus_missing,0.6102641114496359,0.49041531656460813,0.7301129063346637,0.5908106230258938,0.6307328039974109,6,6,30,0,available
generator_holdout,R+P+H+SC,25,values_plus_missing,0.6327723711586966,0.5854628081207495,0.6800819341966436,0.6394862117526824,0.6949697242804841,6,6,30,0,available
generator_holdout,R+P+H+SC,50,values_plus_missing,0.6169278032298723,0.5648191824331127,0.6690364240266319,0.6237056649345051,0.6800989290295234,6,6,30,0,available
generator_holdout,R+P+H+SC,100,values_plus_missing,0.6203369459520106,0.5770169037354349,0.6636569881685862,0.6280016409702815,0.6881960245244426,6,6,30,0,available
generator_holdout,R+P+H+SC,200,values_plus_missing,0.625001764452904,0.5689541468727976,0.6810493820330105,0.631081640744091,0.6948028591047936,6,6,30,0,available
generator_holdout,R+P+H+SC,all,values_plus_missing,0.626472259865812,0.5691713599875516,0.6837731597440723,0.6309398466604424,0.6944814917676413,6,6,30,0,available
generator_holdout,R+P+H+BC,25,values_plus_missing,0.6385019932243624,0.5881475203888294,0.6888564660598955,0.6306122217328762,0.6859734393688574,6,6,30,0,available
generator_holdout,R+P+H+BC,50,values_plus_missing,0.6208507068969639,0.5760628255118946,0.6656385882820329,0.6155554512174858,0.6721777156182132,6,6,30,0,available
generator_holdout,R+P+H+BC,100,values_plus_missing,0.6243163572229641,0.5925164666684973,0.6561162477774309,0.6188744192316845,0.6793783923406795,6,6,30,0,available
generator_holdout,R+P+H+BC,200,values_plus_missing,0.6347619089127072,0.5888661797146021,0.6806576381108123,0.6297195481906345,0.6876220352716104,6,6,30,0,available
generator_holdout,R+P+H+BC,all,values_plus_missing,0.6356300550145404,0.5913274729750757,0.6799326370540051,0.6300487525131789,0.6912394411963108,6,6,30,0,available
generator_holdout,R+P+SC+BC,25,values_plus_missing,0.6128466836234913,0.6196485295329105,0.606044837714072,0.614061043612609,0.6487897651059046,6,6,30,0,available
generator_holdout,R+P+SC+BC,50,values_plus_missing,0.6005503904234627,0.6011921561358706,0.5999086247110547,0.6022787703756276,0.6421055027874806,6,6,30,0,available
generator_holdout,R+P+SC+BC,100,values_plus_missing,0.6034623303338947,0.6065704776157655,0.600354183052024,0.6022636041924981,0.6493222592125903,6,6,30,0,available
generator_holdout,R+P+SC+BC,200,values_plus_missing,0.6074213019626744,0.5999393300747818,0.6149032738505669,0.6055586073450833,0.6537844167295686,6,6,30,0,available
generator_holdout,R+P+SC+BC,all,values_plus_missing,0.6110060172516018,0.6074292226158112,0.6145828118873922,0.6088027523335466,0.6557939408685527,6,6,30,0,available
generator_holdout,R+F+H+SC,25,values_plus_missing,0.6419707025505106,0.5449653481432665,0.7389760569577547,0.6330095170203511,0.67842052919048,6,6,30,0,available
generator_holdout,R+F+H+SC,50,values_plus_missing,0.6202039650994612,0.5137651806390788,0.7266427495598435,0.6143044653195394,0.663318478065351,6,6,30,0,available
generator_holdout,R+F+H+SC,100,values_plus_missing,0.6242475045198634,0.5290689055477753,0.7194261034919517,0.6184006386713236,0.6711643129413145,6,6,30,0,available
generator_holdout,R+F+H+SC,200,values_plus_missing,0.6251019961606807,0.5220612442906701,0.7281427480306913,0.6208563432991813,0.6726671296006325,6,6,30,0,available
generator_holdout,R+F+H+SC,all,values_plus_missing,0.6267918267369971,0.5225486814765997,0.7310349719973943,0.6202486997126588,0.6711530405496914,6,6,30,0,available
generator_holdout,R+F+H+BC,25,values_plus_missing,0.6301283508069662,0.5227048127705924,0.7375518888433398,0.6159197140776039,0.6633307540250992,6,6,30,0,available
generator_holdout,R+F+H+BC,50,values_plus_missing,0.6164614714942065,0.5079254995377617,0.7249974434506513,0.603622204897086,0.6567772471301438,6,6,30,0,available
generator_holdout,R+F+H+BC,100,values_plus_missing,0.6212936163820664,0.5187187462814986,0.7238684864826341,0.6083177064740827,0.664485278155823,6,6,30,0,available
generator_holdout,R+F+H+BC,200,values_plus_missing,0.629980640418406,0.5253376742546979,0.734623606582114,0.6192894300760668,0.6711600017397291,6,6,30,0,available
generator_holdout,R+F+H+BC,all,values_plus_missing,0.6360257944203083,0.5319984210670841,0.7400531677735325,0.6241222073284138,0.672808861952907,6,6,30,0,available
generator_holdout,R+F+SC+BC,25,values_plus_missing,0.6311889944005965,0.5317404074104585,0.7306375813907348,0.6197864697308703,0.6560511337728577,6,6,30,0,available
generator_holdout,R+F+SC+BC,50,values_plus_missing,0.6151786944983161,0.5050259448426101,0.7253314441540221,0.6029737096007922,0.6412505776536509,6,6,30,0,available
generator_holdout,R+F+SC+BC,100,values_plus_missing,0.6156603531323016,0.5170064438769439,0.7143142623876594,0.6033049046307797,0.644414000826328,6,6,30,0,available
generator_holdout,R+F+SC+BC,200,values_plus_missing,0.616560772880547,0.5089335795553359,0.7241879662057581,0.6042264051622833,0.644383048590419,6,6,30,0,available
generator_holdout,R+F+SC+BC,all,values_plus_missing,0.6180785730542002,0.5092986151156511,0.7268585309927493,0.6039582017885948,0.644123878726882,6,6,30,0,available
generator_holdout,R+H+SC+BC,25,values_plus_missing,0.6263821578098924,0.5950584090763472,0.6577059065434376,0.6339174256920197,0.6955128341926919,6,6,30,0,available
generator_holdout,R+H+SC+BC,50,values_plus_missing,0.620063612675387,0.5897738990947451,0.6503533262560288,0.62786972198327,0.686494441014421,6,6,30,0,available
generator_holdout,R+H+SC+BC,100,values_plus_missing,0.6273528914978606,0.6096483945227046,0.6450573884730165,0.633650319056224,0.6933040495563378,6,6,30,0,available
generator_holdout,R+H+SC+BC,200,values_plus_missing,0.622231510060912,0.583196847168447,0.6612661729533772,0.6281368851226851,0.6927563268579714,6,6,30,0,available
generator_holdout,R+H+SC+BC,all,values_plus_missing,0.621043299489992,0.5810361003560608,0.6610504986239231,0.6262051495370048,0.6910708387874821,6,6,30,0,available
generator_holdout,P+F+H+SC,25,values_plus_missing,0.6117407416287951,0.506136069692726,0.7173454135648644,0.6134947175386706,0.6480121507225349,6,6,30,0,available
generator_holdout,P+F+H+SC,50,values_plus_missing,0.5911001722760492,0.45380968366422275,0.7283906608878756,0.5965963482423678,0.6175859983506652,6,6,30,0,available
generator_holdout,P+F+H+SC,100,values_plus_missing,0.5931797879208974,0.46267651783507696,0.723683058006718,0.6004288037893334,0.6270980737991617,6,6,30,0,available
generator_holdout,P+F+H+SC,200,values_plus_missing,0.6002675729147569,0.4753418046516737,0.7251933411778401,0.607662889505324,0.6318635752555267,6,6,30,0,available
generator_holdout,P+F+H+SC,all,values_plus_missing,0.5962903901938956,0.47132122818097777,0.7212595522068135,0.6037495563981812,0.6305512849174632,6,6,30,0,available
generator_holdout,P+F+H+BC,25,values_plus_missing,0.6017684122427974,0.48221897511235595,0.7213178493732388,0.6021371317869472,0.6254481855646252,6,6,30,0,available
generator_holdout,P+F+H+BC,50,values_plus_missing,0.5858758127788837,0.43531727856037933,0.7364343469973881,0.5833938155622409,0.5977073911669998,6,6,30,0,available
generator_holdout,P+F+H+BC,100,values_plus_missing,0.594409551506733,0.4510275535235375,0.7377915494899286,0.5913991934284354,0.6067894195285835,6,6,30,0,available
generator_holdout,P+F+H+BC,200,values_plus_missing,0.5998890965934089,0.46316915176977785,0.7366090414170401,0.5979707938336069,0.6166622077157914,6,6,30,0,available
generator_holdout,P+F+H+BC,all,values_plus_missing,0.5999086778287961,0.46467435767178333,0.7351429979858088,0.5984229160153789,0.6200976124177194,6,6,30,0,available
generator_holdout,P+F+SC+BC,25,values_plus_missing,0.5999702764650892,0.4786039395520407,0.7213366133781376,0.5966737646478152,0.6200021976497757,6,6,30,0,available
generator_holdout,P+F+SC+BC,50,values_plus_missing,0.5843974670126331,0.44492190231668366,0.7238730317085826,0.5826372332096238,0.5935784092045969,6,6,30,0,available
generator_holdout,P+F+SC+BC,100,values_plus_missing,0.5794463812030181,0.44275559720277163,0.7161371652032645,0.5778481511654884,0.5958156079311343,6,6,30,0,available
generator_holdout,P+F+SC+BC,200,values_plus_missing,0.5858180203412285,0.4499159733091688,0.7217200673732882,0.5805769770391999,0.6003447952312262,6,6,30,0,available
generator_holdout,P+F+SC+BC,all,values_plus_missing,0.5897946936239281,0.45514503528571826,0.7244443519621379,0.5835420689249103,0.6013008851365023,6,6,30,0,available
generator_holdout,P+H+SC+BC,25,values_plus_missing,0.5804908880019489,0.5102430549834783,0.6507387210204195,0.6013755339019956,0.6451355124710474,6,6,30,0,available
generator_holdout,P+H+SC+BC,50,values_plus_missing,0.56504052328396,0.47924097033436763,0.6508400762335526,0.5852234499107736,0.6236477841093306,6,6,30,0,available
generator_holdout,P+H+SC+BC,100,values_plus_missing,0.5709868669187551,0.48876538201023334,0.6532083518272768,0.5864800467743474,0.6288561881344492,6,6,30,0,available
generator_holdout,P+H+SC+BC,200,values_plus_missing,0.5710369621186157,0.4902712927112795,0.6518026315259516,0.5873331623812807,0.6266544765492388,6,6,30,0,available
generator_holdout,P+H+SC+BC,all,values_plus_missing,0.570399466960095,0.4848908774290395,0.6559080564911505,0.5864959194837506,0.6234553968704463,6,6,30,0,available
generator_holdout,F+H+SC+BC,25,values_plus_missing,0.6162881364645731,0.5119942334623939,0.7205820394667524,0.615772757756838,0.6500721016305712,6,6,30,0,available
generator_holdout,F+H+SC+BC,50,values_plus_missing,0.6060976665397712,0.4758257773384225,0.7363695557411196,0.6046496675153651,0.6271157257290899,6,6,30,0,available
generator_holdout,F+H+SC+BC,100,values_plus_missing,0.6107090520282139,0.48779826271613075,0.733619841340297,0.6083322243067834,0.633138702890741,6,6,30,0,available
generator_holdout,F+H+SC+BC,200,values_plus_missing,0.6060717020574955,0.48520517432334714,0.7269382297916437,0.6061843179309043,0.6308866885973123,6,6,30,0,available
generator_holdout,F+H+SC+BC,all,values_plus_missing,0.6041265892307179,0.47944607600845757,0.7288071024529783,0.6025034867221776,0.6258992779379192,6,6,30,0,available
generator_holdout,S+D+R+P+F,25,values_plus_missing,0.6669807735821153,0.5489254995377616,0.7850360476264688,0.6523173170765731,0.7008331887363352,6,6,30,0,available
generator_holdout,S+D+R+P+F,50,values_plus_missing,0.6733833412935541,0.5508328390586814,0.7959338435284269,0.6573775573498536,0.7136312813223665,6,6,30,0,available
generator_holdout,S+D+R+P+F,100,values_plus_missing,0.6753175834992673,0.5588987652286935,0.7917364017698412,0.6616609210758853,0.7184871960340938,6,6,30,0,available
generator_holdout,S+D+R+P+F,200,values_plus_missing,0.6814326722261854,0.5634807278651911,0.7993846165871795,0.6663557485479802,0.7257793150991635,6,6,30,0,available
generator_holdout,S+D+R+P+F,all,values_plus_missing,0.6833154805621846,0.5675783562621852,0.7990526048621841,0.6680039217208362,0.7311074068336331,6,6,30,0,available
generator_holdout,S+D+R+P+H,25,values_plus_missing,0.6724586269422571,0.5789293255896971,0.7659879282948171,0.6670688294615151,0.7253127458996783,6,6,30,0,available
generator_holdout,S+D+R+P+H,50,values_plus_missing,0.681175953534213,0.585248421067084,0.777103486001342,0.6712299797643113,0.7337635687915195,6,6,30,0,available
generator_holdout,S+D+R+P+H,100,values_plus_missing,0.68960102888866,0.6026208226926985,0.7765812350846217,0.6822699466027595,0.7523760484507077,6,6,30,0,available
generator_holdout,S+D+R+P+H,200,values_plus_missing,0.6882402487541882,0.59317664140374,0.7833038561046363,0.6822553880095623,0.7570719906297861,6,6,30,0,available
generator_holdout,S+D+R+P+H,all,values_plus_missing,0.6873054240208102,0.5915054255796286,0.7831054224619917,0.6817202608667373,0.7586641964921677,6,6,30,0,available
generator_holdout,S+D+R+P+SC,25,values_plus_missing,0.658282811317702,0.57725954682337,0.7393060758120341,0.6559675137963004,0.7027182899188085,6,6,30,0,available
generator_holdout,S+D+R+P+SC,50,values_plus_missing,0.6592343276189053,0.5704297443501661,0.7480389108876445,0.658211667046878,0.7069182525740767,6,6,30,0,available
generator_holdout,S+D+R+P+SC,100,values_plus_missing,0.6572174718313072,0.5653216469414467,0.7491132967211676,0.6557076984707234,0.7170002237209405,6,6,30,0,available
generator_holdout,S+D+R+P+SC,200,values_plus_missing,0.6633540036126357,0.5624558882756222,0.7642521189496493,0.6587820306762726,0.723873468888834,6,6,30,0,available
generator_holdout,S+D+R+P+SC,all,values_plus_missing,0.6644655690666145,0.5639154492865054,0.7650156888467236,0.6595618913099194,0.7252949884006796,6,6,30,0,available
generator_holdout,S+D+R+P+BC,25,values_plus_missing,0.6753256653749352,0.5912295104850299,0.7594218202648407,0.6664581046014894,0.72460769628666,6,6,30,0,available
generator_holdout,S+D+R+P+BC,50,values_plus_missing,0.6848447082270162,0.5975161806299256,0.7721732358241066,0.6751603339047064,0.7381017359975689,6,6,30,0,available
generator_holdout,S+D+R+P+BC,100,values_plus_missing,0.6919386506703749,0.6074251951927213,0.7764521061480284,0.681967805929694,0.7523696351579012,6,6,30,0,available
generator_holdout,S+D+R+P+BC,200,values_plus_missing,0.6901472368260094,0.5930106223283997,0.787283851323619,0.6803694938565076,0.7540658669608865,6,6,30,0,available
generator_holdout,S+D+R+P+BC,all,values_plus_missing,0.6910423003496065,0.594472277141628,0.7876123235575849,0.680799840493891,0.7554076275903552,6,6,30,0,available
generator_holdout,S+D+R+F+H,25,values_plus_missing,0.676704597287011,0.5609206551885109,0.7924885393855111,0.662321305158358,0.7118845629249927,6,6,30,0,available
generator_holdout,S+D+R+F+H,50,values_plus_missing,0.683518808170302,0.5623415758208162,0.8046960405197875,0.6657360923975876,0.7268354120056525,6,6,30,0,available
generator_holdout,S+D+R+F+H,100,values_plus_missing,0.6798901808633021,0.5728625138442669,0.7869178478823374,0.6690935165375181,0.7337916677035348,6,6,30,0,available
generator_holdout,S+D+R+F+H,200,values_plus_missing,0.6871737272906335,0.5746254382110919,0.799722016370175,0.6745322703875972,0.7371346578599277,6,6,30,0,available
generator_holdout,S+D+R+F+H,all,values_plus_missing,0.6923256806630822,0.5826359072228172,0.8020154541033472,0.6789381459191008,0.739274387814461,6,6,30,0,available
generator_holdout,S+D+R+F+SC,25,values_plus_missing,0.6597907396295387,0.5538485139724122,0.7657329652866652,0.652625378781078,0.6882213969824604,6,6,30,0,available
generator_holdout,S+D+R+F+SC,50,values_plus_missing,0.6549688545239528,0.5296787352060851,0.7802589738418205,0.6468505855517604,0.6913219773667246,6,6,30,0,available
generator_holdout,S+D+R+F+SC,100,values_plus_missing,0.6572850880061657,0.5404925675737522,0.7740776084385791,0.6489021331458504,0.6950088239999772,6,6,30,0,available
generator_holdout,S+D+R+F+SC,200,values_plus_missing,0.6593166117364352,0.5405013043358871,0.7781319191369834,0.6500583444756359,0.6990004093835118,6,6,30,0,available
generator_holdout,S+D+R+F+SC,all,values_plus_missing,0.6623025941275608,0.5426334518677175,0.781971736387404,0.6515250592671921,0.6995942329257911,6,6,30,0,available
generator_holdout,S+D+R+F+BC,25,values_plus_missing,0.6783319109080875,0.5597058882756222,0.7969579335405528,0.6607123191378111,0.7162144747862266,6,6,30,0,available
generator_holdout,S+D+R+F+BC,50,values_plus_missing,0.6849869434111548,0.5706529528333837,0.799320933988926,0.6696413802628457,0.7283539729503359,6,6,30,0,available
generator_holdout,S+D+R+F+BC,100,values_plus_missing,0.6859780541297615,0.574368795251302,0.7975873130082208,0.6716495418564202,0.73223875758512,6,6,30,0,available
generator_holdout,S+D+R+F+BC,200,values_plus_missing,0.6885106201518489,0.5709650529514604,0.8060561873522376,0.6721511963475252,0.7329285768987539,6,6,30,0,available
generator_holdout,S+D+R+F+BC,all,values_plus_missing,0.6918046415409124,0.5788084937437644,0.8048007893380604,0.6751714744359848,0.734953864019652,6,6,30,0,available
generator_holdout,S+D+R+H+SC,25,values_plus_missing,0.6512059384189338,0.5640629101793119,0.7383489666585558,0.6541268076537584,0.7043951260374984,6,6,30,0,available
generator_holdout,S+D+R+H+SC,50,values_plus_missing,0.6601389577572573,0.5701749000009153,0.7501030155135991,0.6597869692312269,0.7083835340547187,6,6,30,0,available
generator_holdout,S+D+R+H+SC,100,values_plus_missing,0.6668459258646054,0.5815587889355703,0.7521330627936406,0.6647777919036826,0.724250120764769,6,6,30,0,available
generator_holdout,S+D+R+H+SC,200,values_plus_missing,0.6623755446535917,0.5620999510301965,0.7626511382769868,0.661809190258688,0.7258345672193761,6,6,30,0,available
generator_holdout,S+D+R+H+SC,all,values_plus_missing,0.6614724158774855,0.5609800047596819,0.7619648269952891,0.6609487363541999,0.7235854369796655,6,6,30,0,available
generator_holdout,S+D+R+H+BC,25,values_plus_missing,0.6769399646276328,0.5894830413451594,0.7643968879101063,0.6736477706725797,0.7322801652960803,6,6,30,0,available
generator_holdout,S+D+R+H+BC,50,values_plus_missing,0.6881616297832455,0.5987710913401251,0.7775521682263659,0.6799444399008318,0.7422601442830354,6,6,30,0,available
generator_holdout,S+D+R+H+BC,100,values_plus_missing,0.702287434674069,0.625940574914646,0.7786342944334921,0.6955323868162974,0.7608057280604388,6,6,30,0,available
generator_holdout,S+D+R+H+BC,200,values_plus_missing,0.6920355183212084,0.5983659783434476,0.785705058298969,0.6858015789153136,0.7593628652199058,6,6,30,0,available
generator_holdout,S+D+R+H+BC,all,values_plus_missing,0.6911088769998629,0.5951142460938573,0.7871035079058687,0.6846765140725696,0.7576142653278765,6,6,30,0,available
generator_holdout,S+D+R+SC+BC,25,values_plus_missing,0.6578597823253681,0.579559074974142,0.7361604896765942,0.6563159958204045,0.7069168828716499,6,6,30,0,available
generator_holdout,S+D+R+SC+BC,50,values_plus_missing,0.6647336343224931,0.5759077880294002,0.7535594806155861,0.6602495670916232,0.7111234553869282,6,6,30,0,available
generator_holdout,S+D+R+SC+BC,100,values_plus_missing,0.6729670066082013,0.5852369337580434,0.7606970794583591,0.6662162232892781,0.7220351921863579,6,6,30,0,available
generator_holdout,S+D+R+SC+BC,200,values_plus_missing,0.6682016429277197,0.5635256404975698,0.7728776453578693,0.6609194708898106,0.7233156357641913,6,6,30,0,available
generator_holdout,S+D+R+SC+BC,all,values_plus_missing,0.666611870897596,0.5589018681751197,0.7743218736200723,0.6582570238311496,0.7212995512671116,6,6,30,0,available
generator_holdout,S+D+P+F+H,25,values_plus_missing,0.6545845864936675,0.5454213119330715,0.7637478610542633,0.6515668258383306,0.6906194508303535,6,6,30,0,available
generator_holdout,S+D+P+F+H,50,values_plus_missing,0.6518320440305584,0.5152205540452719,0.7884435340158449,0.6504388026636616,0.6926520065771933,6,6,30,0,available
generator_holdout,S+D+P+F+H,100,values_plus_missing,0.6467038316131332,0.5118816624104127,0.7815260008158535,0.6495205587693089,0.6988963174100962,6,6,30,0,available
generator_holdout,S+D+P+F+H,200,values_plus_missing,0.6596643243052994,0.5390595120410797,0.7802691365695192,0.6605053169179758,0.7045423810866274,6,6,30,0,available
generator_holdout,S+D+P+F+H,all,values_plus_missing,0.6597412147726325,0.539888657769723,0.7795937717755419,0.6610701301669127,0.708249902478197,6,6,30,0,available
generator_holdout,S+D+P+F+SC,25,values_plus_missing,0.6429515369252409,0.5369607417781073,0.7489423320723745,0.640876204222387,0.6679866596508431,6,6,30,0,available
generator_holdout,S+D+P+F+SC,50,values_plus_missing,0.629801528026799,0.4877669220419035,0.7718361340116946,0.6299511693542851,0.6599653388096912,6,6,30,0,available
generator_holdout,S+D+P+F+SC,100,values_plus_missing,0.6319381890193427,0.49225370248327244,0.7716226755554131,0.6314934377800978,0.6620763804010662,6,6,30,0,available
generator_holdout,S+D+P+F+SC,200,values_plus_missing,0.6407332418631421,0.5080204529020329,0.7734460308242513,0.6381748899125549,0.6689615072467588,6,6,30,0,available
generator_holdout,S+D+P+F+SC,all,values_plus_missing,0.6373724497358542,0.5048530631298569,0.7698918363418513,0.6352891116931336,0.6718704194135217,6,6,30,0,available
generator_holdout,S+D+P+F+BC,25,values_plus_missing,0.6651443113334822,0.5465743974883525,0.7837142251786119,0.6561497788723815,0.6962995383091164,6,6,30,0,available
generator_holdout,S+D+P+F+BC,50,values_plus_missing,0.6587591671950465,0.5186393145142836,0.7988790198758092,0.652348503410988,0.6950878055291556,6,6,30,0,available
generator_holdout,S+D+P+F+BC,100,values_plus_missing,0.6546585735099835,0.5156034246826117,0.7937137223373553,0.6503798373413058,0.6984894124550037,6,6,30,0,available
generator_holdout,S+D+P+F+BC,200,values_plus_missing,0.6637605082633801,0.5306341086122781,0.7968869079144819,0.653988929306139,0.7011381104144602,6,6,30,0,available
generator_holdout,S+D+P+F+BC,all,values_plus_missing,0.6639357605938937,0.5351665339447694,0.792704987243018,0.6552535394082821,0.7060316600811932,6,6,30,0,available
generator_holdout,S+D+P+H+SC,25,values_plus_missing,0.6321697214914956,0.540748002306615,0.7235914406763763,0.6419184723071537,0.6792709999107509,6,6,30,0,available
generator_holdout,S+D+P+H+SC,50,values_plus_missing,0.6252526859177296,0.5096758610905163,0.740829510744943,0.6361981068273095,0.674063441636483,6,6,30,0,available
generator_holdout,S+D+P+H+SC,100,values_plus_missing,0.6279602012407307,0.513751180767224,0.7421692217142374,0.6401888916656634,0.6843929949741125,6,6,30,0,available
generator_holdout,S+D+P+H+SC,200,values_plus_missing,0.6259897635810681,0.5113917035084347,0.7405878236537013,0.6387086722670379,0.6859710818880491,6,6,30,0,available
generator_holdout,S+D+P+H+SC,all,values_plus_missing,0.6296501596347102,0.5087591944238496,0.7505411248455708,0.6391452222119248,0.6842391771407353,6,6,30,0,available
generator_holdout,S+D+P+H+BC,25,values_plus_missing,0.6431188516967382,0.5511712364188887,0.7350664669745878,0.6519377816709827,0.7037457105054749,6,6,30,0,available
generator_holdout,S+D+P+H+BC,50,values_plus_missing,0.6511918806782281,0.5397693018828204,0.7626144594736358,0.6583061253003845,0.7095975444153216,6,6,30,0,available
generator_holdout,S+D+P+H+BC,100,values_plus_missing,0.6578328368771129,0.5538568228208437,0.7618088509333821,0.6663014082052937,0.7238777797319498,6,6,30,0,available
generator_holdout,S+D+P+H+BC,200,values_plus_missing,0.6566139425464493,0.5454447053116219,0.7677831797812767,0.6601422244506827,0.7204843361701928,6,6,30,0,available
generator_holdout,S+D+P+H+BC,all,values_plus_missing,0.6561322444140125,0.5416277608442943,0.7706367279837306,0.660186877217019,0.7200033285636459,6,6,30,0,available
generator_holdout,S+D+P+SC+BC,25,values_plus_missing,0.635074846901239,0.5444122044649476,0.7257374893375305,0.6417473682581148,0.6801390295574462,6,6,30,0,available
generator_holdout,S+D+P+SC+BC,50,values_plus_missing,0.6337487585041058,0.5239363301022416,0.74356118690597,0.6402734535126592,0.6759154352705334,6,6,30,0,available
generator_holdout,S+D+P+SC+BC,100,values_plus_missing,0.6371152530138283,0.5214481698108027,0.7527823362168541,0.6428354631105294,0.6828528660333266,6,6,30,0,available
generator_holdout,S+D+P+SC+BC,200,values_plus_missing,0.6382882865154211,0.5192532654163349,0.7573233076145075,0.6423389724517572,0.6835970299591868,6,6,30,0,available
generator_holdout,S+D+P+SC+BC,all,values_plus_missing,0.6371554196358921,0.5212448902069546,0.7530659490648294,0.6428840636932208,0.6840990193097737,6,6,30,0,available
generator_holdout,S+D+F+H+SC,25,values_plus_missing,0.6399567378756319,0.5312574621742593,0.7486560135770045,0.6405786509589245,0.6685580186273364,6,6,30,0,available
generator_holdout,S+D+F+H+SC,50,values_plus_missing,0.6314142504802459,0.4937024329296757,0.7691260680308161,0.6335699664648379,0.6652463920728847,6,6,30,0,available
generator_holdout,S+D+F+H+SC,100,values_plus_missing,0.6334341660335882,0.5005099838903077,0.7663583481768689,0.6361724598938717,0.6703292570272957,6,6,30,0,available
generator_holdout,S+D+F+H+SC,200,values_plus_missing,0.6399118694670843,0.5149137925510979,0.7649099463830705,0.6427233225576002,0.6733901342822303,6,6,30,0,available
generator_holdout,S+D+F+H+SC,all,values_plus_missing,0.641889539877156,0.5167551395410569,0.7670239402132553,0.6439444768218104,0.6722938139256676,6,6,30,0,available
generator_holdout,S+D+F+H+BC,25,values_plus_missing,0.6579096212820873,0.5490768436902179,0.7667423988739565,0.6539454731271602,0.6991424725978919,6,6,30,0,available
generator_holdout,S+D+F+H+BC,50,values_plus_missing,0.6616956891859641,0.5297752880980494,0.7936160902738788,0.6577161696900503,0.7034961031361522,6,6,30,0,available
generator_holdout,S+D+F+H+BC,100,values_plus_missing,0.658017285744056,0.5341585202881438,0.7818760511999683,0.6587559428363796,0.7078784887868047,6,6,30,0,available
generator_holdout,S+D+F+H+BC,200,values_plus_missing,0.6647198801944082,0.5435619673961795,0.785877792992637,0.6619552625442436,0.7085977223652479,6,6,30,0,available
generator_holdout,S+D+F+H+BC,all,values_plus_missing,0.6661378970154248,0.5457345539171267,0.7865412401137232,0.6628412352918966,0.7088186590632802,6,6,30,0,available
generator_holdout,S+D+F+SC+BC,25,values_plus_missing,0.651409612829128,0.5440294757027395,0.7587897499555165,0.6479662602872672,0.6794279593873009,6,6,30,0,available
generator_holdout,S+D+F+SC+BC,50,values_plus_missing,0.6381064947012908,0.5046219073509625,0.7715910820516191,0.6375773799575325,0.6688421223814605,6,6,30,0,available
generator_holdout,S+D+F+SC+BC,100,values_plus_missing,0.6400257746553286,0.5008171732981849,0.7792343760124724,0.6354746924183232,0.6692572740259645,6,6,30,0,available
generator_holdout,S+D+F+SC+BC,200,values_plus_missing,0.6417398142848797,0.5098095120410797,0.7736701165286798,0.637416775251309,0.6713966176901293,6,6,30,0,available
generator_holdout,S+D+F+SC+BC,all,values_plus_missing,0.6457686023679701,0.5172728991038983,0.7742643056320416,0.6407478277570774,0.6714294952461851,6,6,30,0,available
generator_holdout,S+D+H+SC+BC,25,values_plus_missing,0.6263961865025888,0.5304314102388079,0.7223609627663695,0.6365097756322246,0.6748360037578501,6,6,30,0,available
generator_holdout,S+D+H+SC+BC,50,values_plus_missing,0.6281680280552066,0.5185123637312244,0.7378236923791887,0.6377117107117661,0.6737551501475937,6,6,30,0,available
generator_holdout,S+D+H+SC+BC,100,values_plus_missing,0.6330114285026197,0.521066383831727,0.7449564731735125,0.6415928874286839,0.6835024181504186,6,6,30,0,available
generator_holdout,S+D+H+SC+BC,200,values_plus_missing,0.6297842667629224,0.5104143737814757,0.7491541597443693,0.6370180843266353,0.6802511229930495,6,6,30,0,available
generator_holdout,S+D+H+SC+BC,all,values_plus_missing,0.6290167396007693,0.5074593619280373,0.7505741172735013,0.6351399373742751,0.6744799417808715,6,6,30,0,available
generator_holdout,S+R+P+F+H,25,values_plus_missing,0.6680538269294954,0.5694213691407859,0.7666862847182049,0.6530500275191109,0.7057664197769599,6,6,30,0,available
generator_holdout,S+R+P+F+H,50,values_plus_missing,0.6670943325257418,0.5526571404380738,0.7815315246134099,0.6533818554754471,0.7081017850933063,6,6,30,0,available
generator_holdout,S+R+P+F+H,100,values_plus_missing,0.6680244011019968,0.5589563161893255,0.7770924860146678,0.6567818439920986,0.7173058075096566,6,6,30,0,available
generator_holdout,S+R+P+F+H,200,values_plus_missing,0.6785189296986968,0.5723231503601798,0.7847147090372136,0.6686735944108592,0.7289686592047713,6,6,30,0,available
generator_holdout,S+R+P+F+H,all,values_plus_missing,0.6831545152534804,0.58020111028732,0.7861079202196407,0.6716109718103267,0.7326417271386435,6,6,30,0,available
generator_holdout,S+R+P+F+SC,25,values_plus_missing,0.6505899513567763,0.55553539555702,0.7456445071565326,0.6397468644451767,0.6765659264598286,6,6,30,0,available
generator_holdout,S+R+P+F+SC,50,values_plus_missing,0.6385849313682286,0.5107822926105939,0.7663875701258632,0.6290389828437585,0.670327565894843,6,6,30,0,available
generator_holdout,S+R+P+F+SC,100,values_plus_missing,0.6437369527283855,0.5242209728057409,0.7632529326510301,0.6330539960182551,0.677577654825183,6,6,30,0,available
generator_holdout,S+R+P+F+SC,200,values_plus_missing,0.65727268450031,0.5429898170268465,0.7715555519737736,0.645242905308295,0.6903132169868282,6,6,30,0,available
generator_holdout,S+R+P+F+SC,all,values_plus_missing,0.6556887837018138,0.5428245210570155,0.7685530463466121,0.6438581739900462,0.6923342609947902,6,6,30,0,available
generator_holdout,S+R+P+F+BC,25,values_plus_missing,0.6689652517066779,0.5631347562036045,0.7747957472097512,0.65175968579411,0.7001821589549311,6,6,30,0,available
generator_holdout,S+R+P+F+BC,50,values_plus_missing,0.6606015989513291,0.5447540548827928,0.7764491430198653,0.6493802325696015,0.7056364294031057,6,6,30,0,available
generator_holdout,S+R+P+F+BC,100,values_plus_missing,0.6682628665594449,0.5543935593266881,0.7821321737922017,0.6535990232530876,0.709924042937183,6,6,30,0,available
generator_holdout,S+R+P+F+BC,200,values_plus_missing,0.674224526210253,0.5586847214213142,0.789764330999192,0.65935037353117,0.7188397937317618,6,6,30,0,available
generator_holdout,S+R+P+F+BC,all,values_plus_missing,0.6777558538611337,0.567021880806583,0.7884898269156843,0.66181622886483,0.7239352969749085,6,6,30,0,available
generator_holdout,S+R+P+H+SC,25,values_plus_missing,0.6451706549557393,0.583976169554512,0.7063651403569664,0.6519139661875125,0.7012910553254736,6,6,30,0,available
generator_holdout,S+R+P+H+SC,50,values_plus_missing,0.6283079520512689,0.5386676002965648,0.717948303805973,0.6338670533534106,0.6913392234070656,6,6,30,0,available
generator_holdout,S+R+P+H+SC,100,values_plus_missing,0.6352784281356838,0.5513367223183312,0.7192201339530365,0.6400012938514733,0.7031553292966403,6,6,30,0,available
generator_holdout,S+R+P+H+SC,200,values_plus_missing,0.6398521813655124,0.5430476540260502,0.7366567087049747,0.6427177372694353,0.7125958536880768,6,6,30,0,available
generator_holdout,S+R+P+H+SC,all,values_plus_missing,0.6348651906823517,0.5406393625687637,0.7290910187959397,0.6396606267972024,0.7107566908754802,6,6,30,0,available
generator_holdout,S+R+P+H+BC,25,values_plus_missing,0.6598604977211159,0.5872271786985931,0.7324938167436388,0.6595490861441683,0.7218019308459691,6,6,30,0,available
generator_holdout,S+R+P+H+BC,50,values_plus_missing,0.6565843096429701,0.5666975702739563,0.7464710490119838,0.6540418941113372,0.7207432255570514,6,6,30,0,available
generator_holdout,S+R+P+H+BC,100,values_plus_missing,0.6609592079105017,0.5887101330880267,0.7332082827329766,0.6610918453901672,0.7352910975509158,6,6,30,0,available
generator_holdout,S+R+P+H+BC,200,values_plus_missing,0.6618602466485116,0.5774681467446522,0.746252346552371,0.6620814291415569,0.7409170281463339,6,6,30,0,available
generator_holdout,S+R+P+H+BC,all,values_plus_missing,0.6626201371094217,0.5789298015578804,0.746310472660963,0.6609092116763762,0.7406980578377997,6,6,30,0,available
generator_holdout,S+R+P+SC+BC,25,values_plus_missing,0.6416575769940078,0.5885841914490485,0.694730962538967,0.6442520316219601,0.6952141844783699,6,6,30,0,available
generator_holdout,S+R+P+SC+BC,50,values_plus_missing,0.6372282223471755,0.5518962915671253,0.7225601531272257,0.6359741874502293,0.6896218965707356,6,6,30,0,available
generator_holdout,S+R+P+SC+BC,100,values_plus_missing,0.638519885310849,0.5606525729741604,0.7163871976475377,0.6384993634101571,0.6960081774164188,6,6,30,0,available
generator_holdout,S+R+P+SC+BC,200,values_plus_missing,0.6427964804628551,0.5579489318175578,0.7276440291081526,0.6417048344985224,0.7051620543587571,6,6,30,0,available
generator_holdout,S+R+P+SC+BC,all,values_plus_missing,0.645672033720796,0.5644918261617743,0.7268522412798176,0.6446257207731948,0.7043837153686129,6,6,30,0,available
generator_holdout,S+R+F+H+SC,25,values_plus_missing,0.6576614837555536,0.5645605211851608,0.7507624463259464,0.6507197637977086,0.6922135712085266,6,6,30,0,available
generator_holdout,S+R+F+H+SC,50,values_plus_missing,0.6490605684076077,0.5293157934481149,0.7688053433671005,0.6419615826214934,0.6852881390003202,6,6,30,0,available
generator_holdout,S+R+F+H+SC,100,values_plus_missing,0.6550557582794456,0.5440543061390742,0.7660572104198171,0.6451741883259474,0.696081084355199,6,6,30,0,available
generator_holdout,S+R+F+H+SC,200,values_plus_missing,0.6644360298055494,0.5524472842353846,0.7764247753757142,0.6531266869894872,0.7035132860294872,6,6,30,0,available
generator_holdout,S+R+F+H+SC,all,values_plus_missing,0.6643454672608314,0.550154389891168,0.7785365446304949,0.6523808808430199,0.7018930063406468,6,6,30,0,available
generator_holdout,S+R+F+H+BC,25,values_plus_missing,0.6724477549209231,0.5718934929657394,0.7730020168761068,0.6576414580213312,0.7176738605939055,6,6,30,0,available
generator_holdout,S+R+F+H+BC,50,values_plus_missing,0.6698035845407665,0.5574392042178103,0.7821679648637229,0.658727614929418,0.7222579516043779,6,6,30,0,available
generator_holdout,S+R+F+H+BC,100,values_plus_missing,0.6783077728799783,0.5736637833978636,0.7829517623620929,0.665437660929701,0.7289181780526056,6,6,30,0,available
generator_holdout,S+R+F+H+BC,200,values_plus_missing,0.6836572629176861,0.5760281622136182,0.7912863636217543,0.6711270618760398,0.7343418718135214,6,6,30,0,available
generator_holdout,S+R+F+H+BC,all,values_plus_missing,0.6862897943268655,0.5792373616717467,0.7933422269819843,0.6727316616051041,0.7350477968562484,6,6,30,0,available
generator_holdout,S+R+F+SC+BC,25,values_plus_missing,0.6603697522706549,0.5587498581248683,0.7619896464164414,0.646512348934229,0.6935303083470848,6,6,30,0,available
generator_holdout,S+R+F+SC+BC,50,values_plus_missing,0.6491083963109029,0.5285657934481148,0.769650999173691,0.6407352204420061,0.6827529731129152,6,6,30,0,available
generator_holdout,S+R+F+SC+BC,100,values_plus_missing,0.6544343413465544,0.5381376394724076,0.7707310432207013,0.6414646530695371,0.6882908092447007,6,6,30,0,available
generator_holdout,S+R+F+SC+BC,200,values_plus_missing,0.6605270330742478,0.5428963762345425,0.7781576899139528,0.6464982682454764,0.6947411234559152,6,6,30,0,available
generator_holdout,S+R+F+SC+BC,all,values_plus_missing,0.660559274937324,0.5458531203375713,0.775265429537077,0.6458732749123753,0.6940677008626944,6,6,30,0,available
generator_holdout,S+R+H+SC+BC,25,values_plus_missing,0.6386630931149782,0.5701735201508453,0.7071526660791109,0.6459140837933713,0.7031325071557594,6,6,30,0,available
generator_holdout,S+R+H+SC+BC,50,values_plus_missing,0.6367633435871735,0.5478492851324015,0.7256774020419453,0.6402107002585085,0.6955897734310478,6,6,30,0,available
generator_holdout,S+R+H+SC+BC,100,values_plus_missing,0.6409752368918913,0.5556864445176704,0.7262640292661122,0.6421260748229377,0.7077160787745493,6,6,30,0,available
generator_holdout,S+R+H+SC+BC,200,values_plus_missing,0.642425236727198,0.5426843507153253,0.7421661227390706,0.6427864862550985,0.7112701756216605,6,6,30,0,available
generator_holdout,S+R+H+SC+BC,all,values_plus_missing,0.6383257742264349,0.537103111184337,0.7395484372685329,0.6391945844383223,0.7072757808135913,6,6,30,0,available
generator_holdout,S+P+F+H+SC,25,values_plus_missing,0.6426889161820782,0.5572491441725934,0.7281286881915631,0.6433080656760403,0.6713266782501432,6,6,30,0,available
generator_holdout,S+P+F+H+SC,50,values_plus_missing,0.622500168461981,0.4881330331072484,0.7568673038167136,0.624825731297214,0.6528634882019947,6,6,30,0,available
generator_holdout,S+P+F+H+SC,100,values_plus_missing,0.631205706542206,0.5052934847278286,0.7571179283565833,0.6325045147998117,0.664572947494074,6,6,30,0,available
generator_holdout,S+P+F+H+SC,200,values_plus_missing,0.6408488259745421,0.5226658772002087,0.7590317747488754,0.6419919930872838,0.6747941881123789,6,6,30,0,available
generator_holdout,S+P+F+H+SC,all,values_plus_missing,0.6389961512721121,0.5185800885117756,0.7594122140324485,0.6392479769481955,0.6741440144468945,6,6,30,0,available
generator_holdout,S+P+F+H+BC,25,values_plus_missing,0.6595145677678405,0.5636751951927214,0.7553539403429594,0.6537827097758478,0.6968526261883194,6,6,30,0,available
generator_holdout,S+P+F+H+BC,50,values_plus_missing,0.6463869607122256,0.5112920385168099,0.7814818829076414,0.6424148493866101,0.6892382368403831,6,6,30,0,available
generator_holdout,S+P+F+H+BC,100,values_plus_missing,0.6502246628329936,0.5251386577697229,0.7753106678962642,0.6495384795258871,0.6969594358911785,6,6,30,0,available
generator_holdout,S+P+F+H+BC,200,values_plus_missing,0.6611021115177179,0.5428809965126177,0.7793232265228182,0.6564565238973344,0.7050760195954601,6,6,30,0,available
generator_holdout,S+P+F+H+BC,all,values_plus_missing,0.6599986663187303,0.5464256231064246,0.7735717095310358,0.6567765134762893,0.7074597737569381,6,6,30,0,available
generator_holdout,S+P+F+SC+BC,25,values_plus_missing,0.641965298447947,0.5478868500059496,0.7360437468899445,0.6379758769260517,0.6704043428823432,6,6,30,0,available
generator_holdout,S+P+F+SC+BC,50,values_plus_missing,0.6250372548557498,0.48398658135852307,0.7660879283529765,0.621500502217723,0.6511889450744095,6,6,30,0,available
generator_holdout,S+P+F+SC+BC,100,values_plus_missing,0.6336723848661133,0.4951348317177875,0.7722099380144392,0.6252216626537656,0.6573346524276905,6,6,30,0,available
generator_holdout,S+P+F+SC+BC,200,values_plus_missing,0.6434475640266103,0.5132059546365708,0.7736891734166497,0.6363105093695675,0.6672677514017117,6,6,30,0,available
generator_holdout,S+P+F+SC+BC,all,values_plus_missing,0.6408165553593211,0.5141260858024183,0.7675070249162239,0.6342164884140297,0.6687056325372261,6,6,30,0,available
generator_holdout,S+P+H+SC+BC,25,values_plus_missing,0.6133388384481354,0.5376288180428554,0.6890488588534155,0.6288404506880944,0.6763340576049713,6,6,30,0,available
generator_holdout,S+P+H+SC+BC,50,values_plus_missing,0.6106840072770575,0.5021117815855233,0.719256232968592,0.6252546087414795,0.6607714432639317,6,6,30,0,available
generator_holdout,S+P+H+SC+BC,100,values_plus_missing,0.6095324551734567,0.5064290876056055,0.712635822741308,0.6240578931617771,0.6697708509783875,6,6,30,0,available
generator_holdout,S+P+H+SC+BC,200,values_plus_missing,0.617649233353233,0.5060692487940613,0.7292292179124044,0.6274336628585692,0.6734213711709697,6,6,30,0,available
generator_holdout,S+P+H+SC+BC,all,values_plus_missing,0.6119047152654584,0.5000204345955643,0.7237889959353524,0.6226564512721412,0.6691596500846049,6,6,30,0,available
generator_holdout,S+F+H+SC+BC,25,values_plus_missing,0.6476780121193404,0.5539586960302423,0.7413973282084386,0.6442670082715314,0.6787987759855204,6,6,30,0,available
generator_holdout,S+F+H+SC+BC,50,values_plus_missing,0.6267889924336877,0.4933711842454531,0.7602068006219224,0.6285465696868291,0.6615599121125992,6,6,30,0,available
generator_holdout,S+F+H+SC+BC,100,values_plus_missing,0.6341318256085896,0.5068035921867992,0.7614600590303798,0.6326085268626304,0.6705400482164033,6,6,30,0,available
generator_holdout,S+F+H+SC+BC,200,values_plus_missing,0.6446229907821558,0.5202513043358871,0.7689946772284243,0.6401336649884564,0.6760631265148961,6,6,30,0,available
generator_holdout,S+F+H+SC+BC,all,values_plus_missing,0.6429913314799509,0.5182063161893254,0.7677763467705764,0.6387105298895345,0.6726589290808477,6,6,30,0,available
generator_holdout,D+R+P+F+H,25,values_plus_missing,0.6317476024798548,0.49743375117847893,0.7660614537812309,0.6222645518712907,0.6710456259284692,6,6,30,0,available
generator_holdout,D+R+P+F+H,50,values_plus_missing,0.6212403332564526,0.4851579688057775,0.7573226977071278,0.6081639203003246,0.661892819667998,6,6,30,0,available
generator_holdout,D+R+P+F+H,100,values_plus_missing,0.6322983783817205,0.5009320852898371,0.7636646714736038,0.6203578695679955,0.6712856218663453,6,6,30,0,available
generator_holdout,D+R+P+F+H,200,values_plus_missing,0.639030235232774,0.5113561088685686,0.7667043615969794,0.63092845507531,0.6817101358926104,6,6,30,0,available
generator_holdout,D+R+P+F+H,all,values_plus_missing,0.6437394138471398,0.5183574795654045,0.7691213481288751,0.6351302622185996,0.6881685918362296,6,6,30,0,available
generator_holdout,D+R+P+F+SC,25,values_plus_missing,0.6248975720540196,0.4921370971432755,0.7576580469647638,0.6146582921613813,0.6593259822048735,6,6,30,0,available
generator_holdout,D+R+P+F+SC,50,values_plus_missing,0.6184534727794286,0.48509911350925844,0.7518078320495988,0.6085351336777062,0.6507767616208322,6,6,30,0,available
generator_holdout,D+R+P+F+SC,100,values_plus_missing,0.6181288003747031,0.48544710345900727,0.750810497290399,0.60850880813976,0.6542638627177931,6,6,30,0,available
generator_holdout,D+R+P+F+SC,200,values_plus_missing,0.6244505879749149,0.4861692272839608,0.7627319486658691,0.6116242771035189,0.6599172009810954,6,6,30,0,available
generator_holdout,D+R+P+F+SC,all,values_plus_missing,0.6276878387841226,0.48993244684259185,0.7654432307256532,0.6147078099597575,0.6640543588044469,6,6,30,0,available
generator_holdout,D+R+P+F+BC,25,values_plus_missing,0.6276315563073537,0.4837859287329178,0.7714771838817894,0.611083669494664,0.6551334850046827,6,6,30,0,available
generator_holdout,D+R+P+F+BC,50,values_plus_missing,0.6199766151274911,0.48201499070946724,0.7579382395455149,0.6044890658675541,0.6493628393101039,6,6,30,0,available
generator_holdout,D+R+P+F+BC,100,values_plus_missing,0.6224106620811587,0.48451224016256145,0.7603090839997559,0.6073903348248705,0.652893932572817,6,6,30,0,available
generator_holdout,D+R+P+F+BC,200,values_plus_missing,0.6326699271737465,0.49253317818601206,0.7728066761614808,0.6187625826827496,0.6610433590194165,6,6,30,0,available
generator_holdout,D+R+P+F+BC,all,values_plus_missing,0.6353250232872013,0.5009756272253801,0.7696744193490225,0.6205799610485875,0.6681278737370975,6,6,30,0,available
generator_holdout,D+R+P+H+SC,25,values_plus_missing,0.645916280017438,0.5570645097070049,0.734768050327871,0.6485743221611948,0.7026763259973756,6,6,30,0,available
generator_holdout,D+R+P+H+SC,50,values_plus_missing,0.6325062146696657,0.5425471116969182,0.7224653176424134,0.6349554468741001,0.6920474037759721,6,6,30,0,available
generator_holdout,D+R+P+H+SC,100,values_plus_missing,0.6403845507237839,0.5538748867287256,0.7268942147188421,0.6429230202874398,0.7017416830564274,6,6,30,0,available
generator_holdout,D+R+P+H+SC,200,values_plus_missing,0.6430848642295849,0.5528229604305681,0.7333467680286015,0.6459527462409251,0.7098805177658344,6,6,30,0,available
generator_holdout,D+R+P+H+SC,all,values_plus_missing,0.6448839883405642,0.5518609440645852,0.737907032616543,0.6464733406220362,0.7124187591724523,6,6,30,0,available
generator_holdout,D+R+P+H+BC,25,values_plus_missing,0.6490700851327743,0.5550156291475593,0.7431245411179893,0.6443948338045489,0.6989728144176965,6,6,30,0,available
generator_holdout,D+R+P+H+BC,50,values_plus_missing,0.6441737814944354,0.5654393003267705,0.7229082626621004,0.6376375187531288,0.6944400380707926,6,6,30,0,available
generator_holdout,D+R+P+H+BC,100,values_plus_missing,0.6510309243227234,0.5733364660277709,0.728725382617676,0.6454422714754239,0.7050761044716846,6,6,30,0,available
generator_holdout,D+R+P+H+BC,200,values_plus_missing,0.6583852949865173,0.5789916453853969,0.7377789445876376,0.6543796367952627,0.7118330538421673,6,6,30,0,available
generator_holdout,D+R+P+H+BC,all,values_plus_missing,0.6642713786382933,0.5851562182497185,0.743386539026868,0.6590144072017824,0.7171532525548139,6,6,30,0,available
generator_holdout,D+R+P+SC+BC,25,values_plus_missing,0.6349327727361653,0.5518214387053665,0.7180441067669641,0.6345345174296063,0.689345893060601,6,6,30,0,available
generator_holdout,D+R+P+SC+BC,50,values_plus_missing,0.6379101825090365,0.5666983894884258,0.7091219755296473,0.6338600120519051,0.6875840470881361,6,6,30,0,available
generator_holdout,D+R+P+SC+BC,100,values_plus_missing,0.6396803924062111,0.5669083120520636,0.7124524727603586,0.6378712233337241,0.6944034443082479,6,6,30,0,available
generator_holdout,D+R+P+SC+BC,200,values_plus_missing,0.6405453957730988,0.5621638703535895,0.7189269211926083,0.6395054127408973,0.6991202372389501,6,6,30,0,available
generator_holdout,D+R+P+SC+BC,all,values_plus_missing,0.6431745650894424,0.5667064031450513,0.7196427270338335,0.6419269195212436,0.7032118543308908,6,6,30,0,available
generator_holdout,D+R+F+H+SC,25,values_plus_missing,0.6452392612789134,0.5234258610905164,0.7670526614673103,0.6374641324683351,0.682542395905932,6,6,30,0,available
generator_holdout,D+R+F+H+SC,50,values_plus_missing,0.6360810605950209,0.5114687554347329,0.7606933657553089,0.6286310123327511,0.6746932788223072,6,6,30,0,available
generator_holdout,D+R+F+H+SC,100,values_plus_missing,0.6354660696417612,0.5224311333534705,0.7485010059300521,0.6294046692408378,0.6816992069977386,6,6,30,0,available
generator_holdout,D+R+F+H+SC,200,values_plus_missing,0.6380066098627205,0.5204831168593422,0.7555301028660989,0.6326874718912096,0.6807177742806305,6,6,30,0,available
generator_holdout,D+R+F+H+SC,all,values_plus_missing,0.6412171636357691,0.5193017935762602,0.763132533695278,0.6330483326855659,0.6806795001687473,6,6,30,0,available
generator_holdout,D+R+F+H+BC,25,values_plus_missing,0.6380176108096957,0.5098033931039533,0.766231828515438,0.6277482510391562,0.6780470550041875,6,6,30,0,available
generator_holdout,D+R+F+H+BC,50,values_plus_missing,0.6331477943774503,0.5070206153719417,0.759274973382959,0.621899730762894,0.6764256781048297,6,6,30,0,available
generator_holdout,D+R+F+H+BC,100,values_plus_missing,0.6438499253106921,0.5261890806491474,0.7615107699722367,0.633136607632266,0.686323795196503,6,6,30,0,available
generator_holdout,D+R+F+H+BC,200,values_plus_missing,0.644098448213991,0.5288571843735984,0.7593397120543836,0.6374253870585941,0.6883443049136712,6,6,30,0,available
generator_holdout,D+R+F+H+BC,all,values_plus_missing,0.6483404837366572,0.5352170231851424,0.761463944288172,0.6408557071053917,0.6901144944049716,6,6,30,0,available
generator_holdout,D+R+F+SC+BC,25,values_plus_missing,0.6451845795438867,0.520829308198552,0.7695398508892214,0.6330608880736349,0.6736848758936315,6,6,30,0,available
generator_holdout,D+R+F+SC+BC,50,values_plus_missing,0.6340948456595997,0.5091612044741008,0.7590284868450986,0.6226695445447428,0.6665831731121761,6,6,30,0,available
generator_holdout,D+R+F+SC+BC,100,values_plus_missing,0.6349864942984231,0.5144080923744405,0.7555648962224059,0.6249424275974766,0.669218973153443,6,6,30,0,available
generator_holdout,D+R+F+SC+BC,200,values_plus_missing,0.6330663039192415,0.5084896934581834,0.7576429143802995,0.6223838691649891,0.6664928134138102,6,6,30,0,available
generator_holdout,D+R+F+SC+BC,all,values_plus_missing,0.6380342180299893,0.515200986718657,0.7608674493413213,0.6248881536157388,0.6669263502037933,6,6,30,0,available
generator_holdout,D+R+H+SC+BC,25,values_plus_missing,0.6432672674756496,0.5576063857539061,0.728928149197393,0.6469922954410556,0.7049203390053798,6,6,30,0,available
generator_holdout,D+R+H+SC+BC,50,values_plus_missing,0.6395174512419691,0.5657762308811819,0.7132586716027564,0.6426136763380268,0.6996121144957349,6,6,30,0,available
generator_holdout,D+R+H+SC+BC,100,values_plus_missing,0.6481132767761747,0.5792640296198662,0.7169625239324832,0.6494076558355741,0.7083074137473806,6,6,30,0,available
generator_holdout,D+R+H+SC+BC,200,values_plus_missing,0.6421437029622935,0.5618721270285856,0.7224152788960013,0.6461704385142928,0.7080539651783067,6,6,30,0,available
generator_holdout,D+R+H+SC+BC,all,values_plus_missing,0.641749281418863,0.5576200332262405,0.7258785296114855,0.6440944717413254,0.7084548560418344,6,6,30,0,available
generator_holdout,D+P+F+H+SC,25,values_plus_missing,0.6139914061177542,0.48262901712570133,0.7453537951098069,0.6179671527936199,0.6502345340929447,6,6,30,0,available
generator_holdout,D+P+F+H+SC,50,values_plus_missing,0.5929734833748569,0.43360353909804034,0.7523434276516735,0.5991635483951739,0.6258084464513315,6,6,30,0,available
generator_holdout,D+P+F+H+SC,100,values_plus_missing,0.595417447152418,0.44430616195732764,0.7465287323475082,0.6044647796966125,0.6342871205929744,6,6,30,0,available
generator_holdout,D+P+F+H+SC,200,values_plus_missing,0.5985789262366219,0.44700806171110563,0.7501497907621383,0.60521476803504,0.6360957257523037,6,6,30,0,available
generator_holdout,D+P+F+H+SC,all,values_plus_missing,0.598682684714306,0.4467995189975378,0.7505658504310743,0.604709855652615,0.6368641433247707,6,6,30,0,available
generator_holdout,D+P+F+H+BC,25,values_plus_missing,0.6066653576490193,0.4638112923451501,0.7495194229528884,0.6077570083520623,0.6374946496028541,6,6,30,0,available
generator_holdout,D+P+F+H+BC,50,values_plus_missing,0.5924275108914436,0.4217638579967231,0.763091163786164,0.5912905828445154,0.611658662781638,6,6,30,0,available
generator_holdout,D+P+F+H+BC,100,values_plus_missing,0.6009423746296979,0.43493196172117415,0.7669527875382217,0.5989763975272537,0.6230099638016056,6,6,30,0,available
generator_holdout,D+P+F+H+BC,200,values_plus_missing,0.6063965734780091,0.4491363168300519,0.7636568301259663,0.6037248090560515,0.6301056846650986,6,6,30,0,available
generator_holdout,D+P+F+H+BC,all,values_plus_missing,0.6089265973774587,0.45241801905703377,0.7654351756978836,0.6065675832464656,0.6342835947505525,6,6,30,0,available
generator_holdout,D+P+F+SC+BC,25,values_plus_missing,0.6151067296198116,0.47132080942050875,0.7588926498191144,0.6110610457358954,0.6373801977312671,6,6,30,0,available
generator_holdout,D+P+F+SC+BC,50,values_plus_missing,0.5999681821652475,0.43702091971698204,0.7629154446135131,0.5948626233200295,0.6161596668781097,6,6,30,0,available
generator_holdout,D+P+F+SC+BC,100,values_plus_missing,0.6032692527716115,0.4453710034690758,0.7611675020741472,0.5987371844268455,0.6190103390050798,6,6,30,0,available
generator_holdout,D+P+F+SC+BC,200,values_plus_missing,0.6007583832982938,0.4498057912513386,0.7517109753452491,0.5984004917795155,0.6200092256394684,6,6,30,0,available
generator_holdout,D+P+F+SC+BC,all,values_plus_missing,0.6032032986336072,0.45047347621532063,0.7559331210518937,0.5994354560563783,0.6225502743161765,6,6,30,0,available
generator_holdout,D+P+H+SC+BC,25,values_plus_missing,0.5985767981247392,0.4920971547171193,0.705056441532359,0.6172424876149699,0.6569519123599821,6,6,30,0,available
generator_holdout,D+P+H+SC+BC,50,values_plus_missing,0.588532606300374,0.4682739471492252,0.7087912654515227,0.6039286402412792,0.638808938397696,6,6,30,0,available
generator_holdout,D+P+H+SC+BC,100,values_plus_missing,0.5933724281459708,0.46874498631591477,0.7179998699760267,0.6062675252092394,0.646183910058094,6,6,30,0,available
generator_holdout,D+P+H+SC+BC,200,values_plus_missing,0.5901702599489572,0.4686139142891141,0.7117266056088004,0.6047496654778904,0.6444888400890847,6,6,30,0,available
generator_holdout,D+P+H+SC+BC,all,values_plus_missing,0.5903953398614782,0.460302175723792,0.7204885039991645,0.6028974820926652,0.6445866775925514,6,6,30,0,available
generator_holdout,D+F+H+SC+BC,25,values_plus_missing,0.6230391049209002,0.4934690506265389,0.7526091592152615,0.6226860477491669,0.6535663567786583,6,6,30,0,available
generator_holdout,D+F+H+SC+BC,50,values_plus_missing,0.6174666490614295,0.46530376380994226,0.7696295343129167,0.6149635806229198,0.6354591201502294,6,6,30,0,available
generator_holdout,D+F+H+SC+BC,100,values_plus_missing,0.6178187063612794,0.4733247018333928,0.762312710889166,0.6145169182243887,0.6426335537092008,6,6,30,0,available
generator_holdout,D+F+H+SC+BC,200,values_plus_missing,0.6148088930849099,0.47518944220190207,0.7544283439679177,0.6151988877676177,0.6370235634078228,6,6,30,0,available
generator_holdout,D+F+H+SC+BC,all,values_plus_missing,0.6135652134573287,0.4692901826985565,0.7578402442161009,0.6108470144262014,0.633034906798402,6,6,30,0,available
generator_holdout,R+P+F+H+SC,25,values_plus_missing,0.6306358724240015,0.5236190240821594,0.7376527207658437,0.6231376370410797,0.6685153348984529,6,6,30,0,available
generator_holdout,R+P+F+H+SC,50,values_plus_missing,0.6108541410382808,0.4936699412362358,0.7280383408403258,0.6063602110027333,0.6485093385620834,6,6,30,0,available
generator_holdout,R+P+F+H+SC,100,values_plus_missing,0.6169306655894529,0.5038495322697275,0.7300117989091781,0.6119007276733253,0.6586771862456519,6,6,30,0,available
generator_holdout,R+P+F+H+SC,200,values_plus_missing,0.6252237314082766,0.5119196368911955,0.7385278259253575,0.6203929113943157,0.6679231430919962,6,6,30,0,available
generator_holdout,R+P+F+H+SC,all,values_plus_missing,0.6287262797692355,0.5176978746189966,0.7397546849194744,0.6230817097453958,0.6689210909748646,6,6,30,0,available
generator_holdout,R+P+F+H+BC,25,values_plus_missing,0.6282879694543971,0.5119993730034508,0.7445765659053435,0.6127705198350587,0.6553729660344484,6,6,30,0,available
generator_holdout,R+P+F+H+BC,50,values_plus_missing,0.6084927374617992,0.48489163714748607,0.7320938377761124,0.5957110429327174,0.641385896999402,6,6,30,0,available
generator_holdout,R+P+F+H+BC,100,values_plus_missing,0.616015490660161,0.4982256844330944,0.7338052968872276,0.6035299095242396,0.6502605906354711,6,6,30,0,available
generator_holdout,R+P+F+H+BC,200,values_plus_missing,0.6277310721279773,0.5102351351475044,0.7452270091084502,0.6168964137275984,0.6640529114736238,6,6,30,0,available
generator_holdout,R+P+F+H+BC,all,values_plus_missing,0.6348999766494255,0.5221559894188611,0.74764396387999,0.6225563600940459,0.6691230424258517,6,6,30,0,available
generator_holdout,R+P+F+SC+BC,25,values_plus_missing,0.6152105194721914,0.5050998183082992,0.7253212206360836,0.6047634508208163,0.6413544823841136,6,6,30,0,available
generator_holdout,R+P+F+SC+BC,50,values_plus_missing,0.6031806699775164,0.48024728835434,0.7261140516006929,0.5919365448181956,0.62472478920148,6,6,30,0,available
generator_holdout,R+P+F+SC+BC,100,values_plus_missing,0.6016979478254614,0.4845757773384225,0.7188201183125003,0.5904449399512625,0.6292756788654453,6,6,30,0,available
generator_holdout,R+P+F+SC+BC,200,values_plus_missing,0.6140059412687315,0.494519663435575,0.7334922191018881,0.6016268188972747,0.6366850492159185,6,6,30,0,available
generator_holdout,R+P+F+SC+BC,all,values_plus_missing,0.6124798219722235,0.49255309791214724,0.7324065460322998,0.5996419335714582,0.639209348540992,6,6,30,0,available
generator_holdout,R+P+H+SC+BC,25,values_plus_missing,0.6306158019012019,0.5850280111852523,0.6762035926171516,0.6395192139259596,0.6912787065452036,6,6,30,0,available
generator_holdout,R+P+H+SC+BC,50,values_plus_missing,0.6126025959282553,0.5541294839406504,0.6710757079158601,0.6205142612010944,0.6753146772897989,6,6,30,0,available
generator_holdout,R+P+H+SC+BC,100,values_plus_missing,0.6211559301228662,0.5747219155888733,0.667589944656859,0.6280059898457188,0.6842025303448435,6,6,30,0,available
generator_holdout,R+P+H+SC+BC,200,values_plus_missing,0.6242503381738594,0.5648700904339549,0.6836305859137641,0.6302415356015928,0.6896024458211095,6,6,30,0,available
generator_holdout,R+P+H+SC+BC,all,values_plus_missing,0.6266455311851099,0.5694921305068146,0.6837989318634051,0.6322019947405868,0.6893981705879624,6,6,30,0,available
generator_holdout,R+F+H+SC+BC,25,values_plus_missing,0.6387821338840831,0.5399670803928568,0.7375971873753094,0.6309611042989925,0.6759552861709589,6,6,30,0,available
generator_holdout,R+F+H+SC+BC,50,values_plus_missing,0.6205933920945451,0.5100838573559967,0.7311029268330934,0.6140663677805624,0.6610009858828257,6,6,30,0,available
generator_holdout,R+F+H+SC+BC,100,values_plus_missing,0.6267024009725303,0.5307393982663774,0.7226654036786834,0.6207382888767784,0.6698939679698425,6,6,30,0,available
generator_holdout,R+F+H+SC+BC,200,values_plus_missing,0.6281519460284829,0.524320990196886,0.7319829018600799,0.6237390207394687,0.6712389615081273,6,6,30,0,available
generator_holdout,R+F+H+SC+BC,all,values_plus_missing,0.6322544204702164,0.5250685348417864,0.7394403060986465,0.6231111904978163,0.6695412400497415,6,6,30,0,available
generator_holdout,P+F+H+SC+BC,25,values_plus_missing,0.6147692199374567,0.505721858381159,0.7238165814937544,0.613988733677759,0.6437630221398318,6,6,30,0,available
generator_holdout,P+F+H+SC+BC,50,values_plus_missing,0.5970232940021796,0.4539763503308894,0.7400702376734696,0.598182085421855,0.6162035380368563,6,6,30,0,available
generator_holdout,P+F+H+SC+BC,100,values_plus_missing,0.6034879698199691,0.4701890806491474,0.7367868589907909,0.6029831621194455,0.6264801892428342,6,6,30,0,available
generator_holdout,P+F+H+SC+BC,200,values_plus_missing,0.6071223176390547,0.4781451680076155,0.7360994672704938,0.6086639301576539,0.6318375700827252,6,6,30,0,available
generator_holdout,P+F+H+SC+BC,all,values_plus_missing,0.6047106909425817,0.47478807974297715,0.7346333021421861,0.6046316199996937,0.6295770986028079,6,6,30,0,available
generator_holdout,S+D+R+P+F+H,25,values_plus_missing,0.6684987219404097,0.5510168465277205,0.7859805973530989,0.6541141924946295,0.7018846223835706,6,6,30,0,available
generator_holdout,S+D+R+P+F+H,50,values_plus_missing,0.6721071991152279,0.5422107989858217,0.802003599244634,0.6544687809031672,0.7107098570281519,6,6,30,0,available
generator_holdout,S+D+R+P+F+H,100,values_plus_missing,0.6676752918361099,0.5512582424874829,0.7840923411847367,0.6585417815001517,0.7204914285782766,6,6,30,0,available
generator_holdout,S+D+R+P+F+H,200,values_plus_missing,0.6824640158826806,0.5644929291265068,0.8004351026388545,0.6702672978965868,0.7302266273826535,6,6,30,0,available
generator_holdout,S+D+R+P+F+H,all,values_plus_missing,0.688869450485107,0.5759542223869805,0.8017846785832333,0.6760981047832338,0.7352052244856842,6,6,30,0,available
generator_holdout,S+D+R+P+F+SC,25,values_plus_missing,0.6512653687179647,0.5393285850930426,0.7632021523428869,0.6435124495978034,0.6792934555672967,6,6,30,0,available
generator_holdout,S+D+R+P+F+SC,50,values_plus_missing,0.6454335210062556,0.5126211842454531,0.778245857767058,0.6370698068663163,0.6778325449881087,6,6,30,0,available
generator_holdout,S+D+R+P+F+SC,100,values_plus_missing,0.6459038021133556,0.5158882962169683,0.7759193080097431,0.6377518404161764,0.6835215055666365,6,6,30,0,available
generator_holdout,S+D+R+P+F+SC,200,values_plus_missing,0.6553210805422228,0.5308157934481149,0.7798263676363306,0.6465176723650831,0.694054232714583,6,6,30,0,available
generator_holdout,S+D+R+P+F+SC,all,values_plus_missing,0.6560675272174089,0.5295696195000503,0.7825654349347674,0.645143383467974,0.6974790680932971,6,6,30,0,available
generator_holdout,S+D+R+P+F+BC,25,values_plus_missing,0.6712044218910137,0.550757453021025,0.7916513907610024,0.653684014972051,0.7052340440217861,6,6,30,0,available
generator_holdout,S+D+R+P+F+BC,50,values_plus_missing,0.6740383163977662,0.550298319923845,0.7977783128716874,0.6591135029106405,0.7140409656256763,6,6,30,0,available
generator_holdout,S+D+R+P+F+BC,100,values_plus_missing,0.6763682930983655,0.5553259009070856,0.7974106852896456,0.6621781748125172,0.7193709140873662,6,6,30,0,available
generator_holdout,S+D+R+P+F+BC,200,values_plus_missing,0.6810880671861215,0.5584866477194717,0.8036894866527714,0.6654111924494794,0.725673650581249,6,6,30,0,available
generator_holdout,S+D+R+P+F+BC,all,values_plus_missing,0.6864030522080595,0.5650354619179687,0.8077706424981504,0.668335038651292,0.7308345547894672,6,6,30,0,available
generator_holdout,S+D+R+P+H+SC,25,values_plus_missing,0.6513812772387498,0.5681657444783114,0.7345968099991881,0.655276782495566,0.7013430649588899,6,6,30,0,available
generator_holdout,S+D+R+P+H+SC,50,values_plus_missing,0.6440398436022882,0.5426650877337508,0.7454145994708257,0.6460320630976446,0.6975597191217174,6,6,30,0,available
generator_holdout,S+D+R+P+H+SC,100,values_plus_missing,0.6538324244519702,0.5557895831617102,0.7518752657422304,0.6521435896577782,0.7136104042790482,6,6,30,0,available
generator_holdout,S+D+R+P+H+SC,200,values_plus_missing,0.6592134135315514,0.5567599747370734,0.7616668523260296,0.6596400033941777,0.7216276110434585,6,6,30,0,available
generator_holdout,S+D+R+P+H+SC,all,values_plus_missing,0.6591784251927495,0.556044132319155,0.7623127180663442,0.6595324828262442,0.7220352674999628,6,6,30,0,available
generator_holdout,S+D+R+P+H+BC,25,values_plus_missing,0.6715348579564,0.5809415268510129,0.7621281890617871,0.6664222858614038,0.723411912813351,6,6,30,0,available
generator_holdout,S+D+R+P+H+BC,50,values_plus_missing,0.6770263853480624,0.5745730176382825,0.7794797530578421,0.6670441209986285,0.7294551172973432,6,6,30,0,available
generator_holdout,S+D+R+P+H+BC,100,values_plus_missing,0.6850233205748985,0.5935838482027624,0.7764627929470347,0.6793540234603556,0.7491437129352474,6,6,30,0,available
generator_holdout,S+D+R+P+H+BC,200,values_plus_missing,0.6864827823459198,0.5850458645687454,0.7879197001230939,0.6809444066433471,0.7526608535442134,6,6,30,0,available
generator_holdout,S+D+R+P+H+BC,all,values_plus_missing,0.6866738257049918,0.5855643472370963,0.7877833041728874,0.6801519652852148,0.7535631117487953,6,6,30,0,available
generator_holdout,S+D+R+P+SC+BC,25,values_plus_missing,0.6579730692662532,0.580399708011826,0.7355464305206804,0.6567363123392463,0.7040904861317031,6,6,30,0,available
generator_holdout,S+D+R+P+SC+BC,50,values_plus_missing,0.6518923722551743,0.5544576205252126,0.749327123985136,0.6497748839805549,0.7014690856422081,6,6,30,0,available
generator_holdout,S+D+R+P+SC+BC,100,values_plus_missing,0.6561485368443613,0.5557501533166744,0.7565469203720482,0.6523241952480808,0.7122913412614612,6,6,30,0,available
generator_holdout,S+D+R+P+SC+BC,200,values_plus_missing,0.6599545281481313,0.5488376742546979,0.7710713820415648,0.6536756480247848,0.7183112442161136,6,6,30,0,available
generator_holdout,S+D+R+P+SC+BC,all,values_plus_missing,0.6650296015287145,0.5570026086717742,0.7730565943856549,0.657006913310246,0.7195345739557888,6,6,30,0,available
generator_holdout,S+D+R+F+H+SC,25,values_plus_missing,0.6554936965029249,0.5429164675838207,0.7680709254220289,0.6484113587919104,0.686184637459052,6,6,30,0,available
generator_holdout,S+D+R+F+H+SC,50,values_plus_missing,0.6528650111730626,0.5252927616223192,0.7804372607238058,0.6467108840162878,0.6874485972468745,6,6,30,0,available
generator_holdout,S+D+R+F+H+SC,100,values_plus_missing,0.655490706503508,0.5396836459162845,0.7712977670907315,0.6493490344966037,0.6979416467103691,6,6,30,0,available
generator_holdout,S+D+R+F+H+SC,200,values_plus_missing,0.6641750797189777,0.5467087715444252,0.7816413878935302,0.6563672062850331,0.7032943255315657,6,6,30,0,available
generator_holdout,S+D+R+F+H+SC,all,values_plus_missing,0.6661864498015067,0.5465867314715654,0.7857861681314477,0.6556050644537315,0.7035121200957065,6,6,30,0,available
generator_holdout,S+D+R+F+H+BC,25,values_plus_missing,0.6777816179226344,0.5601783072923817,0.795384928552887,0.6607982882615755,0.7148672653298441,6,6,30,0,available
generator_holdout,S+D+R+F+H+BC,50,values_plus_missing,0.6828027359254291,0.5612477734757576,0.8043576983751005,0.6665413546865967,0.725607049789161,6,6,30,0,available
generator_holdout,S+D+R+F+H+BC,100,values_plus_missing,0.681815161126052,0.5716571404380738,0.7919731818140302,0.6700933939369856,0.7341421867757163,6,6,30,0,available
generator_holdout,S+D+R+F+H+BC,200,values_plus_missing,0.6875743401222172,0.578131719618127,0.7970169606263072,0.6768863726295763,0.7372358522759195,6,6,30,0,available
generator_holdout,S+D+R+F+H+BC,all,values_plus_missing,0.6901698006113947,0.5796868152236593,0.8006527859991298,0.6781146415861886,0.7387130797696388,6,6,30,0,available
generator_holdout,S+D+R+F+SC+BC,25,values_plus_missing,0.6668848288462305,0.5611337470595235,0.7726359106329374,0.6587219216066849,0.6955060119719172,6,6,30,0,available
generator_holdout,S+D+R+F+SC+BC,50,values_plus_missing,0.6587180835918377,0.5329922060209975,0.784443961162678,0.6502601254463962,0.6905932331144912,6,6,30,0,available
generator_holdout,S+D+R+F+SC+BC,100,values_plus_missing,0.6594131533354294,0.539116701448957,0.7797096052219018,0.649816764186017,0.695525300566566,6,6,30,0,available
generator_holdout,S+D+R+F+SC+BC,200,values_plus_missing,0.663452547902892,0.5407188790033958,0.7861862168023882,0.6532720997581082,0.6988898330208457,6,6,30,0,available
generator_holdout,S+D+R+F+SC+BC,all,values_plus_missing,0.6656059442885183,0.541842651325846,0.7893692372511906,0.6525819827142051,0.6997179319488993,6,6,30,0,available
generator_holdout,S+D+R+H+SC+BC,25,values_plus_missing,0.6523935444717839,0.5684698217865283,0.7363172671570396,0.6564304237137769,0.7054244470700749,6,6,30,0,available
generator_holdout,S+D+R+H+SC+BC,50,values_plus_missing,0.6562865379611412,0.559576548498412,0.7529965274238704,0.6548884345056162,0.7030370780856462,6,6,30,0,available
generator_holdout,S+D+R+H+SC+BC,100,values_plus_missing,0.665527251080818,0.5741968563216813,0.756857645839955,0.6620483480326355,0.7200793499074138,6,6,30,0,available
generator_holdout,S+D+R+H+SC+BC,200,values_plus_missing,0.6607348779199115,0.5550650703426055,0.7664046854972174,0.660044554402072,0.7214949641636033,6,6,30,0,available
generator_holdout,S+D+R+H+SC+BC,all,values_plus_missing,0.661981416615066,0.553570990196886,0.7703918430332463,0.6583459918933149,0.7187754980432628,6,6,30,0,available
generator_holdout,S+D+P+F+H+SC,25,values_plus_missing,0.6378257480520796,0.5309213119330716,0.7447301841710877,0.6379065694280742,0.6658357517798499,6,6,30,0,available
generator_holdout,S+D+P+F+H+SC,50,values_plus_missing,0.6229228194304254,0.4797337736039029,0.7661118652569479,0.6266857970583617,0.6537118078147537,6,6,30,0,available
generator_holdout,S+D+P+F+H+SC,100,values_plus_missing,0.6305643150115682,0.4943349420142607,0.7667936880088758,0.6342868620327714,0.663744037154432,6,6,30,0,available
generator_holdout,S+D+P+F+H+SC,200,values_plus_missing,0.6403551807586666,0.5114130694455886,0.7692972920717445,0.642275044338179,0.6725107324377393,6,6,30,0,available
generator_holdout,S+D+P+F+H+SC,all,values_plus_missing,0.6414426398875618,0.5127334784120969,0.7701518013630269,0.6428851686932279,0.6741670514836062,6,6,30,0,available
generator_holdout,S+D+P+F+H+BC,25,values_plus_missing,0.6574806865772342,0.5428295942371236,0.7721317789173449,0.6507216881442028,0.6936830995496607,6,6,30,0,available
generator_holdout,S+D+P+F+H+BC,50,values_plus_missing,0.650346336217728,0.5108355896055871,0.7898570828298688,0.6472947980079218,0.6907086421923528,6,6,30,0,available
generator_holdout,S+D+P+F+H+BC,100,values_plus_missing,0.6513822235710695,0.5182373044640324,0.7845271426781064,0.6515966169756059,0.6996949564998498,6,6,30,0,available
generator_holdout,S+D+P+F+H+BC,200,values_plus_missing,0.6593277424663977,0.5313129765402606,0.787342508392535,0.6564818087829508,0.7051973040736176,6,6,30,0,available
generator_holdout,S+D+P+F+H+BC,all,values_plus_missing,0.6644603271589339,0.5387847388124594,0.7901359155054082,0.6602176899190502,0.7084897305002191,6,6,30,0,available
generator_holdout,S+D+P+F+SC+BC,25,values_plus_missing,0.6476009005126906,0.5395137344280602,0.755688066597321,0.6434547838806968,0.6730284274475827,6,6,30,0,available
generator_holdout,S+D+P+F+SC+BC,50,values_plus_missing,0.6303058929260376,0.4865842189087514,0.7740275669433236,0.6281078145825808,0.6576001641326008,6,6,30,0,available
generator_holdout,S+D+P+F+SC+BC,100,values_plus_missing,0.6351894888745228,0.4858492370779215,0.784529740671124,0.6288921666158839,0.66276489121407,6,6,30,0,available
generator_holdout,S+D+P+F+SC+BC,200,values_plus_missing,0.6448407027244619,0.5061644401424243,0.7835169653064994,0.6381483258404429,0.6700525441462718,6,6,30,0,available
generator_holdout,S+D+P+F+SC+BC,all,values_plus_missing,0.6419127004579765,0.507294132319155,0.7765312685967981,0.6374110885954749,0.6729664026168514,6,6,30,0,available
generator_holdout,S+D+P+H+SC+BC,25,values_plus_missing,0.6298374858604441,0.5364979931533808,0.7231769785675074,0.6390923459356647,0.6794672081110015,6,6,30,0,available
generator_holdout,S+D+P+H+SC+BC,50,values_plus_missing,0.6208861114939056,0.5022776770922005,0.7394945458956106,0.6311468513666131,0.6677269544893688,6,6,30,0,available
generator_holdout,S+D+P+H+SC+BC,100,values_plus_missing,0.6328844952430887,0.5150318646968907,0.7507371257892866,0.64017819196383,0.6810172647454883,6,6,30,0,available
generator_holdout,S+D+P+H+SC+BC,200,values_plus_missing,0.6292859366321383,0.508617291832569,0.7499545814317076,0.6372213061726948,0.6820957038254104,6,6,30,0,available
generator_holdout,S+D+P+H+SC+BC,all,values_plus_missing,0.6301939943657404,0.503984782747984,0.7564032059834968,0.6361570548355304,0.6800892302995862,6,6,30,0,available
generator_holdout,S+D+F+H+SC+BC,25,values_plus_missing,0.6472460091540045,0.5375182835855049,0.7569737347225042,0.644360103331214,0.6732944645457416,6,6,30,0,available
generator_holdout,S+D+F+H+SC+BC,50,values_plus_missing,0.6305803684010746,0.4895981524196575,0.7715625843824917,0.6313175056970083,0.6632318838118372,6,6,30,0,available
generator_holdout,S+D+F+H+SC+BC,100,values_plus_missing,0.638933232020613,0.5029880275695416,0.7748784364716844,0.6377620426309246,0.6710288281249552,6,6,30,0,available
generator_holdout,S+D+F+H+SC+BC,200,values_plus_missing,0.6427159089150565,0.5120148854472728,0.7734169323828403,0.6406729074672262,0.6750901782413548,6,6,30,0,available
generator_holdout,S+D+F+H+SC+BC,all,values_plus_missing,0.6466542758301171,0.5198545001876413,0.773454051472593,0.6447930353502309,0.6737390519260028,6,6,30,0,available
generator_holdout,S+R+P+F+H+SC,25,values_plus_missing,0.6521422419144035,0.559498421067084,0.744786062761723,0.6459351079694394,0.6830637742049921,6,6,30,0,available
generator_holdout,S+R+P+F+H+SC,50,values_plus_missing,0.6381535004137406,0.5116623463400792,0.764644654487402,0.6310314936828602,0.670713211048995,6,6,30,0,available
generator_holdout,S+R+P+F+H+SC,100,values_plus_missing,0.6483739636885315,0.5306250766583372,0.7661228507187258,0.6402624582009635,0.684367882632807,6,6,30,0,available
generator_holdout,S+R+P+F+H+SC,200,values_plus_missing,0.6601106177324167,0.5447722423593376,0.7754489931054959,0.6504910891283867,0.6986426437641512,6,6,30,0,available
generator_holdout,S+R+P+F+H+SC,all,values_plus_missing,0.6614330041851574,0.5446477469313782,0.7782182614389367,0.6513803638503045,0.6992543876156462,6,6,30,0,available
generator_holdout,S+R+P+F+H+BC,25,values_plus_missing,0.6644984397109773,0.5602480595143294,0.7687488199076252,0.649765456039216,0.7068913171547873,6,6,30,0,available
generator_holdout,S+R+P+F+H+BC,50,values_plus_missing,0.6600682042696854,0.5411274656524883,0.7790089428868825,0.6487688610313723,0.7062643855124835,6,6,30,0,available
generator_holdout,S+R+P+F+H+BC,100,values_plus_missing,0.6671446644239231,0.553116701448957,0.781172627398889,0.6556148411090938,0.7160352988203573,6,6,30,0,available
generator_holdout,S+R+P+F+H+BC,200,values_plus_missing,0.6820168951994224,0.5711599481926939,0.7928738422061509,0.669944958070706,0.7272282762687053,6,6,30,0,available
generator_holdout,S+R+P+F+H+BC,all,values_plus_missing,0.6811452984547229,0.5711212414531674,0.7911693554562783,0.668473280982994,0.7311603875120943,6,6,30,0,available
generator_holdout,S+R+P+F+SC+BC,25,values_plus_missing,0.6557064332133732,0.5573481432664232,0.7540647231603232,0.6449601293255193,0.6820830383416893,6,6,30,0,available
generator_holdout,S+R+P+F+SC+BC,50,values_plus_missing,0.6376727660345199,0.5061320148099331,0.7692135172591067,0.6289674497126588,0.6686698688373929,6,6,30,0,available
generator_holdout,S+R+P+F+SC+BC,100,values_plus_missing,0.6431192928330396,0.5195501185343842,0.766688467131695,0.6326716938825766,0.6766274600152098,6,6,30,0,available
generator_holdout,S+R+P+F+SC+BC,200,values_plus_missing,0.6587371272964075,0.538105575692671,0.779368678900144,0.6452547109232586,0.6892481340775007,6,6,30,0,available
generator_holdout,S+R+P+F+SC+BC,all,values_plus_missing,0.6583291475412058,0.5393548525871616,0.77730344249525,0.6444270256525552,0.691684333744116,6,6,30,0,available
generator_holdout,S+R+P+H+SC+BC,25,values_plus_missing,0.6388839388240758,0.574448940970792,0.7033189366773595,0.646549390357191,0.7010500406425099,6,6,30,0,available
generator_holdout,S+R+P+H+SC+BC,50,values_plus_missing,0.624930730293071,0.5275009336298981,0.7223605269562438,0.6307376463021285,0.6854012102673247,6,6,30,0,available
generator_holdout,S+R+P+H+SC+BC,100,values_plus_missing,0.6287415062920684,0.5380560292354303,0.7194269833487063,0.6337615883356639,0.6980818127413291,6,6,30,0,available
generator_holdout,S+R+P+H+SC+BC,200,values_plus_missing,0.6365146479925533,0.5344744281516874,0.7385548678334191,0.6394327268963566,0.7070490809951725,6,6,30,0,available
generator_holdout,S+R+P+H+SC+BC,all,values_plus_missing,0.6312786522887407,0.5333506558292372,0.7292066487482441,0.6358660330428237,0.7050904910357606,6,6,30,0,available
generator_holdout,S+R+F+H+SC+BC,25,values_plus_missing,0.6605942623154891,0.5637906586667399,0.7573978659642382,0.6524381979231135,0.6964137039716419,6,6,30,0,available
generator_holdout,S+R+F+H+SC+BC,50,values_plus_missing,0.6447108844258275,0.5183516832797869,0.7710700855718681,0.6387832134347652,0.6833757998967523,6,6,30,0,available
generator_holdout,S+R+F+H+SC+BC,100,values_plus_missing,0.653951212071949,0.5388792642630273,0.7690231598808704,0.6455413949520264,0.6946490976832757,6,6,30,0,available
generator_holdout,S+R+F+H+SC+BC,200,values_plus_missing,0.6641737419576832,0.5464814418174663,0.7818660420979001,0.6536493747548869,0.7023408931145482,6,6,30,0,available
generator_holdout,S+R+F+H+SC+BC,all,values_plus_missing,0.6657048378399598,0.5485584937437643,0.7828511819361551,0.6540869391795745,0.7008755176650838,6,6,30,0,available
generator_holdout,S+P+F+H+SC+BC,25,values_plus_missing,0.643949954783042,0.5480144483803352,0.7398854611857488,0.6405937626517061,0.67352490005025,6,6,30,0,available
generator_holdout,S+P+F+H+SC+BC,50,values_plus_missing,0.620762840267257,0.48126063148163406,0.76026504905288,0.621840251638253,0.64930166240381,6,6,30,0,available
generator_holdout,S+P+F+H+SC+BC,100,values_plus_missing,0.6312945824978017,0.4964231769045592,0.7661659880910442,0.6298722455035617,0.6637460756759295,6,6,30,0,available
generator_holdout,S+P+F+H+SC+BC,200,values_plus_missing,0.645455922456257,0.5195009427831324,0.7714109021293817,0.6415112886992586,0.6749368337452076,6,6,30,0,available
generator_holdout,S+P+F+H+SC+BC,all,values_plus_missing,0.6421128064323685,0.5169496732295357,0.7672759396352012,0.6387332500763063,0.674198597033672,6,6,30,0,available
generator_holdout,D+R+P+F+H+SC,25,values_plus_missing,0.6366245738818708,0.508271338477451,0.7649778092862906,0.6297867109053922,0.6741251197218577,6,6,30,0,available
generator_holdout,D+R+P+F+H+SC,50,values_plus_missing,0.6256902614586307,0.4896559413643811,0.7617245815528803,0.6189265283744982,0.6601626001818995,6,6,30,0,available
generator_holdout,D+R+P+F+H+SC,100,values_plus_missing,0.626769181130036,0.4972626680762648,0.7562756941838072,0.6214278083971068,0.668983402058622,6,6,30,0,available
generator_holdout,D+R+P+F+H+SC,200,values_plus_missing,0.6320915232892852,0.5008265004439318,0.7633565461346384,0.6275666957347864,0.6759546163257931,6,6,30,0,available
generator_holdout,D+R+P+F+H+SC,all,values_plus_missing,0.6355377290983001,0.5014499112136274,0.7696255469829727,0.6290803241965572,0.6786950921002907,6,6,30,0,available
generator_holdout,D+R+P+F+H+BC,25,values_plus_missing,0.6313041768473886,0.49821024750345533,0.7643981061913219,0.6228531205465995,0.6697941175218148,6,6,30,0,available
generator_holdout,D+R+P+F+H+BC,50,values_plus_missing,0.6212156091334237,0.4819034196483327,0.7605277986185146,0.6091908925164741,0.6606281289553867,6,6,30,0,available
generator_holdout,D+R+P+F+H+BC,100,values_plus_missing,0.6327882118739435,0.5000516700075972,0.7655247537402897,0.6223215080807217,0.6713122027229447,6,6,30,0,available
generator_holdout,D+R+P+F+H+BC,200,values_plus_missing,0.6409358122731439,0.5121137609724397,0.7697578635738482,0.6330100054862198,0.6806350652950593,6,6,30,0,available
generator_holdout,D+R+P+F+H+BC,all,values_plus_missing,0.6453881571702613,0.524402467711966,0.7663738466285567,0.6386034774457267,0.6865953523723844,6,6,30,0,available
generator_holdout,D+R+P+F+SC+BC,25,values_plus_missing,0.6323947646987984,0.5038389968970536,0.7609505325005431,0.6213105240895525,0.6617860692423919,6,6,30,0,available
generator_holdout,D+R+P+F+SC+BC,50,values_plus_missing,0.6210592839537342,0.4854931007496499,0.7566254671578184,0.6109857330671326,0.6515261226516595,6,6,30,0,available
generator_holdout,D+R+P+F+SC+BC,100,values_plus_missing,0.6164485133362381,0.47995056795818797,0.7529464587142881,0.6082645467996068,0.6554208613666592,6,6,30,0,available
generator_holdout,D+R+P+F+SC+BC,200,values_plus_missing,0.6269188046164419,0.49064445405534046,0.7631931551775434,0.6158150154892087,0.660598598082563,6,6,30,0,available
generator_holdout,D+R+P+F+SC+BC,all,values_plus_missing,0.6279531252533623,0.49274728835434,0.7631589621523847,0.6156645095617854,0.664042080578372,6,6,30,0,available
generator_holdout,D+R+P+H+SC+BC,25,values_plus_missing,0.6430104484657878,0.5549874577807069,0.7310334391508686,0.6485874788903534,0.699914354794426,6,6,30,0,available
generator_holdout,D+R+P+H+SC+BC,50,values_plus_missing,0.6310470820031874,0.539437272885374,0.7226568911210007,0.6348528511862768,0.6886415842357675,6,6,30,0,available
generator_holdout,D+R+P+H+SC+BC,100,values_plus_missing,0.6397357458241651,0.5531084887094855,0.7263630029388448,0.643441263585512,0.6997001507557006,6,6,30,0,available
generator_holdout,D+R+P+H+SC+BC,200,values_plus_missing,0.6430715559808922,0.5508020132538832,0.7353410987079011,0.6478469200884801,0.7057112191064286,6,6,30,0,available
generator_holdout,D+R+P+H+SC+BC,all,values_plus_missing,0.6442754412504083,0.5501370788368071,0.7384138036640094,0.6473642124953266,0.7084948291798435,6,6,30,0,available
generator_holdout,D+R+F+H+SC+BC,25,values_plus_missing,0.6441336034853203,0.5181901561541771,0.7700770508164636,0.6355974819232424,0.6830814086882562,6,6,30,0,available
generator_holdout,D+R+F+H+SC+BC,50,values_plus_missing,0.6338941754005493,0.506915392078791,0.7608729587223074,0.6281572152701648,0.6737686934483452,6,6,30,0,available
generator_holdout,D+R+F+H+SC+BC,100,values_plus_missing,0.6382828894342771,0.5224795859992128,0.7540861928693414,0.6324837833842217,0.6818650779321298,6,6,30,0,available
generator_holdout,D+R+F+H+SC+BC,200,values_plus_missing,0.6397067409639602,0.5223847653568389,0.7570287165710815,0.6351406999861117,0.6803628993263635,6,6,30,0,available
generator_holdout,D+R+F+H+SC+BC,all,values_plus_missing,0.6449075711415997,0.5267606314816341,0.7630545108015653,0.637579033689535,0.6795332454062868,6,6,30,0,available
generator_holdout,D+P+F+H+SC+BC,25,values_plus_missing,0.6117682877146021,0.4819996773484911,0.741536898080713,0.6159497585460404,0.6483903319342544,6,6,30,0,available
generator_holdout,D+P+F+H+SC+BC,50,values_plus_missing,0.6079695345905048,0.4446265617706016,0.7713125074104082,0.6058269026801726,0.624773908457171,6,6,30,0,available
generator_holdout,D+P+F+H+SC+BC,100,values_plus_missing,0.6088153358397446,0.4484219114699179,0.7692087602095713,0.6064224941964974,0.6355878516662998,6,6,30,0,available
generator_holdout,D+P+F+H+SC+BC,200,values_plus_missing,0.6129315937513234,0.4631346417881758,0.7627285457144709,0.6141294202530623,0.6380511718953029,6,6,30,0,available
generator_holdout,D+P+F+H+SC+BC,all,values_plus_missing,0.6132999906778747,0.4593124342111285,0.7672875471446208,0.6104655119773591,0.6375086239265174,6,6,30,0,available
generator_holdout,R+P+F+H+SC+BC,25,values_plus_missing,0.6279101864604734,0.5217515331667445,0.7340688397542023,0.6218032505577312,0.666388049467001,6,6,30,0,available
generator_holdout,R+P+F+H+SC+BC,50,values_plus_missing,0.6125484580420517,0.49171074177810725,0.7333861743059962,0.6073838164018741,0.6471727839683776,6,6,30,0,available
generator_holdout,R+P+F+H+SC+BC,100,values_plus_missing,0.6201172543491447,0.5075329493551547,0.7327015593431346,0.6148441990365517,0.6582933139924791,6,6,30,0,available
generator_holdout,R+P+F+H+SC+BC,200,values_plus_missing,0.626200004782573,0.5107867662538558,0.74161324331129,0.6210283991525689,0.6664001445466319,6,6,30,0,available
generator_holdout,R+P+F+H+SC+BC,all,values_plus_missing,0.6334423309271361,0.5192909538585458,0.7475937079957262,0.6243289705190166,0.667611507736782,6,6,30,0,available
generator_holdout,S+D+R+P+F+H+SC,25,values_plus_missing,0.650006013500985,0.5374296871424518,0.7625823398595183,0.6431138820327643,0.6795255813133865,6,6,30,0,available
generator_holdout,S+D+R+P+F+H+SC,50,values_plus_missing,0.6428909775366595,0.5076557033802894,0.7781262516930295,0.6365401914337344,0.6737145838788969,6,6,30,0,available
generator_holdout,S+D+R+P+F+H+SC,100,values_plus_missing,0.6436510947136519,0.517258242487483,0.7700439469398209,0.6393883359873312,0.6862666275771172,6,6,30,0,available
generator_holdout,S+D+R+P+F+H+SC,200,values_plus_missing,0.6612782500018207,0.5365295420636882,0.7860269579399531,0.6536814376985108,0.6981815150276398,6,6,30,0,available
generator_holdout,S+D+R+P+F+H+SC,all,values_plus_missing,0.6618272139660496,0.5352809127605239,0.7883735151715753,0.6520054403546209,0.7008121699865542,6,6,30,0,available
generator_holdout,S+D+R+P+F+H+BC,25,values_plus_missing,0.6675616769909349,0.5466081935176795,0.7885151604641903,0.6511085839383269,0.7056620423127261,6,6,30,0,available
generator_holdout,S+D+R+P+F+H+BC,50,values_plus_missing,0.6711571619550857,0.5413628090360729,0.8009515148740983,0.6557475102872672,0.7104480716828881,6,6,30,0,available
generator_holdout,S+D+R+P+F+H+BC,100,values_plus_missing,0.6690759274571018,0.5495650703426055,0.788586784571598,0.6594479999148924,0.7212463914398272,6,6,30,0,available
generator_holdout,S+D+R+P+F+H+BC,200,values_plus_missing,0.6822190365412543,0.5629116895955185,0.8015263834869898,0.6709290018490414,0.7300554128645882,6,6,30,0,available
generator_holdout,S+D+R+P+F+H+BC,all,values_plus_missing,0.6874297365260107,0.5700051303878225,0.8048543426641989,0.6754773248092959,0.7345060794436364,6,6,30,0,available
generator_holdout,S+D+R+P+F+SC+BC,25,values_plus_missing,0.6546909358985261,0.5432337644506686,0.7661481073463836,0.6469173629945651,0.6871934454008688,6,6,30,0,available
generator_holdout,S+D+R+P+F+SC+BC,50,values_plus_missing,0.645287316874216,0.5079646250377571,0.7826100087106749,0.6367948125188786,0.6776964942894835,6,6,30,0,available
generator_holdout,S+D+R+P+F+SC+BC,100,values_plus_missing,0.6462832246994565,0.5136508590310386,0.7789155903678745,0.6379352051565449,0.6842980487624415,6,6,30,0,available
generator_holdout,S+D+R+P+F+SC+BC,200,values_plus_missing,0.658495548316158,0.530749210533542,0.7862418860987738,0.6479867847539506,0.6938656032238293,6,6,30,0,available
generator_holdout,S+D+R+P+F+SC+BC,all,values_plus_missing,0.6615726401816341,0.5335779947094306,0.7895672856538375,0.6484496544059973,0.6973426558210958,6,6,30,0,available
generator_holdout,S+D+R+P+H+SC+BC,25,values_plus_missing,0.6525115646023077,0.5711151888769898,0.7339079403276257,0.6563007835410589,0.7031677102960576,6,6,30,0,available
generator_holdout,S+D+R+P+H+SC+BC,50,values_plus_missing,0.6459359924429845,0.5357539793686099,0.756118005517359,0.6439787525048177,0.6926305701390393,6,6,30,0,available
generator_holdout,S+D+R+P+H+SC+BC,100,values_plus_missing,0.6508062572266408,0.5465008764221838,0.7551116380310979,0.6490016401341688,0.7099673278453872,6,6,30,0,available
generator_holdout,S+D+R+P+H+SC+BC,200,values_plus_missing,0.6549161990079408,0.5445988663719324,0.7652335316439491,0.6554624940834022,0.7169920428648985,6,6,30,0,available
generator_holdout,S+D+R+P+H+SC+BC,all,values_plus_missing,0.6597429410335921,0.5478893053610493,0.771596576706135,0.6571577937061657,0.7169176477858519,6,6,30,0,available
generator_holdout,S+D+R+F+H+SC+BC,25,values_plus_missing,0.6622106015821382,0.5485796605980723,0.7758415425662039,0.6524448783759592,0.6933171502131209,6,6,30,0,available
generator_holdout,S+D+R+F+H+SC+BC,50,values_plus_missing,0.6498035357383936,0.5190120685394184,0.7805950029373688,0.6435204573466323,0.686924756656103,6,6,30,0,available
generator_holdout,S+D+R+F+H+SC+BC,100,values_plus_missing,0.6580265384317587,0.5386899273233197,0.7773631495401977,0.6509054604565316,0.6980131066599664,6,6,30,0,available
generator_holdout,S+D+R+F+H+SC+BC,200,values_plus_missing,0.6643077804863161,0.5421578635435831,0.7864576974290493,0.6560949574128172,0.7031148958434333,6,6,30,0,available
generator_holdout,S+D+R+F+H+SC+BC,all,values_plus_missing,0.6676207188076558,0.5463388252739105,0.788902612341401,0.6575343966113142,0.7031164392297442,6,6,30,0,available
generator_holdout,S+D+P+F+H+SC+BC,25,values_plus_missing,0.6444588075369503,0.5323257681851883,0.7565918468887123,0.6407622430669532,0.6703526170490087,6,6,30,0,available
generator_holdout,S+D+P+F+H+SC+BC,50,values_plus_missing,0.6228016705105551,0.4755730267915168,0.7700303142295933,0.6242548627547327,0.6517918859365384,6,6,30,0,available
generator_holdout,S+D+P+F+H+SC+BC,100,values_plus_missing,0.6345440458420838,0.4946783828065647,0.7744097088776029,0.6353600247366157,0.6646343676689632,6,6,30,0,available
generator_holdout,S+D+P+F+H+SC+BC,200,values_plus_missing,0.6440438928245843,0.5098495894774419,0.7782381961717268,0.6403414614053876,0.6740742700296105,6,6,30,0,available
generator_holdout,S+D+P+F+H+SC+BC,all,values_plus_missing,0.6465781867430759,0.511973361799892,0.7811830116862598,0.6430059116691768,0.6754778928910723,6,6,30,0,available
generator_holdout,S+R+P+F+H+SC+BC,25,values_plus_missing,0.6585820302704922,0.5632672652881896,0.7538967952527947,0.6509745781569153,0.6876986476879521,6,6,30,0,available
generator_holdout,S+R+P+F+H+SC+BC,50,values_plus_missing,0.63768975089692,0.5048328390586814,0.7705466627351587,0.6305714676062638,0.6694983210685983,6,6,30,0,available
generator_holdout,S+R+P+F+H+SC+BC,100,values_plus_missing,0.6468492714258024,0.5267917433250039,0.7669067995266009,0.6399483556368609,0.6833150435089533,6,6,30,0,available
generator_holdout,S+R+P+F+H+SC+BC,200,values_plus_missing,0.6602343043858818,0.5393552141399164,0.7811133946318473,0.6503366615571377,0.6973089169123077,6,6,30,0,available
generator_holdout,S+R+P+F+H+SC+BC,all,values_plus_missing,0.663271905077219,0.5456498407337232,0.7808939694207147,0.653433894725836,0.6983068100980565,6,6,30,0,available
generator_holdout,D+R+P+F+H+SC+BC,25,values_plus_missing,0.6382007601312149,0.5057553020109655,0.7706462182514641,0.629179734338816,0.6747749925099615,6,6,30,0,available
generator_holdout,D+R+P+F+H+SC+BC,50,values_plus_missing,0.6283155396784758,0.49175147595903007,0.7648796033979215,0.6222279014410536,0.659884686600242,6,6,30,0,available
generator_holdout,D+R+P+F+H+SC+BC,100,values_plus_missing,0.6292695145616518,0.49852696313992545,0.7600120659833781,0.6237626802879114,0.6702758179504812,6,6,30,0,available
generator_holdout,D+R+P+F+H+SC+BC,200,values_plus_missing,0.6343350700876025,0.5057267690913584,0.7629433710838466,0.6309683524943971,0.6760868705072178,6,6,30,0,available
generator_holdout,D+R+P+F+H+SC+BC,all,values_plus_missing,0.6407531333190194,0.5080433520059313,0.7734629146321074,0.6330280862593759,0.6780971079744197,6,6,30,0,available
generator_holdout,S+D+R+P+F+H+SC+BC,25,values_plus_missing,0.6546144252963529,0.5422229338861887,0.7670059167065172,0.6480145118148891,0.6866866339294956,6,6,30,0,available
generator_holdout,S+D+R+P+F+H+SC+BC,50,values_plus_missing,0.6410955568223992,0.5009112616818153,0.781279851962983,0.6345201340460358,0.6738419462961587,6,6,30,0,available
generator_holdout,S+D+R+P+F+H+SC+BC,100,values_plus_missing,0.6447743835656105,0.5141689892998691,0.7753797778313517,0.6396966741371141,0.6868144229251757,6,6,30,0,available
generator_holdout,S+D+R+P+F+H+SC+BC,200,values_plus_missing,0.6593806223311712,0.5300274482613431,0.7887337964009992,0.6519828747716973,0.6982487344204048,6,6,30,0,available
generator_holdout,S+D+R+P+F+H+SC+BC,all,values_plus_missing,0.662876953426772,0.5345759009070855,0.7911780059464585,0.6536561395561068,0.7006097869303461,6,6,30,0,available
ordinary_group_holdout_descriptive,S,25,values_plus_missing,0.7194206432351598,0.694354491034407,0.7444867954359123,0.7196326915576623,0.7618710020307622,1,1,5,0,available
ordinary_group_holdout_descriptive,S,50,values_plus_missing,0.7301590418032369,0.6926815338074709,0.7676365497990029,0.7280780293711748,0.766441144244709,1,1,5,0,available
ordinary_group_holdout_descriptive,S,100,values_plus_missing,0.71817018567386,0.6963419190671024,0.7399984522806178,0.7202017768210729,0.7673347277347033,1,1,5,0,available
ordinary_group_holdout_descriptive,S,200,values_plus_missing,0.722315031467991,0.6985410110662603,0.7460890518697217,0.7196744119764791,0.7671710450952464,1,1,5,0,available
ordinary_group_holdout_descriptive,S,all,values_plus_missing,0.7198088150098405,0.6976306258066288,0.7419870042130522,0.7174815117604705,0.7677621787666838,1,1,5,0,available
ordinary_group_holdout_descriptive,D,25,values_plus_missing,0.6413965929002734,0.5421664515656607,0.740626734234886,0.6286770220808833,0.6705407317263857,1,1,5,0,available
ordinary_group_holdout_descriptive,D,50,values_plus_missing,0.6337439619177397,0.5597128104090581,0.7077751134264214,0.624004335173407,0.6674377248189385,1,1,5,0,available
ordinary_group_holdout_descriptive,D,100,values_plus_missing,0.6372034938269427,0.5444527029500874,0.7299542847037981,0.6275327575603025,0.6695388737598027,1,1,5,0,available
ordinary_group_holdout_descriptive,D,200,values_plus_missing,0.6368817302388174,0.5521267356820533,0.7216367247955816,0.6255447092883715,0.6695749131773048,1,1,5,0,available
ordinary_group_holdout_descriptive,D,all,values_plus_missing,0.6357809168226101,0.5468822939835791,0.7246795396616409,0.6262094233769351,0.669529950390559,1,1,5,0,available
ordinary_group_holdout_descriptive,R,25,values_plus_missing,0.628855791232025,0.7801691815177892,0.47754240094626077,0.6165204420676826,0.6646374946207921,1,1,5,0,available
ordinary_group_holdout_descriptive,R,50,values_plus_missing,0.6308484288113464,0.7649812061216831,0.49671565150100966,0.6183355146705868,0.6638630596742008,1,1,5,0,available
ordinary_group_holdout_descriptive,R,100,values_plus_missing,0.6304518539591712,0.7590662717046067,0.5018374362137359,0.6183097323892955,0.6656379644181151,1,1,5,0,available
ordinary_group_holdout_descriptive,R,200,values_plus_missing,0.6308625124174045,0.7440275649650804,0.5176974598697287,0.6199297971918877,0.6665843103948822,1,1,5,0,available
ordinary_group_holdout_descriptive,R,all,values_plus_missing,0.6320140293527328,0.7405313910170159,0.5234966676884495,0.6204731001740069,0.6668663726404869,1,1,5,0,available
ordinary_group_holdout_descriptive,P,25,values_plus_missing,0.5444951111029988,0.18884474283988248,0.900145479366115,0.5453894718288732,0.549002589753743,1,1,5,0,available
ordinary_group_holdout_descriptive,P,50,values_plus_missing,0.5437503470556356,0.1889971144428884,0.8985035796683829,0.5439925409516381,0.5530308107805025,1,1,5,0,available
ordinary_group_holdout_descriptive,P,100,values_plus_missing,0.5483498628156616,0.19467634392362543,0.9020233817076978,0.5487205425717029,0.5556846819637198,1,1,5,0,available
ordinary_group_holdout_descriptive,P,200,values_plus_missing,0.5480368750271942,0.19776177105930381,0.8983119789950845,0.5489732089283571,0.556255433218487,1,1,5,0,available
ordinary_group_holdout_descriptive,P,all,values_plus_missing,0.5478087611827862,0.19776177105930381,0.8978557513062687,0.5486727281591264,0.5546835775235556,1,1,5,0,available
ordinary_group_holdout_descriptive,F,25,values_plus_missing,0.6911580593047006,0.63717526155367,0.7451408570557314,0.6679631247749911,0.7103414855812658,1,1,5,0,available
ordinary_group_holdout_descriptive,F,50,values_plus_missing,0.693327506846648,0.633567516544471,0.7530874971488251,0.665127542601704,0.7088031504478296,1,1,5,0,available
ordinary_group_holdout_descriptive,F,100,values_plus_missing,0.6887167669596106,0.6413196103468161,0.7361139235724052,0.6664129065162606,0.7103857215900348,1,1,5,0,available
ordinary_group_holdout_descriptive,F,200,values_plus_missing,0.6884386228459808,0.6375329974096348,0.7393442482823268,0.6675731091743671,0.7133104781227473,1,1,5,0,available
ordinary_group_holdout_descriptive,F,all,values_plus_missing,0.686650908222969,0.640829356253032,0.732472460192906,0.6660228909156366,0.7137174390551689,1,1,5,0,available
ordinary_group_holdout_descriptive,H,25,values_plus_missing,0.6341800804023034,0.6330893035304025,0.6352708572742044,0.622747566152646,0.6723433994903584,1,1,5,0,available
ordinary_group_holdout_descriptive,H,50,values_plus_missing,0.6225185939557084,0.637742036686163,0.6072951512252538,0.6189725714028561,0.6720319962368527,1,1,5,0,available
ordinary_group_holdout_descriptive,H,100,values_plus_missing,0.6288104999910659,0.6339310212263504,0.6236899787557814,0.6236330703228129,0.6734990962137448,1,1,5,0,available
ordinary_group_holdout_descriptive,H,200,values_plus_missing,0.6189516564252251,0.6197406659893273,0.6181626468611229,0.6136557962318493,0.66911505001508,1,1,5,0,available
ordinary_group_holdout_descriptive,H,all,values_plus_missing,0.6239600590777477,0.6153665321141225,0.6325535860413727,0.6171303102124085,0.6696232714684819,1,1,5,0,available
ordinary_group_holdout_descriptive,SC,25,values_plus_missing,0.6471350840497566,0.707410957336775,0.5868592107627383,0.6541892925717029,0.6720693424960478,1,1,5,0,available
ordinary_group_holdout_descriptive,SC,50,values_plus_missing,0.6491592793898504,0.6917519519272135,0.6065666068524873,0.6548024420976839,0.6793056718465927,1,1,5,0,available
ordinary_group_holdout_descriptive,SC,100,values_plus_missing,0.6486847480407326,0.6933290038535116,0.6040404922279536,0.6553874654986199,0.6787114338467679,1,1,5,0,available
ordinary_group_holdout_descriptive,SC,200,values_plus_missing,0.6417085652848319,0.6929196277379611,0.5904975028317027,0.6510752617604705,0.6789094647214722,1,1,5,0,available
ordinary_group_holdout_descriptive,SC,all,values_plus_missing,0.647573794553929,0.7014977643225233,0.5936498247853349,0.6549754177667106,0.681770040002425,1,1,5,0,available
ordinary_group_holdout_descriptive,BC,25,values_plus_missing,0.47322379381707147,0.45721550832486657,0.4892320793092763,0.4913704360674427,0.49669299226794345,1,1,5,0,available
ordinary_group_holdout_descriptive,BC,50,values_plus_missing,0.48646192787707593,0.3777254647554713,0.5951983909986805,0.4971723868954758,0.4946704722427214,1,1,5,0,available
ordinary_group_holdout_descriptive,BC,100,values_plus_missing,0.47996144098642357,0.47169910115239216,0.48822378082045503,0.49733598718948757,0.5059559496889482,1,1,5,0,available
ordinary_group_holdout_descriptive,BC,200,values_plus_missing,0.478969126958727,0.6654570370065263,0.29248121691092777,0.4855483281831273,0.4868490533944,1,1,5,0,available
ordinary_group_holdout_descriptive,BC,all,values_plus_missing,0.4801609050470903,0.6861924559042937,0.2741293541898869,0.4858783413836553,0.4862338272037411,1,1,5,0,available
ordinary_group_holdout_descriptive,S+D,25,values_plus_missing,0.7277138277784456,0.6974346550603655,0.7579930004965257,0.7239130190207608,0.7735719029478736,1,1,5,0,available
ordinary_group_holdout_descriptive,S+D,50,values_plus_missing,0.737187733837585,0.7031857305653952,0.7711897371097747,0.7333591781171247,0.780609895172615,1,1,5,0,available
ordinary_group_holdout_descriptive,S+D,100,values_plus_missing,0.7330548551715877,0.6967540457295586,0.7693556646136169,0.7301335803432137,0.7823664525598237,1,1,5,0,available
ordinary_group_holdout_descriptive,S+D,200,values_plus_missing,0.7299819089150585,0.6977986723233655,0.7621651455067516,0.7281197497899916,0.782947471027629,1,1,5,0,available
ordinary_group_holdout_descriptive,S+D,all,values_plus_missing,0.7302431785987207,0.6968701659481377,0.7636161912493038,0.7278352071582863,0.7834702165072899,1,1,5,0,available
ordinary_group_holdout_descriptive,S+R,25,values_plus_missing,0.7440017441293452,0.7396341658199925,0.7483693224386977,0.7273350309012361,0.7865766640013032,1,1,5,0,available
ordinary_group_holdout_descriptive,S+R,50,values_plus_missing,0.7526209007154931,0.736981432664232,0.7682603687667543,0.7372668344233769,0.7934788138206513,1,1,5,0,available
ordinary_group_holdout_descriptive,S+R,100,values_plus_missing,0.7493458044812935,0.7428555665394367,0.7558360424231502,0.7320789706588263,0.7961217047776283,1,1,5,0,available
ordinary_group_holdout_descriptive,S+R,200,values_plus_missing,0.7504562654996407,0.73805848459053,0.7628540464087514,0.7330441655166207,0.7978747051728357,1,1,5,0,available
ordinary_group_holdout_descriptive,S+R,all,values_plus_missing,0.7493920999970108,0.73643471226808,0.7623494877259417,0.7337665381615264,0.7985544936949907,1,1,5,0,available
ordinary_group_holdout_descriptive,S+P,25,values_plus_missing,0.7158801848509163,0.6877767160025995,0.7439836536992331,0.710624362474499,0.7570913710059112,1,1,5,0,available
ordinary_group_holdout_descriptive,S+P,50,values_plus_missing,0.7271688718846968,0.6895493862756404,0.7647883574937532,0.7237241052142085,0.7680149696663495,1,1,5,0,available
ordinary_group_holdout_descriptive,S+P,100,values_plus_missing,0.7164022061031752,0.696648746922225,0.7361556652841252,0.7200067690207608,0.7730291112029073,1,1,5,0,available
ordinary_group_holdout_descriptive,S+P,200,values_plus_missing,0.7222589007038558,0.7016340903058097,0.7428837111019018,0.7204385050402016,0.772959961479452,1,1,5,0,available
ordinary_group_holdout_descriptive,S+P,all,values_plus_missing,0.7199918215807914,0.7018091321818565,0.7381745109797263,0.7203330320712829,0.7734922921948246,1,1,5,0,available
ordinary_group_holdout_descriptive,S+F,25,values_plus_missing,0.7557152382450248,0.7436892705787589,0.7677412059112908,0.7431709768390735,0.7941045874085931,1,1,5,0,available
ordinary_group_holdout_descriptive,S+F,50,values_plus_missing,0.7616463771308328,0.7421530191943323,0.7811397350673333,0.7509258182827313,0.8057283439670302,1,1,5,0,available
ordinary_group_holdout_descriptive,S+F,100,values_plus_missing,0.7625895853050599,0.747163126653303,0.7780160439568169,0.7505456468258731,0.8046804203915372,1,1,5,0,available
ordinary_group_holdout_descriptive,S+F,200,values_plus_missing,0.7617307359536301,0.7462443661842912,0.777217105722969,0.7463548541941678,0.8056279114952252,1,1,5,0,available
ordinary_group_holdout_descriptive,S+F,all,values_plus_missing,0.7584136701747448,0.7517889927780982,0.7650383475713913,0.7455687289991599,0.8061316629323713,1,1,5,0,available
ordinary_group_holdout_descriptive,S+H,25,values_plus_missing,0.7129091665902674,0.7074517578786464,0.7183665753018884,0.7232740872134885,0.7761501086477106,1,1,5,0,available
ordinary_group_holdout_descriptive,S+H,50,values_plus_missing,0.7310832256570663,0.7089364445176703,0.7532300067964622,0.7350823720448818,0.7811365686018619,1,1,5,0,available
ordinary_group_holdout_descriptive,S+H,100,values_plus_missing,0.7295589857241385,0.7145361758702439,0.7445817955780331,0.734101239049562,0.7840398273705343,1,1,5,0,available
ordinary_group_holdout_descriptive,S+H,200,values_plus_missing,0.7226768607670958,0.7137492013803076,0.731604520153884,0.729804973448938,0.7850025174837778,1,1,5,0,available
ordinary_group_holdout_descriptive,S+H,all,values_plus_missing,0.7304788208976831,0.7152920957245242,0.7456655460708421,0.7332893315732629,0.7860567637204084,1,1,5,0,available
ordinary_group_holdout_descriptive,S+SC,25,values_plus_missing,0.709048061943772,0.7146885474732496,0.7034075764142944,0.7105423279431178,0.7703754548027038,1,1,5,0,available
ordinary_group_holdout_descriptive,S+SC,50,values_plus_missing,0.7215008586818918,0.7087398170268465,0.7342619003369371,0.7238591106144245,0.7782338081477874,1,1,5,0,available
ordinary_group_holdout_descriptive,S+SC,100,values_plus_missing,0.7174985885990157,0.7129486549322204,0.722048522265811,0.723389404326173,0.7789900712050635,1,1,5,0,available
ordinary_group_holdout_descriptive,S+SC,200,values_plus_missing,0.7128901162143403,0.7031041294816524,0.7226761029470282,0.7176127670106804,0.777948367402182,1,1,5,0,available
ordinary_group_holdout_descriptive,S+SC,all,values_plus_missing,0.7158738194263055,0.707155399035249,0.724592239817362,0.7215607374294972,0.7803099223185876,1,1,5,0,available
ordinary_group_holdout_descriptive,S+BC,25,values_plus_missing,0.7199389493900288,0.6920309036072897,0.7478469951727679,0.7182516988179527,0.7624869133863909,1,1,5,0,available
ordinary_group_holdout_descriptive,S+BC,50,values_plus_missing,0.732572592395289,0.6967223343493423,0.7684228504412358,0.7290211920976839,0.7663603505016996,1,1,5,0,available
ordinary_group_holdout_descriptive,S+BC,100,values_plus_missing,0.7157659950825487,0.6959778926508683,0.7355540975142291,0.7183988922056882,0.7679287605540754,1,1,5,0,available
ordinary_group_holdout_descriptive,S+BC,200,values_plus_missing,0.7195476179381026,0.6982645055880495,0.7408307302881556,0.7189679774690988,0.7675219672594321,1,1,5,0,available
ordinary_group_holdout_descriptive,S+BC,all,values_plus_missing,0.7182507541205911,0.6974332660570614,0.7390682421841208,0.7170755580223209,0.7681099750130551,1,1,5,0,available
ordinary_group_holdout_descriptive,D+R,25,values_plus_missing,0.6976354200953552,0.6793201252162452,0.7159507149744652,0.683961264700588,0.7483411531210906,1,1,5,0,available
ordinary_group_holdout_descriptive,D+R,50,values_plus_missing,0.6907987724458887,0.6950317800294735,0.6865657648623039,0.6756092118684747,0.7440535974930652,1,1,5,0,available
ordinary_group_holdout_descriptive,D+R,100,values_plus_missing,0.6889894945988064,0.6880018100520818,0.6899771791455311,0.6775236634465378,0.7451719713580405,1,1,5,0,available
ordinary_group_holdout_descriptive,D+R,200,values_plus_missing,0.6890137137308989,0.6734648355621459,0.7045625918996521,0.6793387360494421,0.7472683457964818,1,1,5,0,available
ordinary_group_holdout_descriptive,D+R,all,values_plus_missing,0.6932191083821146,0.6737026343008302,0.7127355824633991,0.6793387360494421,0.7469882739251272,1,1,5,0,available
ordinary_group_holdout_descriptive,D+P,25,values_plus_missing,0.6404216431060961,0.5267653751453075,0.7540779110668847,0.6321576300552022,0.6723348551617454,1,1,5,0,available
ordinary_group_holdout_descriptive,D+P,50,values_plus_missing,0.6460268151024249,0.5572834962609038,0.7347701339439459,0.6322227889115565,0.6764283679871881,1,1,5,0,available
ordinary_group_holdout_descriptive,D+P,100,values_plus_missing,0.6465065121214889,0.5541465135330569,0.7388665107099209,0.6361032566302652,0.6831866119746526,1,1,5,0,available
ordinary_group_holdout_descriptive,D+P,200,values_plus_missing,0.6458169950705082,0.5657717320665258,0.7258622580744905,0.6332554864694588,0.683374252819837,1,1,5,0,available
ordinary_group_holdout_descriptive,D+P,all,values_plus_missing,0.6458203012530513,0.5636573440975369,0.7279832584085658,0.6353747899915996,0.6820755939414354,1,1,5,0,available
ordinary_group_holdout_descriptive,D+F,25,values_plus_missing,0.7101788192109069,0.6556260949556526,0.7647315434661611,0.6928111499459979,0.7377021738100796,1,1,5,0,available
ordinary_group_holdout_descriptive,D+F,50,values_plus_missing,0.711669003771181,0.6645120685394184,0.7588259390029437,0.6960944062762511,0.738742887786062,1,1,5,0,available
ordinary_group_holdout_descriptive,D+F,100,values_plus_missing,0.7088827816466716,0.6618862024146233,0.75587936087872,0.6968327170586823,0.7384505536993351,1,1,5,0,available
ordinary_group_holdout_descriptive,D+F,200,values_plus_missing,0.7076908736967994,0.6620553244363896,0.7533264229572092,0.6948348246429857,0.7409806546864991,1,1,5,0,available
ordinary_group_holdout_descriptive,D+F,all,values_plus_missing,0.7051143050325249,0.6641365639673779,0.746092046097672,0.6946079405676227,0.7393647784828156,1,1,5,0,available
ordinary_group_holdout_descriptive,D+H,25,values_plus_missing,0.6677534978050952,0.6371088319557716,0.6983981636544186,0.6642715708628345,0.7135800343009936,1,1,5,0,available
ordinary_group_holdout_descriptive,D+H,50,values_plus_missing,0.6558568612708371,0.6392486407447071,0.6724650817969672,0.655404341173647,0.7120580116016378,1,1,5,0,available
ordinary_group_holdout_descriptive,D+H,100,values_plus_missing,0.6646239630577664,0.6355010960998069,0.6937468300157258,0.6590738629545181,0.7134997311835012,1,1,5,0,available
ordinary_group_holdout_descriptive,D+H,200,values_plus_missing,0.6545728850699728,0.6340830587363046,0.6750627114036409,0.6503022620904837,0.7107261082582877,1,1,5,0,available
ordinary_group_holdout_descriptive,D+H,all,values_plus_missing,0.6518578272420809,0.6289972700478714,0.6747183844362903,0.6516734106864275,0.7110453127418023,1,1,5,0,available
ordinary_group_holdout_descriptive,D+SC,25,values_plus_missing,0.6526098760350576,0.6436549047605972,0.661564847309518,0.6621621114844594,0.7301088483650515,1,1,5,0,available
ordinary_group_holdout_descriptive,D+SC,50,values_plus_missing,0.6617361758143289,0.6518864220922463,0.6715859295364114,0.667938748799952,0.7341017036646661,1,1,5,0,available
ordinary_group_holdout_descriptive,D+SC,100,values_plus_missing,0.657295373975735,0.6372584621651061,0.6773322857863641,0.6645561134945398,0.7349259452873833,1,1,5,0,available
ordinary_group_holdout_descriptive,D+SC,200,values_plus_missing,0.6580044644218777,0.6355897016960943,0.6804192271476609,0.6629801129545181,0.7348268735219511,1,1,5,0,available
ordinary_group_holdout_descriptive,D+SC,all,values_plus_missing,0.6606438333645883,0.6349268610813631,0.6863608056478135,0.6672027818612745,0.7358511889724946,1,1,5,0,available
ordinary_group_holdout_descriptive,D+BC,25,values_plus_missing,0.6284000185043526,0.5454206391703508,0.7113793978383542,0.6262253615144606,0.6680662078112591,1,1,5,0,available
ordinary_group_holdout_descriptive,D+BC,50,values_plus_missing,0.6244564846937679,0.5639164515656607,0.6849965178218751,0.6220481631765271,0.6659775406125357,1,1,5,0,available
ordinary_group_holdout_descriptive,D+BC,100,values_plus_missing,0.6381529321577644,0.5491319324308245,0.7271739318847042,0.6270630512720509,0.669606834721572,1,1,5,0,available
ordinary_group_holdout_descriptive,D+BC,200,values_plus_missing,0.6414943489926458,0.5580984979542521,0.7248902000310394,0.6271464921096843,0.6694209190911353,1,1,5,0,available
ordinary_group_holdout_descriptive,D+BC,all,values_plus_missing,0.6405656420575724,0.5551368431410239,0.7259944409741209,0.6267883527841114,0.6691611914967586,1,1,5,0,available
ordinary_group_holdout_descriptive,R+P,25,values_plus_missing,0.6369147429847865,0.7036613692323183,0.5701681167372546,0.6150789781591264,0.6682832631242037,1,1,5,0,available
ordinary_group_holdout_descriptive,R+P,50,values_plus_missing,0.635224980474705,0.7314773045555647,0.5389726563938452,0.621217504950198,0.6712877892100737,1,1,5,0,available
ordinary_group_holdout_descriptive,R+P,100,values_plus_missing,0.6345096425290012,0.7454804830161738,0.5235388020418287,0.62473748949958,0.6748518281864803,1,1,5,0,available
ordinary_group_holdout_descriptive,R+P,200,values_plus_missing,0.6376910539560334,0.7293981588269215,0.5459839490851455,0.6256511197947918,0.6782120766210973,1,1,5,0,available
ordinary_group_holdout_descriptive,R+P,all,values_plus_missing,0.6409329179403985,0.7230341324106874,0.5588317034701097,0.6249348411436457,0.6783350457063009,1,1,5,0,available
ordinary_group_holdout_descriptive,R+F,25,values_plus_missing,0.7148546347977776,0.6829263462119339,0.7467829233836213,0.6749112151986079,0.7341866727236498,1,1,5,0,available
ordinary_group_holdout_descriptive,R+F,50,values_plus_missing,0.7021904820549572,0.692688185920495,0.7116927781894192,0.668173133175327,0.7376727067715002,1,1,5,0,available
ordinary_group_holdout_descriptive,R+F,100,values_plus_missing,0.7062076153498532,0.7050943835754363,0.7073208471242701,0.6754779566182647,0.738391893447153,1,1,5,0,available
ordinary_group_holdout_descriptive,R+F,200,values_plus_missing,0.7143267109257656,0.6987568626374129,0.7298965592141183,0.6794798354434177,0.7443252876810245,1,1,5,0,available
ordinary_group_holdout_descriptive,R+F,all,values_plus_missing,0.7207997186577386,0.7021268089079276,0.7394726284075498,0.6848406748769951,0.7449395785394137,1,1,5,0,available
ordinary_group_holdout_descriptive,R+H,25,values_plus_missing,0.6831782264758576,0.7268648753787151,0.639491577573,0.6759907896315853,0.7468286701762459,1,1,5,0,available
ordinary_group_holdout_descriptive,R+H,50,values_plus_missing,0.6889519748790814,0.7352916586575867,0.6426122911005762,0.6788680922236889,0.7466279875955584,1,1,5,0,available
ordinary_group_holdout_descriptive,R+H,100,values_plus_missing,0.6912904320350357,0.7401242688854106,0.6424565951846609,0.6794788979059163,0.7490298009287798,1,1,5,0,available
ordinary_group_holdout_descriptive,R+H,200,values_plus_missing,0.6894983475448966,0.7210433909071771,0.6579533041826162,0.6793757687807512,0.7491427727472166,1,1,5,0,available
ordinary_group_holdout_descriptive,R+H,all,values_plus_missing,0.6876836575637518,0.7163300038443584,0.6590373112831452,0.6759392250690027,0.7490163067457585,1,1,5,0,available
ordinary_group_holdout_descriptive,R+SC,25,values_plus_missing,0.6708907717155026,0.7728457451190378,0.5689357983119674,0.6762804887195488,0.7276621673360035,1,1,5,0,available
ordinary_group_holdout_descriptive,R+SC,50,values_plus_missing,0.684165832257605,0.7739168771910555,0.5944147873241544,0.6805608161826473,0.7291386619458089,1,1,5,0,available
ordinary_group_holdout_descriptive,R+SC,100,values_plus_missing,0.6792065810956953,0.7610789947002773,0.5973341674911133,0.6721276663566542,0.7284377696993424,1,1,5,0,available
ordinary_group_holdout_descriptive,R+SC,200,values_plus_missing,0.6849873219559541,0.7508728981885749,0.6191017457233333,0.6753813902556103,0.7298681729323329,1,1,5,0,available
ordinary_group_holdout_descriptive,R+SC,all,values_plus_missing,0.682848927133707,0.7528648845319493,0.6128329697354646,0.6737575753030121,0.7307612158053207,1,1,5,0,available
ordinary_group_holdout_descriptive,R+BC,25,values_plus_missing,0.628269719764872,0.7782908600378944,0.4782485794918497,0.6134420376815073,0.6583368801781389,1,1,5,0,available
ordinary_group_holdout_descriptive,R+BC,50,values_plus_missing,0.6249398735853753,0.7622231924650574,0.487656554705693,0.6138761175447018,0.6584774104985539,1,1,5,0,available
ordinary_group_holdout_descriptive,R+BC,100,values_plus_missing,0.625770893955279,0.7583898591317242,0.4931519287788338,0.6155318087723509,0.6617079447916715,1,1,5,0,available
ordinary_group_holdout_descriptive,R+BC,200,values_plus_missing,0.6291296106577771,0.7449320303704314,0.5133271909451228,0.6182164474078963,0.6633863246997784,1,1,5,0,available
ordinary_group_holdout_descriptive,R+BC,all,values_plus_missing,0.6303045425172511,0.7381046168913786,0.5225044681431236,0.6182066032641306,0.664442108482133,1,1,5,0,available
ordinary_group_holdout_descriptive,P+F,25,values_plus_missing,0.6971534602054964,0.643508880925575,0.7507980394854178,0.6732283353834154,0.7118597241704251,1,1,5,0,available
ordinary_group_holdout_descriptive,P+F,50,values_plus_missing,0.6939619306932112,0.6360012288217042,0.7519226325647183,0.6674676362054482,0.7165775083518021,1,1,5,0,available
ordinary_group_holdout_descriptive,P+F,100,values_plus_missing,0.6959221568053922,0.6502355539079734,0.7416087597028108,0.6753734211868475,0.7196941106599682,1,1,5,0,available
ordinary_group_holdout_descriptive,P+F,200,values_plus_missing,0.6992495536859962,0.6579981167220438,0.7405009906499486,0.676073761700468,0.7234132821959929,1,1,5,0,available
ordinary_group_holdout_descriptive,P+F,all,values_plus_missing,0.6976990759987745,0.6623373699096576,0.7330607820878913,0.6772119322272891,0.7232122732607635,1,1,5,0,available
ordinary_group_holdout_descriptive,P+H,25,values_plus_missing,0.6390687565558121,0.6024166414952724,0.6757208716163517,0.6318023033421336,0.679470746441539,1,1,5,0,available
ordinary_group_holdout_descriptive,P+H,50,values_plus_missing,0.6426560788259918,0.6265233773603903,0.6587887802915933,0.6338555104704188,0.6855315423978741,1,1,5,0,available
ordinary_group_holdout_descriptive,P+H,100,values_plus_missing,0.6429844825727301,0.6343452325379172,0.651623732607543,0.6378611394455778,0.6918305767598317,1,1,5,0,available
ordinary_group_holdout_descriptive,P+H,200,values_plus_missing,0.6455864607467527,0.6302458627380985,0.660927058755407,0.6324267033181328,0.6877763939944341,1,1,5,0,available
ordinary_group_holdout_descriptive,P+H,all,values_plus_missing,0.6461716664296535,0.627538757082315,0.6648045757769919,0.6342774023460938,0.6876510683967563,1,1,5,0,available
ordinary_group_holdout_descriptive,P+SC,25,values_plus_missing,0.6360873318909676,0.6705642534164448,0.6016104103654903,0.6473982396795872,0.6854403840944601,1,1,5,0,available
ordinary_group_holdout_descriptive,P+SC,50,values_plus_missing,0.6473512987187546,0.6835064164172411,0.6111961810202683,0.6571547236889476,0.6976942344620175,1,1,5,0,available
ordinary_group_holdout_descriptive,P+SC,100,values_plus_missing,0.6470874275665577,0.6789429456023286,0.6152319095307867,0.6573080110704428,0.7001725048454543,1,1,5,0,available
ordinary_group_holdout_descriptive,P+SC,200,values_plus_missing,0.6419719503231645,0.6774885813402166,0.6064553193061122,0.6524107839313573,0.7003334714528118,1,1,5,0,available
ordinary_group_holdout_descriptive,P+SC,all,values_plus_missing,0.6425170702081923,0.6827894893410588,0.6022446510753258,0.6531430007200287,0.7030661179360369,1,1,5,0,available
ordinary_group_holdout_descriptive,P+BC,25,values_plus_missing,0.5430774221633314,0.22780511162369224,0.8583497327029707,0.5492971281351254,0.5532950081206802,1,1,5,0,available
ordinary_group_holdout_descriptive,P+BC,50,values_plus_missing,0.5384084635998868,0.23683234020741228,0.8399845869923613,0.5471876687567503,0.5561038280914434,1,1,5,0,available
ordinary_group_holdout_descriptive,P+BC,100,values_plus_missing,0.5453939280037108,0.22132460343612415,0.8694632525712974,0.5524870994839793,0.5625597878756292,1,1,5,0,available
ordinary_group_holdout_descriptive,P+BC,200,values_plus_missing,0.5425020243659533,0.21237269452911187,0.8726313542027947,0.5509907896315852,0.5556732155649243,1,1,5,0,available
ordinary_group_holdout_descriptive,P+BC,all,values_plus_missing,0.5418416371341375,0.21237269452911187,0.871310579739163,0.5497888665546622,0.5437333450732397,1,1,5,0,available
ordinary_group_holdout_descriptive,F+H,25,values_plus_missing,0.6986041496541013,0.6704399181700854,0.7267683811381173,0.6856928964658586,0.7454299017171162,1,1,5,0,available
ordinary_group_holdout_descriptive,F+H,50,values_plus_missing,0.699022369595745,0.6666923735251852,0.7313523656663049,0.6863735486919477,0.7478590009587445,1,1,5,0,available
ordinary_group_holdout_descriptive,F+H,100,values_plus_missing,0.693831704244238,0.6754036667856588,0.7122597417028173,0.6856291439157567,0.7488941089620005,1,1,5,0,available
ordinary_group_holdout_descriptive,F+H,200,values_plus_missing,0.7069518214441606,0.6788245210570155,0.7350791218313057,0.6897880602724109,0.7507990018878585,1,1,5,0,available
ordinary_group_holdout_descriptive,F+H,all,values_plus_missing,0.7097469890924033,0.6797453753283723,0.7397486028564342,0.691379998949958,0.749797705100705,1,1,5,0,available
ordinary_group_holdout_descriptive,F+SC,25,values_plus_missing,0.7051115091292527,0.6789354445268235,0.7312875737316819,0.6883911293951759,0.7451780939171879,1,1,5,0,available
ordinary_group_holdout_descriptive,F+SC,50,values_plus_missing,0.7118057126743198,0.6822199636616598,0.7413914616869799,0.6942793336733469,0.7504633436459888,1,1,5,0,available
ordinary_group_holdout_descriptive,F+SC,100,values_plus_missing,0.7061008960071316,0.6898074845996832,0.72239430741458,0.6916584475879035,0.7503662758299215,1,1,5,0,available
ordinary_group_holdout_descriptive,F+SC,200,values_plus_missing,0.7093433116271124,0.6877624964531218,0.730924126801103,0.6903988659546382,0.7512034317088214,1,1,5,0,available
ordinary_group_holdout_descriptive,F+SC,all,values_plus_missing,0.7093398031822256,0.6925553907973382,0.726124215567113,0.6915370364814593,0.7516487329977022,1,1,5,0,available
ordinary_group_holdout_descriptive,F+BC,25,values_plus_missing,0.6929085003551626,0.6391508498778044,0.7466661508325209,0.6694336523460938,0.7102797525775025,1,1,5,0,available
ordinary_group_holdout_descriptive,F+BC,50,values_plus_missing,0.6886603916289642,0.6337746222002544,0.7435461610576741,0.6662239927097084,0.7089664360873794,1,1,5,0,available
ordinary_group_holdout_descriptive,F+BC,100,values_plus_missing,0.6893051215843405,0.6441428362211787,0.7344674069475023,0.667672488149526,0.711627365927854,1,1,5,0,available
ordinary_group_holdout_descriptive,F+BC,200,values_plus_missing,0.6966230403922542,0.6384615037848623,0.7547845769996461,0.6683372022380896,0.7143200969849721,1,1,5,0,available
ordinary_group_holdout_descriptive,F+BC,all,values_plus_missing,0.6980368102224765,0.6454960229196987,0.7505775975252545,0.6694434964898596,0.714191021318307,1,1,5,0,available
ordinary_group_holdout_descriptive,H+SC,25,values_plus_missing,0.6635304837261402,0.6805940128694474,0.6464669545828331,0.6693909943897756,0.7337447461763731,1,1,5,0,available
ordinary_group_holdout_descriptive,H+SC,50,values_plus_missing,0.6644413449502924,0.6878642369406229,0.6410184529599617,0.6774819430277211,0.737529033983316,1,1,5,0,available
ordinary_group_holdout_descriptive,H+SC,100,values_plus_missing,0.6624221392912223,0.6967854619179686,0.6280588166644759,0.6787513688047522,0.7380528359694578,1,1,5,0,available
ordinary_group_holdout_descriptive,H+SC,200,values_plus_missing,0.6533787178162056,0.683927355356015,0.6228300802763961,0.6694327148085923,0.7353670352295612,1,1,5,0,available
ordinary_group_holdout_descriptive,H+SC,all,values_plus_missing,0.6613860327909223,0.6849357305653953,0.6378363350164494,0.672242514700588,0.7363435593651644,1,1,5,0,available
ordinary_group_holdout_descriptive,H+BC,25,values_plus_missing,0.6207748900881331,0.631294315383841,0.6102554647924253,0.6202701233049321,0.6697774116445219,1,1,5,0,available
ordinary_group_holdout_descriptive,H+BC,50,values_plus_missing,0.6180246733356447,0.6417723682163092,0.5942769784549802,0.6203216878675147,0.6703890905794021,1,1,5,0,available
ordinary_group_holdout_descriptive,H+BC,100,values_plus_missing,0.6232912274505402,0.6420164483620288,0.6045660065390517,0.6237165111604464,0.6721561178254275,1,1,5,0,available
ordinary_group_holdout_descriptive,H+BC,200,values_plus_missing,0.62441913634245,0.6254557853017363,0.6233824873831639,0.6156635327913116,0.6671435747083977,1,1,5,0,available
ordinary_group_holdout_descriptive,H+BC,all,values_plus_missing,0.6250256359320006,0.6193724519684031,0.6306788198955982,0.617667519200768,0.6680346525526537,1,1,5,0,available
ordinary_group_holdout_descriptive,SC+BC,25,values_plus_missing,0.6367431092436795,0.7012700638895755,0.5722161545977835,0.6468624369974799,0.6725469779709747,1,1,5,0,available
ordinary_group_holdout_descriptive,SC+BC,50,values_plus_missing,0.6460932285438373,0.6913530448233883,0.6008334122642863,0.6555984114364575,0.6791651203086295,1,1,5,0,available
ordinary_group_holdout_descriptive,SC+BC,100,values_plus_missing,0.6488156068423959,0.6961825521047862,0.6014486615800057,0.6566311089943597,0.6798011745941739,1,1,5,0,available
ordinary_group_holdout_descriptive,SC+BC,200,values_plus_missing,0.6394928702982874,0.6974011359163761,0.5815846046801988,0.6519865482119285,0.6797327678598639,1,1,5,0,available
ordinary_group_holdout_descriptive,SC+BC,all,values_plus_missing,0.6435585967001423,0.7030702579381424,0.5840469354621423,0.6551226111544461,0.6827944627538374,1,1,5,0,available
ordinary_group_holdout_descriptive,S+D+R,25,values_plus_missing,0.7535355581582877,0.7423918270770976,0.7646792892394777,0.740946200348014,0.7984299745946084,1,1,5,0,available
ordinary_group_holdout_descriptive,S+D+R,50,values_plus_missing,0.7598278961262893,0.7427879081198342,0.7768678841327444,0.744430558472339,0.8068692728869641,1,1,5,0,available
ordinary_group_holdout_descriptive,S+D+R,100,values_plus_missing,0.7653854205287769,0.7462007487345654,0.7845700923229884,0.7474930247209889,0.8109939029814809,1,1,5,0,available
ordinary_group_holdout_descriptive,S+D+R,200,values_plus_missing,0.7708590181138213,0.7436986549322203,0.7980193812954223,0.7535345163806553,0.8126392038609884,1,1,5,0,available
ordinary_group_holdout_descriptive,S+D+R,all,values_plus_missing,0.7622422470957341,0.7411254290578576,0.7833590651336105,0.7503665771630865,0.8131781810076528,1,1,5,0,available
ordinary_group_holdout_descriptive,S+D+P,25,values_plus_missing,0.7231689015097948,0.6895197206432893,0.7568180823763005,0.7193223666446658,0.7696121463570681,1,1,5,0,available
ordinary_group_holdout_descriptive,S+D+P,50,values_plus_missing,0.7448510485912214,0.7018516741265527,0.78785042305589,0.7385887623004921,0.7819799519814703,1,1,5,0,available
ordinary_group_holdout_descriptive,S+D+P,100,values_plus_missing,0.7369576709211896,0.698888287063734,0.7750270547786453,0.7338129462678507,0.7875045252682404,1,1,5,0,available
ordinary_group_holdout_descriptive,S+D+P,200,values_plus_missing,0.7351696958487774,0.7060528599280556,0.7642865317694995,0.731914432827313,0.7880656257371694,1,1,5,0,available
ordinary_group_holdout_descriptive,S+D+P,all,values_plus_missing,0.7347349502544525,0.7046340994590438,0.7648358010498613,0.7322308517340693,0.7881895946476877,1,1,5,0,available
ordinary_group_holdout_descriptive,S+D+F,25,values_plus_missing,0.7534515035445346,0.7395571230469287,0.7673458840421405,0.7478633520340814,0.799102055009379,1,1,5,0,available
ordinary_group_holdout_descriptive,S+D+F,50,values_plus_missing,0.7669662164700896,0.7419350829740688,0.7919973499661103,0.7570409066362654,0.811674487010443,1,1,5,0,available
ordinary_group_holdout_descriptive,S+D+F,100,values_plus_missing,0.7675388040613196,0.745317592058654,0.7897600160639852,0.7578945345313812,0.8108904036717405,1,1,5,0,available
ordinary_group_holdout_descriptive,S+D+F,200,values_plus_missing,0.7645574590764125,0.7494434581834492,0.7796714599693758,0.7529335548421936,0.8121539927709194,1,1,5,0,available
ordinary_group_holdout_descriptive,S+D+F,all,values_plus_missing,0.7641074007480768,0.7524884463300107,0.775726355166143,0.7544936172446898,0.81242540327259,1,1,5,0,available
ordinary_group_holdout_descriptive,S+D+H,25,values_plus_missing,0.7180619333034919,0.7156264473551729,0.7204974192518109,0.7314864469578783,0.7822076358549022,1,1,5,0,available
ordinary_group_holdout_descriptive,S+D+H,50,values_plus_missing,0.7393113091925937,0.7146006649824715,0.7640219534027158,0.7417187312492499,0.7893450510705439,1,1,5,0,available
ordinary_group_holdout_descriptive,S+D+H,100,values_plus_missing,0.7342878846508962,0.7155493954288747,0.7530263738729176,0.7390880010200408,0.7921698972999588,1,1,5,0,available
ordinary_group_holdout_descriptive,S+D+H,200,values_plus_missing,0.7293144900120236,0.71742944915836,0.7411995308656872,0.7353608206828273,0.7934489821408901,1,1,5,0,available
ordinary_group_holdout_descriptive,S+D+H,all,values_plus_missing,0.7345596722071206,0.7153848225645532,0.7537345218496881,0.7374960623424937,0.7939155120576513,1,1,5,0,available
ordinary_group_holdout_descriptive,S+D+SC,25,values_plus_missing,0.714146736418587,0.7018398344179916,0.7264536384191823,0.7151512623004921,0.7809038037895017,1,1,5,0,available
ordinary_group_holdout_descriptive,S+D+SC,50,values_plus_missing,0.730664593996144,0.7078548525871616,0.7534743354051264,0.7329949447977919,0.790164397080164,1,1,5,0,available
ordinary_group_holdout_descriptive,S+D+SC,100,values_plus_missing,0.723485691620537,0.695471981949822,0.751499401291252,0.7277456723268931,0.7927580425143351,1,1,5,0,available
ordinary_group_holdout_descriptive,S+D+SC,200,values_plus_missing,0.7151399716826621,0.6927418444682428,0.7375380988970814,0.7246832060782431,0.7923394716371298,1,1,5,0,available
ordinary_group_holdout_descriptive,S+D+SC,all,values_plus_missing,0.7211654639852978,0.6982463936256876,0.744084534344908,0.7309136115444618,0.7940435984693872,1,1,5,0,available
ordinary_group_holdout_descriptive,S+D+BC,25,values_plus_missing,0.7274570902223877,0.7011909364674008,0.7537232439773746,0.7237597316392657,0.7744819734371701,1,1,5,0,available
ordinary_group_holdout_descriptive,S+D+BC,50,values_plus_missing,0.7341330173004228,0.7031857305653952,0.7650803040354505,0.7333591781171247,0.7816835936389197,1,1,5,0,available
ordinary_group_holdout_descriptive,S+D+BC,100,values_plus_missing,0.7351643103978927,0.7013903808660791,0.7689382399297061,0.7326686817472698,0.7839713049373571,1,1,5,0,available
ordinary_group_holdout_descriptive,S+D+BC,200,values_plus_missing,0.7302027750937226,0.7005078717814941,0.7598976784059511,0.7280719353774151,0.7844057089125795,1,1,5,0,available
ordinary_group_holdout_descriptive,S+D+BC,all,values_plus_missing,0.7298281455888761,0.6991281796047634,0.7605281115729888,0.7278928657146286,0.7845340375998523,1,1,5,0,available
ordinary_group_holdout_descriptive,S+R+P,25,values_plus_missing,0.7342944877837214,0.7265501093811498,0.742038866186293,0.7195028426137046,0.7772485636711537,1,1,5,0,available
ordinary_group_holdout_descriptive,S+R+P,50,values_plus_missing,0.7440005159556149,0.7293572987890271,0.7586437331222026,0.7308732974318972,0.7910663436122782,1,1,5,0,available
ordinary_group_holdout_descriptive,S+R+P,100,values_plus_missing,0.7500124079422118,0.7398534727370917,0.7601713431473319,0.7338241967178687,0.7975349904339044,1,1,5,0,available
ordinary_group_holdout_descriptive,S+R+P,200,values_plus_missing,0.742853512122523,0.7313531111843369,0.7543539130607093,0.7295340251110045,0.7996553369364634,1,1,5,0,available
ordinary_group_holdout_descriptive,S+R+P,all,values_plus_missing,0.7456682578810525,0.7329831649138222,0.7583533508482828,0.7318164601584063,0.80008104238105,1,1,5,0,available
ordinary_group_holdout_descriptive,S+R+F,25,values_plus_missing,0.772353600005109,0.7611244199137764,0.7835827800964416,0.745636231699268,0.803502063743845,1,1,5,0,available
ordinary_group_holdout_descriptive,S+R+F,50,values_plus_missing,0.7775138187968051,0.7645797933199696,0.7904478442736407,0.7540914136565462,0.8161870674422866,1,1,5,0,available
ordinary_group_holdout_descriptive,S+R+F,100,values_plus_missing,0.7712384229918543,0.7687973679874784,0.7736794779962302,0.7509173804452178,0.8158289926624631,1,1,5,0,available
ordinary_group_holdout_descriptive,S+R+F,200,values_plus_missing,0.7770716365551729,0.7660351667261627,0.7881081063841829,0.7542704833193328,0.8199287545483855,1,1,5,0,available
ordinary_group_holdout_descriptive,S+R+F,all,values_plus_missing,0.7773246943176144,0.7671593006013674,0.7874900880338614,0.7540595373814952,0.8203744098042032,1,1,5,0,available
ordinary_group_holdout_descriptive,S+R+H,25,values_plus_missing,0.7515559837930625,0.7570491002370687,0.7460628673490564,0.7420304624684988,0.8006848539961725,1,1,5,0,available
ordinary_group_holdout_descriptive,S+R+H,50,values_plus_missing,0.7541464671370808,0.7480163133518228,0.7602766209223386,0.742442510200408,0.8053099568688455,1,1,5,0,available
ordinary_group_holdout_descriptive,S+R+H,100,values_plus_missing,0.7501225399322571,0.7542666749045775,0.7459784049599366,0.7411608964358574,0.810638372890972,1,1,5,0,available
ordinary_group_holdout_descriptive,S+R+H,200,values_plus_missing,0.7541937558597891,0.7483437268308757,0.7600437848887025,0.7430434717388695,0.8129773059478353,1,1,5,0,available
ordinary_group_holdout_descriptive,S+R+H,all,values_plus_missing,0.7559088924253525,0.7492666749045775,0.7625511099461274,0.7430275336013441,0.8138125898659933,1,1,5,0,available
ordinary_group_holdout_descriptive,S+R+SC,25,values_plus_missing,0.741760549532356,0.7561345273727471,0.727386571691965,0.7274859744389776,0.7926555506750798,1,1,5,0,available
ordinary_group_holdout_descriptive,S+R+SC,50,values_plus_missing,0.7391619952919193,0.7506348889255019,0.7276891016583368,0.7362796074342974,0.800850163778777,1,1,5,0,available
ordinary_group_holdout_descriptive,S+R+SC,100,values_plus_missing,0.749048176595841,0.7538559280921914,0.7442404250994907,0.7363213278531141,0.8032602942942209,1,1,5,0,available
ordinary_group_holdout_descriptive,S+R+SC,200,values_plus_missing,0.7405830099991793,0.7451076603417818,0.7360583596565768,0.7332490174606985,0.8053048842478875,1,1,5,0,available
ordinary_group_holdout_descriptive,S+R+SC,all,values_plus_missing,0.7392841518308124,0.7420306084154836,0.7365376952461413,0.7313884742889716,0.8067443191137258,1,1,5,0,available
ordinary_group_holdout_descriptive,S+R+BC,25,values_plus_missing,0.7457752717511407,0.7401763370586997,0.7513742064435817,0.7271081468258731,0.7842439734149658,1,1,5,0,available
ordinary_group_holdout_descriptive,S+R+BC,50,values_plus_missing,0.7446527416603239,0.7367701394037582,0.7525353439168897,0.7376727881615264,0.7918679515668968,1,1,5,0,available
ordinary_group_holdout_descriptive,S+R+BC,100,values_plus_missing,0.7502322340396312,0.7430201394037583,0.7574443286755042,0.7334759015360615,0.7955879575312673,1,1,5,0,available
ordinary_group_holdout_descriptive,S+R+BC,200,values_plus_missing,0.7471582474439813,0.7367777915076292,0.7575387033803332,0.7329546306852274,0.797581003144695,1,1,5,0,available
ordinary_group_holdout_descriptive,S+R+BC,all,values_plus_missing,0.7471060538703054,0.7347697778510036,0.7594423298896071,0.732085064652586,0.7985093101365923,1,1,5,0,available
ordinary_group_holdout_descriptive,S+P+F,25,values_plus_missing,0.7529968870469286,0.7417297095678759,0.7642640645259812,0.7385901686067442,0.7897983763721945,1,1,5,0,available
ordinary_group_holdout_descriptive,S+P+F,50,values_plus_missing,0.759449164383645,0.743069685860999,0.7758286429062909,0.7480105454218169,0.8068989718872484,1,1,5,0,available
ordinary_group_holdout_descriptive,S+P+F,100,values_plus_missing,0.7654558312951072,0.7511202323090864,0.7797914302811279,0.7535921749369975,0.8073899120105372,1,1,5,0,available
ordinary_group_holdout_descriptive,S+P+F,200,values_plus_missing,0.767294615699951,0.7510836193719049,0.7835056120279972,0.7512938017520701,0.8087105749165214,1,1,5,0,available
ordinary_group_holdout_descriptive,S+P+F,all,values_plus_missing,0.7653995500738447,0.7537868989757531,0.7770122011719364,0.7505554909696388,0.8091643125591395,1,1,5,0,available
ordinary_group_holdout_descriptive,S+P+H,25,values_plus_missing,0.710028852320177,0.7021731585980907,0.7178845460422633,0.7204544431777271,0.7721816189997005,1,1,5,0,available
ordinary_group_holdout_descriptive,S+P+H,50,values_plus_missing,0.7283826750720906,0.7039444581742959,0.7528208919698854,0.7309553319632786,0.7821685286863497,1,1,5,0,available
ordinary_group_holdout_descriptive,S+P+H,100,values_plus_missing,0.7301211802272638,0.7196296166625477,0.7406127437919799,0.7372373019920797,0.7891579113994405,1,1,5,0,available
ordinary_group_holdout_descriptive,S+P+H,200,values_plus_missing,0.7220932905040599,0.7178792551097931,0.7263073258983267,0.7325510207908317,0.7899719479759392,1,1,5,0,available
ordinary_group_holdout_descriptive,S+P+H,all,values_plus_missing,0.7301691014488855,0.7183346285159861,0.7420035743817849,0.7357508362834513,0.7904968409612383,1,1,5,0,available
ordinary_group_holdout_descriptive,S+P+SC,25,values_plus_missing,0.701470228207907,0.7093586786390972,0.6935817777767168,0.7030045264310573,0.7689745298485621,1,1,5,0,available
ordinary_group_holdout_descriptive,S+P+SC,50,values_plus_missing,0.7166091460019126,0.7080441895268693,0.7251741024769558,0.7217716833673347,0.7812800515664076,1,1,5,0,available
ordinary_group_holdout_descriptive,S+P+SC,100,values_plus_missing,0.7150072932087437,0.7124137742446294,0.7176008121728579,0.7222929542181686,0.7847369528162844,1,1,5,0,available
ordinary_group_holdout_descriptive,S+P+SC,200,values_plus_missing,0.7129498236133138,0.7069534901282367,0.7189461570983909,0.7214712025981039,0.7838531804013735,1,1,5,0,available
ordinary_group_holdout_descriptive,S+P+SC,all,values_plus_missing,0.713029731978811,0.710004398129079,0.7160550658285431,0.7217238689547583,0.7858539855258477,1,1,5,0,available
ordinary_group_holdout_descriptive,S+P+BC,25,values_plus_missing,0.714354042410126,0.6891623280336107,0.7395457567866414,0.7126958515840633,0.7577173851139376,1,1,5,0,available
ordinary_group_holdout_descriptive,S+P+BC,50,values_plus_missing,0.7280920574586738,0.6909370921089968,0.7652470228083508,0.7243986634465378,0.7674542989649077,1,1,5,0,available
ordinary_group_holdout_descriptive,S+P+BC,100,values_plus_missing,0.716003180626287,0.6984067605788505,0.7335996006737235,0.7208763350534021,0.7733547961092174,1,1,5,0,available
ordinary_group_holdout_descriptive,S+P+BC,200,values_plus_missing,0.7209591134900304,0.7056075848275989,0.7363106421524619,0.7218771563362534,0.7730938888836765,1,1,5,0,available
ordinary_group_holdout_descriptive,S+P+BC,all,values_plus_missing,0.7178536833614645,0.705111772432289,0.73059559429064,0.7198792639205569,0.7735656251311607,1,1,5,0,available
ordinary_group_holdout_descriptive,S+F+H,25,values_plus_missing,0.7537473351742587,0.7554535656424197,0.7520411047060979,0.7496062342493699,0.8016189988191581,1,1,5,0,available
ordinary_group_holdout_descriptive,S+F+H,50,values_plus_missing,0.76782408984137,0.7498685000594959,0.7857796796232441,0.7602186899976,0.8140032869674674,1,1,5,0,available
ordinary_group_holdout_descriptive,S+F+H,100,values_plus_missing,0.7623721296761449,0.7608280610703791,0.7639161982819106,0.7569490279611184,0.8141812849975649,1,1,5,0,available
ordinary_group_holdout_descriptive,S+F+H,200,values_plus_missing,0.7650907761031618,0.7624093006013676,0.7677722516049559,0.7570385627925117,0.8151737693322694,1,1,5,0,available
ordinary_group_holdout_descriptive,S+F+H,all,values_plus_missing,0.7646720719880975,0.7653301548727244,0.7640139891034706,0.7561947790411616,0.8156017834241315,1,1,5,0,available
ordinary_group_holdout_descriptive,S+F+SC,25,values_plus_missing,0.7420724484860175,0.7509901785796012,0.7331547183924338,0.7382517175687027,0.7971551811230666,1,1,5,0,available
ordinary_group_holdout_descriptive,S+F+SC,50,values_plus_missing,0.7554077627697288,0.7473196858609991,0.7634958396784585,0.7457379545181808,0.8107631909092495,1,1,5,0,available
ordinary_group_holdout_descriptive,S+F+SC,100,values_plus_missing,0.751709811897236,0.7521125802052154,0.7513070435892565,0.7431648828453138,0.8110269838623804,1,1,5,0,available
ordinary_group_holdout_descriptive,S+F+SC,200,values_plus_missing,0.7500778553843437,0.7489455519857943,0.751210158782893,0.7392009742889716,0.8107525176645213,1,1,5,0,available
ordinary_group_holdout_descriptive,S+F+SC,all,values_plus_missing,0.752223736281862,0.7561896321315137,0.7482578404322102,0.7429061224948998,0.8119429898276399,1,1,5,0,available
ordinary_group_holdout_descriptive,S+F+BC,25,values_plus_missing,0.7683109153770915,0.7454818033702209,0.7911400273839622,0.7458434274870995,0.7963247699952661,1,1,5,0,available
ordinary_group_holdout_descriptive,S+F+BC,50,values_plus_missing,0.7651969918704675,0.7460797933199697,0.7843141904209653,0.7532659118864755,0.8078166851536229,1,1,5,0,available
ordinary_group_holdout_descriptive,S+F+BC,100,values_plus_missing,0.7647233785349417,0.7480002860385717,0.7814464710313117,0.7524221281351253,0.8070155308131082,1,1,5,0,available
ordinary_group_holdout_descriptive,S+F+BC,200,values_plus_missing,0.7651925526439405,0.7464573916943552,0.7839277135935258,0.7474353661646466,0.8087145936648575,1,1,5,0,available
ordinary_group_holdout_descriptive,S+F+BC,all,values_plus_missing,0.7674937591631094,0.754002018288162,0.7809855000380567,0.7469337836013441,0.8088252976399802,1,1,5,0,available
ordinary_group_holdout_descriptive,S+H+SC,25,values_plus_missing,0.7124317264396227,0.7217823498183082,0.7030811030609373,0.7203785026401056,0.7838249031266515,1,1,5,0,available
ordinary_group_holdout_descriptive,S+H+SC,50,values_plus_missing,0.7329363923561762,0.7235937268308756,0.7422790578814769,0.7376849761490459,0.7899275223516293,1,1,5,0,available
ordinary_group_holdout_descriptive,S+H+SC,100,values_plus_missing,0.723128598189388,0.7236202323090865,0.7226369640696896,0.7322763223028921,0.7930392172419325,1,1,5,0,available
ordinary_group_holdout_descriptive,S+H+SC,200,values_plus_missing,0.7203286787813052,0.719115321598887,0.7215420359637233,0.7322346018840753,0.7925658834321588,1,1,5,0,available
ordinary_group_holdout_descriptive,S+H+SC,all,values_plus_missing,0.7262656275067245,0.7232802560159634,0.7292509989974857,0.7353866029641185,0.7945206545327241,1,1,5,0,available
ordinary_group_holdout_descriptive,S+H+BC,25,values_plus_missing,0.7108695482742983,0.7074942906701084,0.7142448058784882,0.7228681334753391,0.7761201382906093,1,1,5,0,available
ordinary_group_holdout_descriptive,S+H+BC,50,values_plus_missing,0.7324791698064063,0.7090176840486585,0.755940655564154,0.7367797836913477,0.7807412833458822,1,1,5,0,available
ordinary_group_holdout_descriptive,S+H+BC,100,values_plus_missing,0.7316447422475618,0.7172962833292144,0.7459932011659092,0.7347598591443658,0.7840627384031522,1,1,5,0,available
ordinary_group_holdout_descriptive,S+H+BC,200,values_plus_missing,0.7191497111138054,0.714125067505103,0.7241743547225079,0.7289930659726389,0.7853773763361462,1,1,5,0,available
ordinary_group_holdout_descriptive,S+H+BC,all,values_plus_missing,0.727688191523826,0.716710856193536,0.7386655268541159,0.7307640743129725,0.7865285172595794,1,1,5,0,available
ordinary_group_holdout_descriptive,S+SC+BC,25,values_plus_missing,0.7062192480606941,0.7140257068585184,0.69841278926287,0.7099413664046562,0.7714992510666258,1,1,5,0,available
ordinary_group_holdout_descriptive,S+SC+BC,50,values_plus_missing,0.7195167779615799,0.710495736881127,0.7285378190420326,0.7238272343393736,0.7789271095197317,1,1,5,0,available
ordinary_group_holdout_descriptive,S+SC+BC,100,values_plus_missing,0.719897256619882,0.7144427350779398,0.7253517781618242,0.7243644433277332,0.7800031495168481,1,1,5,0,available
ordinary_group_holdout_descriptive,S+SC+BC,200,values_plus_missing,0.7198606528879377,0.7113178780972257,0.7284034276786496,0.7240958388335533,0.7793006021455072,1,1,5,0,available
ordinary_group_holdout_descriptive,S+SC+BC,all,values_plus_missing,0.7190011652634063,0.7099929199732725,0.7280094105535401,0.722414365324613,0.781493467001047,1,1,5,0,available
ordinary_group_holdout_descriptive,D+R+P,25,values_plus_missing,0.6906676602655133,0.6510408028301801,0.7302945177008464,0.678650583523341,0.7372201535172265,1,1,5,0,available
ordinary_group_holdout_descriptive,D+R+P,50,values_plus_missing,0.6951707465728931,0.6865369767782447,0.7038045163675416,0.6777346093843755,0.742656559789699,1,1,5,0,available
ordinary_group_holdout_descriptive,D+R+P,100,values_plus_missing,0.6928396617625112,0.6841673920604846,0.7015119314645379,0.6816886737969519,0.7491150926407858,1,1,5,0,available
ordinary_group_holdout_descriptive,D+R+P,200,values_plus_missing,0.6960132560595809,0.6788399785814317,0.71318653353773,0.6844726914076563,0.7521681382893718,1,1,5,0,available
ordinary_group_holdout_descriptive,D+R+P,all,values_plus_missing,0.697766810171788,0.6754620186542915,0.7200716016892844,0.6834240557122284,0.7515201723039038,1,1,5,0,available
ordinary_group_holdout_descriptive,D+R+F,25,values_plus_missing,0.7321855171910755,0.6896445776240036,0.7747264567581474,0.7004300484519381,0.7631725226596288,1,1,5,0,available
ordinary_group_holdout_descriptive,D+R+F,50,values_plus_missing,0.7345780905617638,0.7142341923643719,0.7549219887591558,0.7047816287651506,0.7681255540766119,1,1,5,0,available
ordinary_group_holdout_descriptive,D+R+F,100,values_plus_missing,0.7335293413384643,0.7070692579472957,0.7599894247296327,0.7012714883595343,0.7694699488329515,1,1,5,0,available
ordinary_group_holdout_descriptive,D+R+F,200,values_plus_missing,0.734666432702098,0.705510336289828,0.763822529114368,0.7078084685887436,0.773325908488224,1,1,5,0,available
ordinary_group_holdout_descriptive,D+R+F,all,values_plus_missing,0.7392386988683459,0.7080166176968632,0.7704607800398287,0.7083775538521541,0.7722183897014551,1,1,5,0,available
ordinary_group_holdout_descriptive,D+R+H,25,values_plus_missing,0.7163058817826858,0.7122152726290835,0.7203964909362882,0.7050760155406216,0.7754257072509303,1,1,5,0,available
ordinary_group_holdout_descriptive,D+R+H,50,values_plus_missing,0.7079261171818396,0.7249980503610951,0.690854184002584,0.6961708155826234,0.7748022707739407,1,1,5,0,available
ordinary_group_holdout_descriptive,D+R+H,100,values_plus_missing,0.7167247047738095,0.7223578891726392,0.7110915203749796,0.7039256570262811,0.7783305137475989,1,1,5,0,available
ordinary_group_holdout_descriptive,D+R+H,200,values_plus_missing,0.7123611055228205,0.7101570649238909,0.7145651461217501,0.700405672476899,0.7780211275302407,1,1,5,0,available
ordinary_group_holdout_descriptive,D+R+H,all,values_plus_missing,0.7188018927453591,0.7066120767773293,0.7309917087133889,0.7023618444737789,0.7783553927567329,1,1,5,0,available
ordinary_group_holdout_descriptive,D+R+SC,25,values_plus_missing,0.7166908017181723,0.7314325521047862,0.7019490513315586,0.7100027751110045,0.7738527618952644,1,1,5,0,available
ordinary_group_holdout_descriptive,D+R+SC,50,values_plus_missing,0.7129113417028969,0.7385887497597277,0.6872339336460662,0.7069759352874114,0.7748796637049,1,1,5,0,available
ordinary_group_holdout_descriptive,D+R+SC,100,values_plus_missing,0.7126138896324699,0.7275336541541954,0.6976941251107442,0.7046259975399016,0.7751788803510813,1,1,5,0,available
ordinary_group_holdout_descriptive,D+R+SC,200,values_plus_missing,0.7189039965811154,0.7171019693183586,0.7207060238438722,0.7067832713308533,0.777811575326913,1,1,5,0,available
ordinary_group_holdout_descriptive,D+R+SC,all,values_plus_missing,0.7169918508067084,0.7161061569230487,0.7178775446903681,0.706303720898836,0.7779144544747568,1,1,5,0,available
ordinary_group_holdout_descriptive,D+R+BC,25,values_plus_missing,0.6911701838639204,0.6739397099340052,0.7084006577938354,0.6776253862654507,0.7443468299519866,1,1,5,0,available
ordinary_group_holdout_descriptive,D+R+BC,50,values_plus_missing,0.6890285416173574,0.6933142053619646,0.6847428778727501,0.6714343573742949,0.7400211916481928,1,1,5,0,available
ordinary_group_holdout_descriptive,D+R+BC,100,values_plus_missing,0.6899669248087521,0.6875443428435437,0.6923895067739605,0.6791315402616105,0.7441270926510273,1,1,5,0,available
ordinary_group_holdout_descriptive,D+R+BC,200,values_plus_missing,0.6911405130868877,0.672635328280748,0.7096456978930273,0.6802401783571344,0.7464491519349028,1,1,5,0,available
ordinary_group_holdout_descriptive,D+R+BC,all,values_plus_missing,0.6986448371408407,0.671088607884596,0.7262010663970854,0.680767543201728,0.746550142364492,1,1,5,0,available
ordinary_group_holdout_descriptive,D+P+F,25,values_plus_missing,0.7061229409796277,0.6591999684213417,0.7530459135379136,0.6923255055202209,0.7369508329912625,1,1,5,0,available
ordinary_group_holdout_descriptive,D+P+F,50,values_plus_missing,0.7196294293530789,0.6627588900788094,0.7764999686273484,0.6955989177067083,0.7442240353232338,1,1,5,0,available
ordinary_group_holdout_descriptive,D+P+F,100,values_plus_missing,0.7077586891036614,0.6687536933300381,0.7467636848772846,0.7000264385575423,0.7457462703920014,1,1,5,0,available
ordinary_group_holdout_descriptive,D+P+F,200,values_plus_missing,0.7080236601369021,0.6750936696231613,0.740953650650643,0.699841274900996,0.7484840064004891,1,1,5,0,available
ordinary_group_holdout_descriptive,D+P+F,all,values_plus_missing,0.7144314527060807,0.6761888426650557,0.7526740627471056,0.700426298301932,0.7466982712579453,1,1,5,0,available
ordinary_group_holdout_descriptive,D+P+H,25,values_plus_missing,0.673233584060237,0.6185568301434312,0.7279103379770427,0.6638201465558622,0.7141090737883372,1,1,5,0,available
ordinary_group_holdout_descriptive,D+P+H,50,values_plus_missing,0.6676925415675141,0.6343110269013555,0.7010740562336726,0.6625005625225009,0.7199715170026445,1,1,5,0,available
ordinary_group_holdout_descriptive,D+P+H,100,values_plus_missing,0.6819557669454009,0.636681334724625,0.7272301991661769,0.6708821477859115,0.7254133675383002,1,1,5,0,available
ordinary_group_holdout_descriptive,D+P+H,200,values_plus_missing,0.6659495610959962,0.6428225805713449,0.6890765416206475,0.6625999414976599,0.7234910683715416,1,1,5,0,available
ordinary_group_holdout_descriptive,D+P+H,all,values_plus_missing,0.6736710527531091,0.635836514082251,0.7115055914239673,0.6644984549381976,0.723221178664966,1,1,5,0,available
ordinary_group_holdout_descriptive,D+P+SC,25,values_plus_missing,0.666095099240546,0.6382169293644909,0.6939732691166011,0.6763484601884076,0.7353735680457502,1,1,5,0,available
ordinary_group_holdout_descriptive,D+P+SC,50,values_plus_missing,0.6735713823821136,0.656015743562988,0.6911270212012391,0.6827040269110765,0.7455856900370269,1,1,5,0,available
ordinary_group_holdout_descriptive,D+P+SC,100,values_plus_missing,0.6701138854079234,0.6487577299063624,0.6914700409094845,0.6794048324432977,0.7490361237569508,1,1,5,0,available
ordinary_group_holdout_descriptive,D+P+SC,200,values_plus_missing,0.6758951741669708,0.6520056361040173,0.6997847122299241,0.6846761370454819,0.7490714412577499,1,1,5,0,available
ordinary_group_holdout_descriptive,D+P+SC,all,values_plus_missing,0.6779157192186879,0.6513490768963213,0.7044823615410545,0.6872909291371655,0.7494724020161556,1,1,5,0,available
ordinary_group_holdout_descriptive,D+P+BC,25,values_plus_missing,0.6291043895779616,0.5306757604049391,0.727533018750984,0.6303964658586343,0.6704109442659096,1,1,5,0,available
ordinary_group_holdout_descriptive,D+P+BC,50,values_plus_missing,0.6340580145484475,0.5622758441570329,0.705840184939862,0.631558074822993,0.6748804941518449,1,1,5,0,available
ordinary_group_holdout_descriptive,D+P+BC,100,values_plus_missing,0.6518042207343812,0.5634578905456243,0.740150550923138,0.6376731631765271,0.6835510669475517,1,1,5,0,available
ordinary_group_holdout_descriptive,D+P+BC,200,values_plus_missing,0.649382605019064,0.5725785599216483,0.7261866501164796,0.6369446965378616,0.6831941636866438,1,1,5,0,available
ordinary_group_holdout_descriptive,D+P+BC,all,values_plus_missing,0.6479359422863081,0.5674237329635426,0.7284481516090736,0.6365129605184208,0.6817724600299068,1,1,5,0,available
ordinary_group_holdout_descriptive,D+F+H,25,values_plus_missing,0.7177197948790802,0.6746975794271907,0.7607420103309698,0.7055663476539062,0.7595559253965787,1,1,5,0,available
ordinary_group_holdout_descriptive,D+F+H,50,values_plus_missing,0.7130811486524049,0.6877425675737522,0.7384197297310576,0.7069829668186728,0.7643035109196958,1,1,5,0,available
ordinary_group_holdout_descriptive,D+F+H,100,values_plus_missing,0.7113848843902353,0.6842816358660332,0.7384881329144374,0.7064298196927877,0.7644233696662165,1,1,5,0,available
ordinary_group_holdout_descriptive,D+F+H,200,values_plus_missing,0.7141273718950197,0.6871233444087469,0.7411313993812926,0.7073889205568222,0.7659606694841918,1,1,5,0,available
ordinary_group_holdout_descriptive,D+F+H,all,values_plus_missing,0.7151234093406329,0.6881700648048988,0.742076753876367,0.7066824860494421,0.7647236632921268,1,1,5,0,available
ordinary_group_holdout_descriptive,D+F+SC,25,values_plus_missing,0.7149890003027282,0.6817028516901447,0.7482751489153118,0.7038628420136805,0.7634849260547343,1,1,5,0,available
ordinary_group_holdout_descriptive,D+F+SC,50,values_plus_missing,0.7244182287909168,0.6989553070452444,0.7498811505365891,0.714335604674187,0.7716972801181532,1,1,5,0,available
ordinary_group_holdout_descriptive,D+F+SC,100,values_plus_missing,0.7201149936392388,0.697162412701028,0.7430675745774497,0.7110621924876994,0.7709346937960259,1,1,5,0,available
ordinary_group_holdout_descriptive,D+F+SC,200,values_plus_missing,0.7208700496873105,0.6974591330971799,0.7442809662774411,0.7086583463338534,0.7711039463047926,1,1,5,0,available
ordinary_group_holdout_descriptive,D+F+SC,all,values_plus_missing,0.72368270879212,0.7007966540352033,0.7465687635490369,0.7102184087363494,0.7703780329002257,1,1,5,0,available
ordinary_group_holdout_descriptive,D+F+BC,25,values_plus_missing,0.707880926067294,0.6588007752789448,0.7569610768556432,0.6928688085023401,0.7380168261579277,1,1,5,0,available
ordinary_group_holdout_descriptive,D+F+BC,50,values_plus_missing,0.710294118458104,0.6635664410394413,0.7570217958767667,0.6971013215528621,0.7398470493887457,1,1,5,0,available
ordinary_group_holdout_descriptive,D+F+BC,100,values_plus_missing,0.715355631933893,0.6629081495821548,0.767803114285631,0.6966058329833194,0.7401545208988521,1,1,5,0,available
ordinary_group_holdout_descriptive,D+F+BC,200,values_plus_missing,0.7165306632202195,0.6628638845411027,0.7701974418993363,0.6978077560602425,0.7426539767301894,1,1,5,0,available
ordinary_group_holdout_descriptive,D+F+BC,all,values_plus_missing,0.7146290451400878,0.6620706286441314,0.7671874616360445,0.6951193672746909,0.7406896073601683,1,1,5,0,available
ordinary_group_holdout_descriptive,D+H+SC,25,values_plus_missing,0.6759341672997126,0.6716978654657623,0.6801704691336629,0.6838361034441378,0.7545178546488709,1,1,5,0,available
ordinary_group_holdout_descriptive,D+H+SC,50,values_plus_missing,0.6791285162375837,0.6811713691407859,0.6770856633343815,0.6932921066842674,0.7577915585297965,1,1,5,0,available
ordinary_group_holdout_descriptive,D+H+SC,100,values_plus_missing,0.679771891510848,0.6788237407437917,0.6807200422779044,0.6905301212048482,0.7593236899591518,1,1,5,0,available
ordinary_group_holdout_descriptive,D+H+SC,200,values_plus_missing,0.6756437843363157,0.6769213691407859,0.6743661995318454,0.6905619974798992,0.7569628676399467,1,1,5,0,available
ordinary_group_holdout_descriptive,D+H+SC,all,values_plus_missing,0.6817798701681235,0.6728725549422889,0.6906871853939579,0.691933146075843,0.7577002697897826,1,1,5,0,available
ordinary_group_holdout_descriptive,D+H+BC,25,values_plus_missing,0.6589477763354754,0.6356673920604846,0.6822281606104661,0.6615831820772831,0.7107329154478759,1,1,5,0,available
ordinary_group_holdout_descriptive,D+H+BC,50,values_plus_missing,0.6462029541058227,0.6409275086726894,0.651478399538956,0.6528790839133565,0.7103182522255272,1,1,5,0,available
ordinary_group_holdout_descriptive,D+H+BC,100,values_plus_missing,0.6623179775260993,0.636565937611555,0.6880700174406437,0.656248124924997,0.7118564914432463,1,1,5,0,available
ordinary_group_holdout_descriptive,D+H+BC,200,values_plus_missing,0.6608390174863897,0.6376499940503978,0.6840280409223817,0.6538442787711509,0.7091834154314366,1,1,5,0,available
ordinary_group_holdout_descriptive,D+H+BC,all,values_plus_missing,0.654901887347457,0.6311862454348244,0.6786175292600897,0.6530384652886115,0.7100968865772282,1,1,5,0,available
ordinary_group_holdout_descriptive,D+SC+BC,25,values_plus_missing,0.6573584626522677,0.6523909620964568,0.6623259632080788,0.6688401911076443,0.7292220135893805,1,1,5,0,available
ordinary_group_holdout_descriptive,D+SC+BC,50,values_plus_missing,0.6609603982213987,0.6579987071056558,0.6639220893371418,0.6711484084363375,0.7341614703310577,1,1,5,0,available
ordinary_group_holdout_descriptive,D+SC+BC,100,values_plus_missing,0.6578943581778444,0.644697437552059,0.6710912788036297,0.6677338968558743,0.7349927816371891,1,1,5,0,available
ordinary_group_holdout_descriptive,D+SC+BC,200,values_plus_missing,0.6582548662736005,0.6421524494054974,0.6743572831417036,0.6654673999459979,0.7343237058483714,1,1,5,0,available
ordinary_group_holdout_descriptive,D+SC+BC,all,values_plus_missing,0.6626675992930925,0.6449491698016494,0.6803860287845356,0.6702432159786391,0.7351898604533111,1,1,5,0,available
ordinary_group_holdout_descriptive,R+P+F,25,values_plus_missing,0.715568928013902,0.6832317370092723,0.7479061190185318,0.680767543201728,0.7325776282847478,1,1,5,0,available
ordinary_group_holdout_descriptive,R+P+F,50,values_plus_missing,0.706710925129499,0.6881285411575181,0.7252933091014798,0.6697233514340574,0.7395173512143931,1,1,5,0,available
ordinary_group_holdout_descriptive,R+P+F,100,values_plus_missing,0.7077718552579142,0.7046327287622081,0.7109109817536204,0.6745765143105724,0.7422384812892913,1,1,5,0,available
ordinary_group_holdout_descriptive,R+P+F,200,values_plus_missing,0.7166872094615442,0.6997038608342258,0.7336705580888627,0.684060643675747,0.7498642326324265,1,1,5,0,available
ordinary_group_holdout_descriptive,R+P+F,all,values_plus_missing,0.7179084991073461,0.7024538608342258,0.7333631373804663,0.6820308749849995,0.7499034842342157,1,1,5,0,available
ordinary_group_holdout_descriptive,R+P+H,25,values_plus_missing,0.6907407102783409,0.6937392952924917,0.6877421252641901,0.6730581723268931,0.741370269834201,1,1,5,0,available
ordinary_group_holdout_descriptive,R+P+H,50,values_plus_missing,0.6926262855267971,0.7193372943954746,0.6659152766581196,0.6803986221948878,0.7479420506343087,1,1,5,0,available
ordinary_group_holdout_descriptive,R+P+H,100,values_plus_missing,0.6937866630514258,0.731922721531153,0.6556506045716984,0.6833176452058083,0.7535337166189773,1,1,5,0,available
ordinary_group_holdout_descriptive,R+P+H,200,values_plus_missing,0.6991387082318625,0.7167218972824047,0.6815555191813204,0.6856600826533061,0.7550153121995331,1,1,5,0,available
ordinary_group_holdout_descriptive,R+P+H,all,values_plus_missing,0.6961936404564297,0.7121099646685156,0.6802773162443437,0.6816225774030962,0.7545765532316112,1,1,5,0,available
ordinary_group_holdout_descriptive,R+P+SC,25,values_plus_missing,0.6811192583618535,0.7468833672003002,0.6153551495234068,0.6792618579743189,0.7260598597336693,1,1,5,0,available
ordinary_group_holdout_descriptive,R+P+SC,50,values_plus_missing,0.6842295477406697,0.7589144218359558,0.6095446736453835,0.6800934537381496,0.7341281080063319,1,1,5,0,available
ordinary_group_holdout_descriptive,R+P+SC,100,values_plus_missing,0.6885343427904148,0.7571274473460198,0.6199412382348098,0.6808158263830553,0.7367788971557456,1,1,5,0,available
ordinary_group_holdout_descriptive,R+P+SC,200,values_plus_missing,0.6876953933825509,0.7459230830839078,0.6294677036811942,0.6790668501740069,0.7394456546438352,1,1,5,0,available
ordinary_group_holdout_descriptive,R+P+SC,all,values_plus_missing,0.6862747078507601,0.7472626978242762,0.6252867178772439,0.6776539811592464,0.7396390999331948,1,1,5,0,available
ordinary_group_holdout_descriptive,R+P+BC,25,values_plus_missing,0.6319458477661806,0.698641154314377,0.5652505412179841,0.6150691340153606,0.6644539174928902,1,1,5,0,available
ordinary_group_holdout_descriptive,R+P+BC,50,values_plus_missing,0.629499532778778,0.7306569047422906,0.5283421608152653,0.6176436119944798,0.6664145709840837,1,1,5,0,available
ordinary_group_holdout_descriptive,R+P+BC,100,values_plus_missing,0.6287443350258682,0.7433525230890335,0.5141361469627029,0.6200671464358574,0.6706014204664166,1,1,5,0,available
ordinary_group_holdout_descriptive,R+P+BC,200,values_plus_missing,0.6336775391334253,0.7310062653888751,0.5363488128779753,0.6220294124264971,0.6750308861676537,1,1,5,0,available
ordinary_group_holdout_descriptive,R+P+BC,all,values_plus_missing,0.640584025376246,0.7277722927021263,0.5533957580503657,0.6246760807932317,0.6760991059674251,1,1,5,0,available
ordinary_group_holdout_descriptive,R+F+H,25,values_plus_missing,0.7360558946257324,0.7224818033702208,0.749629985881244,0.7039636272950918,0.7670537443272474,1,1,5,0,available
ordinary_group_holdout_descriptive,R+F+H,50,values_plus_missing,0.726607012045426,0.7213573079422614,0.7318567161485906,0.6992773460938437,0.7715756836260739,1,1,5,0,available
ordinary_group_holdout_descriptive,R+F+H,100,values_plus_missing,0.7372191170053488,0.7376819045134598,0.7367563294972377,0.7080208208328334,0.773802810139234,1,1,5,0,available
ordinary_group_holdout_descriptive,R+F+H,200,values_plus_missing,0.7393341518817256,0.7265699718995706,0.7520983318638804,0.7133938482539302,0.7784821566532265,1,1,5,0,available
ordinary_group_holdout_descriptive,R+F+H,all,values_plus_missing,0.7361424879378763,0.7292387323685824,0.7430462435071702,0.7117540951638066,0.7779874532394649,1,1,5,0,available
ordinary_group_holdout_descriptive,R+F+SC,25,values_plus_missing,0.7218472666635884,0.7047813406742272,0.7389131926529496,0.6995323562942517,0.7618259335713896,1,1,5,0,available
ordinary_group_holdout_descriptive,R+F+SC,50,values_plus_missing,0.7176913944303631,0.7169417259338587,0.7184410629268675,0.6980655788731549,0.7681596328491581,1,1,5,0,available
ordinary_group_holdout_descriptive,R+F+SC,100,values_plus_missing,0.7217682871183319,0.7321509253919872,0.7113856488446765,0.7026341991179648,0.7687561896287508,1,1,5,0,available
ordinary_group_holdout_descriptive,R+F+SC,200,values_plus_missing,0.7301226870313768,0.7246021111934903,0.7356432628692634,0.703858154326173,0.7724858661005702,1,1,5,0,available
ordinary_group_holdout_descriptive,R+F+SC,all,values_plus_missing,0.732241553154084,0.7265166840578119,0.7379664222503561,0.7041267588203528,0.7722854523255491,1,1,5,0,available
ordinary_group_holdout_descriptive,R+F+BC,25,values_plus_missing,0.7140523416135245,0.6837171467538053,0.7443875364732436,0.6748952770610825,0.7320342466233086,1,1,5,0,available
ordinary_group_holdout_descriptive,R+F+BC,50,values_plus_missing,0.7073701283712425,0.6927694254514832,0.7219708312910017,0.6698705448217929,0.7372611083468952,1,1,5,0,available
ordinary_group_holdout_descriptive,R+F+BC,100,values_plus_missing,0.7030035021287151,0.703008956439758,0.7029980478176722,0.67270003300132,0.7393470621947917,1,1,5,0,available
ordinary_group_holdout_descriptive,R+F+BC,200,values_plus_missing,0.7160044360917673,0.6985110502421031,0.7334978219414315,0.6821841623664946,0.7457651723401642,1,1,5,0,available
ordinary_group_holdout_descriptive,R+F+BC,all,values_plus_missing,0.7156460768070072,0.6992202497002316,0.732071903913783,0.6837761010440417,0.7460254099766833,1,1,5,0,available
ordinary_group_holdout_descriptive,R+H+SC,25,values_plus_missing,0.7092876368441722,0.7497070301416006,0.6688682435467438,0.7098691760170407,0.7744315775423919,1,1,5,0,available
ordinary_group_holdout_descriptive,R+H+SC,50,values_plus_missing,0.702885583899572,0.7556313489121381,0.6501398188870059,0.7082552052082083,0.7776092950170833,1,1,5,0,available
ordinary_group_holdout_descriptive,R+H+SC,100,values_plus_missing,0.7053148235495871,0.760113227796542,0.6505164193026322,0.7119922296891876,0.7793167065009717,1,1,5,0,available
ordinary_group_holdout_descriptive,R+H+SC,200,values_plus_missing,0.7089238335548268,0.7395312651600442,0.6783164019496094,0.7074873619944798,0.7806080932386317,1,1,5,0,available
ordinary_group_holdout_descriptive,R+H+SC,all,values_plus_missing,0.709435897535265,0.7415253453057638,0.6773464497647662,0.7082673931957278,0.7809389264294578,1,1,5,0,available
ordinary_group_holdout_descriptive,R+H+BC,25,values_plus_missing,0.6795297986819978,0.7275235283887561,0.6315360689752395,0.6752843551242049,0.7438434251404381,1,1,5,0,available
ordinary_group_holdout_descriptive,R+H+BC,50,values_plus_missing,0.6825200892714092,0.7358300038443585,0.6292101746984599,0.6778611769470779,0.7441681616672458,1,1,5,0,available
ordinary_group_holdout_descriptive,R+H+BC,100,values_plus_missing,0.6873985074488884,0.7407871095001419,0.634009905397635,0.6790729441677668,0.7469743958517119,1,1,5,0,available
ordinary_group_holdout_descriptive,R+H+BC,200,values_plus_missing,0.6864131278538257,0.7192606040219313,0.65356565168572,0.6775888223028921,0.7477938511190141,1,1,5,0,available
ordinary_group_holdout_descriptive,R+H+BC,all,values_plus_missing,0.685210226080331,0.7152058699691536,0.6552145821915085,0.6761501710068403,0.747733871346556,1,1,5,0,available
ordinary_group_holdout_descriptive,R+SC+BC,25,values_plus_missing,0.6716201490596606,0.7767624117857045,0.5664778863336167,0.6759321935377416,0.7244097455716452,1,1,5,0,available
ordinary_group_holdout_descriptive,R+SC+BC,50,values_plus_missing,0.6813943928175259,0.7720448371181957,0.590743948516856,0.6787898078423137,0.7257816894200991,1,1,5,0,available
ordinary_group_holdout_descriptive,R+SC+BC,100,values_plus_missing,0.6768611561188363,0.7584203416902362,0.5953019705474365,0.6695606886775471,0.7270769894836125,1,1,5,0,available
ordinary_group_holdout_descriptive,R+SC+BC,200,values_plus_missing,0.6816058675614729,0.7513240839900779,0.6118876511328678,0.673367559702388,0.729220055092394,1,1,5,0,available
ordinary_group_holdout_descriptive,R+SC+BC,all,values_plus_missing,0.6791606724374881,0.7508219901877329,0.6074993546872435,0.6714751402556103,0.7301930346815693,1,1,5,0,available
ordinary_group_holdout_descriptive,P+F+H,25,values_plus_missing,0.6975047849821134,0.6694716203970673,0.7255379495671596,0.6872848351434058,0.7435697898694691,1,1,5,0,available
ordinary_group_holdout_descriptive,P+F+H,50,values_plus_missing,0.7084919333711791,0.6689702497002316,0.7480136170421267,0.6882340918636745,0.7535100665645166,1,1,5,0,available
ordinary_group_holdout_descriptive,P+F+H,100,values_plus_missing,0.7002433671389299,0.686033720515144,0.7144530137627156,0.6943787126485059,0.75652010104165,1,1,5,0,available
ordinary_group_holdout_descriptive,P+F+H,200,values_plus_missing,0.7169059288347566,0.6912066685888458,0.7426051890806674,0.6984162178987159,0.7592358272569002,1,1,5,0,available
ordinary_group_holdout_descriptive,P+F+H,all,values_plus_missing,0.7201219306022928,0.6956683234020741,0.7445755378025116,0.7023641883175327,0.7579437402818149,1,1,5,0,available
ordinary_group_holdout_descriptive,P+F+SC,25,values_plus_missing,0.7031374414774756,0.6830951066809456,0.7231797762740055,0.6928027121084843,0.7469749050494421,1,1,5,0,available
ordinary_group_holdout_descriptive,P+F+SC,50,values_plus_missing,0.71665868982051,0.6816359072228172,0.7516814724182027,0.699160622674907,0.7569223448448117,1,1,5,0,available
ordinary_group_holdout_descriptive,P+F+SC,100,values_plus_missing,0.7131502824040068,0.6989720574640049,0.7273285073440086,0.6997175199507981,0.7581563587470631,1,1,5,0,available
ordinary_group_holdout_descriptive,P+F+SC,200,values_plus_missing,0.7110477252122515,0.6991812569221335,0.7229141935023694,0.698320589073563,0.7592780792283679,1,1,5,0,available
ordinary_group_holdout_descriptive,P+F+SC,all,values_plus_missing,0.7124252093080334,0.7054371767764139,0.719413241839653,0.7001333178327134,0.7592338897001489,1,1,5,0,available
ordinary_group_holdout_descriptive,P+F+BC,25,values_plus_missing,0.6944769233331367,0.6459116140813356,0.7430422325849378,0.6717995282311293,0.7116223558952905,1,1,5,0,available
ordinary_group_holdout_descriptive,P+F+BC,50,values_plus_missing,0.6900882990376676,0.6350601504791719,0.7451164475961632,0.6658756975279011,0.7164758281537942,1,1,5,0,available
ordinary_group_holdout_descriptive,P+F+BC,100,values_plus_missing,0.6957676720503985,0.6537889172639152,0.7377464268368817,0.675325606774271,0.7208328419402354,1,1,5,0,available
ordinary_group_holdout_descriptive,P+F+BC,200,values_plus_missing,0.7051246679783272,0.6575141440352948,0.7527351919213596,0.679168104224169,0.72462980482712,1,1,5,0,available
ordinary_group_holdout_descriptive,P+F+BC,all,values_plus_missing,0.7048499629729338,0.6639796249004586,0.745720301045409,0.6773750637525502,0.7240302267897041,1,1,5,0,available
ordinary_group_holdout_descriptive,P+H+SC,25,values_plus_missing,0.6657996766177673,0.6675967542631188,0.6640025989724158,0.6755759292871715,0.7373900429294569,1,1,5,0,available
ordinary_group_holdout_descriptive,P+H+SC,50,values_plus_missing,0.6726338404436389,0.6885385557111605,0.6567291251761175,0.6855949237969519,0.7479057934087925,1,1,5,0,available
ordinary_group_holdout_descriptive,P+H+SC,100,values_plus_missing,0.6786688024349481,0.6922725283979094,0.6650650764719866,0.6854416364154566,0.7524424702758084,1,1,5,0,available
ordinary_group_holdout_descriptive,P+H+SC,200,values_plus_missing,0.6652919675919481,0.6838192487940614,0.6467646863898348,0.6794540531621265,0.7503207108074808,1,1,5,0,available
ordinary_group_holdout_descriptive,P+H+SC,all,values_plus_missing,0.6660863699689876,0.684189195064576,0.6479835448733992,0.6779675874534982,0.7502296586386141,1,1,5,0,available
ordinary_group_holdout_descriptive,P+H+BC,25,values_plus_missing,0.6243824810360468,0.5978385049107102,0.6509264571613833,0.6263519290771631,0.677365865713154,1,1,5,0,available
ordinary_group_holdout_descriptive,P+H+BC,50,values_plus_missing,0.6297630859974499,0.6253521615362788,0.634174010458621,0.631768083223329,0.6835632854297041,1,1,5,0,available
ordinary_group_holdout_descriptive,P+H+BC,100,values_plus_missing,0.6459896787564362,0.6388957789860047,0.6530835785268677,0.637886921726869,0.6901236566025204,1,1,5,0,available
ordinary_group_holdout_descriptive,P+H+BC,200,values_plus_missing,0.6387688478494236,0.631847317187028,0.645690378511819,0.6308924231969278,0.6856191001755978,1,1,5,0,available
ordinary_group_holdout_descriptive,P+H+BC,all,values_plus_missing,0.6408546864590757,0.6277172634575428,0.6539921094606087,0.6318576180547222,0.6859713854136341,1,1,5,0,available
ordinary_group_holdout_descriptive,P+SC+BC,25,values_plus_missing,0.6325341217239395,0.6723097042589999,0.5927585391888791,0.6452629980199208,0.6850039310070223,1,1,5,0,available
ordinary_group_holdout_descriptive,P+SC+BC,50,values_plus_missing,0.6472848929853381,0.6857539610621414,0.6088158249085348,0.6589097938917556,0.6968970937893089,1,1,5,0,available
ordinary_group_holdout_descriptive,P+SC+BC,100,values_plus_missing,0.6484504222236637,0.6833306514356848,0.6135701930116425,0.6596321665366615,0.7007144621593263,1,1,5,0,available
ordinary_group_holdout_descriptive,P+SC+BC,200,values_plus_missing,0.6466720368941525,0.6860181806116191,0.6073258931766861,0.6597634217868715,0.7008941068711969,1,1,5,0,available
ordinary_group_holdout_descriptive,P+SC+BC,all,values_plus_missing,0.6461475229296814,0.6903926760395785,0.6019023698197842,0.6591146458358335,0.7038066290848517,1,1,5,0,available
ordinary_group_holdout_descriptive,F+H+SC,25,values_plus_missing,0.7113924724759534,0.6960163225050572,0.7267686224468496,0.7045570885335413,0.7692667445680259,1,1,5,0,available
ordinary_group_holdout_descriptive,F+H+SC,50,values_plus_missing,0.708995935733802,0.690437176776414,0.7275546946911899,0.7022329330673227,0.7763945563901471,1,1,5,0,available
ordinary_group_holdout_descriptive,F+H+SC,100,values_plus_missing,0.7145851783942284,0.7037726039120923,0.7253977528763645,0.7069548406936277,0.7770305535274472,1,1,5,0,available
ordinary_group_holdout_descriptive,F+H+SC,200,values_plus_missing,0.7118502936382691,0.7064472842353845,0.7172533030411538,0.7056155683727349,0.7770881457833633,1,1,5,0,available
ordinary_group_holdout_descriptive,F+H+SC,all,values_plus_missing,0.7106469619784476,0.7060184163074023,0.7152755076494929,0.7034226681567263,0.7764479269974867,1,1,5,0,available
ordinary_group_holdout_descriptive,F+H+BC,25,values_plus_missing,0.699257083279555,0.6711941057747755,0.7273200607843346,0.6873903081123245,0.7442331474992668,1,1,5,0,available
ordinary_group_holdout_descriptive,F+H+BC,50,values_plus_missing,0.6970182247431984,0.6661839983158049,0.7278524511705919,0.6867795024300972,0.7475462333771916,1,1,5,0,available
ordinary_group_holdout_descriptive,F+H+BC,100,values_plus_missing,0.7041817123423575,0.6773628662437873,0.7310005584409277,0.6859872832413296,0.7482070229450561,1,1,5,0,available
ordinary_group_holdout_descriptive,F+H+BC,200,values_plus_missing,0.7070800916807255,0.6847900019221792,0.7293701814392718,0.6910893623244929,0.7506189949973652,1,1,5,0,available
ordinary_group_holdout_descriptive,F+H+BC,all,values_plus_missing,0.7074635518240119,0.685832534713641,0.7290945689343827,0.6918853316632665,0.7495460147706321,1,1,5,0,available
ordinary_group_holdout_descriptive,F+SC+BC,25,values_plus_missing,0.7065745242529758,0.6784898170268464,0.7346592314791053,0.6918018908256329,0.7467429953214182,1,1,5,0,available
ordinary_group_holdout_descriptive,F+SC+BC,50,values_plus_missing,0.7047094522909716,0.6819716959112503,0.727447208670693,0.6932724183967358,0.752492625514088,1,1,5,0,available
ordinary_group_holdout_descriptive,F+SC+BC,100,values_plus_missing,0.7019939802001416,0.6926345365259815,0.7113534238743018,0.6913101524060963,0.7522191305670118,1,1,5,0,available
ordinary_group_holdout_descriptive,F+SC+BC,200,values_plus_missing,0.7151882483192475,0.6885163225050572,0.7418601741334377,0.6906674704488179,0.7533054742683534,1,1,5,0,available
ordinary_group_holdout_descriptive,F+SC+BC,all,values_plus_missing,0.7137434050710629,0.690808855296519,0.7366779548456067,0.6885322287891515,0.7536161938282733,1,1,5,0,available
ordinary_group_holdout_descriptive,H+SC+BC,25,values_plus_missing,0.6618926210368358,0.6830186931927397,0.6407665488809319,0.671852499099964,0.73160299684346,1,1,5,0,available
ordinary_group_holdout_descriptive,H+SC+BC,50,values_plus_missing,0.6662195904522012,0.690376076649184,0.6420631042552184,0.6788310594923797,0.7363257461286971,1,1,5,0,available
ordinary_group_holdout_descriptive,H+SC+BC,100,values_plus_missing,0.6616846268075062,0.6949681558978865,0.6284010977171258,0.6739596146345854,0.7360692318191082,1,1,5,0,available
ordinary_group_holdout_descriptive,H+SC+BC,200,values_plus_missing,0.6490052162418785,0.6851403808660791,0.6128700516176778,0.6692794274270971,0.7330924372804486,1,1,5,0,available
ordinary_group_holdout_descriptive,H+SC+BC,all,values_plus_missing,0.6564165695455761,0.6861100493359329,0.6267230897552195,0.6720892273190928,0.734715999872076,1,1,5,0,available
ordinary_group_holdout_descriptive,S+D+R+P,25,values_plus_missing,0.7428070340421791,0.728882728762208,0.7567313393221502,0.7314166004140166,0.7899205383526693,1,1,5,0,available
ordinary_group_holdout_descriptive,S+D+R+P,50,values_plus_missing,0.7567812474672684,0.7398363607655765,0.7737261341689604,0.7417740459618385,0.805034807275675,1,1,5,0,available
ordinary_group_holdout_descriptive,S+D+R+P,100,values_plus_missing,0.7675131227105098,0.7479200556516644,0.7871061897693551,0.7502709483379335,0.8123993751342052,1,1,5,0,available
ordinary_group_holdout_descriptive,S+D+R+P,200,values_plus_missing,0.7667195880705483,0.7442066685888459,0.7892325075522507,0.750123754950198,0.8146083382105405,1,1,5,0,available
ordinary_group_holdout_descriptive,S+D+R+P,all,values_plus_missing,0.7636524377106682,0.7415909099230213,0.7857139654983148,0.7493596618864755,0.8146386179602828,1,1,5,0,available
ordinary_group_holdout_descriptive,S+D+R+F,25,values_plus_missing,0.77603383969879,0.7526160447043964,0.7994516346931838,0.7522847788911556,0.8105410836732883,1,1,5,0,available
ordinary_group_holdout_descriptive,S+D+R+F,50,values_plus_missing,0.7869648964555331,0.7704905401323557,0.8034392527787105,0.7652509225369015,0.8229538942999179,1,1,5,0,available
ordinary_group_holdout_descriptive,S+D+R+F,100,values_plus_missing,0.777307153142083,0.7704926339347008,0.7841216723494652,0.7602322842913717,0.8233936462871114,1,1,5,0,available
ordinary_group_holdout_descriptive,S+D+R+F,200,values_plus_missing,0.7818377438620667,0.7678646740075606,0.7958108137165727,0.7597846101344055,0.827108997158873,1,1,5,0,available
ordinary_group_holdout_descriptive,S+D+R+F,all,values_plus_missing,0.7837133436258357,0.7734134882060576,0.7940131990456137,0.7624092463698549,0.8271385955904023,1,1,5,0,available
ordinary_group_holdout_descriptive,S+D+R+H,25,values_plus_missing,0.7562990033100707,0.7558290702144603,0.756768936405681,0.7491684042361695,0.806904259561473,1,1,5,0,available
ordinary_group_holdout_descriptive,S+D+R+H,50,values_plus_missing,0.766211975262618,0.7498391776734309,0.7825847728518052,0.7524479104164166,0.8130620466396424,1,1,5,0,available
ordinary_group_holdout_descriptive,S+D+R+H,100,values_plus_missing,0.7693093337219554,0.7624999244858169,0.776118742958094,0.7570802832113285,0.8196900958899196,1,1,5,0,available
ordinary_group_holdout_descriptive,S+D+R+H,200,values_plus_missing,0.7680982956838036,0.7520403634749339,0.7841562278926734,0.7549253532641306,0.822279608420958,1,1,5,0,available
ordinary_group_holdout_descriptive,S+D+R+H,all,values_plus_missing,0.7675779172046158,0.7525020182881622,0.7826538161210692,0.7548198802952117,0.8226305637586606,1,1,5,0,available
ordinary_group_holdout_descriptive,S+D+R+SC,25,values_plus_missing,0.7490402404592428,0.7531585774958581,0.7449219034226274,0.7391789421576863,0.8034289959987946,1,1,5,0,available
ordinary_group_holdout_descriptive,S+D+R+SC,50,values_plus_missing,0.7632243786105308,0.7564615792990453,0.7699871779220162,0.7513453663146525,0.8122356676482593,1,1,5,0,available
ordinary_group_holdout_descriptive,S+D+R+SC,100,values_plus_missing,0.759467595495517,0.7482457368811269,0.770689454109907,0.7473556754770191,0.8166806748882568,1,1,5,0,available
ordinary_group_holdout_descriptive,S+D+R+SC,200,values_plus_missing,0.7546221826791266,0.7373569463895068,0.7718874189687464,0.7432028531141246,0.8191123495836912,1,1,5,0,available
ordinary_group_holdout_descriptive,S+D+R+SC,all,values_plus_missing,0.7549907503233553,0.7412331740670566,0.768748326579654,0.7451529311172447,0.8204232913958123,1,1,5,0,available
ordinary_group_holdout_descriptive,S+D+R+BC,25,values_plus_missing,0.7546707309265037,0.7469789864623665,0.762362475390641,0.7404764940597623,0.7962165232810252,1,1,5,0,available
ordinary_group_holdout_descriptive,S+D+R+BC,50,values_plus_missing,0.7556988776217353,0.7393304409112961,0.7720673143321745,0.7402716421156846,0.8053866640437821,1,1,5,0,available
ordinary_group_holdout_descriptive,S+D+R+BC,100,values_plus_missing,0.7653994893250768,0.7467900019221791,0.7840089767279745,0.749279971198848,0.8111371257861443,1,1,5,0,available
ordinary_group_holdout_descriptive,S+D+R+BC,200,values_plus_missing,0.7650979840318178,0.7401679618493194,0.7900280062143162,0.7515685002400097,0.8135797944381734,1,1,5,0,available
ordinary_group_holdout_descriptive,S+D+R+BC,all,values_plus_missing,0.76019764534365,0.738115321598887,0.7822799690884129,0.7485955688227529,0.8138155790316566,1,1,5,0,available
ordinary_group_holdout_descriptive,S+D+P+F,25,values_plus_missing,0.7496743472894896,0.7332070392948348,0.7661416552841445,0.7383276581063243,0.7945758377992973,1,1,5,0,available
ordinary_group_holdout_descriptive,S+D+P+F,50,values_plus_missing,0.7672942741355591,0.7410996558383904,0.7934888924327277,0.7561554024660986,0.8126336977926127,1,1,5,0,available
ordinary_group_holdout_descriptive,S+D+P+F,100,values_plus_missing,0.7697768169643064,0.7449863525276657,0.7945672814009471,0.7592019305772231,0.813765137540608,1,1,5,0,available
ordinary_group_holdout_descriptive,S+D+P+F,200,values_plus_missing,0.7683663842571018,0.7513622186524609,0.7853705498617428,0.753803120874835,0.815200422074746,1,1,5,0,available
ordinary_group_holdout_descriptive,S+D+P+F,all,values_plus_missing,0.7684855902094532,0.7571185000594961,0.7798526803594101,0.758230641725669,0.8149593007610804,1,1,5,0,available
ordinary_group_holdout_descriptive,S+D+P+H,25,values_plus_missing,0.7193243479134569,0.7076951240720909,0.7309535717548229,0.7276022290891636,0.7785821633227985,1,1,5,0,available
ordinary_group_holdout_descriptive,S+D+P+H,50,values_plus_missing,0.7401934181830444,0.7135148762940385,0.7668719600720503,0.7406382192787712,0.7900912218123857,1,1,5,0,available
ordinary_group_holdout_descriptive,S+D+P+H,100,values_plus_missing,0.74590809915854,0.7205640520452902,0.7712521462717897,0.7451393368234729,0.7969216843159334,1,1,5,0,available
ordinary_group_holdout_descriptive,S+D+P+H,200,values_plus_missing,0.7316894803286984,0.7250657842948806,0.7383131763625164,0.741169334273371,0.7980029687379204,1,1,5,0,available
ordinary_group_holdout_descriptive,S+D+P+H,all,values_plus_missing,0.7406073084822284,0.7249786249096118,0.756235992054845,0.7445800957038282,0.7981457680818392,1,1,5,0,available
ordinary_group_holdout_descriptive,S+D+P+SC,25,values_plus_missing,0.7205890149399938,0.7020856468133014,0.7390923830666863,0.7185620237309492,0.7807530040641325,1,1,5,0,available
ordinary_group_holdout_descriptive,S+D+P+SC,50,values_plus_missing,0.7317035011475654,0.7040249837530091,0.7593820185421216,0.7327582165786631,0.7934609020297416,1,1,5,0,available
ordinary_group_holdout_descriptive,S+D+P+SC,100,values_plus_missing,0.7292280523526353,0.7074336367630503,0.7510224679422205,0.7378026371054842,0.7983537018161827,1,1,5,0,available
ordinary_group_holdout_descriptive,S+D+P+SC,200,values_plus_missing,0.7261218776182519,0.7035389264171495,0.7487048288193542,0.7326527436097443,0.7976277230658184,1,1,5,0,available
ordinary_group_holdout_descriptive,S+D+P+SC,all,values_plus_missing,0.7243526732546087,0.7060755393543309,0.7426298071548866,0.7337173174426977,0.7992140663980765,1,1,5,0,available
ordinary_group_holdout_descriptive,S+D+P+BC,25,values_plus_missing,0.7194714368536572,0.6907718144456343,0.7481710592616803,0.7161961478459138,0.7704464463220198,1,1,5,0,available
ordinary_group_holdout_descriptive,S+D+P+BC,50,values_plus_missing,0.7374642689435504,0.7015204345955643,0.7734081032915364,0.7353889468078723,0.7827697188853168,1,1,5,0,available
ordinary_group_holdout_descriptive,S+D+P+BC,100,values_plus_missing,0.7362139076986904,0.6998108735846812,0.7726169418126997,0.7328955658226328,0.7888825498745982,1,1,5,0,available
ordinary_group_holdout_descriptive,S+D+P+BC,200,values_plus_missing,0.7357461159792283,0.7079388335118214,0.7635533984466353,0.7324835180907237,0.7891369945052993,1,1,5,0,available
ordinary_group_holdout_descriptive,S+D+P+BC,all,values_plus_missing,0.7308477590510726,0.7059409273141665,0.7557545907879787,0.7300060752430098,0.789023047726911,1,1,5,0,available
ordinary_group_holdout_descriptive,S+D+F+H,25,values_plus_missing,0.755864450350428,0.7519821649229755,0.7597467357778805,0.7513833365834633,0.8044511757882639,1,1,5,0,available
ordinary_group_holdout_descriptive,S+D+F+H,50,values_plus_missing,0.7712799660047962,0.7532422723819462,0.7893176596276463,0.7630861484459378,0.8176859010280075,1,1,5,0,available
ordinary_group_holdout_descriptive,S+D+F+H,100,values_plus_missing,0.7669930934015786,0.7563158598090635,0.7776703269940938,0.7662381495259811,0.8183587545542206,1,1,5,0,available
ordinary_group_holdout_descriptive,S+D+F+H,200,values_plus_missing,0.7708374712603973,0.7596530191943324,0.7820219233264621,0.7647934042361695,0.8197789140108703,1,1,5,0,available
ordinary_group_holdout_descriptive,S+D+F+H,all,values_plus_missing,0.7723079020748942,0.7624072067990224,0.782208597350766,0.7644610471918877,0.8201362726697667,1,1,5,0,available
ordinary_group_holdout_descriptive,S+D+F+SC,25,values_plus_missing,0.7437857863201751,0.744770871662502,0.7428007009778481,0.7399711613464539,0.8024635678785383,1,1,5,0,available
ordinary_group_holdout_descriptive,S+D+F+SC,50,values_plus_missing,0.7612870412851058,0.7524783388710401,0.7700957436991716,0.7534867019680787,0.8175252097963119,1,1,5,0,available
ordinary_group_holdout_descriptive,S+D+F+SC,100,values_plus_missing,0.7626244217135848,0.7504337122772332,0.7748151311499364,0.7540140668126725,0.8181007359196297,1,1,5,0,available
ordinary_group_holdout_descriptive,S+D+F+SC,200,values_plus_missing,0.7610504288349496,0.7504354445268236,0.7716654131430755,0.750708778351134,0.8182183879537887,1,1,5,0,available
ordinary_group_holdout_descriptive,S+D+F+SC,all,values_plus_missing,0.7604218262365228,0.752480432673385,0.7683632197996605,0.7483785288911556,0.8187139611248904,1,1,5,0,available
ordinary_group_holdout_descriptive,S+D+F+BC,25,values_plus_missing,0.7632128070010524,0.7407764299640278,0.7856491840380769,0.7440306987279491,0.8012570596063089,1,1,5,0,available
ordinary_group_holdout_descriptive,S+D+F+BC,50,values_plus_missing,0.7636674784182607,0.7461160447043963,0.7812189121321249,0.7552797424396975,0.8138882429490206,1,1,5,0,available
ordinary_group_holdout_descriptive,S+D+F+BC,100,values_plus_missing,0.77300688394994,0.7470267915167824,0.7989869763830976,0.755759292871715,0.8140169029868958,1,1,5,0,available
ordinary_group_holdout_descriptive,S+D+F+BC,200,values_plus_missing,0.7732645307373176,0.7486526576415776,0.7978764038330577,0.7514311509960399,0.8158449067753784,1,1,5,0,available
ordinary_group_holdout_descriptive,S+D+F+BC,all,values_plus_missing,0.7703078518791328,0.7531627651005482,0.7874529386577173,0.7528698022920917,0.8156232633575506,1,1,5,0,available
ordinary_group_holdout_descriptive,S+D+H+SC,25,values_plus_missing,0.7208206324176443,0.7245114117948578,0.7171298530404308,0.7311639340573624,0.7887670425345171,1,1,5,0,available
ordinary_group_holdout_descriptive,S+D+H+SC,50,values_plus_missing,0.7342046843247101,0.7228206950050801,0.74558867364434,0.7396988067022681,0.797241866041324,1,1,5,0,available
ordinary_group_holdout_descriptive,S+D+H+SC,100,values_plus_missing,0.731011798657407,0.7204646913987057,0.7415589059161082,0.738528759900396,0.8006277444449651,1,1,5,0,available
ordinary_group_holdout_descriptive,S+D+H+SC,200,values_plus_missing,0.728940164083919,0.7195821823141206,0.7382981458537173,0.7370422941917676,0.800667845925382,1,1,5,0,available
ordinary_group_holdout_descriptive,S+D+H+SC,all,values_plus_missing,0.7313991807576327,0.7166289027102727,0.7461694588049926,0.7370741704668187,0.8022832579769892,1,1,5,0,available
ordinary_group_holdout_descriptive,S+D+H+BC,25,values_plus_missing,0.7204222493925809,0.7118882870637339,0.728956211721428,0.730031857524301,0.7822414597454742,1,1,5,0,available
ordinary_group_holdout_descriptive,S+D+H+BC,50,values_plus_missing,0.744849894461279,0.7217694254514834,0.7679303634710747,0.7433205140705628,0.7895451637324553,1,1,5,0,available
ordinary_group_holdout_descriptive,S+D+H+BC,100,values_plus_missing,0.7333209328918167,0.71330567683591,0.7533361889477234,0.7360095966338653,0.7926997906630778,1,1,5,0,available
ordinary_group_holdout_descriptive,S+D+H+BC,200,values_plus_missing,0.7400807234647229,0.7232631440444481,0.7568983028849976,0.738886899225969,0.7940489662675547,1,1,5,0,available
ordinary_group_holdout_descriptive,S+D+H+BC,all,values_plus_missing,0.739726973243084,0.7205598644406,0.758894082045568,0.7405266523160927,0.7945379336451981,1,1,5,0,available
ordinary_group_holdout_descriptive,S+D+SC+BC,25,values_plus_missing,0.71514117772641,0.7085553152831553,0.7217270401696646,0.7169480529221168,0.7825875734662693,1,1,5,0,available
ordinary_group_holdout_descriptive,S+D+SC+BC,50,values_plus_missing,0.7319994174463695,0.7068485711801266,0.7571502637126124,0.7344973486439458,0.7917000345728835,1,1,5,0,available
ordinary_group_holdout_descriptive,S+D+SC+BC,100,values_plus_missing,0.7220385592447573,0.6994698881474769,0.7446072303420378,0.7278769275771031,0.7944819591002832,1,1,5,0,available
ordinary_group_holdout_descriptive,S+D+SC+BC,200,values_plus_missing,0.7193496459041653,0.6958230839992311,0.7428762078090996,0.7252204150666026,0.7942074189342259,1,1,5,0,available
ordinary_group_holdout_descriptive,S+D+SC+BC,all,values_plus_missing,0.7205934121612899,0.69917526155367,0.7420115627689098,0.7277873927457098,0.7957618437602653,1,1,5,0,available
ordinary_group_holdout_descriptive,S+R+P+F,25,values_plus_missing,0.7619678728829881,0.753534805173408,0.7704009405925681,0.7369283833853354,0.7975698565756757,1,1,5,0,available
ordinary_group_holdout_descriptive,S+R+P+F,50,values_plus_missing,0.7752682720366104,0.763665220455648,0.786871323617573,0.7524099401476059,0.815468442450106,1,1,5,0,available
ordinary_group_holdout_descriptive,S+R+P+F,100,values_plus_missing,0.7746389857836942,0.7698827951231567,0.7793951764442316,0.7529152728609144,0.8168026312851924,1,1,5,0,available
ordinary_group_holdout_descriptive,S+R+P+F,200,values_plus_missing,0.7821360898793785,0.7673318871223147,0.7969402926364423,0.7573648258430337,0.8214616394516531,1,1,5,0,available
ordinary_group_holdout_descriptive,S+R+P+F,all,values_plus_missing,0.7774791038111633,0.7686226876641862,0.7863355199581402,0.753743118474739,0.8213677725783715,1,1,5,0,available
ordinary_group_holdout_descriptive,S+R+P+H,25,values_plus_missing,0.7472378913868398,0.7459999244858171,0.7484758582878627,0.7371871437357493,0.7921688218392884,1,1,5,0,available
ordinary_group_holdout_descriptive,S+R+P+H,50,values_plus_missing,0.7492192026908531,0.7436930874774602,0.7547453179042458,0.7376090356114244,0.802896235555904,1,1,5,0,available
ordinary_group_holdout_descriptive,S+R+P+H,100,values_plus_missing,0.7475665714017479,0.7520571138936943,0.7430760289098014,0.7414932534801393,0.8119519591227601,1,1,5,0,available
ordinary_group_holdout_descriptive,S+R+P+H,200,values_plus_missing,0.7574177048153221,0.7494350738208345,0.7654003358098098,0.7461378142625705,0.8146674257003349,1,1,5,0,available
ordinary_group_holdout_descriptive,S+R+P+H,all,values_plus_missing,0.7561333063424356,0.7481850738208347,0.7640815388640366,0.7430434717388695,0.8154131897206289,1,1,5,0,available
ordinary_group_holdout_descriptive,S+R+P+SC,25,values_plus_missing,0.7303078384733723,0.7467659517990682,0.7138497251476764,0.7220098178927157,0.7867094626723524,1,1,5,0,available
ordinary_group_holdout_descriptive,S+R+P+SC,50,values_plus_missing,0.7455614812909683,0.744924966361864,0.7461979962200728,0.7363592981219249,0.8002679790499991,1,1,5,0,available
ordinary_group_holdout_descriptive,S+R+P+SC,100,values_plus_missing,0.744560378700706,0.7533618479464718,0.7357589094549404,0.7360367852214089,0.8053125561653692,1,1,5,0,available
ordinary_group_holdout_descriptive,S+R+P+SC,200,values_plus_missing,0.7374636295306057,0.7391498315804891,0.7357774274807224,0.7324272658406337,0.8074901882862872,1,1,5,0,available
ordinary_group_holdout_descriptive,S+R+P+SC,all,values_plus_missing,0.736333808482007,0.743282340665074,0.72938527629894,0.7319734976899076,0.8088267661987374,1,1,5,0,available
ordinary_group_holdout_descriptive,S+R+P+BC,25,values_plus_missing,0.7344377958192896,0.7283931886206991,0.7404824030178799,0.7173676009540382,0.7753005694687922,1,1,5,0,available
ordinary_group_holdout_descriptive,S+R+P+BC,50,values_plus_missing,0.7354538541311125,0.7285260592580388,0.7423816490041862,0.7301828010620425,0.7895234347897899,1,1,5,0,available
ordinary_group_holdout_descriptive,S+R+P+BC,100,values_plus_missing,0.748784008988403,0.7400647659975652,0.7575032519792407,0.7340192045181808,0.7967482609784391,1,1,5,0,available
ordinary_group_holdout_descriptive,S+R+P+BC,200,values_plus_missing,0.7455639531377487,0.7329486457789861,0.7581792604965112,0.7314105064202568,0.7993430013949083,1,1,5,0,available
ordinary_group_holdout_descriptive,S+R+P+BC,all,values_plus_missing,0.7427436357452548,0.7304486457789859,0.7550386257115237,0.729744971048842,0.7999595255939388,1,1,5,0,available
ordinary_group_holdout_descriptive,S+R+F+H,25,values_plus_missing,0.7770289088806559,0.7708280610703793,0.7832297566909326,0.7550027001080043,0.812954297650475,1,1,5,0,available
ordinary_group_holdout_descriptive,S+R+F+H,50,values_plus_missing,0.7840038137233969,0.7725027413936715,0.7955048860531223,0.7612968581243249,0.8240620834192767,1,1,5,0,available
ordinary_group_holdout_descriptive,S+R+F+H,100,values_plus_missing,0.77892803887155,0.779047729540233,0.778808348202867,0.760389321822873,0.8260477480619881,1,1,5,0,available
ordinary_group_holdout_descriptive,S+R+F+H,200,values_plus_missing,0.7837172006128066,0.7782140346541451,0.7892203665714681,0.7648069985299413,0.8296498357444164,1,1,5,0,available
ordinary_group_holdout_descriptive,S+R+F+H,all,values_plus_missing,0.7855545413113955,0.77959235613404,0.7915167264887509,0.7635891373154926,0.8301308869614061,1,1,5,0,available
ordinary_group_holdout_descriptive,S+R+F+SC,25,values_plus_missing,0.7615534411035049,0.7674438197362038,0.755663062470806,0.7438272530901235,0.8064692694752008,1,1,5,0,available
ordinary_group_holdout_descriptive,S+R+F+SC,50,values_plus_missing,0.7732442035165459,0.7692447277370459,0.777243679296046,0.7534266995679828,0.8197545383432032,1,1,5,0,available
ordinary_group_holdout_descriptive,S+R+F+SC,100,values_plus_missing,0.7744257840108599,0.7757527413936715,0.7730988266280484,0.7558244517280691,0.8202202259032856,1,1,5,0,available
ordinary_group_holdout_descriptive,S+R+F+SC,200,values_plus_missing,0.77102661577291,0.7712872605285077,0.7707659710173123,0.7524933809852394,0.8238032143695513,1,1,5,0,available
ordinary_group_holdout_descriptive,S+R+F+SC,all,values_plus_missing,0.7685557060158377,0.7747426339347009,0.7623687780969745,0.7506426819572782,0.8245968228268616,1,1,5,0,available
ordinary_group_holdout_descriptive,S+R+F+BC,25,values_plus_missing,0.7696555865214452,0.7563740583610219,0.7829371146818684,0.7430851921576863,0.8033023772159309,1,1,5,0,available
ordinary_group_holdout_descriptive,S+R+F+BC,50,values_plus_missing,0.7809162963273204,0.7674211403099286,0.7944114523447121,0.7575598336433458,0.8168641686815856,1,1,5,0,available
ordinary_group_holdout_descriptive,S+R+F+BC,100,values_plus_missing,0.7755456748226313,0.7721366211750923,0.7789547284701702,0.755076296801872,0.8175221087607545,1,1,5,0,available
ordinary_group_holdout_descriptive,S+R+F+BC,200,values_plus_missing,0.7832393295228697,0.766959847049455,0.7995188119962844,0.7593627182587304,0.8221142445120094,1,1,5,0,available
ordinary_group_holdout_descriptive,S+R+F+BC,all,values_plus_missing,0.78098550883184,0.7674640346541451,0.7945069830095348,0.7538485914436577,0.8224413347315261,1,1,5,0,available
ordinary_group_holdout_descriptive,S+R+H+SC,25,values_plus_missing,0.7453773234479226,0.7748890765301919,0.7158655703656535,0.7477691295151806,0.8056879728743285,1,1,5,0,available
ordinary_group_holdout_descriptive,S+R+H+SC,50,values_plus_missing,0.7512607865605911,0.7607199545084256,0.7418016186127566,0.7457674869494779,0.8103411452664098,1,1,5,0,available
ordinary_group_holdout_descriptive,S+R+H+SC,100,values_plus_missing,0.748788944561356,0.7654643962068998,0.7321134929158122,0.7440063227529101,0.8156415473421484,1,1,5,0,available
ordinary_group_holdout_descriptive,S+R+H+SC,200,values_plus_missing,0.7546291929504418,0.7547182222588352,0.7545401636420485,0.7488679234669386,0.8183959941416982,1,1,5,0,available
ordinary_group_holdout_descriptive,S+R+H+SC,all,values_plus_missing,0.750375049908637,0.7554762359154608,0.7452738639018134,0.7425418891755671,0.8198813289860973,1,1,5,0,available
ordinary_group_holdout_descriptive,S+R+H+BC,25,values_plus_missing,0.747456454304758,0.7498475528828111,0.745065355726705,0.7372129260170407,0.7984925064206323,1,1,5,0,available
ordinary_group_holdout_descriptive,S+R+H+BC,50,values_plus_missing,0.7539983189889325,0.7481829800184895,0.7598136579593756,0.7421420294311772,0.8035756273351209,1,1,5,0,available
ordinary_group_holdout_descriptive,S+R+H+BC,100,values_plus_missing,0.7499373380671159,0.7568113014983844,0.7430633746358476,0.7425259510380415,0.8098355907842535,1,1,5,0,available
ordinary_group_holdout_descriptive,S+R+H+BC,200,values_plus_missing,0.7516720395968428,0.7471766986114544,0.7561673805822312,0.7417520138305532,0.8124413708806904,1,1,5,0,available
ordinary_group_holdout_descriptive,S+R+H+BC,all,values_plus_missing,0.7575473911571322,0.7490550200913493,0.7660397622229151,0.7451308989859594,0.8134347118794436,1,1,5,0,available
ordinary_group_holdout_descriptive,S+R+SC+BC,25,values_plus_missing,0.7405961167830224,0.7589329800184895,0.7222592535475553,0.7277386407956319,0.7909189521476367,1,1,5,0,available
ordinary_group_holdout_descriptive,S+R+SC+BC,50,values_plus_missing,0.7381249555856861,0.75071612845649,0.7255337827148822,0.735573172926917,0.7997530000934923,1,1,5,0,available
ordinary_group_holdout_descriptive,S+R+SC+BC,100,values_plus_missing,0.7436290238610123,0.7535264208107936,0.733731626911231,0.7360208470838834,0.8030836990000385,1,1,5,0,available
ordinary_group_holdout_descriptive,S+R+SC+BC,200,values_plus_missing,0.7457771621570506,0.7465285146131385,0.7450258097009628,0.7372288641545661,0.8056049195222614,1,1,5,0,available
ordinary_group_holdout_descriptive,S+R+SC+BC,all,values_plus_missing,0.7453644305431968,0.7442011011340858,0.7465277599523077,0.7354578558142326,0.8070532574473452,1,1,5,0,available
ordinary_group_holdout_descriptive,S+P+F+H,25,values_plus_missing,0.7529782320739036,0.7526972842353845,0.7532591799124225,0.741630602724109,0.7972742369765379,1,1,5,0,available
ordinary_group_holdout_descriptive,S+P+F+H,50,values_plus_missing,0.7666065313035673,0.7520393543308529,0.7811737082762815,0.7567919904296172,0.8141715001541145,1,1,5,0,available
ordinary_group_holdout_descriptive,S+P+F+H,100,values_plus_missing,0.764401658912339,0.7602956357378879,0.7685076820867901,0.7577609354374175,0.8167810208025997,1,1,5,0,available
ordinary_group_holdout_descriptive,S+P+F+H,200,values_plus_missing,0.7686778043296544,0.7629560209975196,0.7743995876617892,0.7590364552082083,0.8180832040613906,1,1,5,0,available
ordinary_group_holdout_descriptive,S+P+F+H,all,values_plus_missing,0.7696564812276261,0.7681735956650283,0.7711393667902238,0.7597686719968799,0.8183705376298607,1,1,5,0,available
ordinary_group_holdout_descriptive,S+P+F+SC,25,values_plus_missing,0.7459287119789634,0.7501181385067414,0.7417392854511854,0.7349623672446898,0.7950424214288567,1,1,5,0,available
ordinary_group_holdout_descriptive,S+P+F+SC,50,values_plus_missing,0.7576861895243419,0.7477830729238176,0.7675893061248661,0.7457379545181808,0.8123399525290307,1,1,5,0,available
ordinary_group_holdout_descriptive,S+P+F+SC,100,values_plus_missing,0.7600524973390335,0.750821779663344,0.769283215014723,0.7479885132905316,0.8141717459826348,1,1,5,0,available
ordinary_group_holdout_descriptive,S+P+F+SC,200,values_plus_missing,0.7575498154146587,0.7564110328509579,0.7586885979783596,0.7468123724948998,0.8141915160886087,1,1,5,0,available
ordinary_group_holdout_descriptive,S+P+F+SC,all,values_plus_missing,0.7576535806080849,0.7582851667261626,0.7570219944900072,0.7477874114964598,0.8150522510420546,1,1,5,0,available
ordinary_group_holdout_descriptive,S+P+F+BC,25,values_plus_missing,0.7552754394077825,0.7397415492764368,0.7708093295391283,0.7380051452058083,0.7929212504557813,1,1,5,0,available
ordinary_group_holdout_descriptive,S+P+F+BC,50,values_plus_missing,0.7598603084765405,0.7428276995176245,0.7768929174354565,0.7489119877295092,0.8087787412906163,1,1,5,0,available
ordinary_group_holdout_descriptive,S+P+F+BC,100,values_plus_missing,0.7665422231846049,0.7476219645586767,0.785462481810533,0.7537295241809672,0.8097383836129769,1,1,5,0,available
ordinary_group_holdout_descriptive,S+P+F+BC,200,values_plus_missing,0.7712230469159588,0.7509165911524837,0.7915295026794339,0.7527802674606985,0.8117178378856936,1,1,5,0,available
ordinary_group_holdout_descriptive,S+P+F+BC,all,values_plus_missing,0.76934988353506,0.753294551079624,0.785405215990496,0.7498490564622584,0.811859096683494,1,1,5,0,available
ordinary_group_holdout_descriptive,S+P+H+SC,25,values_plus_missing,0.7097830595560815,0.7164221494540096,0.7031439696581533,0.7175588586043442,0.7819027538696481,1,1,5,0,available
ordinary_group_holdout_descriptive,S+P+H+SC,50,values_plus_missing,0.7297695153475543,0.724770500956513,0.7347685297385956,0.7360770993339734,0.7921363927723852,1,1,5,0,available
ordinary_group_holdout_descriptive,S+P+H+SC,100,values_plus_missing,0.7243697635042837,0.7263353516214955,0.7224041753870719,0.73514378075123,0.7985404756189042,1,1,5,0,available
ordinary_group_holdout_descriptive,S+P+H+SC,200,values_plus_missing,0.7257049382310647,0.7228712414531674,0.7285386350089621,0.7366939990099604,0.7980889500784005,1,1,5,0,available
ordinary_group_holdout_descriptive,S+P+H+SC,all,values_plus_missing,0.7248279382639637,0.7244242432563546,0.7252316332715729,0.7362721071342854,0.7995484648315142,1,1,5,0,available
ordinary_group_holdout_descriptive,S+P+H+BC,25,values_plus_missing,0.7127446110408359,0.7025002105243888,0.7229890115572829,0.7202434972398897,0.7721608199480816,1,1,5,0,available
ordinary_group_holdout_descriptive,S+P+H+BC,50,values_plus_missing,0.7293890440084685,0.7059423643719508,0.7528357236449863,0.7321253787651506,0.781902955377147,1,1,5,0,available
ordinary_group_holdout_descriptive,S+P+H+BC,100,values_plus_missing,0.7304241394925357,0.7181742432563546,0.7426740357287169,0.7363517978219128,0.7892497902180271,1,1,5,0,available
ordinary_group_holdout_descriptive,S+P+H+BC,200,values_plus_missing,0.727925954385517,0.719470602099752,0.7363813066712819,0.7350284636385456,0.7899923660203623,1,1,5,0,available
ordinary_group_holdout_descriptive,S+P+H+BC,all,values_plus_missing,0.7266680375245602,0.7206700556516644,0.732666019397456,0.7335101216548663,0.7907638751127022,1,1,5,0,available
ordinary_group_holdout_descriptive,S+P+SC+BC,25,values_plus_missing,0.7045097918215473,0.7145232515034188,0.6944963321396759,0.7065306049741991,0.7698449774532642,1,1,5,0,available
ordinary_group_holdout_descriptive,S+P+SC+BC,50,values_plus_missing,0.7180270842161537,0.7120420957245243,0.7240120727077831,0.7244122577403096,0.7817642862038084,1,1,5,0,available
ordinary_group_holdout_descriptive,S+P+SC+BC,100,values_plus_missing,0.717705288491477,0.7179503871818107,0.7174601898011431,0.7245116367154686,0.7856134125216968,1,1,5,0,available
ordinary_group_holdout_descriptive,S+P+SC+BC,200,values_plus_missing,0.7194660346431478,0.7128314500553771,0.7261006192309187,0.7252818237729509,0.7849293652569578,1,1,5,0,available
ordinary_group_holdout_descriptive,S+P+SC+BC,all,values_plus_missing,0.7204159977760238,0.7186285320042837,0.722203463547764,0.7276059792391696,0.786923770493771,1,1,5,0,available
ordinary_group_holdout_descriptive,S+F+H+SC,25,values_plus_missing,0.7486730709190652,0.7628235119129344,0.734522629925196,0.7431845711328453,0.8050323867040788,1,1,5,0,available
ordinary_group_holdout_descriptive,S+F+H+SC,50,values_plus_missing,0.7570445264488552,0.7535330729238177,0.7605559799738929,0.7518469488779551,0.8184448043877885,1,1,5,0,available
ordinary_group_holdout_descriptive,S+F+H+SC,100,values_plus_missing,0.7558668169107698,0.7658667678099057,0.745866866011634,0.7531740332113285,0.8197429846581749,1,1,5,0,available
ordinary_group_holdout_descriptive,S+F+H+SC,200,values_plus_missing,0.7593087236591085,0.7647405401323558,0.7538769071858612,0.7534904521180847,0.8196529251556072,1,1,5,0,available
ordinary_group_holdout_descriptive,S+F+H+SC,all,values_plus_missing,0.762661417481227,0.7693179536114085,0.7560048813510453,0.7553350571522861,0.8200602067008997,1,1,5,0,available
ordinary_group_holdout_descriptive,S+F+H+BC,25,values_plus_missing,0.7551133474773679,0.7543719645586768,0.7558547303960589,0.7473078610644426,0.8026335526029227,1,1,5,0,available
ordinary_group_holdout_descriptive,S+F+H+BC,50,values_plus_missing,0.7647951152031371,0.7499131266533029,0.7796771037529714,0.7589112939517582,0.8150521296149046,1,1,5,0,available
ordinary_group_holdout_descriptive,S+F+H+BC,100,values_plus_missing,0.7673090639107991,0.7597422723819461,0.7748758554396522,0.7564535393915757,0.8152876229856189,1,1,5,0,available
ordinary_group_holdout_descriptive,S+F+H+BC,200,values_plus_missing,0.7711817357271789,0.7608702323090863,0.7814932391452712,0.7562425934537381,0.8169573300083611,1,1,5,0,available
ordinary_group_holdout_descriptive,S+F+H+BC,all,values_plus_missing,0.7712996983648652,0.7650410865804432,0.7775583101492872,0.7557888253030121,0.8173273412405244,1,1,5,0,available
ordinary_group_holdout_descriptive,S+F+SC+BC,25,values_plus_missing,0.7458434477926625,0.7551526576415776,0.7365342379437475,0.7411927727109084,0.800828325431798,1,1,5,0,available
ordinary_group_holdout_descriptive,S+F+SC+BC,50,values_plus_missing,0.757521404509351,0.749027153069537,0.766015655949165,0.7478094436277452,0.8134241104249142,1,1,5,0,available
ordinary_group_holdout_descriptive,S+F+SC+BC,100,values_plus_missing,0.7573586965837875,0.7567363525276657,0.7579810406399092,0.7487943267730709,0.8138611035279328,1,1,5,0,available
ordinary_group_holdout_descriptive,S+F+SC+BC,200,values_plus_missing,0.7646854613486472,0.7551955519857941,0.7741753707115003,0.7471128532641306,0.8144927381425251,1,1,5,0,available
ordinary_group_holdout_descriptive,S+F+SC+BC,all,values_plus_missing,0.7636149927020235,0.7572401785796011,0.7699898068244457,0.7443766500660026,0.8152764120468265,1,1,5,0,available
ordinary_group_holdout_descriptive,S+H+SC+BC,25,values_plus_missing,0.7120723972942107,0.7245403634749339,0.6996044311134874,0.7212321305352214,0.7843781440575988,1,1,5,0,available
ordinary_group_holdout_descriptive,S+H+SC+BC,50,values_plus_missing,0.7297782287088281,0.7263395392261857,0.7332169181914706,0.7371416731669267,0.7904235263280477,1,1,5,0,available
ordinary_group_holdout_descriptive,S+H+SC+BC,100,values_plus_missing,0.7256854410634144,0.7275735119129344,0.7237973702138945,0.7334144928297132,0.7933643960296983,1,1,5,0,available
ordinary_group_holdout_descriptive,S+H+SC+BC,200,values_plus_missing,0.7246226112918717,0.7266948288802849,0.7225503937034583,0.7371257350294012,0.7935669021027156,1,1,5,0,available
ordinary_group_holdout_descriptive,S+H+SC+BC,all,values_plus_missing,0.7265290412012351,0.7304106712982033,0.7226474111042668,0.7352750360014401,0.7952808526587172,1,1,5,0,available
ordinary_group_holdout_descriptive,D+R+P+F,25,values_plus_missing,0.7315499269779993,0.6871211842454531,0.7759786697105455,0.7004300484519381,0.759508084365028,1,1,5,0,available
ordinary_group_holdout_descriptive,D+R+P+F,50,values_plus_missing,0.7288152765442397,0.7021299210075881,0.7555006320808912,0.6986309139865594,0.7691892132669158,1,1,5,0,available
ordinary_group_holdout_descriptive,D+R+P+F,100,values_plus_missing,0.7318627557601595,0.7070629765402604,0.7566625349800585,0.6999640923136925,0.7726875706774852,1,1,5,0,available
ordinary_group_holdout_descriptive,D+R+P+F,200,values_plus_missing,0.7370500347233298,0.7038984036759389,0.7702016657707205,0.709026329803192,0.777459962948134,1,1,5,0,available
ordinary_group_holdout_descriptive,D+R+P+F,all,values_plus_missing,0.7409813698955079,0.7059388426650557,0.77602389712596,0.7097904228669147,0.7761492469306932,1,1,5,0,available
ordinary_group_holdout_descriptive,D+R+P+H,25,values_plus_missing,0.7151013177895158,0.6939763892321352,0.7362262463468964,0.7029271795871834,0.7667808749346449,1,1,5,0,available
ordinary_group_holdout_descriptive,D+R+P+H,50,values_plus_missing,0.7147445783514474,0.7222333937446797,0.7072557629582151,0.7033246954878195,0.773754619462238,1,1,5,0,available
ordinary_group_holdout_descriptive,D+R+P+H,100,values_plus_missing,0.7202317322927639,0.7259837552974343,0.7144797092880936,0.7048847578903157,0.7815892660731267,1,1,5,0,available
ordinary_group_holdout_descriptive,D+R+P+H,200,values_plus_missing,0.7264234515517356,0.7188662643820193,0.733980638721452,0.710404978699148,0.781998634931072,1,1,5,0,available
ordinary_group_holdout_descriptive,D+R+P+H,all,values_plus_missing,0.7250657647541963,0.7153721842362999,0.7347593452720927,0.7099573045421816,0.7820505065314781,1,1,5,0,available
ordinary_group_holdout_descriptive,D+R+P+SC,25,values_plus_missing,0.7059147330740634,0.7078983190085216,0.7039311471396051,0.7037109609384375,0.767882041805221,1,1,5,0,available
ordinary_group_holdout_descriptive,D+R+P+SC,50,values_plus_missing,0.7169426349632002,0.7270674501835224,0.7068178197428779,0.7060388665546622,0.7760236436554375,1,1,5,0,available
ordinary_group_holdout_descriptive,D+R+P+SC,100,values_plus_missing,0.7220449974851049,0.728614532132429,0.7154754628377806,0.7093282168786752,0.7810534527851096,1,1,5,0,available
ordinary_group_holdout_descriptive,D+R+P+SC,200,values_plus_missing,0.7151775796369029,0.7109593436215688,0.7193958156522369,0.7060829308172327,0.7839032291535173,1,1,5,0,available
ordinary_group_holdout_descriptive,D+R+P+SC,all,values_plus_missing,0.7149870451757881,0.7060751022873933,0.723898988064183,0.7043597368894756,0.7836690841507628,1,1,5,0,available
ordinary_group_holdout_descriptive,D+R+P+BC,25,values_plus_missing,0.6873192628013307,0.6503737746107587,0.7242647509919028,0.6760517295691828,0.7334604879294322,1,1,5,0,available
ordinary_group_holdout_descriptive,D+R+P+BC,50,values_plus_missing,0.6907902378591542,0.6854435359859407,0.6961369397323677,0.6740552434597384,0.7387470074471428,1,1,5,0,available
ordinary_group_holdout_descriptive,D+R+P+BC,100,values_plus_missing,0.69031109339807,0.6847995395923149,0.695822647203825,0.6802758047821913,0.7480832372889539,1,1,5,0,available
ordinary_group_holdout_descriptive,D+R+P+BC,200,values_plus_missing,0.6971786801650695,0.6748071916961859,0.7195501686339529,0.6836190635125405,0.7512541057627529,1,1,5,0,available
ordinary_group_holdout_descriptive,D+R+P+BC,all,values_plus_missing,0.6988250626773733,0.672264658904724,0.7253854664500228,0.6835614049561982,0.7509662301211821,1,1,5,0,available
ordinary_group_holdout_descriptive,D+R+F+H,25,values_plus_missing,0.7387075641232568,0.7123224364079047,0.7650926918386088,0.714924378225129,0.7827573291211858,1,1,5,0,available
ordinary_group_holdout_descriptive,D+R+F+H,50,values_plus_missing,0.7432953875665842,0.7323279947094306,0.754262780423738,0.718933757350294,0.7886216705799188,1,1,5,0,available
ordinary_group_holdout_descriptive,D+R+F+H,100,values_plus_missing,0.7396518155348311,0.7319887415218167,0.7473148895478454,0.7194292459198368,0.7905655209563953,1,1,5,0,available
ordinary_group_holdout_descriptive,D+R+F+H,200,values_plus_missing,0.7446074301016747,0.7317024901373901,0.7575123700659593,0.7250488457038282,0.7941252871929994,1,1,5,0,available
ordinary_group_holdout_descriptive,D+R+F+H,all,values_plus_missing,0.7440522900872932,0.73120249013739,0.7569020900371966,0.7226609376875075,0.7932012515705484,1,1,5,0,available
ordinary_group_holdout_descriptive,D+R+F+SC,25,values_plus_missing,0.7352101261431709,0.7087175083065601,0.7617027439797819,0.7139812154986199,0.7812055223255474,1,1,5,0,available
ordinary_group_holdout_descriptive,D+R+F+SC,50,values_plus_missing,0.7460287785853357,0.731014228702712,0.7610433284679594,0.718770625825033,0.7895862022733418,1,1,5,0,available
ordinary_group_holdout_descriptive,D+R+F+SC,100,values_plus_missing,0.7392001919158162,0.7285933744313553,0.7498070094002772,0.7135888560542422,0.79112132554468,1,1,5,0,available
ordinary_group_holdout_descriptive,D+R+F+SC,200,values_plus_missing,0.7478614387982148,0.7290016658886418,0.7667212117077877,0.7177955868234729,0.7934767399085986,1,1,5,0,available
ordinary_group_holdout_descriptive,D+R+F+SC,all,values_plus_missing,0.7446042622712226,0.7290016658886418,0.7602068586538034,0.7147907791311652,0.7923939131923559,1,1,5,0,available
ordinary_group_holdout_descriptive,D+R+F+BC,25,values_plus_missing,0.7328567708650644,0.6927219911030562,0.7729915506270726,0.7006827148085923,0.7610552884230828,1,1,5,0,available
ordinary_group_holdout_descriptive,D+R+F+BC,50,values_plus_missing,0.7345018138939259,0.7148621522915123,0.7541414754963395,0.7046761557962319,0.7683507834775626,1,1,5,0,available
ordinary_group_holdout_descriptive,D+R+F+BC,100,values_plus_missing,0.7336511737826356,0.7069981258752781,0.760304221689993,0.7024734114364575,0.7709574108332384,1,1,5,0,available
ordinary_group_holdout_descriptive,D+R+F+BC,200,values_plus_missing,0.736693719697586,0.7087871941675591,0.764600245227613,0.7094580658226328,0.7750072181105004,1,1,5,0,available
ordinary_group_holdout_descriptive,D+R+F+BC,all,values_plus_missing,0.738729710506017,0.7069922060209975,0.7704672149910364,0.7069806229749189,0.7735776792770162,1,1,5,0,available
ordinary_group_holdout_descriptive,D+R+H+SC,25,values_plus_missing,0.7288557940895053,0.7360187023459739,0.7216928858330368,0.7270983026821073,0.7922183862194574,1,1,5,0,available
ordinary_group_holdout_descriptive,D+R+H+SC,50,values_plus_missing,0.7329270885860704,0.7501041294816524,0.7157500476904882,0.7273865954638186,0.7951260836068815,1,1,5,0,available
ordinary_group_holdout_descriptive,D+R+H+SC,100,values_plus_missing,0.7355127992994743,0.7471731677513249,0.7238524308476239,0.7308292331693267,0.7986327221141217,1,1,5,0,available
ordinary_group_holdout_descriptive,D+R+H+SC,200,values_plus_missing,0.7359172744059013,0.742500219677623,0.7293343291341796,0.7314044124264971,0.7993703916907013,1,1,5,0,available
ordinary_group_holdout_descriptive,D+R+H+SC,all,values_plus_missing,0.741196104212487,0.7400835530109564,0.7423086554140178,0.7327436847473899,0.7999343178209251,1,1,5,0,available
ordinary_group_holdout_descriptive,D+R+H+BC,25,values_plus_missing,0.7133359618086798,0.7089000604113463,0.7177718632060132,0.7034104801692067,0.7719390315007562,1,1,5,0,available
ordinary_group_holdout_descriptive,D+R+H+BC,50,values_plus_missing,0.7056846845270217,0.7246563418183816,0.6867130272356617,0.6932714808592344,0.7717933785215257,1,1,5,0,available
ordinary_group_holdout_descriptive,D+R+H+BC,100,values_plus_missing,0.7153872031031496,0.721152515766446,0.7096218904398532,0.7023337183487339,0.776730380084976,1,1,5,0,available
ordinary_group_holdout_descriptive,D+R+H+BC,200,values_plus_missing,0.7121367476985678,0.708827557642493,0.7154459377546426,0.7012175799531981,0.7770731853228281,1,1,5,0,available
ordinary_group_holdout_descriptive,D+R+H+BC,all,values_plus_missing,0.7138539668047656,0.7063638090269196,0.7213441245826115,0.7034582945817833,0.7775150914542458,1,1,5,0,available
ordinary_group_holdout_descriptive,D+R+SC+BC,25,values_plus_missing,0.7132265997459566,0.7281926595637569,0.6982605399281562,0.7098396435857435,0.7713631466426459,1,1,5,0,available
ordinary_group_holdout_descriptive,D+R+SC+BC,50,values_plus_missing,0.7153284427287208,0.7390866559573825,0.6915702295000591,0.7080723853954158,0.7735138448208991,1,1,5,0,available
ordinary_group_holdout_descriptive,D+R+SC+BC,100,values_plus_missing,0.7116902651525532,0.7230782807480023,0.7003022495571041,0.7040728504140166,0.7755705519841264,1,1,5,0,available
ordinary_group_holdout_descriptive,D+R+SC+BC,200,values_plus_missing,0.7120228970252322,0.7122888509029667,0.7117569431474977,0.7039317510200408,0.778002941449419,1,1,5,0,available
ordinary_group_holdout_descriptive,D+R+SC+BC,all,values_plus_missing,0.7157890358639403,0.7152463181115047,0.7163317536163759,0.7086020940837634,0.778544454254251,1,1,5,0,available
ordinary_group_holdout_descriptive,D+P+F+H,25,values_plus_missing,0.7142690036205346,0.6788108827379155,0.7497271245031536,0.7058766725669027,0.7571140228648314,1,1,5,0,available
ordinary_group_holdout_descriptive,D+P+F+H,50,values_plus_missing,0.7256859732478516,0.684949311676781,0.7664226348189221,0.7090127355094203,0.7685647729352632,1,1,5,0,available
ordinary_group_holdout_descriptive,D+P+F+H,100,values_plus_missing,0.7151093979138653,0.6897425675737522,0.7404762282539784,0.7120433254830193,0.7707419057393403,1,1,5,0,available
ordinary_group_holdout_descriptive,D+P+F+H,200,values_plus_missing,0.7294588317432676,0.7025480247320391,0.7563696387544961,0.7160747367394695,0.7723561571064412,1,1,5,0,available
ordinary_group_holdout_descriptive,D+P+F+H,all,values_plus_missing,0.7291912356849586,0.6986250766583373,0.7597573947115798,0.7121267663206527,0.7705727221900467,1,1,5,0,available
ordinary_group_holdout_descriptive,D+P+F+SC,25,values_plus_missing,0.7206226499619848,0.6897289956156007,0.7515163043083687,0.7098344871294852,0.764533281546378,1,1,5,0,available
ordinary_group_holdout_descriptive,D+P+F+SC,50,values_plus_missing,0.7265729520995456,0.7022799036164429,0.7508660005826483,0.7173821327853114,0.7771732865150347,1,1,5,0,available
ordinary_group_holdout_descriptive,D+P+F+SC,100,values_plus_missing,0.7289611644867217,0.7077945602328582,0.7501277687405851,0.719316272650906,0.777716880744297,1,1,5,0,available
ordinary_group_holdout_descriptive,D+P+F+SC,200,values_plus_missing,0.7240563735052912,0.7035790793676946,0.7445336676428876,0.7143613869554782,0.7784708804005084,1,1,5,0,available
ordinary_group_holdout_descriptive,D+P+F+SC,all,values_plus_missing,0.7244415260352761,0.7065466540352033,0.7423363980353489,0.7149304722188887,0.7769786744103522,1,1,5,0,available
ordinary_group_holdout_descriptive,D+P+F+BC,25,values_plus_missing,0.7029569744124815,0.655750514869429,0.7501634339555339,0.6886620777331094,0.7373488012042294,1,1,5,0,available
ordinary_group_holdout_descriptive,D+P+F+BC,50,values_plus_missing,0.7049100358351935,0.6622323846005986,0.7475876870697884,0.6920986214448579,0.7453032016876444,1,1,5,0,available
ordinary_group_holdout_descriptive,D+P+F+BC,100,values_plus_missing,0.7144692985720649,0.6663202670913767,0.7626183300527529,0.6998473688947557,0.747410546178916,1,1,5,0,available
ordinary_group_holdout_descriptive,D+P+F+BC,200,values_plus_missing,0.712918192484409,0.6683610676332482,0.7574753173355698,0.6977121272350895,0.7504779085393443,1,1,5,0,available
ordinary_group_holdout_descriptive,D+P+F+BC,all,values_plus_missing,0.7138611702805486,0.6738753626969091,0.7538469778641881,0.6983388710548422,0.7480053166947018,1,1,5,0,available
ordinary_group_holdout_descriptive,D+P+H+SC,25,values_plus_missing,0.6817409627639972,0.669197142360253,0.6942847831677414,0.6931828835653426,0.757066802236271,1,1,5,0,available
ordinary_group_holdout_descriptive,D+P+H+SC,50,values_plus_missing,0.6901067859701098,0.6830026086717741,0.6972109632684456,0.7004877070082803,0.7655433712417032,1,1,5,0,available
ordinary_group_holdout_descriptive,D+P+H+SC,100,values_plus_missing,0.6890947092872657,0.6859168199833411,0.6922725985911904,0.7009513193027721,0.770650893251662,1,1,5,0,available
ordinary_group_holdout_descriptive,D+P+H+SC,200,values_plus_missing,0.6889227779062281,0.6867547024741193,0.691090853338337,0.7022427772110884,0.7693893009623923,1,1,5,0,available
ordinary_group_holdout_descriptive,D+P+H+SC,all,values_plus_missing,0.6881736078109404,0.6790447799104814,0.6973024357113994,0.7000559709888395,0.7689197841582407,1,1,5,0,available
ordinary_group_holdout_descriptive,D+P+H+BC,25,values_plus_missing,0.6672436865576993,0.6200198556534952,0.7144675174619034,0.6642996969878795,0.710902303236745,1,1,5,0,available
ordinary_group_holdout_descriptive,D+P+H+BC,50,values_plus_missing,0.6505552362858357,0.6321460924842793,0.668964380087392,0.6594221581363255,0.7181215681568259,1,1,5,0,available
ordinary_group_holdout_descriptive,D+P+H+BC,100,values_plus_missing,0.6783385675461325,0.6345348829758996,0.7221422521163655,0.6682992319692788,0.7237169437965856,1,1,5,0,available
ordinary_group_holdout_descriptive,D+P+H+BC,200,values_plus_missing,0.6606538173952043,0.6403874220830931,0.6809202127073157,0.65660626425057,0.721775115328894,1,1,5,0,available
ordinary_group_holdout_descriptive,D+P+H+BC,all,values_plus_missing,0.6725165228549064,0.6400579148016952,0.7049751309081177,0.6636227949117965,0.7219182780012732,1,1,5,0,available
ordinary_group_holdout_descriptive,D+P+SC+BC,25,values_plus_missing,0.6607859784313719,0.6430725714181106,0.6784993854446331,0.6754728001620065,0.7341273887182348,1,1,5,0,available
ordinary_group_holdout_descriptive,D+P+SC+BC,50,values_plus_missing,0.6764589940457059,0.6620262125747133,0.6908917755166984,0.6837207863314533,0.7454410452822957,1,1,5,0,available
ordinary_group_holdout_descriptive,D+P+SC+BC,100,values_plus_missing,0.6657343035459768,0.6501416096877831,0.6813269974041707,0.6765631562762511,0.7492276783049233,1,1,5,0,available
ordinary_group_holdout_descriptive,D+P+SC+BC,200,values_plus_missing,0.6752909534622088,0.6560582763544499,0.6945236305699677,0.6860988502040082,0.7486956439501937,1,1,5,0,available
ordinary_group_holdout_descriptive,D+P+SC+BC,all,values_plus_missing,0.672322968406151,0.6563204776157655,0.6883254591965365,0.6850919349273972,0.74913282304194,1,1,5,0,available
ordinary_group_holdout_descriptive,D+F+H+SC,25,values_plus_missing,0.7274102787832664,0.6974709728057409,0.7573495847607917,0.7174458853354134,0.7797965959972115,1,1,5,0,available
ordinary_group_holdout_descriptive,D+F+H+SC,50,values_plus_missing,0.7274378994169879,0.7040121349003671,0.7508636639336088,0.7207610179407176,0.7886381029520297,1,1,5,0,available
ordinary_group_holdout_descriptive,D+F+H+SC,100,values_plus_missing,0.7291905638002025,0.7043029354422385,0.7540781921581665,0.7240663064022561,0.7890155280334631,1,1,5,0,available
ordinary_group_holdout_descriptive,D+F+H+SC,200,values_plus_missing,0.729224784090178,0.7148050292445837,0.7436445389357723,0.7258152826113045,0.7887260763074478,1,1,5,0,available
ordinary_group_holdout_descriptive,D+F+H+SC,all,values_plus_missing,0.7282356261345344,0.7119350829740689,0.744536169295,0.723158770100804,0.7877885794795975,1,1,5,0,available
ordinary_group_holdout_descriptive,D+F+H+BC,25,values_plus_missing,0.7144583373754184,0.6754552315310615,0.7534614432197754,0.7060458980859234,0.7580496481778403,1,1,5,0,available
ordinary_group_holdout_descriptive,D+F+H+BC,50,values_plus_missing,0.7155164437303098,0.6857463936256877,0.7452864938349318,0.7078108124324973,0.7641198857751788,1,1,5,0,available
ordinary_group_holdout_descriptive,D+F+H+BC,100,values_plus_missing,0.7149701021226891,0.6821205275008925,0.7478196767444856,0.7033354771690867,0.7639043754546062,1,1,5,0,available
ordinary_group_holdout_descriptive,D+F+H+BC,200,values_plus_missing,0.7171380990737937,0.6895417433250038,0.7447344548225834,0.7057332293291732,0.7662511098066762,1,1,5,0,available
ordinary_group_holdout_descriptive,D+F+H+BC,all,values_plus_missing,0.7206847963563863,0.6883384637211559,0.7530311289916166,0.7051641440657627,0.7648360033505639,1,1,5,0,available
ordinary_group_holdout_descriptive,D+F+SC+BC,25,values_plus_missing,0.7172386719279291,0.6836313580653725,0.7508459857904857,0.7053333695847834,0.7651327205341613,1,1,5,0,available
ordinary_group_holdout_descriptive,D+F+SC+BC,50,values_plus_missing,0.7231076446872737,0.6972983862847938,0.7489169030897536,0.7138560542421697,0.7739733812802612,1,1,5,0,available
ordinary_group_holdout_descriptive,D+F+SC+BC,100,values_plus_missing,0.7301783042694467,0.6985972004832908,0.7617594080556028,0.7121267663206527,0.773331431121761,1,1,5,0,available
ordinary_group_holdout_descriptive,D+F+SC+BC,200,values_plus_missing,0.7252290971602977,0.6935867314715655,0.7568714628490301,0.7058804227169087,0.7737788035368685,1,1,5,0,available
ordinary_group_holdout_descriptive,D+F+SC+BC,all,values_plus_missing,0.729341439456884,0.7022638671499575,0.7564190117638107,0.7064752902616105,0.7726238849964447,1,1,5,0,available
ordinary_group_holdout_descriptive,D+H+SC+BC,25,values_plus_missing,0.6755723027922725,0.6764213599875516,0.6747232455969935,0.687378120124805,0.7524270672520359,1,1,5,0,available
ordinary_group_holdout_descriptive,D+H+SC+BC,50,values_plus_missing,0.6807526466427903,0.6868990512672654,0.6746062420183153,0.6934074237969519,0.7569269418750604,1,1,5,0,available
ordinary_group_holdout_descriptive,D+H+SC+BC,100,values_plus_missing,0.6781027843120946,0.6782585285260546,0.6779470400981346,0.6894177329593183,0.7578512921268505,1,1,5,0,available
ordinary_group_holdout_descriptive,D+H+SC+BC,200,values_plus_missing,0.6697473606298561,0.6756849410989373,0.6638097801607747,0.6872407708808352,0.7560573206211354,1,1,5,0,available
ordinary_group_holdout_descriptive,D+H+SC+BC,all,values_plus_missing,0.6765499305137922,0.6702724620369608,0.6828273989906236,0.687636880475219,0.7569464081038378,1,1,5,0,available
ordinary_group_holdout_descriptive,R+P+F+H,25,values_plus_missing,0.7355809461935232,0.7119277169087698,0.7592341754782765,0.7043916131645266,0.7630640953241271,1,1,5,0,available
ordinary_group_holdout_descriptive,R+P+F+H,50,values_plus_missing,0.72584605521958,0.719639371721998,0.7320527387171621,0.6988873304932197,0.7722453039286483,1,1,5,0,available
ordinary_group_holdout_descriptive,R+P+F+H,100,values_plus_missing,0.7332111005346754,0.7351348225645532,0.7312873785047976,0.7089541394155766,0.7767544476324377,1,1,5,0,available
ordinary_group_holdout_descriptive,R+P+F+H,200,values_plus_missing,0.7379895649150096,0.7286958380243659,0.7472832918056532,0.7145638950558022,0.7821789650572691,1,1,5,0,available
ordinary_group_holdout_descriptive,R+P+F+H,all,values_plus_missing,0.739211748695854,0.7302429199732726,0.7481805774184354,0.715449399225969,0.7817888677474081,1,1,5,0,available
ordinary_group_holdout_descriptive,R+P+F+SC,25,values_plus_missing,0.7115232641444177,0.7053496558383904,0.717696872450445,0.6953832840813633,0.7599112112398552,1,1,5,0,available
ordinary_group_holdout_descriptive,R+P+F+SC,50,values_plus_missing,0.7225658573561313,0.7207645902554667,0.724367124456796,0.7053028996159847,0.7707413614681329,1,1,5,0,available
ordinary_group_holdout_descriptive,R+P+F+SC,100,values_plus_missing,0.7189132915722298,0.7309434581834492,0.7068831249610104,0.7016432219788792,0.77266023211622,1,1,5,0,available
ordinary_group_holdout_descriptive,R+P+F+SC,200,values_plus_missing,0.735283068820235,0.7325613106516187,0.7380048269888512,0.7103412261490459,0.7773353295500216,1,1,5,0,available
ordinary_group_holdout_descriptive,R+P+F+SC,all,values_plus_missing,0.7364691817262317,0.7375246977144374,0.735413665738026,0.7101720006300252,0.7768535391253512,1,1,5,0,available
ordinary_group_holdout_descriptive,R+P+F+BC,25,values_plus_missing,0.7146230489182059,0.6816058708844771,0.7476402269519347,0.6814899158466339,0.7306397916815213,1,1,5,0,available
ordinary_group_holdout_descriptive,R+P+F+BC,50,values_plus_missing,0.70390999882607,0.68667526155367,0.7211447360984701,0.6674409163866555,0.739037770733349,1,1,5,0,available
ordinary_group_holdout_descriptive,R+P+F+BC,100,values_plus_missing,0.7058247355298403,0.7016386486164886,0.7100108224431919,0.6721150096003841,0.7431465609581323,1,1,5,0,available
ordinary_group_holdout_descriptive,R+P+F+BC,200,values_plus_missing,0.7200300380320108,0.704513144044448,0.7355469320195737,0.6883986296951878,0.7510970706899529,1,1,5,0,available
ordinary_group_holdout_descriptive,R+P+F+BC,all,values_plus_missing,0.7206247921822073,0.70592526155367,0.7353243228107446,0.687676257050282,0.7507658441847885,1,1,5,0,available
ordinary_group_holdout_descriptive,R+P+H+SC,25,values_plus_missing,0.705227263820098,0.7320106795361142,0.6784438481040818,0.7094177517100684,0.7707942325194314,1,1,5,0,available
ordinary_group_holdout_descriptive,R+P+H+SC,50,values_plus_missing,0.7094025231651327,0.7483726121500033,0.6704324341802622,0.7123784951398056,0.7800969709349868,1,1,5,0,available
ordinary_group_holdout_descriptive,R+P+H+SC,100,values_plus_missing,0.7125307455762842,0.7592450137756176,0.6658164773769507,0.7199261407956319,0.784784182760796,1,1,5,0,available
ordinary_group_holdout_descriptive,R+P+H+SC,200,values_plus_missing,0.7090155970524269,0.7448300793585413,0.6732011147463125,0.7165435054902196,0.7866080264350922,1,1,5,0,available
ordinary_group_holdout_descriptive,R+P+H+SC,all,values_plus_missing,0.7167320963567949,0.742580440911296,0.6908837518022938,0.7152839238569543,0.786619462715859,1,1,5,0,available
ordinary_group_holdout_descriptive,R+P+H+BC,25,values_plus_missing,0.6892907985594288,0.6922696268226378,0.6863119702962198,0.6713766988179527,0.7387483774041501,1,1,5,0,available
ordinary_group_holdout_descriptive,R+P+H+BC,50,values_plus_missing,0.6892851966213798,0.7162009592589542,0.6623694339838052,0.6769461403456138,0.7455980222381986,1,1,5,0,available
ordinary_group_holdout_descriptive,R+P+H+BC,100,values_plus_missing,0.693206530144266,0.7312926678016677,0.6551203924868645,0.6829276296051843,0.7514968968845668,1,1,5,0,available
ordinary_group_holdout_descriptive,R+P+H+BC,200,values_plus_missing,0.6991870958338915,0.7159310967405332,0.6824430949272496,0.6863665171606864,0.7536680668454141,1,1,5,0,available
ordinary_group_holdout_descriptive,R+P+H+BC,all,values_plus_missing,0.6933667080754808,0.7113599646685156,0.675373451482446,0.6809320810332413,0.7533198405671622,1,1,5,0,available
ordinary_group_holdout_descriptive,R+P+SC+BC,25,values_plus_missing,0.6774249925500708,0.7433115120227732,0.6115384730773683,0.6768003532641306,0.7226773006694269,1,1,5,0,available
ordinary_group_holdout_descriptive,R+P+SC+BC,50,values_plus_missing,0.6824177496171436,0.759091195961593,0.6057443032726942,0.6800934537381496,0.730694166660634,1,1,5,0,available
ordinary_group_holdout_descriptive,R+P+SC+BC,100,values_plus_missing,0.6879787034373317,0.7596720739398267,0.6162853329348368,0.6811739657086283,0.7355932068830281,1,1,5,0,available
ordinary_group_holdout_descriptive,R+P+SC+BC,200,values_plus_missing,0.6818397553441918,0.7449656158753696,0.6187138948130141,0.6746651116044642,0.7388571419188011,1,1,5,0,available
ordinary_group_holdout_descriptive,R+P+SC+BC,all,values_plus_missing,0.6820004948866005,0.7462606040219312,0.6177403857512698,0.6755506157746309,0.7393013439663363,1,1,5,0,available
ordinary_group_holdout_descriptive,R+F+H+SC,25,values_plus_missing,0.7332563684069625,0.7281530191943323,0.7383597176195927,0.718607494299772,0.7847944703754017,1,1,5,0,available
ordinary_group_holdout_descriptive,R+F+H+SC,50,values_plus_missing,0.7289292822407766,0.7326164062571511,0.7252421582244021,0.7160344226269051,0.7915863453901539,1,1,5,0,available
ordinary_group_holdout_descriptive,R+F+H+SC,100,values_plus_missing,0.7359285249429337,0.7491509253919872,0.7227061244938803,0.723786920226809,0.7938697455987359,1,1,5,0,available
ordinary_group_holdout_descriptive,R+F+H+SC,200,values_plus_missing,0.7393666879774548,0.7458542049958353,0.7328791709590741,0.7263440537621504,0.7966782316154154,1,1,5,0,available
ordinary_group_holdout_descriptive,R+F+H+SC,all,values_plus_missing,0.7488814808739107,0.7479396321315136,0.7498233296163078,0.7271240849633985,0.7961027393050448,1,1,5,0,available
ordinary_group_holdout_descriptive,R+F+H+BC,25,values_plus_missing,0.7331196219926501,0.7151481084841329,0.7510911355011674,0.7018663559042362,0.7640755574612061,1,1,5,0,available
ordinary_group_holdout_descriptive,R+F+H+BC,50,values_plus_missing,0.7279124243820048,0.7225605875461093,0.7332642612179003,0.7002683232329293,0.7706801376425222,1,1,5,0,available
ordinary_group_holdout_descriptive,R+F+H+BC,100,values_plus_missing,0.7350562491946333,0.7353973853786235,0.7347151130106431,0.707346262600504,0.7735948151877493,1,1,5,0,available
ordinary_group_holdout_descriptive,R+F+H+BC,200,values_plus_missing,0.7407181500064183,0.7261961995771206,0.755240100435716,0.714701244299772,0.778578902420724,1,1,5,0,available
ordinary_group_holdout_descriptive,R+F+H+BC,all,values_plus_missing,0.7340880722018657,0.7270333589623893,0.7411427854413422,0.7134833830853234,0.7779136292614407,1,1,5,0,available
ordinary_group_holdout_descriptive,R+F+SC+BC,25,values_plus_missing,0.7167847806001884,0.7006551129966773,0.7329144482036996,0.6956898588443537,0.7599768076489157,1,1,5,0,available
ordinary_group_holdout_descriptive,R+F+SC+BC,50,values_plus_missing,0.7214694858038702,0.7169985537889813,0.7259404178187591,0.700664432827313,0.7695702734233806,1,1,5,0,available
ordinary_group_holdout_descriptive,R+F+SC+BC,100,values_plus_missing,0.731537744426527,0.731022965464847,0.7320525233882068,0.7047535026401056,0.7711915463726442,1,1,5,0,available
ordinary_group_holdout_descriptive,R+F+SC+BC,200,values_plus_missing,0.7320696497907238,0.7200592168492737,0.744080082732174,0.7052133647845913,0.7747890490360099,1,1,5,0,available
ordinary_group_holdout_descriptive,R+F+SC+BC,all,values_plus_missing,0.735015095338907,0.7254291631197884,0.7446010275580256,0.7058401086043442,0.7745776071279165,1,1,5,0,available
ordinary_group_holdout_descriptive,R+H+SC+BC,25,values_plus_missing,0.7088192464345555,0.7472146822454714,0.6704238106236398,0.7112979831693267,0.7719857610032536,1,1,5,0,available
ordinary_group_holdout_descriptive,R+H+SC+BC,50,values_plus_missing,0.7014852422403819,0.7548813489121381,0.6480891355686257,0.7072642280691228,0.7757963874599295,1,1,5,0,available
ordinary_group_holdout_descriptive,R+H+SC+BC,100,values_plus_missing,0.7051438524679714,0.7586557605880038,0.6516319443479391,0.7123086485959438,0.7784885892052762,1,1,5,0,available
ordinary_group_holdout_descriptive,R+H+SC+BC,200,values_plus_missing,0.7076790725672212,0.7384820894087926,0.6768760557256498,0.7071868812252491,0.7798993314291648,1,1,5,0,available
ordinary_group_holdout_descriptive,R+H+SC+BC,all,values_plus_missing,0.7087672229966532,0.7416979318267111,0.6758365141665953,0.710054339673587,0.7804904917670982,1,1,5,0,available
ordinary_group_holdout_descriptive,P+F+H+SC,25,values_plus_missing,0.710072951943183,0.6989322660662145,0.7212136378201516,0.7042823900456018,0.768791646112507,1,1,5,0,available
ordinary_group_holdout_descriptive,P+F+H+SC,50,values_plus_missing,0.7223821028170148,0.7030609490988641,0.7417032565351654,0.7134599446477858,0.782759414488237,1,1,5,0,available
ordinary_group_holdout_descriptive,P+F+H+SC,100,values_plus_missing,0.719379951754451,0.7098921886298523,0.7288677148790499,0.7129583620844835,0.7843215077851139,1,1,5,0,available
ordinary_group_holdout_descriptive,P+F+H+SC,200,values_plus_missing,0.7242891170291306,0.7193618570997061,0.7292163769585551,0.718734999399976,0.7847161371426178,1,1,5,0,available
ordinary_group_holdout_descriptive,P+F+H+SC,all,values_plus_missing,0.724372842321916,0.7190243361616827,0.7297213484821494,0.7168425799531981,0.7839754140337785,1,1,5,0,available
ordinary_group_holdout_descriptive,P+F+H+BC,25,values_plus_missing,0.6974661010548006,0.6708007661257106,0.7241314359838905,0.6881703393135725,0.7422653894285958,1,1,5,0,available
ordinary_group_holdout_descriptive,P+F+H+BC,50,values_plus_missing,0.698377751094915,0.6690982096273719,0.727657292562458,0.6874221843873756,0.7530778550205026,1,1,5,0,available
ordinary_group_holdout_descriptive,P+F+H+BC,100,values_plus_missing,0.7108349286202524,0.6869542132337462,0.7347156440067587,0.695158743849754,0.7557828690278544,1,1,5,0,available
ordinary_group_holdout_descriptive,P+F+H+BC,200,values_plus_missing,0.7179814948498722,0.6935480155788047,0.7424149741209396,0.6997653343633745,0.7585417053788807,1,1,5,0,available
ordinary_group_holdout_descriptive,P+F+H+BC,all,values_plus_missing,0.7188731550414786,0.6978733352555125,0.7398729748274447,0.7018208853354134,0.7574018911666286,1,1,5,0,available
ordinary_group_holdout_descriptive,P+F+SC+BC,25,values_plus_missing,0.7026835226704928,0.6851822660662146,0.7201847792747712,0.6933717973718949,0.748420407391509,1,1,5,0,available
ordinary_group_holdout_descriptive,P+F+SC+BC,50,values_plus_missing,0.7130814181443591,0.6838841749732268,0.7422786613154914,0.6981377692607704,0.7587645466175901,1,1,5,0,available
ordinary_group_holdout_descriptive,P+F+SC+BC,100,values_plus_missing,0.7089741441632369,0.6981829891717238,0.71976529915475,0.6992220313812553,0.7601120634031491,1,1,5,0,available
ordinary_group_holdout_descriptive,P+F+SC+BC,200,values_plus_missing,0.7190235333582264,0.7024507487345654,0.7355963179818875,0.6990528058622345,0.7613516815692709,1,1,5,0,available
ordinary_group_holdout_descriptive,P+F+SC+BC,all,values_plus_missing,0.7164225523332011,0.7039992013803077,0.7288459032860946,0.698029952448098,0.7613690192440465,1,1,5,0,available
ordinary_group_holdout_descriptive,P+H+SC+BC,25,values_plus_missing,0.6646136101580298,0.6688101413259376,0.6604170789901218,0.6760554797191888,0.7356020007741764,1,1,5,0,available
ordinary_group_holdout_descriptive,P+H+SC+BC,50,values_plus_missing,0.6713322599428129,0.6891661540855462,0.6534983658000797,0.6857739934597384,0.7467870890041927,1,1,5,0,available
ordinary_group_holdout_descriptive,P+H+SC+BC,100,values_plus_missing,0.6726501988389594,0.6949025821273948,0.650397815550524,0.6857838376035041,0.7509359998951084,1,1,5,0,available
ordinary_group_holdout_descriptive,P+H+SC+BC,200,values_plus_missing,0.6654591846149454,0.6898289947002773,0.6410893745296133,0.6787415246609865,0.7483699705389955,1,1,5,0,available
ordinary_group_holdout_descriptive,P+H+SC+BC,all,values_plus_missing,0.6678172911937922,0.6885692487940615,0.6470653335935229,0.6792848276431057,0.7489038953977627,1,1,5,0,available
ordinary_group_holdout_descriptive,F+H+SC+BC,25,values_plus_missing,0.7114624645113625,0.6953168689531446,0.7276080600695803,0.7038665921636865,0.7685775970036534,1,1,5,0,available
ordinary_group_holdout_descriptive,F+H+SC+BC,50,values_plus_missing,0.7090659496789524,0.6902276157655307,0.7279042835923741,0.7019324522980919,0.7767671717994468,1,1,5,0,available
ordinary_group_holdout_descriptive,F+H+SC+BC,100,values_plus_missing,0.7216274782115722,0.7021463762345425,0.741108580188602,0.7049569482779312,0.7767113492571234,1,1,5,0,available
ordinary_group_holdout_descriptive,F+H+SC+BC,200,values_plus_missing,0.7197393728170549,0.7080243361616828,0.7314544094724269,0.7062741884675388,0.7770817991722794,1,1,5,0,available
ordinary_group_holdout_descriptive,F+H+SC+BC,all,values_plus_missing,0.7221257369087677,0.7111564836935131,0.7330949901240221,0.7065427929617185,0.7767405778951633,1,1,5,0,available
ordinary_group_holdout_descriptive,S+D+R+P+F,25,values_plus_missing,0.7597284281271452,0.7434347214213143,0.7760221348329761,0.7392966031141246,0.8043639052497724,1,1,5,0,available
ordinary_group_holdout_descriptive,S+D+R+P+F,50,values_plus_missing,0.7839315121287151,0.7691955519857941,0.798667472271636,0.7629684874894995,0.82238446017444,1,1,5,0,available
ordinary_group_holdout_descriptive,S+D+R+P+F,100,values_plus_missing,0.777720151665168,0.7699926339347009,0.785447669395635,0.7591358341833674,0.8245463251886163,1,1,5,0,available
ordinary_group_holdout_descriptive,S+D+R+P+F,200,values_plus_missing,0.7851176973882161,0.7701980073408938,0.8000373874355383,0.7620511070442818,0.8288207084184791,1,1,5,0,available
ordinary_group_holdout_descriptive,S+D+R+P+F,all,values_plus_missing,0.7840957823100089,0.7721593006013675,0.7960322640186502,0.7612232614304573,0.8284541256426093,1,1,5,0,available
ordinary_group_holdout_descriptive,S+D+R+P+H,25,values_plus_missing,0.7537748664425779,0.7418590401918518,0.7656906926933039,0.7420585885935438,0.7994124375464859,1,1,5,0,available
ordinary_group_holdout_descriptive,S+D+R+P+H,50,values_plus_missing,0.7658337638948469,0.7453775228602026,0.7862900049294912,0.7510092591203648,0.8111793739873876,1,1,5,0,available
ordinary_group_holdout_descriptive,S+D+R+P+H,100,values_plus_missing,0.7675055184052768,0.7556624035477936,0.77934863326276,0.7565749504980199,0.8209833995712941,1,1,5,0,available
ordinary_group_holdout_descriptive,S+D+R+P+H,200,values_plus_missing,0.7647892681874018,0.749617415401232,0.7799611209735717,0.7532598178927157,0.823936998781603,1,1,5,0,available
ordinary_group_holdout_descriptive,S+D+R+P+H,all,values_plus_missing,0.7662344858797683,0.7495811640168054,0.782887807742731,0.754161260200408,0.8241280345836438,1,1,5,0,available
ordinary_group_holdout_descriptive,S+D+R+P+SC,25,values_plus_missing,0.741239411421243,0.7438248826097702,0.7386539402327158,0.7332968318732749,0.7985963994737679,1,1,5,0,available
ordinary_group_holdout_descriptive,S+D+R+P+SC,50,values_plus_missing,0.7601172047827158,0.7567579381424426,0.763476471422989,0.7486410393915757,0.812458291593205,1,1,5,0,available
ordinary_group_holdout_descriptive,S+D+R+P+SC,100,values_plus_missing,0.7567687600891946,0.751962949995881,0.7615745701825083,0.7493057534801393,0.8190470342285205,1,1,5,0,available
ordinary_group_holdout_descriptive,S+D+R+P+SC,200,values_plus_missing,0.7579915452445964,0.7431982933794656,0.7727847971097271,0.745827489349574,0.8217271448165017,1,1,5,0,available
ordinary_group_holdout_descriptive,S+D+R+P+SC,all,values_plus_missing,0.7574247602674057,0.7454911877236822,0.7693583328111292,0.7463965746129846,0.8225682407205024,1,1,5,0,available
ordinary_group_holdout_descriptive,S+D+R+P+BC,25,values_plus_missing,0.7412323411895125,0.7294698881474769,0.7529947942315482,0.7283958545841833,0.7880971778423503,1,1,5,0,available
ordinary_group_holdout_descriptive,S+D+R+P+BC,50,values_plus_missing,0.7553991034852501,0.7400051212345882,0.770793085735912,0.7408726036541462,0.8035892434496859,1,1,5,0,available
ordinary_group_holdout_descriptive,S+D+R+P+BC,100,values_plus_missing,0.7677233102853415,0.7488796166625477,0.7865670039081353,0.7511564525081003,0.8125157193716556,1,1,5,0,available
ordinary_group_holdout_descriptive,S+D+R+P+BC,200,values_plus_missing,0.7615265687519934,0.739582534713641,0.783470602790346,0.746671273100924,0.8152985423057773,1,1,5,0,available
ordinary_group_holdout_descriptive,S+D+R+P+BC,all,values_plus_missing,0.7618696896167774,0.7397554827873428,0.7839838964462119,0.7473777076083044,0.8154659033647302,1,1,5,0,available
ordinary_group_holdout_descriptive,S+D+R+F+H,25,values_plus_missing,0.784544245331358,0.7695027413936715,0.7995857492690446,0.7584453378135125,0.8174265762314418,1,1,5,0,available
ordinary_group_holdout_descriptive,S+D+R+F+H,50,values_plus_missing,0.7901998476733025,0.7767830729238177,0.8036166224227873,0.7671531861274451,0.8288940669171948,1,1,5,0,available
ordinary_group_holdout_descriptive,S+D+R+F+H,100,values_plus_missing,0.7827267084155975,0.7768705938618411,0.7885828229693539,0.7660407978819153,0.8309358172893043,1,1,5,0,available
ordinary_group_holdout_descriptive,S+D+R+F+H,200,values_plus_missing,0.7888838011731758,0.7769113944037125,0.8008562079426391,0.7731628015120604,0.8346076346916339,1,1,5,0,available
ordinary_group_holdout_descriptive,S+D+R+F+H,all,values_plus_missing,0.7900223314940598,0.7785414481331978,0.8015032148549217,0.7682336980979239,0.8349710661128024,1,1,5,0,available
ordinary_group_holdout_descriptive,S+D+R+F+SC,25,values_plus_missing,0.7706691604476484,0.7640393543308529,0.777298966564444,0.7530109016860674,0.8129719302811933,1,1,5,0,available
ordinary_group_holdout_descriptive,S+D+R+F+SC,50,values_plus_missing,0.7821015584954589,0.7757851667261627,0.7884179502647551,0.7625564397575904,0.826994655921005,1,1,5,0,available
ordinary_group_holdout_descriptive,S+D+R+F+SC,100,values_plus_missing,0.7773800899928238,0.7743318871223147,0.7804282928633329,0.7624669049261971,0.8285409883528306,1,1,5,0,available
ordinary_group_holdout_descriptive,S+D+R+F+SC,200,values_plus_missing,0.7759883952030463,0.7720776995176245,0.7798990908884681,0.7594044386775471,0.8313278145592434,1,1,5,0,available
ordinary_group_holdout_descriptive,S+D+R+F+SC,all,values_plus_missing,0.7762040344104602,0.7752039271951744,0.7772041416257459,0.7591616164646586,0.831889846535392,1,1,5,0,available
ordinary_group_holdout_descriptive,S+D+R+F+BC,25,values_plus_missing,0.770779013959721,0.7547052978920101,0.7868527300274321,0.7485416604164166,0.8099289812783279,1,1,5,0,available
ordinary_group_holdout_descriptive,S+D+R+F+BC,50,values_plus_missing,0.7838431846717395,0.7692851667261627,0.7984012026173163,0.76256253375135,0.823748750568099,1,1,5,0,available
ordinary_group_holdout_descriptive,S+D+R+F+BC,100,values_plus_missing,0.7787642573202758,0.7672464599866363,0.7902820546539152,0.7613765488119525,0.8254627698405607,1,1,5,0,available
ordinary_group_holdout_descriptive,S+D+R+F+BC,200,values_plus_missing,0.7828765801062498,0.7669072067990225,0.7988459534134771,0.7636908601344055,0.8299042894794223,1,1,5,0,available
ordinary_group_holdout_descriptive,S+D+R+F+BC,all,values_plus_missing,0.7863374016406175,0.7715414481331978,0.8011333551480373,0.764228069122765,0.8298192297501709,1,1,5,0,available
ordinary_group_holdout_descriptive,S+D+R+H+SC,25,values_plus_missing,0.751098364403705,0.765579431767215,0.736617297040195,0.7501214111064443,0.8111971952863211,1,1,5,0,available
ordinary_group_holdout_descriptive,S+D+R+H+SC,50,values_plus_missing,0.7642567589812331,0.7630550200913492,0.7654584978711171,0.7531580950738029,0.8169679389071524,1,1,5,0,available
ordinary_group_holdout_descriptive,S+D+R+H+SC,100,values_plus_missing,0.7634944060435094,0.7644960984338817,0.7624927136531371,0.7551400493519741,0.8240820217969457,1,1,5,0,available
ordinary_group_holdout_descriptive,S+D+R+H+SC,200,values_plus_missing,0.7614710569999358,0.7574368152236594,0.7655052987762122,0.7547401896075843,0.8270700134722612,1,1,5,0,available
ordinary_group_holdout_descriptive,S+D+R+H+SC,all,values_plus_missing,0.7620104059345102,0.7550285237663729,0.7689922881026475,0.7534806079743189,0.8281076547547942,1,1,5,0,available
ordinary_group_holdout_descriptive,S+D+R+H+BC,25,values_plus_missing,0.7546338700777333,0.7541275228602027,0.755140217295264,0.7443766500660026,0.8044167105099065,1,1,5,0,available
ordinary_group_holdout_descriptive,S+D+R+H+BC,50,values_plus_missing,0.768159747058297,0.7529246048091093,0.7833948893074849,0.7534070112804512,0.8116388521045174,1,1,5,0,available
ordinary_group_holdout_descriptive,S+D+R+H+BC,100,values_plus_missing,0.769474928645727,0.7617520182881621,0.7771978390032918,0.7574862369494779,0.8192620780614437,1,1,5,0,available
ordinary_group_holdout_descriptive,S+D+R+H+BC,200,values_plus_missing,0.7684735966548963,0.7508370838710858,0.786110109438707,0.7566387030481219,0.8222799902537583,1,1,5,0,available
ordinary_group_holdout_descriptive,S+D+R+H+BC,all,values_plus_missing,0.7684205513141844,0.7523799782153024,0.7844611244130663,0.7566227649105964,0.8229911277724977,1,1,5,0,available
ordinary_group_holdout_descriptive,S+D+R+SC+BC,25,values_plus_missing,0.7495808888146567,0.7525731503601798,0.7465886272691334,0.7389839343573743,0.8021787127630734,1,1,5,0,available
ordinary_group_holdout_descriptive,S+D+R+SC+BC,50,values_plus_missing,0.7526821939341046,0.7545874454238405,0.7507769424443688,0.7470650388515541,0.8116591833852299,1,1,5,0,available
ordinary_group_holdout_descriptive,S+D+R+SC+BC,100,values_plus_missing,0.7552811395097876,0.745117415401232,0.7654448636183432,0.7468920631825273,0.8172844409414557,1,1,5,0,available
ordinary_group_holdout_descriptive,S+D+R+SC+BC,200,values_plus_missing,0.7558946224730609,0.7387247988576764,0.7730644460884455,0.7425700153006121,0.8202665010712972,1,1,5,0,available
ordinary_group_holdout_descriptive,S+D+R+SC+BC,all,values_plus_missing,0.7574311320611976,0.7409061221407583,0.7739561419816369,0.7441460158406337,0.8218488082991783,1,1,5,0,available
ordinary_group_holdout_descriptive,S+D+P+F+H,25,values_plus_missing,0.7515945346958373,0.7456400948275074,0.757548974564167,0.7428545579323174,0.8001539594113283,1,1,5,0,available
ordinary_group_holdout_descriptive,S+D+P+F+H,50,values_plus_missing,0.7677368632910047,0.7496568452462679,0.7858168813357413,0.7610305974738989,0.8182206202714927,1,1,5,0,available
ordinary_group_holdout_descriptive,S+D+P+F+H,100,values_plus_missing,0.7696915814866587,0.7568196858609989,0.7825634771123187,0.7660272035881435,0.8208756636264576,1,1,5,0,available
ordinary_group_holdout_descriptive,S+D+P+F+H,200,values_plus_missing,0.7715441989429324,0.7599615792990453,0.7831268185868195,0.7631855274210968,0.822348856943653,1,1,5,0,available
ordinary_group_holdout_descriptive,S+D+P+F+H,all,values_plus_missing,0.7733409923492434,0.7617035656424198,0.784978419056067,0.7642660393915757,0.822434365199643,1,1,5,0,available
ordinary_group_holdout_descriptive,S+D+P+F+SC,25,values_plus_missing,0.7425227690552719,0.7450163225050571,0.7400292156054867,0.7373563692547702,0.8007044736441262,1,1,5,0,available
ordinary_group_holdout_descriptive,S+D+P+F+SC,50,values_plus_missing,0.7627269025706251,0.7491875383291685,0.7762662668120818,0.7537295241809672,0.8195076281690069,1,1,5,0,available
ordinary_group_holdout_descriptive,S+D+P+F+SC,100,values_plus_missing,0.7659965575287709,0.7536024727462448,0.7783906423112971,0.7570765330613225,0.8211236793118617,1,1,5,0,available
ordinary_group_holdout_descriptive,S+D+P+F+SC,200,values_plus_missing,0.7623694480484382,0.7498053907973382,0.7749335052995381,0.7512202050582023,0.8213740938843419,1,1,5,0,available
ordinary_group_holdout_descriptive,S+D+P+F+SC,all,values_plus_missing,0.7623021462175097,0.7543967377872972,0.7702075546477222,0.7516519410776431,0.8218599241167842,1,1,5,0,available
ordinary_group_holdout_descriptive,S+D+P+F+BC,25,values_plus_missing,0.7602950634263863,0.7375180547546476,0.7830720720981249,0.7441680479719188,0.7974129871812894,1,1,5,0,available
ordinary_group_holdout_descriptive,S+D+P+F+BC,50,values_plus_missing,0.7633492783609606,0.7453597632973611,0.78133879342456,0.7542887653006121,0.8149826260896269,1,1,5,0,available
ordinary_group_holdout_descriptive,S+D+P+F+BC,100,values_plus_missing,0.7730086150085942,0.7467788853191276,0.7992383446980608,0.7563602544101764,0.8166440542048958,1,1,5,0,available
ordinary_group_holdout_descriptive,S+D+P+F+BC,200,values_plus_missing,0.7761972929298651,0.7505773379648698,0.8018172478948603,0.7552000517520701,0.8186703827307535,1,1,5,0,available
ordinary_group_holdout_descriptive,S+D+P+F+BC,all,values_plus_missing,0.778288075466744,0.75632733796487,0.8002488129686179,0.7590266110644426,0.8180323604573012,1,1,5,0,available
ordinary_group_holdout_descriptive,S+D+P+H+SC,25,values_plus_missing,0.7231981969605115,0.7239399181700854,0.7224564757509375,0.7299779491179648,0.7886314939406436,1,1,5,0,available
ordinary_group_holdout_descriptive,S+D+P+H+SC,50,values_plus_missing,0.733544031804974,0.7227373616717467,0.7443507019382013,0.7394142640705628,0.7994488909038439,1,1,5,0,available
ordinary_group_holdout_descriptive,S+D+P+H+SC,100,values_plus_missing,0.7314950748724676,0.7219747988576763,0.7410153508872589,0.7395197370394816,0.805950187988038,1,1,5,0,available
ordinary_group_holdout_descriptive,S+D+P+H+SC,200,values_plus_missing,0.7373580619127926,0.726464329845951,0.7482517939796343,0.7432567615204608,0.805917376229821,1,1,5,0,available
ordinary_group_holdout_descriptive,S+D+P+H+SC,all,values_plus_missing,0.7350467434775594,0.7234319045134598,0.7466615824416589,0.7431991029641185,0.8067769436531387,1,1,5,0,available
ordinary_group_holdout_descriptive,S+D+P+H+BC,25,values_plus_missing,0.7154824615505292,0.7042536841768038,0.7267112389242546,0.7235328475639026,0.7784644812036021,1,1,5,0,available
ordinary_group_holdout_descriptive,S+D+P+H+BC,50,values_plus_missing,0.738328769182504,0.7124336367630502,0.7642239016019579,0.7399477229089164,0.7904333235153365,1,1,5,0,available
ordinary_group_holdout_descriptive,S+D+P+H+BC,100,values_plus_missing,0.7516103696608435,0.7220661458476353,0.7811545934740517,0.7453184064862595,0.7974906906467991,1,1,5,0,available
ordinary_group_holdout_descriptive,S+D+P+H+BC,200,values_plus_missing,0.744013840363186,0.7250291713576993,0.7629985093686726,0.7419653036121445,0.7984998239288773,1,1,5,0,available
ordinary_group_holdout_descriptive,S+D+P+H+BC,all,values_plus_missing,0.7413979886085713,0.7252328125143018,0.7575631647028409,0.743573180427217,0.7985725397657277,1,1,5,0,available
ordinary_group_holdout_descriptive,S+D+P+SC+BC,25,values_plus_missing,0.7151286348058192,0.7084758080017575,0.7217814616098811,0.7146496797371895,0.7823360562061596,1,1,5,0,available
ordinary_group_holdout_descriptive,S+D+P+SC+BC,50,values_plus_missing,0.7311199791284362,0.7068136904925355,0.7554262677643369,0.7336118444737789,0.794952988354271,1,1,5,0,available
ordinary_group_holdout_descriptive,S+D+P+SC+BC,100,values_plus_missing,0.7302429005633708,0.7089332752102956,0.7515525259164461,0.7374702800612024,0.8000985024713616,1,1,5,0,available
ordinary_group_holdout_descriptive,S+D+P+SC+BC,200,values_plus_missing,0.7262177097040212,0.7037582333342486,0.7486771860737939,0.7320358439337573,0.79956745378273,1,1,5,0,available
ordinary_group_holdout_descriptive,S+D+P+SC+BC,all,values_plus_missing,0.7262512219586257,0.7075427524690849,0.7449596914481664,0.7345868834753391,0.8006634997040681,1,1,5,0,available
ordinary_group_holdout_descriptive,S+D+F+H+SC,25,values_plus_missing,0.7562059268273607,0.7563723261114315,0.75603952754329,0.7476083418336734,0.8081597097137438,1,1,5,0,available
ordinary_group_holdout_descriptive,S+D+F+H+SC,50,values_plus_missing,0.766117389084592,0.7591205938618412,0.7731141843073429,0.7600911848973959,0.8224808641266848,1,1,5,0,available
ordinary_group_holdout_descriptive,S+D+F+H+SC,100,values_plus_missing,0.7637872476553942,0.7639846202780752,0.7635898750327131,0.7602224401476059,0.8246067041225743,1,1,5,0,available
ordinary_group_holdout_descriptive,S+D+F+H+SC,200,values_plus_missing,0.7665929253529484,0.7621104864028704,0.7710753643030266,0.7600433704848194,0.8248191286326211,1,1,5,0,available
ordinary_group_holdout_descriptive,S+D+F+H+SC,all,values_plus_missing,0.7684102890242015,0.7691959135385488,0.7676246645098542,0.7596472608904357,0.8250808266791958,1,1,5,0,available
ordinary_group_holdout_descriptive,S+D+F+H+BC,25,values_plus_missing,0.7556356229779693,0.7488576694950161,0.7624135764609226,0.7479149165966639,0.8051205501846315,1,1,5,0,available
ordinary_group_holdout_descriptive,S+D+F+H+BC,50,values_plus_missing,0.7707436548444041,0.7557502860385718,0.7857370236502365,0.7628433262330494,0.8186752160104633,1,1,5,0,available
ordinary_group_holdout_descriptive,S+D+F+H+BC,100,values_plus_missing,0.771153052221873,0.7579943661842913,0.7843117382594547,0.7638024270970838,0.8195140201403515,1,1,5,0,available
ordinary_group_holdout_descriptive,S+D+F+H+BC,200,values_plus_missing,0.78102264414155,0.7633723261114315,0.7986729621716684,0.7647296516860674,0.8218596578534905,1,1,5,0,available
ordinary_group_holdout_descriptive,S+D+F+H+BC,all,values_plus_missing,0.7816220946140334,0.7645431803827883,0.7987010088452785,0.7663215903636146,0.8219024009710653,1,1,5,0,available
ordinary_group_holdout_descriptive,S+D+F+SC+BC,25,values_plus_missing,0.7491476900109365,0.7488622186524608,0.7494331613694122,0.7435131780271211,0.8060153596739259,1,1,5,0,available
ordinary_group_holdout_descriptive,S+D+F+SC+BC,50,values_plus_missing,0.7616892547819849,0.7526896321315136,0.7706888774324563,0.7520738329533181,0.8202281868365604,1,1,5,0,available
ordinary_group_holdout_descriptive,S+D+F+SC+BC,100,values_plus_missing,0.7712000566914581,0.753476245068695,0.788923868314221,0.7562646255850234,0.8215963756354476,1,1,5,0,available
ordinary_group_holdout_descriptive,S+D+F+SC+BC,200,values_plus_missing,0.7676095682157238,0.7489350829740689,0.7862840534573787,0.749506855274211,0.8222688214586122,1,1,5,0,available
ordinary_group_holdout_descriptive,S+D+F+SC+BC,all,values_plus_missing,0.7714387797919776,0.7568643124548059,0.7860132471291493,0.7529115227109084,0.8226051224307641,1,1,5,0,available
ordinary_group_holdout_descriptive,S+D+H+SC+BC,25,values_plus_missing,0.7179728229242515,0.7250190638987286,0.7109265819497743,0.726941265150606,0.7896337388302823,1,1,5,0,available
ordinary_group_holdout_descriptive,S+D+H+SC+BC,50,values_plus_missing,0.7328087856922076,0.7250340820678987,0.7405834893165165,0.7393664496579864,0.7980167078116768,1,1,5,0,available
ordinary_group_holdout_descriptive,S+D+H+SC+BC,100,values_plus_missing,0.7303658197586556,0.7194727050553312,0.74125893446198,0.7379277983619345,0.8015581655196046,1,1,5,0,available
ordinary_group_holdout_descriptive,S+D+H+SC+BC,200,values_plus_missing,0.7269405327555349,0.7213401959707463,0.7325408695403236,0.7366939990099604,0.8020913778175952,1,1,5,0,available
ordinary_group_holdout_descriptive,S+D+H+SC+BC,all,values_plus_missing,0.7332309499658562,0.7212610502421031,0.7452008496896095,0.7396988067022681,0.8035835443056675,1,1,5,0,available
ordinary_group_holdout_descriptive,S+R+P+F+H,25,values_plus_missing,0.7701627879349529,0.7652077532471099,0.7751178226227958,0.7472698907956319,0.8070432606401123,1,1,5,0,available
ordinary_group_holdout_descriptive,S+R+P+F+H,50,values_plus_missing,0.7828558187063318,0.7739602086022096,0.791751428810454,0.7600789969098765,0.8229903237302102,1,1,5,0,available
ordinary_group_holdout_descriptive,S+R+P+F+H,100,values_plus_missing,0.7816376030864942,0.7797590228007066,0.7835161833722818,0.7623872142385695,0.826734067500379,1,1,5,0,available
ordinary_group_holdout_descriptive,S+R+P+F+H,200,values_plus_missing,0.7839453692229369,0.7770128488526421,0.7908778895932317,0.7644329210668426,0.8308888726556305,1,1,5,0,available
ordinary_group_holdout_descriptive,S+R+P+F+H,all,values_plus_missing,0.7900856718547808,0.7836756894673732,0.7964956542421885,0.7667411383955358,0.8313162366525659,1,1,5,0,available
ordinary_group_holdout_descriptive,S+R+P+F+SC,25,values_plus_missing,0.7559557718400816,0.763819685860999,0.7480918578191641,0.7394733289331574,0.8023247237355703,1,1,5,0,available
ordinary_group_holdout_descriptive,S+R+P+F+SC,50,values_plus_missing,0.7704292333092628,0.7686146740075607,0.7722437926109649,0.749836868474739,0.8197989516309734,1,1,5,0,available
ordinary_group_holdout_descriptive,S+R+P+F+SC,100,values_plus_missing,0.7746486354662268,0.7722952741851333,0.7770019967473202,0.7565787006480259,0.8219052464954281,1,1,5,0,available
ordinary_group_holdout_descriptive,S+R+P+F+SC,200,values_plus_missing,0.7715348679412133,0.7709518333928295,0.772117902489597,0.7515024038461539,0.825696618245316,1,1,5,0,available
ordinary_group_holdout_descriptive,S+R+P+F+SC,all,values_plus_missing,0.7706106637692112,0.7750006475913264,0.766220679947096,0.7533470088803552,0.8262606433476934,1,1,5,0,available
ordinary_group_holdout_descriptive,S+R+P+F+BC,25,values_plus_missing,0.7600036242791304,0.7510790702144603,0.7689281783438006,0.7353523828453138,0.7983767399808903,1,1,5,0,available
ordinary_group_holdout_descriptive,S+R+P+F+BC,50,values_plus_missing,0.7766673727525364,0.7652119408518,0.7881228046532728,0.7531899713488539,0.8162479040090158,1,1,5,0,available
ordinary_group_holdout_descriptive,S+R+P+F+BC,100,values_plus_missing,0.7744697843588185,0.7688479144355659,0.7800916542820712,0.7534266995679828,0.8185605093239973,1,1,5,0,available
ordinary_group_holdout_descriptive,S+R+P+F+BC,200,values_plus_missing,0.7837706990026365,0.7684619408518,0.7990794571534732,0.7590462993519741,0.8236320524722138,1,1,5,0,available
ordinary_group_holdout_descriptive,S+R+P+F+BC,all,values_plus_missing,0.7832218617757802,0.7713036493945135,0.795140074157047,0.7577070270310813,0.8235387265250477,1,1,5,0,available
ordinary_group_holdout_descriptive,S+R+P+H+SC,25,values_plus_missing,0.7321589776955619,0.7583071138936943,0.7060108414974294,0.7361839786091444,0.799712826566325,1,1,5,0,available
ordinary_group_holdout_descriptive,S+R+P+H+SC,50,values_plus_missing,0.748588430439868,0.7564821557697412,0.7406947051099949,0.7422254702688107,0.8095204316744802,1,1,5,0,available
ordinary_group_holdout_descriptive,S+R+P+H+SC,100,values_plus_missing,0.7501516762923912,0.7639316093216538,0.7363717432631286,0.7468320607824313,0.817330419678768,1,1,5,0,available
ordinary_group_holdout_descriptive,S+R+P+H+SC,200,values_plus_missing,0.7503655129056586,0.7530919945812853,0.747639031230032,0.7465854884195368,0.8204780215982088,1,1,5,0,available
ordinary_group_holdout_descriptive,S+R+P+H+SC,all,values_plus_missing,0.7509291332182249,0.7530613014983844,0.7487969649380655,0.7452780923736949,0.8215563024020127,1,1,5,0,available
ordinary_group_holdout_descriptive,S+R+P+H+BC,25,values_plus_missing,0.7413438883019449,0.7385971913300565,0.7440905852738332,0.7297707533301332,0.7905620395915927,1,1,5,0,available
ordinary_group_holdout_descriptive,S+R+P+H+BC,50,values_plus_missing,0.7496560640103553,0.7424877140712671,0.7568244139494436,0.7385264160566423,0.8013172291166933,1,1,5,0,available
ordinary_group_holdout_descriptive,S+R+P+H+BC,100,values_plus_missing,0.7513819362594176,0.7511850738208347,0.7515787986980006,0.7420046801872076,0.8111882000242991,1,1,5,0,available
ordinary_group_holdout_descriptive,S+R+P+H+BC,200,values_plus_missing,0.7564332946802509,0.7490588461432847,0.7638077432172171,0.7449358911856474,0.8142280941769053,1,1,5,0,available
ordinary_group_holdout_descriptive,S+R+P+H+BC,all,values_plus_missing,0.7552228111446402,0.7482276066122965,0.762218015676984,0.7423370372314892,0.8148671204235413,1,1,5,0,available
ordinary_group_holdout_descriptive,S+R+P+SC+BC,25,values_plus_missing,0.7332269207243258,0.7495664982471557,0.7168873432014959,0.7219620034801393,0.7853389413458044,1,1,5,0,available
ordinary_group_holdout_descriptive,S+R+P+SC+BC,50,values_plus_missing,0.7370254790830579,0.744927060164209,0.7291238980019069,0.7357583365834633,0.7990254995663907,1,1,5,0,available
ordinary_group_holdout_descriptive,S+R+P+SC+BC,100,values_plus_missing,0.7452782598399601,0.7536522869355887,0.7369042327443315,0.7373282431297252,0.8051335141478176,1,1,5,0,available
ordinary_group_holdout_descriptive,S+R+P+SC+BC,200,values_plus_missing,0.7413066835451421,0.7432941803736351,0.739319186716649,0.734466878675147,0.8077215079619986,1,1,5,0,available
ordinary_group_holdout_descriptive,S+R+P+SC+BC,all,values_plus_missing,0.7392196929938804,0.7416662204464948,0.736773165541266,0.7328908781351253,0.8091233927846255,1,1,5,0,available
ordinary_group_holdout_descriptive,S+R+F+H+SC,25,values_plus_missing,0.7735023187573742,0.7810031029464262,0.7660015345683223,0.7589605146705868,0.8157804864477443,1,1,5,0,available
ordinary_group_holdout_descriptive,S+R+F+H+SC,50,values_plus_missing,0.7782430434980496,0.7775801548727242,0.778905932123375,0.7599097713908556,0.827140084302035,1,1,5,0,available
ordinary_group_holdout_descriptive,S+R+F+H+SC,100,values_plus_missing,0.7717740655364069,0.782746821539391,0.7608013095334227,0.7607315230109204,0.8299596608042838,1,1,5,0,available
ordinary_group_holdout_descriptive,S+R+F+H+SC,200,values_plus_missing,0.7777270637961398,0.7792872605285077,0.7761668670637717,0.7622817412696508,0.8326844164612455,1,1,5,0,available
ordinary_group_holdout_descriptive,S+R+F+H+SC,all,values_plus_missing,0.7728878088337086,0.7796673142579932,0.7661083034094238,0.7588709798391935,0.8333456208999224,1,1,5,0,available
ordinary_group_holdout_descriptive,S+R+F+H+BC,25,values_plus_missing,0.7790761815989843,0.7679964599866363,0.7901559032113322,0.7530366839673588,0.8121692091991971,1,1,5,0,available
ordinary_group_holdout_descriptive,S+R+F+H+BC,50,values_plus_missing,0.7853542789848585,0.7690044736432619,0.8017040843264552,0.7627416034141365,0.8240395410190848,1,1,5,0,available
ordinary_group_holdout_descriptive,S+R+F+H+BC,100,values_plus_missing,0.7809922665669753,0.7768015555921686,0.7851829775417821,0.763020052052082,0.8267580561999093,1,1,5,0,available
ordinary_group_holdout_descriptive,S+R+F+H+BC,200,values_plus_missing,0.7871502077258226,0.7750452741851334,0.7992551412665119,0.7664467516200648,0.8309250665675652,1,1,5,0,available
ordinary_group_holdout_descriptive,S+R+F+H+BC,all,values_plus_missing,0.7854215984354125,0.7808848889255019,0.7899583079453231,0.7652706108244329,0.8313354487868988,1,1,5,0,available
ordinary_group_holdout_descriptive,S+R+F+SC+BC,25,values_plus_missing,0.7615348602779639,0.7655271530695371,0.7575425674863907,0.7436481834273371,0.8076250152048402,1,1,5,0,available
ordinary_group_holdout_descriptive,S+R+F+SC+BC,50,values_plus_missing,0.7759779305715742,0.7697060209975195,0.7822498401456289,0.7562205613224529,0.8211848304275463,1,1,5,0,available
ordinary_group_holdout_descriptive,S+R+F+SC+BC,100,values_plus_missing,0.775557307611878,0.7762060209975195,0.7749085942262365,0.7580173519440778,0.8227247810421877,1,1,5,0,available
ordinary_group_holdout_descriptive,S+R+F+SC+BC,200,values_plus_missing,0.7741452853767341,0.7716568452462678,0.7766337255072003,0.7553767775711029,0.8266558876725002,1,1,5,0,available
ordinary_group_holdout_descriptive,S+R+F+SC+BC,all,values_plus_missing,0.77539526586424,0.7756164062571509,0.7751741254713291,0.7549230094203768,0.827141536714174,1,1,5,0,available
ordinary_group_holdout_descriptive,S+R+H+SC+BC,25,values_plus_missing,0.7440845042057971,0.7731449963844725,0.7150240120271217,0.7448857329293173,0.8042392857001535,1,1,5,0,available
ordinary_group_holdout_descriptive,S+R+H+SC+BC,50,values_plus_missing,0.7413401326787618,0.7605187687069227,0.7221614966506008,0.7463684484879396,0.8095984880521175,1,1,5,0,available
ordinary_group_holdout_descriptive,S+R+H+SC+BC,100,values_plus_missing,0.7462929315445321,0.7629682222588352,0.7296176408302292,0.7427308029821192,0.8151423573960666,1,1,5,0,available
ordinary_group_holdout_descriptive,S+R+H+SC+BC,200,values_plus_missing,0.750061442818223,0.7549274217169636,0.7451954639194823,0.7466590851134045,0.8181956790748964,1,1,5,0,available
ordinary_group_holdout_descriptive,S+R+H+SC+BC,all,values_plus_missing,0.7507742939404464,0.753602102040256,0.7479464858406367,0.7423628195127805,0.8198057162154238,1,1,5,0,available
ordinary_group_holdout_descriptive,S+P+F+H+SC,25,values_plus_missing,0.7480656881031578,0.7624518333928294,0.7336795428134862,0.7432005092703708,0.802511733465072,1,1,5,0,available
ordinary_group_holdout_descriptive,S+P+F+H+SC,50,values_plus_missing,0.7591253216440943,0.7555738734656892,0.7626767698224993,0.7528219878795153,0.8193631316509075,1,1,5,0,available
ordinary_group_holdout_descriptive,S+P+F+H+SC,100,values_plus_missing,0.7546549433231485,0.7625334344765723,0.7467764521697248,0.7528158938857554,0.8224845054355067,1,1,5,0,available
ordinary_group_holdout_descriptive,S+P+F+H+SC,200,values_plus_missing,0.7625226840011909,0.7664964599866363,0.7585489080157456,0.7545709640885636,0.8227383624856696,1,1,5,0,available
ordinary_group_holdout_descriptive,S+P+F+H+SC,all,values_plus_missing,0.7675167588854082,0.7703339809246598,0.7646995368461565,0.7585189345073803,0.8232207698697742,1,1,5,0,available
ordinary_group_holdout_descriptive,S+P+F+H+BC,25,values_plus_missing,0.7542168225747349,0.7535811640168054,0.7548524811326643,0.7437180299711988,0.7988415183368551,1,1,5,0,available
ordinary_group_holdout_descriptive,S+P+F+H+BC,50,values_plus_missing,0.7610059877140016,0.7503807013208116,0.7716312741071917,0.7544040824132965,0.8152452910283816,1,1,5,0,available
ordinary_group_holdout_descriptive,S+P+F+H+BC,100,values_plus_missing,0.7691816612481621,0.7607931803827883,0.7775701421135358,0.7586464396075843,0.8178875302541531,1,1,5,0,available
ordinary_group_holdout_descriptive,S+P+F+H+BC,200,values_plus_missing,0.7751581735129464,0.761333619371905,0.7889827276539877,0.7594424089463578,0.8195926002229689,1,1,5,0,available
ordinary_group_holdout_descriptive,S+P+F+H+BC,all,values_plus_missing,0.7793611131325695,0.7691345273727471,0.789587698892392,0.7630420841833674,0.8198672542837683,1,1,5,0,available
ordinary_group_holdout_descriptive,S+P+F+SC+BC,25,values_plus_missing,0.7469514831169155,0.751990178579601,0.74191278765423,0.738536260200408,0.7993539865104753,1,1,5,0,available
ordinary_group_holdout_descriptive,S+P+F+SC+BC,50,values_plus_missing,0.7588064996933032,0.7519438197362037,0.7656691796504026,0.7485735366914676,0.8151920279093723,1,1,5,0,available
ordinary_group_holdout_descriptive,S+P+F+SC+BC,100,values_plus_missing,0.7635710733424005,0.754319685860999,0.772822460823802,0.7507345606324254,0.8169157158402225,1,1,5,0,available
ordinary_group_holdout_descriptive,S+P+F+SC+BC,200,values_plus_missing,0.7664587290229425,0.7529047514439227,0.7800127066019625,0.7462432872314892,0.817570141018417,1,1,5,0,available
ordinary_group_holdout_descriptive,S+P+F+SC+BC,all,values_plus_missing,0.7690811322570366,0.7614514718400747,0.7767107926739983,0.748925582023281,0.8182605539293984,1,1,5,0,available
ordinary_group_holdout_descriptive,S+P+H+SC+BC,25,values_plus_missing,0.7073475454554476,0.7164587623911909,0.6982363285197045,0.7167469511280451,0.7826652423850035,1,1,5,0,available
ordinary_group_holdout_descriptive,S+P+H+SC+BC,50,values_plus_missing,0.7306560956418087,0.7239308862161445,0.7373813050674727,0.7358820915336614,0.792714835248393,1,1,5,0,available
ordinary_group_holdout_descriptive,S+P+H+SC+BC,100,values_plus_missing,0.7260198457053589,0.7289633115486357,0.7230763798620822,0.7349009585383415,0.7988303350959383,1,1,5,0,available
ordinary_group_holdout_descriptive,S+P+H+SC+BC,200,values_plus_missing,0.7265500254382178,0.7277920957245243,0.7253079551519114,0.737816231399256,0.7988162521713054,1,1,5,0,available
ordinary_group_holdout_descriptive,S+P+H+SC+BC,all,values_plus_missing,0.7253114897812013,0.729965043798226,0.7206579357641766,0.7366879050162007,0.8002285212250889,1,1,5,0,available
ordinary_group_holdout_descriptive,S+F+H+SC+BC,25,values_plus_missing,0.7541513026124965,0.7659497395904843,0.7423528656345088,0.7486508835353414,0.8074602165747209,1,1,5,0,available
ordinary_group_holdout_descriptive,S+F+H+SC+BC,50,values_plus_missing,0.7630563459910995,0.7600292468718822,0.7660834451103168,0.7577609354374175,0.8201189723759044,1,1,5,0,available
ordinary_group_holdout_descriptive,S+F+H+SC+BC,100,values_plus_missing,0.7659570753529397,0.7654030191943323,0.7665111315115469,0.7542704833193328,0.8214855834891533,1,1,5,0,available
ordinary_group_holdout_descriptive,S+F+H+SC+BC,200,values_plus_missing,0.7722125578146684,0.7674497395904843,0.7769753760388523,0.7590462993519741,0.822054984875459,1,1,5,0,available
ordinary_group_holdout_descriptive,S+F+H+SC+BC,all,values_plus_missing,0.7759054404159138,0.7719922723819462,0.7798186084498813,0.7586820660326412,0.8224541349063255,1,1,5,0,available
ordinary_group_holdout_descriptive,D+R+P+F+H,25,values_plus_missing,0.7387234119819991,0.7111749091541496,0.7662719148098486,0.716516316902676,0.7782784929051543,1,1,5,0,available
ordinary_group_holdout_descriptive,D+R+P+F+H,50,values_plus_missing,0.7474162684818559,0.7302422060209975,0.7645903309427142,0.7181537261490459,0.7895233733099847,1,1,5,0,available
ordinary_group_holdout_descriptive,D+R+P+F+H,100,values_plus_missing,0.7386341345926695,0.7302830065628689,0.74698526262247,0.7189496954878195,0.793206307024463,1,1,5,0,available
ordinary_group_holdout_descriptive,D+R+P+F+H,200,values_plus_missing,0.7471782242272619,0.7361271704606823,0.7582292779938414,0.7291918239229569,0.7973740731243695,1,1,5,0,available
ordinary_group_holdout_descriptive,D+R+P+F+H,all,values_plus_missing,0.7529478943359725,0.7376233444087469,0.7682724442631982,0.730978770400816,0.7960988348077989,1,1,5,0,available
ordinary_group_holdout_descriptive,D+R+P+F+SC,25,values_plus_missing,0.7352657918485324,0.7084870092722264,0.7620445744248384,0.7104490429617185,0.7788925707272709,1,1,5,0,available
ordinary_group_holdout_descriptive,D+R+P+F+SC,50,values_plus_missing,0.7479700700717931,0.7282066777420803,0.7677334624015059,0.7208003945157806,0.7914801302874288,1,1,5,0,available
ordinary_group_holdout_descriptive,D+R+P+F+SC,100,values_plus_missing,0.7439635421790908,0.7346746139623436,0.753252470395838,0.7204042849213969,0.794801238820556,1,1,5,0,available
ordinary_group_holdout_descriptive,D+R+P+F+SC,200,values_plus_missing,0.7451883699910054,0.7320037596909867,0.7583729802910238,0.7182432609804392,0.7979766301038682,1,1,5,0,available
ordinary_group_holdout_descriptive,D+R+P+F+SC,all,values_plus_missing,0.7475614813771256,0.7327192405561505,0.7624037221981009,0.7196401918576742,0.7966356932447463,1,1,5,0,available
ordinary_group_holdout_descriptive,D+R+P+F+BC,25,values_plus_missing,0.7293883544545761,0.6878244638493012,0.7709522450598508,0.698611225699028,0.7575263623278095,1,1,5,0,available
ordinary_group_holdout_descriptive,D+R+P+F+BC,50,values_plus_missing,0.7301828439338249,0.7038454018727518,0.756520285994898,0.6999064337573503,0.769388711954435,1,1,5,0,available
ordinary_group_holdout_descriptive,D+R+P+F+BC,100,values_plus_missing,0.7342733074097907,0.704820990196886,0.7637256246226953,0.7021888688047522,0.7743187942705274,1,1,5,0,available
ordinary_group_holdout_descriptive,D+R+P+F+BC,200,values_plus_missing,0.736627272752306,0.7012477643225233,0.7720067811820885,0.7098541754170167,0.7787472898841494,1,1,5,0,available
ordinary_group_holdout_descriptive,D+R+P+F+BC,all,values_plus_missing,0.7422788082496976,0.7065301896550146,0.7780274268443806,0.7107814000060002,0.7771784739165565,1,1,5,0,available
ordinary_group_holdout_descriptive,D+R+P+H+SC,25,values_plus_missing,0.723003525924576,0.7205580566768268,0.7254489951723251,0.7249016523160927,0.7879612050534779,1,1,5,0,available
ordinary_group_holdout_descriptive,D+R+P+H+SC,50,values_plus_missing,0.7344554191172801,0.7439245384481606,0.7249862997863995,0.728473201428057,0.7966012013606549,1,1,5,0,available
ordinary_group_holdout_descriptive,D+R+P+H+SC,100,values_plus_missing,0.7395497354515016,0.7505103271365937,0.7285891437664095,0.7349881495259811,0.8027893238745036,1,1,5,0,available
ordinary_group_holdout_descriptive,D+R+P+H+SC,200,values_plus_missing,0.7384848632789749,0.7403457542722721,0.7366239722856776,0.733945607824313,0.8044356511067907,1,1,5,0,available
ordinary_group_holdout_descriptive,D+R+P+H+SC,all,values_plus_missing,0.7422034088649493,0.7345103271365937,0.7498964905933049,0.7327338406036241,0.804399295670612,1,1,5,0,available
ordinary_group_holdout_descriptive,D+R+P+H+BC,25,values_plus_missing,0.7118452410953235,0.6911022553569305,0.7325882268337166,0.6994587596003841,0.7634296693158216,1,1,5,0,available
ordinary_group_holdout_descriptive,D+R+P+H+BC,50,values_plus_missing,0.7138987985002758,0.7211863117957731,0.7066112852047786,0.7014322760410416,0.771095822701173,1,1,5,0,available
ordinary_group_holdout_descriptive,D+R+P+H+BC,100,values_plus_missing,0.7171227750036347,0.7239042480160364,0.7103413019912331,0.7053066497659906,0.7800207288316694,1,1,5,0,available
ordinary_group_holdout_descriptive,D+R+P+H+BC,200,values_plus_missing,0.7213501395592856,0.7129513299649431,0.729748949153628,0.7093722811412456,0.7810390437552724,1,1,5,0,available
ordinary_group_holdout_descriptive,D+R+P+H+BC,all,values_plus_missing,0.7260150445134779,0.7135001441634401,0.7385299448635155,0.7123770888335533,0.7810995253190633,1,1,5,0,available
ordinary_group_holdout_descriptive,D+R+P+SC+BC,25,values_plus_missing,0.7040033504076615,0.7032271031844103,0.7047795976309127,0.700664432827313,0.764995648557224,1,1,5,0,available
ordinary_group_holdout_descriptive,D+R+P+SC+BC,50,values_plus_missing,0.7125115368019117,0.7231912225059726,0.7018318510978507,0.7043892693207728,0.7746534980317291,1,1,5,0,available
ordinary_group_holdout_descriptive,D+R+P+SC+BC,100,values_plus_missing,0.720348611482639,0.7229516915176978,0.71774553144758,0.7082955193207728,0.781339602165104,1,1,5,0,available
ordinary_group_holdout_descriptive,D+R+P+SC+BC,200,values_plus_missing,0.7135169757616842,0.7086681815269426,0.7183657699964257,0.7052869614784592,0.7841644963294142,1,1,5,0,available
ordinary_group_holdout_descriptive,D+R+P+SC+BC,all,values_plus_missing,0.7113086863161333,0.7052557024649659,0.7173616701673008,0.7022404333673347,0.7840926920936045,1,1,5,0,available
ordinary_group_holdout_descriptive,D+R+F+H+SC,25,values_plus_missing,0.7546186588963086,0.7289737897135953,0.780263528079022,0.7309112677007081,0.7960304642358855,1,1,5,0,available
ordinary_group_holdout_descriptive,D+R+F+H+SC,50,values_plus_missing,0.7566484824602744,0.7447726039120924,0.7685243610084563,0.7355853609144366,0.8043208789038271,1,1,5,0,available
ordinary_group_holdout_descriptive,D+R+F+H+SC,100,values_plus_missing,0.757839973114222,0.7545083088484317,0.7611716373800123,0.7403391448157925,0.8064541336206693,1,1,5,0,available
ordinary_group_holdout_descriptive,D+R+F+H+SC,200,values_plus_missing,0.758753061072708,0.7490508416398934,0.7684552805055227,0.7408247892415696,0.808404429916845,1,1,5,0,available
ordinary_group_holdout_descriptive,D+R+F+H+SC,all,values_plus_missing,0.7641460715257988,0.7551791631197884,0.7731129799318092,0.7426534561382455,0.8079976814563995,1,1,5,0,available
ordinary_group_holdout_descriptive,D+R+F+H+BC,25,values_plus_missing,0.7438281068325502,0.7115375557203137,0.7761186579447866,0.7162317742709708,0.7797747579161585,1,1,5,0,available
ordinary_group_holdout_descriptive,D+R+F+H+BC,50,values_plus_missing,0.741873229663639,0.7319235293040797,0.7518229300231982,0.7181377880115205,0.7881794525616869,1,1,5,0,available
ordinary_group_holdout_descriptive,D+R+F+H+BC,100,values_plus_missing,0.7382158200159656,0.7302446613760972,0.7461869786558339,0.7206471071342854,0.7903837725962469,1,1,5,0,available
ordinary_group_holdout_descriptive,D+R+F+H+BC,200,values_plus_missing,0.7414799921958051,0.7320072241901676,0.7509527602014426,0.7257393420736828,0.79429139878463,1,1,5,0,available
ordinary_group_holdout_descriptive,D+R+F+H+BC,all,values_plus_missing,0.7431505979872197,0.7291759846591793,0.7571252113152602,0.723683791101644,0.7934819332353606,1,1,5,0,available
ordinary_group_holdout_descriptive,D+R+F+SC+BC,25,values_plus_missing,0.7345756018172954,0.7075121349003671,0.7616390687342237,0.7129902383595343,0.7793225628617784,1,1,5,0,available
ordinary_group_holdout_descriptive,D+R+F+SC+BC,50,values_plus_missing,0.7443698068947875,0.7249692405561504,0.7637703732334246,0.7182493549741991,0.7913975364475289,1,1,5,0,available
ordinary_group_holdout_descriptive,D+R+F+SC+BC,100,values_plus_missing,0.7414793497465519,0.7248063999414193,0.7581522995516847,0.7159350436517461,0.793727517411322,1,1,5,0,available
ordinary_group_holdout_descriptive,D+R+F+SC+BC,200,values_plus_missing,0.7495861696133685,0.7293451066809458,0.7698272325457912,0.7209794641785672,0.7957379900333975,1,1,5,0,available
ordinary_group_holdout_descriptive,D+R+F+SC+BC,all,values_plus_missing,0.7460036257111531,0.7310605875461094,0.7609466638761967,0.7196561299951998,0.7947717908004334,1,1,5,0,available
ordinary_group_holdout_descriptive,D+R+H+SC+BC,25,values_plus_missing,0.7219414363803485,0.732030542054535,0.711852330706162,0.7239463016020641,0.7891181574336434,1,1,5,0,available
ordinary_group_holdout_descriptive,D+R+H+SC+BC,50,values_plus_missing,0.7308887040699834,0.7466424746684241,0.7151349334715427,0.7261270138305532,0.79389098768073,1,1,5,0,available
ordinary_group_holdout_descriptive,D+R+H+SC+BC,100,values_plus_missing,0.7325290915280734,0.743591566667582,0.7214666163885649,0.7291636977979119,0.7980043702660506,1,1,5,0,available
ordinary_group_holdout_descriptive,D+R+H+SC+BC,200,values_plus_missing,0.7303716295745364,0.7367906586667399,0.7239526004823328,0.7288693110224409,0.7992850803150393,1,1,5,0,available
ordinary_group_holdout_descriptive,D+R+H+SC+BC,all,values_plus_missing,0.7359935286020687,0.734715338990032,0.7372717182141053,0.729908102574103,0.8001170399626891,1,1,5,0,available
ordinary_group_holdout_descriptive,D+P+F+H+SC,25,values_plus_missing,0.7238279960085097,0.698165515647454,0.7494904763695653,0.7169025823532942,0.779336208858355,1,1,5,0,available
ordinary_group_holdout_descriptive,D+P+F+H+SC,50,values_plus_missing,0.73518488000372,0.7132983862847938,0.7570713737226461,0.7294369899795992,0.7938230025747601,1,1,5,0,available
ordinary_group_holdout_descriptive,D+P+F+H+SC,100,values_plus_missing,0.7355890085364156,0.7204329891717238,0.7507450279011073,0.7324357036781471,0.7954033601852937,1,1,5,0,available
ordinary_group_holdout_descriptive,D+P+F+H+SC,200,values_plus_missing,0.7342513188333568,0.7223172305058992,0.7461854071608144,0.7323142925717029,0.7954498169923724,1,1,5,0,available
ordinary_group_holdout_descriptive,D+P+F+H+SC,all,values_plus_missing,0.7363725700507582,0.7228538434430806,0.7498912966584358,0.7335162156486259,0.7942978106665529,1,1,5,0,available
ordinary_group_holdout_descriptive,D+P+F+H+BC,25,values_plus_missing,0.712830040776828,0.6802334692588626,0.7454266122947933,0.7067621767370695,0.7557118440661243,1,1,5,0,available
ordinary_group_holdout_descriptive,D+P+F+H+BC,50,values_plus_missing,0.7146117478456563,0.6796156167906929,0.7496078789006196,0.7070785956438257,0.7683475215237867,1,1,5,0,available
ordinary_group_holdout_descriptive,D+P+F+H+BC,100,values_plus_missing,0.7189713424275647,0.687453499281471,0.7504891855736583,0.7085589673586943,0.7702051649398463,1,1,5,0,available
ordinary_group_holdout_descriptive,D+P+F+H+BC,200,values_plus_missing,0.7245704828495387,0.6997913817722492,0.7493495839268284,0.7143932632305292,0.7724250577762884,1,1,5,0,available
ordinary_group_holdout_descriptive,D+P+F+H+BC,all,values_plus_missing,0.7268990455534123,0.701263144044448,0.7525349470623767,0.7138818365234609,0.7708065647134259,1,1,5,0,available
ordinary_group_holdout_descriptive,D+P+F+SC+BC,25,values_plus_missing,0.7187410492351007,0.6855291805109336,0.7519529179592679,0.7086803784651386,0.7660833845965926,1,1,5,0,available
ordinary_group_holdout_descriptive,D+P+F+SC+BC,50,values_plus_missing,0.7263401540146468,0.7000375557203138,0.7526427523089798,0.7163016208148325,0.7794382134321732,1,1,5,0,available
ordinary_group_holdout_descriptive,D+P+F+SC+BC,100,values_plus_missing,0.7362290733227126,0.706924252409589,0.7655338942358361,0.7165064727589103,0.7801726593833206,1,1,5,0,available
ordinary_group_holdout_descriptive,D+P+F+SC+BC,200,values_plus_missing,0.7313193796728885,0.7043468389305362,0.7582919204152408,0.7137285491419656,0.7808517329668145,1,1,5,0,available
ordinary_group_holdout_descriptive,D+P+F+SC+BC,all,values_plus_missing,0.7332518940295134,0.7084768926600215,0.7580268953990053,0.7138757425297011,0.7794653896340662,1,1,5,0,available
ordinary_group_holdout_descriptive,D+P+H+SC+BC,25,values_plus_missing,0.6787830676491636,0.6658815685897611,0.6916845667085662,0.6921183097323893,0.7549998920228355,1,1,5,0,available
ordinary_group_holdout_descriptive,D+P+H+SC+BC,50,values_plus_missing,0.6881249336936767,0.682683208849347,0.6935666585380064,0.7000817532701309,0.764946561049332,1,1,5,0,available
ordinary_group_holdout_descriptive,D+P+H+SC+BC,100,values_plus_missing,0.6877755665620396,0.6867762880888962,0.688774845035183,0.702421846873875,0.7695022614689531,1,1,5,0,available
ordinary_group_holdout_descriptive,D+P+H+SC+BC,200,values_plus_missing,0.692030290098788,0.6850325694959314,0.6990280107016446,0.7010408541341654,0.7679454838909543,1,1,5,0,available
ordinary_group_holdout_descriptive,D+P+H+SC+BC,all,values_plus_missing,0.696225975628068,0.682363447474165,0.7100885037819711,0.7031920339313573,0.7684750543378855,1,1,5,0,available
ordinary_group_holdout_descriptive,D+F+H+SC+BC,25,values_plus_missing,0.720566929891949,0.6928994791809685,0.7482343806029297,0.7115000225009,0.7790849072643304,1,1,5,0,available
ordinary_group_holdout_descriptive,D+F+H+SC+BC,50,values_plus_missing,0.7267693360517428,0.7018063999414194,0.7517322721620662,0.7211829098163927,0.789312661967481,1,1,5,0,available
ordinary_group_holdout_descriptive,D+F+H+SC+BC,100,values_plus_missing,0.7358129366007232,0.7037676932018929,0.7678581799995535,0.7205500720028801,0.7890520473234017,1,1,5,0,available
ordinary_group_holdout_descriptive,D+F+H+SC+BC,200,values_plus_missing,0.7356172761908883,0.7129793480151211,0.7582552043666557,0.7229159478879155,0.7897430892956361,1,1,5,0,available
ordinary_group_holdout_descriptive,D+F+H+SC+BC,all,values_plus_missing,0.7328010600622523,0.7129793480151211,0.7526227721093837,0.7186196822872915,0.7888963192361982,1,1,5,0,available
ordinary_group_holdout_descriptive,R+P+F+H+SC,25,values_plus_missing,0.7350386092654391,0.7294410028283494,0.7406362157025287,0.7195665951638066,0.7822638118816367,1,1,5,0,available
ordinary_group_holdout_descriptive,R+P+F+H+SC,50,values_plus_missing,0.734948741534463,0.7410634044539638,0.7288340786149622,0.7235244097263891,0.7939258410628424,1,1,5,0,available
ordinary_group_holdout_descriptive,R+P+F+H+SC,100,values_plus_missing,0.7346926428608002,0.7487321649229756,0.7206531207986248,0.726296239349574,0.7973228996936763,1,1,5,0,available
ordinary_group_holdout_descriptive,R+P+F+H+SC,200,values_plus_missing,0.7426540042994015,0.7457401785796011,0.739567830019202,0.7316472346393855,0.8011623554299948,1,1,5,0,available
ordinary_group_holdout_descriptive,R+P+F+H+SC,all,values_plus_missing,0.7534687327858987,0.7529030191943323,0.754034446377465,0.7320630325213009,0.8000686503103281,1,1,5,0,available
ordinary_group_holdout_descriptive,R+P+F+H+BC,25,values_plus_missing,0.7340416303217162,0.7105051303878226,0.7575781302556098,0.703010620424817,0.7604534901519265,1,1,5,0,available
ordinary_group_holdout_descriptive,R+P+F+H+BC,50,values_plus_missing,0.7252530106353838,0.7187227050553312,0.7317833162154366,0.698001826323053,0.7715426488411532,1,1,5,0,available
ordinary_group_holdout_descriptive,R+P+F+H+BC,100,values_plus_missing,0.7335195390430977,0.7346003034297168,0.7324387746564787,0.7093600931537261,0.7764339960834141,1,1,5,0,available
ordinary_group_holdout_descriptive,R+P+F+H+BC,200,values_plus_missing,0.739197299574029,0.7275354527647343,0.7508591463833238,0.7160822370394816,0.7820249110929524,1,1,5,0,available
ordinary_group_holdout_descriptive,R+P+F+H+BC,all,values_plus_missing,0.7401819611864983,0.7303342669632314,0.7500296554097651,0.7174472916416657,0.7815913705927013,1,1,5,0,available
ordinary_group_holdout_descriptive,R+P+F+SC+BC,25,values_plus_missing,0.7137676958819621,0.7036812569221335,0.7238541348417908,0.6940182294791792,0.7584833746415074,1,1,5,0,available
ordinary_group_holdout_descriptive,R+P+F+SC+BC,50,values_plus_missing,0.7250284019711435,0.7185672305058993,0.7314895734363877,0.7068371797371895,0.7720063805388772,1,1,5,0,available
ordinary_group_holdout_descriptive,R+P+F+SC+BC,100,values_plus_missing,0.7295958240890552,0.7283967377872971,0.7307949103908132,0.703177502100084,0.7750456290814405,1,1,5,0,available
ordinary_group_holdout_descriptive,R+P+F+SC+BC,200,values_plus_missing,0.737399126325969,0.7288172305058992,0.7459810221460389,0.7115909636385456,0.7795951360625548,1,1,5,0,available
ordinary_group_holdout_descriptive,R+P+F+SC+BC,all,values_plus_missing,0.7396894481855141,0.7351404563802619,0.7442384399907663,0.7116008077823113,0.7788651109642057,1,1,5,0,available
ordinary_group_holdout_descriptive,R+P+H+SC+BC,25,values_plus_missing,0.7044480563296076,0.729051118525231,0.6798449941339842,0.7092546201848073,0.7685877538982153,1,1,5,0,available
ordinary_group_holdout_descriptive,R+P+H+SC+BC,50,values_plus_missing,0.7075614917964672,0.7452910110662603,0.6698319725266741,0.710217471198848,0.7783396174918417,1,1,5,0,available
ordinary_group_holdout_descriptive,R+P+H+SC+BC,100,values_plus_missing,0.7093415883553322,0.7559479318267109,0.6627352448839535,0.7179601246549862,0.7839314574049089,1,1,5,0,available
ordinary_group_holdout_descriptive,R+P+H+SC+BC,200,values_plus_missing,0.7148681186478922,0.7439538516809915,0.6857823856147931,0.7164380325213009,0.7859898865568723,1,1,5,0,available
ordinary_group_holdout_descriptive,R+P+H+SC+BC,all,values_plus_missing,0.7124930583166469,0.7402871850143248,0.6846989316189691,0.7146989004560182,0.7860583882539227,1,1,5,0,available
ordinary_group_holdout_descriptive,R+F+H+SC+BC,25,values_plus_missing,0.7304226966425833,0.7161160447043963,0.7447293485807704,0.7127731984279371,0.7818917609199615,1,1,5,0,available
ordinary_group_holdout_descriptive,R+F+H+SC+BC,50,values_plus_missing,0.7287025063632901,0.7329459135385488,0.7244590991880314,0.7160344226269051,0.7916886999626666,1,1,5,0,available
ordinary_group_holdout_descriptive,R+F+H+SC+BC,100,values_plus_missing,0.7339327323790328,0.7477300711206305,0.7201353936374352,0.7216994929797191,0.7944076829362414,1,1,5,0,available
ordinary_group_holdout_descriptive,R+F+H+SC+BC,200,values_plus_missing,0.7344453537746454,0.7417746977144374,0.7271160098348534,0.7240934949897997,0.7972500422195404,1,1,5,0,available
ordinary_group_holdout_descriptive,R+F+H+SC+BC,all,values_plus_missing,0.7501989988534203,0.7486042049958352,0.7517937927110053,0.7277091083643346,0.796890848510394,1,1,5,0,available
ordinary_group_holdout_descriptive,P+F+H+SC+BC,25,values_plus_missing,0.7095544984863318,0.7038897332747527,0.715219263697911,0.7053150876035041,0.7684531276317842,1,1,5,0,available
ordinary_group_holdout_descriptive,P+F+H+SC+BC,50,values_plus_missing,0.7237898282444042,0.7065567614941739,0.7410228949946346,0.7139076188047522,0.78284957955238,1,1,5,0,available
ordinary_group_holdout_descriptive,P+F+H+SC+BC,100,values_plus_missing,0.7260519302417437,0.7115344436206533,0.7405694168628342,0.713722455148206,0.7840368042195492,1,1,5,0,available
ordinary_group_holdout_descriptive,P+F+H+SC+BC,200,values_plus_missing,0.7268465402980313,0.7186139509020513,0.7350791296940112,0.7174276033541342,0.784643923159721,1,1,5,0,available
ordinary_group_holdout_descriptive,P+F+H+SC+BC,all,values_plus_missing,0.7282975443738289,0.7230689627554896,0.7335261259921683,0.7159669199267971,0.7840852928428597,1,1,5,0,available
ordinary_group_holdout_descriptive,S+D+R+P+F+H,25,values_plus_missing,0.7667105294636338,0.7604556594447648,0.7729653994825029,0.7490629312672508,0.8111951321282873,1,1,5,0,available
ordinary_group_holdout_descriptive,S+D+R+P+F+H,50,values_plus_missing,0.7866738308299565,0.776118500059496,0.7972291616004169,0.7641643165726629,0.827861413093901,1,1,5,0,available
ordinary_group_holdout_descriptive,S+D+R+P+F+H,100,values_plus_missing,0.7831006374166378,0.7767060209975195,0.7894952538357561,0.7658457900816033,0.8316754715046842,1,1,5,0,available
ordinary_group_holdout_descriptive,S+D+R+P+F+H,200,values_plus_missing,0.7888196480727689,0.7791673142579931,0.7984719818875448,0.7731309252370095,0.8358900980259862,1,1,5,0,available
ordinary_group_holdout_descriptive,S+D+R+P+F+H,all,values_plus_missing,0.7927733899516862,0.7799194080603381,0.8056273718430343,0.7721240099603984,0.8359066827734098,1,1,5,0,available
ordinary_group_holdout_descriptive,S+D+R+P+F+SC,25,values_plus_missing,0.7614224162676024,0.7566547514439227,0.7661900810912822,0.7449040149105964,0.8092616177620406,1,1,5,0,available
ordinary_group_holdout_descriptive,S+D+R+P+F+SC,50,values_plus_missing,0.7798598129638185,0.7774560209975195,0.7822636049301174,0.7615335863434538,0.827353965273409,1,1,5,0,available
ordinary_group_holdout_descriptive,S+D+R+P+F+SC,100,values_plus_missing,0.7762556599296209,0.7742485537889814,0.7782627660702602,0.7628728586643465,0.8299949694619754,1,1,5,0,available
ordinary_group_holdout_descriptive,S+D+R+P+F+SC,200,values_plus_missing,0.7804136761282574,0.7762851667261627,0.784542185530352,0.7634578820652826,0.8336022808531613,1,1,5,0,available
ordinary_group_holdout_descriptive,S+D+R+P+F+SC,all,values_plus_missing,0.7787081362673831,0.7763297933199697,0.7810864792147966,0.7610540359114364,0.8337866913525378,1,1,5,0,available
ordinary_group_holdout_descriptive,S+D+R+P+F+BC,25,values_plus_missing,0.7607449547537888,0.748449016484975,0.7730408930226026,0.7413202778111124,0.8047160564084482,1,1,5,0,available
ordinary_group_holdout_descriptive,S+D+R+P+F+BC,50,values_plus_missing,0.7833032072100778,0.7671202323090864,0.7994861821110694,0.7628948907956319,0.8231746147960278,1,1,5,0,available
ordinary_group_holdout_descriptive,S+D+R+P+F+BC,100,values_plus_missing,0.7778992691571476,0.7682443661842911,0.7875541721300041,0.7607596491359654,0.8266030063494114,1,1,5,0,available
ordinary_group_holdout_descriptive,S+D+R+P+F+BC,200,values_plus_missing,0.7864741269064043,0.7671551129966773,0.8057931408161313,0.7635853871654866,0.8314752353379475,1,1,5,0,available
ordinary_group_holdout_descriptive,S+D+R+P+F+BC,all,values_plus_missing,0.786450650223441,0.7742060209975196,0.7986952794493624,0.7644966736169447,0.8311497587394218,1,1,5,0,available
ordinary_group_holdout_descriptive,S+D+R+P+H+SC,25,values_plus_missing,0.7425522093210047,0.756203204089665,0.7289012145523445,0.7422414084063362,0.8066274430914347,1,1,5,0,available
ordinary_group_holdout_descriptive,S+D+R+P+H+SC,50,values_plus_missing,0.7592703425025303,0.7595950975277114,0.7589455874773493,0.7502011017940717,0.8167673692342114,1,1,5,0,available
ordinary_group_holdout_descriptive,S+D+R+P+H+SC,100,values_plus_missing,0.758458495030279,0.7616624035477936,0.7552545865127643,0.75377499474979,0.8261065589046114,1,1,5,0,available
ordinary_group_holdout_descriptive,S+D+R+P+H+SC,200,values_plus_missing,0.7608830603268775,0.7509793480151211,0.7707867726386337,0.7535284223868954,0.8293371102376099,1,1,5,0,available
ordinary_group_holdout_descriptive,S+D+R+P+H+SC,all,values_plus_missing,0.7598345694632231,0.7522907250276886,0.7673784138987577,0.7544139265570623,0.8300867693412248,1,1,5,0,available
ordinary_group_holdout_descriptive,S+D+R+P+H+BC,25,values_plus_missing,0.7433545868738308,0.7367404646181729,0.7499687091294888,0.7333029258670347,0.7971833598432042,1,1,5,0,available
ordinary_group_holdout_descriptive,S+D+R+P+H+BC,50,values_plus_missing,0.7659004120171093,0.7472087623911908,0.7845920616430279,0.7513833365834633,0.809984533610381,1,1,5,0,available
ordinary_group_holdout_descriptive,S+D+R+P+H+BC,100,values_plus_missing,0.7642877008342588,0.7548757906106123,0.7736996110579053,0.7560794619284772,0.8207467159383354,1,1,5,0,available
ordinary_group_holdout_descriptive,S+D+R+P+H+BC,200,values_plus_missing,0.7658363782558518,0.7500420957245243,0.7816306607871794,0.7556477259090364,0.8238548451693202,1,1,5,0,available
ordinary_group_holdout_descriptive,S+D+R+P+H+BC,all,values_plus_missing,0.7655857562503354,0.7495912714757759,0.7815802410248951,0.7555581910776431,0.8241231911076594,1,1,5,0,available
ordinary_group_holdout_descriptive,S+D+R+P+SC+BC,25,values_plus_missing,0.7419289818841204,0.7449953753283722,0.7388625884398685,0.7328749399976,0.7976021991112893,1,1,5,0,available
ordinary_group_holdout_descriptive,S+D+R+P+SC+BC,50,values_plus_missing,0.7480725598225761,0.7539204172044193,0.7422247024407329,0.7457735809432378,0.8118582247763992,1,1,5,0,available
ordinary_group_holdout_descriptive,S+D+R+P+SC+BC,100,values_plus_missing,0.7524571646300314,0.7502512951826529,0.75466303407741,0.7469178454638186,0.8196871922669791,1,1,5,0,available
ordinary_group_holdout_descriptive,S+D+R+P+SC+BC,200,values_plus_missing,0.7605148776881173,0.7445298944632085,0.7764998609130261,0.7465020475819033,0.8227325082428116,1,1,5,0,available
ordinary_group_holdout_descriptive,S+D+R+P+SC+BC,all,values_plus_missing,0.7581876337698475,0.744615321598887,0.7717599459408081,0.7449996437357493,0.8237798067426917,1,1,5,0,available
ordinary_group_holdout_descriptive,S+D+R+F+H+SC,25,values_plus_missing,0.7745969732792855,0.7770393543308528,0.7721545922277181,0.7620290749129965,0.819662755176998,1,1,5,0,available
ordinary_group_holdout_descriptive,S+D+R+F+H+SC,50,values_plus_missing,0.7829036882466125,0.7821247814665312,0.7836825950266938,0.7648646570862834,0.8317268584641818,1,1,5,0,available
ordinary_group_holdout_descriptive,S+D+R+F+H+SC,100,values_plus_missing,0.7790362307300039,0.7848705938618411,0.7732018675981668,0.7657182849813993,0.835010169571331,1,1,5,0,available
ordinary_group_holdout_descriptive,S+D+R+F+H+SC,200,values_plus_missing,0.7820154798300467,0.7794947277370459,0.7845362319230477,0.7662039294071763,0.8379900052274396,1,1,5,0,available
ordinary_group_holdout_descriptive,S+D+R+F+H+SC,all,values_plus_missing,0.7807019544962316,0.7794173142579931,0.7819865947344701,0.7665044101764071,0.8386988904992089,1,1,5,0,available
ordinary_group_holdout_descriptive,S+D+R+F+H+BC,25,values_plus_missing,0.7843242957779579,0.7656648589028934,0.8029837326530224,0.7542864214568583,0.8159913393646739,1,1,5,0,available
ordinary_group_holdout_descriptive,S+D+R+F+H+BC,50,values_plus_missing,0.786024868476075,0.7718723261114314,0.8001774108407186,0.764618084723389,0.8286811270429281,1,1,5,0,available
ordinary_group_holdout_descriptive,S+D+R+F+H+BC,100,values_plus_missing,0.7776395831133482,0.7762464599866363,0.7790327062400603,0.7652448285431417,0.8317994887300106,1,1,5,0,available
ordinary_group_holdout_descriptive,S+D+R+F+H+BC,200,values_plus_missing,0.7868336761377942,0.7724985537889814,0.801168798486607,0.7679074350474019,0.8360126796187537,1,1,5,0,available
ordinary_group_holdout_descriptive,S+D+R+F+H+BC,all,values_plus_missing,0.7924613972136141,0.7788705938618411,0.8060522005653872,0.7701261175447018,0.8363703826735854,1,1,5,0,available
ordinary_group_holdout_descriptive,S+D+R+F+SC+BC,25,values_plus_missing,0.7698963358592363,0.7659943661842913,0.7737983055341813,0.7511761407956319,0.8138238813044218,1,1,5,0,available
ordinary_group_holdout_descriptive,S+D+R+F+SC+BC,50,values_plus_missing,0.7813415555824881,0.7731652204556481,0.7895178907093282,0.7623933082323293,0.8282706065309531,1,1,5,0,available
ordinary_group_holdout_descriptive,S+D+R+F+SC+BC,100,values_plus_missing,0.7818372205265858,0.7741589390486129,0.7895155020045587,0.7645702703108124,0.8311665339963117,1,1,5,0,available
ordinary_group_holdout_descriptive,S+D+R+F+SC+BC,200,values_plus_missing,0.7785737318511055,0.7695776995176246,0.7875697641845864,0.7592253690147606,0.8347463015462256,1,1,5,0,available
ordinary_group_holdout_descriptive,S+D+R+F+SC+BC,all,values_plus_missing,0.7829793834042345,0.7764985537889814,0.7894602130194875,0.7625405016200648,0.8350710530295654,1,1,5,0,available
ordinary_group_holdout_descriptive,S+D+R+H+SC+BC,25,values_plus_missing,0.7522990505794998,0.7668883534246826,0.7377097477343169,0.7498945270310813,0.8099578195814952,1,1,5,0,available
ordinary_group_holdout_descriptive,S+D+R+H+SC+BC,50,values_plus_missing,0.7612488357179241,0.7618008324866592,0.760696838949189,0.7516716293651746,0.8162783952204776,1,1,5,0,available
ordinary_group_holdout_descriptive,S+D+R+H+SC+BC,100,values_plus_missing,0.7575378463648601,0.7621198707563317,0.7529558219733884,0.7529630872734909,0.824167981003981,1,1,5,0,available
ordinary_group_holdout_descriptive,S+D+R+H+SC+BC,200,values_plus_missing,0.762735507071597,0.7542335356198112,0.7712374785233828,0.7533751350054003,0.8275289660803331,1,1,5,0,available
ordinary_group_holdout_descriptive,S+D+R+H+SC+BC,all,values_plus_missing,0.7632725348915543,0.7550285237663729,0.7715165460167359,0.7526687004980199,0.8288673764301325,1,1,5,0,available
ordinary_group_holdout_descriptive,S+D+P+F+H+SC,25,values_plus_missing,0.7481042956141841,0.7536951904330396,0.7425134007953288,0.7411351141545661,0.8060790563401712,1,1,5,0,available
ordinary_group_holdout_descriptive,S+D+P+F+H+SC,50,values_plus_missing,0.7623687071305572,0.7594518333928293,0.7652855808682851,0.7590842696207849,0.823798850222232,1,1,5,0,available
ordinary_group_holdout_descriptive,S+D+P+F+H+SC,100,values_plus_missing,0.763877629630844,0.7621470993400519,0.7656081599216362,0.7594424089463578,0.827284337193236,1,1,5,0,available
ordinary_group_holdout_descriptive,S+D+P+F+H+SC,200,values_plus_missing,0.7729541783675424,0.7656122186524609,0.7802961380826239,0.762594410026401,0.8278932547625452,1,1,5,0,available
ordinary_group_holdout_descriptive,S+D+P+F+H+SC,all,values_plus_missing,0.7698728805414701,0.7678664062571509,0.7718793548257894,0.7602641605664227,0.8280987517789893,1,1,5,0,available
ordinary_group_holdout_descriptive,S+D+P+F+H+BC,25,values_plus_missing,0.7505623401630925,0.7427272542127761,0.7583974261134091,0.7408885417916717,0.801333098450996,1,1,5,0,available
ordinary_group_holdout_descriptive,S+D+P+F+H+BC,50,values_plus_missing,0.7679951261433131,0.7519127651005483,0.7840774871860781,0.7605927674606985,0.8193581516953563,1,1,5,0,available
ordinary_group_holdout_descriptive,S+D+P+F+H+BC,100,values_plus_missing,0.7723442488103288,0.758913126653303,0.7857753709673546,0.7634860081903276,0.8221076064069557,1,1,5,0,available
ordinary_group_holdout_descriptive,S+D+P+F+H+BC,200,values_plus_missing,0.7809210724117366,0.76458152556956,0.7972606192539132,0.7629108289331574,0.8243261786288194,1,1,5,0,available
ordinary_group_holdout_descriptive,S+D+P+F+H+BC,all,values_plus_missing,0.7885460640246353,0.7664211403099285,0.8106709877393422,0.7674021023340933,0.824185251006788,1,1,5,0,available
ordinary_group_holdout_descriptive,S+D+P+F+SC+BC,25,values_plus_missing,0.7467322183787615,0.7468475620360454,0.7466168747214775,0.7412307429797191,0.8045884098231847,1,1,5,0,available
ordinary_group_holdout_descriptive,S+D+P+F+SC+BC,50,values_plus_missing,0.7631417102249292,0.7528601248501158,0.7734232955997425,0.7528698022920917,0.8219237899205802,1,1,5,0,available
ordinary_group_holdout_descriptive,S+D+P+F+SC+BC,100,values_plus_missing,0.772988194696934,0.754022965464847,0.791953423929021,0.7555581910776431,0.8244407572649288,1,1,5,0,available
ordinary_group_holdout_descriptive,S+D+P+F+SC+BC,200,values_plus_missing,0.7722682188607102,0.7527726039120922,0.7917638338093282,0.7535602986619465,0.8252296615210444,1,1,5,0,available
ordinary_group_holdout_descriptive,S+D+P+F+SC+BC,all,values_plus_missing,0.7707461307825423,0.7570264299640278,0.7844658316010569,0.7528955845733829,0.8254889917494002,1,1,5,0,available
ordinary_group_holdout_descriptive,S+D+P+H+SC+BC,25,values_plus_missing,0.7166413700066117,0.7213237979515061,0.7119589420617171,0.7256976216548663,0.7891942861817361,1,1,5,0,available
ordinary_group_holdout_descriptive,S+D+P+H+SC+BC,50,values_plus_missing,0.735959532668786,0.7254019345360683,0.7465171308015038,0.7403733649345974,0.8004051161738778,1,1,5,0,available
ordinary_group_holdout_descriptive,S+D+P+H+SC+BC,100,values_plus_missing,0.7356903515746376,0.7270194254514832,0.7443612776977919,0.7447432272290891,0.8068616512289919,1,1,5,0,available
ordinary_group_holdout_descriptive,S+D+P+H+SC+BC,200,values_plus_missing,0.7383152084459155,0.7265943835754364,0.7500360333163946,0.7414379387675507,0.8072219085508501,1,1,5,0,available
ordinary_group_holdout_descriptive,S+D+P+H+SC+BC,all,values_plus_missing,0.7333409668627182,0.7218890101692432,0.7447929235561932,0.7421026528561143,0.807921079044481,1,1,5,0,available
ordinary_group_holdout_descriptive,S+D+F+H+SC+BC,25,values_plus_missing,0.7531461971968778,0.7549981922362267,0.751294202157529,0.7466173646945877,0.8099838472564157,1,1,5,0,available
ordinary_group_holdout_descriptive,S+D+F+H+SC+BC,50,values_plus_missing,0.7653203556095866,0.7590776995176246,0.7715630117015485,0.7602861926977079,0.8237726369805916,1,1,5,0,available
ordinary_group_holdout_descriptive,S+D+F+H+SC+BC,100,values_plus_missing,0.7736785009828686,0.762025059267192,0.7853319426985452,0.7593369359774391,0.8262897832401912,1,1,5,0,available
ordinary_group_holdout_descriptive,S+D+F+H+SC+BC,200,values_plus_missing,0.7725712400783822,0.7661551129966774,0.7789873671600871,0.7589727026581063,0.8273795465339567,1,1,5,0,available
ordinary_group_holdout_descriptive,S+D+F+H+SC+BC,all,values_plus_missing,0.7748657956839202,0.7670738734656891,0.7826577179021513,0.7587617567202688,0.82775093279736,1,1,5,0,available
ordinary_group_holdout_descriptive,S+R+P+F+H+SC,25,values_plus_missing,0.7642042079988941,0.7774113944037125,0.7509970215940757,0.7517072557902316,0.8116325247403189,1,1,5,0,available
ordinary_group_holdout_descriptive,S+R+P+F+H+SC,50,values_plus_missing,0.7790154880236189,0.7806676758107477,0.7773633002364901,0.7594719413776552,0.8268572767833833,1,1,5,0,available
ordinary_group_holdout_descriptive,S+R+P+F+H+SC,100,values_plus_missing,0.7707256643037106,0.7805843424774145,0.7608669861300066,0.7590659876395056,0.8309667128792247,1,1,5,0,available
ordinary_group_holdout_descriptive,S+R+P+F+H+SC,200,values_plus_missing,0.7742194567543572,0.7794173142579931,0.7690215992507214,0.7590819257770312,0.8342412222297122,1,1,5,0,available
ordinary_group_holdout_descriptive,S+R+P+F+H+SC,all,values_plus_missing,0.7725402561485751,0.7845069289983616,0.7605735832987887,0.7604151041041642,0.8345758385745397,1,1,5,0,available
ordinary_group_holdout_descriptive,S+R+P+F+H+BC,25,values_plus_missing,0.766806400228011,0.7602460984338816,0.7733667020221405,0.7438333470838834,0.8073200207253896,1,1,5,0,available
ordinary_group_holdout_descriptive,S+R+P+F+H+BC,50,values_plus_missing,0.7802384012443127,0.7680818871223147,0.7923949153663107,0.7577548414436577,0.8230419864704267,1,1,5,0,available
ordinary_group_holdout_descriptive,S+R+P+F+H+BC,100,values_plus_missing,0.7812886849848553,0.7786369827278469,0.7839403872418638,0.7627036331453259,0.8275474440163288,1,1,5,0,available
ordinary_group_holdout_descriptive,S+R+P+F+H+BC,200,values_plus_missing,0.7837592838745513,0.7783887149774373,0.7891298527716654,0.7675113254530181,0.8320209599884908,1,1,5,0,available
ordinary_group_holdout_descriptive,S+R+P+F+H+BC,all,values_plus_missing,0.7885785068701633,0.7823890765301921,0.7947679372101345,0.7673580380715228,0.832204586893502,1,1,5,0,available
ordinary_group_holdout_descriptive,S+R+P+F+SC+BC,25,values_plus_missing,0.759382271455387,0.7639476457881392,0.7548168971226347,0.7390673751950079,0.8046447004604784,1,1,5,0,available
ordinary_group_holdout_descriptive,S+R+P+F+SC+BC,50,values_plus_missing,0.7737360612223438,0.7700372605285078,0.7774348619161798,0.7547181574762991,0.8212306852200856,1,1,5,0,available
ordinary_group_holdout_descriptive,S+R+P+F+SC+BC,100,values_plus_missing,0.7782050972664851,0.7709985537889813,0.785411640743989,0.7564891658166326,0.8241764937513473,1,1,5,0,available
ordinary_group_holdout_descriptive,S+R+P+F+SC+BC,200,values_plus_missing,0.7759599472396163,0.7697868989757531,0.7821329955034794,0.7545072115384616,0.8283956689191043,1,1,5,0,available
ordinary_group_holdout_descriptive,S+R+P+F+SC+BC,all,values_plus_missing,0.77665039702845,0.7767119408518001,0.7765888532050997,0.7557189787591503,0.8288043032004332,1,1,5,0,available
ordinary_group_holdout_descriptive,S+R+P+H+SC+BC,25,values_plus_missing,0.7359193158957413,0.7593904472270276,0.7124481845644549,0.7352665981639266,0.7988184617486809,1,1,5,0,available
ordinary_group_holdout_descriptive,S+R+P+H+SC+BC,50,values_plus_missing,0.7384400957909281,0.7568154891030746,0.7200647024787816,0.7412185549921997,0.8086527247956603,1,1,5,0,available
ordinary_group_holdout_descriptive,S+R+P+H+SC+BC,100,values_plus_missing,0.7470957946327736,0.7603541958426009,0.7338373934229464,0.7449715176107045,0.8168318999472559,1,1,5,0,available
ordinary_group_holdout_descriptive,S+R+P+H+SC+BC,200,values_plus_missing,0.7478677130771887,0.7513845273727471,0.7443508987816304,0.7463009457878316,0.8203422380172025,1,1,5,0,available
ordinary_group_holdout_descriptive,S+R+P+H+SC+BC,all,values_plus_missing,0.746490111503775,0.7495592076960395,0.7434210153115105,0.7429220606324254,0.8215641895764927,1,1,5,0,available
ordinary_group_holdout_descriptive,S+R+F+H+SC+BC,25,values_plus_missing,0.7723013747730556,0.7790414481331979,0.7655613014129132,0.7556711643465739,0.8158764752203899,1,1,5,0,available
ordinary_group_holdout_descriptive,S+R+F+H+SC+BC,50,values_plus_missing,0.7789605836550525,0.7779113944037125,0.7800097729063925,0.76100622149886,0.8276934665981834,1,1,5,0,available
ordinary_group_holdout_descriptive,S+R+F+H+SC+BC,100,values_plus_missing,0.7749005074588491,0.7801613944037126,0.7696396205139856,0.7619653223628945,0.8311669335179953,1,1,5,0,available
ordinary_group_holdout_descriptive,S+R+F+H+SC+BC,200,values_plus_missing,0.7821824803924344,0.7744556594447648,0.7899093013401042,0.7640429054662186,0.8342254130404992,1,1,5,0,available
ordinary_group_holdout_descriptive,S+R+F+H+SC+BC,all,values_plus_missing,0.7807153904438942,0.7810351667261627,0.7803956141616256,0.7635572610404415,0.835011282138507,1,1,5,0,available
ordinary_group_holdout_descriptive,S+P+F+H+SC+BC,25,values_plus_missing,0.7476676592038867,0.7615288853191275,0.7338064330886459,0.7437119359774391,0.8053911360367498,1,1,5,0,available
ordinary_group_holdout_descriptive,S+P+F+H+SC+BC,50,values_plus_missing,0.7611356648737895,0.7601938197362038,0.762077510011375,0.7562585315912637,0.8211835435274377,1,1,5,0,available
ordinary_group_holdout_descriptive,S+P+F+H+SC+BC,100,values_plus_missing,0.7686478527661733,0.7616955519857941,0.7756001535465525,0.754423770700828,0.8242128911050972,1,1,5,0,available
ordinary_group_holdout_descriptive,S+P+F+H+SC+BC,200,values_plus_missing,0.7733378189011337,0.7679922723819462,0.7786833654203212,0.7598422686907477,0.8250795126106321,1,1,5,0,available
ordinary_group_holdout_descriptive,S+P+F+H+SC+BC,all,values_plus_missing,0.7784641287272849,0.7751244199137766,0.7818038375407933,0.7614440515120604,0.8254064711959395,1,1,5,0,available
ordinary_group_holdout_descriptive,D+R+P+F+H+SC,25,values_plus_missing,0.7525315902974714,0.726879625815782,0.7781835547791608,0.730716259900396,0.7933268581079602,1,1,5,0,available
ordinary_group_holdout_descriptive,D+R+P+F+H+SC,50,values_plus_missing,0.7565941381369239,0.7454267077646887,0.767761568509159,0.7355694227769111,0.8060612725704492,1,1,5,0,available
ordinary_group_holdout_descriptive,D+R+P+F+H+SC,100,values_plus_missing,0.7582971673113301,0.7529612268995249,0.7636331077231353,0.7411510522920917,0.8099221675063519,1,1,5,0,available
ordinary_group_holdout_descriptive,D+R+P+F+H+SC,200,values_plus_missing,0.7607767520369081,0.7506788015670337,0.7708747025067825,0.742701270550822,0.8126698435116662,1,1,5,0,available
ordinary_group_holdout_descriptive,D+R+P+F+H+SC,all,values_plus_missing,0.7643484269891113,0.7540996558383904,0.7745971981398322,0.7448622944917797,0.8116267729831728,1,1,5,0,available
ordinary_group_holdout_descriptive,D+R+P+F+H+BC,25,values_plus_missing,0.7360945607197449,0.7070974956750967,0.7650916257643932,0.7136647965918637,0.7757632445552773,1,1,5,0,available
ordinary_group_holdout_descriptive,D+R+P+F+H+BC,50,values_plus_missing,0.7456811138843351,0.7285002196776231,0.7628620080910471,0.7168782063782552,0.7888789025108528,1,1,5,0,available
ordinary_group_holdout_descriptive,D+R+P+F+H+BC,100,values_plus_missing,0.7374744243756577,0.7281121522915122,0.7468366964598033,0.7199725489019562,0.7929713081308769,1,1,5,0,available
ordinary_group_holdout_descriptive,D+R+P+F+H+BC,200,values_plus_missing,0.7415154153815748,0.7297976631792844,0.7532331675838654,0.7261612339493579,0.797408427257102,1,1,5,0,available
ordinary_group_holdout_descriptive,D+R+P+F+H+BC,all,values_plus_missing,0.7468448266762339,0.7320964773777815,0.7615931759746862,0.7274367537201488,0.7963070742246261,1,1,5,0,available
ordinary_group_holdout_descriptive,D+R+P+F+SC+BC,25,values_plus_missing,0.7377870862808232,0.7063220748551501,0.7692520977064964,0.7103754462678507,0.7772766157822272,1,1,5,0,available
ordinary_group_holdout_descriptive,D+R+P+F+SC+BC,50,values_plus_missing,0.7442272066349913,0.7243001185343841,0.7641542947355985,0.7200522395895836,0.7932783306566582,1,1,5,0,available
ordinary_group_holdout_descriptive,D+R+P+F+SC+BC,100,values_plus_missing,0.7423029808155098,0.7297272542127761,0.7548787074182436,0.7198670759330373,0.7976443706630192,1,1,5,0,available
ordinary_group_holdout_descriptive,D+R+P+F+SC+BC,200,values_plus_missing,0.7492231024884458,0.7311847214213142,0.7672614835555774,0.722644999549982,0.8003482240980423,1,1,5,0,available
ordinary_group_holdout_descriptive,D+R+P+F+SC+BC,all,values_plus_missing,0.7444766587058391,0.7317373616717466,0.7572159557399315,0.7196401918576742,0.7989771123674225,1,1,5,0,available
ordinary_group_holdout_descriptive,D+R+P+H+SC+BC,25,values_plus_missing,0.7187607321704422,0.719529457396271,0.7179920069446134,0.722513744299772,0.7852345084873981,1,1,5,0,available
ordinary_group_holdout_descriptive,D+R+P+H+SC+BC,50,values_plus_missing,0.7309484798843955,0.7400950311667628,0.7218019286020283,0.7273190927637105,0.7954797474542546,1,1,5,0,available
ordinary_group_holdout_descriptive,D+R+P+H+SC+BC,100,values_plus_missing,0.7348584613235496,0.7427174327923772,0.7269994898547218,0.7321844436277452,0.8025416706460884,1,1,5,0,available
ordinary_group_holdout_descriptive,D+R+P+H+SC+BC,200,values_plus_missing,0.7340655210033074,0.7359716203970673,0.7321594216095475,0.732085064652586,0.8041260028729411,1,1,5,0,available
ordinary_group_holdout_descriptive,D+R+P+H+SC+BC,all,values_plus_missing,0.7423761738647182,0.7317965785210204,0.752955769208416,0.7340571747869915,0.8043911495512039,1,1,5,0,available
ordinary_group_holdout_descriptive,D+R+F+H+SC+BC,25,values_plus_missing,0.7505859417097673,0.725390456380262,0.7757814270392726,0.7261513898055922,0.7930927235427869,1,1,5,0,available
ordinary_group_holdout_descriptive,D+R+F+H+SC+BC,50,values_plus_missing,0.7564792090155581,0.7422318033702209,0.7707266146608952,0.7357227101584063,0.8046348775277761,1,1,5,0,available
ordinary_group_holdout_descriptive,D+R+F+H+SC+BC,100,values_plus_missing,0.7546657962673685,0.7454288015670337,0.7639027909677033,0.7366499347473899,0.8074605939431374,1,1,5,0,available
ordinary_group_holdout_descriptive,D+R+F+H+SC+BC,200,values_plus_missing,0.7583092765170929,0.7452663225050572,0.7713522305291285,0.7410676114544581,0.8095147390495626,1,1,5,0,available
ordinary_group_holdout_descriptive,D+R+F+H+SC+BC,all,values_plus_missing,0.7675155916956342,0.7495996558383905,0.7854315275528778,0.7428226816572663,0.8092115598137808,1,1,5,0,available
ordinary_group_holdout_descriptive,D+P+F+H+SC+BC,25,values_plus_missing,0.7247674994256047,0.6983381021684013,0.7511968966828081,0.7178040246609865,0.7788040019974831,1,1,5,0,available
ordinary_group_holdout_descriptive,D+P+F+H+SC+BC,50,values_plus_missing,0.7388862890166961,0.7146355456700625,0.7631370323633296,0.7313134712888516,0.7944829392934165,1,1,5,0,available
ordinary_group_holdout_descriptive,D+P+F+H+SC+BC,100,values_plus_missing,0.7439623794636341,0.7162251604104309,0.7716995985168372,0.7302746797371895,0.7956913141399337,1,1,5,0,available
ordinary_group_holdout_descriptive,D+P+F+H+SC+BC,200,values_plus_missing,0.7443680145430249,0.7214793480151211,0.7672566810709288,0.7318028658646345,0.796158321975761,1,1,5,0,available
ordinary_group_holdout_descriptive,D+P+F+H+SC+BC,all,values_plus_missing,0.7434468915905583,0.7189751604104311,0.7679186227706857,0.7303482764310573,0.7953456766533851,1,1,5,0,available
ordinary_group_holdout_descriptive,R+P+F+H+SC+BC,25,values_plus_missing,0.7274989515708052,0.7241421886298524,0.7308557145117582,0.7134416626665067,0.7799940670439374,1,1,5,0,available
ordinary_group_holdout_descriptive,R+P+F+H+SC+BC,50,values_plus_missing,0.737490184162104,0.7407750592671921,0.7342053090570159,0.7248318057722309,0.7941627025539355,1,1,5,0,available
ordinary_group_holdout_descriptive,R+P+F+H+SC+BC,100,values_plus_missing,0.7355812544581861,0.7443622186524609,0.7268002902639114,0.7235501920076803,0.7979841951133642,1,1,5,0,available
ordinary_group_holdout_descriptive,R+P+F+H+SC+BC,200,values_plus_missing,0.7383650001802715,0.7450693243082442,0.7316606760522988,0.7291538536541462,0.801652135334119,1,1,5,0,available
ordinary_group_holdout_descriptive,R+P+F+H+SC+BC,all,values_plus_missing,0.7524942780874826,0.7547868989757531,0.7502016571992122,0.7331276063542542,0.8009260308638749,1,1,5,0,available
ordinary_group_holdout_descriptive,S+D+R+P+F+H+SC,25,values_plus_missing,0.764745326150909,0.7706631266533029,0.7588275256485151,0.7534107614304573,0.8156959147543313,1,1,5,0,available
ordinary_group_holdout_descriptive,S+D+R+P+F+H+SC,50,values_plus_missing,0.7803775365574854,0.7816247814665312,0.7791302916484396,0.7632727184087363,0.8316220880051434,1,1,5,0,available
ordinary_group_holdout_descriptive,S+D+R+P+F+H+SC,100,values_plus_missing,0.780161448236969,0.7862039271951744,0.7741189692787637,0.7681061929977199,0.8361620440883598,1,1,5,0,available
ordinary_group_holdout_descriptive,S+D+R+P+F+H+SC,200,values_plus_missing,0.7802024339087131,0.7775839809246597,0.7828208868927665,0.7649284096363854,0.839815116512938,1,1,5,0,available
ordinary_group_holdout_descriptive,S+D+R+P+F+H+SC,all,values_plus_missing,0.7787338847767289,0.7812119408518,0.7762558287016579,0.765075603024121,0.8401204819645851,1,1,5,0,available
ordinary_group_holdout_descriptive,S+D+R+P+F+H+BC,25,values_plus_missing,0.7663638823670361,0.7565832578191504,0.7761445069149219,0.7479088226029041,0.8107917037583989,1,1,5,0,available
ordinary_group_holdout_descriptive,S+D+R+P+F+H+BC,50,values_plus_missing,0.7849721262869207,0.7708723261114314,0.7990719264624099,0.7632370919836793,0.8277899720582754,1,1,5,0,available
ordinary_group_holdout_descriptive,S+D+R+P+F+H+BC,100,values_plus_missing,0.7833965842480661,0.7760818871223147,0.7907112813738176,0.7668527053582144,0.8325764393644672,1,1,5,0,available
ordinary_group_holdout_descriptive,S+D+R+P+F+H+BC,200,values_plus_missing,0.7890640321452387,0.7745431803827882,0.8035848839076892,0.7703848778951159,0.8372521983282308,1,1,5,0,available
ordinary_group_holdout_descriptive,S+D+R+P+F+H+BC,all,values_plus_missing,0.7917609445220903,0.778665220455648,0.8048566685885326,0.7705320712828513,0.8373731561881185,1,1,5,0,available
ordinary_group_holdout_descriptive,S+D+R+P+F+SC+BC,25,values_plus_missing,0.7615890200405169,0.7630735119129345,0.7601045281680993,0.7463107899315973,0.8107758051949832,1,1,5,0,available
ordinary_group_holdout_descriptive,S+D+R+P+F+SC+BC,50,values_plus_missing,0.7810507981550917,0.7749173142579932,0.7871842820521903,0.7634738202028082,0.8287636606450283,1,1,5,0,available
ordinary_group_holdout_descriptive,S+D+R+P+F+SC+BC,100,values_plus_missing,0.7813727678990852,0.7734514718400747,0.7892940639580956,0.7641802547101884,0.8328341137369455,1,1,5,0,available
ordinary_group_holdout_descriptive,S+D+R+P+F+SC+BC,200,values_plus_missing,0.7817454539587518,0.7745776995176246,0.7889132083998792,0.7636688280031201,0.8366540107855324,1,1,5,0,available
ordinary_group_holdout_descriptive,S+D+R+P+F+SC+BC,all,values_plus_missing,0.7855402614725353,0.7787910865804432,0.7922894363646275,0.7653184252370095,0.8368694262084284,1,1,5,0,available
ordinary_group_holdout_descriptive,S+D+R+P+H+SC+BC,25,values_plus_missing,0.7423141312527918,0.7583838042672378,0.7262444582383457,0.7419090513620545,0.8055105483720727,1,1,5,0,available
ordinary_group_holdout_descriptive,S+D+R+P+H+SC+BC,50,values_plus_missing,0.7572264040857772,0.760509670392033,0.7539431377795215,0.7492837213488539,0.8164429931195395,1,1,5,0,available
ordinary_group_holdout_descriptive,S+D+R+P+H+SC+BC,100,values_plus_missing,0.7527055348711522,0.7576257906106122,0.7477852791316923,0.7508180014700587,0.8262045006643719,1,1,5,0,available
ordinary_group_holdout_descriptive,S+D+R+P+H+SC+BC,200,values_plus_missing,0.7600033472784362,0.7501561221407584,0.769850572416114,0.7518310107404296,0.829750153237087,1,1,5,0,available
ordinary_group_holdout_descriptive,S+D+R+P+H+SC+BC,all,values_plus_missing,0.7585635760685914,0.7507865374229984,0.7663406147141845,0.7514250570022801,0.8306293636802321,1,1,5,0,available
ordinary_group_holdout_descriptive,S+D+R+F+H+SC+BC,25,values_plus_missing,0.7759383734402147,0.7734072067990224,0.7784695400814069,0.7599735239409577,0.8193324048716673,1,1,5,0,available
ordinary_group_holdout_descriptive,S+D+R+F+H+SC+BC,50,values_plus_missing,0.7833501346999503,0.778413126653303,0.7882871427465977,0.7655134330373214,0.8322687941573171,1,1,5,0,available
ordinary_group_holdout_descriptive,S+D+R+F+H+SC+BC,100,values_plus_missing,0.7837623081606805,0.7824964599866363,0.7850281563347247,0.7674475729029162,0.8364033114596671,1,1,5,0,available
ordinary_group_holdout_descriptive,S+D+R+F+H+SC+BC,200,values_plus_missing,0.7837555579836998,0.7749518333928295,0.7925592825745701,0.7672586590963639,0.8397499338600245,1,1,5,0,available
ordinary_group_holdout_descriptive,S+D+R+F+H+SC+BC,all,values_plus_missing,0.7844047924638167,0.7777018333928294,0.7911077515348038,0.7680227521600864,0.8405909312251889,1,1,5,0,available
ordinary_group_holdout_descriptive,S+D+P+F+H+SC+BC,25,values_plus_missing,0.7503649290973005,0.7499835356198113,0.7507463225747896,0.744983705598224,0.8082369311496859,1,1,5,0,available
ordinary_group_holdout_descriptive,S+D+P+F+H+SC+BC,50,values_plus_missing,0.7651239579178211,0.7597056594447649,0.7705422563908773,0.7594742852214089,0.8252594496305541,1,1,5,0,available
ordinary_group_holdout_descriptive,S+D+P+F+H+SC+BC,100,values_plus_missing,0.7763466330191107,0.7655250592671922,0.7871682067710292,0.7634958523340933,0.8291227344271601,1,1,5,0,available
ordinary_group_holdout_descriptive,S+D+P+F+H+SC+BC,200,values_plus_missing,0.7789659303487999,0.7645735119129345,0.7933583487846652,0.7608969983799352,0.8303161460253738,1,1,5,0,available
ordinary_group_holdout_descriptive,S+D+P+F+H+SC+BC,all,values_plus_missing,0.7758147722494729,0.7730756057152796,0.7785539387836663,0.7597785161406456,0.830713657028021,1,1,5,0,available
ordinary_group_holdout_descriptive,S+R+P+F+H+SC+BC,25,values_plus_missing,0.7673812965308096,0.7737872605285077,0.7609753325331116,0.7531520010800432,0.8129086980845959,1,1,5,0,available
ordinary_group_holdout_descriptive,S+R+P+F+H+SC+BC,50,values_plus_missing,0.7813378089818312,0.7785822486750694,0.7840933692885931,0.7615017100684027,0.8274974025811914,1,1,5,0,available
ordinary_group_holdout_descriptive,S+R+P+F+H+SC+BC,100,values_plus_missing,0.7751168803828035,0.7783747814665313,0.7718589792990757,0.7604947947917917,0.8323806407675074,1,1,5,0,available
ordinary_group_holdout_descriptive,S+R+P+F+H+SC+BC,200,values_plus_missing,0.7783311745150598,0.7775452741851333,0.7791170748449864,0.7627036331453259,0.8359577534772171,1,1,5,0,available
ordinary_group_holdout_descriptive,S+R+P+F+H+SC+BC,all,values_plus_missing,0.7788031031077602,0.7827994617898234,0.7748067444256971,0.7637363307032281,0.8363352786405646,1,1,5,0,available
ordinary_group_holdout_descriptive,D+R+P+F+H+SC+BC,25,values_plus_missing,0.7506892600508719,0.7242962924824486,0.777082227619295,0.7278488014520581,0.7910413666100328,1,1,5,0,available
ordinary_group_holdout_descriptive,D+R+P+F+H+SC+BC,50,values_plus_missing,0.7591642570803578,0.7448492942856358,0.77347921987508,0.738273749699988,0.8065252754518252,1,1,5,0,available
ordinary_group_holdout_descriptive,D+R+P+F+H+SC+BC,100,values_plus_missing,0.7579623138902167,0.7479288015670337,0.7679958262133998,0.7395173931957278,0.8110753912325219,1,1,5,0,available
ordinary_group_holdout_descriptive,D+R+P+F+H+SC+BC,200,values_plus_missing,0.7625968174676159,0.7485710565578346,0.7766225783773972,0.7439191317652706,0.8136125042950069,1,1,5,0,available
ordinary_group_holdout_descriptive,D+R+P+F+H+SC+BC,all,values_plus_missing,0.7702574608843002,0.7519389090260044,0.7885760127425963,0.746185628675147,0.8128603197365442,1,1,5,0,available
ordinary_group_holdout_descriptive,S+D+R+P+F+H+SC+BC,25,values_plus_missing,0.7666334225342948,0.767284805173408,0.7659820398951814,0.7539540644125765,0.8163436080479878,1,1,5,0,available
ordinary_group_holdout_descriptive,S+D+R+P+F+H+SC+BC,50,values_plus_missing,0.7821999322098567,0.7811631266533029,0.7832367377664107,0.7668784876395056,0.8323228584953286,1,1,5,0,available
ordinary_group_holdout_descriptive,S+D+R+P+F+H+SC+BC,100,values_plus_missing,0.7789684986044083,0.782163126653303,0.7757738705555136,0.7681540074102964,0.837684278174374,1,1,5,0,available
ordinary_group_holdout_descriptive,S+D+R+P+F+H+SC+BC,200,values_plus_missing,0.7829778449956335,0.7774190465075835,0.7885366434836834,0.767421790621625,0.8415765709532668,1,1,5,0,available
ordinary_group_holdout_descriptive,S+D+R+P+F+H+SC+BC,all,values_plus_missing,0.7837134150741178,0.7800410865804431,0.7873857435677927,0.7682913566542662,0.8420278973235776,1,1,5,0,available
