fold_type,combination,quantity,feature_mode,macro_equal_group_equal_source_BA,macro_ai_recall,macro_human_recall,macro_recording_weighted_within_experiment_BA,descriptive_mean_single_model_fold_auc,available_held_source_experiments,intended_held_source_experiments,eligible_model_count,omitted_model_count,status
human_source_holdout,S,25,values_plus_missing,0.5972042934813084,0.6659369254803206,0.5284716614822963,0.5892399465189342,0.642787775308325,6,6,28,2,available
human_source_holdout,S,50,values_plus_missing,0.6062010984184928,0.6598222426049755,0.55257995423201,0.5990160050960561,0.6551967982810379,6,6,28,2,available
human_source_holdout,S,100,values_plus_missing,0.606279268551782,0.6674035971575333,0.545154939946031,0.5986910954434836,0.657415435867966,6,6,28,2,available
human_source_holdout,S,200,values_plus_missing,0.6108687446245062,0.6751364665963946,0.5466010226526178,0.6016492702072401,0.6596253522379498,6,6,28,2,available
human_source_holdout,S,all,values_plus_missing,0.6094955464032571,0.6747095898203752,0.5442815029861391,0.5985277428093541,0.6597889543937716,6,6,28,2,available
human_source_holdout,D,25,values_plus_missing,0.6220010479703941,0.5208042859839221,0.7231978099568662,0.6129604102840704,0.6686907529072663,6,6,28,2,available
human_source_holdout,D,50,values_plus_missing,0.6213507876179761,0.535971567291967,0.706730007943985,0.6128622313101685,0.6675516930808743,6,6,28,2,available
human_source_holdout,D,100,values_plus_missing,0.6220971851306292,0.5265447868382335,0.7176495834230251,0.6128520200672215,0.6672934877567656,6,6,28,2,available
human_source_holdout,D,200,values_plus_missing,0.6239753037621243,0.5418543139960602,0.7060962935281884,0.612260344954411,0.666954638100446,6,6,28,2,available
human_source_holdout,D,all,values_plus_missing,0.6239558285831052,0.536944717943847,0.7109669392223634,0.6138191805169616,0.6669676519447194,6,6,28,2,available
human_source_holdout,R,25,values_plus_missing,0.6112002817152042,0.7563311561579319,0.46606940727247664,0.6127709219976507,0.6515375916554447,6,6,28,2,available
human_source_holdout,R,50,values_plus_missing,0.6120938090436905,0.7549362727782092,0.46925134530917184,0.6166329957934577,0.6465527353724808,6,6,28,2,available
human_source_holdout,R,100,values_plus_missing,0.6122434644803937,0.7500245866351065,0.47446234232568085,0.614447346264463,0.6512227573679149,6,6,28,2,available
human_source_holdout,R,200,values_plus_missing,0.6154919872797295,0.73554809328901,0.49543588127044896,0.6175089757034258,0.650874951659611,6,6,28,2,available
human_source_holdout,R,all,values_plus_missing,0.6144339963411912,0.7295113174533244,0.49935667522905813,0.6158857999362632,0.6505072546546881,6,6,28,2,available
human_source_holdout,P,25,values_plus_missing,0.543766423490886,0.18724037053878287,0.9002924764429893,0.5468362161208133,0.5467684341651459,6,6,28,2,available
human_source_holdout,P,50,values_plus_missing,0.5463738859171359,0.19102041963017116,0.9017273522041004,0.5499438580603911,0.5515177555697343,6,6,28,2,available
human_source_holdout,P,100,values_plus_missing,0.545720609699681,0.1943925613635462,0.8970486580358156,0.5491172948435409,0.5503259326877576,6,6,28,2,available
human_source_holdout,P,200,values_plus_missing,0.5454888996851297,0.19891322084195293,0.8920645785283065,0.5490989414037056,0.5535304720162932,6,6,28,2,available
human_source_holdout,P,all,values_plus_missing,0.5447712772611667,0.20068012960644988,0.8888624249158835,0.5485192840479772,0.5517577930832942,6,6,28,2,available
human_source_holdout,F,25,values_plus_missing,0.6133007131992642,0.6093242175663653,0.617277208832163,0.6002215794642632,0.6383499938580518,6,6,28,2,available
human_source_holdout,F,50,values_plus_missing,0.6014908945273786,0.6038534030768602,0.599128385977897,0.5892152809257551,0.6203391208313503,6,6,28,2,available
human_source_holdout,F,100,values_plus_missing,0.5976518690485547,0.6120029685151359,0.5833007695819735,0.5850505342162811,0.623590441218455,6,6,28,2,available
human_source_holdout,F,200,values_plus_missing,0.5942362420771626,0.614113608525355,0.5743588756289701,0.5822643503256413,0.622479902437835,6,6,28,2,available
human_source_holdout,F,all,values_plus_missing,0.5927047457081253,0.6184507511758315,0.566958740240419,0.5794612288168214,0.6276750912665806,6,6,28,2,available
human_source_holdout,H,25,values_plus_missing,0.5691232019176615,0.6032022697246268,0.5350441341106963,0.577549873695879,0.6033968908264347,6,6,28,2,available
human_source_holdout,H,50,values_plus_missing,0.5810605354925398,0.6271032450363558,0.5350178259487238,0.5833374093903378,0.5993328370956148,6,6,28,2,available
human_source_holdout,H,100,values_plus_missing,0.5719766469781552,0.6360007415957202,0.5079525523605902,0.5805547808066446,0.6033056144576218,6,6,28,2,available
human_source_holdout,H,200,values_plus_missing,0.5758735068891174,0.6250551412316052,0.5266918725466297,0.5765970445958184,0.5995042947560683,6,6,28,2,available
human_source_holdout,H,all,values_plus_missing,0.5751452451206885,0.6167491562384279,0.5335413340029492,0.5735532529350483,0.5978673282074763,6,6,28,2,available
human_source_holdout,SC,25,values_plus_missing,0.580441354188672,0.673319452769876,0.4875632556074682,0.5801284462238717,0.5855460250727751,6,6,28,2,available
human_source_holdout,SC,50,values_plus_missing,0.6034600659714616,0.668210777595958,0.5387093543469653,0.596108745898737,0.5979292408156207,6,6,28,2,available
human_source_holdout,SC,100,values_plus_missing,0.6094140007922807,0.6730186498999545,0.5458093516846069,0.6036254768217091,0.6097514885936145,6,6,28,2,available
human_source_holdout,SC,200,values_plus_missing,0.6038884745392051,0.6776743658649572,0.5301025832134529,0.5990395491473154,0.6021543830712686,6,6,28,2,available
human_source_holdout,SC,all,values_plus_missing,0.6027722816565713,0.6818687837053851,0.5236757796077575,0.5975214205011045,0.6005239669511013,6,6,28,2,available
human_source_holdout,BC,25,values_plus_missing,0.4675750754958579,0.501569902986386,0.4335802480053299,0.4760651606165089,0.46704157096648824,6,6,28,2,available
human_source_holdout,BC,50,values_plus_missing,0.47896067601452436,0.3435216601662106,0.6143996918628382,0.4894580398574704,0.47599446556777714,6,6,28,2,available
human_source_holdout,BC,100,values_plus_missing,0.459635928922496,0.49348959565719647,0.4257822621877956,0.46580259030211774,0.4561901646420493,6,6,28,2,available
human_source_holdout,BC,200,values_plus_missing,0.45945176313705494,0.5521260761371668,0.36677745013694313,0.46784875269934584,0.46886416636009154,6,6,28,2,available
human_source_holdout,BC,all,values_plus_missing,0.4595835825262106,0.5578723501541311,0.3612948148982902,0.4703167009358158,0.4690002118350252,6,6,28,2,available
human_source_holdout,S+D,25,values_plus_missing,0.6080833993956744,0.6734301953061932,0.5427366034851554,0.5992249477823943,0.666383037672866,6,6,28,2,available
human_source_holdout,S+D,50,values_plus_missing,0.6208356507923637,0.6709581417598905,0.5707131598248366,0.6121315542207236,0.6758168140068588,6,6,28,2,available
human_source_holdout,S+D,100,values_plus_missing,0.6169984593017366,0.673935102139874,0.5600618164635992,0.6102093497297214,0.6775567330252235,6,6,28,2,available
human_source_holdout,S+D,200,values_plus_missing,0.6206360315049131,0.680317963484951,0.5609540995248753,0.6123803483309217,0.6799517400351824,6,6,28,2,available
human_source_holdout,S+D,all,values_plus_missing,0.6195663998716581,0.6793610019961706,0.5597717977471455,0.6095853277747555,0.6799378845483698,6,6,28,2,available
human_source_holdout,S+R,25,values_plus_missing,0.6242192751210351,0.7102595218429283,0.5381790283991419,0.6199581586824593,0.6907943474910402,6,6,28,2,available
human_source_holdout,S+R,50,values_plus_missing,0.633230681828164,0.7027170381788688,0.5637443254774595,0.6260916527368545,0.698088021375823,6,6,28,2,available
human_source_holdout,S+R,100,values_plus_missing,0.6330257431984999,0.7140110555955544,0.5520404308014454,0.6292843246378249,0.7075510735764224,6,6,28,2,available
human_source_holdout,S+R,200,values_plus_missing,0.6382884052740709,0.7139173246351547,0.5626594859129873,0.635800781591194,0.7124015905203688,6,6,28,2,available
human_source_holdout,S+R,all,values_plus_missing,0.635284900866896,0.7141395237367028,0.5564302779970894,0.6294886874664315,0.7135135197940211,6,6,28,2,available
human_source_holdout,S+P,25,values_plus_missing,0.5901212898331792,0.6617273326200379,0.5185152470463205,0.5830880287484774,0.636374499658611,6,6,28,2,available
human_source_holdout,S+P,50,values_plus_missing,0.6051823898240057,0.6560928102932787,0.554271969354733,0.5976592225706283,0.6545718620412283,6,6,28,2,available
human_source_holdout,S+P,100,values_plus_missing,0.6090494183760057,0.6683353767018162,0.5497634600501952,0.6022202554294714,0.6641835229793074,6,6,28,2,available
human_source_holdout,S+P,200,values_plus_missing,0.6145459272716719,0.6777213325800644,0.5513705219632794,0.6053356820205336,0.6665450189307309,6,6,28,2,available
human_source_holdout,S+P,all,values_plus_missing,0.6116357410376626,0.67734214106074,0.5459293410145852,0.6024868968786815,0.6665742056789357,6,6,28,2,available
human_source_holdout,S+F,25,values_plus_missing,0.6526456522793372,0.7205516860952986,0.5847396184633757,0.6382528344227868,0.701882615665905,6,6,28,2,available
human_source_holdout,S+F,50,values_plus_missing,0.6513772379618529,0.7167817483333785,0.5859727275903271,0.6449445293155011,0.7034858447167073,6,6,28,2,available
human_source_holdout,S+F,100,values_plus_missing,0.6457202848935827,0.7234871904995507,0.5679533792876147,0.635087533014352,0.7032929838683513,6,6,28,2,available
human_source_holdout,S+F,200,values_plus_missing,0.6464172033537722,0.7263562243556262,0.5664781823519183,0.6305698116671551,0.7058385523763009,6,6,28,2,available
human_source_holdout,S+F,all,values_plus_missing,0.6562785674384208,0.7296487819632901,0.5829083529135516,0.6392865435126732,0.70891636410464,6,6,28,2,available
human_source_holdout,S+H,25,values_plus_missing,0.5935523247794993,0.686911091619666,0.5001935579393325,0.587780167670679,0.6422468355280764,6,6,28,2,available
human_source_holdout,S+H,50,values_plus_missing,0.6042756714903157,0.6775700457979977,0.5309812971826336,0.5990520066812665,0.646678720599664,6,6,28,2,available
human_source_holdout,S+H,100,values_plus_missing,0.6013449177355646,0.6890250016452905,0.5136648338258388,0.5964684667753816,0.6570710447085368,6,6,28,2,available
human_source_holdout,S+H,200,values_plus_missing,0.6098462335742318,0.6929488986562244,0.5267435684922391,0.6011881577040428,0.6593844544955854,6,6,28,2,available
human_source_holdout,S+H,all,values_plus_missing,0.6020095109093065,0.6915792453729139,0.5124397764456992,0.5936815194332615,0.6606534758704576,6,6,28,2,available
human_source_holdout,S+SC,25,values_plus_missing,0.6023456872592597,0.6902858387621911,0.5144055357563286,0.5929305088055236,0.6363135127693302,6,6,28,2,available
human_source_holdout,S+SC,50,values_plus_missing,0.6165337845038418,0.6834081093002012,0.5496594597074823,0.6046553054807178,0.6477545070422762,6,6,28,2,available
human_source_holdout,S+SC,100,values_plus_missing,0.61305809777576,0.6850630863807757,0.5410531091707443,0.6022916979112088,0.6552587671957065,6,6,28,2,available
human_source_holdout,S+SC,200,values_plus_missing,0.6103762103179377,0.683087878877223,0.5376645417586523,0.6029292859464411,0.6543907308824378,6,6,28,2,available
human_source_holdout,S+SC,all,values_plus_missing,0.6113842199071807,0.6854352219175249,0.5373332178968365,0.6020566936535504,0.6537950037267144,6,6,28,2,available
human_source_holdout,S+BC,25,values_plus_missing,0.5935433337055845,0.6698094136064737,0.5172772538046954,0.583692093519102,0.6358322023245249,6,6,28,2,available
human_source_holdout,S+BC,50,values_plus_missing,0.6034145597128425,0.6600414606429282,0.5467876587827568,0.5960321452407678,0.650850190853042,6,6,28,2,available
human_source_holdout,S+BC,100,values_plus_missing,0.6034936864114098,0.6683449459799583,0.5386424268428612,0.5951521634383122,0.6534816171984126,6,6,28,2,available
human_source_holdout,S+BC,200,values_plus_missing,0.6079973643162498,0.6760774710403026,0.539917257592197,0.5983669311120688,0.6563727953334325,6,6,28,2,available
human_source_holdout,S+BC,all,values_plus_missing,0.6085312539075424,0.6767768115344565,0.5402856962806282,0.5969255542961328,0.6557386079020143,6,6,28,2,available
human_source_holdout,D+R,25,values_plus_missing,0.6545629863696417,0.649086523704036,0.6600394490352474,0.6515929393695895,0.7052136349265632,6,6,28,2,available
human_source_holdout,D+R,50,values_plus_missing,0.6624554305372229,0.6680452015432352,0.6568656595312105,0.6545008857997309,0.7041174672362608,6,6,28,2,available
human_source_holdout,D+R,100,values_plus_missing,0.6621616807815862,0.6671884246521352,0.6571349369110372,0.6524744954985968,0.7118821690542985,6,6,28,2,available
human_source_holdout,D+R,200,values_plus_missing,0.6580125118011958,0.6654217508484636,0.6506032727539279,0.6513152298298349,0.7098477701710099,6,6,28,2,available
human_source_holdout,D+R,all,values_plus_missing,0.6600617043812241,0.6583682615835366,0.6617551471789116,0.6502577828915209,0.7097797955330023,6,6,28,2,available
human_source_holdout,D+P,25,values_plus_missing,0.6258171538566085,0.5074775686739826,0.7441567390392344,0.6193842072958856,0.6642241413798083,6,6,28,2,available
human_source_holdout,D+P,50,values_plus_missing,0.6227477397624963,0.532010507655745,0.7134849718692476,0.6164660402384522,0.6704629695591785,6,6,28,2,available
human_source_holdout,D+P,100,values_plus_missing,0.6316003208016479,0.5358181082081098,0.7273825333951859,0.6243430772974778,0.6725326628768692,6,6,28,2,available
human_source_holdout,D+P,200,values_plus_missing,0.6288687995500674,0.5547925944308979,0.7029450046692367,0.6231704518847768,0.6717895631121197,6,6,28,2,available
human_source_holdout,D+P,all,values_plus_missing,0.6314206066816019,0.5456363439563214,0.7172048694068823,0.6262110830169546,0.6711535365812725,6,6,28,2,available
human_source_holdout,D+F,25,values_plus_missing,0.637208376592251,0.6190245791638088,0.6553921740206933,0.6300055799365486,0.665642236807846,6,6,28,2,available
human_source_holdout,D+F,50,values_plus_missing,0.6187539203189069,0.6337887260243347,0.6037191146134792,0.6136975609453877,0.6482310098466998,6,6,28,2,available
human_source_holdout,D+F,100,values_plus_missing,0.6215375037381937,0.6358501195488813,0.6072248879275063,0.611094224677951,0.6515632933463014,6,6,28,2,available
human_source_holdout,D+F,200,values_plus_missing,0.6180516977455071,0.6410410103114804,0.5950623851795337,0.6058624422937249,0.6505645884180007,6,6,28,2,available
human_source_holdout,D+F,all,values_plus_missing,0.6237778609870649,0.6421107696500291,0.6054449523241007,0.6081723944668872,0.6525623156725685,6,6,28,2,available
human_source_holdout,D+H,25,values_plus_missing,0.6380467889838508,0.6033321036603768,0.6727614743073249,0.6316492659276622,0.6733378953730577,6,6,28,2,available
human_source_holdout,D+H,50,values_plus_missing,0.6259728023968271,0.6136822156672233,0.638263389126431,0.619859405779274,0.6688240785099072,6,6,28,2,available
human_source_holdout,D+H,100,values_plus_missing,0.6312654624058888,0.6093755810988685,0.6531553437129091,0.625074111988878,0.6733143104252363,6,6,28,2,available
human_source_holdout,D+H,200,values_plus_missing,0.6284866668718704,0.6283168966404775,0.6286564371032634,0.6239026053999647,0.6688801839536556,6,6,28,2,available
human_source_holdout,D+H,all,values_plus_missing,0.6315550368586981,0.6191985184289477,0.6439115552884483,0.6244977055077331,0.6687713623563168,6,6,28,2,available
human_source_holdout,D+SC,25,values_plus_missing,0.6116146959845543,0.6108461013748319,0.6123832905942767,0.6035322593991691,0.6538627546063093,6,6,28,2,available
human_source_holdout,D+SC,50,values_plus_missing,0.6145943181277244,0.6152902180476966,0.6138984182077522,0.605843189891492,0.6559755436783148,6,6,28,2,available
human_source_holdout,D+SC,100,values_plus_missing,0.6126893010342335,0.6098636705584375,0.6155149315100296,0.6033056283978651,0.6601718120079184,6,6,28,2,available
human_source_holdout,D+SC,200,values_plus_missing,0.6100795265118957,0.6146516193030214,0.6055074337207699,0.5961388851143358,0.6566254794710323,6,6,28,2,available
human_source_holdout,D+SC,all,values_plus_missing,0.6089918134887796,0.6135006481350754,0.6044829788424836,0.5974613122239795,0.6561500795484919,6,6,28,2,available
human_source_holdout,D+BC,25,values_plus_missing,0.6123866714197502,0.5270111935362127,0.6977621493032878,0.6059175689952415,0.6576036770901137,6,6,28,2,available
human_source_holdout,D+BC,50,values_plus_missing,0.6064909619220902,0.5396363539497095,0.6733455698944709,0.6035703182522462,0.6573239322402935,6,6,28,2,available
human_source_holdout,D+BC,100,values_plus_missing,0.6068983946471727,0.529399410787106,0.6843973785072395,0.6000593084013092,0.6575021856645302,6,6,28,2,available
human_source_holdout,D+BC,200,values_plus_missing,0.6079008440113235,0.5442110356246549,0.6715906523979923,0.6011852466477042,0.6575482874050579,6,6,28,2,available
human_source_holdout,D+BC,all,values_plus_missing,0.6074410521864375,0.5402563788698767,0.6746257255029985,0.6032787284781277,0.6576189146577869,6,6,28,2,available
human_source_holdout,R+P,25,values_plus_missing,0.6119412202685217,0.6715467893225763,0.5523356512144671,0.6055445968434541,0.6550878252822604,6,6,28,2,available
human_source_holdout,R+P,50,values_plus_missing,0.6145710237106117,0.7074460742053574,0.5216959732158659,0.6146685423468632,0.6566736048942666,6,6,28,2,available
human_source_holdout,R+P,100,values_plus_missing,0.6188478805341638,0.724797495640971,0.5128982654273567,0.6174186464829843,0.6593647797796479,6,6,28,2,available
human_source_holdout,R+P,200,values_plus_missing,0.6149661295937349,0.7138809783021554,0.5160512808853145,0.6165867317548718,0.6610507723898396,6,6,28,2,available
human_source_holdout,R+P,all,values_plus_missing,0.6113035333353237,0.7068436173600894,0.515763449310558,0.6126036867879918,0.6603725244035895,6,6,28,2,available
human_source_holdout,R+F,25,values_plus_missing,0.6323722705667988,0.663583745698957,0.6011607954346406,0.6102030931445611,0.6736064993183797,6,6,28,2,available
human_source_holdout,R+F,50,values_plus_missing,0.6367436111872792,0.6770831722844237,0.5964040500901346,0.6183425001358338,0.6696963024235841,6,6,28,2,available
human_source_holdout,R+F,100,values_plus_missing,0.6330846932210189,0.6914498139238966,0.5747195725181411,0.613389711005952,0.6753086894085054,6,6,28,2,available
human_source_holdout,R+F,200,values_plus_missing,0.6378608501481632,0.6890864261312606,0.5866352741650657,0.619621336086222,0.6791715498673817,6,6,28,2,available
human_source_holdout,R+F,all,values_plus_missing,0.6485726428728086,0.689545035948114,0.6076002497975033,0.6232510730967653,0.6831942327630295,6,6,28,2,available
human_source_holdout,R+H,25,values_plus_missing,0.6464764247030806,0.7139831538395778,0.5789696955665834,0.6450124132691993,0.6821488346657215,6,6,28,2,available
human_source_holdout,R+H,50,values_plus_missing,0.6438314798056343,0.7265975098724459,0.5610654497388224,0.6341649240547494,0.6698197980605645,6,6,28,2,available
human_source_holdout,R+H,100,values_plus_missing,0.6520893355604321,0.7398354051273347,0.5643432659935295,0.6430597511667598,0.6838543327174268,6,6,28,2,available
human_source_holdout,R+H,200,values_plus_missing,0.6417592174000776,0.721621408435318,0.5618970263648372,0.6376405562931843,0.6807195586923551,6,6,28,2,available
human_source_holdout,R+H,all,values_plus_missing,0.649557494734463,0.7199091828340493,0.5792058066348765,0.6411045646532415,0.6804449411553044,6,6,28,2,available
human_source_holdout,R+SC,25,values_plus_missing,0.6195131014335389,0.748555720122643,0.49047048274443467,0.6104584251988265,0.650631283672088,6,6,28,2,available
human_source_holdout,R+SC,50,values_plus_missing,0.6090076814025258,0.7484723868786901,0.46954297592636146,0.6123379648571228,0.6531526434179875,6,6,28,2,available
human_source_holdout,R+SC,100,values_plus_missing,0.6143045674537392,0.7426833362156208,0.48592579869185765,0.6122494271831455,0.6637862630482322,6,6,28,2,available
human_source_holdout,R+SC,200,values_plus_missing,0.601485121583671,0.7368830817930182,0.46608716137432366,0.6067081922851014,0.6622769688560327,6,6,28,2,available
human_source_holdout,R+SC,all,values_plus_missing,0.6060453998629484,0.73784889375056,0.47424190597533666,0.6098014471959211,0.6641130553495094,6,6,28,2,available
human_source_holdout,R+BC,25,values_plus_missing,0.6025550987061165,0.7490117724483687,0.4560984249638644,0.6058371661159828,0.6390969309226495,6,6,28,2,available
human_source_holdout,R+BC,50,values_plus_missing,0.5962740967907837,0.7408955025682441,0.4516526910133234,0.6037308257902513,0.6360844742059764,6,6,28,2,available
human_source_holdout,R+BC,100,values_plus_missing,0.6088660083232758,0.7438795520543775,0.47385246459217406,0.608919044921325,0.6433705451275074,6,6,28,2,available
human_source_holdout,R+BC,200,values_plus_missing,0.6012244643477045,0.7326728433728915,0.46977608532251747,0.6093541738437555,0.6424296655095061,6,6,28,2,available
human_source_holdout,R+BC,all,values_plus_missing,0.6053869316039928,0.7267194118381947,0.48405445136979103,0.6047724773365069,0.6425962520841118,6,6,28,2,available
human_source_holdout,P+F,25,values_plus_missing,0.6285165239596744,0.6144977404640869,0.6425353074552619,0.6148207963771726,0.642599197396909,6,6,28,2,available
human_source_holdout,P+F,50,values_plus_missing,0.6165089341629311,0.6111896120864704,0.6218282562393919,0.6038780100308676,0.6357285122130715,6,6,28,2,available
human_source_holdout,P+F,100,values_plus_missing,0.6162489943402293,0.6230795899955616,0.6094183986848968,0.6029803905834362,0.6363376835629878,6,6,28,2,available
human_source_holdout,P+F,200,values_plus_missing,0.61271757946484,0.6287417751384705,0.5966933837912093,0.6008214531553262,0.6382418843587316,6,6,28,2,available
human_source_holdout,P+F,all,values_plus_missing,0.620817322003648,0.6310827434064946,0.6105519006008014,0.6079176911480997,0.6423003449949544,6,6,28,2,available
human_source_holdout,P+H,25,values_plus_missing,0.6000163326425982,0.5691068457543587,0.6309258195308378,0.5888731306903933,0.617907279328432,6,6,28,2,available
human_source_holdout,P+H,50,values_plus_missing,0.5868763443899134,0.5990847606298093,0.5746679281500175,0.5901390159452523,0.61604379382769,6,6,28,2,available
human_source_holdout,P+H,100,values_plus_missing,0.5952769305825067,0.6177454457224885,0.572808415442525,0.5936525641145743,0.6240261445779608,6,6,28,2,available
human_source_holdout,P+H,200,values_plus_missing,0.5930296789247423,0.6151236762607505,0.5709356815887343,0.5914848665020652,0.6204072529984309,6,6,28,2,available
human_source_holdout,P+H,all,values_plus_missing,0.5869120808858467,0.6063940625115011,0.5674300992601923,0.5873775492626937,0.6184253280122091,6,6,28,2,available
human_source_holdout,P+SC,25,values_plus_missing,0.5866648997403635,0.6302084834878353,0.5431213159928917,0.5866993885572945,0.6088882262662889,6,6,28,2,available
human_source_holdout,P+SC,50,values_plus_missing,0.6048080197550509,0.6421798492165314,0.5674361902935706,0.5989663320006205,0.6182185148770059,6,6,28,2,available
human_source_holdout,P+SC,100,values_plus_missing,0.6013744111656943,0.645599087608813,0.5571497347225757,0.5994357744043574,0.6286311655983202,6,6,28,2,available
human_source_holdout,P+SC,200,values_plus_missing,0.5980638045448364,0.6501722276025769,0.5459553814870959,0.5936773653582305,0.6230973605960066,6,6,28,2,available
human_source_holdout,P+SC,all,values_plus_missing,0.5974913648928886,0.6522536824220743,0.5427290473637029,0.594230047348773,0.621545319729931,6,6,28,2,available
human_source_holdout,P+BC,25,values_plus_missing,0.5252054906764899,0.23934993484253167,0.8110610465104483,0.5356717476217697,0.5265596800386165,6,6,28,2,available
human_source_holdout,P+BC,50,values_plus_missing,0.5261329963143491,0.2487080016936597,0.8035579909350384,0.5366327658908366,0.5370579084800615,6,6,28,2,available
human_source_holdout,P+BC,100,values_plus_missing,0.517627745114427,0.25315650402178735,0.7820989862070666,0.5280443088352239,0.5171801116804303,6,6,28,2,available
human_source_holdout,P+BC,200,values_plus_missing,0.5134449964830922,0.25286037945966816,0.7740296135065162,0.5266233499202139,0.527319560752718,6,6,28,2,available
human_source_holdout,P+BC,all,values_plus_missing,0.51451389584753,0.24340345900288327,0.7856243326921768,0.5262681901645899,0.5262229650305394,6,6,28,2,available
human_source_holdout,F+H,25,values_plus_missing,0.6241081696044067,0.6522946675906361,0.5959216716181773,0.6206922718976706,0.6623781536910194,6,6,28,2,available
human_source_holdout,F+H,50,values_plus_missing,0.6003094741287581,0.649063471755,0.5515554765025164,0.5993245916291227,0.639174814352919,6,6,28,2,available
human_source_holdout,F+H,100,values_plus_missing,0.6099463084306406,0.6612793732565597,0.5586132436047215,0.6038447144466123,0.6506698815502961,6,6,28,2,available
human_source_holdout,F+H,200,values_plus_missing,0.6111775559052907,0.6702478498201,0.5521072619904813,0.6075185026112714,0.6490411361365325,6,6,28,2,available
human_source_holdout,F+H,all,values_plus_missing,0.6133472391858281,0.6702170686908447,0.5564774096808114,0.6091000500013989,0.651086413812779,6,6,28,2,available
human_source_holdout,F+SC,25,values_plus_missing,0.6271066062752572,0.6474419994238912,0.6067712131266231,0.6125060474017453,0.6675065923963375,6,6,28,2,available
human_source_holdout,F+SC,50,values_plus_missing,0.6190457843510225,0.6561037949411858,0.5819877737608593,0.6057935969541676,0.6536271600697109,6,6,28,2,available
human_source_holdout,F+SC,100,values_plus_missing,0.6162806258814518,0.6644279088292,0.5681333429337038,0.6026755323697291,0.6549275010025946,6,6,28,2,available
human_source_holdout,F+SC,200,values_plus_missing,0.6182728712249707,0.6690572434941536,0.5674884989557876,0.6040939520646306,0.6522208871402595,6,6,28,2,available
human_source_holdout,F+SC,all,values_plus_missing,0.6174557902847646,0.6745200879376387,0.5603914926318905,0.6080129150501944,0.6549277599645053,6,6,28,2,available
human_source_holdout,F+BC,25,values_plus_missing,0.6054872678275877,0.6094785002803714,0.6014960353748039,0.5906080214140069,0.6311792241703434,6,6,28,2,available
human_source_holdout,F+BC,50,values_plus_missing,0.5987733072095415,0.6027656803438651,0.5947809340752179,0.5809079713140649,0.6125666326268384,6,6,28,2,available
human_source_holdout,F+BC,100,values_plus_missing,0.5946672688561107,0.6121963418081328,0.5771381959040888,0.5803580534926366,0.6166870484796637,6,6,28,2,available
human_source_holdout,F+BC,200,values_plus_missing,0.5860525529811159,0.6150422996005245,0.5570628063617072,0.5755234812248292,0.618204669565236,6,6,28,2,available
human_source_holdout,F+BC,all,values_plus_missing,0.5887069183300567,0.6203651587418064,0.5570486779183071,0.5749124869044105,0.6218983455605255,6,6,28,2,available
human_source_holdout,H+SC,25,values_plus_missing,0.5915516277308821,0.6537656406398048,0.5293376148219594,0.5844367594711646,0.6244950195656334,6,6,28,2,available
human_source_holdout,H+SC,50,values_plus_missing,0.5911886692954108,0.6691508904208706,0.513226448169951,0.5849479737326382,0.6159751001533111,6,6,28,2,available
human_source_holdout,H+SC,100,values_plus_missing,0.5906760611082237,0.6759332659360567,0.5054188562803907,0.584890649885484,0.6250380933529119,6,6,28,2,available
human_source_holdout,H+SC,200,values_plus_missing,0.5846506723116731,0.6789989104731577,0.4903024341501885,0.5767234382561972,0.614272558783506,6,6,28,2,available
human_source_holdout,H+SC,all,values_plus_missing,0.5818923683436817,0.6794800493108083,0.4843046873765551,0.574635937175784,0.6098242149684578,6,6,28,2,available
human_source_holdout,H+BC,25,values_plus_missing,0.5675306391669325,0.6031401083443523,0.5319211699895127,0.5678359449463132,0.5924757463081212,6,6,28,2,available
human_source_holdout,H+BC,50,values_plus_missing,0.5689992021708433,0.6231799962739789,0.5148184080677077,0.5711066218792349,0.5890460850076513,6,6,28,2,available
human_source_holdout,H+BC,100,values_plus_missing,0.5693621520556803,0.6381399525923607,0.5005843515189999,0.571410772710156,0.5925844736296035,6,6,28,2,available
human_source_holdout,H+BC,200,values_plus_missing,0.5735553679752621,0.63190306489752,0.5152076710530041,0.574121448126473,0.5895183840763608,6,6,28,2,available
human_source_holdout,H+BC,all,values_plus_missing,0.5676695817331058,0.6227811769719505,0.512557986494261,0.5712846199669378,0.588123557304004,6,6,28,2,available
human_source_holdout,SC+BC,25,values_plus_missing,0.5773817577255449,0.679587570640881,0.4751759448102087,0.5758616768224664,0.5776715801175738,6,6,28,2,available
human_source_holdout,SC+BC,50,values_plus_missing,0.5959582511531377,0.6677918693315618,0.5241246329747137,0.5913153344719438,0.592975198700593,6,6,28,2,available
human_source_holdout,SC+BC,100,values_plus_missing,0.603100213490826,0.674063653280868,0.532136773700784,0.5996100207409182,0.6046116843859904,6,6,28,2,available
human_source_holdout,SC+BC,200,values_plus_missing,0.5993210599212558,0.681864643247108,0.5167774765954037,0.5954267196111137,0.5960201737646181,6,6,28,2,available
human_source_holdout,SC+BC,all,values_plus_missing,0.5973269561517395,0.6852212720346094,0.5094326402688697,0.5936782610658086,0.5933182315575429,6,6,28,2,available
human_source_holdout,S+D+R,25,values_plus_missing,0.6457064007190844,0.7137325368226977,0.577680264615471,0.6356098621179974,0.7038579777332808,6,6,28,2,available
human_source_holdout,S+D+R,50,values_plus_missing,0.6543792983486617,0.7096806259908691,0.5990779707064543,0.6483330042487946,0.7132963574311455,6,6,28,2,available
human_source_holdout,S+D+R,100,values_plus_missing,0.6712611368787565,0.7175457854466587,0.6249764883108543,0.6523309551228567,0.7239290588327709,6,6,28,2,available
human_source_holdout,S+D+R,200,values_plus_missing,0.6636343815458647,0.7174302722078627,0.6098384908838667,0.6578530946424912,0.7301964062594798,6,6,28,2,available
human_source_holdout,S+D+R,all,values_plus_missing,0.662224389158791,0.7171463212959847,0.6073024570215972,0.655396886192492,0.7307877624992283,6,6,28,2,available
human_source_holdout,S+D+P,25,values_plus_missing,0.6039268058447028,0.668319424966986,0.5395341867224196,0.5952290462353802,0.6582937089083997,6,6,28,2,available
human_source_holdout,S+D+P,50,values_plus_missing,0.6248637667695565,0.6697219349656347,0.5800055985734782,0.6117147313870954,0.6765419017944769,6,6,28,2,available
human_source_holdout,S+D+P,100,values_plus_missing,0.6247583706223835,0.6762687140372732,0.573248027207494,0.6160700800688971,0.6843111372205087,6,6,28,2,available
human_source_holdout,S+D+P,200,values_plus_missing,0.624900464257771,0.6866433091646571,0.5631576193508848,0.6196595456325522,0.6871906559903073,6,6,28,2,available
human_source_holdout,S+D+P,all,values_plus_missing,0.6278395064287962,0.6848439574736244,0.5708350553839682,0.616533636204057,0.6871079401587016,6,6,28,2,available
human_source_holdout,S+D+F,25,values_plus_missing,0.6505319901156256,0.714831860492544,0.5862321197387071,0.6380089908491997,0.7030980500944984,6,6,28,2,available
human_source_holdout,S+D+F,50,values_plus_missing,0.6500794891908664,0.7182362027503806,0.5819227756313523,0.6386950504980535,0.7035957884656965,6,6,28,2,available
human_source_holdout,S+D+F,100,values_plus_missing,0.6462937607690943,0.7198840887807512,0.5727034327574374,0.6339641732589566,0.7038719848254409,6,6,28,2,available
human_source_holdout,S+D+F,200,values_plus_missing,0.6452833119526521,0.7285359694212007,0.5620306544841037,0.6323977226784142,0.7086289388020843,6,6,28,2,available
human_source_holdout,S+D+F,all,values_plus_missing,0.653914346974401,0.7290530822225421,0.5787756117262598,0.6346383947281075,0.710933831997237,6,6,28,2,available
human_source_holdout,S+D+H,25,values_plus_missing,0.6067048919745621,0.6918275322011079,0.5215822517480163,0.6000301730850035,0.662493227087028,6,6,28,2,available
human_source_holdout,S+D+H,50,values_plus_missing,0.6145764955735409,0.6876626113499319,0.54149037979715,0.6046521283726316,0.6668054335339864,6,6,28,2,available
human_source_holdout,S+D+H,100,values_plus_missing,0.6112061660411267,0.6890838611001836,0.5333284709820697,0.6018786942457357,0.6750246125109147,6,6,28,2,available
human_source_holdout,S+D+H,200,values_plus_missing,0.6148597159535246,0.695504596673354,0.5342148352336953,0.6043427876724181,0.6781164663964311,6,6,28,2,available
human_source_holdout,S+D+H,all,values_plus_missing,0.6140021997037796,0.6942249605353153,0.5337794388722438,0.6016052998138885,0.6786253321212542,6,6,28,2,available
human_source_holdout,S+D+SC,25,values_plus_missing,0.611913084267313,0.6881387439254071,0.5356874246092188,0.6021012625863935,0.6544128808569157,6,6,28,2,available
human_source_holdout,S+D+SC,50,values_plus_missing,0.6191459126180139,0.678905706455046,0.5593861187809818,0.6094056335361525,0.6634980384636721,6,6,28,2,available
human_source_holdout,S+D+SC,100,values_plus_missing,0.6169333484421196,0.6779027855685023,0.5559639113157367,0.6054453280437644,0.6707320749870705,6,6,28,2,available
human_source_holdout,S+D+SC,200,values_plus_missing,0.6164758105576328,0.6815759714405605,0.5513756496747049,0.604623258292176,0.6703613615712242,6,6,28,2,available
human_source_holdout,S+D+SC,all,values_plus_missing,0.6155074226260612,0.6836854620552463,0.547329383196876,0.6040749800219928,0.6698423188824965,6,6,28,2,available
human_source_holdout,S+D+BC,25,values_plus_missing,0.6096365326935016,0.6767490111255064,0.5425240542614966,0.5991446254355662,0.6597887297158122,6,6,28,2,available
human_source_holdout,S+D+BC,50,values_plus_missing,0.6161401940057118,0.6735398101420773,0.5587405778693463,0.6076262221202516,0.6713399712056323,6,6,28,2,available
human_source_holdout,S+D+BC,100,values_plus_missing,0.615835323452647,0.6745923562292372,0.5570782906760569,0.6051180136944297,0.6733653766549921,6,6,28,2,available
human_source_holdout,S+D+BC,200,values_plus_missing,0.6194382381378428,0.6817435371431144,0.5571329391325711,0.6091127020698405,0.6772619764698272,6,6,28,2,available
human_source_holdout,S+D+BC,all,values_plus_missing,0.6144138055340397,0.6809826850902782,0.5478449259778012,0.6041363641992702,0.6763436989485686,6,6,28,2,available
human_source_holdout,S+R+P,25,values_plus_missing,0.6145995094496087,0.6928741706336674,0.5363248482655499,0.6110858472299342,0.6760022480628034,6,6,28,2,available
human_source_holdout,S+R+P,50,values_plus_missing,0.63121990067716,0.6950436465662578,0.5673961547880624,0.6249918677865088,0.6919684810056734,6,6,28,2,available
human_source_holdout,S+R+P,100,values_plus_missing,0.6324531703498679,0.7083445384688455,0.5565618022308902,0.6271678591019559,0.7068053814238755,6,6,28,2,available
human_source_holdout,S+R+P,200,values_plus_missing,0.638754676610099,0.7115231792269855,0.5659861739932124,0.6358013496458829,0.7126386034024925,6,6,28,2,available
human_source_holdout,S+R+P,all,values_plus_missing,0.6364718974437111,0.7124867936829967,0.5604570012044257,0.6311816908757052,0.71325301099638,6,6,28,2,available
human_source_holdout,S+R+F,25,values_plus_missing,0.6559415463807856,0.7367986081400192,0.575084484621552,0.6460690606090745,0.7218011599057557,6,6,28,2,available
human_source_holdout,S+R+F,50,values_plus_missing,0.6651771863745294,0.7386420055406203,0.5917123672084385,0.6585118002218318,0.7272854461194213,6,6,28,2,available
human_source_holdout,S+R+F,100,values_plus_missing,0.6707476466144566,0.7451203812559503,0.596374911972963,0.6586456252546771,0.730906945583133,6,6,28,2,available
human_source_holdout,S+R+F,200,values_plus_missing,0.6660397962872832,0.7440985672806343,0.5879810252939318,0.6558043499095214,0.7379660100281626,6,6,28,2,available
human_source_holdout,S+R+F,all,values_plus_missing,0.6701892374043509,0.7481211117934339,0.5922573630152679,0.6569122290019435,0.7414497650287795,6,6,28,2,available
human_source_holdout,S+R+H,25,values_plus_missing,0.6209227049291804,0.7218990477934142,0.5199463620649468,0.62584696814215,0.690337134083035,6,6,28,2,available
human_source_holdout,S+R+H,50,values_plus_missing,0.6238678407231855,0.7176796317651847,0.5300560496811861,0.6221309189038785,0.6905476175534763,6,6,28,2,available
human_source_holdout,S+R+H,100,values_plus_missing,0.6433393848659583,0.731239284448297,0.5554394852836195,0.6305518400349664,0.7081834189565026,6,6,28,2,available
human_source_holdout,S+R+H,200,values_plus_missing,0.639382860805124,0.7263641195451839,0.5524016020650641,0.6342354517455372,0.7156604894872596,6,6,28,2,available
human_source_holdout,S+R+H,all,values_plus_missing,0.6414471582879541,0.7264093704677363,0.5564849461081717,0.6339171554656923,0.7173042995486638,6,6,28,2,available
human_source_holdout,S+R+SC,25,values_plus_missing,0.6174881297126894,0.7315730191337441,0.5034032402916346,0.6146858194415921,0.6810485570013025,6,6,28,2,available
human_source_holdout,S+R+SC,50,values_plus_missing,0.637858873778427,0.7243759828960821,0.5513417646607719,0.6318243560720388,0.6917072479843952,6,6,28,2,available
human_source_holdout,S+R+SC,100,values_plus_missing,0.6395320385708464,0.7303143736553658,0.5487497034863269,0.6335966515585588,0.7063060810090701,6,6,28,2,available
human_source_holdout,S+R+SC,200,values_plus_missing,0.6470901299883193,0.7238382207004257,0.570342039276213,0.6413496319062868,0.7088689385955862,6,6,28,2,available
human_source_holdout,S+R+SC,all,values_plus_missing,0.6419762079414192,0.7270242209796637,0.5569281949031747,0.6365602017416092,0.710127997749569,6,6,28,2,available
human_source_holdout,S+R+BC,25,values_plus_missing,0.615685330037056,0.7094144511294873,0.5219562089446247,0.6120442432740801,0.6841550602244736,6,6,28,2,available
human_source_holdout,S+R+BC,50,values_plus_missing,0.6289250495343579,0.7008377100569915,0.5570123890117243,0.6218518858225108,0.694108339016485,6,6,28,2,available
human_source_holdout,S+R+BC,100,values_plus_missing,0.6307455164134298,0.7133600525426128,0.5481309802842467,0.6242590096407461,0.7035698318511969,6,6,28,2,available
human_source_holdout,S+R+BC,200,values_plus_missing,0.6363788326090467,0.7117784276756406,0.5609792375424526,0.6327045187601242,0.708896182872623,6,6,28,2,available
human_source_holdout,S+R+BC,all,values_plus_missing,0.6332449001866899,0.7123050304127351,0.5541847699606447,0.6260802714985921,0.7096097195028355,6,6,28,2,available
human_source_holdout,S+P+F,25,values_plus_missing,0.6495303578760104,0.7153515155402568,0.583709200211764,0.634755102789294,0.693492065990819,6,6,28,2,available
human_source_holdout,S+P+F,50,values_plus_missing,0.6493126093800563,0.715353640005388,0.5832715787547246,0.6416147852772276,0.7019929119114775,6,6,28,2,available
human_source_holdout,S+P+F,100,values_plus_missing,0.6527911704789425,0.7238270309892626,0.5817553099686225,0.6413060620932719,0.70714745855266,6,6,28,2,available
human_source_holdout,S+P+F,200,values_plus_missing,0.6515771955827399,0.7290290891612193,0.5741253020042604,0.6367461292470789,0.7104784802054357,6,6,28,2,available
human_source_holdout,S+P+F,all,values_plus_missing,0.6596151942647541,0.7349857787895987,0.5842446097399095,0.6419927957620338,0.7135869196443433,6,6,28,2,available
human_source_holdout,S+P+H,25,values_plus_missing,0.5920938562243709,0.6756306746555079,0.5085570377932339,0.586005964351608,0.6394186380838195,6,6,28,2,available
human_source_holdout,S+P+H,50,values_plus_missing,0.6035814321670383,0.6713991271726991,0.5357637371613776,0.595148705794556,0.6472737360324475,6,6,28,2,available
human_source_holdout,S+P+H,100,values_plus_missing,0.6031607388044319,0.6877321053308195,0.5185893722780444,0.5992812760280654,0.6647230966352888,6,6,28,2,available
human_source_holdout,S+P+H,200,values_plus_missing,0.6079002690697489,0.6919870606319357,0.5238134775075619,0.6012425830280316,0.6678977104609896,6,6,28,2,available
human_source_holdout,S+P+H,all,values_plus_missing,0.6034406625781015,0.6928805098647003,0.5140008152915028,0.5985259071243126,0.6683116307189901,6,6,28,2,available
human_source_holdout,S+P+SC,25,values_plus_missing,0.6001873584495999,0.6870325693838693,0.5133421475153304,0.5905552257935168,0.6334323677537486,6,6,28,2,available
human_source_holdout,S+P+SC,50,values_plus_missing,0.6142529575692429,0.681313879500443,0.5471920356380429,0.6029085238260224,0.6495490195888717,6,6,28,2,available
human_source_holdout,S+P+SC,100,values_plus_missing,0.6177238019274588,0.6861321230108914,0.5493154808440261,0.6082282844505269,0.6637461087826803,6,6,28,2,available
human_source_holdout,S+P+SC,200,values_plus_missing,0.611367953446851,0.6850650061039198,0.5376709007897823,0.6064379649511654,0.6628879466434733,6,6,28,2,available
human_source_holdout,S+P+SC,all,values_plus_missing,0.6115911453435583,0.6886745610472951,0.5345077296398214,0.6047779988543565,0.6624597178307052,6,6,28,2,available
human_source_holdout,S+P+BC,25,values_plus_missing,0.5870482843245944,0.6630268354595775,0.5110697331896116,0.5777945365824769,0.6296607746392434,6,6,28,2,available
human_source_holdout,S+P+BC,50,values_plus_missing,0.601171969208457,0.6580964620695824,0.5442474763473315,0.5925987812465158,0.650279045842587,6,6,28,2,available
human_source_holdout,S+P+BC,100,values_plus_missing,0.6066319395226833,0.6709453954791739,0.5423184835661928,0.599135865520415,0.6600998512298542,6,6,28,2,available
human_source_holdout,S+P+BC,200,values_plus_missing,0.6114401963607419,0.6776016435675745,0.5452787491539094,0.6023328497512603,0.6630333015690555,6,6,28,2,available
human_source_holdout,S+P+BC,all,values_plus_missing,0.6108878272879181,0.6806656690594984,0.5411099855163378,0.601197628142966,0.6625870669954889,6,6,28,2,available
human_source_holdout,S+F+H,25,values_plus_missing,0.6455902321133151,0.7305160554875288,0.5606644087391014,0.6318804381856881,0.699859948989343,6,6,28,2,available
human_source_holdout,S+F+H,50,values_plus_missing,0.6430013425958115,0.726624876606128,0.559377808585495,0.6364729543807227,0.6971631794118393,6,6,28,2,available
human_source_holdout,S+F+H,100,values_plus_missing,0.6452259822893104,0.7349881902805399,0.5554637742980809,0.6346763265060529,0.7045602745991983,6,6,28,2,available
human_source_holdout,S+F+H,200,values_plus_missing,0.6416650548663893,0.739059340094979,0.5442707696377994,0.6306484491184589,0.7087605991586201,6,6,28,2,available
human_source_holdout,S+F+H,all,values_plus_missing,0.6450313782687304,0.7421758008820606,0.5478869556554004,0.6327791224405651,0.7118659465888214,6,6,28,2,available
human_source_holdout,S+F+SC,25,values_plus_missing,0.6510811705730524,0.7316103972745126,0.5705519438715921,0.6356244948051382,0.6950414345138718,6,6,28,2,available
human_source_holdout,S+F+SC,50,values_plus_missing,0.6586747440820417,0.7265587002335837,0.5907907879304998,0.6471687525057813,0.6975083498096915,6,6,28,2,available
human_source_holdout,S+F+SC,100,values_plus_missing,0.6550361901915854,0.731103356911026,0.5789690234721451,0.6396268435492268,0.7000184918737891,6,6,28,2,available
human_source_holdout,S+F+SC,200,values_plus_missing,0.6562615994436931,0.7351147109868506,0.5774084879005356,0.6426412499544071,0.7028061217737157,6,6,28,2,available
human_source_holdout,S+F+SC,all,values_plus_missing,0.6566377722854819,0.7389391635196562,0.5743363810513077,0.6438531894223148,0.7049290318820312,6,6,28,2,available
human_source_holdout,S+F+BC,25,values_plus_missing,0.650866461577232,0.7233731482540255,0.5783597749004387,0.6389724750149309,0.7010836799202976,6,6,28,2,available
human_source_holdout,S+F+BC,50,values_plus_missing,0.6532483589603076,0.7200100355813598,0.5864866823392556,0.6440378571361667,0.7022189405207582,6,6,28,2,available
human_source_holdout,S+F+BC,100,values_plus_missing,0.6458119348929682,0.7249032411374602,0.566720628648476,0.632432180402027,0.7019325095942487,6,6,28,2,available
human_source_holdout,S+F+BC,200,values_plus_missing,0.6444968389188244,0.7275267207625874,0.5614669570750613,0.6315915535878766,0.7063004197394388,6,6,28,2,available
human_source_holdout,S+F+BC,all,values_plus_missing,0.6523953445576703,0.7319779194576771,0.5728127696576636,0.6358868513167496,0.7086860587883853,6,6,28,2,available
human_source_holdout,S+H+SC,25,values_plus_missing,0.6070413890951617,0.702446945684458,0.5116358325058653,0.5963521881713337,0.6373110561125911,6,6,28,2,available
human_source_holdout,S+H+SC,50,values_plus_missing,0.6079521685132261,0.6976547491030999,0.5182495879233523,0.5979572905274475,0.6397615059094826,6,6,28,2,available
human_source_holdout,S+H+SC,100,values_plus_missing,0.6059127656364132,0.7022064259078632,0.509619105364963,0.5990946600589058,0.6532961299191389,6,6,28,2,available
human_source_holdout,S+H+SC,200,values_plus_missing,0.6082653635456329,0.7018627973146029,0.5146679297766631,0.5984933675689531,0.652950057969459,6,6,28,2,available
human_source_holdout,S+H+SC,all,values_plus_missing,0.6013321631652409,0.7018864481560906,0.500777878174391,0.5913221795976268,0.6530419546971596,6,6,28,2,available
human_source_holdout,S+H+BC,25,values_plus_missing,0.5918118314666828,0.6846615347236824,0.49896212820968316,0.5863649071165082,0.6368463127335324,6,6,28,2,available
human_source_holdout,S+H+BC,50,values_plus_missing,0.6019139212637666,0.6778391458750304,0.5259886966525028,0.5967324483481325,0.6423721661061557,6,6,28,2,available
human_source_holdout,S+H+BC,100,values_plus_missing,0.6006744876909188,0.6904352564304577,0.5109137189513798,0.5936206791221461,0.653315149712795,6,6,28,2,available
human_source_holdout,S+H+BC,200,values_plus_missing,0.6034867018095624,0.6927644416006983,0.5142089620184265,0.5957036865012392,0.6568419712633228,6,6,28,2,available
human_source_holdout,S+H+BC,all,values_plus_missing,0.5990858018229758,0.6913736626876464,0.5067979409583051,0.5908126837578681,0.6571243410094975,6,6,28,2,available
human_source_holdout,S+SC+BC,25,values_plus_missing,0.5982912489881788,0.6951166069610197,0.5014658910153379,0.5903224894433828,0.6315898504751363,6,6,28,2,available
human_source_holdout,S+SC+BC,50,values_plus_missing,0.6126291396984825,0.6847901104894474,0.5404681689075175,0.600788441488476,0.6449301637924905,6,6,28,2,available
human_source_holdout,S+SC+BC,100,values_plus_missing,0.6191247202220932,0.6881502520131128,0.5500991884310736,0.6027704906415581,0.6525273889891647,6,6,28,2,available
human_source_holdout,S+SC+BC,200,values_plus_missing,0.610233909165773,0.688424040262985,0.5320437780685608,0.6015975011774846,0.6525255162140232,6,6,28,2,available
human_source_holdout,S+SC+BC,all,values_plus_missing,0.6076438793249277,0.6897712424204064,0.5255165162294488,0.5986571459710551,0.6510927999942951,6,6,28,2,available
human_source_holdout,D+R+P,25,values_plus_missing,0.6532248782314366,0.6242331095777792,0.682216646885094,0.6477817630921013,0.6986933436264895,6,6,28,2,available
human_source_holdout,D+R+P,50,values_plus_missing,0.6644079746490068,0.6558908591310421,0.6729250901669716,0.6535404377525647,0.7060562241126485,6,6,28,2,available
human_source_holdout,D+R+P,100,values_plus_missing,0.6600528703748092,0.6593082588263709,0.6607974819232475,0.6544835874159823,0.7155537744269435,6,6,28,2,available
human_source_holdout,D+R+P,200,values_plus_missing,0.6621002704989887,0.6623019306905934,0.661898610307384,0.6560988238805321,0.7149305850383841,6,6,28,2,available
human_source_holdout,D+R+P,all,values_plus_missing,0.6634364800441651,0.6558284462217826,0.6710445138665477,0.6561023250519794,0.7143004704819363,6,6,28,2,available
human_source_holdout,D+R+F,25,values_plus_missing,0.6595485421909172,0.6618347035582325,0.6572623808236019,0.6432479043346258,0.6957458146979635,6,6,28,2,available
human_source_holdout,D+R+F,50,values_plus_missing,0.6627372522025021,0.6880680845488385,0.6374064198561659,0.6460516576194619,0.6912876692634852,6,6,28,2,available
human_source_holdout,D+R+F,100,values_plus_missing,0.6621822217074887,0.6889359726162129,0.6354284707987646,0.636619385834179,0.6987794561303173,6,6,28,2,available
human_source_holdout,D+R+F,200,values_plus_missing,0.662174187229369,0.6900235452245891,0.6343248292341489,0.6410978239841828,0.7017944236645643,6,6,28,2,available
human_source_holdout,D+R+F,all,values_plus_missing,0.66257388912722,0.6887503212294965,0.6363974570249435,0.6411229513951935,0.7036470736310162,6,6,28,2,available
human_source_holdout,D+R+H,25,values_plus_missing,0.667156010893867,0.6794590447710457,0.6548529770166883,0.6591183689878103,0.7144425852056301,6,6,28,2,available
human_source_holdout,D+R+H,50,values_plus_missing,0.6592385937707363,0.6984463126495379,0.6200308748919346,0.648358340244883,0.7089383928311185,6,6,28,2,available
human_source_holdout,D+R+H,100,values_plus_missing,0.6654420608639899,0.704721116838844,0.626163004889136,0.6604647002018122,0.7215853785415355,6,6,28,2,available
human_source_holdout,D+R+H,200,values_plus_missing,0.6611762283198469,0.704845583636892,0.6175068730028018,0.6588715508838195,0.7184692175482373,6,6,28,2,available
human_source_holdout,D+R+H,all,values_plus_missing,0.6702566091792036,0.7005580591020917,0.6399551592563153,0.6619937567911568,0.7190743890512101,6,6,28,2,available
human_source_holdout,D+R+SC,25,values_plus_missing,0.6522956773851583,0.6914360229678427,0.6131553318024737,0.6389973813611695,0.6998485008966442,6,6,28,2,available
human_source_holdout,D+R+SC,50,values_plus_missing,0.6458920780341985,0.700306566557182,0.5914775895112149,0.6384026826695202,0.7035671130648204,6,6,28,2,available
human_source_holdout,D+R+SC,100,values_plus_missing,0.6544202485530012,0.7033450364082793,0.605495460697723,0.6416672569741604,0.7141931464067327,6,6,28,2,available
human_source_holdout,D+R+SC,200,values_plus_missing,0.655441757716636,0.7038609315214156,0.6070225839118566,0.6440967249897547,0.7131948828947906,6,6,28,2,available
human_source_holdout,D+R+SC,all,values_plus_missing,0.6584585059002124,0.7018396827107636,0.6150773290896612,0.6440198715300408,0.713546266754363,6,6,28,2,available
human_source_holdout,D+R+BC,25,values_plus_missing,0.6472206658215964,0.6483236662635279,0.6461176653796651,0.6410128994872465,0.6977491588889094,6,6,28,2,available
human_source_holdout,D+R+BC,50,values_plus_missing,0.6460824706222122,0.6665456469259659,0.6256192943184588,0.6430733268015647,0.6968056283219022,6,6,28,2,available
human_source_holdout,D+R+BC,100,values_plus_missing,0.65265733488408,0.6639350090934913,0.6413796606746686,0.6431561386826119,0.705506821083156,6,6,28,2,available
human_source_holdout,D+R+BC,200,values_plus_missing,0.6500311001059439,0.6624385614012741,0.6376236388106136,0.6423705778886951,0.702552334548967,6,6,28,2,available
human_source_holdout,D+R+BC,all,values_plus_missing,0.6502424536613286,0.6585638533704111,0.6419210539522461,0.6417452653629102,0.7031556713426934,6,6,28,2,available
human_source_holdout,D+P+F,25,values_plus_missing,0.6395695052902352,0.6252199673254349,0.6539190432550352,0.6337121954012556,0.6667664512633079,6,6,28,2,available
human_source_holdout,D+P+F,50,values_plus_missing,0.6238534474581067,0.6320341080195504,0.6156727868966628,0.620121202091779,0.6570103990930579,6,6,28,2,available
human_source_holdout,D+P+F,100,values_plus_missing,0.6266206012802132,0.6395813873531703,0.6136598152072562,0.6165621879960347,0.6608927080098284,6,6,28,2,available
human_source_holdout,D+P+F,200,values_plus_missing,0.630115083217873,0.6492070985024326,0.6110230679333134,0.6173487180461502,0.661970730243793,6,6,28,2,available
human_source_holdout,D+P+F,all,values_plus_missing,0.6270793722390623,0.6491013961659929,0.6050573483121315,0.6183147861170033,0.6629846358558621,6,6,28,2,available
human_source_holdout,D+P+H,25,values_plus_missing,0.6303038935259829,0.5875449984349234,0.6730627886170425,0.6303335513673654,0.6736950879352828,6,6,28,2,available
human_source_holdout,D+P+H,50,values_plus_missing,0.6216551964303151,0.5996094421108379,0.6437009507497923,0.6158720416028903,0.6744286933882535,6,6,28,2,available
human_source_holdout,D+P+H,100,values_plus_missing,0.6301949411222428,0.6098085888221085,0.6505812934223772,0.6264736811909407,0.6821387846895492,6,6,28,2,available
human_source_holdout,D+P+H,200,values_plus_missing,0.6263708923530917,0.6259392022308692,0.6268025824753143,0.6229698763517952,0.679430446333782,6,6,28,2,available
human_source_holdout,D+P+H,all,values_plus_missing,0.6297963148053772,0.6202710708514733,0.6393215587592813,0.6272439150092223,0.6784465035077462,6,6,28,2,available
human_source_holdout,D+P+SC,25,values_plus_missing,0.6151992205447995,0.6058480477532776,0.6245503933363212,0.6099709159169969,0.6627230504822252,6,6,28,2,available
human_source_holdout,D+P+SC,50,values_plus_missing,0.6360385659381254,0.6169796012630765,0.6550975306131742,0.6262495693924323,0.6718005548360743,6,6,28,2,available
human_source_holdout,D+P+SC,100,values_plus_missing,0.6299912625955683,0.6153883292016856,0.6445941959894507,0.6215263885265182,0.6781110164362862,6,6,28,2,available
human_source_holdout,D+P+SC,200,values_plus_missing,0.6220003415945589,0.6270775159801888,0.6169231672089289,0.6137344099202126,0.6750515879801698,6,6,28,2,available
human_source_holdout,D+P+SC,all,values_plus_missing,0.6229694947140209,0.62441417441817,0.6215248150098718,0.6142581875331498,0.6740047461335468,6,6,28,2,available
human_source_holdout,D+P+BC,25,values_plus_missing,0.6061488568948025,0.5137801419102613,0.6985175718793437,0.6007669327905649,0.6536114802233878,6,6,28,2,available
human_source_holdout,D+P+BC,50,values_plus_missing,0.6094349244192047,0.5356955891565297,0.6831742596818797,0.6031487717998235,0.6602003602459118,6,6,28,2,available
human_source_holdout,D+P+BC,100,values_plus_missing,0.6120393677591697,0.5386189983655624,0.6854597371527772,0.6079035099164797,0.6634972505639235,6,6,28,2,available
human_source_holdout,D+P+BC,200,values_plus_missing,0.6108279550087402,0.559335647116733,0.6623202629007476,0.612134336756013,0.6636034237665511,6,6,28,2,available
human_source_holdout,D+P+BC,all,values_plus_missing,0.6125892030476944,0.5516327811469605,0.6735456249484284,0.6154878798653909,0.6632967508279327,6,6,28,2,available
human_source_holdout,D+F+H,25,values_plus_missing,0.6300672574449849,0.6463442882009157,0.613790226689054,0.6277971914731278,0.6780693045228199,6,6,28,2,available
human_source_holdout,D+F+H,50,values_plus_missing,0.6145369066902322,0.6577435266997053,0.5713302866807591,0.6152989861886503,0.6600833783322579,6,6,28,2,available
human_source_holdout,D+F+H,100,values_plus_missing,0.6136312351895207,0.6631974996754626,0.5640649707035786,0.6128779165222905,0.6702524996462393,6,6,28,2,available
human_source_holdout,D+F+H,200,values_plus_missing,0.6178617057381757,0.6693093247924194,0.5664140866839319,0.616933061249069,0.6684638554410881,6,6,28,2,available
human_source_holdout,D+F+H,all,values_plus_missing,0.6209336864155155,0.6694171428327547,0.5724502299982764,0.6207015710634116,0.6689362625519146,6,6,28,2,available
human_source_holdout,D+F+SC,25,values_plus_missing,0.6469383046961245,0.6514974986875672,0.6423791107046816,0.6329030355728053,0.681179624020927,6,6,28,2,available
human_source_holdout,D+F+SC,50,values_plus_missing,0.634801529862731,0.6674021363401156,0.6022009233853464,0.6202752768145123,0.6662008330328738,6,6,28,2,available
human_source_holdout,D+F+SC,100,values_plus_missing,0.6323163627520224,0.6681459780831593,0.5964867474208855,0.6226920470444589,0.6689533620715203,6,6,28,2,available
human_source_holdout,D+F+SC,200,values_plus_missing,0.6278274076585018,0.6751749289392986,0.5804798863777049,0.6178289908419641,0.6679950385073582,6,6,28,2,available
human_source_holdout,D+F+SC,all,values_plus_missing,0.6295074771587493,0.6772443521670956,0.5817706021504032,0.6168524393403745,0.6691757247538938,6,6,28,2,available
human_source_holdout,D+F+BC,25,values_plus_missing,0.627718293156566,0.6206734329932088,0.6347631533199235,0.6210653226072698,0.6602462038830816,6,6,28,2,available
human_source_holdout,D+F+BC,50,values_plus_missing,0.6121686425431326,0.6353360010933727,0.5890012839928925,0.6070601558192769,0.6426598269189133,6,6,28,2,available
human_source_holdout,D+F+BC,100,values_plus_missing,0.6196941748725949,0.6374521646877139,0.6019361850574759,0.6058588637741317,0.6470673554701897,6,6,28,2,available
human_source_holdout,D+F+BC,200,values_plus_missing,0.6156596358862175,0.6394370651608451,0.5918822066115899,0.6023457917713925,0.6485441508670607,6,6,28,2,available
human_source_holdout,D+F+BC,all,values_plus_missing,0.6145334632746545,0.6437265468428016,0.5853403797065075,0.6017453230205393,0.6484090630825344,6,6,28,2,available
human_source_holdout,D+H+SC,25,values_plus_missing,0.6213178551578341,0.6386544145097987,0.6039812958058697,0.6134103736187797,0.6677003822677229,6,6,28,2,available
human_source_holdout,D+H+SC,50,values_plus_missing,0.6112109028233198,0.6521480207429705,0.5702737849036691,0.6047537497126273,0.6599117451222415,6,6,28,2,available
human_source_holdout,D+H+SC,100,values_plus_missing,0.616418462521597,0.657237597937517,0.5755993271056771,0.6135323634404428,0.6682939778321284,6,6,28,2,available
human_source_holdout,D+H+SC,200,values_plus_missing,0.60180419148212,0.6639332101422459,0.5396751728219943,0.6003688053812605,0.6608006894093659,6,6,28,2,available
human_source_holdout,D+H+SC,all,values_plus_missing,0.6046278072013118,0.6594793664572759,0.5497762479453477,0.6026148973011974,0.6593955771018651,6,6,28,2,available
human_source_holdout,D+H+BC,25,values_plus_missing,0.6241657176654868,0.6006319249226372,0.6476995104083363,0.6199794212160749,0.6630932362735871,6,6,28,2,available
human_source_holdout,D+H+BC,50,values_plus_missing,0.6135294717308586,0.6127975964820015,0.6142613469797157,0.6117921031667348,0.6581343216124573,6,6,28,2,available
human_source_holdout,D+H+BC,100,values_plus_missing,0.6173430330753223,0.6122104627099129,0.6224756034407318,0.6153199980079914,0.6636201616060255,6,6,28,2,available
human_source_holdout,D+H+BC,200,values_plus_missing,0.6167438600009691,0.6279038934436897,0.6055838265582485,0.6191640182045236,0.660437598874999,6,6,28,2,available
human_source_holdout,D+H+BC,all,values_plus_missing,0.616988449800785,0.6194997258594531,0.614477173742117,0.6172418973807103,0.6610470363248325,6,6,28,2,available
human_source_holdout,D+SC+BC,25,values_plus_missing,0.5999548459260934,0.6169363232919479,0.5829733685602388,0.5919162056799891,0.6448553133424358,6,6,28,2,available
human_source_holdout,D+SC+BC,50,values_plus_missing,0.6054239287189542,0.6170482484613541,0.5937996089765544,0.599146878490289,0.649288014671293,6,6,28,2,available
human_source_holdout,D+SC+BC,100,values_plus_missing,0.604243670006429,0.6121962370221158,0.5962911029907422,0.5963102911163741,0.6533889029249547,6,6,28,2,available
human_source_holdout,D+SC+BC,200,values_plus_missing,0.595511937715944,0.6211801619773406,0.5698437134545477,0.5888506550102458,0.6506822178658637,6,6,28,2,available
human_source_holdout,D+SC+BC,all,values_plus_missing,0.5988440282339821,0.6196014087833721,0.578086647684592,0.5898110134268036,0.6498308021548868,6,6,28,2,available
human_source_holdout,R+P+F,25,values_plus_missing,0.6418900231806673,0.6608974225120987,0.6228826238492359,0.6236317779187416,0.674732621754363,6,6,28,2,available
human_source_holdout,R+P+F,50,values_plus_missing,0.6431496676515088,0.6719517796055118,0.6143475556975059,0.6269899647627335,0.6760681692300852,6,6,28,2,available
human_source_holdout,R+P+F,100,values_plus_missing,0.644149206826193,0.6891363596218659,0.5991620540305201,0.6192338727799964,0.6793669582488323,6,6,28,2,available
human_source_holdout,R+P+F,200,values_plus_missing,0.6500324332818543,0.6873984874461593,0.6126663791175494,0.6267205493227007,0.6864128390673088,6,6,28,2,available
human_source_holdout,R+P+F,all,values_plus_missing,0.656795014904438,0.6882961058591103,0.625293923949766,0.6324436625562707,0.6894886444289078,6,6,28,2,available
human_source_holdout,R+P+H,25,values_plus_missing,0.6412477630090548,0.6763818834333445,0.606113642584765,0.6416670223220041,0.681094471424205,6,6,28,2,available
human_source_holdout,R+P+H,50,values_plus_missing,0.6450381468974896,0.7045514577810034,0.5855248360139758,0.6366853119044035,0.6751240440558833,6,6,28,2,available
human_source_holdout,R+P+H,100,values_plus_missing,0.6488306666906271,0.722792296439044,0.5748690369422103,0.643786925638518,0.6889225185662198,6,6,28,2,available
human_source_holdout,R+P+H,200,values_plus_missing,0.6486954300735769,0.712919494707752,0.5844713654394018,0.6418629117970945,0.6882234169716324,6,6,28,2,available
human_source_holdout,R+P+H,all,values_plus_missing,0.6459239959854992,0.711076533700027,0.5807714582709717,0.641532700726884,0.6861167470004162,6,6,28,2,available
human_source_holdout,R+P+SC,25,values_plus_missing,0.6195714594585523,0.7116433473339862,0.5274995715831187,0.6121023117214898,0.6584151895377953,6,6,28,2,available
human_source_holdout,R+P+SC,50,values_plus_missing,0.6163215298099719,0.7256760363644762,0.5069670232554674,0.620910556293788,0.6648011487425688,6,6,28,2,available
human_source_holdout,R+P+SC,100,values_plus_missing,0.6228014804734033,0.7338838793567785,0.5117190815900282,0.6172554631661499,0.6743663785960774,6,6,28,2,available
human_source_holdout,R+P+SC,200,values_plus_missing,0.612299166213067,0.7267251163365076,0.4978732160896264,0.6165735256447171,0.6744396565345798,6,6,28,2,available
human_source_holdout,R+P+SC,all,values_plus_missing,0.6138162477113133,0.7289417293005948,0.4986907661220319,0.6188485461820341,0.6748005443560083,6,6,28,2,available
human_source_holdout,R+P+BC,25,values_plus_missing,0.5946907849958384,0.6698534051210155,0.5195281648706612,0.5957552420473531,0.6463399310964981,6,6,28,2,available
human_source_holdout,R+P+BC,50,values_plus_missing,0.5986189134193477,0.7000405855876631,0.4971972412510323,0.6049596586307778,0.6477555949202616,6,6,28,2,available
human_source_holdout,R+P+BC,100,values_plus_missing,0.6110052352121499,0.7226686346092053,0.49934183581509456,0.6086816340697991,0.6514075339333859,6,6,28,2,available
human_source_holdout,R+P+BC,200,values_plus_missing,0.6133560781430202,0.7132689853113569,0.5134431709746835,0.6121772100250072,0.6528725143654067,6,6,28,2,available
human_source_holdout,R+P+BC,all,values_plus_missing,0.6077858986336279,0.70505051073518,0.5105212865320755,0.6058603285991319,0.65272872870889,6,6,28,2,available
human_source_holdout,R+F+H,25,values_plus_missing,0.6543416146930371,0.7017790512924643,0.6069041780936097,0.644990411175162,0.6986045435596194,6,6,28,2,available
human_source_holdout,R+F+H,50,values_plus_missing,0.645118346474391,0.7080680097454053,0.5821686832033767,0.6323968414758149,0.6828770020429841,6,6,28,2,available
human_source_holdout,R+F+H,100,values_plus_missing,0.6555565661662743,0.7260531095490772,0.5850600227834715,0.6380605741633866,0.6975409356898614,6,6,28,2,available
human_source_holdout,R+F+H,200,values_plus_missing,0.6487519022216647,0.7231124295429815,0.574391374900348,0.6366748034529617,0.699284367202213,6,6,28,2,available
human_source_holdout,R+F+H,all,values_plus_missing,0.6557842997015929,0.7226344859384856,0.5889341134647003,0.6400826953380238,0.7008595959033546,6,6,28,2,available
human_source_holdout,R+F+SC,25,values_plus_missing,0.6477752669641165,0.683815677393158,0.611734856535075,0.6282154308863612,0.6933866014295313,6,6,28,2,available
human_source_holdout,R+F+SC,50,values_plus_missing,0.6391386953870256,0.6966037642213357,0.5816736265527155,0.6236668253983209,0.6885220115217646,6,6,28,2,available
human_source_holdout,R+F+SC,100,values_plus_missing,0.6414599691762932,0.7154195832814317,0.5675003550711546,0.6266981052730203,0.6922954736484442,6,6,28,2,available
human_source_holdout,R+F+SC,200,values_plus_missing,0.6369843962842602,0.7132402632769184,0.5607285292916019,0.6273195691279536,0.6946286880134046,6,6,28,2,available
human_source_holdout,R+F+SC,all,values_plus_missing,0.6364709825546214,0.7167125376748115,0.5562294274344315,0.6262115705159256,0.6983610946912114,6,6,28,2,available
human_source_holdout,R+F+BC,25,values_plus_missing,0.6219528505325894,0.6604191291467835,0.5834865719183955,0.6090147759205123,0.6692115905866151,6,6,28,2,available
human_source_holdout,R+F+BC,50,values_plus_missing,0.6292909451256445,0.6744159863974847,0.5841659038538044,0.6072900382370653,0.6642008904086251,6,6,28,2,available
human_source_holdout,R+F+BC,100,values_plus_missing,0.6279797491256423,0.6891259132586768,0.5668335849926079,0.609148872817512,0.67091809925448,6,6,28,2,available
human_source_holdout,R+F+BC,200,values_plus_missing,0.6388013504334003,0.6890056897688043,0.5885970110979962,0.6211504982513405,0.6757616139161848,6,6,28,2,available
human_source_holdout,R+F+BC,all,values_plus_missing,0.6457885907302502,0.6900056715668974,0.6015715098936031,0.6192077104692516,0.6792120347090261,6,6,28,2,available
human_source_holdout,R+H+SC,25,values_plus_missing,0.653755787481119,0.7271516841365185,0.5803598908257195,0.6394974543734382,0.6903970594135156,6,6,28,2,available
human_source_holdout,R+H+SC,50,values_plus_missing,0.6369366147651854,0.7377379072852825,0.5361353222450882,0.6329638249558531,0.6808055477799501,6,6,28,2,available
human_source_holdout,R+H+SC,100,values_plus_missing,0.640105633956359,0.7518841434457512,0.5283271244669668,0.6349958016665335,0.6979387370226018,6,6,28,2,available
human_source_holdout,R+H+SC,200,values_plus_missing,0.632792459600288,0.7386014268427066,0.5269834923578692,0.6334140155337815,0.6933190420667422,6,6,28,2,available
human_source_holdout,R+H+SC,all,values_plus_missing,0.6332492205301617,0.7398467833050479,0.5266516577552754,0.6320551504970369,0.6926228534970782,6,6,28,2,available
human_source_holdout,R+H+BC,25,values_plus_missing,0.6298669201011008,0.7125991945472241,0.5471346456549775,0.6325687834090187,0.6743870181801573,6,6,28,2,available
human_source_holdout,R+H+BC,50,values_plus_missing,0.6259027275966392,0.7244471724875736,0.5273582827057047,0.6241190323971195,0.6639632259554918,6,6,28,2,available
human_source_holdout,R+H+BC,100,values_plus_missing,0.645978369420947,0.7396807244339184,0.5522760144079756,0.6351489903772816,0.6783630695494878,6,6,28,2,available
human_source_holdout,R+H+BC,200,values_plus_missing,0.6413490989026628,0.7236519145046271,0.5590462833006986,0.6353625912508633,0.6747638005144591,6,6,28,2,available
human_source_holdout,R+H+BC,all,values_plus_missing,0.6389891113936671,0.7226742146815172,0.5553040081058169,0.6321062217215517,0.6743711316527383,6,6,28,2,available
human_source_holdout,R+SC+BC,25,values_plus_missing,0.6059256407326103,0.7477808068915177,0.464070474573703,0.6069027642899067,0.6419244745163635,6,6,28,2,available
human_source_holdout,R+SC+BC,50,values_plus_missing,0.6039795389891212,0.7463075629097283,0.4616515150685141,0.6068210528465809,0.6453418459691473,6,6,28,2,available
human_source_holdout,R+SC+BC,100,values_plus_missing,0.6030015769432271,0.7418466361649885,0.4641565177214657,0.609401752035918,0.657027488690817,6,6,28,2,available
human_source_holdout,R+SC+BC,200,values_plus_missing,0.599072520208458,0.7358261845105134,0.4623188559064028,0.6042530459880594,0.6560035188553487,6,6,28,2,available
human_source_holdout,R+SC+BC,all,values_plus_missing,0.6022631331375572,0.7375492133509504,0.46697705292416397,0.6075584549091966,0.6578805506643786,6,6,28,2,available
human_source_holdout,P+F+H,25,values_plus_missing,0.6269657802641458,0.6522692058195524,0.6016623547087393,0.6237033804061456,0.6613931724034864,6,6,28,2,available
human_source_holdout,P+F+H,50,values_plus_missing,0.6192045553439074,0.6527785950010156,0.5856305156867992,0.6183497685975287,0.6500169084640282,6,6,28,2,available
human_source_holdout,P+F+H,100,values_plus_missing,0.6202544023521491,0.6704599672038988,0.5700488375003995,0.6201325528642471,0.6613011126333334,6,6,28,2,available
human_source_holdout,P+F+H,200,values_plus_missing,0.6245923940998519,0.6779785453063201,0.5712062428933838,0.6186478073529288,0.6618004138320445,6,6,28,2,available
human_source_holdout,P+F+H,all,values_plus_missing,0.6203028187253693,0.6784376970209527,0.5621679404297858,0.6184467557647501,0.6638984739153327,6,6,28,2,available
human_source_holdout,P+F+SC,25,values_plus_missing,0.6263553671894972,0.6575002605204886,0.5952104738585059,0.6156739658600976,0.6703182347459901,6,6,28,2,available
human_source_holdout,P+F+SC,50,values_plus_missing,0.6238845297449486,0.6622396909446002,0.585529368545297,0.6139572587722281,0.6645874301445259,6,6,28,2,available
human_source_holdout,P+F+SC,100,values_plus_missing,0.6321726698677298,0.6726013672247042,0.5917439725107555,0.6133573898238821,0.6668478708073999,6,6,28,2,available
human_source_holdout,P+F+SC,200,values_plus_missing,0.6294880037328657,0.6761128604272769,0.5828631470384545,0.6148785165787799,0.6660633162899116,6,6,28,2,available
human_source_holdout,P+F+SC,all,values_plus_missing,0.6263226184998066,0.6819934640212725,0.5706517729783409,0.6174300064916932,0.6680219485719936,6,6,28,2,available
human_source_holdout,P+F+BC,25,values_plus_missing,0.6215625783491195,0.615905699413264,0.6272194572849751,0.6050904773167695,0.635836278457398,6,6,28,2,available
human_source_holdout,P+F+BC,50,values_plus_missing,0.6130126724124272,0.6086924319205366,0.6173329129043177,0.5998457763782805,0.6282878224653924,6,6,28,2,available
human_source_holdout,P+F+BC,100,values_plus_missing,0.6085805389759459,0.6218995271720268,0.5952615507798649,0.5946951324980755,0.6295809100917735,6,6,28,2,available
human_source_holdout,P+F+BC,200,values_plus_missing,0.6118719689778772,0.6286659791698362,0.5950779587859182,0.5980133659527466,0.6347241105318645,6,6,28,2,available
human_source_holdout,P+F+BC,all,values_plus_missing,0.6171079876174574,0.6334063211053514,0.6008096541295634,0.6040745984445556,0.6373183920628236,6,6,28,2,available
human_source_holdout,P+H+SC,25,values_plus_missing,0.5923588552193293,0.6341889181553679,0.5505287922832908,0.5848863608750985,0.6378808655864349,6,6,28,2,available
human_source_holdout,P+H+SC,50,values_plus_missing,0.5981395921198663,0.6594574138180359,0.5368217704216969,0.5938974935224742,0.6324256660934969,6,6,28,2,available
human_source_holdout,P+H+SC,100,values_plus_missing,0.5963764823905527,0.6727901117475833,0.519962853033522,0.5927961849905582,0.6456370471679642,6,6,28,2,available
human_source_holdout,P+H+SC,200,values_plus_missing,0.590675060023158,0.6735384180912701,0.5078117019550458,0.5826287571074015,0.6372256414342063,6,6,28,2,available
human_source_holdout,P+H+SC,all,values_plus_missing,0.5838731790283329,0.6713844780266237,0.4963618800300422,0.5789126097016466,0.6321126696064443,6,6,28,2,available
human_source_holdout,P+H+BC,25,values_plus_missing,0.5704755543321243,0.570522781597005,0.5704283270672437,0.5752129905253239,0.6073492243191226,6,6,28,2,available
human_source_holdout,P+H+BC,50,values_plus_missing,0.575844675921331,0.600402718395083,0.5512866334475791,0.5795622990464893,0.6058004477383745,6,6,28,2,available
human_source_holdout,P+H+BC,100,values_plus_missing,0.581317992953433,0.6190970136965744,0.5435389722102916,0.5853177397786016,0.6136450380924962,6,6,28,2,available
human_source_holdout,P+H+BC,200,values_plus_missing,0.5763943637811935,0.6184654728574083,0.5343232547049787,0.5803623476253558,0.6102516325983588,6,6,28,2,available
human_source_holdout,P+H+BC,all,values_plus_missing,0.5756099634912595,0.60873395248877,0.5424859744937488,0.5799946543870682,0.6091060366241132,6,6,28,2,available
human_source_holdout,P+SC+BC,25,values_plus_missing,0.5791495838920867,0.6305267213247401,0.5277724464594331,0.5798048868130345,0.6015764770406699,6,6,28,2,available
human_source_holdout,P+SC+BC,50,values_plus_missing,0.5994778946210698,0.6401663307399382,0.5587894585022012,0.5962065109927855,0.6133282385668724,6,6,28,2,available
human_source_holdout,P+SC+BC,100,values_plus_missing,0.5996943993225354,0.6514680144770759,0.547920784167995,0.5997818043204656,0.6238968092229333,6,6,28,2,available
human_source_holdout,P+SC+BC,200,values_plus_missing,0.5971674132506123,0.6570908283716808,0.5372439981295439,0.595222798330187,0.6170565330950121,6,6,28,2,available
human_source_holdout,P+SC+BC,all,values_plus_missing,0.5969681035187576,0.6598732926619791,0.5340629143755361,0.5932472519281474,0.6152511953610451,6,6,28,2,available
human_source_holdout,F+H+SC,25,values_plus_missing,0.6352423115636913,0.6720076718329907,0.5984769512943918,0.6263110198697291,0.6858622703262766,6,6,28,2,available
human_source_holdout,F+H+SC,50,values_plus_missing,0.6261479961767864,0.6789521975698242,0.5733437947837488,0.6165230758418655,0.6652077027954484,6,6,28,2,available
human_source_holdout,F+H+SC,100,values_plus_missing,0.6227890717556911,0.6907650406188748,0.5548131028925075,0.6221365287713564,0.674905506445136,6,6,28,2,available
human_source_holdout,F+H+SC,200,values_plus_missing,0.6201883742468502,0.6986468489552742,0.5417298995384263,0.6189106313842975,0.6702454690247409,6,6,28,2,available
human_source_holdout,F+H+SC,all,values_plus_missing,0.6192443229322753,0.7017674404406913,0.5367212054238594,0.6186963905413082,0.6702263582188107,6,6,28,2,available
human_source_holdout,F+H+BC,25,values_plus_missing,0.615344850147559,0.654144125573761,0.5765455747213569,0.6106715363834846,0.6555037566716146,6,6,28,2,available
human_source_holdout,F+H+BC,50,values_plus_missing,0.5915847220333852,0.6485470413073621,0.5346224027594084,0.5867924905045826,0.6323475941476332,6,6,28,2,available
human_source_holdout,F+H+BC,100,values_plus_missing,0.5984722183881512,0.6626975417246196,0.5342468950516831,0.5913654579981777,0.6440857447032979,6,6,28,2,available
human_source_holdout,F+H+BC,200,values_plus_missing,0.6013461225820421,0.6719568921156703,0.5307353530484139,0.5985796527608219,0.6449707600566718,6,6,28,2,available
human_source_holdout,F+H+BC,all,values_plus_missing,0.6094682952006434,0.6725741146461438,0.546362475755143,0.6036227629723562,0.6462523949518931,6,6,28,2,available
human_source_holdout,F+SC+BC,25,values_plus_missing,0.6240292169650464,0.6502400908983423,0.5978183430317504,0.6121046109342391,0.6654966558136755,6,6,28,2,available
human_source_holdout,F+SC+BC,50,values_plus_missing,0.6136483353836982,0.6551385647341895,0.5721581060332069,0.5999000303240183,0.6507085877424964,6,6,28,2,available
human_source_holdout,F+SC+BC,100,values_plus_missing,0.6139271884858872,0.6655447448462803,0.562309632125494,0.6004645940959243,0.6518301632628419,6,6,28,2,available
human_source_holdout,F+SC+BC,200,values_plus_missing,0.6103252453076816,0.6694006005386561,0.5512498900767072,0.6020620650126066,0.6515180919123648,6,6,28,2,available
human_source_holdout,F+SC+BC,all,values_plus_missing,0.6107398122776463,0.6765935705744396,0.544886053980853,0.6021455645198633,0.6525707294625196,6,6,28,2,available
human_source_holdout,H+SC+BC,25,values_plus_missing,0.5839040403783184,0.6537687728425485,0.5140393079140884,0.5755873986055496,0.616672122924771,6,6,28,2,available
human_source_holdout,H+SC+BC,50,values_plus_missing,0.5890580461117515,0.6700818963709647,0.5080341958525384,0.5828256114913039,0.6098253242152191,6,6,28,2,available
human_source_holdout,H+SC+BC,100,values_plus_missing,0.5847487067260002,0.677136116498397,0.49236129695360337,0.5790607456699753,0.6185699548600326,6,6,28,2,available
human_source_holdout,H+SC+BC,200,values_plus_missing,0.5871187141702024,0.6806792405632548,0.49355818777714994,0.5752605045514312,0.6082144510841297,6,6,28,2,available
human_source_holdout,H+SC+BC,all,values_plus_missing,0.5781324670396694,0.6793798221818235,0.4768851118975152,0.5702140577846729,0.6042074797344783,6,6,28,2,available
human_source_holdout,S+D+R+P,25,values_plus_missing,0.6363407251150208,0.7008112414056833,0.5718702088243582,0.6258650981169823,0.6892482305627922,6,6,28,2,available
human_source_holdout,S+D+R+P,50,values_plus_missing,0.649415270070158,0.7032621001843836,0.5955684399559322,0.6439329004145566,0.7086703230751441,6,6,28,2,available
human_source_holdout,S+D+R+P,100,values_plus_missing,0.665038716837771,0.7120498806585408,0.6180275530170013,0.6474822678872113,0.7243142848014034,6,6,28,2,available
human_source_holdout,S+D+R+P,200,values_plus_missing,0.6603426197902937,0.7166440463110199,0.6040411932695676,0.6544967882911742,0.7308933574310662,6,6,28,2,available
human_source_holdout,S+D+R+P,all,values_plus_missing,0.6565034259718243,0.7152093171188504,0.5977975348247982,0.6502063804373098,0.7307774700998778,6,6,28,2,available
human_source_holdout,S+D+R+F,25,values_plus_missing,0.6765819413736175,0.7320626930134431,0.6211011897337919,0.658710673407262,0.7246452469008562,6,6,28,2,available
human_source_holdout,S+D+R+F,50,values_plus_missing,0.6686834698301313,0.7403624466989376,0.5970044929613249,0.6624750703799672,0.7279855450843387,6,6,28,2,available
human_source_holdout,S+D+R+F,100,values_plus_missing,0.6819289467771134,0.7428061425262023,0.6210517510280246,0.6606868275072767,0.7344293397901607,6,6,28,2,available
human_source_holdout,S+D+R+F,200,values_plus_missing,0.6717684922607984,0.7455358513794342,0.5980011331421625,0.6617049605190771,0.7422475698707379,6,6,28,2,available
human_source_holdout,S+D+R+F,all,values_plus_missing,0.6752478072578146,0.7461097218603308,0.6043858926552987,0.6624960099262182,0.7446259025261016,6,6,28,2,available
human_source_holdout,S+D+R+H,25,values_plus_missing,0.6453924538988255,0.72023238568081,0.570552522116841,0.6368269875502153,0.7006862017040004,6,6,28,2,available
human_source_holdout,S+D+R+H,50,values_plus_missing,0.6501398943349375,0.7212490926382412,0.5790306960316337,0.6388661508258108,0.7045574708423944,6,6,28,2,available
human_source_holdout,S+D+R+H,100,values_plus_missing,0.6695034540188499,0.7316933108482897,0.6073135971894102,0.6505355472733217,0.7218834483105765,6,6,28,2,available
human_source_holdout,S+D+R+H,200,values_plus_missing,0.6696961225753116,0.730349522317391,0.6090427228332322,0.6529438887478555,0.729536162471428,6,6,28,2,available
human_source_holdout,S+D+R+H,all,values_plus_missing,0.6617743387450019,0.7285777598594342,0.5949709176305696,0.6456818688829171,0.7306308282549503,6,6,28,2,available
human_source_holdout,S+D+R+SC,25,values_plus_missing,0.6297714062817469,0.7269087036822096,0.532634108881284,0.6263224404555687,0.6902676225813096,6,6,28,2,available
human_source_holdout,S+D+R+SC,50,values_plus_missing,0.6527038375874882,0.7259167547421672,0.579490920432809,0.6473530773612634,0.7025350151374609,6,6,28,2,available
human_source_holdout,S+D+R+SC,100,values_plus_missing,0.6630122299053868,0.7267055835234335,0.5993188762873399,0.6508502060899035,0.7187824608368011,6,6,28,2,available
human_source_holdout,S+D+R+SC,200,values_plus_missing,0.665845246518638,0.7241816122001418,0.6075088808371342,0.6548997733497194,0.7232510435074586,6,6,28,2,available
human_source_holdout,S+D+R+SC,all,values_plus_missing,0.658887056968144,0.725811398649426,0.591962715286862,0.651466784600952,0.7242260229510268,6,6,28,2,available
human_source_holdout,S+D+R+BC,25,values_plus_missing,0.6321566349764475,0.7136994417258943,0.5506138282270007,0.6274606871912133,0.697801907289311,6,6,28,2,available
human_source_holdout,S+D+R+BC,50,values_plus_missing,0.6555000323029111,0.7094265615998189,0.6015735030060031,0.6447793965075097,0.7084621560185606,6,6,28,2,available
human_source_holdout,S+D+R+BC,100,values_plus_missing,0.6580340956172761,0.7164528607275277,0.5996153305070245,0.6473221175521474,0.7198631549161564,6,6,28,2,available
human_source_holdout,S+D+R+BC,200,values_plus_missing,0.6585756882757526,0.7171274357300876,0.6000239408214175,0.6513497914865884,0.7268323241111521,6,6,28,2,available
human_source_holdout,S+D+R+BC,all,values_plus_missing,0.6557215980141261,0.7175732407260816,0.5938699553021706,0.6472952528518735,0.7270779947239548,6,6,28,2,available
human_source_holdout,S+D+P+F,25,values_plus_missing,0.6399752158248931,0.7082893305322687,0.5716611011175176,0.6332207076272711,0.6958019733389226,6,6,28,2,available
human_source_holdout,S+D+P+F,50,values_plus_missing,0.6473302627318619,0.7146777927624798,0.5799827327012438,0.6352237549163492,0.7027038881543592,6,6,28,2,available
human_source_holdout,S+D+P+F,100,values_plus_missing,0.6484730557884767,0.7188765411511423,0.5780695704258112,0.6361626823265375,0.7079108566818125,6,6,28,2,available
human_source_holdout,S+D+P+F,200,values_plus_missing,0.6525634443389157,0.7297953812725214,0.5753315074053098,0.6371930598709524,0.7134413464420911,6,6,28,2,available
human_source_holdout,S+D+P+F,all,values_plus_missing,0.6596480769705871,0.7322516469703034,0.5870445069708707,0.6399837752051668,0.7155124375712776,6,6,28,2,available
human_source_holdout,S+D+P+H,25,values_plus_missing,0.6079390142377689,0.6831698216597846,0.5327082068157533,0.5995859417773903,0.6580621879163351,6,6,28,2,available
human_source_holdout,S+D+P+H,50,values_plus_missing,0.6155760019467321,0.6845147477381434,0.546637256155321,0.6064496668749118,0.6672015555181832,6,6,28,2,available
human_source_holdout,S+D+P+H,100,values_plus_missing,0.6145211200824524,0.6909700100827879,0.5380722300821171,0.6057675674070498,0.6814880385124764,6,6,28,2,available
human_source_holdout,S+D+P+H,200,values_plus_missing,0.6175954516028163,0.7003756968949247,0.5348152063107079,0.6071009498516072,0.6851477231567805,6,6,28,2,available
human_source_holdout,S+D+P+H,all,values_plus_missing,0.6170934625053192,0.700789488676239,0.5333974363343993,0.6061829197846081,0.6858402228791821,6,6,28,2,available
human_source_holdout,S+D+P+SC,25,values_plus_missing,0.6067007614555646,0.6832836590346009,0.5301178638765284,0.5948466385466006,0.6515395447208199,6,6,28,2,available
human_source_holdout,S+D+P+SC,50,values_plus_missing,0.6200373692857449,0.680361211295602,0.5597135272758879,0.6086922765069949,0.6673399631439585,6,6,28,2,available
human_source_holdout,S+D+P+SC,100,values_plus_missing,0.6167862339393052,0.6834882082576157,0.5500842596209946,0.6074354460477257,0.6792770207614386,6,6,28,2,available
human_source_holdout,S+D+P+SC,200,values_plus_missing,0.6232466498609557,0.6894284597832404,0.5570648399386708,0.6135725472769301,0.680037011516166,6,6,28,2,available
human_source_holdout,S+D+P+SC,all,values_plus_missing,0.6221109523816669,0.6894841342153627,0.5547377705479709,0.6105573541320516,0.6795307235594894,6,6,28,2,available
human_source_holdout,S+D+P+BC,25,values_plus_missing,0.6039897962873656,0.6726537465549551,0.5353258460197762,0.5929593055703669,0.6524977985372882,6,6,28,2,available
human_source_holdout,S+D+P+BC,50,values_plus_missing,0.6183711078002704,0.6707682621637495,0.5659739534367911,0.6056585740878132,0.6719336435285198,6,6,28,2,available
human_source_holdout,S+D+P+BC,100,values_plus_missing,0.6206465394123972,0.6769793193414841,0.5643137594833104,0.6107113043512805,0.6798778765639798,6,6,28,2,available
human_source_holdout,S+D+P+BC,200,values_plus_missing,0.6244861601161881,0.6866791064727877,0.5622932137595884,0.6172226771762588,0.684207645036919,6,6,28,2,available
human_source_holdout,S+D+P+BC,all,values_plus_missing,0.6249329979034808,0.6873430837360625,0.562522912070899,0.6141560477889494,0.6833247818059466,6,6,28,2,available
human_source_holdout,S+D+F+H,25,values_plus_missing,0.6385310562729389,0.7213885160153996,0.5556735965304783,0.629266244511902,0.7002788050289818,6,6,28,2,available
human_source_holdout,S+D+F+H,50,values_plus_missing,0.641064864325825,0.7253021051409091,0.5568276235107409,0.6306846279019239,0.6970424343298073,6,6,28,2,available
human_source_holdout,S+D+F+H,100,values_plus_missing,0.6459186256539317,0.7323889727989216,0.5594482785089417,0.6326113854323979,0.7053143944190375,6,6,28,2,available
human_source_holdout,S+D+F+H,200,values_plus_missing,0.6381862292426898,0.7402116127534017,0.5361608457319776,0.6280324815036705,0.7115151644847789,6,6,28,2,available
human_source_holdout,S+D+F+H,all,values_plus_missing,0.6444784076949702,0.7408863386445955,0.548070476745345,0.6286733261188916,0.7137434881896308,6,6,28,2,available
human_source_holdout,S+D+F+SC,25,values_plus_missing,0.6517308578707316,0.7220939578063715,0.5813677579350917,0.6368012740897319,0.6959896785672697,6,6,28,2,available
human_source_holdout,S+D+F+SC,50,values_plus_missing,0.656210308210542,0.7259799035615919,0.5864407128594923,0.6403561821063491,0.6962619877209433,6,6,28,2,available
human_source_holdout,S+D+F+SC,100,values_plus_missing,0.6535297422041729,0.7270016587341668,0.580057825674179,0.6385901160001781,0.7006272685990469,6,6,28,2,available
human_source_holdout,S+D+F+SC,200,values_plus_missing,0.6578080030231926,0.7349730728508242,0.580642933195561,0.6409825474472036,0.7055721167764927,6,6,28,2,available
human_source_holdout,S+D+F+SC,all,values_plus_missing,0.6563174170315479,0.7376372111218038,0.574997622941292,0.6409637817616741,0.7074075516495688,6,6,28,2,available
human_source_holdout,S+D+F+BC,25,values_plus_missing,0.6470880954755516,0.7162322385792202,0.5779439523718829,0.6374930001432785,0.7018520822560956,6,6,28,2,available
human_source_holdout,S+D+F+BC,50,values_plus_missing,0.6500501496607964,0.7194349967649405,0.5806653025566523,0.6386722479086352,0.7014747085410918,6,6,28,2,available
human_source_holdout,S+D+F+BC,100,values_plus_missing,0.6393906747447475,0.721188683781295,0.5575926657082001,0.62784701699442,0.7023570245470878,6,6,28,2,available
human_source_holdout,S+D+F+BC,200,values_plus_missing,0.6484372903265317,0.7293750362517005,0.5674995444013627,0.6318635386944857,0.7093582237440134,6,6,28,2,available
human_source_holdout,S+D+F+BC,all,values_plus_missing,0.6530764051603605,0.7331752119248773,0.5729775983958437,0.6316999699880079,0.7104379357536628,6,6,28,2,available
human_source_holdout,S+D+H+SC,25,values_plus_missing,0.609170392807001,0.6997666153671475,0.5185741702468546,0.5955063632528608,0.6542355548870274,6,6,28,2,available
human_source_holdout,S+D+H+SC,50,values_plus_missing,0.6224187411271401,0.6991866146038518,0.5456508676504285,0.6084147706161723,0.6547235984227581,6,6,28,2,available
human_source_holdout,S+D+H+SC,100,values_plus_missing,0.6180521569620783,0.6971963878882336,0.538907926035923,0.6067936544733311,0.6681575804304476,6,6,28,2,available
human_source_holdout,S+D+H+SC,200,values_plus_missing,0.6217569463449835,0.7029613074352143,0.5405525852547526,0.6068413755464698,0.6683772045693865,6,6,28,2,available
human_source_holdout,S+D+H+SC,all,values_plus_missing,0.6169091408742439,0.7024359327615003,0.5313823489869874,0.6020042454940918,0.6686101227204174,6,6,28,2,available
human_source_holdout,S+D+H+BC,25,values_plus_missing,0.5980479954247356,0.6878020470365368,0.5082939438129345,0.5926988326283392,0.6577054323222604,6,6,28,2,available
human_source_holdout,S+D+H+BC,50,values_plus_missing,0.6132095188334289,0.6876743564533568,0.5387446812135009,0.6015574347463188,0.6621115137332396,6,6,28,2,available
human_source_holdout,S+D+H+BC,100,values_plus_missing,0.6121379464686845,0.6881522869907913,0.5361236059465775,0.5995233484999153,0.6712693237529813,6,6,28,2,available
human_source_holdout,S+D+H+BC,200,values_plus_missing,0.6100534367801302,0.6974991005053407,0.5226077730549197,0.5998135425861951,0.6748629646456246,6,6,28,2,available
human_source_holdout,S+D+H+BC,all,values_plus_missing,0.6130799752195659,0.6969034081078019,0.5292565423313299,0.5992486146463493,0.6748962734448742,6,6,28,2,available
human_source_holdout,S+D+SC+BC,25,values_plus_missing,0.6086638677624225,0.6912512892922008,0.5260764462326443,0.5990106202221216,0.6500846605212862,6,6,28,2,available
human_source_holdout,S+D+SC+BC,50,values_plus_missing,0.6148681433120836,0.6833044108953726,0.5464318757287945,0.605829167658723,0.6608488752605173,6,6,28,2,available
human_source_holdout,S+D+SC+BC,100,values_plus_missing,0.6154925092951176,0.6810412977061686,0.5499437208840665,0.6050297565474011,0.6677708386246929,6,6,28,2,available
human_source_holdout,S+D+SC+BC,200,values_plus_missing,0.6146874890412252,0.6849411671887453,0.544433810893705,0.6045745359789408,0.6692080582866728,6,6,28,2,available
human_source_holdout,S+D+SC+BC,all,values_plus_missing,0.6139727747239198,0.688319758755617,0.5396257906922224,0.6028981832184409,0.6676326199737561,6,6,28,2,available
human_source_holdout,S+R+P+F,25,values_plus_missing,0.6518994197836726,0.7255891903886864,0.5782096491786588,0.6423523578241789,0.7105794260958286,6,6,28,2,available
human_source_holdout,S+R+P+F,50,values_plus_missing,0.66202568930513,0.7356754468306939,0.5883759317795662,0.6551231508539961,0.7223220633631418,6,6,28,2,available
human_source_holdout,S+R+P+F,100,values_plus_missing,0.6676221133793732,0.7431988732062832,0.5920453535524631,0.6571779154360464,0.7305258057365271,6,6,28,2,available
human_source_holdout,S+R+P+F,200,values_plus_missing,0.6671152587394588,0.7461815267769693,0.5880489907019485,0.6581543907530966,0.7387711749363869,6,6,28,2,available
human_source_holdout,S+R+P+F,all,values_plus_missing,0.6712137759632036,0.7486376764869448,0.5937898754394624,0.6585873455323887,0.741714940092969,6,6,28,2,available
human_source_holdout,S+R+P+H,25,values_plus_missing,0.6239244021312663,0.7104991694231052,0.5373496348394274,0.621175523804412,0.6789630852038446,6,6,28,2,available
human_source_holdout,S+R+P+H,50,values_plus_missing,0.6247842045828499,0.711443135112163,0.5381252740535368,0.6216202334952464,0.6853750474551082,6,6,28,2,available
human_source_holdout,S+R+P+H,100,values_plus_missing,0.6437905674686352,0.7261865845381266,0.5613945503991438,0.6295279563146172,0.7075315662568811,6,6,28,2,available
human_source_holdout,S+R+P+H,200,values_plus_missing,0.64032389990137,0.7251990059264783,0.5554487938762614,0.6338492416389142,0.7161385454853203,6,6,28,2,available
human_source_holdout,S+R+P+H,all,values_plus_missing,0.6370108939868948,0.7248951155514328,0.5491266724223568,0.6326524476498255,0.7164995362631158,6,6,28,2,available
human_source_holdout,S+R+P+SC,25,values_plus_missing,0.6153274063987085,0.7188960075505522,0.5117588052468649,0.6123816071654794,0.6694168391493679,6,6,28,2,available
human_source_holdout,S+R+P+SC,50,values_plus_missing,0.6328427932039079,0.7164458338331393,0.5492397525746764,0.6276409532668022,0.6879337835145963,6,6,28,2,available
human_source_holdout,S+R+P+SC,100,values_plus_missing,0.6384345502852001,0.7240859673328209,0.5527831332375794,0.634125412821994,0.7066386885974792,6,6,28,2,available
human_source_holdout,S+R+P+SC,200,values_plus_missing,0.6506162913602986,0.7213664754560899,0.5798661072645074,0.6442221401806573,0.7102606022822451,6,6,28,2,available
human_source_holdout,S+R+P+SC,all,values_plus_missing,0.6420532891924301,0.7254216450530578,0.5586849333318022,0.6367311157016147,0.7105794272817724,6,6,28,2,available
human_source_holdout,S+R+P+BC,25,values_plus_missing,0.6095113574812759,0.6938532878029288,0.5251694271596232,0.6054274012143113,0.6700730775097108,6,6,28,2,available
human_source_holdout,S+R+P+BC,50,values_plus_missing,0.623337124714295,0.6937178111036738,0.5529564383249163,0.6151460731398722,0.6877691658958472,6,6,28,2,available
human_source_holdout,S+R+P+BC,100,values_plus_missing,0.6313378754041202,0.7085704205686464,0.5541053302395941,0.624097242293104,0.7030259676324968,6,6,28,2,available
human_source_holdout,S+R+P+BC,200,values_plus_missing,0.6348372945470656,0.711177928304433,0.5584966607896983,0.6321192771677439,0.7091534917725332,6,6,28,2,available
human_source_holdout,S+R+P+BC,all,values_plus_missing,0.6340056125998365,0.7115697764411871,0.5564414487584858,0.6282834504274882,0.7090703916884155,6,6,28,2,available
human_source_holdout,S+R+F+H,25,values_plus_missing,0.6488056978698904,0.743533492884294,0.5540779028554867,0.6435210490195351,0.7236209564619649,6,6,28,2,available
human_source_holdout,S+R+F+H,50,values_plus_missing,0.660915161579915,0.7480193341168703,0.5738109890429598,0.6558878571002803,0.7235023657505154,6,6,28,2,available
human_source_holdout,S+R+F+H,100,values_plus_missing,0.6739828736471156,0.7556002005109853,0.592365546783246,0.6555073402216174,0.734856388103001,6,6,28,2,available
human_source_holdout,S+R+F+H,200,values_plus_missing,0.6689541981280889,0.7539280430694201,0.5839803531867578,0.6613305889307035,0.7425921544551783,6,6,28,2,available
human_source_holdout,S+R+F+H,all,values_plus_missing,0.6710708169015308,0.7581358037220047,0.5840058300810568,0.6597674689542549,0.745999139285842,6,6,28,2,available
human_source_holdout,S+R+F+SC,25,values_plus_missing,0.6568061392710688,0.7480798077647232,0.5655324707774145,0.6433020242647721,0.7164040368809029,6,6,28,2,available
human_source_holdout,S+R+F+SC,50,values_plus_missing,0.669803348036394,0.7472471137853584,0.5923595822874297,0.6627898062356298,0.7218974254896218,6,6,28,2,available
human_source_holdout,S+R+F+SC,100,values_plus_missing,0.6785085365516309,0.7519369264716741,0.6050801466315875,0.6638384079935663,0.7292043991625269,6,6,28,2,available
human_source_holdout,S+R+F+SC,200,values_plus_missing,0.6766695516401603,0.7504447945860308,0.6028943086942897,0.6645843649747135,0.7342650289769651,6,6,28,2,available
human_source_holdout,S+R+F+SC,all,values_plus_missing,0.6783618861165022,0.7539042677179554,0.6028195045150488,0.663358242165844,0.7377976339391624,6,6,28,2,available
human_source_holdout,S+R+F+BC,25,values_plus_missing,0.6621764185995384,0.7378755716867498,0.586477265512327,0.6488936277511416,0.7216954180759366,6,6,28,2,available
human_source_holdout,S+R+F+BC,50,values_plus_missing,0.6658261474574683,0.739720636020535,0.5919316588944016,0.6584931486516311,0.7256697911811495,6,6,28,2,available
human_source_holdout,S+R+F+BC,100,values_plus_missing,0.6691506331936649,0.7448239331685186,0.5934773332188111,0.656523974570033,0.7296761190950544,6,6,28,2,available
human_source_holdout,S+R+F+BC,200,values_plus_missing,0.6667850543500267,0.7446169467896322,0.5889531619104211,0.655669798858222,0.7374573932031118,6,6,28,2,available
human_source_holdout,S+R+F+BC,all,values_plus_missing,0.6728568908984248,0.7501290790589993,0.5955847027378504,0.6582830426402652,0.7403090458503886,6,6,28,2,available
human_source_holdout,S+R+H+SC,25,values_plus_missing,0.6246630302408825,0.7370098107996131,0.512316249682152,0.6244328524067722,0.6836834635059236,6,6,28,2,available
human_source_holdout,S+R+H+SC,50,values_plus_missing,0.6321332599848227,0.735292032670347,0.5289744872992986,0.6268338668740407,0.6842648825148826,6,6,28,2,available
human_source_holdout,S+R+H+SC,100,values_plus_missing,0.6397486194079699,0.7443948877292796,0.53510235108666,0.6285799934532178,0.7066265317434401,6,6,28,2,available
human_source_holdout,S+R+H+SC,200,values_plus_missing,0.6325038607260721,0.7370326053612565,0.5279751160908878,0.6280636820015907,0.711182721999924,6,6,28,2,available
human_source_holdout,S+R+H+SC,all,values_plus_missing,0.6347651536933624,0.7380166430502314,0.5315136643364935,0.6325630608172096,0.7127919766189226,6,6,28,2,available
human_source_holdout,S+R+H+BC,25,values_plus_missing,0.6162735670044112,0.7180628746968202,0.5144842593120023,0.6189691050044073,0.6845726139325101,6,6,28,2,available
human_source_holdout,S+R+H+BC,50,values_plus_missing,0.6206400935276561,0.7172197476920551,0.5240604393632571,0.619226667244041,0.6861365941816934,6,6,28,2,available
human_source_holdout,S+R+H+BC,100,values_plus_missing,0.6309783848592004,0.7296465942783766,0.532310175440024,0.6254211546731203,0.7040837516156859,6,6,28,2,available
human_source_holdout,S+R+H+BC,200,values_plus_missing,0.6308516556491582,0.7256552869674028,0.5360480243309137,0.6256669885447633,0.712052963412008,6,6,28,2,available
human_source_holdout,S+R+H+BC,all,values_plus_missing,0.6341530693303311,0.7257286736964764,0.5425774649641858,0.6284481177741331,0.7135518179973621,6,6,28,2,available
human_source_holdout,S+R+SC+BC,25,values_plus_missing,0.6175049161880302,0.7313482457711725,0.5036615866048876,0.6117898709244404,0.6746752008329518,6,6,28,2,available
human_source_holdout,S+R+SC+BC,50,values_plus_missing,0.6307184043171093,0.723012573132003,0.5384242355022159,0.6253960567263436,0.6868820194859219,6,6,28,2,available
human_source_holdout,S+R+SC+BC,100,values_plus_missing,0.6359205499523081,0.7294179351382906,0.5424231647663257,0.6291336927702069,0.702291332539053,6,6,28,2,available
human_source_holdout,S+R+SC+BC,200,values_plus_missing,0.6409845985479486,0.7227367788954071,0.5592324182004902,0.6354556191732675,0.7054947391536784,6,6,28,2,available
human_source_holdout,S+R+SC+BC,all,values_plus_missing,0.6404755030424353,0.72609763050534,0.5548533755795304,0.6345588769472825,0.7062698554712402,6,6,28,2,available
human_source_holdout,S+P+F+H,25,values_plus_missing,0.6395541387268446,0.7250898553077687,0.5540184221459206,0.6303922403060053,0.6922498341564396,6,6,28,2,available
human_source_holdout,S+P+F+H,50,values_plus_missing,0.6368259480648755,0.7243603045893819,0.549291591540369,0.6302210145189083,0.6951520418888503,6,6,28,2,available
human_source_holdout,S+P+F+H,100,values_plus_missing,0.6477728011218394,0.7339296897616266,0.5616159124820522,0.636333033983746,0.7082863646040798,6,6,28,2,available
human_source_holdout,S+P+F+H,200,values_plus_missing,0.6443516921017567,0.7399604996665229,0.5487428845369903,0.6350538311139683,0.7128266944462772,6,6,28,2,available
human_source_holdout,S+P+F+H,all,values_plus_missing,0.6498872168263832,0.744845639583679,0.5549287940690875,0.6380962937225098,0.7163428714697898,6,6,28,2,available
human_source_holdout,S+P+F+SC,25,values_plus_missing,0.6467487527301675,0.725285719222128,0.5682117862382069,0.6313006897362989,0.6894817031308865,6,6,28,2,available
human_source_holdout,S+P+F+SC,50,values_plus_missing,0.6584231154458242,0.7247500249660498,0.5920962059255986,0.6460479346823839,0.698057453791196,6,6,28,2,available
human_source_holdout,S+P+F+SC,100,values_plus_missing,0.6596648174023239,0.7280166942139452,0.5913129405907026,0.6439062003271956,0.7045184240766798,6,6,28,2,available
human_source_holdout,S+P+F+SC,200,values_plus_missing,0.6576041985392206,0.7338501243754644,0.5813582727029767,0.6432748993101568,0.708149435745531,6,6,28,2,available
human_source_holdout,S+P+F+SC,all,values_plus_missing,0.6596217127170277,0.7411878379077136,0.5780555875263419,0.6474018367874143,0.7105790192784959,6,6,28,2,available
human_source_holdout,S+P+F+BC,25,values_plus_missing,0.6492292714559609,0.7168861274818056,0.5815724154301162,0.633633074616096,0.6938529690642886,6,6,28,2,available
human_source_holdout,S+P+F+BC,50,values_plus_missing,0.650828083598657,0.7166153040085491,0.5850408631887648,0.6399937136962761,0.7008502263156287,6,6,28,2,available
human_source_holdout,S+P+F+BC,100,values_plus_missing,0.6500765959562513,0.7247527578491763,0.5754004340633263,0.634379466173953,0.7057918565032082,6,6,28,2,available
human_source_holdout,S+P+F+BC,200,values_plus_missing,0.6499624596396701,0.7293293512526132,0.5705955680267268,0.6359772018356219,0.7111015084172685,6,6,28,2,available
human_source_holdout,S+P+F+BC,all,values_plus_missing,0.6535987337232728,0.7360020727411807,0.5711953947053648,0.6368020285146894,0.713336624581168,6,6,28,2,available
human_source_holdout,S+P+H+SC,25,values_plus_missing,0.6060931122744624,0.6961235065368169,0.5160627180121079,0.595393275404028,0.6375754569169346,6,6,28,2,available
human_source_holdout,S+P+H+SC,50,values_plus_missing,0.6101678339469058,0.6929158683588458,0.527419799534966,0.6015721391177372,0.6422118725967418,6,6,28,2,available
human_source_holdout,S+P+H+SC,100,values_plus_missing,0.6049963144531101,0.7017779452838786,0.5082146836223416,0.6015560957269431,0.662461461663148,6,6,28,2,available
human_source_holdout,S+P+H+SC,200,values_plus_missing,0.6079419968886274,0.702817974690987,0.5130660190862678,0.6019923543646806,0.6629971774172121,6,6,28,2,available
human_source_holdout,S+P+H+SC,all,values_plus_missing,0.6043902894787586,0.7035648985001096,0.5052156804574076,0.5983923463966029,0.6621794236744066,6,6,28,2,available
human_source_holdout,S+P+H+BC,25,values_plus_missing,0.585907545476288,0.6772982410939181,0.4945168498586578,0.5809601878076288,0.6346876713537706,6,6,28,2,available
human_source_holdout,S+P+H+BC,50,values_plus_missing,0.5990628453719052,0.6731119397634119,0.5250137509803986,0.592425614550363,0.6429238730412571,6,6,28,2,available
human_source_holdout,S+P+H+BC,100,values_plus_missing,0.6017873575175573,0.69007551502763,0.5134992000074846,0.5960254525903839,0.6605713323808885,6,6,28,2,available
human_source_holdout,S+P+H+BC,200,values_plus_missing,0.6067179359410968,0.69418864938598,0.5192472224962136,0.5999853935672829,0.6648407855140269,6,6,28,2,available
human_source_holdout,S+P+H+BC,all,values_plus_missing,0.5998183516811361,0.6949427028646942,0.5046940004975778,0.5949524812320015,0.6643142632274246,6,6,28,2,available
human_source_holdout,S+P+SC+BC,25,values_plus_missing,0.5980659599748592,0.6931159915646594,0.503015928385059,0.5887084579311913,0.6293202394490622,6,6,28,2,available
human_source_holdout,S+P+SC+BC,50,values_plus_missing,0.6109084795549911,0.6836454627611012,0.5381714963488808,0.6011514472919218,0.6461960384410468,6,6,28,2,available
human_source_holdout,S+P+SC+BC,100,values_plus_missing,0.6195881939204358,0.6914449467984826,0.5477314410423891,0.6080716702391342,0.6603370882161732,6,6,28,2,available
human_source_holdout,S+P+SC+BC,200,values_plus_missing,0.6114139274355987,0.6893699658832677,0.5334578889879298,0.6079012922093076,0.6608772151703187,6,6,28,2,available
human_source_holdout,S+P+SC+BC,all,values_plus_missing,0.6119924928957047,0.6931583063494448,0.5308266794419646,0.6055142463298718,0.6594731790798051,6,6,28,2,available
human_source_holdout,S+F+H+SC,25,values_plus_missing,0.6520759232677954,0.7420308216345131,0.5621210249010776,0.6382538922590376,0.6965457030645477,6,6,28,2,available
human_source_holdout,S+F+H+SC,50,values_plus_missing,0.6466748340122379,0.7339229269084929,0.5594267411159829,0.6336885124759208,0.6913705485535232,6,6,28,2,available
human_source_holdout,S+F+H+SC,100,values_plus_missing,0.6525476744641161,0.7403417497185846,0.5647535992096477,0.6381641511421857,0.7017799469318213,6,6,28,2,available
human_source_holdout,S+F+H+SC,200,values_plus_missing,0.6517349595264089,0.7446570055323248,0.5588129135204931,0.6395942301081122,0.7058181511418745,6,6,28,2,available
human_source_holdout,S+F+H+SC,all,values_plus_missing,0.6534719732159219,0.7495838767396751,0.5573600696921687,0.6413676870502222,0.708266692661265,6,6,28,2,available
human_source_holdout,S+F+H+BC,25,values_plus_missing,0.6386814647132918,0.7283069561296666,0.5490559732969171,0.6302468188456056,0.7002926366636676,6,6,28,2,available
human_source_holdout,S+F+H+BC,50,values_plus_missing,0.6424866841589715,0.7277630347189658,0.5572103335989772,0.6335597658301125,0.6953699691036757,6,6,28,2,available
human_source_holdout,S+F+H+BC,100,values_plus_missing,0.6442510261292508,0.7346630362658867,0.5538390159926146,0.6329896943559895,0.7026269405958621,6,6,28,2,available
human_source_holdout,S+F+H+BC,200,values_plus_missing,0.640618033520604,0.7394566635862715,0.5417794034549365,0.630465241937329,0.70826325417674,6,6,28,2,available
human_source_holdout,S+F+H+BC,all,values_plus_missing,0.6487373347212719,0.7446817806765388,0.5527928887660051,0.6345202988152182,0.7108236818363213,6,6,28,2,available
human_source_holdout,S+F+SC+BC,25,values_plus_missing,0.6535784430713939,0.7362437978845565,0.5709130882582314,0.6404005615982349,0.6964204453756728,6,6,28,2,available
human_source_holdout,S+F+SC+BC,50,values_plus_missing,0.6610066057301733,0.7266928752626187,0.5953203361977278,0.6497525021056156,0.6973303202096461,6,6,28,2,available
human_source_holdout,S+F+SC+BC,100,values_plus_missing,0.6575042313809139,0.7336363998470476,0.5813720629147799,0.6412957590220054,0.6999562208084207,6,6,28,2,available
human_source_holdout,S+F+SC+BC,200,values_plus_missing,0.6551519599708816,0.7362412890491697,0.5740626308925934,0.6407828214776871,0.704562021898084,6,6,28,2,available
human_source_holdout,S+F+SC+BC,all,values_plus_missing,0.6531986197198877,0.7416789840249312,0.5647182554148442,0.6410926692358211,0.706221876447871,6,6,28,2,available
human_source_holdout,S+H+SC+BC,25,values_plus_missing,0.6018701653259838,0.7035969321760667,0.500143398475901,0.5904996253181044,0.6338374645965211,6,6,28,2,available
human_source_holdout,S+H+SC+BC,50,values_plus_missing,0.6072039586537042,0.701163324241933,0.5132445930654757,0.5998873764890557,0.6365815181170099,6,6,28,2,available
human_source_holdout,S+H+SC+BC,100,values_plus_missing,0.6086377219618262,0.7049463384207231,0.5123291055029292,0.5981512984277676,0.6505040282095326,6,6,28,2,available
human_source_holdout,S+H+SC+BC,200,values_plus_missing,0.6063975895691701,0.7030877607718039,0.5097074183665362,0.5967549163189386,0.651128922562778,6,6,28,2,available
human_source_holdout,S+H+SC+BC,all,values_plus_missing,0.6014719343746023,0.7035311577629404,0.4994127109862641,0.5920801089668256,0.6504476206990725,6,6,28,2,available
human_source_holdout,D+R+P+F,25,values_plus_missing,0.6663073395506149,0.6616175417096687,0.6709971373915612,0.6493357492999856,0.6945612689838284,6,6,28,2,available
human_source_holdout,D+R+P+F,50,values_plus_missing,0.6654532380294608,0.6823857737117226,0.648520702347199,0.6504224184994131,0.6947948282906121,6,6,28,2,available
human_source_holdout,D+R+P+F,100,values_plus_missing,0.6614746210809926,0.6848170531237882,0.6381321890381972,0.6415290188050564,0.7022361843212455,6,6,28,2,available
human_source_holdout,D+R+P+F,200,values_plus_missing,0.6655691248648039,0.6866967998938648,0.6444414498357431,0.6471645616421342,0.7067158573034453,6,6,28,2,available
human_source_holdout,D+R+P+F,all,values_plus_missing,0.6700940037908557,0.6869688649845718,0.6532191425971395,0.6508983490808434,0.7081655414596494,6,6,28,2,available
human_source_holdout,D+R+P+H,25,values_plus_missing,0.668246083138108,0.6689374772290995,0.6675546890471166,0.6595498350085038,0.7086438051458402,6,6,28,2,available
human_source_holdout,D+R+P+H,50,values_plus_missing,0.6668584831111216,0.6923262330967858,0.6413907331254575,0.6571066699142774,0.7104594282436313,6,6,28,2,available
human_source_holdout,D+R+P+H,100,values_plus_missing,0.6701366603574685,0.7007015391904187,0.6395717815245185,0.6647262046257879,0.7240706591949774,6,6,28,2,available
human_source_holdout,D+R+P+H,200,values_plus_missing,0.6733394617547529,0.7034105369100052,0.6432683865995004,0.6664558316149121,0.7230642059714001,6,6,28,2,available
human_source_holdout,D+R+P+H,all,values_plus_missing,0.6746002998110066,0.7017405854950711,0.6474600141269419,0.6676936968669486,0.7221672888404924,6,6,28,2,available
human_source_holdout,D+R+P+SC,25,values_plus_missing,0.6490347758591406,0.6761186281278476,0.6219509235904336,0.6395517597863887,0.6995974772649423,6,6,28,2,available
human_source_holdout,D+R+P+SC,50,values_plus_missing,0.6464951458557834,0.6924437684780211,0.6005465232335455,0.6404202266850945,0.7097824293431959,6,6,28,2,available
human_source_holdout,D+R+P+SC,100,values_plus_missing,0.661035444505113,0.6975342044071929,0.6245366846030332,0.647218804671242,0.7224603784675014,6,6,28,2,available
human_source_holdout,D+R+P+SC,200,values_plus_missing,0.6658009167278033,0.7011866774134267,0.6304151560421797,0.6535503262196387,0.7219608667016532,6,6,28,2,available
human_source_holdout,D+R+P+SC,all,values_plus_missing,0.6653795871512859,0.6972561576845312,0.6335030166180406,0.6501768580461831,0.721267043001159,6,6,28,2,available
human_source_holdout,D+R+P+BC,25,values_plus_missing,0.6437091708349384,0.6261906983827453,0.6612276432871315,0.6377425209840233,0.6923855076995332,6,6,28,2,available
human_source_holdout,D+R+P+BC,50,values_plus_missing,0.661781508419127,0.6553671458107706,0.6681958710274833,0.6476781981476362,0.6991223824777266,6,6,28,2,available
human_source_holdout,D+R+P+BC,100,values_plus_missing,0.6587028487592562,0.6571189336591093,0.6602867638594031,0.6492972174684742,0.7092395921992894,6,6,28,2,available
human_source_holdout,D+R+P+BC,200,values_plus_missing,0.6560783623459544,0.6611430577709637,0.6510136669209451,0.6476461208747458,0.7081658678059586,6,6,28,2,available
human_source_holdout,D+R+P+BC,all,values_plus_missing,0.6549104420860572,0.6544996318172486,0.6553212523548658,0.6499447672901338,0.7079386271477448,6,6,28,2,available
human_source_holdout,D+R+F+H,25,values_plus_missing,0.6646174832462016,0.6846724792562348,0.6445624872361685,0.6505838689745458,0.7113888077634293,6,6,28,2,available
human_source_holdout,D+R+F+H,50,values_plus_missing,0.661254145346773,0.7073602210846208,0.6151480696089252,0.642177928170133,0.699041164366305,6,6,28,2,available
human_source_holdout,D+R+F+H,100,values_plus_missing,0.6705525828527032,0.7138030491911289,0.6273021165142777,0.6466565719222988,0.7140280913413649,6,6,28,2,available
human_source_holdout,D+R+F+H,200,values_plus_missing,0.6716570883590265,0.7205696748861348,0.6227445018319181,0.6515967283058144,0.7158169164339553,6,6,28,2,available
human_source_holdout,D+R+F+H,all,values_plus_missing,0.6681162463785663,0.7203978996373591,0.6158345931197733,0.6501173658703175,0.7162067075160499,6,6,28,2,available
human_source_holdout,D+R+F+SC,25,values_plus_missing,0.6624302509794522,0.6801814947439219,0.6446790072149826,0.6461511554595206,0.706991821462031,6,6,28,2,available
human_source_holdout,D+R+F+SC,50,values_plus_missing,0.6636947704254412,0.7071154482534266,0.6202740925974558,0.646980808981733,0.7032109997129236,6,6,28,2,available
human_source_holdout,D+R+F+SC,100,values_plus_missing,0.6629495322175869,0.7104487057773184,0.6154503586578552,0.6445060283578644,0.7095158523733,6,6,28,2,available
human_source_holdout,D+R+F+SC,200,values_plus_missing,0.6674072082463037,0.7127606952090993,0.6220537212835081,0.6484207066339718,0.7119408504602285,6,6,28,2,available
human_source_holdout,D+R+F+SC,all,values_plus_missing,0.6673662643412567,0.7170299389569449,0.6177025897255685,0.6495579864739646,0.7143341461299638,6,6,28,2,available
human_source_holdout,D+R+F+BC,25,values_plus_missing,0.650056808332648,0.6621232408772298,0.637990375788066,0.638124012795898,0.6917316179114456,6,6,28,2,available
human_source_holdout,D+R+F+BC,50,values_plus_missing,0.6500957611856881,0.6876667958059622,0.612524726565414,0.6348783264462259,0.6860161198812861,6,6,28,2,available
human_source_holdout,D+R+F+BC,100,values_plus_missing,0.6555757822662674,0.6861376901018632,0.6250138744306716,0.6338736375995798,0.6941352028919638,6,6,28,2,available
human_source_holdout,D+R+F+BC,200,values_plus_missing,0.6562623746681322,0.6878804601503027,0.6246442891859618,0.6376697454404765,0.6976782759336503,6,6,28,2,available
human_source_holdout,D+R+F+BC,all,values_plus_missing,0.6578264943717202,0.6896016312542774,0.6260513574891632,0.6407145801358828,0.6986405376958796,6,6,28,2,available
human_source_holdout,D+R+H+SC,25,values_plus_missing,0.6603055982810941,0.7001586455423509,0.6204525510198372,0.6530951769512467,0.7122041342460516,6,6,28,2,available
human_source_holdout,D+R+H+SC,50,values_plus_missing,0.6481117861496435,0.7146153261123006,0.5816082461869861,0.6444426995915281,0.7066203220866472,6,6,28,2,available
human_source_holdout,D+R+H+SC,100,values_plus_missing,0.6575151309026527,0.7225761516879112,0.592454110117394,0.6536894344442304,0.7239782841887,6,6,28,2,available
human_source_holdout,D+R+H+SC,200,values_plus_missing,0.6615509995785537,0.7237487129596394,0.5993532861974679,0.6523498200304139,0.7202267374141009,6,6,28,2,available
human_source_holdout,D+R+H+SC,all,values_plus_missing,0.6611110918373058,0.7217504241184148,0.6004717595561967,0.6524741576523364,0.7206355869594441,6,6,28,2,available
human_source_holdout,D+R+H+BC,25,values_plus_missing,0.6585957239280504,0.6768094588869568,0.6403819889691441,0.6466151674289152,0.70660339274358,6,6,28,2,available
human_source_holdout,D+R+H+BC,50,values_plus_missing,0.6584271367556069,0.6991037888380448,0.6177504846731691,0.6489922225935044,0.7010273399992734,6,6,28,2,available
human_source_holdout,D+R+H+BC,100,values_plus_missing,0.6598131485265949,0.7031235192564842,0.6165027777967055,0.6530164425387842,0.714715579103013,6,6,28,2,available
human_source_holdout,D+R+H+BC,200,values_plus_missing,0.6533791813987062,0.702983124328766,0.6037752384686463,0.6528662071812068,0.7109699078123464,6,6,28,2,available
human_source_holdout,D+R+H+BC,all,values_plus_missing,0.6594142992693144,0.6981534816193989,0.6206751169192298,0.6525158912512314,0.7123102927325744,6,6,28,2,available
human_source_holdout,D+R+SC+BC,25,values_plus_missing,0.6344977594413416,0.6893662537788655,0.5796292651038176,0.6303293154399081,0.6918355451919315,6,6,28,2,available
human_source_holdout,D+R+SC+BC,50,values_plus_missing,0.63796611819038,0.698987961151364,0.5769442752293961,0.6371860973859095,0.6963159812837282,6,6,28,2,available
human_source_holdout,D+R+SC+BC,100,values_plus_missing,0.6465812506037524,0.6982832295176173,0.5948792716898875,0.6353062520235833,0.7090934320029446,6,6,28,2,available
human_source_holdout,D+R+SC+BC,200,values_plus_missing,0.648097689833175,0.6976616057069837,0.5985337739593662,0.6381610579087615,0.7082735544827339,6,6,28,2,available
human_source_holdout,D+R+SC+BC,all,values_plus_missing,0.6493533884462694,0.6968942050892487,0.6018125718032902,0.6374180852155854,0.7083490368363617,6,6,28,2,available
human_source_holdout,D+P+F+H,25,values_plus_missing,0.6342826467908184,0.6461666731028876,0.6223986204787492,0.6341533861732932,0.6770870019245967,6,6,28,2,available
human_source_holdout,D+P+F+H,50,values_plus_missing,0.6193921986525655,0.6580788688283922,0.5807055284767387,0.6220099205296821,0.6670532868238636,6,6,28,2,available
human_source_holdout,D+P+F+H,100,values_plus_missing,0.6280581961035682,0.6678721875182063,0.58824420468893,0.6264049074388341,0.6788538926992966,6,6,28,2,available
human_source_holdout,D+P+F+H,200,values_plus_missing,0.626363466166801,0.6807506801182219,0.5719762522153801,0.6300497069033861,0.6789509425981137,6,6,28,2,available
human_source_holdout,D+P+F+H,all,values_plus_missing,0.6266193278828828,0.6812605460560412,0.5719781097097244,0.6296772898022611,0.6790521058353879,6,6,28,2,available
human_source_holdout,D+P+F+SC,25,values_plus_missing,0.6450854350753342,0.6597515952707992,0.6304192748798693,0.6336500065706128,0.6841272430874729,6,6,28,2,available
human_source_holdout,D+P+F+SC,50,values_plus_missing,0.6353075371880123,0.6701981570970386,0.6004169172789858,0.6215479996553727,0.6762207824408037,6,6,28,2,available
human_source_holdout,D+P+F+SC,100,values_plus_missing,0.6425337234460454,0.6756302897272833,0.6094371571648075,0.6294001371060479,0.6806404396566638,6,6,28,2,available
human_source_holdout,D+P+F+SC,200,values_plus_missing,0.6375627882348579,0.6816899481689925,0.5934356283007235,0.6238331615879197,0.6811850321189975,6,6,28,2,available
human_source_holdout,D+P+F+SC,all,values_plus_missing,0.6396418206247122,0.6840052073489874,0.595278433900437,0.6265929365282209,0.6817260034808277,6,6,28,2,available
human_source_holdout,D+P+F+BC,25,values_plus_missing,0.630293169687727,0.627334768541808,0.633251570833646,0.6259495928030246,0.6616321775877176,6,6,28,2,available
human_source_holdout,D+P+F+BC,50,values_plus_missing,0.6203147403483876,0.6339897306119556,0.6066397500848196,0.6120187851542965,0.6509905597959824,6,6,28,2,available
human_source_holdout,D+P+F+BC,100,values_plus_missing,0.6212918558908608,0.6421947832270997,0.6003889285546219,0.6122516784083027,0.6558216584561255,6,6,28,2,available
human_source_holdout,D+P+F+BC,200,values_plus_missing,0.6253753297709678,0.6475274228682169,0.6032232366737186,0.6144773248726502,0.6597430091523169,6,6,28,2,available
human_source_holdout,D+P+F+BC,all,values_plus_missing,0.623424595984844,0.6512770301109454,0.5955721618587426,0.6135296027972701,0.6590505217183882,6,6,28,2,available
human_source_holdout,D+P+H+SC,25,values_plus_missing,0.6239642728038487,0.6350139799429776,0.61291456566472,0.6172898177549501,0.674110588323417,6,6,28,2,available
human_source_holdout,D+P+H+SC,50,values_plus_missing,0.6204282497568249,0.6553628427974109,0.585493656716239,0.6191898501574602,0.6718322044861652,6,6,28,2,available
human_source_holdout,D+P+H+SC,100,values_plus_missing,0.6294877116255556,0.6594691228323577,0.5995063004187535,0.6257257285020003,0.683679801223786,6,6,28,2,available
human_source_holdout,D+P+H+SC,200,values_plus_missing,0.6223156957892546,0.6710564432009213,0.5735749483775882,0.6196947641602591,0.6785625765514373,6,6,28,2,available
human_source_holdout,D+P+H+SC,all,values_plus_missing,0.6201606501816985,0.6664460466912366,0.5738752536721605,0.6183647604663943,0.6762807431746137,6,6,28,2,available
human_source_holdout,D+P+H+BC,25,values_plus_missing,0.6124728524504461,0.5908866517329634,0.6340590531679289,0.615047553644325,0.6634361845379628,6,6,28,2,available
human_source_holdout,D+P+H+BC,50,values_plus_missing,0.610379673344318,0.6004874063153329,0.6202719403733029,0.610865114360104,0.6638317262934015,6,6,28,2,available
human_source_holdout,D+P+H+BC,100,values_plus_missing,0.6169398073241735,0.611906102154574,0.6219735124937732,0.6178039972534958,0.6729085592378865,6,6,28,2,available
human_source_holdout,D+P+H+BC,200,values_plus_missing,0.6167624563806094,0.6289880719295127,0.6045368408317062,0.6205602683742469,0.6710793866866085,6,6,28,2,available
human_source_holdout,D+P+H+BC,all,values_plus_missing,0.6168599553228277,0.6232766238159563,0.6104432868296991,0.6221492230880203,0.670972426602583,6,6,28,2,available
human_source_holdout,D+P+SC+BC,25,values_plus_missing,0.6085178885120723,0.6126827829852085,0.6043529940389362,0.6018090032011466,0.6549402780150351,6,6,28,2,available
human_source_holdout,D+P+SC+BC,50,values_plus_missing,0.6237955300031968,0.6222636744707281,0.6253273855356655,0.6125168089708609,0.6649065630526335,6,6,28,2,available
human_source_holdout,D+P+SC+BC,100,values_plus_missing,0.6209268075689794,0.6198809425935968,0.6219726725443623,0.61056564470251,0.6715530986817024,6,6,28,2,available
human_source_holdout,D+P+SC+BC,200,values_plus_missing,0.6142309785336764,0.6331191214985403,0.5953428355688124,0.6074811522923839,0.6698949681380393,6,6,28,2,available
human_source_holdout,D+P+SC+BC,all,values_plus_missing,0.6143648157691092,0.6298923590232526,0.5988372725149657,0.6089961564445502,0.6685055875622183,6,6,28,2,available
human_source_holdout,D+F+H+SC,25,values_plus_missing,0.655019753919915,0.669043667619449,0.6409958402203809,0.6394777095638909,0.6935955999818486,6,6,28,2,available
human_source_holdout,D+F+H+SC,50,values_plus_missing,0.6261935677968662,0.6879579308822911,0.5644292047114413,0.6196926188000726,0.6745426725962081,6,6,28,2,available
human_source_holdout,D+F+H+SC,100,values_plus_missing,0.6264487794780625,0.6896791452454857,0.5632184137106394,0.6227176608671173,0.685942514653286,6,6,28,2,available
human_source_holdout,D+F+H+SC,200,values_plus_missing,0.6219453822226101,0.6969209923244132,0.5469697721208071,0.6202615980469158,0.6820797952154374,6,6,28,2,available
human_source_holdout,D+F+H+SC,all,values_plus_missing,0.6276873718328063,0.69758329948905,0.5577914441765627,0.6228048808152179,0.6821198174198913,6,6,28,2,available
human_source_holdout,D+F+H+BC,25,values_plus_missing,0.6275831491960133,0.6461588526409309,0.6090074457510958,0.6214235677015488,0.6720422358309591,6,6,28,2,available
human_source_holdout,D+F+H+BC,50,values_plus_missing,0.6029091416758754,0.6577787704482703,0.5480395129034805,0.603733337555746,0.6531063450652865,6,6,28,2,available
human_source_holdout,D+F+H+BC,100,values_plus_missing,0.6101586681476997,0.6611572172760843,0.5591601190193153,0.6060316486107419,0.6645290940868104,6,6,28,2,available
human_source_holdout,D+F+H+BC,200,values_plus_missing,0.6139739193196542,0.6692006100502006,0.5587472285891076,0.6119022763488301,0.6649412727904075,6,6,28,2,available
human_source_holdout,D+F+H+BC,all,values_plus_missing,0.6133209516227932,0.6713430956589518,0.5552988075866346,0.6119776710684446,0.6647909476019517,6,6,28,2,available
human_source_holdout,D+F+SC+BC,25,values_plus_missing,0.6450914903101277,0.654553458900813,0.6356295217194424,0.6287863678573506,0.679719453207773,6,6,28,2,available
human_source_holdout,D+F+SC+BC,50,values_plus_missing,0.6317493843318506,0.6665715765137014,0.59692719215,0.6166582035982434,0.6641003616241016,6,6,28,2,available
human_source_holdout,D+F+SC+BC,100,values_plus_missing,0.6259278503448148,0.667359112310249,0.5844965883793805,0.6144829690153707,0.6673334953398287,6,6,28,2,available
human_source_holdout,D+F+SC+BC,200,values_plus_missing,0.6291258471528428,0.6751506289979782,0.5831010653077072,0.6175465112670114,0.6685614353597832,6,6,28,2,available
human_source_holdout,D+F+SC+BC,all,values_plus_missing,0.6236435332054926,0.6792154159403413,0.5680716504706439,0.6135054730052228,0.6677318280456918,6,6,28,2,available
human_source_holdout,D+H+SC+BC,25,values_plus_missing,0.6127849859646488,0.6407299324938421,0.5848400394354556,0.6058917918034721,0.6600105488249614,6,6,28,2,available
human_source_holdout,D+H+SC+BC,50,values_plus_missing,0.6091136052590161,0.6547079942678423,0.56351921625019,0.6018816279732159,0.6529541854497417,6,6,28,2,available
human_source_holdout,D+H+SC+BC,100,values_plus_missing,0.6063045881544381,0.6550743870420924,0.5575347892667838,0.605039863044787,0.6618784073834585,6,6,28,2,available
human_source_holdout,D+H+SC+BC,200,values_plus_missing,0.59865999718929,0.6646353435354639,0.5326846508431159,0.5960608212649385,0.6556304334727914,6,6,28,2,available
human_source_holdout,D+H+SC+BC,all,values_plus_missing,0.5993846745368208,0.6634775611123145,0.5352917879613269,0.5967087475255536,0.6539613350467477,6,6,28,2,available
human_source_holdout,R+P+F+H,25,values_plus_missing,0.6605393321779053,0.692912345344218,0.6281663190115927,0.6456195238949027,0.6947792904085164,6,6,28,2,available
human_source_holdout,R+P+F+H,50,values_plus_missing,0.6548002397886299,0.7055361551293123,0.6040643244479474,0.6424155367827903,0.6867822569142701,6,6,28,2,available
human_source_holdout,R+P+F+H,100,values_plus_missing,0.6575873739319773,0.722237236275313,0.5929375115886415,0.6426591247197552,0.7004201854253458,6,6,28,2,available
human_source_holdout,R+P+F+H,200,values_plus_missing,0.6591005124627616,0.7187903445822004,0.5994106803433229,0.6447571825971402,0.7047158384359331,6,6,28,2,available
human_source_holdout,R+P+F+H,all,values_plus_missing,0.6601123363304764,0.7208137208632565,0.5994109517976963,0.6469918573378418,0.7057280328494943,6,6,28,2,available
human_source_holdout,R+P+F+SC,25,values_plus_missing,0.6468941909047562,0.6861168694976355,0.6076715123118769,0.629814570045004,0.6922302324202451,6,6,28,2,available
human_source_holdout,R+P+F+SC,50,values_plus_missing,0.6469148302950753,0.7015018453157347,0.5923278152744159,0.6320326295952261,0.692794452205435,6,6,28,2,available
human_source_holdout,R+P+F+SC,100,values_plus_missing,0.646471423394893,0.7146414352972218,0.5783014114925642,0.6309638066143441,0.6973759573504106,6,6,28,2,available
human_source_holdout,R+P+F+SC,200,values_plus_missing,0.6410052070197659,0.7140164850068499,0.5679939290326818,0.6332593749583637,0.7021611337718905,6,6,28,2,available
human_source_holdout,R+P+F+SC,all,values_plus_missing,0.6480228761639073,0.7195264166526845,0.5765193356751303,0.6387914425101474,0.7049187707536155,6,6,28,2,available
human_source_holdout,R+P+F+BC,25,values_plus_missing,0.6265185065903058,0.6616887894161959,0.5913482237644156,0.618291216667316,0.670208603535251,6,6,28,2,available
human_source_holdout,R+P+F+BC,50,values_plus_missing,0.6382538637000166,0.6721567876457321,0.6043509397543011,0.6167163522351409,0.6704042232629291,6,6,28,2,available
human_source_holdout,R+P+F+BC,100,values_plus_missing,0.6325443944828568,0.6877399067054227,0.5773488822602909,0.6132405459026499,0.6748981299625916,6,6,28,2,available
human_source_holdout,R+P+F+BC,200,values_plus_missing,0.6421616267271878,0.6883153804743238,0.5960078729800516,0.6253756718542138,0.6830190834031752,6,6,28,2,available
human_source_holdout,R+P+F+BC,all,values_plus_missing,0.6549796492759282,0.6899922669989161,0.6199670315529405,0.6305731657017971,0.6855392624191285,6,6,28,2,available
human_source_holdout,R+P+H+SC,25,values_plus_missing,0.6468988469905413,0.7050962878153433,0.5887014061657393,0.6371688060363843,0.691268131550286,6,6,28,2,available
human_source_holdout,R+P+H+SC,50,values_plus_missing,0.6449662343644,0.7268009998189521,0.5631314689098481,0.6410734228639635,0.6894981211723061,6,6,28,2,available
human_source_holdout,R+P+H+SC,100,values_plus_missing,0.6483210599666204,0.745205870415106,0.5514362495181347,0.6423888598421077,0.7060666835431199,6,6,28,2,available
human_source_holdout,R+P+H+SC,200,values_plus_missing,0.6354807628363792,0.7349475184047868,0.5360140072679717,0.6401380040179715,0.7035906243398674,6,6,28,2,available
human_source_holdout,R+P+H+SC,all,values_plus_missing,0.638041467868728,0.73769258804486,0.5383903476925956,0.6389637264422376,0.700436640346779,6,6,28,2,available
human_source_holdout,R+P+H+BC,25,values_plus_missing,0.6301161135966405,0.6751753054860603,0.5850569217072209,0.6310536493397083,0.67388177015156,6,6,28,2,available
human_source_holdout,R+P+H+BC,50,values_plus_missing,0.6271557362688978,0.7027639893076104,0.5515474832301851,0.6273099413607646,0.6691543160250173,6,6,28,2,available
human_source_holdout,R+P+H+BC,100,values_plus_missing,0.6442909089696335,0.7238513040290422,0.5647305139102248,0.6377418165428389,0.6831895785169929,6,6,28,2,available
human_source_holdout,R+P+H+BC,200,values_plus_missing,0.6401115162413683,0.7137346185464045,0.5664884139363321,0.6338066363139537,0.682296782249132,6,6,28,2,available
human_source_holdout,R+P+H+BC,all,values_plus_missing,0.6372276526889226,0.711848825165314,0.5626064802125311,0.6320326544477358,0.6800738416865741,6,6,28,2,available
human_source_holdout,R+P+SC+BC,25,values_plus_missing,0.6063054326539168,0.7098285038885139,0.5027823614193196,0.6071594218483835,0.6510854749742137,6,6,28,2,available
human_source_holdout,R+P+SC+BC,50,values_plus_missing,0.612910710590977,0.7226160917971393,0.5032053293848148,0.6151791613108392,0.6567867251288445,6,6,28,2,available
human_source_holdout,R+P+SC+BC,100,values_plus_missing,0.6112206446428162,0.7316308404808926,0.49081044880473973,0.615395107417726,0.6681473719529764,6,6,28,2,available
human_source_holdout,R+P+SC+BC,200,values_plus_missing,0.6107299254576694,0.7270237176553674,0.4944361332599713,0.6162989988634026,0.6683079499945465,6,6,28,2,available
human_source_holdout,R+P+SC+BC,all,values_plus_missing,0.6127266497409388,0.7283483018552781,0.4971049976265995,0.6177767895148627,0.6692427365313264,6,6,28,2,available
human_source_holdout,R+F+H+SC,25,values_plus_missing,0.6590638601146722,0.7061878035561752,0.6119399166731693,0.6453209232727133,0.7145345998863883,6,6,28,2,available
human_source_holdout,R+F+H+SC,50,values_plus_missing,0.6500219479876754,0.716778804441874,0.5832650915334768,0.637986775664436,0.7014490052141508,6,6,28,2,available
human_source_holdout,R+F+H+SC,100,values_plus_missing,0.6548911253646647,0.7353188869774265,0.5744633637519029,0.6453011026472338,0.7132489237533274,6,6,28,2,available
human_source_holdout,R+F+H+SC,200,values_plus_missing,0.657580384274909,0.737203858320285,0.5779569102295329,0.6482954643053825,0.7124314349892596,6,6,28,2,available
human_source_holdout,R+F+H+SC,all,values_plus_missing,0.6563450180023737,0.7401840861535712,0.5725059498511761,0.6454829018098752,0.7138673275141986,6,6,28,2,available
human_source_holdout,R+F+H+BC,25,values_plus_missing,0.6442559934613642,0.6980720989200645,0.590439888002664,0.6403362826398368,0.6931663666671882,6,6,28,2,available
human_source_holdout,R+F+H+BC,50,values_plus_missing,0.6379553542180011,0.7082114655946025,0.5676992428413997,0.6297240781416064,0.6773046824265126,6,6,28,2,available
human_source_holdout,R+F+H+BC,100,values_plus_missing,0.6562612626423016,0.7272701314342057,0.5852523938503974,0.6377332368002371,0.6924189766302284,6,6,28,2,available
human_source_holdout,R+F+H+BC,200,values_plus_missing,0.6476333465741352,0.7231250609814638,0.5721416321668066,0.6345444678897928,0.694934907236856,6,6,28,2,available
human_source_holdout,R+F+H+BC,all,values_plus_missing,0.6527646705027911,0.723325553308738,0.5822037876968442,0.637614664825308,0.6962478485649849,6,6,28,2,available
human_source_holdout,R+F+SC+BC,25,values_plus_missing,0.6435586131055108,0.6803090029252191,0.6068082232858024,0.6257871453851543,0.6910078000074291,6,6,28,2,available
human_source_holdout,R+F+SC+BC,50,values_plus_missing,0.6265814769903345,0.6944536567494257,0.5587092972312433,0.6176403213022621,0.6859306267821681,6,6,28,2,available
human_source_holdout,R+F+SC+BC,100,values_plus_missing,0.6370222786439078,0.711859591924623,0.5621849653631926,0.6219244228297539,0.6904883828709126,6,6,28,2,available
human_source_holdout,R+F+SC+BC,200,values_plus_missing,0.6405831240708143,0.709314176335158,0.5718520718064705,0.6237640407691235,0.6938432826455079,6,6,28,2,available
human_source_holdout,R+F+SC+BC,all,values_plus_missing,0.6410712916163467,0.7180435536252842,0.5640990296074092,0.6248824190684171,0.696386228556782,6,6,28,2,available
human_source_holdout,R+H+SC+BC,25,values_plus_missing,0.6342291658406478,0.7249562115170783,0.5435021201642172,0.6318827037095524,0.6835100904426287,6,6,28,2,available
human_source_holdout,R+H+SC+BC,50,values_plus_missing,0.6237684315056112,0.7373804480178658,0.5101564149933565,0.6285175384423151,0.6746348382018128,6,6,28,2,available
human_source_holdout,R+H+SC+BC,100,values_plus_missing,0.6389599891134675,0.749410113345245,0.5285098648816898,0.6351015056034037,0.69294669387395,6,6,28,2,available
human_source_holdout,R+H+SC+BC,200,values_plus_missing,0.619025449748829,0.7370170683022401,0.5010338311954179,0.626385803817992,0.6880904571482293,6,6,28,2,available
human_source_holdout,R+H+SC+BC,all,values_plus_missing,0.6192891173311116,0.739203500699788,0.4993747339624352,0.627400798950615,0.6873050755128858,6,6,28,2,available
human_source_holdout,P+F+H+SC,25,values_plus_missing,0.6372381385110781,0.6746409423048604,0.599835334717296,0.6268982505200058,0.6851410201555127,6,6,28,2,available
human_source_holdout,P+F+H+SC,50,values_plus_missing,0.6328942878726985,0.6828002237906704,0.5829883519547266,0.6233177047312014,0.6743398877904083,6,6,28,2,available
human_source_holdout,P+F+H+SC,100,values_plus_missing,0.6335499336489385,0.6947694908920722,0.5723303764058049,0.6309930280981049,0.6859074497508183,6,6,28,2,available
human_source_holdout,P+F+H+SC,200,values_plus_missing,0.6335500543641008,0.7032385659148596,0.5638615428133421,0.6305906930232025,0.6835460297602164,6,6,28,2,available
human_source_holdout,P+F+H+SC,all,values_plus_missing,0.6310830138856831,0.7074440589391449,0.5547219688322215,0.6290323731101469,0.6830702307439058,6,6,28,2,available
human_source_holdout,P+F+H+BC,25,values_plus_missing,0.6272265173918274,0.6544742219691467,0.5999788128145082,0.6219573364254899,0.6555342962479836,6,6,28,2,available
human_source_holdout,P+F+H+BC,50,values_plus_missing,0.6136211291062841,0.6543860521113233,0.5728562061012448,0.6074654535753471,0.6430381925844056,6,6,28,2,available
human_source_holdout,P+F+H+BC,100,values_plus_missing,0.6140366547903318,0.6721250500196826,0.5559482595609809,0.6101206464695138,0.6547485520094751,6,6,28,2,available
human_source_holdout,P+F+H+BC,200,values_plus_missing,0.6216299488743947,0.6805134745793257,0.5627464231694635,0.6133660117468499,0.6579640158682043,6,6,28,2,available
human_source_holdout,P+F+H+BC,all,values_plus_missing,0.6174493722589861,0.6812262445503339,0.5536724999676383,0.6135542958013808,0.6590274269681942,6,6,28,2,available
human_source_holdout,P+F+SC+BC,25,values_plus_missing,0.626825278260475,0.6589882911020498,0.5946622654189003,0.6147314716011931,0.6681799284374673,6,6,28,2,available
human_source_holdout,P+F+SC+BC,50,values_plus_missing,0.6191645500016795,0.6629036064059051,0.5754254935974539,0.6075097752554991,0.6613375593347489,6,6,28,2,available
human_source_holdout,P+F+SC+BC,100,values_plus_missing,0.6294635321421641,0.674529628331119,0.5843974359532091,0.6128214212797901,0.6637522246332083,6,6,28,2,available
human_source_holdout,P+F+SC+BC,200,values_plus_missing,0.624072430898366,0.6789064630192954,0.5692383987774364,0.6138929743688685,0.6656210147701439,6,6,28,2,available
human_source_holdout,P+F+SC+BC,all,values_plus_missing,0.6195474268832268,0.6850118116623912,0.5540830421040623,0.6139323758278301,0.6661502543559333,6,6,28,2,available
human_source_holdout,P+H+SC+BC,25,values_plus_missing,0.5890158977850611,0.639790373615364,0.5382414219547581,0.5797736793220184,0.630269106015727,6,6,28,2,available
human_source_holdout,P+H+SC+BC,50,values_plus_missing,0.5964217453518309,0.6628847254144831,0.5299587652891788,0.5932246503745541,0.6257650447669453,6,6,28,2,available
human_source_holdout,P+H+SC+BC,100,values_plus_missing,0.5942119502452446,0.6739749721344728,0.5144489283560166,0.591059818207773,0.6388199941628886,6,6,28,2,available
human_source_holdout,P+H+SC+BC,200,values_plus_missing,0.5883402432934615,0.6797153934188077,0.49696509316811505,0.5802444879442211,0.6315135211828878,6,6,28,2,available
human_source_holdout,P+H+SC+BC,all,values_plus_missing,0.5867784193291371,0.6778065943878523,0.4957502442704218,0.5795508354304082,0.6265762459540773,6,6,28,2,available
human_source_holdout,F+H+SC+BC,25,values_plus_missing,0.628728416649479,0.6732973133085379,0.5841595199904202,0.6197442425097158,0.6831597011961584,6,6,28,2,available
human_source_holdout,F+H+SC+BC,50,values_plus_missing,0.6199122901395132,0.6786331952416554,0.5611913850373709,0.6110098125631783,0.6606352697278484,6,6,28,2,available
human_source_holdout,F+H+SC+BC,100,values_plus_missing,0.6223436589245132,0.6900811672724299,0.5546061505765963,0.6189334788920424,0.6703589341364191,6,6,28,2,available
human_source_holdout,F+H+SC+BC,200,values_plus_missing,0.6195853312768246,0.6995727107240469,0.5395979518296021,0.6156943059120329,0.6683221034658683,6,6,28,2,available
human_source_holdout,F+H+SC+BC,all,values_plus_missing,0.6194668759916903,0.7048560794084616,0.5340776725749189,0.6153380585240134,0.6672770040491072,6,6,28,2,available
human_source_holdout,S+D+R+P+F,25,values_plus_missing,0.6669337068766126,0.7220609443509479,0.6118064694022772,0.6498045117956132,0.7142106788010463,6,6,28,2,available
human_source_holdout,S+D+R+P+F,50,values_plus_missing,0.6650938706271905,0.7355863772495014,0.5946013640048796,0.6583322007751709,0.724060217882886,6,6,28,2,available
human_source_holdout,S+D+R+P+F,100,values_plus_missing,0.6784932476660938,0.7378976855867165,0.6190888097454708,0.6593296403521719,0.7344417764367089,6,6,28,2,available
human_source_holdout,S+D+R+P+F,200,values_plus_missing,0.6712590383987852,0.74517827817328,0.5973397986242904,0.6629617402648799,0.7436229464696812,6,6,28,2,available
human_source_holdout,S+D+R+P+F,all,values_plus_missing,0.6721839089679399,0.7463940444990075,0.5979737734368723,0.6630632036380838,0.7455584509030644,6,6,28,2,available
human_source_holdout,S+D+R+P+H,25,values_plus_missing,0.6379535370642446,0.7088700050868506,0.5670370690416386,0.6276423743655134,0.6891826867262326,6,6,28,2,available
human_source_holdout,S+D+R+P+H,50,values_plus_missing,0.6479637071588583,0.7157102449570729,0.5802171693606437,0.6361769192236221,0.7005083922138976,6,6,28,2,available
human_source_holdout,S+D+R+P+H,100,values_plus_missing,0.6679671237046086,0.7280636771674155,0.6078705702418018,0.6457039781507105,0.7218148947417158,6,6,28,2,available
human_source_holdout,S+D+R+P+H,200,values_plus_missing,0.6689459742289697,0.7297629581320518,0.6081289903258877,0.652224350066509,0.7301758003202092,6,6,28,2,available
human_source_holdout,S+D+R+P+H,all,values_plus_missing,0.6629976995812893,0.7275175532579535,0.598477845904625,0.647051138580752,0.7306665705374561,6,6,28,2,available
human_source_holdout,S+D+R+P+SC,25,values_plus_missing,0.6231291445488344,0.7140025565174098,0.5322557325802589,0.6176999128871538,0.6805305280850915,6,6,28,2,available
human_source_holdout,S+D+R+P+SC,50,values_plus_missing,0.6432809888820236,0.7215041284011839,0.565057849362863,0.6401775861120657,0.7009485732599503,6,6,28,2,available
human_source_holdout,S+D+R+P+SC,100,values_plus_missing,0.6591002791064312,0.7266830276171142,0.5915175305957483,0.6481937701161247,0.7207601340778985,6,6,28,2,available
human_source_holdout,S+D+R+P+SC,200,values_plus_missing,0.6646390259041962,0.7219927566825238,0.6072852951258686,0.6554737406874339,0.7256827475299296,6,6,28,2,available
human_source_holdout,S+D+R+P+SC,all,values_plus_missing,0.6613418430677179,0.7245898732745788,0.5980938128608569,0.6535083983499017,0.7260831933194754,6,6,28,2,available
human_source_holdout,S+D+R+P+BC,25,values_plus_missing,0.6250452572182403,0.7015762608792726,0.5485142535572081,0.6183994298153145,0.6839997852200285,6,6,28,2,available
human_source_holdout,S+D+R+P+BC,50,values_plus_missing,0.6474900093276656,0.7036464223108984,0.5913335963444329,0.638656866955885,0.7039994083017725,6,6,28,2,available
human_source_holdout,S+D+R+P+BC,100,values_plus_missing,0.6507999373710595,0.7125464222367484,0.5890534525053707,0.641185447819198,0.7200415563921095,6,6,28,2,available
human_source_holdout,S+D+R+P+BC,200,values_plus_missing,0.6540003311202858,0.7158941522460234,0.5921065099945483,0.6478667565958924,0.7275289360346884,6,6,28,2,available
human_source_holdout,S+D+R+P+BC,all,values_plus_missing,0.6518704115355684,0.7163996798636046,0.5873411432075322,0.6441321561660536,0.7269935799719703,6,6,28,2,available
human_source_holdout,S+D+R+F+H,25,values_plus_missing,0.6650367940826784,0.7404360930068887,0.589637495158468,0.6519281876508395,0.7249644544023365,6,6,28,2,available
human_source_holdout,S+D+R+F+H,50,values_plus_missing,0.6622074848971774,0.7461673181324934,0.5782476516618614,0.6560782056650134,0.7239519723342436,6,6,28,2,available
human_source_holdout,S+D+R+F+H,100,values_plus_missing,0.6835704476298702,0.7530514346237527,0.6140894606359877,0.6604869285484406,0.7373143855806145,6,6,28,2,available
human_source_holdout,S+D+R+F+H,200,values_plus_missing,0.6786888174504346,0.753684046187459,0.6036935887134102,0.6629259004020145,0.7458809401474051,6,6,28,2,available
human_source_holdout,S+D+R+F+H,all,values_plus_missing,0.6786909452605389,0.7558819512089204,0.6014999393121574,0.6658848428629192,0.7487546278586246,6,6,28,2,available
human_source_holdout,S+D+R+F+SC,25,values_plus_missing,0.6668904041229099,0.7385796452407473,0.5952011630050728,0.6531610332455662,0.7169863920831192,6,6,28,2,available
human_source_holdout,S+D+R+F+SC,50,values_plus_missing,0.6697211496176768,0.7474685716809514,0.5919737275544023,0.6633038636241367,0.7213324249433671,6,6,28,2,available
human_source_holdout,S+D+R+F+SC,100,values_plus_missing,0.6816226374323407,0.7492788178412645,0.6139664570234171,0.6663231907078866,0.7321248194718102,6,6,28,2,available
human_source_holdout,S+D+R+F+SC,200,values_plus_missing,0.6819879720663139,0.7524745283770575,0.6115014157555699,0.6695171636281345,0.7386131919712654,6,6,28,2,available
human_source_holdout,S+D+R+F+SC,all,values_plus_missing,0.6809715057747825,0.7554749763264854,0.6064680352230796,0.6684320604846029,0.7413831776416615,6,6,28,2,available
human_source_holdout,S+D+R+F+BC,25,values_plus_missing,0.6718053351817446,0.7306472560691984,0.6129634142942907,0.656551463046601,0.7238992325336513,6,6,28,2,available
human_source_holdout,S+D+R+F+BC,50,values_plus_missing,0.6667087884662711,0.740122846102928,0.5932947308296143,0.6604813431384023,0.7253716877372651,6,6,28,2,available
human_source_holdout,S+D+R+F+BC,100,values_plus_missing,0.6801950946791653,0.7424985408394328,0.6178916485188978,0.6585273061161897,0.7325792646080073,6,6,28,2,available
human_source_holdout,S+D+R+F+BC,200,values_plus_missing,0.6783828551187323,0.7448820546527455,0.611883655584719,0.6613273567225294,0.7415684845925808,6,6,28,2,available
human_source_holdout,S+D+R+F+BC,all,values_plus_missing,0.6822725145481353,0.7473315134317507,0.6172135156645199,0.6608614650143481,0.743157161092423,6,6,28,2,available
human_source_holdout,S+D+R+H+SC,25,values_plus_missing,0.630624799824628,0.7332866654802022,0.5279629341690539,0.6269461313233572,0.6918800019184174,6,6,28,2,available
human_source_holdout,S+D+R+H+SC,50,values_plus_missing,0.6429590984384015,0.7350951571463783,0.5508230397304247,0.6354469089763716,0.6934876660732213,6,6,28,2,available
human_source_holdout,S+D+R+H+SC,100,values_plus_missing,0.6587941738217705,0.7400425986770068,0.5775457489665342,0.6455937447684833,0.7168813970317832,6,6,28,2,available
human_source_holdout,S+D+R+H+SC,200,values_plus_missing,0.6556607548767186,0.7378515614323162,0.573469948321121,0.6484177670125907,0.7223795417430727,6,6,28,2,available
human_source_holdout,S+D+R+H+SC,all,values_plus_missing,0.650663548777466,0.737017708836473,0.5643093887184591,0.6430221862323002,0.7236316988756277,6,6,28,2,available
human_source_holdout,S+D+R+H+BC,25,values_plus_missing,0.6271933413330061,0.7184314561818962,0.535955226484116,0.6264330799435387,0.6958795580321661,6,6,28,2,available
human_source_holdout,S+D+R+H+BC,50,values_plus_missing,0.6429614328578384,0.7202239350716408,0.5656989306440358,0.6296246262534863,0.6994060517858207,6,6,28,2,available
human_source_holdout,S+D+R+H+BC,100,values_plus_missing,0.6661098410102979,0.7323513938254193,0.5998682881951766,0.6475571743822638,0.7178024237573879,6,6,28,2,available
human_source_holdout,S+D+R+H+BC,200,values_plus_missing,0.6507676563607278,0.7292701238773368,0.5722651888441187,0.6437603787324863,0.7254464627596596,6,6,28,2,available
human_source_holdout,S+D+R+H+BC,all,values_plus_missing,0.6489077423834961,0.7283298915863533,0.569485593180639,0.6393412733061522,0.7263968733402681,6,6,28,2,available
human_source_holdout,S+D+R+SC+BC,25,values_plus_missing,0.6261609515076325,0.7287418488495155,0.5235800541657495,0.6225808878197072,0.685233177411072,6,6,28,2,available
human_source_holdout,S+D+R+SC+BC,50,values_plus_missing,0.6528186265268958,0.7265633633975774,0.5790738896562141,0.6411867116591118,0.6974319935350103,6,6,28,2,available
human_source_holdout,S+D+R+SC+BC,100,values_plus_missing,0.6619010229466105,0.7271170873835461,0.5966849585096748,0.6484151820837528,0.7152248782042028,6,6,28,2,available
human_source_holdout,S+D+R+SC+BC,200,values_plus_missing,0.6582782585683823,0.7231576318907184,0.5933988852460462,0.6494502857131556,0.7206199326464077,6,6,28,2,available
human_source_holdout,S+D+R+SC+BC,all,values_plus_missing,0.6544928169562446,0.7259319521928292,0.58305368171966,0.6471661068273361,0.7209514671107097,6,6,28,2,available
human_source_holdout,S+D+P+F+H,25,values_plus_missing,0.6330970686059073,0.7165601036098753,0.5496340336019394,0.6242579472876792,0.6940157106328974,6,6,28,2,available
human_source_holdout,S+D+P+F+H,50,values_plus_missing,0.6377567755905019,0.7217957406234031,0.5537178105576007,0.6252399918748701,0.6959862423007206,6,6,28,2,available
human_source_holdout,S+D+P+F+H,100,values_plus_missing,0.6442355022014207,0.7306604826045805,0.557810521798261,0.6307832413095346,0.7089161990432362,6,6,28,2,available
human_source_holdout,S+D+P+F+H,200,values_plus_missing,0.6432951583226691,0.7401504286655106,0.5464398879798277,0.6338577562359796,0.7157405071264444,6,6,28,2,available
human_source_holdout,S+D+P+F+H,all,values_plus_missing,0.647785050415618,0.7427623011350774,0.5528077996961585,0.634060135735752,0.7185191811110547,6,6,28,2,available
human_source_holdout,S+D+P+F+SC,25,values_plus_missing,0.6447293855886848,0.7178892288054842,0.5715695423718853,0.630039792696044,0.6923749846249958,6,6,28,2,available
human_source_holdout,S+D+P+F+SC,50,values_plus_missing,0.6565505959485042,0.7247978048065896,0.5883033870904189,0.6404790669998949,0.6978674531968696,6,6,28,2,available
human_source_holdout,S+D+P+F+SC,100,values_plus_missing,0.6558727634296417,0.7267165243048334,0.58502900255445,0.64235259891093,0.7061372625990758,6,6,28,2,available
human_source_holdout,S+D+P+F+SC,200,values_plus_missing,0.6603345004928597,0.7329915293008176,0.5876774716849017,0.6460865743654635,0.7116412933694675,6,6,28,2,available
human_source_holdout,S+D+P+F+SC,all,values_plus_missing,0.6630435314472282,0.7368176905754472,0.5892693723190091,0.6484505083763876,0.7137393521657466,6,6,28,2,available
human_source_holdout,S+D+P+F+BC,25,values_plus_missing,0.6398394083597954,0.7104132816028711,0.5692655351167196,0.6302678973034651,0.6960256844604197,6,6,28,2,available
human_source_holdout,S+D+P+F+BC,50,values_plus_missing,0.6460224279613868,0.7147372191037186,0.577307636819055,0.6341629509434111,0.7011324812233232,6,6,28,2,available
human_source_holdout,S+D+P+F+BC,100,values_plus_missing,0.6435133728567662,0.719378624736161,0.5676481209773713,0.630652367840106,0.7065408786685319,6,6,28,2,available
human_source_holdout,S+D+P+F+BC,200,values_plus_missing,0.6536635584187166,0.7311078585038512,0.576219258333582,0.6371710075589524,0.714220206150458,6,6,28,2,available
human_source_holdout,S+D+P+F+BC,all,values_plus_missing,0.654550956889928,0.7352367959694668,0.5738651178103892,0.6371064696186244,0.7153852970602648,6,6,28,2,available
human_source_holdout,S+D+P+H+SC,25,values_plus_missing,0.6004139613890956,0.6962108269958532,0.5046170957823382,0.5919344191456222,0.6527139094862408,6,6,28,2,available
human_source_holdout,S+D+P+H+SC,50,values_plus_missing,0.6231911862098614,0.6989994807655259,0.5473828916541968,0.609145685850375,0.6582786176939789,6,6,28,2,available
human_source_holdout,S+D+P+H+SC,100,values_plus_missing,0.6251638475260514,0.7027351025811571,0.5475925924709455,0.6132693734897571,0.6767353001825606,6,6,28,2,available
human_source_holdout,S+D+P+H+SC,200,values_plus_missing,0.621033425594226,0.7042234524186659,0.5378433987697863,0.607543099594405,0.67815216769765,6,6,28,2,available
human_source_holdout,S+D+P+H+SC,all,values_plus_missing,0.618892590361252,0.7066920657255055,0.5310931149969985,0.607702297917371,0.6780798210689197,6,6,28,2,available
human_source_holdout,S+D+P+H+BC,25,values_plus_missing,0.6034816160410056,0.6827328778008689,0.5242303542811424,0.5948604095097701,0.6532772215915641,6,6,28,2,available
human_source_holdout,S+D+P+H+BC,50,values_plus_missing,0.6088585381433604,0.6839477761281482,0.5337693001585728,0.5964689203412835,0.6625046511337825,6,6,28,2,available
human_source_holdout,S+D+P+H+BC,100,values_plus_missing,0.6137446104016921,0.6915389527322052,0.5359502680711791,0.6026192253443731,0.677593417137726,6,6,28,2,available
human_source_holdout,S+D+P+H+BC,200,values_plus_missing,0.6143518531794789,0.7013819036968311,0.5273218026621269,0.6045288408686876,0.6821241544692986,6,6,28,2,available
human_source_holdout,S+D+P+H+BC,all,values_plus_missing,0.6150669127938743,0.7003364060817523,0.5297974195059961,0.6030472040912297,0.6820566672238325,6,6,28,2,available
human_source_holdout,S+D+P+SC+BC,25,values_plus_missing,0.6029594525300167,0.6871945121456983,0.518724392914335,0.5944527371997029,0.6477460628094508,6,6,28,2,available
human_source_holdout,S+D+P+SC+BC,50,values_plus_missing,0.6219064546859739,0.6872762188455361,0.5565366905264119,0.6114057169314474,0.6639893702470625,6,6,28,2,available
human_source_holdout,S+D+P+SC+BC,100,values_plus_missing,0.6178184452524903,0.6878987156183461,0.5477381748866342,0.608260351344811,0.676336222229207,6,6,28,2,available
human_source_holdout,S+D+P+SC+BC,200,values_plus_missing,0.62087522009303,0.691778265576595,0.5499721746094651,0.611057024167422,0.6785468370218828,6,6,28,2,available
human_source_holdout,S+D+P+SC+BC,all,values_plus_missing,0.6149127692121189,0.6929206495005958,0.5369048889236422,0.6062840228616464,0.6772195189564603,6,6,28,2,available
human_source_holdout,S+D+F+H+SC,25,values_plus_missing,0.6493960189516124,0.7350371013099104,0.5637549365933143,0.6351595233928593,0.6960451707356087,6,6,28,2,available
human_source_holdout,S+D+F+H+SC,50,values_plus_missing,0.6498415919290833,0.731845503735876,0.5678376801222905,0.633233244563357,0.6892881986793423,6,6,28,2,available
human_source_holdout,S+D+F+H+SC,100,values_plus_missing,0.6522500384812941,0.7372663013264247,0.5672337756361637,0.6361782724686894,0.7025166037416591,6,6,28,2,available
human_source_holdout,S+D+F+H+SC,200,values_plus_missing,0.6575873599433827,0.7456057730243538,0.5695689468624117,0.64229230990615,0.7080826685247409,6,6,28,2,available
human_source_holdout,S+D+F+H+SC,all,values_plus_missing,0.6562745121770674,0.7492031854562379,0.563345838897897,0.640520292553731,0.7098448431977484,6,6,28,2,available
human_source_holdout,S+D+F+H+BC,25,values_plus_missing,0.635832829301544,0.7226190306059306,0.5490466279971574,0.6286777946256419,0.700381811885052,6,6,28,2,available
human_source_holdout,S+D+F+H+BC,50,values_plus_missing,0.6418077165648413,0.7264474568974467,0.5571679762322358,0.6303342909678034,0.6945060243601251,6,6,28,2,available
human_source_holdout,S+D+F+H+BC,100,values_plus_missing,0.6458937635819769,0.7328444118162428,0.558943115347711,0.6323035179108475,0.7029766768501632,6,6,28,2,available
human_source_holdout,S+D+F+H+BC,200,values_plus_missing,0.6440123303939099,0.7401952083034868,0.5478294524843331,0.6301355397571059,0.7114284483991459,6,6,28,2,available
human_source_holdout,S+D+F+H+BC,all,values_plus_missing,0.6443001930877188,0.743728339067313,0.5448720471081246,0.6280853444742838,0.7126718548632364,6,6,28,2,available
human_source_holdout,S+D+F+SC+BC,25,values_plus_missing,0.6513145974618209,0.727222003337487,0.5754071915861546,0.6336519695673574,0.696758253342643,6,6,28,2,available
human_source_holdout,S+D+F+SC+BC,50,values_plus_missing,0.6587872448517588,0.7289494586160997,0.5886250310874178,0.641515346684439,0.6957681046422305,6,6,28,2,available
human_source_holdout,S+D+F+SC+BC,100,values_plus_missing,0.6512533157795346,0.7307643489498635,0.5717422826092057,0.6373033069643365,0.7003045407561085,6,6,28,2,available
human_source_holdout,S+D+F+SC+BC,200,values_plus_missing,0.653947920808832,0.7366702588766989,0.5712255827409651,0.6380102614846354,0.7079656310262044,6,6,28,2,available
human_source_holdout,S+D+F+SC+BC,all,values_plus_missing,0.6573547269521471,0.7417196379167926,0.5729898159875015,0.6396023693804235,0.7084072326325226,6,6,28,2,available
human_source_holdout,S+D+H+SC+BC,25,values_plus_missing,0.6035896641121,0.700308274817302,0.5068710534068982,0.5948516456200365,0.6503492617241615,6,6,28,2,available
human_source_holdout,S+D+H+SC+BC,50,values_plus_missing,0.6184658915018333,0.7005325684361235,0.5363992145675429,0.6069515478023428,0.6516060708946741,6,6,28,2,available
human_source_holdout,S+D+H+SC+BC,100,values_plus_missing,0.6164656961608941,0.6973408866192021,0.5355905057025862,0.6049395109014374,0.6653774517623099,6,6,28,2,available
human_source_holdout,S+D+H+SC+BC,200,values_plus_missing,0.6212376592696883,0.7052901227726518,0.537185195766725,0.6086193027680278,0.6671140605287619,6,6,28,2,available
human_source_holdout,S+D+H+SC+BC,all,values_plus_missing,0.6163469585277218,0.7039714905627328,0.528722426492711,0.6018735909465395,0.6663216141739001,6,6,28,2,available
human_source_holdout,S+R+P+F+H,25,values_plus_missing,0.6447176248272944,0.7370859406365599,0.552349309018029,0.6430002001074767,0.7132092346531563,6,6,28,2,available
human_source_holdout,S+R+P+F+H,50,values_plus_missing,0.6551270997780904,0.7451029306087052,0.5651512689474756,0.6512595492977902,0.718283906977032,6,6,28,2,available
human_source_holdout,S+R+P+F+H,100,values_plus_missing,0.6619734818393077,0.7533154311152831,0.5706315325633323,0.6539769335124751,0.7340234071695291,6,6,28,2,available
human_source_holdout,S+R+P+F+H,200,values_plus_missing,0.6659949848529999,0.7544681864748211,0.5775217832311789,0.6603892700021482,0.7433798364645016,6,6,28,2,available
human_source_holdout,S+R+P+F+H,all,values_plus_missing,0.6708322414763002,0.7582860236162409,0.5833784593363595,0.6616122651316989,0.7466355710987544,6,6,28,2,available
human_source_holdout,S+R+P+F+SC,25,values_plus_missing,0.6525065450155257,0.7381738042133438,0.5668392858177077,0.638687850196595,0.7066645503022259,6,6,28,2,available
human_source_holdout,S+R+P+F+SC,50,values_plus_missing,0.6685601346517863,0.7436060495998261,0.5935142197037463,0.6579982833916354,0.7190361287195063,6,6,28,2,available
human_source_holdout,S+R+P+F+SC,100,values_plus_missing,0.679097386313359,0.7517214797463369,0.6064732928803811,0.6623966205119073,0.7298958338774171,6,6,28,2,available
human_source_holdout,S+R+P+F+SC,200,values_plus_missing,0.6784828493872473,0.7508939162223437,0.606071782552151,0.6661251951100904,0.7359922716154425,6,6,28,2,available
human_source_holdout,S+R+P+F+SC,all,values_plus_missing,0.6801655796208125,0.7560197088246459,0.6043114504169791,0.6663121916245077,0.7391976857436828,6,6,28,2,available
human_source_holdout,S+R+P+F+BC,25,values_plus_missing,0.6528135560267413,0.7303473432229614,0.5752797688305213,0.643375553320091,0.711807942788532,6,6,28,2,available
human_source_holdout,S+R+P+F+BC,50,values_plus_missing,0.6626189082928844,0.7354179332722355,0.5898198833135334,0.6551146275196776,0.7207755688275456,6,6,28,2,available
human_source_holdout,S+R+P+F+BC,100,values_plus_missing,0.6657805663550139,0.7431006219524914,0.5884605107575364,0.6559516119508014,0.7292374243868551,6,6,28,2,available
human_source_holdout,S+R+P+F+BC,200,values_plus_missing,0.666561031917768,0.7453013588771844,0.5878207049583515,0.6564747572168683,0.7380976824468205,6,6,28,2,available
human_source_holdout,S+R+P+F+BC,all,values_plus_missing,0.6673055295277116,0.7500437431071431,0.5845673159482802,0.6544103649311259,0.7406559686663569,6,6,28,2,available
human_source_holdout,S+R+P+H+SC,25,values_plus_missing,0.6189199871961087,0.727649557582207,0.5101904168100104,0.6192945715451398,0.675349943555225,6,6,28,2,available
human_source_holdout,S+R+P+H+SC,50,values_plus_missing,0.6295782541278564,0.730197078870062,0.5289594293856507,0.6253256085323922,0.6813707988863438,6,6,28,2,available
human_source_holdout,S+R+P+H+SC,100,values_plus_missing,0.6393769997424396,0.7400638822745131,0.538690117210366,0.629638106535214,0.7070359462011334,6,6,28,2,available
human_source_holdout,S+R+P+H+SC,200,values_plus_missing,0.6396719782650703,0.7336634606099827,0.5456804959201579,0.6342154813293372,0.713293962011203,6,6,28,2,available
human_source_holdout,S+R+P+H+SC,all,values_plus_missing,0.6365434751986464,0.7357777529313276,0.5373091974659653,0.6336581251884982,0.7132893402874577,6,6,28,2,available
human_source_holdout,S+R+P+H+BC,25,values_plus_missing,0.6169753655106553,0.7098533484359515,0.5240973825853591,0.618938236617315,0.6743252853994767,6,6,28,2,available
human_source_holdout,S+R+P+H+BC,50,values_plus_missing,0.6213717672655444,0.710595847745981,0.5321476867851078,0.6162117184909254,0.6808577761294758,6,6,28,2,available
human_source_holdout,S+R+P+H+BC,100,values_plus_missing,0.628438851543542,0.7253854317510937,0.5314922713359902,0.6230388017382389,0.7033753079534453,6,6,28,2,available
human_source_holdout,S+R+P+H+BC,200,values_plus_missing,0.6334072638417326,0.7240123976009264,0.5428021300825389,0.6276283567823753,0.7124242648829039,6,6,28,2,available
human_source_holdout,S+R+P+H+BC,all,values_plus_missing,0.6322307308197711,0.723508103500954,0.5409533581385881,0.627473835660895,0.712551726315242,6,6,28,2,available
human_source_holdout,S+R+P+SC+BC,25,values_plus_missing,0.6171595976675793,0.7224207702844287,0.51189842505073,0.6116186788477647,0.6643321437831645,6,6,28,2,available
human_source_holdout,S+R+P+SC+BC,50,values_plus_missing,0.6303058935386855,0.715668714676351,0.5449430724010199,0.625517865778285,0.683566796428339,6,6,28,2,available
human_source_holdout,S+R+P+SC+BC,100,values_plus_missing,0.6402293963407759,0.7247584226666017,0.5557003700149501,0.633923884958022,0.702550156945566,6,6,28,2,available
human_source_holdout,S+R+P+SC+BC,200,values_plus_missing,0.6426466877933886,0.7215263485309142,0.5637670270558629,0.639288335187272,0.7070391708671598,6,6,28,2,available
human_source_holdout,S+R+P+SC+BC,all,values_plus_missing,0.6400041804322899,0.7259863207503283,0.5540220401142516,0.6339641408259323,0.7066127465215846,6,6,28,2,available
human_source_holdout,S+R+F+H+SC,25,values_plus_missing,0.6626147469668319,0.7560158558609956,0.5692136380726681,0.6512396734980372,0.7201402667430024,6,6,28,2,available
human_source_holdout,S+R+F+H+SC,50,values_plus_missing,0.6674692107484175,0.755405706069565,0.5795327154272699,0.6551743499585908,0.7177317360466299,6,6,28,2,available
human_source_holdout,S+R+F+H+SC,100,values_plus_missing,0.6702546115227697,0.7628942303445666,0.5776149927009728,0.6584733755886282,0.7330705510285039,6,6,28,2,available
human_source_holdout,S+R+F+H+SC,200,values_plus_missing,0.6781560537280066,0.7617915346243143,0.594520572831699,0.6690343565798006,0.7387009612933303,6,6,28,2,available
human_source_holdout,S+R+F+H+SC,all,values_plus_missing,0.681575432766263,0.7643308565790723,0.5988200089534539,0.6682645388995051,0.7422894848578994,6,6,28,2,available
human_source_holdout,S+R+F+H+BC,25,values_plus_missing,0.6563825720598009,0.7425112463906413,0.5702538977289606,0.6447154415363517,0.7233882090960867,6,6,28,2,available
human_source_holdout,S+R+F+H+BC,50,values_plus_missing,0.6575188128457481,0.7483419433535738,0.5666956823379222,0.651891467003176,0.7209779945127089,6,6,28,2,available
human_source_holdout,S+R+F+H+BC,100,values_plus_missing,0.6634989256687801,0.7550941606425412,0.5719036906950191,0.6521570513938139,0.7326764453386234,6,6,28,2,available
human_source_holdout,S+R+F+H+BC,200,values_plus_missing,0.6689895845637337,0.7546290355499208,0.5833501335775466,0.6611174193979951,0.7410467224289461,6,6,28,2,available
human_source_holdout,S+R+F+H+BC,all,values_plus_missing,0.6743971059223745,0.75738660471215,0.5914076071325988,0.6613044950367657,0.7441929386145467,6,6,28,2,available
human_source_holdout,S+R+F+SC+BC,25,values_plus_missing,0.6613524587671301,0.7477432318933622,0.574961685640898,0.6463631611470592,0.7174688732417535,6,6,28,2,available
human_source_holdout,S+R+F+SC+BC,50,values_plus_missing,0.6680271495074046,0.7480554691262675,0.5879988298885417,0.662335096708182,0.7212764802348535,6,6,28,2,available
human_source_holdout,S+R+F+SC+BC,100,values_plus_missing,0.6770520193158176,0.7522127993963331,0.6018912392353023,0.6630088686616741,0.7288149043704278,6,6,28,2,available
human_source_holdout,S+R+F+SC+BC,200,values_plus_missing,0.6760830123411173,0.7504899982740595,0.6016760264081752,0.6615606658498643,0.7347885634586282,6,6,28,2,available
human_source_holdout,S+R+F+SC+BC,all,values_plus_missing,0.6781672429766329,0.7565133422195859,0.5998211437336799,0.6635942549183894,0.7376580040010721,6,6,28,2,available
human_source_holdout,S+R+H+SC+BC,25,values_plus_missing,0.6270241777694102,0.7370814276366624,0.5169669279021579,0.6187861228707346,0.6780419659024989,6,6,28,2,available
human_source_holdout,S+R+H+SC+BC,50,values_plus_missing,0.6298606383780957,0.7354756765999659,0.5242456001562255,0.6240761213702738,0.6792884830884814,6,6,28,2,available
human_source_holdout,S+R+H+SC+BC,100,values_plus_missing,0.6338978187466139,0.7448155601023707,0.522980077390857,0.626627733062978,0.7028027380674448,6,6,28,2,available
human_source_holdout,S+R+H+SC+BC,200,values_plus_missing,0.6320295257239624,0.7362787508900879,0.5277803005578371,0.6281818575421083,0.70803556666483,6,6,28,2,available
human_source_holdout,S+R+H+SC+BC,all,values_plus_missing,0.6334943226031203,0.7379681112524232,0.5290205339538174,0.6289831113714297,0.709241212789504,6,6,28,2,available
human_source_holdout,S+P+F+H+SC,25,values_plus_missing,0.6509466033588883,0.736771701731865,0.5651215049859117,0.6367239512979053,0.6922509137558986,6,6,28,2,available
human_source_holdout,S+P+F+H+SC,50,values_plus_missing,0.6504793590404729,0.7353368385735207,0.5656218795074253,0.6393641450449289,0.6914896201522284,6,6,28,2,available
human_source_holdout,S+P+F+H+SC,100,values_plus_missing,0.6576252665923792,0.7409981143835336,0.5742524188012247,0.643799570295787,0.7061425951289317,6,6,28,2,available
human_source_holdout,S+P+F+H+SC,200,values_plus_missing,0.6540647238430969,0.7449405973950906,0.5631888502911031,0.6437935958960408,0.7112293240749074,6,6,28,2,available
human_source_holdout,S+P+F+H+SC,all,values_plus_missing,0.6595197640290223,0.7526919365572106,0.5663475915008341,0.6469524185291093,0.7133992684433323,6,6,28,2,available
human_source_holdout,S+P+F+H+BC,25,values_plus_missing,0.6342043262849987,0.7260573536098582,0.5423512989601391,0.628720062436171,0.6933721710600869,6,6,28,2,available
human_source_holdout,S+P+F+H+BC,50,values_plus_missing,0.6377869959061949,0.7259175143495219,0.5496564774628678,0.6297020546358852,0.6937176178002306,6,6,28,2,available
human_source_holdout,S+P+F+H+BC,100,values_plus_missing,0.6437648738897533,0.7344558307860746,0.5530739169934322,0.6333398127133316,0.7062736064333539,6,6,28,2,available
human_source_holdout,S+P+F+H+BC,200,values_plus_missing,0.6403647250813945,0.7389218856679768,0.5418075644948123,0.6323920792923815,0.7124308832014066,6,6,28,2,available
human_source_holdout,S+P+F+H+BC,all,values_plus_missing,0.6489441864978808,0.7463640450946354,0.551524327901126,0.6375858614888107,0.7153689780926565,6,6,28,2,available
human_source_holdout,S+P+F+SC+BC,25,values_plus_missing,0.6511026327837505,0.7316656798466018,0.5705395857208989,0.6363859610521424,0.6918077422555579,6,6,28,2,available
human_source_holdout,S+P+F+SC+BC,50,values_plus_missing,0.6613799743412213,0.728606229051666,0.5941537196307766,0.6496942851948525,0.6980780112375674,6,6,28,2,available
human_source_holdout,S+P+F+SC+BC,100,values_plus_missing,0.6611832523947813,0.7336882052413488,0.5886782995482136,0.6464275079309326,0.7046347861421927,6,6,28,2,available
human_source_holdout,S+P+F+SC+BC,200,values_plus_missing,0.6582583719307892,0.7367074800263685,0.5798092638352098,0.645372086903078,0.7099688061744758,6,6,28,2,available
human_source_holdout,S+P+F+SC+BC,all,values_plus_missing,0.660821021472309,0.7444603665101998,0.5771816764344182,0.6476786745410426,0.7119248264379046,6,6,28,2,available
human_source_holdout,S+P+H+SC+BC,25,values_plus_missing,0.6030985485272617,0.7007885679863305,0.505408529068193,0.592009599191052,0.633847096269342,6,6,28,2,available
human_source_holdout,S+P+H+SC+BC,50,values_plus_missing,0.606845714010927,0.6947906888628063,0.5189007391590476,0.5993253487835778,0.639325906281064,6,6,28,2,available
human_source_holdout,S+P+H+SC+BC,100,values_plus_missing,0.6062083479087853,0.7035935650498927,0.508823130767678,0.5995455516715684,0.6594050381645339,6,6,28,2,available
human_source_holdout,S+P+H+SC+BC,200,values_plus_missing,0.6094073230105804,0.7028435003326079,0.515971145688553,0.6024995984785114,0.6607970330385432,6,6,28,2,available
human_source_holdout,S+P+H+SC+BC,all,values_plus_missing,0.6005234230228765,0.7057630289899425,0.49528381705581065,0.5950844912628639,0.6595396295852092,6,6,28,2,available
human_source_holdout,S+F+H+SC+BC,25,values_plus_missing,0.6523991294497803,0.7432063855969623,0.5615918733025983,0.6393303439904227,0.6989662298393843,6,6,28,2,available
human_source_holdout,S+F+H+SC+BC,50,values_plus_missing,0.6491400608380071,0.7367782520152047,0.5615018696608095,0.6358895052541051,0.6908666103863281,6,6,28,2,available
human_source_holdout,S+F+H+SC+BC,100,values_plus_missing,0.6525579264819735,0.7439927072025849,0.561123145761362,0.6371387628270329,0.7008654403017942,6,6,28,2,available
human_source_holdout,S+F+H+SC+BC,200,values_plus_missing,0.6544627504235182,0.7447726277152902,0.5641528731317461,0.6425803796112303,0.7070059789903602,6,6,28,2,available
human_source_holdout,S+F+H+SC+BC,all,values_plus_missing,0.6534137400943327,0.7520965474830973,0.5547309327055684,0.6408221787099828,0.708585409483675,6,6,28,2,available
human_source_holdout,D+R+P+F+H,25,values_plus_missing,0.6597331110420206,0.6812717103832507,0.6381945117007904,0.6488067014091816,0.7077680678271078,6,6,28,2,available
human_source_holdout,D+R+P+F+H,50,values_plus_missing,0.6594394875153389,0.7049174249617237,0.613961550068954,0.6461437119365546,0.7013640585733026,6,6,28,2,available
human_source_holdout,D+R+P+F+H,100,values_plus_missing,0.6709283848331887,0.7120786743334939,0.6297780953328834,0.6503291646085927,0.7165502940868832,6,6,28,2,available
human_source_holdout,D+R+P+F+H,200,values_plus_missing,0.666939168815445,0.7187603867235572,0.6151179509073327,0.6511596471961955,0.7203015172100954,6,6,28,2,available
human_source_holdout,D+R+P+F+H,all,values_plus_missing,0.6724056160059765,0.7195663896072807,0.6252448424046725,0.6543919456715919,0.7194838496409902,6,6,28,2,available
human_source_holdout,D+R+P+F+SC,25,values_plus_missing,0.6540821905666437,0.6846235384216359,0.6235408427116517,0.6432557830136812,0.7059217798244314,6,6,28,2,available
human_source_holdout,D+R+P+F+SC,50,values_plus_missing,0.6620646262443676,0.7056575741273569,0.6184716783613783,0.6501611565849088,0.7076558457802655,6,6,28,2,available
human_source_holdout,D+R+P+F+SC,100,values_plus_missing,0.6629167037493074,0.709348631685384,0.6164847758132309,0.645055897851437,0.7142767774424553,6,6,28,2,available
human_source_holdout,D+R+P+F+SC,200,values_plus_missing,0.671226750400832,0.7137629010379504,0.6286905997637138,0.6548257333522206,0.7191991250723172,6,6,28,2,available
human_source_holdout,D+R+P+F+SC,all,values_plus_missing,0.6696565833892535,0.7144711501391915,0.6248420166393153,0.6528403342312634,0.7207227899268246,6,6,28,2,available
human_source_holdout,D+R+P+F+BC,25,values_plus_missing,0.6624062453616858,0.6633153934173794,0.661497097305992,0.6448521728893303,0.6907036040785843,6,6,28,2,available
human_source_holdout,D+R+P+F+BC,50,values_plus_missing,0.6575161064722401,0.6833144778300304,0.6317177351144497,0.6422218132104897,0.6893944497809956,6,6,28,2,available
human_source_holdout,D+R+P+F+BC,100,values_plus_missing,0.6557444816650059,0.6821314743276239,0.6293574890023876,0.6362592681057551,0.6974557436076807,6,6,28,2,available
human_source_holdout,D+R+P+F+BC,200,values_plus_missing,0.6658063934388495,0.683482098953558,0.6481306879241409,0.6452178226934365,0.7029508410447918,6,6,28,2,available
human_source_holdout,D+R+P+F+BC,all,values_plus_missing,0.6665450861191261,0.6864990543552718,0.6465911178829804,0.6483782609358146,0.703370209971799,6,6,28,2,available
human_source_holdout,D+R+P+H+SC,25,values_plus_missing,0.6586158691363054,0.6964781500094442,0.6207535882631666,0.6527890337862897,0.7113942233219268,6,6,28,2,available
human_source_holdout,D+R+P+H+SC,50,values_plus_missing,0.6533985284604737,0.7098020374481826,0.5969950194727648,0.6493931314722001,0.7127747066962858,6,6,28,2,available
human_source_holdout,D+R+P+H+SC,100,values_plus_missing,0.6725261351063212,0.722665365489164,0.6223869047234784,0.6617572037247422,0.7307353583857225,6,6,28,2,available
human_source_holdout,D+R+P+H+SC,200,values_plus_missing,0.6698285274663309,0.7225191038527746,0.6171379510798872,0.6605599417852551,0.7284267933777342,6,6,28,2,available
human_source_holdout,D+R+P+H+SC,all,values_plus_missing,0.6695930238490132,0.7202783025785474,0.618907745119479,0.6602222329182156,0.7269201617024851,6,6,28,2,available
human_source_holdout,D+R+P+H+BC,25,values_plus_missing,0.6617003704974548,0.6676349242177578,0.6557658167771518,0.6501166249525144,0.7015043927255666,6,6,28,2,available
human_source_holdout,D+R+P+H+BC,50,values_plus_missing,0.663978337749239,0.6917833394499816,0.6361733360484964,0.6539309237034379,0.7027052637606062,6,6,28,2,available
human_source_holdout,D+R+P+H+BC,100,values_plus_missing,0.6646996430017396,0.6994051247201615,0.6299941612833176,0.6585702497610623,0.7172717176951188,6,6,28,2,available
human_source_holdout,D+R+P+H+BC,200,values_plus_missing,0.666361170749673,0.7031534446044628,0.6295688968948833,0.6607770453567453,0.7156055214596365,6,6,28,2,available
human_source_holdout,D+R+P+H+BC,all,values_plus_missing,0.6645700979836225,0.6982402250666331,0.6308999709006119,0.6579664806009659,0.7155457040301391,6,6,28,2,available
human_source_holdout,D+R+P+SC+BC,25,values_plus_missing,0.6346491820412291,0.6766237005252281,0.5926746635572301,0.6338748038717936,0.6923384960488822,6,6,28,2,available
human_source_holdout,D+R+P+SC+BC,50,values_plus_missing,0.6366483848735113,0.6902358641416669,0.5830609056053556,0.6362222978203518,0.7028019199734471,6,6,28,2,available
human_source_holdout,D+R+P+SC+BC,100,values_plus_missing,0.6567765485227264,0.6947286836822865,0.6188244133631662,0.6438707880780582,0.7175550730908806,6,6,28,2,available
human_source_holdout,D+R+P+SC+BC,200,values_plus_missing,0.6564378692115502,0.6974484681980687,0.6154272702250317,0.6475295221083892,0.7171735609861566,6,6,28,2,available
human_source_holdout,D+R+P+SC+BC,all,values_plus_missing,0.6564326575495375,0.6955975873235017,0.6172677277755733,0.6466045108061685,0.7160618526146283,6,6,28,2,available
human_source_holdout,D+R+F+H+SC,25,values_plus_missing,0.6689444145558414,0.7004744797842276,0.6374143493274552,0.6534906904845627,0.7218104419965771,6,6,28,2,available
human_source_holdout,D+R+F+H+SC,50,values_plus_missing,0.6527385971157326,0.7213444340088198,0.5841327602226454,0.6415099446149538,0.7104793663084739,6,6,28,2,available
human_source_holdout,D+R+F+H+SC,100,values_plus_missing,0.6724133835023749,0.7323708535312344,0.6124559134735154,0.6529180510663761,0.7248397451255518,6,6,28,2,available
human_source_holdout,D+R+F+H+SC,200,values_plus_missing,0.6667987078850727,0.7367153164829042,0.596882099287241,0.6565998577694635,0.7243253899643741,6,6,28,2,available
human_source_holdout,D+R+F+H+SC,all,values_plus_missing,0.6705561355540177,0.737644645973969,0.6034676251340664,0.6540141916130569,0.7254341096072819,6,6,28,2,available
human_source_holdout,D+R+F+H+BC,25,values_plus_missing,0.6611220494389943,0.6817806638435288,0.64046343503446,0.646501726975705,0.7068333386300282,6,6,28,2,available
human_source_holdout,D+R+F+H+BC,50,values_plus_missing,0.647878432855648,0.7062979591498874,0.5894589065614085,0.6335373503422064,0.6924459110896224,6,6,28,2,available
human_source_holdout,D+R+F+H+BC,100,values_plus_missing,0.6626875269073075,0.7105770753213769,0.6147979784932379,0.6424718634451249,0.7085251153066396,6,6,28,2,available
human_source_holdout,D+R+F+H+BC,200,values_plus_missing,0.6639927717914856,0.7167968269073582,0.611188716675613,0.6471502883414536,0.7111227120441125,6,6,28,2,available
human_source_holdout,D+R+F+H+BC,all,values_plus_missing,0.6602929382153284,0.7176106611486476,0.6029752152820093,0.6447005380657435,0.7110076104647808,6,6,28,2,available
human_source_holdout,D+R+F+SC+BC,25,values_plus_missing,0.6597363061443375,0.6791054735767731,0.640367138711902,0.6472564682279617,0.70567113843965,6,6,28,2,available
human_source_holdout,D+R+F+SC+BC,50,values_plus_missing,0.6477307164523709,0.7050503641493013,0.5904110687554404,0.6409459190019041,0.7002104761483491,6,6,28,2,available
human_source_holdout,D+R+F+SC+BC,100,values_plus_missing,0.6571498128994824,0.7074670768609702,0.6068325489379945,0.6399016955117001,0.7074110864117612,6,6,28,2,available
human_source_holdout,D+R+F+SC+BC,200,values_plus_missing,0.6652402420503328,0.7120973445867991,0.6183831395138664,0.6480401629636673,0.7105306384925756,6,6,28,2,available
human_source_holdout,D+R+F+SC+BC,all,values_plus_missing,0.6618373151960362,0.7164586564037606,0.6072159739883117,0.6461439192667805,0.7117840440273955,6,6,28,2,available
human_source_holdout,D+R+H+SC+BC,25,values_plus_missing,0.6506313772151149,0.6942534944406488,0.607009259989581,0.6408930405354224,0.704800010297145,6,6,28,2,available
human_source_holdout,D+R+H+SC+BC,50,values_plus_missing,0.6337247861896025,0.7127158655487408,0.5547337068304642,0.6381161051516627,0.6992096250142611,6,6,28,2,available
human_source_holdout,D+R+H+SC+BC,100,values_plus_missing,0.6511804002345546,0.717916163574584,0.5844446368945253,0.649461769031459,0.7182807903776683,6,6,28,2,available
human_source_holdout,D+R+H+SC+BC,200,values_plus_missing,0.6585099922856484,0.7221670814523588,0.5948529031189383,0.6473021939158462,0.7149437386292695,6,6,28,2,available
human_source_holdout,D+R+H+SC+BC,all,values_plus_missing,0.6563378392292973,0.7196965539109139,0.5929791245476808,0.6485850405864052,0.7153403467201629,6,6,28,2,available
human_source_holdout,D+P+F+H+SC,25,values_plus_missing,0.6509111585009092,0.66971921085609,0.6321031061457283,0.6385981433620065,0.6932572027632079,6,6,28,2,available
human_source_holdout,D+P+F+H+SC,50,values_plus_missing,0.631923024694201,0.6886775132866537,0.5751685361017483,0.6247012014712333,0.6819861189599551,6,6,28,2,available
human_source_holdout,D+P+F+H+SC,100,values_plus_missing,0.6406212155579486,0.6955177931230874,0.5857246379928097,0.6332171175426092,0.695397468472261,6,6,28,2,available
human_source_holdout,D+P+F+H+SC,200,values_plus_missing,0.6334001484319717,0.7047315830900831,0.5620687137738603,0.6308071450224452,0.6944607521202183,6,6,28,2,available
human_source_holdout,D+P+F+H+SC,all,values_plus_missing,0.639234639057186,0.7060393224078413,0.5724299557065308,0.6324696729123686,0.6938067752323146,6,6,28,2,available
human_source_holdout,D+P+F+H+BC,25,values_plus_missing,0.6254231119676683,0.6455884421475615,0.6052577817877751,0.6224328764515851,0.6714896668257732,6,6,28,2,available
human_source_holdout,D+P+F+H+BC,50,values_plus_missing,0.6079671869103638,0.6601365527699986,0.555797821050729,0.6094790071673377,0.6596306355417223,6,6,28,2,available
human_source_holdout,D+P+F+H+BC,100,values_plus_missing,0.6137224109489091,0.6664803394556023,0.5609644824422159,0.6124560670891995,0.672577380176954,6,6,28,2,available
human_source_holdout,D+P+F+H+BC,200,values_plus_missing,0.6228800498240074,0.6799571203700081,0.5658029792780066,0.6240593396289018,0.6754041082047315,6,6,28,2,available
human_source_holdout,D+P+F+H+BC,all,values_plus_missing,0.6234165531571375,0.6812750140827862,0.5655580922314888,0.6227874983853504,0.6748662036564823,6,6,28,2,available
human_source_holdout,D+P+F+SC+BC,25,values_plus_missing,0.6427468866421305,0.6637510294543025,0.6217427438299584,0.6316240357119675,0.6830958195771719,6,6,28,2,available
human_source_holdout,D+P+F+SC+BC,50,values_plus_missing,0.6378263409990999,0.6722093752978665,0.6034433067003332,0.6224569116470429,0.6734139435815844,6,6,28,2,available
human_source_holdout,D+P+F+SC+BC,100,values_plus_missing,0.6370944342481546,0.6762033866034306,0.5979854818928787,0.623017485830423,0.6784998257539829,6,6,28,2,available
human_source_holdout,D+P+F+SC+BC,200,values_plus_missing,0.6312601703960289,0.6827550103221863,0.5797653304698717,0.6212787285308239,0.6815635387360713,6,6,28,2,available
human_source_holdout,D+P+F+SC+BC,all,values_plus_missing,0.6324530318990238,0.6861320628522288,0.5787740009458188,0.6204858325343763,0.680760052153698,6,6,28,2,available
human_source_holdout,D+P+H+SC+BC,25,values_plus_missing,0.6144711290398882,0.6381085770716068,0.5908336810081695,0.6103457184953665,0.6672563690381982,6,6,28,2,available
human_source_holdout,D+P+H+SC+BC,50,values_plus_missing,0.6160177119433596,0.6537415944334632,0.5782938294532559,0.6129323779078193,0.6646905206719286,6,6,28,2,available
human_source_holdout,D+P+H+SC+BC,100,values_plus_missing,0.6199386517669355,0.6584653591297721,0.5814119444040989,0.6165234213596583,0.6775313822717045,6,6,28,2,available
human_source_holdout,D+P+H+SC+BC,200,values_plus_missing,0.6126523841263151,0.6718737392033605,0.5534310290492696,0.6132582651884717,0.6736082965723539,6,6,28,2,available
human_source_holdout,D+P+H+SC+BC,all,values_plus_missing,0.6157661660566067,0.6691069100679603,0.562425422045253,0.614967638114435,0.6712855219239776,6,6,28,2,available
human_source_holdout,D+F+H+SC+BC,25,values_plus_missing,0.6519614220010249,0.6710045221278454,0.6329183218742042,0.6368843854864555,0.6909408856324808,6,6,28,2,available
human_source_holdout,D+F+H+SC+BC,50,values_plus_missing,0.6223814893511217,0.6858424154598479,0.5589205632423954,0.6136404252802742,0.6701410757404899,6,6,28,2,available
human_source_holdout,D+F+H+SC+BC,100,values_plus_missing,0.6258525012593755,0.6885973630020293,0.5631076395167218,0.6192927635287966,0.6817836763668244,6,6,28,2,available
human_source_holdout,D+F+H+SC+BC,200,values_plus_missing,0.6242657678056861,0.6974372989092331,0.5510942367021392,0.6207821263594427,0.6805894906961621,6,6,28,2,available
human_source_holdout,D+F+H+SC+BC,all,values_plus_missing,0.6185977726468245,0.6999330990041529,0.537262446289496,0.6175498455933007,0.6796086341266312,6,6,28,2,available
human_source_holdout,R+P+F+H+SC,25,values_plus_missing,0.6633185351402628,0.7084574552653221,0.6181796150152035,0.6511320776401991,0.7108500742564725,6,6,28,2,available
human_source_holdout,R+P+F+H+SC,50,values_plus_missing,0.6557489783441968,0.7208407706088554,0.5906571860795381,0.6431532287680036,0.7055231660515794,6,6,28,2,available
human_source_holdout,R+P+F+H+SC,100,values_plus_missing,0.6658130572108746,0.7339856328444591,0.5976404815772902,0.655074143005386,0.7176962046318279,6,6,28,2,available
human_source_holdout,R+P+F+H+SC,200,values_plus_missing,0.6643909652523566,0.7390452369146394,0.589736693590074,0.6559992042083703,0.7193612062974994,6,6,28,2,available
human_source_holdout,R+P+F+H+SC,all,values_plus_missing,0.6638265809945132,0.7400135079245991,0.5876396540644274,0.6535113337919473,0.7190757702745386,6,6,28,2,available
human_source_holdout,R+P+F+H+BC,25,values_plus_missing,0.6440880081471843,0.6942559676872145,0.593920048607154,0.6424481582004349,0.6894859749097462,6,6,28,2,available
human_source_holdout,R+P+F+H+BC,50,values_plus_missing,0.6382518117715258,0.7087461071870212,0.5677575163560303,0.6364657779387342,0.6814084203264371,6,6,28,2,available
human_source_holdout,R+P+F+H+BC,100,values_plus_missing,0.6553147598758545,0.7219260753956392,0.5887034443560698,0.6397693388540541,0.6950428934387085,6,6,28,2,available
human_source_holdout,R+P+F+H+BC,200,values_plus_missing,0.6586239510310951,0.7190219639918448,0.5982259380703453,0.6429752373028289,0.7002314107719865,6,6,28,2,available
human_source_holdout,R+P+F+H+BC,all,values_plus_missing,0.6557083647116965,0.720675533315891,0.5907411961075019,0.6416427610139354,0.7010100830026316,6,6,28,2,available
human_source_holdout,R+P+F+SC+BC,25,values_plus_missing,0.6373866061484985,0.6846195110353696,0.5901537012616275,0.6268343449264616,0.6903615159885473,6,6,28,2,available
human_source_holdout,R+P+F+SC+BC,50,values_plus_missing,0.634113927728202,0.6982747054327035,0.5699531500237003,0.6234473601283658,0.6900811858070552,6,6,28,2,available
human_source_holdout,R+P+F+SC+BC,100,values_plus_missing,0.6428415685518591,0.7124041065612161,0.5732790305425021,0.6269727097776715,0.6956327856520549,6,6,28,2,available
human_source_holdout,R+P+F+SC+BC,200,values_plus_missing,0.646983418316679,0.7119107251216371,0.5820561115117209,0.631785292656038,0.7010579515288233,6,6,28,2,available
human_source_holdout,R+P+F+SC+BC,all,values_plus_missing,0.6506364541382871,0.7181801168893683,0.5830927913872058,0.635364678254741,0.7027883612583011,6,6,28,2,available
human_source_holdout,R+P+H+SC+BC,25,values_plus_missing,0.6325967708796371,0.7038201211409335,0.5613734206183406,0.6289849068794503,0.6847825062732197,6,6,28,2,available
human_source_holdout,R+P+H+SC+BC,50,values_plus_missing,0.6363589194935241,0.7263426176725734,0.5463752213144749,0.6399964550417019,0.6832227397408838,6,6,28,2,available
human_source_holdout,R+P+H+SC+BC,100,values_plus_missing,0.6475680086766638,0.7433775070672689,0.5517585102860586,0.6426843869839333,0.7010905510155163,6,6,28,2,available
human_source_holdout,R+P+H+SC+BC,200,values_plus_missing,0.6349877695230663,0.7337865282406023,0.5361890108055303,0.6374849220974007,0.6980306739701542,6,6,28,2,available
human_source_holdout,R+P+H+SC+BC,all,values_plus_missing,0.6325018996725927,0.735840373842587,0.5291634255025984,0.6350765492436329,0.6949538580899001,6,6,28,2,available
human_source_holdout,R+F+H+SC+BC,25,values_plus_missing,0.6568440031579649,0.7004318555213348,0.613256150794595,0.6404358318478298,0.710590133927564,6,6,28,2,available
human_source_holdout,R+F+H+SC+BC,50,values_plus_missing,0.635995336836102,0.7152596251199642,0.5567310485522398,0.6311626610837704,0.6969932097272314,6,6,28,2,available
human_source_holdout,R+F+H+SC+BC,100,values_plus_missing,0.6538075588721467,0.7324146362711893,0.5752004814731041,0.6427437194356175,0.7100284048510451,6,6,28,2,available
human_source_holdout,R+F+H+SC+BC,200,values_plus_missing,0.6507063694567257,0.7352240409956431,0.5661886979178082,0.6455211370799108,0.709982701759045,6,6,28,2,available
human_source_holdout,R+F+H+SC+BC,all,values_plus_missing,0.6521268418969828,0.7396579605279912,0.5645957232659744,0.6434568333246233,0.7104561910067373,6,6,28,2,available
human_source_holdout,P+F+H+SC+BC,25,values_plus_missing,0.6326533702993418,0.6783994033298236,0.5869073372688598,0.6235298076615712,0.6829860379104559,6,6,28,2,available
human_source_holdout,P+F+H+SC+BC,50,values_plus_missing,0.6294521290075415,0.6846305554722,0.5742737025428831,0.6191479867449857,0.6696706589394849,6,6,28,2,available
human_source_holdout,P+F+H+SC+BC,100,values_plus_missing,0.6294393105490921,0.6969052376899744,0.5619733834082099,0.6264673560624722,0.6811892060204148,6,6,28,2,available
human_source_holdout,P+F+H+SC+BC,200,values_plus_missing,0.6275652482177115,0.7044099627709238,0.5507205336644994,0.6260913904889286,0.6812937079607114,6,6,28,2,available
human_source_holdout,P+F+H+SC+BC,all,values_plus_missing,0.628766288242517,0.7111289486209543,0.5464036278640798,0.6266618564987775,0.6800647757903683,6,6,28,2,available
human_source_holdout,S+D+R+P+F+H,25,values_plus_missing,0.6594846420257366,0.7311938150207581,0.5877754690307152,0.6460507801229133,0.7152361995279853,6,6,28,2,available
human_source_holdout,S+D+R+P+F+H,50,values_plus_missing,0.6583261401149751,0.7429077723964831,0.5737445078334672,0.651138691396505,0.7199454826172611,6,6,28,2,available
human_source_holdout,S+D+R+P+F+H,100,values_plus_missing,0.681892138318012,0.7498483319044421,0.6139359447315816,0.6591797417197398,0.7365265067735692,6,6,28,2,available
human_source_holdout,S+D+R+P+F+H,200,values_plus_missing,0.6767127485047921,0.7535463304368317,0.5998791665727524,0.6625627396406847,0.7465535374542942,6,6,28,2,available
human_source_holdout,S+D+R+P+F+H,all,values_plus_missing,0.6778671316863804,0.7566686059340556,0.599065657438705,0.6651183351336966,0.7491033644360566,6,6,28,2,available
human_source_holdout,S+D+R+P+F+SC,25,values_plus_missing,0.6567780107621509,0.7325973001800229,0.580958721344279,0.6467388719091168,0.7090395393052623,6,6,28,2,available
human_source_holdout,S+D+R+P+F+SC,50,values_plus_missing,0.6611844258992422,0.7457344428775184,0.576634408920966,0.6567897661172318,0.7195576774917339,6,6,28,2,available
human_source_holdout,S+D+R+P+F+SC,100,values_plus_missing,0.6837098165328216,0.7472098710648019,0.6202097620008412,0.6683033084906634,0.7331526963073601,6,6,28,2,available
human_source_holdout,S+D+R+P+F+SC,200,values_plus_missing,0.679952709181603,0.752336107826951,0.607569310536255,0.6690622785692222,0.7407534261604092,6,6,28,2,available
human_source_holdout,S+D+R+P+F+SC,all,values_plus_missing,0.6821397670544194,0.7555961567811563,0.6086833773276824,0.6695839122870226,0.7434328421173156,6,6,28,2,available
human_source_holdout,S+D+R+P+F+BC,25,values_plus_missing,0.6620299624634941,0.7224251885685183,0.6016347363584699,0.6484108725701296,0.7145322272375161,6,6,28,2,available
human_source_holdout,S+D+R+P+F+BC,50,values_plus_missing,0.6629334166077189,0.736838234315441,0.5890285988999966,0.6532594368070767,0.7214580563298868,6,6,28,2,available
human_source_holdout,S+D+R+P+F+BC,100,values_plus_missing,0.6779712211498431,0.7383016230709282,0.6176408192287578,0.656591832988238,0.7323072901384701,6,6,28,2,available
human_source_holdout,S+D+R+P+F+BC,200,values_plus_missing,0.679397527605782,0.7446195383364791,0.6141755168750849,0.6628490515111394,0.7428116898562197,6,6,28,2,available
human_source_holdout,S+D+R+P+F+BC,all,values_plus_missing,0.6804815217246137,0.749245572641397,0.6117174708078307,0.6607985506891364,0.7441593405782442,6,6,28,2,available
human_source_holdout,S+D+R+P+H+SC,25,values_plus_missing,0.6276851828150644,0.7244274180882043,0.5309429475419244,0.6230504128789675,0.6836309682659814,6,6,28,2,available
human_source_holdout,S+D+R+P+H+SC,50,values_plus_missing,0.637711307678137,0.731302727276195,0.5441198880800789,0.6310897600515886,0.6923744430481215,6,6,28,2,available
human_source_holdout,S+D+R+P+H+SC,100,values_plus_missing,0.6567374055630465,0.7347064033709788,0.5787684077551143,0.643314330004105,0.7185800512126381,6,6,28,2,available
human_source_holdout,S+D+R+P+H+SC,200,values_plus_missing,0.654039675242568,0.7348455495323254,0.5732338009528106,0.6455687649288123,0.7249173167161567,6,6,28,2,available
human_source_holdout,S+D+R+P+H+SC,all,values_plus_missing,0.6504118328473828,0.7356251595494333,0.5651985061453323,0.6434422812126533,0.7250434036904778,6,6,28,2,available
human_source_holdout,S+D+R+P+H+BC,25,values_plus_missing,0.621353458673155,0.706319461110957,0.536387456235353,0.6207346234482161,0.6844601690570583,6,6,28,2,available
human_source_holdout,S+D+R+P+H+BC,50,values_plus_missing,0.6421187102982148,0.7159920179230488,0.5682454026733806,0.6277843531307981,0.6955505631831376,6,6,28,2,available
human_source_holdout,S+D+R+P+H+BC,100,values_plus_missing,0.6494313101396093,0.7261246510424719,0.5727379692367467,0.6389916731454689,0.71769620377909,6,6,28,2,available
human_source_holdout,S+D+R+P+H+BC,200,values_plus_missing,0.6477603123743041,0.7279678411766085,0.5675527835719997,0.6397521357262556,0.7263133702738133,6,6,28,2,available
human_source_holdout,S+D+R+P+H+BC,all,values_plus_missing,0.6483349281988134,0.7270157824971614,0.5696540739004657,0.6374420112701272,0.726470200129115,6,6,28,2,available
human_source_holdout,S+D+R+P+SC+BC,25,values_plus_missing,0.620794101833157,0.7174437213486963,0.5241444823176177,0.6148546869626008,0.6758737521398002,6,6,28,2,available
human_source_holdout,S+D+R+P+SC+BC,50,values_plus_missing,0.6422458736825192,0.7217652950691872,0.5627264522958513,0.6351124187034801,0.6959165962838528,6,6,28,2,available
human_source_holdout,S+D+R+P+SC+BC,100,values_plus_missing,0.6585334701484956,0.7252091974465597,0.5918577428504315,0.6459304540814057,0.7169401714188963,6,6,28,2,available
human_source_holdout,S+D+R+P+SC+BC,200,values_plus_missing,0.6617447066451643,0.723287009991334,0.6002024032989944,0.6525303062058923,0.7229991558719938,6,6,28,2,available
human_source_holdout,S+D+R+P+SC+BC,all,values_plus_missing,0.657345313757488,0.7238806129916492,0.5908100145233269,0.6513449095681333,0.7225242184100142,6,6,28,2,available
human_source_holdout,S+D+R+F+H+SC,25,values_plus_missing,0.6631068045877485,0.7467776777658082,0.5794359314096887,0.6522364999282314,0.7203864006084573,6,6,28,2,available
human_source_holdout,S+D+R+F+H+SC,50,values_plus_missing,0.6671871675022404,0.7540828901191153,0.5802914448853654,0.6557565185386692,0.7167710245458908,6,6,28,2,available
human_source_holdout,S+D+R+F+H+SC,100,values_plus_missing,0.6765758017575655,0.7609828668467623,0.5921687366683687,0.6624218083546667,0.7349648261951124,6,6,28,2,available
human_source_holdout,S+D+R+F+H+SC,200,values_plus_missing,0.6778808445665566,0.7602678023343672,0.595493886798746,0.6686545328608035,0.741729357529849,6,6,28,2,available
human_source_holdout,S+D+R+F+H+SC,all,values_plus_missing,0.6835393809374137,0.7623881423406078,0.6046906195342197,0.6689516178241665,0.7448063090032458,6,6,28,2,available
human_source_holdout,S+D+R+F+H+BC,25,values_plus_missing,0.6611448305660633,0.7386026578126756,0.5836870033194512,0.6488207958740985,0.7245424940639932,6,6,28,2,available
human_source_holdout,S+D+R+F+H+BC,50,values_plus_missing,0.6614951832852469,0.7458942264976886,0.5770961400728053,0.6540872896708306,0.7206948066889087,6,6,28,2,available
human_source_holdout,S+D+R+F+H+BC,100,values_plus_missing,0.678262699761128,0.7524012911499397,0.6041241083723161,0.6564346805755493,0.7345848853841881,6,6,28,2,available
human_source_holdout,S+D+R+F+H+BC,200,values_plus_missing,0.6806395573345778,0.7524066957601087,0.6088724189090472,0.6600076718573991,0.7442150598669707,6,6,28,2,available
human_source_holdout,S+D+R+F+H+BC,all,values_plus_missing,0.6852197486702228,0.7557618733872081,0.6146776239532376,0.6626078841940017,0.7464440039660329,6,6,28,2,available
human_source_holdout,S+D+R+F+SC+BC,25,values_plus_missing,0.6649815012696466,0.7413783751453437,0.5885846273939495,0.6520232311106072,0.7178648767385555,6,6,28,2,available
human_source_holdout,S+D+R+F+SC+BC,50,values_plus_missing,0.6697864005737176,0.7479582813787115,0.5916145197687238,0.6607292215532098,0.7193893171164468,6,6,28,2,available
human_source_holdout,S+D+R+F+SC+BC,100,values_plus_missing,0.6822323958926662,0.7511424598319053,0.6133223319534268,0.6654276998201744,0.7311961275689692,6,6,28,2,available
human_source_holdout,S+D+R+F+SC+BC,200,values_plus_missing,0.6839378276818141,0.751187143199163,0.6166885121644653,0.6696156569719108,0.7390811581422654,6,6,28,2,available
human_source_holdout,S+D+R+F+SC+BC,all,values_plus_missing,0.6798887362327326,0.7572405452788203,0.6025369271866446,0.6669783108691673,0.7410690405849445,6,6,28,2,available
human_source_holdout,S+D+R+H+SC+BC,25,values_plus_missing,0.6304381830124102,0.7313505736833797,0.5295257923414406,0.624075190537294,0.6870284144439426,6,6,28,2,available
human_source_holdout,S+D+R+H+SC+BC,50,values_plus_missing,0.6392582388689528,0.7343568524968461,0.5441596252410595,0.630053963072513,0.6884633149185273,6,6,28,2,available
human_source_holdout,S+D+R+H+SC+BC,100,values_plus_missing,0.6537491654845127,0.7383114606981095,0.5691868702709157,0.6416159888145215,0.7133913219645823,6,6,28,2,available
human_source_holdout,S+D+R+H+SC+BC,200,values_plus_missing,0.6490347176034869,0.7363043979100915,0.5617650372968822,0.6420328390187457,0.7193593458501267,6,6,28,2,available
human_source_holdout,S+D+R+H+SC+BC,all,values_plus_missing,0.6459934933205581,0.7373188928073292,0.5546680938337872,0.6407384030686567,0.7202811681663809,6,6,28,2,available
human_source_holdout,S+D+P+F+H+SC,25,values_plus_missing,0.6450343872111642,0.730459791241525,0.5596089831808034,0.6299292286884466,0.6932649701169522,6,6,28,2,available
human_source_holdout,S+D+P+F+H+SC,50,values_plus_missing,0.6506749395509756,0.7317819912446102,0.5695678878573409,0.6346380048421254,0.690603443624978,6,6,28,2,available
human_source_holdout,S+D+P+F+H+SC,100,values_plus_missing,0.6551953935052385,0.7378283644598166,0.5725624225506601,0.6381158418297872,0.7067158541789728,6,6,28,2,available
human_source_holdout,S+D+P+F+H+SC,200,values_plus_missing,0.6574042112271405,0.7440788187172117,0.5707296037370694,0.6446982441127497,0.7140411399902986,6,6,28,2,available
human_source_holdout,S+D+P+F+H+SC,all,values_plus_missing,0.659463247813386,0.7473328931907802,0.5715936024359919,0.6455785014274925,0.7159027925990504,6,6,28,2,available
human_source_holdout,S+D+P+F+H+BC,25,values_plus_missing,0.6298475731980563,0.7179517079446079,0.5417434384515047,0.6223644875342839,0.6950317355989414,6,6,28,2,available
human_source_holdout,S+D+P+F+H+BC,50,values_plus_missing,0.639246916686888,0.7228002440279767,0.5556935893457994,0.6258776246982709,0.6940845098369259,6,6,28,2,available
human_source_holdout,S+D+P+F+H+BC,100,values_plus_missing,0.6450681782167558,0.7330137017486983,0.5571226546848135,0.6320330551171258,0.7066283441095679,6,6,28,2,available
human_source_holdout,S+D+P+F+H+BC,200,values_plus_missing,0.6458679154379477,0.7405639068026874,0.5511719240732084,0.6330143934742006,0.7158433494409778,6,6,28,2,available
human_source_holdout,S+D+P+F+H+BC,all,values_plus_missing,0.6497550393707684,0.7428864993320293,0.5566235794095074,0.6325642473456631,0.7174763623397676,6,6,28,2,available
human_source_holdout,S+D+P+F+SC+BC,25,values_plus_missing,0.6441323574264827,0.7244855790022942,0.5637791358506713,0.6283581446014467,0.6941839584270627,6,6,28,2,available
human_source_holdout,S+D+P+F+SC+BC,50,values_plus_missing,0.6595715032681819,0.7283607577596104,0.5907822487767533,0.6417495011741757,0.6975093270295715,6,6,28,2,available
human_source_holdout,S+D+P+F+SC+BC,100,values_plus_missing,0.6541620701931108,0.7302209472386734,0.5781031931475481,0.640694293776075,0.7056531891327974,6,6,28,2,available
human_source_holdout,S+D+P+F+SC+BC,200,values_plus_missing,0.6568336482486227,0.7357670102180007,0.5779002862792446,0.641217051570805,0.7139424844917154,6,6,28,2,available
human_source_holdout,S+D+P+F+SC+BC,all,values_plus_missing,0.6600769315728041,0.7397131177641848,0.5804407453814234,0.6437777915066311,0.7150867473664312,6,6,28,2,available
human_source_holdout,S+D+P+H+SC+BC,25,values_plus_missing,0.6002284297717598,0.6967237974768631,0.5037330620666566,0.591339182802819,0.6497477226483461,6,6,28,2,available
human_source_holdout,S+D+P+H+SC+BC,50,values_plus_missing,0.6169427503076675,0.6994132504450242,0.5344722501703107,0.6054003482341749,0.6552224737932455,6,6,28,2,available
human_source_holdout,S+D+P+H+SC+BC,100,values_plus_missing,0.6227123639546078,0.7014972473906277,0.5439274805185882,0.6110612247442345,0.6737654889916266,6,6,28,2,available
human_source_holdout,S+D+P+H+SC+BC,200,values_plus_missing,0.620314600711761,0.7057461980244004,0.5348830033991218,0.6070095273477812,0.676623281070343,6,6,28,2,available
human_source_holdout,S+D+P+H+SC+BC,all,values_plus_missing,0.6166937621534548,0.7079605291549229,0.5254269951519869,0.6047234057602863,0.6758332640873063,6,6,28,2,available
human_source_holdout,S+D+F+H+SC+BC,25,values_plus_missing,0.6481554160684343,0.7333439881804219,0.5629668439564466,0.6319663369582771,0.6979342400107046,6,6,28,2,available
human_source_holdout,S+D+F+H+SC+BC,50,values_plus_missing,0.6494840831922365,0.7348166581475187,0.5641515082369543,0.6331023407645576,0.6884070106062872,6,6,28,2,available
human_source_holdout,S+D+F+H+SC+BC,100,values_plus_missing,0.6481040437721521,0.7378798119177925,0.5583282756265119,0.6327669624147696,0.7015057118301782,6,6,28,2,available
human_source_holdout,S+D+F+H+SC+BC,200,values_plus_missing,0.6548681683571705,0.7453335570721132,0.564402779642228,0.6400711098144553,0.7098080102097315,6,6,28,2,available
human_source_holdout,S+D+F+H+SC+BC,all,values_plus_missing,0.653786520740743,0.7508145353648042,0.5567585061166817,0.6385896357256208,0.7108979148003709,6,6,28,2,available
human_source_holdout,S+R+P+F+H+SC,25,values_plus_missing,0.6529518856652291,0.7489798139859412,0.5569239573445172,0.6441635338033997,0.7118049389178066,6,6,28,2,available
human_source_holdout,S+R+P+F+H+SC,50,values_plus_missing,0.6640299577314271,0.7545021451200936,0.5735577703427607,0.6535983213839237,0.7150382875897758,6,6,28,2,available
human_source_holdout,S+R+P+F+H+SC,100,values_plus_missing,0.6697248133087176,0.7603561091732315,0.5790935174442035,0.6548438878809238,0.7332221130871132,6,6,28,2,available
human_source_holdout,S+R+P+F+H+SC,200,values_plus_missing,0.6808480905822046,0.7637982886165501,0.5978978925478593,0.6706498001714537,0.7404394026220987,6,6,28,2,available
human_source_holdout,S+R+P+F+H+SC,all,values_plus_missing,0.6783077444206675,0.7652002123733714,0.5914152764679637,0.6670528538537793,0.7434353421239915,6,6,28,2,available
human_source_holdout,S+R+P+F+H+BC,25,values_plus_missing,0.6483064615746436,0.7377398330333423,0.5588730901159449,0.6406487899974196,0.7142574031657819,6,6,28,2,available
human_source_holdout,S+R+P+F+H+BC,50,values_plus_missing,0.6552495836350488,0.7444205043895309,0.5660786628805666,0.6488954246649291,0.715911918982859,6,6,28,2,available
human_source_holdout,S+R+P+F+H+BC,100,values_plus_missing,0.6615733582935733,0.753175176327269,0.5699715402598776,0.6513882807043848,0.7314948103216412,6,6,28,2,available
human_source_holdout,S+R+P+F+H+BC,200,values_plus_missing,0.6660607540028126,0.7546990564091719,0.5774224515964533,0.6591229248634417,0.7417530314442519,6,6,28,2,available
human_source_holdout,S+R+P+F+H+BC,all,values_plus_missing,0.6722299580413309,0.7584206525644898,0.586039263518172,0.661792350466622,0.7445078169139032,6,6,28,2,available
human_source_holdout,S+R+P+F+SC+BC,25,values_plus_missing,0.6580043974297385,0.7423697228601048,0.573639071999372,0.6444836775495809,0.708733922321926,6,6,28,2,available
human_source_holdout,S+R+P+F+SC+BC,50,values_plus_missing,0.6661766168523956,0.7439850624682371,0.5883681712365542,0.6589969655497346,0.7184541890995852,6,6,28,2,available
human_source_holdout,S+R+P+F+SC+BC,100,values_plus_missing,0.678728922889056,0.7517073342231329,0.6057505115549792,0.6630608030016018,0.7294468931101041,6,6,28,2,available
human_source_holdout,S+R+P+F+SC+BC,200,values_plus_missing,0.6762138895620629,0.7507825722290375,0.6016452068950883,0.6621702740300796,0.7362254632632892,6,6,28,2,available
human_source_holdout,S+R+P+F+SC+BC,all,values_plus_missing,0.6774429163479936,0.7562490973627817,0.5986367353332055,0.6651676137869732,0.7390391824838394,6,6,28,2,available
human_source_holdout,S+R+P+H+SC+BC,25,values_plus_missing,0.6197358112107244,0.7309976567628587,0.5084739656585904,0.615318142916253,0.6706106458060301,6,6,28,2,available
human_source_holdout,S+R+P+H+SC+BC,50,values_plus_missing,0.6246256732153338,0.7281412409474669,0.5211101054832005,0.6215643374941088,0.6768332357596155,6,6,28,2,available
human_source_holdout,S+R+P+H+SC+BC,100,values_plus_missing,0.6363054956072743,0.7403544376868562,0.5322565535276925,0.6273840166897036,0.7033871990447477,6,6,28,2,available
human_source_holdout,S+R+P+H+SC+BC,200,values_plus_missing,0.6407445771309858,0.7343279481090024,0.547161206152969,0.6351346069304046,0.7100548323094806,6,6,28,2,available
human_source_holdout,S+R+P+H+SC+BC,all,values_plus_missing,0.6354229250844974,0.7365569955786991,0.5342888545902955,0.6311601002116126,0.7097461243459495,6,6,28,2,available
human_source_holdout,S+R+F+H+SC+BC,25,values_plus_missing,0.6643703666159759,0.754164946425761,0.5745757868061908,0.6540878258680528,0.7206061829368705,6,6,28,2,available
human_source_holdout,S+R+F+H+SC+BC,50,values_plus_missing,0.6657812321832108,0.7552823591386714,0.5762801052277504,0.6543461595998562,0.7159699487085053,6,6,28,2,available
human_source_holdout,S+R+F+H+SC+BC,100,values_plus_missing,0.6725026918907232,0.7620109489212993,0.5829944348601472,0.6591238741327777,0.7319038121719259,6,6,28,2,available
human_source_holdout,S+R+F+H+SC+BC,200,values_plus_missing,0.6767763923016137,0.7608106223824772,0.5927421622207503,0.6671909706322076,0.7383335563122632,6,6,28,2,available
human_source_holdout,S+R+F+H+SC+BC,all,values_plus_missing,0.6761539197033334,0.7639078771754959,0.588399962231171,0.6657651733838096,0.7411952017279912,6,6,28,2,available
human_source_holdout,S+P+F+H+SC+BC,25,values_plus_missing,0.6468925680804758,0.7419956708996519,0.5517894652612998,0.6363271861055712,0.6949454464195725,6,6,28,2,available
human_source_holdout,S+P+F+H+SC+BC,50,values_plus_missing,0.651099691330323,0.7383090544004035,0.5638903282602423,0.639775724479644,0.6913941058380956,6,6,28,2,available
human_source_holdout,S+P+F+H+SC+BC,100,values_plus_missing,0.6575273258096482,0.7444493463709322,0.5706053052483642,0.6443425139226027,0.7052486485167029,6,6,28,2,available
human_source_holdout,S+P+F+H+SC+BC,200,values_plus_missing,0.6559710031817767,0.7466757806409586,0.5652662257225947,0.6444043626216391,0.7122528719761977,6,6,28,2,available
human_source_holdout,S+P+F+H+SC+BC,all,values_plus_missing,0.6593010966916059,0.7551999932716518,0.5634022001115602,0.6490430476895416,0.7139691238136031,6,6,28,2,available
human_source_holdout,D+R+P+F+H+SC,25,values_plus_missing,0.6645297045916442,0.7021517826907976,0.626907626492491,0.6530194598442608,0.7190167655269103,6,6,28,2,available
human_source_holdout,D+R+P+F+H+SC,50,values_plus_missing,0.6555052076043023,0.7237708318134045,0.5872395833951999,0.6437707796465489,0.7141641203683046,6,6,28,2,available
human_source_holdout,D+R+P+F+H+SC,100,values_plus_missing,0.6744822218413978,0.7312163306262746,0.6177481130565211,0.6575655766526233,0.7291676901624385,6,6,28,2,available
human_source_holdout,D+R+P+F+H+SC,200,values_plus_missing,0.673888889748043,0.733946157423247,0.6138316220728389,0.6628691788546172,0.730660752889518,6,6,28,2,available
human_source_holdout,D+R+P+F+H+SC,all,values_plus_missing,0.6760121877900668,0.7373799537821605,0.6146444217979731,0.6624377398614744,0.7306127145927839,6,6,28,2,available
human_source_holdout,D+R+P+F+H+BC,25,values_plus_missing,0.6603658894903089,0.680644647527964,0.640087131452654,0.6453583938371116,0.7033392098028808,6,6,28,2,available
human_source_holdout,D+R+P+F+H+BC,50,values_plus_missing,0.6517215630279306,0.7032554847971354,0.6001876412587256,0.6384241792604398,0.694861205501374,6,6,28,2,available
human_source_holdout,D+R+P+F+H+BC,100,values_plus_missing,0.6594847805320039,0.708580237992956,0.6103893230710516,0.6421731095225734,0.710807441696148,6,6,28,2,available
human_source_holdout,D+R+P+F+H+BC,200,values_plus_missing,0.6604280068600823,0.7162529708331166,0.604603042887048,0.6496104390931783,0.7153918904607117,6,6,28,2,available
human_source_holdout,D+R+P+F+H+BC,all,values_plus_missing,0.6659480610698479,0.7170789621218997,0.6148171600177962,0.6508864545046554,0.7144631436017422,6,6,28,2,available
human_source_holdout,D+R+P+F+SC+BC,25,values_plus_missing,0.6558870726363418,0.6842169865960619,0.6275571586766217,0.6445454355402634,0.7050497368152494,6,6,28,2,available
human_source_holdout,D+R+P+F+SC+BC,50,values_plus_missing,0.6494205846031084,0.7053583388184107,0.5934828303878059,0.6413125145873851,0.704597262187457,6,6,28,2,available
human_source_holdout,D+R+P+F+SC+BC,100,values_plus_missing,0.658227549655992,0.7081921320528147,0.6082629672591692,0.6420697812011964,0.7123542409113476,6,6,28,2,available
human_source_holdout,D+R+P+F+SC+BC,200,values_plus_missing,0.66740259539921,0.7117392772122338,0.6230659135861861,0.6537434853945648,0.7176938216881666,6,6,28,2,available
human_source_holdout,D+R+P+F+SC+BC,all,values_plus_missing,0.6620114121209774,0.7150797467234131,0.6089430775185416,0.6486899678385557,0.718118493044714,6,6,28,2,available
human_source_holdout,D+R+P+H+SC+BC,25,values_plus_missing,0.6499848137269731,0.6934087810999436,0.6065608463540026,0.6424114219980194,0.7047981246346374,6,6,28,2,available
human_source_holdout,D+R+P+H+SC+BC,50,values_plus_missing,0.6449760965145123,0.7079696455159259,0.5819825475130987,0.6453008721661312,0.7059874334824227,6,6,28,2,available
human_source_holdout,D+R+P+H+SC+BC,100,values_plus_missing,0.6555122792151554,0.7174577419768212,0.5935668164534899,0.6548417030283452,0.725218615659169,6,6,28,2,available
human_source_holdout,D+R+P+H+SC+BC,200,values_plus_missing,0.6651717371592941,0.7224672407462168,0.6078762335723714,0.6560928732686352,0.723186245243291,6,6,28,2,available
human_source_holdout,D+R+P+H+SC+BC,all,values_plus_missing,0.6668658421263941,0.7189456591671144,0.6147860250856737,0.6559764011653395,0.7217524968045252,6,6,28,2,available
human_source_holdout,D+R+F+H+SC+BC,25,values_plus_missing,0.6695859924920978,0.6965069468979687,0.6426650380862269,0.6543497040406575,0.7188059429914307,6,6,28,2,available
human_source_holdout,D+R+F+H+SC+BC,50,values_plus_missing,0.6397285750334293,0.718372537409773,0.5610846126570858,0.6362242311316191,0.7056354565924002,6,6,28,2,available
human_source_holdout,D+R+F+H+SC+BC,100,values_plus_missing,0.6683558295190409,0.7286262689941982,0.6080853900438836,0.6521929384140783,0.7208363420840039,6,6,28,2,available
human_source_holdout,D+R+F+H+SC+BC,200,values_plus_missing,0.6677540049516543,0.7330821677241549,0.6024258421791536,0.6580795995170167,0.7214854657650731,6,6,28,2,available
human_source_holdout,D+R+F+H+SC+BC,all,values_plus_missing,0.669050000333618,0.736218186577854,0.6018818140893819,0.6546657972079487,0.721459639179035,6,6,28,2,available
human_source_holdout,D+P+F+H+SC+BC,25,values_plus_missing,0.653457994762772,0.6763028900445125,0.6306130994810314,0.6402705554151515,0.6916647581857286,6,6,28,2,available
human_source_holdout,D+P+F+H+SC+BC,50,values_plus_missing,0.6305961562172254,0.6904736102783703,0.5707187021560806,0.6228506706470022,0.677566936338919,6,6,28,2,available
human_source_holdout,D+P+F+H+SC+BC,100,values_plus_missing,0.6380639682530943,0.6957794503358348,0.580348486170354,0.6292337709893481,0.6916801736423757,6,6,28,2,available
human_source_holdout,D+P+F+H+SC+BC,200,values_plus_missing,0.6322200208452132,0.7058107676936359,0.5586292739967905,0.6296770601557746,0.6930636602010644,6,6,28,2,available
human_source_holdout,D+P+F+H+SC+BC,all,values_plus_missing,0.6343580050511947,0.7064447953223318,0.5622712147800573,0.628889619280406,0.691775822190537,6,6,28,2,available
human_source_holdout,R+P+F+H+SC+BC,25,values_plus_missing,0.6614715545492659,0.705469007571565,0.6174741015269668,0.6446996567992823,0.7077524136888498,6,6,28,2,available
human_source_holdout,R+P+F+H+SC+BC,50,values_plus_missing,0.6408963405658737,0.7181630260269345,0.5636296551048129,0.6352384938965793,0.701073383118258,6,6,28,2,available
human_source_holdout,R+P+F+H+SC+BC,100,values_plus_missing,0.6612838239474262,0.7327014477881478,0.5898662001067048,0.6489722194297546,0.7143399991281738,6,6,28,2,available
human_source_holdout,R+P+F+H+SC+BC,200,values_plus_missing,0.6551379110483669,0.7358903383227609,0.5743854837739731,0.6513730280072446,0.7167577031536359,6,6,28,2,available
human_source_holdout,R+P+F+H+SC+BC,all,values_plus_missing,0.6610412226698389,0.739221143337501,0.582861302002177,0.653553438404609,0.715756672675389,6,6,28,2,available
human_source_holdout,S+D+R+P+F+H+SC,25,values_plus_missing,0.6557204459847547,0.7418476752206522,0.569593216748857,0.6481977290179403,0.7130291710819422,6,6,28,2,available
human_source_holdout,S+D+R+P+F+H+SC,50,values_plus_missing,0.6642962424082477,0.7516343145708424,0.576958170245653,0.6505930742158719,0.7146710139694511,6,6,28,2,available
human_source_holdout,S+D+R+P+F+H+SC,100,values_plus_missing,0.6758250303117324,0.7583386979201826,0.5933113627032822,0.6603961716029932,0.735181684622358,6,6,28,2,available
human_source_holdout,S+D+R+P+F+H+SC,200,values_plus_missing,0.6802323375338791,0.7595231138204119,0.6009415612473462,0.6706107225246236,0.7435381797366818,6,6,28,2,available
human_source_holdout,S+D+R+P+F+H+SC,all,values_plus_missing,0.6799195379979491,0.7632663910481003,0.5965726849477977,0.6691995313552597,0.7464010508885083,6,6,28,2,available
human_source_holdout,S+D+R+P+F+H+BC,25,values_plus_missing,0.6561852194569214,0.7322047900244248,0.5801656488894181,0.6474988300078873,0.7160071263077131,6,6,28,2,available
human_source_holdout,S+D+R+P+F+H+BC,50,values_plus_missing,0.6568817345372179,0.7415517316206625,0.5722117374537733,0.6496569959450744,0.7169705044005221,6,6,28,2,available
human_source_holdout,S+D+R+P+F+H+BC,100,values_plus_missing,0.6772848786605836,0.7499698488148828,0.6045999085062846,0.6554058150339162,0.7336232879556216,6,6,28,2,available
human_source_holdout,S+D+R+P+F+H+BC,200,values_plus_missing,0.6804741017922563,0.7527676525648124,0.6081805510197003,0.6606117834941548,0.7448257502178456,6,6,28,2,available
human_source_holdout,S+D+R+P+F+H+BC,all,values_plus_missing,0.6850513125393988,0.7576593456511259,0.6124432794276715,0.6629125305408878,0.7468239847567044,6,6,28,2,available
human_source_holdout,S+D+R+P+F+SC+BC,25,values_plus_missing,0.6549091712901778,0.7371042556281853,0.5727140869521703,0.646750402775455,0.711181955861398,6,6,28,2,available
human_source_holdout,S+D+R+P+F+SC+BC,50,values_plus_missing,0.6638500889130691,0.7458518093680039,0.5818483684581345,0.6548538928270745,0.717723121225462,6,6,28,2,available
human_source_holdout,S+D+R+P+F+SC+BC,100,values_plus_missing,0.6846660452991937,0.7479057842723634,0.6214263063260238,0.6659439140310026,0.7323391253126054,6,6,28,2,available
human_source_holdout,S+D+R+P+F+SC+BC,200,values_plus_missing,0.6815145437826228,0.7518268766574847,0.611202210907761,0.669055117707717,0.7410997505977148,6,6,28,2,available
human_source_holdout,S+D+R+P+F+SC+BC,all,values_plus_missing,0.679967921196261,0.756457405268569,0.603478437123953,0.6683272814687692,0.7429873905154161,6,6,28,2,available
human_source_holdout,S+D+R+P+H+SC+BC,25,values_plus_missing,0.6237053645228192,0.7251133489682294,0.522297380077409,0.6169978067003408,0.6794239703805401,6,6,28,2,available
human_source_holdout,S+D+R+P+H+SC+BC,50,values_plus_missing,0.6360404567851135,0.7311454085001969,0.5409355050700301,0.6276461244711391,0.6875521980526417,6,6,28,2,available
human_source_holdout,S+D+R+P+H+SC+BC,100,values_plus_missing,0.6521773078390968,0.7333122050581351,0.5710424106200586,0.6399658459104763,0.7148880701905401,6,6,28,2,available
human_source_holdout,S+D+R+P+H+SC+BC,200,values_plus_missing,0.6508366143553629,0.7344599818291743,0.5672132468815515,0.6435815537867449,0.7219056410717021,6,6,28,2,available
human_source_holdout,S+D+R+P+H+SC+BC,all,values_plus_missing,0.6449424452329242,0.7347147477012154,0.5551701427646331,0.6410811911555496,0.7218746706802496,6,6,28,2,available
human_source_holdout,S+D+R+F+H+SC+BC,25,values_plus_missing,0.665074606248401,0.7463618152074106,0.5837873972893913,0.6550952338933197,0.720958008849629,6,6,28,2,available
human_source_holdout,S+D+R+F+H+SC+BC,50,values_plus_missing,0.6665654454088885,0.753418358866687,0.5797125319510901,0.6520140757538254,0.7141589354967798,6,6,28,2,available
human_source_holdout,S+D+R+F+H+SC+BC,100,values_plus_missing,0.6727851151116604,0.7584366984445937,0.5871335317787272,0.6583943923998775,0.7331091836349365,6,6,28,2,available
human_source_holdout,S+D+R+F+H+SC+BC,200,values_plus_missing,0.67693964198846,0.7580854745501998,0.5957938094267202,0.6663154789445207,0.74130704116139,6,6,28,2,available
human_source_holdout,S+D+R+F+H+SC+BC,all,values_plus_missing,0.6774366561351144,0.7613945238382761,0.5934787884319527,0.663292002464436,0.7439497344785998,6,6,28,2,available
human_source_holdout,S+D+P+F+H+SC+BC,25,values_plus_missing,0.6410143563664868,0.7306573505523963,0.5513713621805775,0.6256400456746037,0.6960176430048729,6,6,28,2,available
human_source_holdout,S+D+P+F+H+SC+BC,50,values_plus_missing,0.6492400087039205,0.7334200932621505,0.5650599241456906,0.6333109453198861,0.6903029141486867,6,6,28,2,available
human_source_holdout,S+D+P+F+H+SC+BC,100,values_plus_missing,0.6489134436239566,0.7370368884706027,0.5607899987773107,0.6331255284203756,0.7060546312971301,6,6,28,2,available
human_source_holdout,S+D+P+F+H+SC+BC,200,values_plus_missing,0.6587320150685091,0.7467829475177976,0.5706810826192206,0.6451741341512728,0.7154979181946108,6,6,28,2,available
human_source_holdout,S+D+P+F+H+SC+BC,all,values_plus_missing,0.6579665132222478,0.7504392491755557,0.5654937772689399,0.6443794474448151,0.7168582643687074,6,6,28,2,available
human_source_holdout,S+R+P+F+H+SC+BC,25,values_plus_missing,0.656412145483197,0.7503404666055223,0.5624838243608717,0.6484023369286186,0.7128259501425189,6,6,28,2,available
human_source_holdout,S+R+P+F+H+SC+BC,50,values_plus_missing,0.6636063741132793,0.752436391608204,0.5747763566183545,0.6506848053779043,0.713403971040219,6,6,28,2,available
human_source_holdout,S+R+P+F+H+SC+BC,100,values_plus_missing,0.66910142916729,0.7600440532434409,0.578158805091139,0.6564390336146163,0.731882876446708,6,6,28,2,available
human_source_holdout,S+R+P+F+H+SC+BC,200,values_plus_missing,0.675612226913489,0.7618533066789235,0.5893711471480545,0.6682937259355795,0.7399045612666554,6,6,28,2,available
human_source_holdout,S+R+P+F+H+SC+BC,all,values_plus_missing,0.6754366614340568,0.7669505050300534,0.5839228178380602,0.666729485848849,0.7425147167783562,6,6,28,2,available
human_source_holdout,D+R+P+F+H+SC+BC,25,values_plus_missing,0.6668115195524417,0.700553267792305,0.6330697713125786,0.6554314684050273,0.7168131467801846,6,6,28,2,available
human_source_holdout,D+R+P+F+H+SC+BC,50,values_plus_missing,0.6444084107838861,0.7212745908273028,0.5675422307404694,0.6429328588330886,0.709488177917824,6,6,28,2,available
human_source_holdout,D+R+P+F+H+SC+BC,100,values_plus_missing,0.6692746330345569,0.728319004293334,0.61023026177578,0.6541677133178563,0.7250244559836361,6,6,28,2,available
human_source_holdout,D+R+P+F+H+SC+BC,200,values_plus_missing,0.6705294296215035,0.7302648346660693,0.6107940245769378,0.6602361446310155,0.7275449305692657,6,6,28,2,available
human_source_holdout,D+R+P+F+H+SC+BC,all,values_plus_missing,0.6714494414153509,0.7359776171646586,0.6069212656660432,0.6600270757610097,0.7271196774320311,6,6,28,2,available
human_source_holdout,S+D+R+P+F+H+SC+BC,25,values_plus_missing,0.6543099605812218,0.74348520747293,0.5651347136895136,0.6460161714860323,0.7142761608614133,6,6,28,2,available
human_source_holdout,S+D+R+P+F+H+SC+BC,50,values_plus_missing,0.6652173945378076,0.7516779642951231,0.5787568247804918,0.6500502815435855,0.7125769573587953,6,6,28,2,available
human_source_holdout,S+D+R+P+F+H+SC+BC,100,values_plus_missing,0.6706750411653449,0.755917784073699,0.5854322982569908,0.6558867270513663,0.7334902984985412,6,6,28,2,available
human_source_holdout,S+D+R+P+F+H+SC+BC,200,values_plus_missing,0.6768912066366101,0.7584849359523607,0.5952974773208596,0.6691414058801685,0.7432426327415964,6,6,28,2,available
human_source_holdout,S+D+R+P+F+H+SC+BC,all,values_plus_missing,0.6764572403169898,0.7625368542674749,0.5903776263665049,0.6665884446856423,0.7452359556601904,6,6,28,2,available
generator_holdout,S,25,values_plus_missing,0.6114812642437137,0.5052568306010929,0.7177056978863345,0.617291876839008,0.6608879127233561,5,5,25,0,available
generator_holdout,S,50,values_plus_missing,0.6201671830267423,0.5107568306010929,0.7295775354523919,0.6282149537620849,0.6745578985179789,5,5,25,0,available
generator_holdout,S,100,values_plus_missing,0.6218266799652407,0.5249245901639344,0.7187287697665469,0.6277267181588904,0.6779639765095831,5,5,25,0,available
generator_holdout,S,200,values_plus_missing,0.6156237530357467,0.5122710382513661,0.7189764678201274,0.6194768652795293,0.6708433164932781,5,5,25,0,available
generator_holdout,S,all,values_plus_missing,0.6139159906088688,0.5092174863387978,0.7186144948789397,0.6189116277847836,0.6671619000795345,5,5,25,0,available
generator_holdout,D,25,values_plus_missing,0.5836172029489375,0.42226174863387983,0.7449726572639952,0.5763352012400168,0.6223727067631496,5,5,25,0,available
generator_holdout,D,50,values_plus_missing,0.5885665941384663,0.4483366120218579,0.7287965762550745,0.5793966713955444,0.6219106018297844,5,5,25,0,available
generator_holdout,D,100,values_plus_missing,0.5904132329845797,0.4427333333333333,0.738093132635826,0.5830854166666667,0.6274377106950558,5,5,25,0,available
generator_holdout,D,200,values_plus_missing,0.585990598668458,0.45067650273224047,0.7213046946046756,0.579184405212274,0.6237527114993727,5,5,25,0,available
generator_holdout,D,all,values_plus_missing,0.5902355303402312,0.454083606557377,0.7263874541230854,0.582690841740227,0.6256537769197426,5,5,25,0,available
generator_holdout,R,25,values_plus_missing,0.6129622107158531,0.7525704918032787,0.4733539296284276,0.6024270728247163,0.6434802066364075,5,5,25,0,available
generator_holdout,R,50,values_plus_missing,0.6122827881391907,0.7534775956284153,0.4710879806499661,0.6002363939680537,0.6463375418818136,5,5,25,0,available
generator_holdout,R,100,values_plus_missing,0.6162655425429283,0.757024043715847,0.47550704137000965,0.6059158680117697,0.650615298727723,5,5,25,0,available
generator_holdout,R,200,values_plus_missing,0.6204207537534993,0.7415846994535519,0.49925680805344663,0.6090135035729298,0.6528932940452984,5,5,25,0,available
generator_holdout,R,all,values_plus_missing,0.6200470173123114,0.7426311475409836,0.49746288708363906,0.6083348045397226,0.6530980766457177,5,5,25,0,available
generator_holdout,P,25,values_plus_missing,0.5328170903377013,0.1597863387978142,0.9058478418775884,0.532597496321984,0.5273801939786813,5,5,25,0,available
generator_holdout,P,50,values_plus_missing,0.5226779240406654,0.13403278688524592,0.911323061196085,0.5217038934426229,0.504433750751008,5,5,25,0,available
generator_holdout,P,100,values_plus_missing,0.5169925677260104,0.12308633879781421,0.9108987966542065,0.5173124001681378,0.4976337542036223,5,5,25,0,available
generator_holdout,P,200,values_plus_missing,0.5292453747701785,0.1556792349726776,0.9028115145676795,0.5291617328709541,0.5174681596553385,5,5,25,0,available
generator_holdout,P,all,values_plus_missing,0.5283604507922517,0.1564327868852459,0.9002881146992575,0.5283966819041613,0.5155333511676232,5,5,25,0,available
generator_holdout,F,25,values_plus_missing,0.5870755127217832,0.4288562841530054,0.745294741290561,0.5653896805380412,0.559580577675352,5,5,25,0,available
generator_holdout,F,50,values_plus_missing,0.5728115875310376,0.41330983606557375,0.7323133389965014,0.5546717449558638,0.5335331085731497,5,5,25,0,available
generator_holdout,F,100,values_plus_missing,0.5643006818180542,0.41191693989071043,0.716684423745398,0.551210873791509,0.5339469531140297,5,5,25,0,available
generator_holdout,F,200,values_plus_missing,0.5680823789015839,0.4160027322404371,0.7201620255627306,0.5544556930432955,0.538940568666054,5,5,25,0,available
generator_holdout,F,all,values_plus_missing,0.5672118838992777,0.41185245901639345,0.7225713087821619,0.553281998738966,0.53958998437455,5,5,25,0,available
generator_holdout,H,25,values_plus_missing,0.5277198758510077,0.4350912568306011,0.6203484948714142,0.5300456284153006,0.5506665499296383,5,5,25,0,available
generator_holdout,H,50,values_plus_missing,0.5112824984325666,0.43661639344262293,0.5859486034225103,0.5198106005674653,0.5433328325407488,5,5,25,0,available
generator_holdout,H,100,values_plus_missing,0.5084423562532361,0.44081639344262297,0.5760683190638491,0.5158408890290038,0.5429125316376847,5,5,25,0,available
generator_holdout,H,200,values_plus_missing,0.5004517984035292,0.42443442622950817,0.5764691705775501,0.5076499054224464,0.5320007322043945,5,5,25,0,available
generator_holdout,H,all,values_plus_missing,0.5041609664077172,0.4221879781420765,0.5861339546733578,0.5112742775325767,0.5327733238928917,5,5,25,0,available
generator_holdout,SC,25,values_plus_missing,0.5219371157887505,0.4945344262295082,0.5493398053479928,0.537471540037831,0.5455071237483551,5,5,25,0,available
generator_holdout,SC,50,values_plus_missing,0.5311938049065177,0.49979890710382513,0.5625887027092102,0.5458730112442203,0.550987029939009,5,5,25,0,available
generator_holdout,SC,100,values_plus_missing,0.5295607123510038,0.507820218579235,0.5513012061227724,0.5467586669819251,0.5517627579338843,5,5,25,0,available
generator_holdout,SC,200,values_plus_missing,0.5221785064755726,0.4992486338797814,0.5451083790713639,0.5360425861706599,0.5378801650795582,5,5,25,0,available
generator_holdout,SC,all,values_plus_missing,0.5220346125649854,0.49844153005464487,0.545627695075326,0.5364803804119378,0.5352759840444544,5,5,25,0,available
generator_holdout,BC,25,values_plus_missing,0.45501507390141177,0.4046256830601093,0.5054044647427143,0.4642118799915931,0.45734424478904784,5,5,25,0,available
generator_holdout,BC,50,values_plus_missing,0.4641550452261912,0.3489327868852459,0.5793773035671365,0.467435143442623,0.4498881870618466,5,5,25,0,available
generator_holdout,BC,100,values_plus_missing,0.449985813745185,0.3841114754098361,0.5158601520805338,0.4537143915510719,0.43364720751676883,5,5,25,0,available
generator_holdout,BC,200,values_plus_missing,0.4476063530809518,0.4626185792349727,0.43259412692693083,0.453064097309794,0.4368588499588686,5,5,25,0,available
generator_holdout,BC,all,values_plus_missing,0.4462235955420807,0.48825792349726777,0.4041892675868938,0.45043905790248007,0.43039635224259376,5,5,25,0,available
generator_holdout,S+D,25,values_plus_missing,0.6360633938902531,0.523392349726776,0.7487344380537302,0.6360351171710803,0.6715808410627154,5,5,25,0,available
generator_holdout,S+D,50,values_plus_missing,0.6354569327221509,0.521631693989071,0.7492821714552308,0.6377990200714586,0.6828738371192368,5,5,25,0,available
generator_holdout,S+D,100,values_plus_missing,0.642208152301422,0.5418032786885246,0.7426130259143197,0.6459016393442623,0.6933603917602902,5,5,25,0,available
generator_holdout,S+D,200,values_plus_missing,0.6302467753830852,0.5237032786885246,0.7367902720776456,0.632464620113493,0.6838415857248052,5,5,25,0,available
generator_holdout,S+D,all,values_plus_missing,0.6266632966862326,0.5168568306010929,0.7364697627713722,0.6305437999159311,0.6816560642713064,5,5,25,0,available
generator_holdout,S+R,25,values_plus_missing,0.6325801463604097,0.5609639344262295,0.7041963582945898,0.6275973518284994,0.6882021188443699,5,5,25,0,available
generator_holdout,S+R,50,values_plus_missing,0.6398595894767365,0.5635174863387978,0.7162016926146751,0.6338020124001681,0.7014182592369024,5,5,25,0,available
generator_holdout,S+R,100,values_plus_missing,0.6530785755788918,0.5946639344262296,0.7114932167315542,0.6428247556746532,0.7095108230879984,5,5,25,0,available
generator_holdout,S+R,200,values_plus_missing,0.6499377400438962,0.5798174863387978,0.7200579937489946,0.6403895124001682,0.7099256054868909,5,5,25,0,available
generator_holdout,S+R,all,values_plus_missing,0.6454396382332748,0.5747174863387978,0.7161617901277518,0.636998166246322,0.7073901409427215,5,5,25,0,available
generator_holdout,S+P,25,values_plus_missing,0.6182771546888638,0.5196245901639344,0.7169297192137932,0.6235142181588903,0.6559223356020785,5,5,25,0,available
generator_holdout,S+P,50,values_plus_missing,0.6111516994076169,0.487331693989071,0.7349717048261629,0.6179446931483816,0.6578911363541582,5,5,25,0,available
generator_holdout,S+P,100,values_plus_missing,0.6149173519697382,0.505692349726776,0.7241423542127003,0.6211154056326188,0.6666844399332804,5,5,25,0,available
generator_holdout,S+P,200,values_plus_missing,0.607971547896684,0.49994590163934427,0.7159971941540236,0.6139152585119798,0.6633431787801467,5,5,25,0,available
generator_holdout,S+P,all,values_plus_missing,0.6097513320928909,0.5012387978142077,0.7182638663715742,0.6153429565994115,0.6639831733197805,5,5,25,0,available
generator_holdout,S+F,25,values_plus_missing,0.624972740856953,0.5054781420765028,0.7444673396374032,0.618664551807482,0.649518668199152,5,5,25,0,available
generator_holdout,S+F,50,values_plus_missing,0.620442911150462,0.4806032786885246,0.7602825436123993,0.61518144703657,0.6436850255637339,5,5,25,0,available
generator_holdout,S+F,100,values_plus_missing,0.611103738668508,0.47333551912568306,0.748871958211333,0.6061389134089954,0.6378607286520744,5,5,25,0,available
generator_holdout,S+F,200,values_plus_missing,0.6112004473243432,0.4802748633879782,0.7421260312607082,0.6072648355401429,0.639370058499222,5,5,25,0,available
generator_holdout,S+F,all,values_plus_missing,0.6119943315069943,0.4833890710382514,0.7405995919757373,0.6073195355191257,0.6397083290082065,5,5,25,0,available
generator_holdout,S+H,25,values_plus_missing,0.5947003977277501,0.4967710382513661,0.692629757204134,0.6117268652795292,0.6529608651211718,5,5,25,0,available
generator_holdout,S+H,50,values_plus_missing,0.5985596311331391,0.4770710382513661,0.7200482240149121,0.6102302306641446,0.654542422501014,5,5,25,0,available
generator_holdout,S+H,100,values_plus_missing,0.5902113754886031,0.4873568306010929,0.6930659203761136,0.6081615883774696,0.662750329533552,5,5,25,0,available
generator_holdout,S+H,200,values_plus_missing,0.5870329396658688,0.4861497267759563,0.6879161525557812,0.6031710172341319,0.6564601215142557,5,5,25,0,available
generator_holdout,S+H,all,values_plus_missing,0.5855708266625543,0.4731497267759563,0.6979919265491524,0.5985339980033627,0.6505116112879067,5,5,25,0,available
generator_holdout,S+SC,25,values_plus_missing,0.5771553606643524,0.48310327868852465,0.6712074426401802,0.5878256778058008,0.6160521509677414,5,5,25,0,available
generator_holdout,S+SC,50,values_plus_missing,0.5836847830747844,0.46707103825136614,0.7002985278982027,0.59170859604876,0.6166206565194887,5,5,25,0,available
generator_holdout,S+SC,100,values_plus_missing,0.5799576649017147,0.46737103825136617,0.6925442915520634,0.587892249894914,0.6160319918799076,5,5,25,0,available
generator_holdout,S+SC,200,values_plus_missing,0.5745123117632959,0.4535245901639344,0.6955000333626574,0.5825315258511979,0.6134801750191206,5,5,25,0,available
generator_holdout,S+SC,all,values_plus_missing,0.5735798069096292,0.4537710382513661,0.6933885755678924,0.5825946537410677,0.6081178840427751,5,5,25,0,available
generator_holdout,S+BC,25,values_plus_missing,0.6033165986004867,0.4945065573770492,0.7121266398239241,0.61029414407314,0.6504784498852096,5,5,25,0,available
generator_holdout,S+BC,50,values_plus_missing,0.6064036837652086,0.4867852459016394,0.7260221216287779,0.6149671421815889,0.6613406695070959,5,5,25,0,available
generator_holdout,S+BC,100,values_plus_missing,0.6152773224815009,0.513892349726776,0.7166622952362258,0.6219101171710804,0.6677604315741865,5,5,25,0,available
generator_holdout,S+BC,200,values_plus_missing,0.6111527692457002,0.5018387978142076,0.7204667406771927,0.6137799758301807,0.6601027213106255,5,5,25,0,available
generator_holdout,S+BC,all,values_plus_missing,0.6085378337825794,0.4991387978142076,0.7179368697509514,0.6128506489071038,0.6558863640324241,5,5,25,0,available
generator_holdout,D+R,25,values_plus_missing,0.6568181722131196,0.5917098360655737,0.7219265083606654,0.6477178988020176,0.7014874238419259,5,5,25,0,available
generator_holdout,D+R,50,values_plus_missing,0.6601127646435222,0.6248562841530054,0.6953692451340389,0.6487863151534258,0.7058592324547756,5,5,25,0,available
generator_holdout,D+R,100,values_plus_missing,0.6640921921053169,0.640427868852459,0.6877565153581747,0.6547091267339218,0.7129406998081502,5,5,25,0,available
generator_holdout,D+R,200,values_plus_missing,0.6592983406820213,0.6261743169398908,0.692422364424152,0.6505871584699454,0.7118028466167101,5,5,25,0,available
generator_holdout,D+R,all,values_plus_missing,0.6632515270822454,0.6253278688524591,0.7011751853120319,0.6528682613493064,0.7140857031175106,5,5,25,0,available
generator_holdout,D+P,25,values_plus_missing,0.5888263411862312,0.4164502732240437,0.7612024091484187,0.5815424443043296,0.6109505416746384,5,5,25,0,available
generator_holdout,D+P,50,values_plus_missing,0.5832335258860428,0.41833606557377045,0.7481309861983151,0.5740117827868852,0.6096646936096447,5,5,25,0,available
generator_holdout,D+P,100,values_plus_missing,0.5812332587868381,0.4107934426229508,0.7516730749507253,0.5757092213114754,0.6133542261008145,5,5,25,0,available
generator_holdout,D+P,200,values_plus_missing,0.5877067191236007,0.43778633879781415,0.7376270994493874,0.5819340347835225,0.619734365171322,5,5,25,0,available
generator_holdout,D+P,all,values_plus_missing,0.5928678109739971,0.4441469945355191,0.7415886274124749,0.5872778241908365,0.6268281450170582,5,5,25,0,available
generator_holdout,D+F,25,values_plus_missing,0.5910125695964074,0.41685245901639345,0.7651726801764214,0.5816834410466583,0.59268881470027,5,5,25,0,available
generator_holdout,D+F,50,values_plus_missing,0.5762675869820284,0.3970486338797814,0.7554865400842754,0.5659522015552753,0.5684093011400365,5,5,25,0,available
generator_holdout,D+F,100,values_plus_missing,0.5763614632031655,0.4018524590163935,0.7508704673899376,0.5682940179697351,0.5680575831017762,5,5,25,0,available
generator_holdout,D+F,200,values_plus_missing,0.5794999547958272,0.4169349726775956,0.7420649369140586,0.5739722940311055,0.5696023883306522,5,5,25,0,available
generator_holdout,D+F,all,values_plus_missing,0.5796269603048383,0.4126846994535519,0.7465692211561248,0.5714264843421606,0.5705354240499968,5,5,25,0,available
generator_holdout,D+H,25,values_plus_missing,0.5854472428841515,0.45429125683060106,0.7166032289377017,0.5852586091845313,0.6254664577929365,5,5,25,0,available
generator_holdout,D+H,50,values_plus_missing,0.5785616813979108,0.45382349726775956,0.7032998655280618,0.578534344787726,0.6088824778957622,5,5,25,0,available
generator_holdout,D+H,100,values_plus_missing,0.5790232744408816,0.45573060109289615,0.7023159477888672,0.5799085697772173,0.6119102540995351,5,5,25,0,available
generator_holdout,D+H,200,values_plus_missing,0.5634510737554758,0.4548273224043716,0.6720748251065798,0.5683992381252627,0.6033589908015144,5,5,25,0,available
generator_holdout,D+H,all,values_plus_missing,0.5709531186099485,0.450420218579235,0.691486018640662,0.5729865515973098,0.6081933772935912,5,5,25,0,available
generator_holdout,D+SC,25,values_plus_missing,0.5621431017178014,0.4418661202185792,0.6824200832170233,0.5749595024169819,0.6050765284049647,5,5,25,0,available
generator_holdout,D+SC,50,values_plus_missing,0.5631298005220456,0.4467590163934426,0.6795005846506488,0.5756631620428752,0.6066873845752758,5,5,25,0,available
generator_holdout,D+SC,100,values_plus_missing,0.5638790468077304,0.45523060109289615,0.6725274925225644,0.578757127469525,0.6071117262393735,5,5,25,0,available
generator_holdout,D+SC,200,values_plus_missing,0.5530610382208355,0.4387590163934426,0.6673630600482283,0.5666150851197982,0.5968161911188469,5,5,25,0,available
generator_holdout,D+SC,all,values_plus_missing,0.55936407760677,0.43900546448087435,0.6797226907326656,0.5710652322404371,0.5976925483803746,5,5,25,0,available
generator_holdout,D+BC,25,values_plus_missing,0.5702751109499029,0.41733661202185796,0.7232136098779478,0.5686442675493905,0.6102837278778094,5,5,25,0,available
generator_holdout,D+BC,50,values_plus_missing,0.5715741413007358,0.4347972677595629,0.7083510148419088,0.5678193069567045,0.6062211173774171,5,5,25,0,available
generator_holdout,D+BC,100,values_plus_missing,0.5781828811454457,0.4395475409836066,0.716818221307285,0.5759636743379571,0.6105198177846372,5,5,25,0,available
generator_holdout,D+BC,200,values_plus_missing,0.5764011044552325,0.44573333333333337,0.7070688755771317,0.5708834935897436,0.6035111801592588,5,5,25,0,available
generator_holdout,D+BC,all,values_plus_missing,0.575884688129402,0.44368688524590166,0.7080824910129022,0.5714227695460278,0.6063794118173348,5,5,25,0,available
generator_holdout,R+P,25,values_plus_missing,0.6102166209515041,0.6523699453551912,0.5680632965478167,0.5924710303699033,0.6281032078562011,5,5,25,0,available
generator_holdout,R+P,50,values_plus_missing,0.59378517280037,0.6544666666666668,0.5331036789340734,0.5788559294871795,0.6188237374422534,5,5,25,0,available
generator_holdout,R+P,100,values_plus_missing,0.5925013616959802,0.6669524590163934,0.518050264375567,0.5828752679697352,0.6201934052697492,5,5,25,0,available
generator_holdout,R+P,200,values_plus_missing,0.6061004381848754,0.6653950819672131,0.5468057944025375,0.5936350409836065,0.6298645283889762,5,5,25,0,available
generator_holdout,R+P,all,values_plus_missing,0.6056581651649243,0.6622415300546448,0.5490748002752038,0.5929597073350147,0.6326099682470381,5,5,25,0,available
generator_holdout,R+F,25,values_plus_missing,0.5927768003964514,0.470592349726776,0.714961251066127,0.5674476171710803,0.5987834590176885,5,5,25,0,available
generator_holdout,R+F,50,values_plus_missing,0.5775734542919371,0.4643530054644809,0.6907939031193934,0.5532702527322404,0.5903154475111752,5,5,25,0,available
generator_holdout,R+F,100,values_plus_missing,0.5732532531397382,0.4706065573770492,0.6758999489024272,0.551889817150063,0.5908920070402304,5,5,25,0,available
generator_holdout,R+F,200,values_plus_missing,0.581620564223032,0.4655387978142077,0.6977023306318564,0.5591516104455654,0.5967340187598194,5,5,25,0,available
generator_holdout,R+F,all,values_plus_missing,0.5829414559114416,0.4655065573770492,0.7003763544458341,0.5605177017654477,0.5999309452747432,5,5,25,0,available
generator_holdout,R+H,25,values_plus_missing,0.6116734353199895,0.599427868852459,0.62391900178752,0.6101105690416141,0.6619934410060562,5,5,25,0,available
generator_holdout,R+H,50,values_plus_missing,0.6124735725012358,0.6097994535519126,0.615147691450559,0.6069429960067255,0.6580272566780465,5,5,25,0,available
generator_holdout,R+H,100,values_plus_missing,0.6217781272270458,0.6378994535519126,0.605656800902179,0.6145026113913409,0.6653658466049727,5,5,25,0,available
generator_holdout,R+H,200,values_plus_missing,0.6125489449499569,0.6072459016393442,0.6178519882605696,0.6110748738965952,0.6642186259913503,5,5,25,0,available
generator_holdout,R+H,all,values_plus_missing,0.6129082680587462,0.6018994535519127,0.62391708256558,0.6088824190836486,0.664881578854867,5,5,25,0,available
generator_holdout,R+SC,25,values_plus_missing,0.5959326400349404,0.6265814207650273,0.5652838593048534,0.5963435949978984,0.6272678473329057,5,5,25,0,available
generator_holdout,R+SC,50,values_plus_missing,0.5941167287590525,0.6237601092896174,0.5644733482284876,0.5928896700294242,0.6292306787563159,5,5,25,0,available
generator_holdout,R+SC,100,values_plus_missing,0.6010374006723127,0.6310672131147541,0.5710075882298714,0.5961225488650693,0.6335701941129969,5,5,25,0,available
generator_holdout,R+SC,200,values_plus_missing,0.5968649117952112,0.6114562841530055,0.5822735394374169,0.5905238151534258,0.6295345832472745,5,5,25,0,available
generator_holdout,R+SC,all,values_plus_missing,0.5957990856396789,0.6094027322404372,0.5821954390389206,0.5883552122740647,0.6282671265967977,5,5,25,0,available
generator_holdout,R+BC,25,values_plus_missing,0.5968903617962495,0.7205453551912568,0.47323536840124214,0.5903808506725514,0.6292943382332917,5,5,25,0,available
generator_holdout,R+BC,50,values_plus_missing,0.5948976773047784,0.7197989071038251,0.46999644750573155,0.5885052227826818,0.6293874807194633,5,5,25,0,available
generator_holdout,R+BC,100,values_plus_missing,0.6039139469814463,0.7307453551912568,0.4770825387716357,0.5952404660571669,0.6359499010906785,5,5,25,0,available
generator_holdout,R+BC,200,values_plus_missing,0.6063920520975034,0.7181131147540983,0.4946709894409082,0.5981190573770492,0.6391665489314621,5,5,25,0,available
generator_holdout,R+BC,all,values_plus_missing,0.6064965851029408,0.7171131147540983,0.4958800554517831,0.5978594419924338,0.6404085041134634,5,5,25,0,available
generator_holdout,P+F,25,values_plus_missing,0.5762868457182885,0.40481967213114756,0.7477540193054294,0.5562559899117276,0.5554042109624026,5,5,25,0,available
generator_holdout,P+F,50,values_plus_missing,0.5612411803720184,0.3771983606557377,0.7452840000882992,0.5405823534047919,0.5198258833680314,5,5,25,0,available
generator_holdout,P+F,100,values_plus_missing,0.5583060212251892,0.3835448087431694,0.733067233707209,0.5428541351408154,0.5193215956226996,5,5,25,0,available
generator_holdout,P+F,200,values_plus_missing,0.5543792443168908,0.37943770491803275,0.7293207837157488,0.5411611601513241,0.5296145222302298,5,5,25,0,available
generator_holdout,P+F,all,values_plus_missing,0.5542674898183926,0.37675519125683066,0.7317797883799545,0.5398799994745691,0.5363772678872949,5,5,25,0,available
generator_holdout,P+H,25,values_plus_missing,0.5385298001012118,0.40792240437158467,0.6691371958308387,0.5408001444934847,0.5698981720236019,5,5,25,0,available
generator_holdout,P+H,50,values_plus_missing,0.5198430668670913,0.3898049180327869,0.6498812157013957,0.5240490936317781,0.5404863989895361,5,5,25,0,available
generator_holdout,P+H,100,values_plus_missing,0.519395752406411,0.4008622950819672,0.6379292097308549,0.5223061475409836,0.5431513997625284,5,5,25,0,available
generator_holdout,P+H,200,values_plus_missing,0.5200257784421096,0.4027300546448087,0.6373215022394104,0.5228193542454813,0.544399554025151,5,5,25,0,available
generator_holdout,P+H,all,values_plus_missing,0.528813666075059,0.40713715846994536,0.6504901736801727,0.5290493484657419,0.5495925014621295,5,5,25,0,available
generator_holdout,P+SC,25,values_plus_missing,0.5272560058367609,0.46247978142076507,0.5920322302527568,0.5441004676334594,0.5689007432145433,5,5,25,0,available
generator_holdout,P+SC,50,values_plus_missing,0.5259485132960723,0.4463590163934426,0.6055380101987019,0.5406073928121059,0.5580345151763272,5,5,25,0,available
generator_holdout,P+SC,100,values_plus_missing,0.5169804648440323,0.4447945355191257,0.5891663941689389,0.5351376523749474,0.5602350670184137,5,5,25,0,available
generator_holdout,P+SC,200,values_plus_missing,0.514586185031459,0.4427010928961749,0.5864712771667431,0.5315067964480875,0.558516952056489,5,5,25,0,available
generator_holdout,P+SC,all,values_plus_missing,0.5181811120578305,0.45109398907103826,0.5852682350446226,0.5344412253047499,0.5617595769763251,5,5,25,0,available
generator_holdout,P+BC,25,values_plus_missing,0.5088641149360986,0.2046792349726776,0.8130489948995194,0.5135775982555695,0.4978420002709177,5,5,25,0,available
generator_holdout,P+BC,50,values_plus_missing,0.49297660656055486,0.188772131147541,0.7971810819735687,0.49582837326607815,0.46912851549985846,5,5,25,0,available
generator_holdout,P+BC,100,values_plus_missing,0.4943174594123965,0.15822568306010928,0.8304092357646837,0.49666091845313154,0.4510622053971259,5,5,25,0,available
generator_holdout,P+BC,200,values_plus_missing,0.5085921012564174,0.1828792349726776,0.8343049675401571,0.5111511559478773,0.46827387705333867,5,5,25,0,available
generator_holdout,P+BC,all,values_plus_missing,0.508569197556331,0.1733792349726776,0.8437591601399843,0.5132521174863388,0.4651735895511298,5,5,25,0,available
generator_holdout,F+H,25,values_plus_missing,0.5691518630353823,0.4278415300546448,0.7104621960161199,0.5621178804119378,0.5825633832312528,5,5,25,0,available
generator_holdout,F+H,50,values_plus_missing,0.562405363104975,0.40912404371584693,0.7156866824941032,0.5564250026271542,0.5578570449980271,5,5,25,0,available
generator_holdout,F+H,100,values_plus_missing,0.5648145286596147,0.4211420765027323,0.7084869808164971,0.5608715190205968,0.565679598445761,5,5,25,0,available
generator_holdout,F+H,200,values_plus_missing,0.5685920830587261,0.43345300546448084,0.7037311606529715,0.5651039065783943,0.5696418225822408,5,5,25,0,available
generator_holdout,F+H,all,values_plus_missing,0.5675162175529127,0.4260207650273224,0.709011670078503,0.5630704786675074,0.5682955929388682,5,5,25,0,available
generator_holdout,F+SC,25,values_plus_missing,0.5752988144719382,0.4451672131147541,0.7054304158291221,0.5692783180958385,0.5814281059750901,5,5,25,0,available
generator_holdout,F+SC,50,values_plus_missing,0.5540912541939961,0.4125814207650273,0.6956010876229649,0.5514229219209752,0.5534609520136696,5,5,25,0,available
generator_holdout,F+SC,100,values_plus_missing,0.5499839945887299,0.41508852459016393,0.6848794645872959,0.5488303199873896,0.5488927682758432,5,5,25,0,available
generator_holdout,F+SC,200,values_plus_missing,0.5486245009824848,0.40880273224043717,0.6884462697245326,0.5453869430432955,0.5428347042332361,5,5,25,0,available
generator_holdout,F+SC,all,values_plus_missing,0.5471161804584558,0.40561311475409834,0.6886192461628131,0.5436719419924338,0.5405221338490569,5,5,25,0,available
generator_holdout,F+BC,25,values_plus_missing,0.582071171577877,0.42824535519125684,0.7358969879644974,0.5635217160571668,0.5540859808573076,5,5,25,0,available
generator_holdout,F+BC,50,values_plus_missing,0.5657131736325225,0.40751311475409835,0.7239132325109465,0.5502709804539723,0.528341061242907,5,5,25,0,available
generator_holdout,F+BC,100,values_plus_missing,0.5604275024917156,0.4100989071038251,0.7107560978796059,0.5478980112442203,0.5286026730791178,5,5,25,0,available
generator_holdout,F+BC,200,values_plus_missing,0.5692280694931424,0.42127759562841527,0.7171785433578697,0.5554705285834384,0.5351208143201143,5,5,25,0,available
generator_holdout,F+BC,all,values_plus_missing,0.567564463632357,0.41618797814207653,0.7189409491226374,0.5531661044556536,0.5348946847098968,5,5,25,0,available
generator_holdout,H+SC,25,values_plus_missing,0.5298337347456632,0.44123825136612027,0.6184292181252063,0.5465806641445986,0.5824921818184867,5,5,25,0,available
generator_holdout,H+SC,50,values_plus_missing,0.5240714838792273,0.4352098360655738,0.6129331316928811,0.5427852064943253,0.5739136996842875,5,5,25,0,available
generator_holdout,H+SC,100,values_plus_missing,0.520381220823,0.4392846994535519,0.6014777421924481,0.5382120612652375,0.5696715666157988,5,5,25,0,available
generator_holdout,H+SC,200,values_plus_missing,0.5077592770612854,0.4232098360655738,0.592308718056997,0.5277106872635561,0.5556053858166038,5,5,25,0,available
generator_holdout,H+SC,all,values_plus_missing,0.5071014213457945,0.41874918032786884,0.5954536623637202,0.5280644940100883,0.5491936105140076,5,5,25,0,available
generator_holdout,H+BC,25,values_plus_missing,0.5110084315545386,0.4211480874316941,0.6008687756773832,0.5194682744850778,0.5385017479315534,5,5,25,0,available
generator_holdout,H+BC,50,values_plus_missing,0.5023230653359008,0.4237054644808743,0.5809406661909273,0.5126339822404372,0.5338730070964223,5,5,25,0,available
generator_holdout,H+BC,100,values_plus_missing,0.5032398827945042,0.4270125683060109,0.5794671972829974,0.5085183033837748,0.5326694578082316,5,5,25,0,available
generator_holdout,H+BC,200,values_plus_missing,0.4915293232830017,0.4088054644808743,0.5742531820851291,0.4969508091635141,0.5211182684543066,5,5,25,0,available
generator_holdout,H+BC,all,values_plus_missing,0.49490199280267905,0.404791256830601,0.5850127287747571,0.49987158995376213,0.5217415880001508,5,5,25,0,available
generator_holdout,SC+BC,25,values_plus_missing,0.5114933156903999,0.4764874316939891,0.5464991996868107,0.5279071773854561,0.5330246039292423,5,5,25,0,available
generator_holdout,SC+BC,50,values_plus_missing,0.5146233493225101,0.46635191256830594,0.5628947860767142,0.5298105716687684,0.5360584978803786,5,5,25,0,available
generator_holdout,SC+BC,100,values_plus_missing,0.519167911988955,0.4824054644808743,0.5559303594970356,0.5334503283942833,0.5369814040977834,5,5,25,0,available
generator_holdout,SC+BC,200,values_plus_missing,0.5082883538923968,0.47043005464480875,0.546146653139985,0.5212126234762505,0.5223848620071759,5,5,25,0,available
generator_holdout,SC+BC,all,values_plus_missing,0.5058836320128723,0.46905519125683065,0.5427120727689141,0.5188424994745692,0.5195797672687689,5,5,25,0,available
generator_holdout,S+D+R,25,values_plus_missing,0.6543534478228051,0.5617710382513661,0.7469358573942441,0.6457893652795292,0.6996112371555973,5,5,25,0,available
generator_holdout,S+D+R,50,values_plus_missing,0.6611811840153932,0.5726852459016394,0.749677122129147,0.6514267575662043,0.7125245955837062,5,5,25,0,available
generator_holdout,S+D+R,100,values_plus_missing,0.6766943481696602,0.5985710382513661,0.7548176580879543,0.6635283075872216,0.7282997873774025,5,5,25,0,available
generator_holdout,S+D+R,200,values_plus_missing,0.6688061614187649,0.5868032786885247,0.7508090441490053,0.6590266393442623,0.7256684530001495,5,5,25,0,available
generator_holdout,S+D+R,all,values_plus_missing,0.6656406681669117,0.5794032786885246,0.7518780576452988,0.65598769703657,0.7249947391553957,5,5,25,0,available
generator_holdout,S+D+P,25,values_plus_missing,0.630497828593484,0.5184885245901639,0.7425071325968041,0.6294966661412358,0.6647949466107677,5,5,25,0,available
generator_holdout,S+D+P,50,values_plus_missing,0.6281069480490062,0.5029994535519126,0.7532144425460999,0.630285784468264,0.6692782609662791,5,5,25,0,available
generator_holdout,S+D+P,100,values_plus_missing,0.6366027679896208,0.5301103825136612,0.7430951534655803,0.642519133564523,0.684705640280585,5,5,25,0,available
generator_holdout,S+D+P,200,values_plus_missing,0.6271950545765594,0.5179639344262295,0.7364261747268892,0.6307968710592686,0.6792859958583104,5,5,25,0,available
generator_holdout,S+D+P,all,values_plus_missing,0.6295288230358425,0.5184568306010929,0.7406008154705919,0.6320649537620848,0.6818518570534156,5,5,25,0,available
generator_holdout,S+D+F,25,values_plus_missing,0.6336495340295005,0.5007781420765027,0.7665209259824983,0.6277929171920975,0.6490665085016878,5,5,25,0,available
generator_holdout,S+D+F,50,values_plus_missing,0.6182158049299683,0.4664710382513661,0.7699605716085705,0.6150263845102983,0.645487891805768,5,5,25,0,available
generator_holdout,S+D+F,100,values_plus_missing,0.6093268917987122,0.46049617486338795,0.7581576087340366,0.6102360682009247,0.6415432468399277,5,5,25,0,available
generator_holdout,S+D+F,200,values_plus_missing,0.6139695313702525,0.47753551912568304,0.7504035436148218,0.6119047787936107,0.6424469315846599,5,5,25,0,available
generator_holdout,S+D+F,all,values_plus_missing,0.6134276024511826,0.4770890710382513,0.7497661338641137,0.6107200162883565,0.6440715458383005,5,5,25,0,available
generator_holdout,S+D+H,25,values_plus_missing,0.6194768118392514,0.5189601092896174,0.7199935143888855,0.6287709200294241,0.6660869685301646,5,5,25,0,available
generator_holdout,S+D+H,50,values_plus_missing,0.6157942334736111,0.4979387978142077,0.7336496691330143,0.6244501681378731,0.6675864219250848,5,5,25,0,available
generator_holdout,S+D+H,100,values_plus_missing,0.6222935142903561,0.5244245901639345,0.7201624384167777,0.6348084489281212,0.6824576081727034,5,5,25,0,available
generator_holdout,S+D+H,200,values_plus_missing,0.6124457533290901,0.5058568306010929,0.7190346760570874,0.6226399537620849,0.6749850126190089,5,5,25,0,available
generator_holdout,S+D+H,all,values_plus_missing,0.6117551561458756,0.4981568306010929,0.7253534816906583,0.6212538960697771,0.6710154256904723,5,5,25,0,available
generator_holdout,S+D+SC,25,values_plus_missing,0.5990014714488937,0.49003879781420767,0.7079641450835796,0.6054761296763347,0.6278225422805135,5,5,25,0,available
generator_holdout,S+D+SC,50,values_plus_missing,0.5970805072961934,0.4720710382513661,0.7220899763410209,0.6019009037410676,0.6259421631037497,5,5,25,0,available
generator_holdout,S+D+SC,100,values_plus_missing,0.5975432788459742,0.4754710382513661,0.7196155194405824,0.6035408075872215,0.6325544256675798,5,5,25,0,available
generator_holdout,S+D+SC,200,values_plus_missing,0.5928562871103946,0.46971748633879784,0.7159950878819915,0.596998166246322,0.6265476597642402,5,5,25,0,available
generator_holdout,S+D+SC,all,values_plus_missing,0.5896526330062969,0.46357103825136614,0.7157342277612277,0.5951268652795292,0.6229228607713811,5,5,25,0,available
generator_holdout,S+D+BC,25,values_plus_missing,0.6273365461654735,0.5235136612021858,0.7311594311287613,0.6314082729087852,0.6685982826179783,5,5,25,0,available
generator_holdout,S+D+BC,50,values_plus_missing,0.6272908703577349,0.5132459016393442,0.7413358390761254,0.6322239123581337,0.6738315571250021,5,5,25,0,available
generator_holdout,S+D+BC,100,values_plus_missing,0.6358339336471535,0.5300852459016394,0.7415826213926675,0.6383599306431273,0.68583129890601,5,5,25,0,available
generator_holdout,S+D+BC,200,values_plus_missing,0.6273137105345663,0.5143781420765028,0.7402492789926299,0.6275616671920975,0.6760848749556948,5,5,25,0,available
generator_holdout,S+D+BC,all,values_plus_missing,0.6280925899339411,0.5123245901639344,0.7438605897039477,0.6281574873896595,0.6728690912039865,5,5,25,0,available
generator_holdout,S+R+P,25,values_plus_missing,0.628941697714154,0.5506852459016394,0.7071981495266687,0.6228185844892812,0.6770660362148372,5,5,25,0,available
generator_holdout,S+R+P,50,values_plus_missing,0.6281440867193424,0.5403781420765028,0.715910031362182,0.6242155133459437,0.6812760167056338,5,5,25,0,available
generator_holdout,S+R+P,100,values_plus_missing,0.6401642467993521,0.5674710382513661,0.7128574553473381,0.632173019125683,0.6917944522524684,5,5,25,0,available
generator_holdout,S+R+P,200,values_plus_missing,0.639101486363421,0.5600245901639345,0.7181783825629076,0.6327767181588903,0.697545724435382,5,5,25,0,available
generator_holdout,S+R+P,all,values_plus_missing,0.6374557102218112,0.5584781420765028,0.7164332783671197,0.6306813787305591,0.6984973954672726,5,5,25,0,available
generator_holdout,S+R+F,25,values_plus_missing,0.6402881444126369,0.5201639344262295,0.7604123543990443,0.6219209095208071,0.6643127871434088,5,5,25,0,available
generator_holdout,S+R+F,50,values_plus_missing,0.6311970797698329,0.5042568306010928,0.7581373289385728,0.6181740883774695,0.6688995142677072,5,5,25,0,available
generator_holdout,S+R+F,100,values_plus_missing,0.6355733307428605,0.510596174863388,0.7605504866223329,0.616656260508617,0.6684322709959005,5,5,25,0,available
generator_holdout,S+R+F,200,values_plus_missing,0.639010960323836,0.5125284153005465,0.7654935053471255,0.6208675730348886,0.6727163948943025,5,5,25,0,available
generator_holdout,S+R+F,all,values_plus_missing,0.6382345462403068,0.5145497267759562,0.7619193657046575,0.6202556326187474,0.6744846775155685,5,5,25,0,available
generator_holdout,S+R+H,25,values_plus_missing,0.6228967404826731,0.5386568306010929,0.7071366503642532,0.6252178383774696,0.6865612981301041,5,5,25,0,available
generator_holdout,S+R+H,50,values_plus_missing,0.6221614498469045,0.5261103825136612,0.7182125171801477,0.619906152795292,0.6860887179178325,5,5,25,0,available
generator_holdout,S+R+H,100,values_plus_missing,0.6334058935843804,0.5614032786885246,0.7054085084802362,0.6309420239596469,0.701425360960085,5,5,25,0,available
generator_holdout,S+R+H,200,values_plus_missing,0.6280104366613959,0.539696174863388,0.7163246984594039,0.6266990489701556,0.7033988062583317,5,5,25,0,available
generator_holdout,S+R+H,all,values_plus_missing,0.623434896655447,0.5300961748633879,0.7167736184475062,0.6211778951240017,0.7003522106434248,5,5,25,0,available
generator_holdout,S+R+SC,25,values_plus_missing,0.601185703325193,0.5266710382513662,0.67570036839902,0.6025182114333754,0.6511608154535322,5,5,25,0,available
generator_holdout,S+R+SC,50,values_plus_missing,0.6059489123394899,0.5121639344262295,0.6997338902527502,0.6037382172131147,0.6519565444941251,5,5,25,0,available
generator_holdout,S+R+SC,100,values_plus_missing,0.6100755797328696,0.5259710382513662,0.6941801212143732,0.60631484604876,0.6586996865674548,5,5,25,0,available
generator_holdout,S+R+SC,200,values_plus_missing,0.6061739832808557,0.5107387978142077,0.7016091687475038,0.6021242065994115,0.662248042527229,5,5,25,0,available
generator_holdout,S+R+SC,all,values_plus_missing,0.6005213354021345,0.5022852459016394,0.6987574249026298,0.5974767575662042,0.6579999763326047,5,5,25,0,available
generator_holdout,S+R+BC,25,values_plus_missing,0.6249855206876657,0.5474387978142077,0.7025322435611236,0.6207145912147961,0.6809076611328118,5,5,25,0,available
generator_holdout,S+R+BC,50,values_plus_missing,0.6261508289745393,0.5423781420765027,0.7099235158725758,0.6242539748844053,0.6895646330165759,5,5,25,0,available
generator_holdout,S+R+BC,100,values_plus_missing,0.6454002455533605,0.5791781420765028,0.7116223490302183,0.6364039748844051,0.6999366007940201,5,5,25,0,available
generator_holdout,S+R+BC,200,values_plus_missing,0.6390775530155262,0.5583245901639344,0.719830515867118,0.6304844104665825,0.700953414741877,5,5,25,0,available
generator_holdout,S+R+BC,all,values_plus_missing,0.6334202966294622,0.5521245901639344,0.71471600309499,0.6250406604665826,0.6979063027052992,5,5,25,0,available
generator_holdout,S+P+F,25,values_plus_missing,0.6281552258152759,0.511292349726776,0.7450181019037758,0.6204899248633879,0.6379212333292165,5,5,25,0,available
generator_holdout,S+P+F,50,values_plus_missing,0.6113202296574076,0.4614103825136612,0.761230076801154,0.6066066335645229,0.6279981268864553,5,5,25,0,available
generator_holdout,S+P+F,100,values_plus_missing,0.6047437161906085,0.4586890710382514,0.7507983613429656,0.6012195355191257,0.6251157514832041,5,5,25,0,available
generator_holdout,S+P+F,200,values_plus_missing,0.6093200776133101,0.4717819672131148,0.7468581880135053,0.6055424259142497,0.6329847498529491,5,5,25,0,available
generator_holdout,S+P+F,all,values_plus_missing,0.6089848196843938,0.4743103825136612,0.7436592568551263,0.6054244220260614,0.6380221824566262,5,5,25,0,available
generator_holdout,S+P+H,25,values_plus_missing,0.5987599125287396,0.5009387978142077,0.6965810272432715,0.6130895912147961,0.6525516549261272,5,5,25,0,available
generator_holdout,S+P+H,50,values_plus_missing,0.5873068245740813,0.4528387978142077,0.721774851333955,0.5993761296763347,0.6391857996232307,5,5,25,0,available
generator_holdout,S+P+H,100,values_plus_missing,0.5838922844540722,0.4722639344262295,0.6955206344819149,0.6048218710592687,0.6539923340387509,5,5,25,0,available
generator_holdout,S+P+H,200,values_plus_missing,0.5871491936129012,0.47827103825136613,0.6960273489744363,0.6022965768179908,0.6533864296322105,5,5,25,0,available
generator_holdout,S+P+H,all,values_plus_missing,0.5861841967223839,0.4688639344262294,0.7035044590185382,0.599395909520807,0.6509569256459273,5,5,25,0,available
generator_holdout,S+P+SC,25,values_plus_missing,0.5827041033096021,0.4923994535519126,0.6730087530672917,0.5930146306221101,0.6217197294485854,5,5,25,0,available
generator_holdout,S+P+SC,50,values_plus_missing,0.5730585120825399,0.44427103825136616,0.7018459859137136,0.5824720575872215,0.6091993576319402,5,5,25,0,available
generator_holdout,S+P+SC,100,values_plus_missing,0.5738206566341897,0.45208524590163934,0.6955560673667401,0.5818719498738966,0.6122127292754045,5,5,25,0,available
generator_holdout,S+P+SC,200,values_plus_missing,0.5706469883526845,0.45045300546448086,0.6908409712408882,0.5830990988860866,0.6139515333876702,5,5,25,0,available
generator_holdout,S+P+SC,all,values_plus_missing,0.5714081647540362,0.45326010928961746,0.689556220218455,0.5826997661832702,0.6121960296473705,5,5,25,0,available
generator_holdout,S+P+BC,25,values_plus_missing,0.6074055477522013,0.5035885245901639,0.7112225709142388,0.6133928199873897,0.646993648807236,5,5,25,0,available
generator_holdout,S+P+BC,50,values_plus_missing,0.5937923290061362,0.4592136612021858,0.7283709968100867,0.6026236575241699,0.644171100454299,5,5,25,0,available
generator_holdout,S+P+BC,100,values_plus_missing,0.6076587163534065,0.4930207650273224,0.7222966676794906,0.6135175940521227,0.6554367298396012,5,5,25,0,available
generator_holdout,S+P+BC,200,values_plus_missing,0.6010859346167858,0.482427868852459,0.7197440003811129,0.6052163382723833,0.6512687004564733,5,5,25,0,available
generator_holdout,S+P+BC,all,values_plus_missing,0.603016631766953,0.4842743169398907,0.7217589465940153,0.60644004308533,0.6516442570098877,5,5,25,0,available
generator_holdout,S+F+H,25,values_plus_missing,0.6097210710015872,0.4923027322404371,0.7271394097627374,0.6078100199663724,0.6450317912792949,5,5,25,0,available
generator_holdout,S+F+H,50,values_plus_missing,0.6106620282416346,0.46698524590163937,0.7543388105816298,0.609394065258512,0.6398091076282422,5,5,25,0,available
generator_holdout,S+F+H,100,values_plus_missing,0.6030948983544046,0.46809617486338795,0.7380936218454213,0.606343760508617,0.6418145313758857,5,5,25,0,available
generator_holdout,S+F+H,200,values_plus_missing,0.6060658027173024,0.47733551912568306,0.7347960863089217,0.6066966057166876,0.6461438340053496,5,5,25,0,available
generator_holdout,S+F+H,all,values_plus_missing,0.6064570154527953,0.4768497267759563,0.7360643041296343,0.6075354403110551,0.6451496125792181,5,5,25,0,available
generator_holdout,S+F+SC,25,values_plus_missing,0.6013175783446967,0.48621748633879786,0.7164176703505953,0.5984573008617066,0.6196497478781096,5,5,25,0,available
generator_holdout,S+F+SC,50,values_plus_missing,0.5890988033391139,0.4403497267759563,0.7378478799022714,0.5883839980033627,0.5995293237813629,5,5,25,0,available
generator_holdout,S+F+SC,100,values_plus_missing,0.5859327455262786,0.43543551912568307,0.7364299719268741,0.5814797787936108,0.5948492196089732,5,5,25,0,available
generator_holdout,S+F+SC,200,values_plus_missing,0.5907247581368356,0.4423355191256831,0.7391139971479881,0.5843889134089955,0.5984350066844458,5,5,25,0,available
generator_holdout,S+F+SC,all,values_plus_missing,0.5895649636705982,0.442796174863388,0.7363337524778084,0.5832971258932325,0.5958419056789375,5,5,25,0,available
generator_holdout,S+F+BC,25,values_plus_missing,0.625335266546167,0.4977136612021858,0.7529568718901483,0.6153832729087851,0.6485303970048031,5,5,25,0,available
generator_holdout,S+F+BC,50,values_plus_missing,0.61442898773638,0.4674387978142077,0.7614191776585524,0.6096809373686423,0.6377719626202482,5,5,25,0,available
generator_holdout,S+F+BC,100,values_plus_missing,0.6082307596046957,0.46400327868852453,0.752458240520867,0.6038165431904161,0.6348784022265153,5,5,25,0,available
generator_holdout,S+F+BC,200,values_plus_missing,0.6102045309744747,0.4680426229508197,0.7523664389981297,0.6022905422446406,0.6380204375221112,5,5,25,0,available
generator_holdout,S+F+BC,all,values_plus_missing,0.6115086040329268,0.47246393442622947,0.7505532736396241,0.6025180249054224,0.6382102676370617,5,5,25,0,available
generator_holdout,S+H+SC,25,values_plus_missing,0.5699541029069458,0.4657245901639344,0.6741836156499572,0.5877901796973518,0.6136806192988582,5,5,25,0,available
generator_holdout,S+H+SC,50,values_plus_missing,0.5632790563741249,0.43362459016393445,0.6929335225843154,0.5792521989281211,0.60319680700701,5,5,25,0,available
generator_holdout,S+H+SC,100,values_plus_missing,0.5578820903761625,0.4308032786885246,0.6849609020638006,0.5714713508827238,0.6071193556649807,5,5,25,0,available
generator_holdout,S+H+SC,200,values_plus_missing,0.5607869115671517,0.43055683060109284,0.6910169925332106,0.5745933191467003,0.6053173351555894,5,5,25,0,available
generator_holdout,S+H+SC,all,values_plus_missing,0.5590218374791844,0.42725683060109293,0.690786844357276,0.5715611076082387,0.5975715867228143,5,5,25,0,available
generator_holdout,S+H+BC,25,values_plus_missing,0.5791979436273446,0.472127868852459,0.6862680184022301,0.5967610498108449,0.6439216807615192,5,5,25,0,available
generator_holdout,S+H+BC,50,values_plus_missing,0.5893164432040979,0.46019945355191255,0.7184334328562834,0.6015540536990331,0.642358030927338,5,5,25,0,available
generator_holdout,S+H+BC,100,values_plus_missing,0.5850643574545915,0.4735710382513661,0.6965576766578166,0.5988047498949138,0.6539016063551908,5,5,25,0,available
generator_holdout,S+H+BC,200,values_plus_missing,0.5830579081657156,0.47137103825136617,0.6947447780800651,0.5948802306641446,0.6484023735386713,5,5,25,0,available
generator_holdout,S+H+BC,all,values_plus_missing,0.5807373330811201,0.46116393442622955,0.7003107317360107,0.5897165825977302,0.6417685336947287,5,5,25,0,available
generator_holdout,S+SC+BC,25,values_plus_missing,0.5679987435356868,0.47120655737704914,0.6647909296943243,0.5789927017654477,0.6094893607648079,5,5,25,0,available
generator_holdout,S+SC+BC,50,values_plus_missing,0.5703414369101079,0.44314590163934425,0.6975369721808714,0.5789647777427491,0.6034756885769881,5,5,25,0,available
generator_holdout,S+SC+BC,100,values_plus_missing,0.5681842774328939,0.44889234972677594,0.687476205139012,0.5766096364018495,0.6051798148081395,5,5,25,0,available
generator_holdout,S+SC+BC,200,values_plus_missing,0.5714018658856361,0.4434530054644809,0.6993507263067914,0.5756928488860866,0.6032163083841483,5,5,25,0,available
generator_holdout,S+SC+BC,all,values_plus_missing,0.5683178834417907,0.4408065573770492,0.6958292095065323,0.5750907786885245,0.5970569800788916,5,5,25,0,available
generator_holdout,D+R+P,25,values_plus_missing,0.6407527994255725,0.5542273224043716,0.7272782764467733,0.6304790458175704,0.6779709212620528,5,5,25,0,available
generator_holdout,D+R+P,50,values_plus_missing,0.6426711102930265,0.5808846994535519,0.7044575211325009,0.6293245612652375,0.6815955943239002,5,5,25,0,available
generator_holdout,D+R+P,100,values_plus_missing,0.639920560398276,0.5808098360655738,0.6990312847309785,0.6308496295712485,0.6869576161876094,5,5,25,0,available
generator_holdout,D+R+P,200,values_plus_missing,0.6491026229296966,0.5906098360655737,0.7075954097938194,0.6392953026481715,0.6933538249021702,5,5,25,0,available
generator_holdout,D+R+P,all,values_plus_missing,0.6539943800527069,0.5957169398907103,0.7122718202147035,0.6443127968684321,0.6992837857489405,5,5,25,0,available
generator_holdout,D+R+F,25,values_plus_missing,0.6163199233705917,0.4668672131147541,0.7657726336264294,0.597075433480454,0.6321165195771474,5,5,25,0,available
generator_holdout,D+R+F,50,values_plus_missing,0.6113343518597493,0.48072786885245905,0.7419408348670397,0.5934889344262295,0.632600087892125,5,5,25,0,available
generator_holdout,D+R+F,100,values_plus_missing,0.608735071492511,0.4813994535519126,0.7360706894331093,0.5906997267759563,0.6331235068411454,5,5,25,0,available
generator_holdout,D+R+F,200,values_plus_missing,0.6104976013815178,0.4788103825136612,0.7421848202493742,0.5932513451029845,0.6360742642354705,5,5,25,0,available
generator_holdout,D+R+F,all,values_plus_missing,0.6146817929084414,0.48287103825136607,0.7464925475655168,0.59570234604876,0.6398493388220197,5,5,25,0,available
generator_holdout,D+R+H,25,values_plus_missing,0.6420034307722141,0.5634207650273224,0.7205860965171059,0.6368786517444305,0.6981903986758976,5,5,25,0,available
generator_holdout,D+R+H,50,values_plus_missing,0.6444213305139872,0.5924672131147541,0.6963754479132203,0.6368586065573771,0.6968564599006771,5,5,25,0,available
generator_holdout,D+R+H,100,values_plus_missing,0.6506271236659449,0.6115459016393443,0.6897083456925455,0.6444748738965952,0.7067287147444358,5,5,25,0,available
generator_holdout,D+R+H,200,values_plus_missing,0.6443510298514019,0.6020923497267759,0.6866097099760277,0.6397480979403111,0.704902453850115,5,5,25,0,available
generator_holdout,D+R+H,all,values_plus_missing,0.6500495774850655,0.603092349726776,0.6970068052433551,0.6439139633249265,0.7075219343572369,5,5,25,0,available
generator_holdout,D+R+SC,25,values_plus_missing,0.6246592830595155,0.5424420765027322,0.7068764896162987,0.6186969997898276,0.6708261047608681,5,5,25,0,available
generator_holdout,D+R+SC,50,values_plus_missing,0.6309103155188496,0.5731814207650273,0.6886392102726718,0.6233094603825136,0.6747330386411897,5,5,25,0,available
generator_holdout,D+R+SC,100,values_plus_missing,0.6279958880163357,0.5743601092896176,0.681631666743054,0.6219156315678857,0.6791756213697455,5,5,25,0,available
generator_holdout,D+R+SC,200,values_plus_missing,0.6246412300168643,0.5629207650273224,0.6863616950064062,0.6190204786675074,0.6772234768417266,5,5,25,0,available
generator_holdout,D+R+SC,all,values_plus_missing,0.6274958266049986,0.5657743169398908,0.6892173362701065,0.6205073507776377,0.6781165946709282,5,5,25,0,available
generator_holdout,D+R+BC,25,values_plus_missing,0.6480127981270274,0.5757311475409835,0.7202944487130714,0.6384064391551072,0.6941208872278518,5,5,25,0,available
generator_holdout,D+R+BC,50,values_plus_missing,0.6552337654582334,0.6127704918032787,0.6976970391131883,0.6416015920554855,0.6968841180676493,5,5,25,0,available
generator_holdout,D+R+BC,100,values_plus_missing,0.6544906531511085,0.6210562841530054,0.6879250221492115,0.6444223728457334,0.7054081355042401,5,5,25,0,available
generator_holdout,D+R+BC,200,values_plus_missing,0.6533341134699622,0.6124491803278689,0.6942190466120557,0.6445659363177805,0.7031598577567172,5,5,25,0,available
generator_holdout,D+R+BC,all,values_plus_missing,0.6567001805070131,0.6127027322404371,0.700697628773589,0.6461951161202185,0.7049603972180506,5,5,25,0,available
generator_holdout,D+P+F,25,values_plus_missing,0.5858395208067636,0.40605901639344266,0.7656200252200845,0.5726208543505675,0.5871518268661059,5,5,25,0,available
generator_holdout,D+P+F,50,values_plus_missing,0.5665725005857657,0.36504808743169403,0.7680969137398374,0.5519951975620009,0.5542445344681963,5,5,25,0,available
generator_holdout,D+P+F,100,values_plus_missing,0.564338086075272,0.3735377049180328,0.7551384672325113,0.5565404870744011,0.5547528750286701,5,5,25,0,available
generator_holdout,D+P+F,200,values_plus_missing,0.5676668414059687,0.3904163934426229,0.7449172893693142,0.5628764659520806,0.563874274739545,5,5,25,0,available
generator_holdout,D+P+F,all,values_plus_missing,0.5667470867550508,0.38895191256830597,0.7445422609417957,0.5620240332072299,0.5720287227848782,5,5,25,0,available
generator_holdout,D+P+H,25,values_plus_missing,0.5897196061120733,0.45001202185792344,0.7294271903662233,0.5881670686212694,0.6220609073557279,5,5,25,0,available
generator_holdout,D+P+H,50,values_plus_missing,0.5734649689976823,0.424883606557377,0.7220463314379874,0.5741004571248424,0.5989231963682478,5,5,25,0,available
generator_holdout,D+P+H,100,values_plus_missing,0.5728390264321088,0.42323715846994536,0.7224408943942724,0.5729166561580497,0.602599535648773,5,5,25,0,available
generator_holdout,D+P+H,200,values_plus_missing,0.5748687168358628,0.4445661202185792,0.7051713134531464,0.5750474831862127,0.6085970706481296,5,5,25,0,available
generator_holdout,D+P+H,all,values_plus_missing,0.577850354148389,0.4447874316939891,0.710913276602789,0.5800860235393023,0.6182175087553887,5,5,25,0,available
generator_holdout,D+P+SC,25,values_plus_missing,0.5703110585021368,0.4479584699453552,0.6926636470589184,0.5852773118957545,0.6132827824981488,5,5,25,0,available
generator_holdout,D+P+SC,50,values_plus_missing,0.5693001464394563,0.4345158469945355,0.704084445884377,0.5819213850357293,0.6089201598919101,5,5,25,0,available
generator_holdout,D+P+SC,100,values_plus_missing,0.5615102206113745,0.432948087431694,0.6900723537910548,0.5771711591004623,0.6109982105185905,5,5,25,0,available
generator_holdout,D+P+SC,200,values_plus_missing,0.5660854114971279,0.43963005464480875,0.6925407683494471,0.5805121427070198,0.6105342326018268,5,5,25,0,available
generator_holdout,D+P+SC,all,values_plus_missing,0.5723023987304492,0.4437907103825137,0.7008140870783847,0.5859578551912568,0.6171232803757902,5,5,25,0,available
generator_holdout,D+P+BC,25,values_plus_missing,0.5747021987076446,0.41571092896174866,0.7336934684535406,0.5748025798654897,0.6009430297855843,5,5,25,0,available
generator_holdout,D+P+BC,50,values_plus_missing,0.5694566942073129,0.41278251366120217,0.7261308747534237,0.5670883722152165,0.5943257881795266,5,5,25,0,available
generator_holdout,D+P+BC,100,values_plus_missing,0.5730010974725775,0.41233989071038246,0.7336623042347725,0.5693910992013451,0.5972075658280354,5,5,25,0,available
generator_holdout,D+P+BC,200,values_plus_missing,0.5784726087150428,0.4383792349726776,0.7185659824574081,0.5739973097940311,0.5995384937423665,5,5,25,0,available
generator_holdout,D+P+BC,all,values_plus_missing,0.5866460709215998,0.4463934426229509,0.7268986992202489,0.5819106636191677,0.6081544899458737,5,5,25,0,available
generator_holdout,D+F+H,25,values_plus_missing,0.5866172761396785,0.42565956284153,0.7475749894378272,0.5812192044976882,0.6060528149251188,5,5,25,0,available
generator_holdout,D+F+H,50,values_plus_missing,0.5764766983800493,0.40242021857923493,0.7505331781808637,0.5689384746742329,0.5793774476970888,5,5,25,0,available
generator_holdout,D+F+H,100,values_plus_missing,0.5784688543295716,0.4103453551912568,0.7465923534678864,0.5731414275956285,0.586590215428903,5,5,25,0,available
generator_holdout,D+F+H,200,values_plus_missing,0.5790755287219393,0.42779945355191257,0.7303516038919662,0.5785030921605717,0.5880363601050298,5,5,25,0,available
generator_holdout,D+F+H,all,values_plus_missing,0.5820737895574681,0.4272136612021858,0.7369339179127504,0.5780299075241698,0.588385190220112,5,5,25,0,available
generator_holdout,D+F+SC,25,values_plus_missing,0.5893355950379957,0.43958852459016395,0.7390826654858275,0.5860803199873896,0.5994668842478326,5,5,25,0,available
generator_holdout,D+F+SC,50,values_plus_missing,0.5706093780280115,0.4065382513661202,0.7346805046899026,0.568413356452291,0.5768623578502458,5,5,25,0,available
generator_holdout,D+F+SC,100,values_plus_missing,0.5640819609797041,0.4001169398907104,0.7280469820686978,0.563640200714586,0.5715800397754648,5,5,25,0,available
generator_holdout,D+F+SC,200,values_plus_missing,0.5606589323052565,0.4083956284153006,0.7129222361952124,0.564233871899958,0.5642959707594735,5,5,25,0,available
generator_holdout,D+F+SC,all,values_plus_missing,0.5653039255067368,0.4046311475409836,0.72597670347249,0.5639742276166457,0.5638949527156722,5,5,25,0,available
generator_holdout,D+F+BC,25,values_plus_missing,0.5898903551551481,0.42269180327868855,0.7570889070316075,0.5819588824085751,0.5914002401798246,5,5,25,0,available
generator_holdout,D+F+BC,50,values_plus_missing,0.5769491377287996,0.39705573770491803,0.7568425377526811,0.5663163303909206,0.5637261805641419,5,5,25,0,available
generator_holdout,D+F+BC,100,values_plus_missing,0.5799970262020272,0.40138797814207655,0.758606074261978,0.568181969840269,0.5656033567406978,5,5,25,0,available
generator_holdout,D+F+BC,200,values_plus_missing,0.5852236010408256,0.4165098360655738,0.7539373660160775,0.5735193411097099,0.5670142417827898,5,5,25,0,available
generator_holdout,D+F+BC,all,values_plus_missing,0.5832393445682083,0.41569180327868854,0.7507868858577281,0.5711271516393442,0.5666144562591253,5,5,25,0,available
generator_holdout,D+H+SC,25,values_plus_missing,0.5747613460988703,0.4539808743169399,0.6955418178808009,0.5855240910046238,0.6234195000892633,5,5,25,0,available
generator_holdout,D+H+SC,50,values_plus_missing,0.5641589510622061,0.45167377049180335,0.6766441316326091,0.5791421737074401,0.6095620513651364,5,5,25,0,available
generator_holdout,D+H+SC,100,values_plus_missing,0.5571527397359113,0.44156994535519123,0.6727355341166313,0.5707849726775956,0.6082676517691283,5,5,25,0,available
generator_holdout,D+H+SC,200,values_plus_missing,0.546422379897793,0.4353666666666666,0.6574780931289192,0.5632963141025641,0.5966163986222697,5,5,25,0,available
generator_holdout,D+H+SC,all,values_plus_missing,0.5527721820933771,0.4296344262295082,0.6759099379572461,0.565598463114754,0.5952786345698794,5,5,25,0,available
generator_holdout,D+H+BC,25,values_plus_missing,0.5791973488563594,0.45211256830601093,0.7062821294067081,0.5812846495376208,0.6153659775528741,5,5,25,0,available
generator_holdout,D+H+BC,50,values_plus_missing,0.566700454662861,0.4462983606557377,0.6871025486699844,0.5705650457124842,0.5983136637470217,5,5,25,0,available
generator_holdout,D+H+BC,100,values_plus_missing,0.578961521603446,0.45947704918032783,0.6984459940265643,0.5781159284363178,0.6044682755446351,5,5,25,0,available
generator_holdout,D+H+BC,200,values_plus_missing,0.5606677730933552,0.4494163934426229,0.6719191527440875,0.56082598518285,0.5938117664207118,5,5,25,0,available
generator_holdout,D+H+BC,all,values_plus_missing,0.5629675480407035,0.4444092896174864,0.6815258064639207,0.5630700294241278,0.5975862317793844,5,5,25,0,available
generator_holdout,D+SC+BC,25,values_plus_missing,0.5608710279787532,0.4418125683060109,0.6799294876514954,0.5726490726145439,0.5989816711049757,5,5,25,0,available
generator_holdout,D+SC+BC,50,values_plus_missing,0.5628950719308045,0.4433874316939891,0.6824027121676198,0.5730158312316099,0.5970291979587059,5,5,25,0,available
generator_holdout,D+SC+BC,100,values_plus_missing,0.5626999012650915,0.4476196721311475,0.6777801303990356,0.5736896437578815,0.597779110792814,5,5,25,0,available
generator_holdout,D+SC+BC,200,values_plus_missing,0.5558781911912993,0.4406803278688525,0.6710760545137462,0.5645108370113493,0.5857746529711654,5,5,25,0,available
generator_holdout,D+SC+BC,all,values_plus_missing,0.5546248913956584,0.43622677595628423,0.6730230068350327,0.564147041824296,0.5858868341384579,5,5,25,0,available
generator_holdout,R+P+F,25,values_plus_missing,0.5898284486811374,0.4487918032786885,0.7308650940835862,0.5624968631778058,0.5887753361500603,5,5,25,0,available
generator_holdout,R+P+F,50,values_plus_missing,0.5706082437413146,0.438527868852459,0.7026886186301702,0.5461269151954602,0.572172275810079,5,5,25,0,available
generator_holdout,R+P+F,100,values_plus_missing,0.568178233216962,0.443427868852459,0.6929285975814652,0.5456922998108449,0.5719721335523562,5,5,25,0,available
generator_holdout,R+P+F,200,values_plus_missing,0.5756568061460374,0.4424672131147541,0.7088463991773206,0.554827356557377,0.5841191619716009,5,5,25,0,available
generator_holdout,R+P+F,all,values_plus_missing,0.5791717103456102,0.4421098360655738,0.7162335846256466,0.55663184110971,0.5908886651787113,5,5,25,0,available
generator_holdout,R+P+H,25,values_plus_missing,0.616051584910018,0.5671382513661202,0.6649649184539157,0.6095907602984447,0.6549581755734856,5,5,25,0,available
generator_holdout,R+P+H,50,values_plus_missing,0.5982147777113277,0.5524349726775957,0.6439945827450598,0.5917823901849516,0.6382694991324832,5,5,25,0,available
generator_holdout,R+P+H,100,values_plus_missing,0.6035461953346378,0.5764885245901639,0.6306038660791118,0.5961168584489281,0.6445009862189397,5,5,25,0,available
generator_holdout,R+P+H,200,values_plus_missing,0.6085405812851032,0.5708885245901639,0.6461926379800425,0.6026918584489281,0.6528240475949025,5,5,25,0,available
generator_holdout,R+P+H,all,values_plus_missing,0.6118867528706857,0.5753814207650273,0.6483920849763442,0.6054190757671291,0.6555096122565912,5,5,25,0,available
generator_holdout,R+P+SC,25,values_plus_missing,0.5916103891238236,0.5815704918032787,0.6016502864443685,0.5927083228247162,0.6240156167644176,5,5,25,0,available
generator_holdout,R+P+SC,50,values_plus_missing,0.5826285490699257,0.5690743169398906,0.5961827811999606,0.5823136007776377,0.6173593569115075,5,5,25,0,available
generator_holdout,R+P+SC,100,values_plus_missing,0.5861025394420656,0.5773743169398907,0.5948307619442406,0.5829780238545608,0.6219010082886531,5,5,25,0,available
generator_holdout,R+P+SC,200,values_plus_missing,0.5864429530439235,0.5684311475409836,0.6044547585468631,0.5824126891551071,0.6244640096550463,5,5,25,0,available
generator_holdout,R+P+SC,all,values_plus_missing,0.5898464725689282,0.5729775956284153,0.6067153495094411,0.584685913198823,0.6263018889464567,5,5,25,0,available
generator_holdout,R+P+BC,25,values_plus_missing,0.5945402702280282,0.627551912568306,0.5615286278877505,0.5836677832072299,0.6177614017533446,5,5,25,0,available
generator_holdout,R+P+BC,50,values_plus_missing,0.5751536425669002,0.6237415300546448,0.5265657550791554,0.5671592265657839,0.6061409177809322,5,5,25,0,available
generator_holdout,R+P+BC,100,values_plus_missing,0.5768369150035404,0.635720218579235,0.5179536114278459,0.569242320828079,0.607838766905022,5,5,25,0,available
generator_holdout,R+P+BC,200,values_plus_missing,0.5893569982341705,0.6402770491803278,0.5384369472880131,0.5810159284363178,0.6170102933020746,5,5,25,0,available
generator_holdout,R+P+BC,all,values_plus_missing,0.5950975983805675,0.6444770491803279,0.5457181475808073,0.5852793899747792,0.6211371448675798,5,5,25,0,available
generator_holdout,R+F+H,25,values_plus_missing,0.5985667879458693,0.4741743169398907,0.7229592589518479,0.579935716162253,0.6247494544321949,5,5,25,0,available
generator_holdout,R+F+H,50,values_plus_missing,0.5827113547388378,0.4632530054644809,0.702169704013195,0.5676841950399327,0.6162958725155971,5,5,25,0,available
generator_holdout,R+F+H,100,values_plus_missing,0.5896635840659776,0.47434590163934426,0.704981266492611,0.5716080469735183,0.6247646338484609,5,5,25,0,available
generator_holdout,R+F+H,200,values_plus_missing,0.595614357215753,0.47578524590163934,0.7154434685298665,0.5794791614123581,0.6308131861262996,5,5,25,0,available
generator_holdout,R+F+H,all,values_plus_missing,0.5968741204809873,0.478092349726776,0.7156558912351986,0.5818947325556957,0.631734824636531,5,5,25,0,available
generator_holdout,R+F+SC,25,values_plus_missing,0.5986424514703976,0.4772245901639344,0.7200603127768608,0.5814608527742748,0.6100094282893318,5,5,25,0,available
generator_holdout,R+F+SC,50,values_plus_missing,0.5805568135466229,0.4593103825136612,0.7018032445795845,0.5645710566414459,0.5957247026375599,5,5,25,0,available
generator_holdout,R+F+SC,100,values_plus_missing,0.5742704376734559,0.4621710382513661,0.6863698370955457,0.5605326345102984,0.5956746263081514,5,5,25,0,available
generator_holdout,R+F+SC,200,values_plus_missing,0.57837740839298,0.4527639344262295,0.7039908823597305,0.5605165825977301,0.5936494303825038,5,5,25,0,available
generator_holdout,R+F+SC,all,values_plus_missing,0.5794852313950087,0.4512459016393443,0.7077245611506733,0.559156604665826,0.5932841573227582,5,5,25,0,available
generator_holdout,R+F+BC,25,values_plus_missing,0.5945681230208949,0.47120655737704914,0.7179296886647407,0.570939817150063,0.5963714422099202,5,5,25,0,available
generator_holdout,R+F+BC,50,values_plus_missing,0.575557851000902,0.46160655737704925,0.6895091446247549,0.5520172209962169,0.5866767014501244,5,5,25,0,available
generator_holdout,R+F+BC,100,values_plus_missing,0.5742023620924183,0.47216721311475407,0.6762375110700825,0.5538119719419925,0.5878742654345203,5,5,25,0,available
generator_holdout,R+F+BC,200,values_plus_missing,0.5799598109805444,0.46490655737704917,0.6950130645840398,0.5593763556116016,0.5936700391426861,5,5,25,0,available
generator_holdout,R+F+BC,all,values_plus_missing,0.5819565608969695,0.46588142076502737,0.6980317010289118,0.5604647488440522,0.5964742993315584,5,5,25,0,available
generator_holdout,R+H+SC,25,values_plus_missing,0.5990201743233896,0.5552852459016393,0.6427551027451397,0.6042051229508197,0.6517866786079414,5,5,25,0,available
generator_holdout,R+H+SC,50,values_plus_missing,0.5897952543197276,0.5501245901639344,0.6294659184755206,0.5949541220050442,0.6444497700318152,5,5,25,0,available
generator_holdout,R+H+SC,100,values_plus_missing,0.5939342829872609,0.5695710382513661,0.6182975277231556,0.5981268652795293,0.6514806715677208,5,5,25,0,available
generator_holdout,R+H+SC,200,values_plus_missing,0.5895781911881259,0.5460245901639345,0.6331317922123173,0.5941661412358133,0.6489197176784599,5,5,25,0,available
generator_holdout,R+H+SC,all,values_plus_missing,0.586812654096249,0.5429781420765027,0.6306471661159954,0.5905395518074822,0.6456315455613005,5,5,25,0,available
generator_holdout,R+H+BC,25,values_plus_missing,0.604629707857699,0.5874672131147541,0.6217922026006439,0.6044908180958386,0.6539468193050887,5,5,25,0,available
generator_holdout,R+H+BC,50,values_plus_missing,0.6049073211250764,0.6009530054644808,0.6088616367856718,0.6015582335014712,0.650165611993957,5,5,25,0,available
generator_holdout,R+H+BC,100,values_plus_missing,0.612029943109231,0.6233601092896175,0.6006997769288445,0.6072930354140395,0.6577285071123333,5,5,25,0,available
generator_holdout,R+H+BC,200,values_plus_missing,0.6059769502465876,0.5909136612021858,0.6210402392909894,0.6030289459857083,0.6564756917223273,5,5,25,0,available
generator_holdout,R+H+BC,all,values_plus_missing,0.6086167581866041,0.5947459016393443,0.622487614733864,0.6050051623581336,0.6578387653983867,5,5,25,0,available
generator_holdout,R+SC+BC,25,values_plus_missing,0.5877944683216427,0.6172240437158469,0.5583648929274385,0.5919052910886927,0.6190751749551358,5,5,25,0,available
generator_holdout,R+SC+BC,50,values_plus_missing,0.5849279020919669,0.6075562841530054,0.5622995200309282,0.5873117959226566,0.6177971975701957,5,5,25,0,available
generator_holdout,R+SC+BC,100,values_plus_missing,0.5916683121165969,0.6143420765027322,0.5689945477304614,0.5884210382513662,0.6230873152375945,5,5,25,0,available
generator_holdout,R+SC+BC,200,values_plus_missing,0.5847700390525288,0.5934060109289618,0.5761340671760958,0.5830611785414039,0.6187177193950775,5,5,25,0,available
generator_holdout,R+SC+BC,all,values_plus_missing,0.5841608079857841,0.5924989071038251,0.5758227088677428,0.5812254150903742,0.6181606995546689,5,5,25,0,available
generator_holdout,P+F+H,25,values_plus_missing,0.5753081540399092,0.4315732240437159,0.7190430840361026,0.5663875735603194,0.5804376763795542,5,5,25,0,available
generator_holdout,P+F+H,50,values_plus_missing,0.5536978878535179,0.38150218579234974,0.7258935899146862,0.5477222467423287,0.5453310618797773,5,5,25,0,available
generator_holdout,P+F+H,100,values_plus_missing,0.5611292581098806,0.40175245901639345,0.7205060572033676,0.5581478641235813,0.5549238766799438,5,5,25,0,available
generator_holdout,P+F+H,200,values_plus_missing,0.5675156818137579,0.4191098360655737,0.715921527561942,0.5647832834174022,0.5639332136437638,5,5,25,0,available
generator_holdout,P+F+H,all,values_plus_missing,0.5705164277990766,0.4229775956284153,0.7180552599697381,0.5668373555065154,0.5680772060770197,5,5,25,0,available
generator_holdout,P+F+SC,25,values_plus_missing,0.5684710583006194,0.43461311475409836,0.7023290018471403,0.5634003073770492,0.5752688491682737,5,5,25,0,available
generator_holdout,P+F+SC,50,values_plus_missing,0.5485653227294568,0.3918060109289617,0.7053246345299519,0.5462635823875578,0.5450227122843043,5,5,25,0,available
generator_holdout,P+F+SC,100,values_plus_missing,0.5412929829227816,0.3909666666666667,0.6916192991788965,0.5407357371794872,0.5411950330618331,5,5,25,0,available
generator_holdout,P+F+SC,200,values_plus_missing,0.5385832672335633,0.38610218579234973,0.691064348674777,0.5397458044346364,0.5419170504375875,5,5,25,0,available
generator_holdout,P+F+SC,all,values_plus_missing,0.5387363468089663,0.3801874316939891,0.6972852619239435,0.537149004308533,0.5446070576838881,5,5,25,0,available
generator_holdout,P+F+BC,25,values_plus_missing,0.5717284189946719,0.40925901639344264,0.7341978215959012,0.5555309505044136,0.5495193558877385,5,5,25,0,available
generator_holdout,P+F+BC,50,values_plus_missing,0.557938181408936,0.37867704918032785,0.7371993136375442,0.5403601592055486,0.5151031231457076,5,5,25,0,available
generator_holdout,P+F+BC,100,values_plus_missing,0.5574175821840404,0.3863306010928962,0.7285045632751848,0.5426845313156788,0.514190434484795,5,5,25,0,available
generator_holdout,P+F+BC,200,values_plus_missing,0.5586001256296622,0.38429125683060106,0.7329089944287234,0.5424461091845313,0.5258048612182404,5,5,25,0,available
generator_holdout,P+F+BC,all,values_plus_missing,0.5562249358493356,0.37911584699453554,0.7333340247041358,0.5391372504203448,0.5317716940339686,5,5,25,0,available
generator_holdout,P+H+SC,25,values_plus_missing,0.5456152635160976,0.4472415300546448,0.6439889969775503,0.5636448034888609,0.5983273521193162,5,5,25,0,available
generator_holdout,P+H+SC,50,values_plus_missing,0.5299736371618935,0.4165273224043716,0.6434199519194154,0.5493093342791089,0.575874375343581,5,5,25,0,available
generator_holdout,P+H+SC,100,values_plus_missing,0.5241429510213824,0.42456666666666665,0.6237192353760982,0.544554967948718,0.5772338059994592,5,5,25,0,available
generator_holdout,P+H+SC,200,values_plus_missing,0.5253048164880589,0.43008797814207644,0.6205216548340415,0.5474358159941152,0.5730032926578658,5,5,25,0,available
generator_holdout,P+H+SC,all,values_plus_missing,0.519689995621207,0.41874863387978145,0.6206313573626325,0.5417661438629676,0.5702347515870076,5,5,25,0,available
generator_holdout,P+H+BC,25,values_plus_missing,0.5266614786334695,0.40663661202185797,0.6466863452450811,0.536190902164775,0.5578135260338621,5,5,25,0,available
generator_holdout,P+H+BC,50,values_plus_missing,0.5137956598481314,0.38544426229508194,0.6421470574011808,0.5193447273013871,0.5305490509373386,5,5,25,0,available
generator_holdout,P+H+BC,100,values_plus_missing,0.5164134154765108,0.3974049180327869,0.6354219129202346,0.5178130359394704,0.5327450705664158,5,5,25,0,available
generator_holdout,P+H+BC,200,values_plus_missing,0.5152703802511864,0.40005136612021863,0.6304893943821541,0.5157708753678015,0.5322363575258983,5,5,25,0,available
generator_holdout,P+H+BC,all,values_plus_missing,0.5222962293798191,0.40360491803278686,0.6409875407268514,0.5222351513240857,0.5380798745557281,5,5,25,0,available
generator_holdout,P+SC+BC,25,values_plus_missing,0.5159391968288258,0.4451153005464481,0.5867630931112036,0.5349374579655317,0.557480814605814,5,5,25,0,available
generator_holdout,P+SC+BC,50,values_plus_missing,0.5139716297144151,0.42021202185792345,0.6077312375709066,0.5281348570828079,0.5445568926761409,5,5,25,0,available
generator_holdout,P+SC+BC,100,values_plus_missing,0.5072760525393356,0.4205868852459016,0.5939652198327695,0.5233343080075662,0.5473118189398374,5,5,25,0,available
generator_holdout,P+SC+BC,200,values_plus_missing,0.5047230323778947,0.42307923497267763,0.5863668297831118,0.5212751944094157,0.5431871702238469,5,5,25,0,available
generator_holdout,P+SC+BC,all,values_plus_missing,0.5109811411766374,0.4365114754098361,0.5854508069434387,0.5267893915510719,0.5466154188428242,5,5,25,0,available
generator_holdout,F+H+SC,25,values_plus_missing,0.5745325612991425,0.4432382513661202,0.7058268712321649,0.5730614333753679,0.5970147533650353,5,5,25,0,available
generator_holdout,F+H+SC,50,values_plus_missing,0.555129189601509,0.40880273224043717,0.7014556469625809,0.5576465584279109,0.5676811557767442,5,5,25,0,available
generator_holdout,F+H+SC,100,values_plus_missing,0.5554307449281329,0.41454918032786886,0.696312309528397,0.5588370901639343,0.5720113169743306,5,5,25,0,available
generator_holdout,F+H+SC,200,values_plus_missing,0.5588894793485247,0.4228994535519126,0.6948795051451369,0.5619905921605717,0.5683471220666348,5,5,25,0,available
generator_holdout,F+H+SC,all,values_plus_missing,0.5542798143263477,0.41204918032786886,0.6965104483248267,0.557827474779319,0.5626328383244504,5,5,25,0,available
generator_holdout,F+H+BC,25,values_plus_missing,0.5655393951597358,0.42990218579234973,0.701176604527122,0.5620063813577134,0.575697476307724,5,5,25,0,available
generator_holdout,F+H+BC,50,values_plus_missing,0.5625676723407552,0.4110704918032787,0.7140648528782318,0.5562563997477932,0.5526196952329654,5,5,25,0,available
generator_holdout,F+H+BC,100,values_plus_missing,0.564456165697157,0.41863825136612015,0.7102740800281938,0.5559537410676755,0.5614272475095317,5,5,25,0,available
generator_holdout,F+H+BC,200,values_plus_missing,0.5712706393519998,0.4363136612021858,0.706227617501814,0.5637097152164775,0.5667052637632647,5,5,25,0,available
generator_holdout,F+H+BC,all,values_plus_missing,0.5697667620314792,0.42810273224043716,0.7114307918225214,0.5604455968894493,0.5639794730819695,5,5,25,0,available
generator_holdout,F+SC+BC,25,values_plus_missing,0.5809774655054905,0.44830273224043715,0.7136521987705438,0.570004731504834,0.578016011598452,5,5,25,0,available
generator_holdout,F+SC+BC,50,values_plus_missing,0.5596330809931885,0.41395628415300545,0.7053098778333717,0.5525310266918873,0.5499504733926651,5,5,25,0,available
generator_holdout,F+SC+BC,100,values_plus_missing,0.5529029204244577,0.4086453551912569,0.6971604856576584,0.5454284468263977,0.5458426395614959,5,5,25,0,available
generator_holdout,F+SC+BC,200,values_plus_missing,0.5522768838261652,0.4117453551912568,0.6928084124610735,0.5441539275956284,0.5413571980150489,5,5,25,0,available
generator_holdout,F+SC+BC,all,values_plus_missing,0.5553842406238632,0.41292732240437163,0.6978411588433546,0.5449251996637242,0.5385153882024389,5,5,25,0,available
generator_holdout,H+SC+BC,25,values_plus_missing,0.5244988060139517,0.43575956284153,0.6132380491863733,0.5424591083438419,0.5735277901593319,5,5,25,0,available
generator_holdout,H+SC+BC,50,values_plus_missing,0.5154112631574469,0.4267131147540984,0.6041094115607955,0.5354719419924338,0.5647608368655127,5,5,25,0,available
generator_holdout,H+SC+BC,100,values_plus_missing,0.5177349790361342,0.4367060109289618,0.5987639471433066,0.5339780054644809,0.5617942859902556,5,5,25,0,available
generator_holdout,H+SC+BC,200,values_plus_missing,0.505135895371547,0.418920218579235,0.5913515721638591,0.5235827054434636,0.5471946043601147,5,5,25,0,available
generator_holdout,H+SC+BC,all,values_plus_missing,0.5003132354936817,0.4055737704918033,0.5950527004955599,0.5187724621689785,0.5403795248737885,5,5,25,0,available
generator_holdout,S+D+R+P,25,values_plus_missing,0.6541334277632223,0.557592349726776,0.7506745057996683,0.6421375210172341,0.6874439200587013,5,5,25,0,available
generator_holdout,S+D+R+P,50,values_plus_missing,0.6496043767006473,0.5460852459016394,0.7531235074996553,0.6392084883354351,0.694114317835451,5,5,25,0,available
generator_holdout,S+D+R+P,100,values_plus_missing,0.6601923845775876,0.5671245901639345,0.7532601789912405,0.6490070066204288,0.7122783593461945,5,5,25,0,available
generator_holdout,S+D+R+P,200,values_plus_missing,0.6586889207994154,0.5637568306010928,0.7536210109977379,0.6483447614543926,0.7150311260019425,5,5,25,0,available
generator_holdout,S+D+R+P,all,values_plus_missing,0.6578723933768976,0.5656568306010928,0.7500879561527023,0.6481529345313157,0.7182881475035876,5,5,25,0,available
generator_holdout,S+D+R+F,25,values_plus_missing,0.6417409961540924,0.5064710382513662,0.7770109540568189,0.6249302306641445,0.6667856940262519,5,5,25,0,available
generator_holdout,S+D+R+F,50,values_plus_missing,0.6421883341114396,0.5030710382513661,0.7813056299715132,0.6241316729718369,0.6745661544220002,5,5,25,0,available
generator_holdout,S+D+R+F,100,values_plus_missing,0.6427967401851665,0.5117426229508196,0.7738508574195133,0.6260035230138714,0.6771506945061562,5,5,25,0,available
generator_holdout,S+D+R+F,200,values_plus_missing,0.6437549760052926,0.5120748633879781,0.775435088622607,0.6271311816939891,0.6797945399987256,5,5,25,0,available
generator_holdout,S+D+R+F,all,values_plus_missing,0.6457881890948346,0.5166284153005465,0.7749479628891228,0.6282661307271963,0.6824901233313,5,5,25,0,available
generator_holdout,S+D+R+H,25,values_plus_missing,0.6489454079747083,0.5454245901639345,0.7524662257854823,0.641762775851198,0.6966595553437519,5,5,25,0,available
generator_holdout,S+D+R+H,50,values_plus_missing,0.6494973800491992,0.544531693989071,0.7544630661093273,0.6404749816099201,0.6990426532111391,5,5,25,0,available
generator_holdout,S+D+R+H,100,values_plus_missing,0.664291099654448,0.5774103825136612,0.7511718167952346,0.6557724989491382,0.7205522580842713,5,5,25,0,available
generator_holdout,S+D+R+H,200,values_plus_missing,0.6546315510106194,0.5591890710382514,0.7500740309829874,0.6484046316729718,0.7194105144790095,5,5,25,0,available
generator_holdout,S+D+R+H,all,values_plus_missing,0.6517678391517039,0.5521890710382513,0.7513466072651565,0.6438829970575872,0.7181113216744651,5,5,25,0,available
generator_holdout,S+D+R+SC,25,values_plus_missing,0.6197001840166622,0.5256245901639345,0.71377577786939,0.6193627758511979,0.6607924570735397,5,5,25,0,available
generator_holdout,S+D+R+SC,50,values_plus_missing,0.6217400006835818,0.5159710382513661,0.7275089631157974,0.6180816729718369,0.6626389034456835,5,5,25,0,available
generator_holdout,S+D+R+SC,100,values_plus_missing,0.6367883421025892,0.5374639344262295,0.7361127497789488,0.6287079287515762,0.67665463058089,5,5,25,0,available
generator_holdout,S+D+R+SC,200,values_plus_missing,0.630421170231575,0.5198103825136612,0.7410319579494887,0.6228258643337536,0.6765967037843323,5,5,25,0,available
generator_holdout,S+D+R+SC,all,values_plus_missing,0.6257205841167696,0.5147103825136612,0.7367307857198779,0.6197950951029845,0.6745443394825039,5,5,25,0,available
generator_holdout,S+D+R+BC,25,values_plus_missing,0.6528335595193122,0.562592349726776,0.7430747693118486,0.6446976171710803,0.6968391882845227,5,5,25,0,available
generator_holdout,S+D+R+BC,50,values_plus_missing,0.6533836647575623,0.5574387978142077,0.749328531700917,0.644825168137873,0.7040979063250751,5,5,25,0,available
generator_holdout,S+D+R+BC,100,values_plus_missing,0.672432909348508,0.5886245901639344,0.7562412285330815,0.6595166220050441,0.7218192334952183,5,5,25,0,available
generator_holdout,S+D+R+BC,200,values_plus_missing,0.6664507962754362,0.5697174863387978,0.7631841062120748,0.653668839323245,0.719022024396055,5,5,25,0,available
generator_holdout,S+D+R+BC,all,values_plus_missing,0.6593274203995186,0.5576245901639345,0.7610302506351028,0.6472618143127364,0.7171027024634233,5,5,25,0,available
generator_holdout,S+D+P+F,25,values_plus_missing,0.6257948528000584,0.49292786885245904,0.7586618367476579,0.6204422998108449,0.6395467498795966,5,5,25,0,available
generator_holdout,S+D+P+F,50,values_plus_missing,0.6087309785561396,0.4471316939890711,0.7703302631232081,0.6054168085329971,0.6298887560035107,5,5,25,0,available
generator_holdout,S+D+P+F,100,values_plus_missing,0.6044698698946179,0.44460327868852456,0.7643364611007113,0.6045131778058008,0.6300549233170575,5,5,25,0,available
generator_holdout,S+D+P+F,200,values_plus_missing,0.6122084422413455,0.46888907103825134,0.7555278134444398,0.6101656893652796,0.6370033977359331,5,5,25,0,available
generator_holdout,S+D+P+F,all,values_plus_missing,0.6150704631414119,0.47490327868852455,0.755237647594299,0.6129925047288778,0.6438293404125246,5,5,25,0,available
generator_holdout,S+D+P+H,25,values_plus_missing,0.6163048627316605,0.5106027322404372,0.7220069932228836,0.6235705968894494,0.6607968803263254,5,5,25,0,available
generator_holdout,S+D+P+H,50,values_plus_missing,0.6097164588396382,0.47766721311475413,0.7417657045645224,0.6180403373266078,0.653078587295482,5,5,25,0,available
generator_holdout,S+D+P+H,100,values_plus_missing,0.6139102306287099,0.5028387978142077,0.7249816634432121,0.6273809373686423,0.6732450285604646,5,5,25,0,available
generator_holdout,S+D+P+H,200,values_plus_missing,0.6086092190296487,0.49666393442622947,0.7205545036330679,0.6199064864438839,0.6722237836393679,5,5,25,0,available
generator_holdout,S+D+P+H,all,values_plus_missing,0.6116453574453045,0.49576393442622957,0.7275267804643796,0.6217401402900378,0.6723403938292152,5,5,25,0,available
generator_holdout,S+D+P+SC,25,values_plus_missing,0.6055620230818622,0.5047136612021859,0.7064103849615386,0.612152503678016,0.632967634616907,5,5,25,0,available
generator_holdout,S+D+P+SC,50,values_plus_missing,0.5938220398753332,0.45623169398907104,0.7314123857615953,0.5984884431483817,0.6212651199802876,5,5,25,0,available
generator_holdout,S+D+P+SC,100,values_plus_missing,0.595578294020238,0.467631693989071,0.723524894051405,0.6022653662253047,0.6301552097910941,5,5,25,0,available
generator_holdout,S+D+P+SC,200,values_plus_missing,0.593981533577227,0.4680174863387978,0.7199455808156563,0.5995135508617067,0.6290181054950429,5,5,25,0,available
generator_holdout,S+D+P+SC,all,values_plus_missing,0.5991563797507158,0.47037103825136617,0.7279417212500652,0.6035749422026061,0.6302448659181705,5,5,25,0,available
generator_holdout,S+D+P+BC,25,values_plus_missing,0.6221033130556297,0.5156704918032787,0.7285361343079806,0.6257438997477932,0.662723719899865,5,5,25,0,available
generator_holdout,S+D+P+BC,50,values_plus_missing,0.6176451909515326,0.4902136612021858,0.7450767207008792,0.6226909652164775,0.6604632146565481,5,5,25,0,available
generator_holdout,S+D+P+BC,100,values_plus_missing,0.6312209662728518,0.5200459016393443,0.7423960309063594,0.635804200819672,0.6770425275212152,5,5,25,0,available
generator_holdout,S+D+P+BC,200,values_plus_missing,0.6235024804256664,0.5017459016393443,0.7452590592119884,0.6234090085119799,0.6707013548616741,5,5,25,0,available
generator_holdout,S+D+P+BC,all,values_plus_missing,0.6240756316438055,0.5021994535519126,0.7459518097356985,0.623996361391341,0.6726222786678139,5,5,25,0,available
generator_holdout,S+D+F+H,25,values_plus_missing,0.620148704010589,0.4845491803278688,0.7557482276933091,0.6157721863177805,0.6415748296879145,5,5,25,0,available
generator_holdout,S+D+F+H,50,values_plus_missing,0.6120249007715983,0.45624590163934425,0.7678038999038523,0.6095532392812106,0.6376454126520825,5,5,25,0,available
generator_holdout,S+D+F+H,100,values_plus_missing,0.6082928622162023,0.4622639344262295,0.7543217900061749,0.6104588902900379,0.6414085224525139,5,5,25,0,available
generator_holdout,S+D+F+H,200,values_plus_missing,0.6133935384925423,0.4780890710382513,0.7486980059468333,0.6146454970575872,0.6458600030747317,5,5,25,0,available
generator_holdout,S+D+F+H,all,values_plus_missing,0.612035106479176,0.4771355191256831,0.746934693832669,0.6142889134089954,0.6468039821972671,5,5,25,0,available
generator_holdout,S+D+F+SC,25,values_plus_missing,0.608175883870175,0.48172459016393443,0.7346271775764156,0.6062469104665826,0.6204408950933572,5,5,25,0,available
generator_holdout,S+D+F+SC,50,values_plus_missing,0.5915398026268236,0.4276568306010929,0.7554227746525544,0.5891288960697773,0.602077958219591,5,5,25,0,available
generator_holdout,S+D+F+SC,100,values_plus_missing,0.5883991207613588,0.4275890710382514,0.7492091704844661,0.5864507855191257,0.59717519133854,5,5,25,0,available
generator_holdout,S+D+F+SC,200,values_plus_missing,0.5908427255381956,0.436835519125683,0.7448499319507083,0.5883095864859185,0.6004082811058283,5,5,25,0,available
generator_holdout,S+D+F+SC,all,values_plus_missing,0.5927838733579579,0.4391890710382514,0.7463786756776644,0.5895464585960488,0.6009907076637342,5,5,25,0,available
generator_holdout,S+D+F+BC,25,values_plus_missing,0.6330060151526735,0.4926601092896175,0.7733519210157296,0.6230127469525011,0.6530876451474579,5,5,25,0,available
generator_holdout,S+D+F+BC,50,values_plus_missing,0.6162914531790863,0.45846010928961756,0.7741227970685551,0.6103598623371165,0.6420411596050399,5,5,25,0,available
generator_holdout,S+D+F+BC,100,values_plus_missing,0.6087432190326343,0.4527245901639344,0.7647618479013342,0.6064704681588903,0.6420956668385849,5,5,25,0,available
generator_holdout,S+D+F+BC,200,values_plus_missing,0.6195078727242681,0.47434972677595627,0.76466601867258,0.611754190311055,0.6425051163947075,5,5,25,0,available
generator_holdout,S+D+F+BC,all,values_plus_missing,0.6170190463675634,0.4735032786885246,0.7605348140466025,0.6097684662673392,0.6441766573276192,5,5,25,0,available
generator_holdout,S+D+H+SC,25,values_plus_missing,0.5897196584664275,0.4815994535519126,0.6978398633809425,0.6027588613913408,0.6255364371373867,5,5,25,0,available
generator_holdout,S+D+H+SC,50,values_plus_missing,0.5816934825146745,0.44804590163934427,0.7153410633900046,0.5909700662042876,0.6145996761604199,5,5,25,0,available
generator_holdout,S+D+H+SC,100,values_plus_missing,0.5862109094350948,0.4630174863387978,0.7094043325313918,0.5966529739386297,0.6256139283620972,5,5,25,0,available
generator_holdout,S+D+H+SC,200,values_plus_missing,0.582390405287531,0.45536393442622947,0.7094168761488326,0.5931867749054225,0.6211149998063089,5,5,25,0,available
generator_holdout,S+D+H+SC,all,values_plus_missing,0.5845988074702991,0.4485103825136612,0.7206872324269371,0.5915628835645229,0.6165667646814387,5,5,25,0,available
generator_holdout,S+D+H+BC,25,values_plus_missing,0.6137128134744765,0.5120349726775956,0.7153906542713574,0.6237458517234132,0.6618538770962371,5,5,25,0,available
generator_holdout,S+D+H+BC,50,values_plus_missing,0.6066645513014345,0.48651366120218575,0.7268154414006832,0.6180164459857083,0.6579868220694702,5,5,25,0,available
generator_holdout,S+D+H+BC,100,values_plus_missing,0.6178533718144477,0.5108459016393443,0.7248608419895511,0.6260960277427491,0.6765266893614427,5,5,25,0,available
generator_holdout,S+D+H+BC,200,values_plus_missing,0.6088853316289813,0.49543169398907105,0.7223389692688913,0.615864885456074,0.6687005527059062,5,5,25,0,available
generator_holdout,S+D+H+BC,all,values_plus_missing,0.6080824349081526,0.4806316939890711,0.7355331758272341,0.6128519046868433,0.6640796963531369,5,5,25,0,available
generator_holdout,S+D+SC+BC,25,values_plus_missing,0.5942130850730057,0.4880207650273224,0.7004054051186891,0.6029647094367381,0.6272999119151295,5,5,25,0,available
generator_holdout,S+D+SC+BC,50,values_plus_missing,0.5912119032005225,0.46364590163934427,0.718777904761701,0.5961258354350567,0.6172845931210468,5,5,25,0,available
generator_holdout,S+D+SC+BC,100,values_plus_missing,0.5993656649581529,0.47258524590163936,0.7261460840146664,0.6016171421815889,0.6257798827088351,5,5,25,0,available
generator_holdout,S+D+SC+BC,200,values_plus_missing,0.5922310476480003,0.4627852459016394,0.7216768493943612,0.5944334883354351,0.6195934539123829,5,5,25,0,available
generator_holdout,S+D+SC+BC,all,values_plus_missing,0.5877253034086366,0.4527852459016393,0.7226653609156339,0.5903950267969735,0.6148830847509751,5,5,25,0,available
generator_holdout,S+R+P+F,25,values_plus_missing,0.6337149712181407,0.5118923497267759,0.7555375927095056,0.6152009825556957,0.6490535850219321,5,5,25,0,available
generator_holdout,S+R+P+F,50,values_plus_missing,0.6213582033632186,0.48406393442622947,0.7586524723002077,0.6070560056746532,0.6494929300414668,5,5,25,0,available
generator_holdout,S+R+P+F,100,values_plus_missing,0.6239636173094645,0.48969617486338796,0.7582310597555411,0.6068673182009248,0.6503604535263388,5,5,25,0,available
generator_holdout,S+R+P+F,200,values_plus_missing,0.6341258149765054,0.4987890710382514,0.7694625589147595,0.6155604009037411,0.6624456861746428,5,5,25,0,available
generator_holdout,S+R+P+F,all,values_plus_missing,0.6366321223311882,0.5103568306010928,0.7629074140612835,0.6193611076082387,0.6684065126598715,5,5,25,0,available
generator_holdout,S+R+P+H,25,values_plus_missing,0.6211289893654056,0.5346639344262295,0.7075940443045818,0.6230411018284994,0.6779587299247806,5,5,25,0,available
generator_holdout,S+R+P+H,50,values_plus_missing,0.6092389437530937,0.4959174863387978,0.7225604011673898,0.6072135508617066,0.667164250423518,5,5,25,0,available
generator_holdout,S+R+P+H,100,values_plus_missing,0.6173735438634312,0.5308568306010929,0.7038902571257697,0.6178322614543925,0.6844046533883048,5,5,25,0,available
generator_holdout,S+R+P+H,200,values_plus_missing,0.6192067215551645,0.5233103825136612,0.715103060596668,0.6188667297183691,0.6929719779657287,5,5,25,0,available
generator_holdout,S+R+P+H,all,values_plus_missing,0.6179519042924101,0.5188568306010929,0.7170469779837273,0.6162192806851619,0.6928305600488978,5,5,25,0,available
generator_holdout,S+R+P+SC,25,values_plus_missing,0.5984551835529655,0.5230387978142076,0.6738715692917231,0.6009424758301807,0.6495397374503219,5,5,25,0,available
generator_holdout,S+R+P+SC,50,values_plus_missing,0.5961001991615437,0.4885710382513661,0.7036293600717212,0.59464609604876,0.6393796033399958,5,5,25,0,available
generator_holdout,S+R+P+SC,100,values_plus_missing,0.5966869245173807,0.49598524590163934,0.697388603133122,0.5946873344892811,0.6460036479458223,5,5,25,0,available
generator_holdout,S+R+P+SC,200,values_plus_missing,0.6006548991811697,0.498592349726776,0.7027174486355634,0.5991158864018495,0.65513987612614,5,5,25,0,available
generator_holdout,S+R+P+SC,all,values_plus_missing,0.5964531388028859,0.4959994535519126,0.6969068240538592,0.5955958806221101,0.6542982371789676,5,5,25,0,available
generator_holdout,S+R+P+BC,25,values_plus_missing,0.6234163381239892,0.5442530054644809,0.7025796707834975,0.6199029450399328,0.6708132311594867,5,5,25,0,available
generator_holdout,S+R+P+BC,50,values_plus_missing,0.6157140995376855,0.5178459016393442,0.7135822974360267,0.6131897777427491,0.6702030461889014,5,5,25,0,available
generator_holdout,S+R+P+BC,100,values_plus_missing,0.6296894137527949,0.5450852459016393,0.7142935816039505,0.6214608921815888,0.6817019429362863,5,5,25,0,available
generator_holdout,S+R+P+BC,200,values_plus_missing,0.6297433669184404,0.5412852459016394,0.7182014879352414,0.6236474306431273,0.6875568087653047,5,5,25,0,available
generator_holdout,S+R+P+BC,all,values_plus_missing,0.6270036128585227,0.5396316939890711,0.7143755317279743,0.6208374816099201,0.6885993777445364,5,5,25,0,available
generator_holdout,S+R+F+H,25,values_plus_missing,0.6348182127141794,0.5091994535519125,0.7604369718764462,0.6163184767759563,0.6662143524366871,5,5,25,0,available
generator_holdout,S+R+F+H,50,values_plus_missing,0.6292089811663883,0.49791748633879784,0.7605004759939789,0.6141630700924758,0.6674869951589737,5,5,25,0,available
generator_holdout,S+R+F+H,100,values_plus_missing,0.6332394989253298,0.512496174863388,0.7539828229872716,0.6194091451240017,0.6735570381389097,5,5,25,0,available
generator_holdout,S+R+F+H,200,values_plus_missing,0.6384595198178371,0.5120355191256831,0.7648835205099911,0.6247076634089954,0.6815087888417117,5,5,25,0,available
generator_holdout,S+R+F+H,all,values_plus_missing,0.6432422206486524,0.5177426229508197,0.7687418183464854,0.6266597730138714,0.6821285347668166,5,5,25,0,available
generator_holdout,S+R+F+SC,25,values_plus_missing,0.6192148372809315,0.5012174863387978,0.7372121882230651,0.6074597047078605,0.6372083865010354,5,5,25,0,available
generator_holdout,S+R+F+SC,50,values_plus_missing,0.6052453531377969,0.4633032786885246,0.7471874275870691,0.5952333701134931,0.6238751524359414,5,5,25,0,available
generator_holdout,S+R+F+SC,100,values_plus_missing,0.6049583434565393,0.4682426229508197,0.741674063962259,0.5914530422446406,0.6260952292776417,5,5,25,0,available
generator_holdout,S+R+F+SC,200,values_plus_missing,0.6086612138915256,0.46858196721311474,0.7487404605699364,0.5946275220680959,0.6330819961954373,5,5,25,0,available
generator_holdout,S+R+F+SC,all,values_plus_missing,0.6064200931350794,0.4654103825136612,0.7474298037564975,0.591839806641446,0.6322557435352948,5,5,25,0,available
generator_holdout,S+R+F+BC,25,values_plus_missing,0.637967656270757,0.5123923497267759,0.763542962814738,0.6192971364018496,0.6655176527407032,5,5,25,0,available
generator_holdout,S+R+F+BC,50,values_plus_missing,0.6299413203714469,0.5009103825136612,0.7589722582292324,0.6180633643337536,0.6654590319443896,5,5,25,0,available
generator_holdout,S+R+F+BC,100,values_plus_missing,0.6326228183631354,0.5012426229508197,0.7640030137754512,0.6136621768600252,0.666441554256988,5,5,25,0,available
generator_holdout,S+R+F+BC,200,values_plus_missing,0.6369753584806069,0.5034284153005465,0.7705223016606675,0.6186012268810425,0.6707719955305886,5,5,25,0,available
generator_holdout,S+R+F+BC,all,values_plus_missing,0.6402442496989391,0.5100426229508196,0.7704458764470586,0.6205261191677176,0.6731032773340503,5,5,25,0,available
generator_holdout,S+R+H+SC,25,values_plus_missing,0.59640009752876,0.5090032786885246,0.6837969163689953,0.6047420239596469,0.6517137871676727,5,5,25,0,available
generator_holdout,S+R+H+SC,50,values_plus_missing,0.5841249327561189,0.4715568306010929,0.6966930349111449,0.5884226460697772,0.6400298408832025,5,5,25,0,available
generator_holdout,S+R+H+SC,100,values_plus_missing,0.5932734603841459,0.4923032786885246,0.6942436420797671,0.5947694278058007,0.6526774540784307,5,5,25,0,available
generator_holdout,S+R+H+SC,200,values_plus_missing,0.5922418022504508,0.4814497267759562,0.703033877724945,0.5942104403110551,0.6568654919491618,5,5,25,0,available
generator_holdout,S+R+H+SC,all,values_plus_missing,0.586394745042554,0.46935683060109284,0.703432659484015,0.5878034153005464,0.651762462231195,5,5,25,0,available
generator_holdout,S+R+H+BC,25,values_plus_missing,0.6162691104774134,0.5282781420765027,0.7042600788783241,0.619066955653636,0.6807116707571772,5,5,25,0,available
generator_holdout,S+R+H+BC,50,values_plus_missing,0.6165553995805049,0.5146174863387978,0.7184933128222118,0.6156020124001682,0.6766595257809178,5,5,25,0,available
generator_holdout,S+R+H+BC,100,values_plus_missing,0.6292367546580944,0.5485103825136612,0.7099631268025276,0.6262984604875999,0.6936808020935815,5,5,25,0,available
generator_holdout,S+R+H+BC,200,values_plus_missing,0.6215150396020703,0.5246103825136612,0.7184196966904797,0.6203580758722153,0.6957900992471475,5,5,25,0,available
generator_holdout,S+R+H+BC,all,values_plus_missing,0.6173693715677324,0.5175568306010929,0.7171819125343718,0.6155692806851618,0.692421987074608,5,5,25,0,available
generator_holdout,S+R+SC+BC,25,values_plus_missing,0.5991310145003164,0.5243387978142077,0.6739232311864249,0.6020131489071039,0.6480991535629625,5,5,25,0,available
generator_holdout,S+R+SC+BC,50,values_plus_missing,0.5907136511375392,0.4885245901639344,0.692902712111144,0.5917382566204288,0.6403733116352643,5,5,25,0,available
generator_holdout,S+R+SC+BC,100,values_plus_missing,0.59753142932671,0.5036852459016393,0.6913776127517808,0.5955325267969735,0.6489444977533073,5,5,25,0,available
generator_holdout,S+R+SC+BC,200,values_plus_missing,0.5983901744486955,0.49123879781420765,0.7055415510831834,0.5931554565994115,0.6524816114022879,5,5,25,0,available
generator_holdout,S+R+SC+BC,all,values_plus_missing,0.595012574253963,0.4907852459016394,0.6992399026062868,0.5922676229508197,0.6481169635955244,5,5,25,0,available
generator_holdout,S+P+F+H,25,values_plus_missing,0.6142623147663584,0.5002704918032788,0.728254137729438,0.6114934189785624,0.6383161376584353,5,5,25,0,available
generator_holdout,S+P+F+H,50,values_plus_missing,0.5989265801953716,0.4456387978142077,0.7522143625765356,0.5987809373686422,0.6240643592370847,5,5,25,0,available
generator_holdout,S+P+F+H,100,values_plus_missing,0.5991921402407295,0.4546497267759563,0.7437345537055028,0.6016037095418243,0.6298226902287622,5,5,25,0,available
generator_holdout,S+P+F+H,200,values_plus_missing,0.6060608084466456,0.46984972677595627,0.7422718901173347,0.6054777480033627,0.6404327103730839,5,5,25,0,available
generator_holdout,S+P+F+H,all,values_plus_missing,0.6063365507578761,0.4732710382513662,0.7394020632643858,0.6080297498949139,0.6435981674444439,5,5,25,0,available
generator_holdout,S+P+F+SC,25,values_plus_missing,0.6022462757210117,0.48856010928961746,0.715932442152406,0.5985468815678857,0.6124737706859732,5,5,25,0,available
generator_holdout,S+P+F+SC,50,values_plus_missing,0.5841798733993151,0.4287568306010929,0.7396029161975372,0.5835490883774695,0.5875327864631048,5,5,25,0,available
generator_holdout,S+P+F+SC,100,values_plus_missing,0.5820511594858434,0.42114262295081967,0.7429596960208673,0.5774583307061791,0.5864698075929143,5,5,25,0,available
generator_holdout,S+P+F+SC,200,values_plus_missing,0.5915063861431199,0.43834262295081966,0.7446701493354202,0.5853972730138713,0.5960924635602082,5,5,25,0,available
generator_holdout,S+P+F+SC,all,values_plus_missing,0.5888186895165322,0.43707814207650275,0.7405592369565616,0.5839837825767129,0.5975493906503303,5,5,25,0,available
generator_holdout,S+P+F+BC,25,values_plus_missing,0.6242484914810487,0.5001956284153005,0.7483013545467967,0.6151819488230349,0.6386912483561027,5,5,25,0,available
generator_holdout,S+P+F+BC,50,values_plus_missing,0.6074016227073491,0.45174590163934425,0.7630573437753541,0.6027359315889029,0.62240551448721,5,5,25,0,available
generator_holdout,S+P+F+BC,100,values_plus_missing,0.6040674178293421,0.4500639344262295,0.7580709012324547,0.5994911018284994,0.6223215886687874,5,5,25,0,available
generator_holdout,S+P+F+BC,200,values_plus_missing,0.6096426027532502,0.46271748633879783,0.7565677191677025,0.6025726854770912,0.6313825223667024,5,5,25,0,available
generator_holdout,S+P+F+BC,all,values_plus_missing,0.6118492346256874,0.4693852459016393,0.7543132233497353,0.6033825267969736,0.6368406318029536,5,5,25,0,available
generator_holdout,S+P+H+SC,25,values_plus_missing,0.5763745044164633,0.47785300546448084,0.6748960033684456,0.5930130411937788,0.6215029422325568,5,5,25,0,available
generator_holdout,S+P+H+SC,50,values_plus_missing,0.5574659858158281,0.41623879781420764,0.6986931738174487,0.5735641104455654,0.5965327603999345,5,5,25,0,available
generator_holdout,S+P+H+SC,100,values_plus_missing,0.5609115122921302,0.4292103825136612,0.6926126420705991,0.5745811527952921,0.6051195794746307,5,5,25,0,available
generator_holdout,S+P+H+SC,200,values_plus_missing,0.5626472259329932,0.43051748633879783,0.6947769655271887,0.5764366277847836,0.6082746048116746,5,5,25,0,available
generator_holdout,S+P+H+SC,all,values_plus_missing,0.5594152877988199,0.42297814207650275,0.6958524335211369,0.572306378730559,0.6034446038638459,5,5,25,0,available
generator_holdout,S+P+H+BC,25,values_plus_missing,0.5881377889066248,0.4874743169398907,0.6888012608733589,0.6037131200084069,0.6455281210199689,5,5,25,0,available
generator_holdout,S+P+H+BC,50,values_plus_missing,0.5774012841927056,0.43232076502732236,0.7224818033580888,0.5898382671290459,0.6276113665803233,5,5,25,0,available
generator_holdout,S+P+H+BC,100,values_plus_missing,0.5813873284457088,0.45964590163934427,0.7031287552520734,0.5962892969735183,0.6451264665768985,5,5,25,0,available
generator_holdout,S+P+H+BC,200,values_plus_missing,0.5830417378886342,0.4633530054644809,0.7027304703127877,0.5941164065783944,0.6448498669417565,5,5,25,0,available
generator_holdout,S+P+H+BC,all,values_plus_missing,0.5811516154694844,0.4555994535519126,0.7067037773870561,0.590600207545187,0.6420285156313722,5,5,25,0,available
generator_holdout,S+P+SC+BC,25,values_plus_missing,0.5734563220923714,0.48193497267759555,0.6649776715071474,0.5856189286464901,0.6163193992492176,5,5,25,0,available
generator_holdout,S+P+SC+BC,50,values_plus_missing,0.5625754539831118,0.42699945355191254,0.698151454414311,0.573175207545187,0.5958054949235011,5,5,25,0,available
generator_holdout,S+P+SC+BC,100,values_plus_missing,0.5603145081636114,0.42700655737704923,0.6936224589501735,0.568371067150063,0.6010909339898758,5,5,25,0,available
generator_holdout,S+P+SC+BC,200,values_plus_missing,0.5632912453253087,0.43058142076502737,0.6960010698855902,0.5715407103825136,0.6031993202606923,5,5,25,0,available
generator_holdout,S+P+SC+BC,all,values_plus_missing,0.5678037964160526,0.43998142076502733,0.6956261720670779,0.5752190757671289,0.601167603818069,5,5,25,0,available
generator_holdout,S+F+H+SC,25,values_plus_missing,0.5925639925048195,0.4715169398907104,0.7136110451189286,0.5921887584068937,0.6141838374768476,5,5,25,0,available
generator_holdout,S+F+H+SC,50,values_plus_missing,0.5830681103091495,0.424892349726776,0.7412438708915231,0.5836000210172341,0.5932606617360972,5,5,25,0,available
generator_holdout,S+F+H+SC,100,values_plus_missing,0.5818644324383856,0.42954262295081963,0.7341862419259514,0.5818386191677175,0.5983756608832781,5,5,25,0,available
generator_holdout,S+F+H+SC,200,values_plus_missing,0.5876825570216186,0.44149617486338794,0.7338689391798494,0.5877552989701555,0.6054049508259435,5,5,25,0,available
generator_holdout,S+F+H+SC,all,values_plus_missing,0.5878352410540055,0.4419639344262295,0.7337065476817815,0.5873281210592686,0.6013233660388719,5,5,25,0,available
generator_holdout,S+F+H+BC,25,values_plus_missing,0.6106900173890296,0.48807049180327866,0.7333095429747807,0.6068958228247162,0.6448354145501838,5,5,25,0,available
generator_holdout,S+F+H+BC,50,values_plus_missing,0.6085239401854956,0.4589601092896175,0.7580877710813736,0.6059223623371165,0.6347856368320994,5,5,25,0,available
generator_holdout,S+F+H+BC,100,values_plus_missing,0.6042264926732497,0.46171748633879783,0.7467354990077014,0.6035750893232451,0.6393265987957255,5,5,25,0,available
generator_holdout,S+F+H+BC,200,values_plus_missing,0.6109051817511428,0.4734103825136612,0.7483999809886246,0.6067773066414459,0.6455326752245341,5,5,25,0,available
generator_holdout,S+F+H+BC,all,values_plus_missing,0.6087649528114573,0.4762710382513661,0.7412588673715483,0.6058037883564522,0.6442479633589926,5,5,25,0,available
generator_holdout,S+F+SC+BC,25,values_plus_missing,0.5995440111915568,0.4768530054644809,0.7222350169186328,0.5959986181168558,0.6222474720845883,5,5,25,0,available
generator_holdout,S+F+SC+BC,50,values_plus_missing,0.5803401950571322,0.4211994535519126,0.7394809365623518,0.5788689575451871,0.594403697168527,5,5,25,0,available
generator_holdout,S+F+SC+BC,100,values_plus_missing,0.5857061780022201,0.4280639344262295,0.7433484215782109,0.5790560056746532,0.5929603274391003,5,5,25,0,available
generator_holdout,S+F+SC+BC,200,values_plus_missing,0.5900337769047267,0.4356174863387978,0.7444500674706557,0.5818111470155527,0.5982072405751143,5,5,25,0,available
generator_holdout,S+F+SC+BC,all,values_plus_missing,0.5839489597352598,0.43254590163934425,0.7353520178311755,0.5770902585119798,0.5962870098345675,5,5,25,0,available
generator_holdout,S+H+SC+BC,25,values_plus_missing,0.5618630296819934,0.4529207650273224,0.6708052943366646,0.5786839402059689,0.6087096601835584,5,5,25,0,available
generator_holdout,S+H+SC+BC,50,values_plus_missing,0.5572799697089829,0.42283879781420763,0.6917211416037581,0.5728376681378731,0.5918564864767699,5,5,25,0,available
generator_holdout,S+H+SC+BC,100,values_plus_missing,0.550536956895004,0.42018524590163936,0.6808886678883688,0.564539738335435,0.598613460847696,5,5,25,0,available
generator_holdout,S+H+SC+BC,200,values_plus_missing,0.5572671530636073,0.4208316939890711,0.6937026121381435,0.568408635456074,0.5976442372267168,5,5,25,0,available
generator_holdout,S+H+SC+BC,all,values_plus_missing,0.5559485692507302,0.4189316939890711,0.6929654445123894,0.5659562316099201,0.5889649279294757,5,5,25,0,available
generator_holdout,D+R+P+F,25,values_plus_missing,0.6046787984555092,0.45196338797814206,0.7573942089328762,0.5870393862967633,0.6218164965624156,5,5,25,0,available
generator_holdout,D+R+P+F,50,values_plus_missing,0.5946919322019284,0.44700983606557376,0.7423740283382831,0.5762092449558638,0.6128991089310447,5,5,25,0,available
generator_holdout,D+R+P+F,100,values_plus_missing,0.5957026472828606,0.4484207650273224,0.7429845295383989,0.5779363440521228,0.6135646556630536,5,5,25,0,available
generator_holdout,D+R+P+F,200,values_plus_missing,0.6019400061316398,0.4577387978142077,0.7461412144490718,0.58674199506095,0.6246015394367455,5,5,25,0,available
generator_holdout,D+R+P+F,all,values_plus_missing,0.6107421057972166,0.4727136612021858,0.7487705503922472,0.5942294267549391,0.6339482671578192,5,5,25,0,available
generator_holdout,D+R+P+H,25,values_plus_missing,0.6415669156782867,0.5566491803278689,0.7264846510287046,0.6341539170870114,0.6839281244326277,5,5,25,0,available
generator_holdout,D+R+P+H,50,values_plus_missing,0.6336194260244666,0.5581420765027322,0.7090967755462011,0.6268474805590584,0.6759773464658367,5,5,25,0,available
generator_holdout,D+R+P+H,100,values_plus_missing,0.6382709812141204,0.5724601092896175,0.7040818531386233,0.6318430354140395,0.6855777990074152,5,5,25,0,available
generator_holdout,D+R+P+H,200,values_plus_missing,0.6445279093550567,0.5836530054644808,0.7054028132456324,0.6384611181168559,0.693682528947527,5,5,25,0,available
generator_holdout,D+R+P+H,all,values_plus_missing,0.6533582348261778,0.5927065573770492,0.7140099122753065,0.6471946248423708,0.7000108391826224,5,5,25,0,available
generator_holdout,D+R+P+SC,25,values_plus_missing,0.6196803665295871,0.5364775956284153,0.7028831374307589,0.6165561055065154,0.6614433414765825,5,5,25,0,available
generator_holdout,D+R+P+SC,50,values_plus_missing,0.6174862480511496,0.5386420765027322,0.696330419599567,0.6120494036359816,0.6610924658526649,5,5,25,0,available
generator_holdout,D+R+P+SC,100,values_plus_missing,0.616729046865312,0.5406814207650273,0.6927766729655966,0.6121676334594367,0.6671489355595662,5,5,25,0,available
generator_holdout,D+R+P+SC,200,values_plus_missing,0.6237513523440342,0.5457349726775956,0.7017677320104728,0.6176992171080286,0.6722187306895461,5,5,25,0,available
generator_holdout,D+R+P+SC,all,values_plus_missing,0.6272608663393812,0.5500491803278689,0.7044725523508936,0.6206976670870114,0.677008105656421,5,5,25,0,available
generator_holdout,D+R+P+BC,25,values_plus_missing,0.6308984507433577,0.5412092896174864,0.7205876118692289,0.622888298654897,0.6710506423630186,5,5,25,0,available
generator_holdout,D+R+P+BC,50,values_plus_missing,0.6349258558393698,0.5701131147540984,0.6997385969246411,0.6225565573770492,0.6733245393653295,5,5,25,0,available
generator_holdout,D+R+P+BC,100,values_plus_missing,0.6313208081489227,0.5648240437158469,0.6978175725819984,0.6229168295502312,0.6794044983789927,5,5,25,0,available
generator_holdout,D+R+P+BC,200,values_plus_missing,0.6427895417404696,0.5787846994535519,0.7067943840273874,0.6349452343421605,0.6839598744892578,5,5,25,0,available
generator_holdout,D+R+P+BC,all,values_plus_missing,0.6471817547382166,0.5808918032786885,0.7134717061977447,0.6382824401008828,0.6897622131687631,5,5,25,0,available
generator_holdout,D+R+F+H,25,values_plus_missing,0.6145315617655875,0.47303497267759564,0.7560281508535793,0.6028636401849516,0.6489077166337092,5,5,25,0,available
generator_holdout,D+R+F+H,50,values_plus_missing,0.6080583234285724,0.47586721311475405,0.7402494337423906,0.5947845680958386,0.6429515834733829,5,5,25,0,available
generator_holdout,D+R+F+H,100,values_plus_missing,0.6153112506705856,0.48969945355191263,0.7409230477892587,0.6003785729298025,0.6505529960497896,5,5,25,0,available
generator_holdout,D+R+F+H,200,values_plus_missing,0.6121000333010851,0.48801038251366113,0.736189684088509,0.601216729718369,0.653531952656734,5,5,25,0,available
generator_holdout,D+R+F+H,all,values_plus_missing,0.6143698842626081,0.4914174863387978,0.7373222821864184,0.6038217239386297,0.6562109510070474,5,5,25,0,available
generator_holdout,D+R+F+SC,25,values_plus_missing,0.6081586563570186,0.4622387978142076,0.7540785148998295,0.5937996873686423,0.6305575354180861,5,5,25,0,available
generator_holdout,D+R+F+SC,50,values_plus_missing,0.600323580345701,0.4624387978142076,0.7382083628771945,0.5865078604455654,0.6234364158819088,5,5,25,0,available
generator_holdout,D+R+F+SC,100,values_plus_missing,0.5974760886049917,0.45937814207650274,0.7355740351334805,0.5813116671920975,0.6214800205441343,5,5,25,0,available
generator_holdout,D+R+F+SC,200,values_plus_missing,0.5960362815683529,0.45210327868852457,0.7399692844481811,0.5792968316519546,0.6191358413405623,5,5,25,0,available
generator_holdout,D+R+F+SC,all,values_plus_missing,0.6013131253224425,0.45907103825136614,0.7435552123935188,0.5826605191256831,0.6202004544828124,5,5,25,0,available
generator_holdout,D+R+F+BC,25,values_plus_missing,0.6151114998472698,0.4674136612021858,0.7628093384923537,0.5969880806010929,0.6323017737777096,5,5,25,0,available
generator_holdout,D+R+F+BC,50,values_plus_missing,0.6101702141818861,0.476927868852459,0.7434125595113132,0.5920697036569987,0.6301946334911068,5,5,25,0,available
generator_holdout,D+R+F+BC,100,values_plus_missing,0.6101959902171703,0.48394590163934426,0.7364460787949964,0.5927542008196721,0.6325089749502744,5,5,25,0,available
generator_holdout,D+R+F+BC,200,values_plus_missing,0.6108141737336771,0.4786710382513661,0.7429573092159879,0.5951648460487601,0.6341343090754319,5,5,25,0,available
generator_holdout,D+R+F+BC,all,values_plus_missing,0.6133196264871993,0.47889234972677597,0.7477469032476225,0.5943740594787725,0.6367908302751548,5,5,25,0,available
generator_holdout,D+R+H+SC,25,values_plus_missing,0.6234259459314944,0.5311601092896174,0.7156917825733712,0.6242939969525011,0.6783762135915665,5,5,25,0,available
generator_holdout,D+R+H+SC,50,values_plus_missing,0.6129880262610892,0.5302994535519125,0.6956765989702656,0.612265111391341,0.6718286810347278,5,5,25,0,available
generator_holdout,D+R+H+SC,100,values_plus_missing,0.6233689950555609,0.5518923497267759,0.6948456403843457,0.6211384825556957,0.680364885816854,5,5,25,0,available
generator_holdout,D+R+H+SC,200,values_plus_missing,0.6150893440246465,0.5382387978142076,0.6919398902350856,0.6152131489071039,0.6793059308887963,5,5,25,0,available
generator_holdout,D+R+H+SC,all,values_plus_missing,0.616119527483038,0.5340994535519126,0.6981396014141634,0.6148261690836485,0.6787008932923689,5,5,25,0,available
generator_holdout,D+R+H+BC,25,values_plus_missing,0.637232043078731,0.5507027322404372,0.7237613539170249,0.6308201161202186,0.6912764327804607,5,5,25,0,available
generator_holdout,D+R+H+BC,50,values_plus_missing,0.6377062626143396,0.5812956284153006,0.6941168968133787,0.630731948823035,0.6893985935283112,5,5,25,0,available
generator_holdout,D+R+H+BC,100,values_plus_missing,0.6437401160469852,0.5998207650273224,0.6876594670666479,0.637710863282892,0.7013847364863818,5,5,25,0,available
generator_holdout,D+R+H+BC,200,values_plus_missing,0.63805995628814,0.5896207650273224,0.6864991475489577,0.6351949978982765,0.6983815975064,5,5,25,0,available
generator_holdout,D+R+H+BC,all,values_plus_missing,0.6431643230410039,0.5898672131147541,0.6964614329672536,0.6383230296343001,0.7008658862984973,5,5,25,0,available
generator_holdout,D+R+SC+BC,25,values_plus_missing,0.619664509643317,0.5339704918032787,0.7053585274833554,0.6149419766708701,0.6660177500010676,5,5,25,0,available
generator_holdout,D+R+SC+BC,50,values_plus_missing,0.6260660008998651,0.5615633879781421,0.6905686138215883,0.6191230401429172,0.6665904445904919,5,5,25,0,available
generator_holdout,D+R+SC+BC,100,values_plus_missing,0.6253176947729004,0.567827868852459,0.6828075206933418,0.6201519151954603,0.67204478721589,5,5,25,0,available
generator_holdout,D+R+SC+BC,200,values_plus_missing,0.6199139158802512,0.5534420765027322,0.6863857552577702,0.6162042113282892,0.6692967378300838,5,5,25,0,available
generator_holdout,D+R+SC+BC,all,values_plus_missing,0.6187548093878663,0.5506956284153006,0.686813990360432,0.6144103142076502,0.6698162442918718,5,5,25,0,available
generator_holdout,D+P+F+H,25,values_plus_missing,0.5802331693994027,0.4143661202185792,0.7461002185802262,0.575272002416982,0.6013019022532724,5,5,25,0,available
generator_holdout,D+P+F+H,50,values_plus_missing,0.5631618670256117,0.3702054644808743,0.756118269570349,0.5552349437788987,0.5649275918602346,5,5,25,0,available
generator_holdout,D+P+F+H,100,values_plus_missing,0.5677486316506268,0.3882808743169399,0.7472163889843138,0.5645731294661622,0.575276881077873,5,5,25,0,available
generator_holdout,D+P+F+H,200,values_plus_missing,0.5768217604662346,0.4147633879781421,0.7388801329543271,0.5754105401429171,0.583603182437087,5,5,25,0,available
generator_holdout,D+P+F+H,all,values_plus_missing,0.5857208463724721,0.42368469945355186,0.7477569932913924,0.5816139843421606,0.5905275271688786,5,5,25,0,available
generator_holdout,D+P+F+SC,25,values_plus_missing,0.5793716639771644,0.42732021857923497,0.7314231093750939,0.5784437631357713,0.5961572729267871,5,5,25,0,available
generator_holdout,D+P+F+SC,50,values_plus_missing,0.5571256997130474,0.37616284153005464,0.7380885578960401,0.5558698823034889,0.5686803166437135,5,5,25,0,available
generator_holdout,D+P+F+SC,100,values_plus_missing,0.5562357094179374,0.3835131147540983,0.7289583040817765,0.5566604035308954,0.5656226892917604,5,5,25,0,available
generator_holdout,D+P+F+SC,200,values_plus_missing,0.5587444082098669,0.392320218579235,0.7251685978404987,0.5598620323665406,0.5658924699833376,5,5,25,0,available
generator_holdout,D+P+F+SC,all,values_plus_missing,0.5637185954613166,0.3913021857923497,0.7361350051302835,0.5604347467423286,0.5709071541071498,5,5,25,0,available
generator_holdout,D+P+F+BC,25,values_plus_missing,0.5843953237669492,0.41750928961748635,0.7512813579164123,0.5767233948087431,0.5860978515698967,5,5,25,0,available
generator_holdout,D+P+F+BC,50,values_plus_missing,0.5635351081204549,0.36550163934426233,0.7615685768966474,0.5512003389029003,0.5497593743604907,5,5,25,0,available
generator_holdout,D+P+F+BC,100,values_plus_missing,0.5708053836250925,0.3811054644808743,0.7605053027693107,0.5602642707019756,0.5521768870258961,5,5,25,0,available
generator_holdout,D+P+F+BC,200,values_plus_missing,0.5744941271409496,0.3970092896174863,0.751978964664413,0.5664733948087431,0.5609002943050982,5,5,25,0,available
generator_holdout,D+P+F+BC,all,values_plus_missing,0.572277758869175,0.39596612021857924,0.7485893975197706,0.5636681562631358,0.5673696596370223,5,5,25,0,available
generator_holdout,D+P+H+SC,25,values_plus_missing,0.5825644509325798,0.467251912568306,0.6978769892968535,0.5979288408995376,0.6284896231630551,5,5,25,0,available
generator_holdout,D+P+H+SC,50,values_plus_missing,0.5721752104573066,0.4414699453551913,0.7028804755594221,0.5861195880622111,0.6079671522420242,5,5,25,0,available
generator_holdout,D+P+H+SC,100,values_plus_missing,0.56186477725642,0.43315191256830604,0.6905776419445341,0.5771528793610761,0.6109881195125014,5,5,25,0,available
generator_holdout,D+P+H+SC,200,values_plus_missing,0.5590441618532461,0.43736994535519125,0.680718378351301,0.5764373765237495,0.6102622306153627,5,5,25,0,available
generator_holdout,D+P+H+SC,all,values_plus_missing,0.5652981101441912,0.4359770491803278,0.6946191711080545,0.5783250630517024,0.6131065097136839,5,5,25,0,available
generator_holdout,D+P+H+BC,25,values_plus_missing,0.5827798027360457,0.45423715846994533,0.711322447002146,0.5864334830811264,0.6128577745607074,5,5,25,0,available
generator_holdout,D+P+H+BC,50,values_plus_missing,0.5668017758971704,0.42252295081967217,0.7110806009746689,0.5692542638713746,0.5882928648521737,5,5,25,0,available
generator_holdout,D+P+H+BC,100,values_plus_missing,0.5734095923440246,0.4303087431693989,0.7165104415186503,0.5719452369693149,0.5957355035835936,5,5,25,0,available
generator_holdout,D+P+H+BC,200,values_plus_missing,0.5708220677124275,0.44316612021857915,0.6984780152062757,0.5676768101092897,0.5978109924089782,5,5,25,0,available
generator_holdout,D+P+H+BC,all,values_plus_missing,0.5767020737402394,0.44207322404371585,0.7113309234367631,0.5733803620218579,0.6071616250987366,5,5,25,0,available
generator_holdout,D+P+SC+BC,25,values_plus_missing,0.5659294797934334,0.444644262295082,0.687214697291785,0.5808557849936948,0.6066604488940299,5,5,25,0,available
generator_holdout,D+P+SC+BC,50,values_plus_missing,0.5689228631566959,0.4315229508196722,0.7063227754937198,0.578622052332913,0.5986832735396028,5,5,25,0,available
generator_holdout,D+P+SC+BC,100,values_plus_missing,0.5636827858811445,0.42934808743169406,0.6980174843305951,0.5754913514081548,0.601208958886688,5,5,25,0,available
generator_holdout,D+P+SC+BC,200,values_plus_missing,0.5663844010986667,0.4335049180327869,0.6992638841645464,0.5745048628625473,0.5985157101033078,5,5,25,0,available
generator_holdout,D+P+SC+BC,all,values_plus_missing,0.5723241560301785,0.4384049180327869,0.7062433940275701,0.5802000551702396,0.6045136273619395,5,5,25,0,available
generator_holdout,D+F+H+SC,25,values_plus_missing,0.5894421120401692,0.441424043715847,0.7374601803644912,0.5883201949348467,0.6100343354637335,5,5,25,0,available
generator_holdout,D+F+H+SC,50,values_plus_missing,0.5690916885723241,0.4014382513661202,0.736745125778528,0.5703705679907525,0.5825665921984459,5,5,25,0,available
generator_holdout,D+F+H+SC,100,values_plus_missing,0.5680950934582609,0.4091562841530054,0.7270339027635163,0.5710444882303489,0.5849839555545442,5,5,25,0,available
generator_holdout,D+F+H+SC,200,values_plus_missing,0.566404570113005,0.4126601092896175,0.7201490309363926,0.571293996952501,0.579725110262359,5,5,25,0,available
generator_holdout,D+F+H+SC,all,values_plus_missing,0.5641147558975849,0.40918142076502734,0.7190480910301424,0.5685330180748214,0.5775090894003685,5,5,25,0,available
generator_holdout,D+F+H+BC,25,values_plus_missing,0.5877857241949842,0.43251311475409837,0.74305833363587,0.5827229035308953,0.6026616117291433,5,5,25,0,available
generator_holdout,D+F+H+BC,50,values_plus_missing,0.5754316364024905,0.4045808743169399,0.7462823984880411,0.5678553410046238,0.5749815885359693,5,5,25,0,available
generator_holdout,D+F+H+BC,100,values_plus_missing,0.5820683974231133,0.4146918032786885,0.7494449915675382,0.5735117670239596,0.5852427790174466,5,5,25,0,available
generator_holdout,D+F+H+BC,200,values_plus_missing,0.5857786761340444,0.42952786885245897,0.7420294834156298,0.5776846075031525,0.5868780418296944,5,5,25,0,available
generator_holdout,D+F+H+BC,all,values_plus_missing,0.5886043921276475,0.4326956284153005,0.7445131558399944,0.5801699295922657,0.5856690547568278,5,5,25,0,available
generator_holdout,D+F+SC+BC,25,values_plus_missing,0.5945441793000488,0.43890983606557377,0.7501785225345236,0.5855606872635561,0.6002224742185468,5,5,25,0,available
generator_holdout,D+F+SC+BC,50,values_plus_missing,0.5775526334785746,0.40749890710382514,0.7476063598533237,0.5686532997057587,0.5746922172648286,5,5,25,0,available
generator_holdout,D+F+SC+BC,100,values_plus_missing,0.5748375389812463,0.4120918032786885,0.7375832746838041,0.5689665747162673,0.57114596316746,5,5,25,0,available
generator_holdout,D+F+SC+BC,200,values_plus_missing,0.576168220901109,0.41885628415300546,0.7334801576492124,0.5689233343841951,0.5643419984651249,5,5,25,0,available
generator_holdout,D+F+SC+BC,all,values_plus_missing,0.5743461897040884,0.4111989071038251,0.7374934723043516,0.5642532997057587,0.5629673420559159,5,5,25,0,available
generator_holdout,D+H+SC+BC,25,values_plus_missing,0.5751744176702347,0.45812732240437154,0.6922215129360978,0.5862751996637242,0.6176571958215805,5,5,25,0,available
generator_holdout,D+H+SC+BC,50,values_plus_missing,0.5575077443667515,0.4413415300546449,0.6736739586788583,0.572473649642707,0.6018596751019254,5,5,25,0,available
generator_holdout,D+H+SC+BC,100,values_plus_missing,0.5635082973217334,0.4492628415300547,0.6777537531134122,0.5728285361496427,0.6030240386200526,5,5,25,0,available
generator_holdout,D+H+SC+BC,200,values_plus_missing,0.5558245644993648,0.44332732240437156,0.6683218065943579,0.5664953919714165,0.5907513714067476,5,5,25,0,available
generator_holdout,D+H+SC+BC,all,values_plus_missing,0.5549012803962683,0.43384863387978145,0.6759539269127552,0.5650012400168138,0.5881646773676628,5,5,25,0,available
generator_holdout,R+P+F+H,25,values_plus_missing,0.5982974779996477,0.4695524590163934,0.727042496982902,0.5797281525851198,0.617219292165469,5,5,25,0,available
generator_holdout,R+P+F+H,50,values_plus_missing,0.5775695358730821,0.443327868852459,0.7118112028937054,0.5610870113493064,0.5984614705564697,5,5,25,0,available
generator_holdout,R+P+F+H,100,values_plus_missing,0.583963459968595,0.4523207650273224,0.7156061549098676,0.5673863440521227,0.6067556356283241,5,5,25,0,available
generator_holdout,R+P+F+H,200,values_plus_missing,0.5941410456531224,0.4604994535519126,0.7277826377543322,0.5791078998528794,0.6200354112043032,5,5,25,0,available
generator_holdout,R+P+F+H,all,values_plus_missing,0.5974256482935839,0.4668672131147541,0.7279840834724137,0.5835537988650694,0.6247021426039515,5,5,25,0,available
generator_holdout,R+P+F+SC,25,values_plus_missing,0.587164234798784,0.4620207650273224,0.7123077045702455,0.5717555748213535,0.5985451043893114,5,5,25,0,available
generator_holdout,R+P+F+SC,50,values_plus_missing,0.5726461847512608,0.44143169398907106,0.7038606755134504,0.5584562316099201,0.5814109346543934,5,5,25,0,available
generator_holdout,R+P+F+SC,100,values_plus_missing,0.5693130129411724,0.44179945355191264,0.6968265723304322,0.556356457545187,0.5810433786561081,5,5,25,0,available
generator_holdout,R+P+F+SC,200,values_plus_missing,0.5735481400312717,0.4359530054644809,0.7111432745980626,0.5582409258091635,0.5860579312680817,5,5,25,0,available
generator_holdout,R+P+F+SC,all,values_plus_missing,0.5756140271532219,0.43814918032786887,0.7130788739785748,0.5574159363177806,0.5892408466808441,5,5,25,0,available
generator_holdout,R+P+F+BC,25,values_plus_missing,0.5877487556564498,0.44595956284153004,0.7295379484713697,0.5630038198823035,0.5863461424612857,5,5,25,0,available
generator_holdout,R+P+F+BC,50,values_plus_missing,0.569693442830645,0.43508852459016395,0.7042983610711261,0.5454288776796974,0.5686052166149709,5,5,25,0,available
generator_holdout,R+P+F+BC,100,values_plus_missing,0.5674981936424561,0.44348142076502733,0.6915149665198851,0.5465604219209752,0.5685164005080883,5,5,25,0,available
generator_holdout,R+P+F+BC,200,values_plus_missing,0.5750748881133843,0.44044207650273226,0.7097076997240365,0.5550768074821353,0.5805615725774009,5,5,25,0,available
generator_holdout,R+P+F+BC,all,values_plus_missing,0.5795121427380125,0.4427704918032787,0.7162537936727463,0.5569020728247163,0.5877182353958421,5,5,25,0,available
generator_holdout,R+P+H+SC,25,values_plus_missing,0.6033165472346517,0.5426207650273225,0.664012329441981,0.6071877863598151,0.6499357311062677,5,5,25,0,available
generator_holdout,R+P+H+SC,50,values_plus_missing,0.5826840463489622,0.5161852459016394,0.649182846796285,0.5883810844892812,0.633703885826484,5,5,25,0,available
generator_holdout,R+P+H+SC,100,values_plus_missing,0.5864360017570845,0.535031693989071,0.6378403095250981,0.592696135456074,0.6413638195575346,5,5,25,0,available
generator_holdout,R+P+H+SC,200,values_plus_missing,0.5880676505247446,0.5246852459016393,0.6514500551478498,0.5932320460277427,0.6461844397008548,5,5,25,0,available
generator_holdout,R+P+H+SC,all,values_plus_missing,0.5879643741668182,0.5273387978142077,0.6485899505194288,0.5931165142917192,0.6447799289761141,5,5,25,0,available
generator_holdout,R+P+H+BC,25,values_plus_missing,0.6080869502240354,0.5522524590163934,0.6639214414316774,0.6030493064312736,0.6473965873610394,5,5,25,0,available
generator_holdout,R+P+H+BC,50,values_plus_missing,0.5912614708774587,0.5420814207650273,0.6404415209898902,0.5863051334594367,0.631376382218684,5,5,25,0,available
generator_holdout,R+P+H+BC,100,values_plus_missing,0.59323906328935,0.5628027322404371,0.6236753943382629,0.5883725199663724,0.6369232676693093,5,5,25,0,available
generator_holdout,R+P+H+BC,200,values_plus_missing,0.6041078947325916,0.5597885245901639,0.6484272648750192,0.5969014738335435,0.6450223442259718,5,5,25,0,available
generator_holdout,R+P+H+BC,all,values_plus_missing,0.6068755605984648,0.5636491803278688,0.6501019408690609,0.5994928593947038,0.6488075146660625,5,5,25,0,available
generator_holdout,R+P+SC+BC,25,values_plus_missing,0.5849026619067179,0.5757060109289618,0.594099312884474,0.590617428541404,0.6166202178251304,5,5,25,0,available
generator_holdout,R+P+SC+BC,50,values_plus_missing,0.5710310824084954,0.547924043715847,0.594138121101144,0.5739019257040774,0.6069241084297439,5,5,25,0,available
generator_holdout,R+P+SC+BC,100,values_plus_missing,0.5789135863266501,0.5616169398907104,0.59621023276259,0.5766017391761245,0.6116410508455109,5,5,25,0,available
generator_holdout,R+P+SC+BC,200,values_plus_missing,0.576002090897729,0.5528666666666667,0.5991375151287913,0.5762530448717949,0.6135355583958422,5,5,25,0,available
generator_holdout,R+P+SC+BC,all,values_plus_missing,0.5778098138503321,0.5572595628415301,0.5983600648591343,0.5767668006515343,0.6165954114888159,5,5,25,0,available
generator_holdout,R+F+H+SC,25,values_plus_missing,0.6011260562208399,0.4838387978142077,0.7184133146274722,0.5914987258301808,0.6303512293539651,5,5,25,0,available
generator_holdout,R+F+H+SC,50,values_plus_missing,0.5855702940223788,0.4619639344262295,0.709176653618528,0.5776165825977302,0.6125463308963298,5,5,25,0,available
generator_holdout,R+F+H+SC,100,values_plus_missing,0.5853944690570054,0.4692245901639344,0.7015643479500765,0.5762589296973519,0.6197550264347464,5,5,25,0,available
generator_holdout,R+F+H+SC,200,values_plus_missing,0.5824838381163832,0.46295683060109294,0.7020108456316736,0.5758293768390079,0.6202178983743433,5,5,25,0,available
generator_holdout,R+F+H+SC,all,values_plus_missing,0.588188683642377,0.46411748633879785,0.712259880945956,0.5781524931693989,0.6180146605146143,5,5,25,0,available
generator_holdout,R+F+H+BC,25,values_plus_missing,0.5949500960016898,0.47322786885245904,0.7166723231509207,0.5793422998108448,0.6201520311542797,5,5,25,0,available
generator_holdout,R+F+H+BC,50,values_plus_missing,0.5825078468739968,0.4620601092896175,0.7029555844583761,0.5671478431063472,0.6123904794400604,5,5,25,0,available
generator_holdout,R+F+H+BC,100,values_plus_missing,0.5924609256792133,0.47586010928961747,0.709061742068809,0.5742882277217318,0.6212014767457309,5,5,25,0,available
generator_holdout,R+F+H+BC,200,values_plus_missing,0.5996040685015539,0.4816781420765027,0.7175299949266052,0.5829664748844052,0.627392996006602,5,5,25,0,available
generator_holdout,R+F+H+BC,all,values_plus_missing,0.5979519562129246,0.48213879781420765,0.7137651146116417,0.5827160335224885,0.6283820094315485,5,5,25,0,available
generator_holdout,R+F+SC+BC,25,values_plus_missing,0.5953689009905635,0.47663879781420765,0.7140990041669195,0.5808674758301808,0.6095687229789597,5,5,25,0,available
generator_holdout,R+F+SC+BC,50,values_plus_missing,0.5815145007209062,0.45721748633879783,0.7058115151030144,0.5668298970155528,0.5924961335402286,5,5,25,0,available
generator_holdout,R+F+SC+BC,100,values_plus_missing,0.5751776334479204,0.46022459016393447,0.6901306767319063,0.562023352774275,0.5932952422373643,5,5,25,0,available
generator_holdout,R+F+SC+BC,200,values_plus_missing,0.5752125485473378,0.450431693989071,0.6999934031056047,0.5609129623791509,0.5916930288783271,5,5,25,0,available
generator_holdout,R+F+SC+BC,all,values_plus_missing,0.5802051862155146,0.45729945355191254,0.7031109188791167,0.5622434767759563,0.5912987727712838,5,5,25,0,available
generator_holdout,R+H+SC+BC,25,values_plus_missing,0.5938723298150046,0.5475065573770491,0.6402381022529601,0.6004359709962169,0.6467200059954977,5,5,25,0,available
generator_holdout,R+H+SC+BC,50,values_plus_missing,0.5838677220958782,0.5434387978142077,0.6242966463775489,0.5919718027532577,0.6370036355809277,5,5,25,0,available
generator_holdout,R+H+SC+BC,100,values_plus_missing,0.5919410902824604,0.5645245901639344,0.6193575904009864,0.5974065258511979,0.6452259603807442,5,5,25,0,available
generator_holdout,R+H+SC+BC,200,values_plus_missing,0.5858056761430371,0.5400923497267759,0.6315190025592983,0.5913803094787726,0.6422297752949578,5,5,25,0,available
generator_holdout,R+H+SC+BC,all,values_plus_missing,0.5825925008765402,0.5349994535519126,0.630185548201168,0.5873314575451871,0.6389589600047068,5,5,25,0,available
generator_holdout,P+F+H+SC,25,values_plus_missing,0.5723769433595729,0.43899508196721315,0.7057588047519326,0.5703388871374527,0.5942848523309955,5,5,25,0,available
generator_holdout,P+F+H+SC,50,values_plus_missing,0.5500578143737205,0.3919060109289617,0.7082096178184794,0.5550876208490962,0.5603196751392989,5,5,25,0,available
generator_holdout,P+F+H+SC,100,values_plus_missing,0.5509839830934057,0.39631311475409836,0.7056548514327131,0.5558488650693569,0.5664221045288729,5,5,25,0,available
generator_holdout,P+F+H+SC,200,values_plus_missing,0.5603690228104863,0.4142704918032787,0.7064675538176939,0.563625630517024,0.5703203987348875,5,5,25,0,available
generator_holdout,P+F+H+SC,all,values_plus_missing,0.5564696744443306,0.40730601092896174,0.7056333379596993,0.5585808900798654,0.5691503245746353,5,5,25,0,available
generator_holdout,P+F+H+BC,25,values_plus_missing,0.5677213580339935,0.4254409836065574,0.7100017324614296,0.561698857187894,0.5733924014286285,5,5,25,0,available
generator_holdout,P+F+H+BC,50,values_plus_missing,0.5544917936034105,0.3891879781420765,0.7197956090647446,0.551144469840269,0.5407231178048153,5,5,25,0,available
generator_holdout,P+F+H+BC,100,values_plus_missing,0.5645749161801618,0.40207377049180326,0.7270760618685201,0.5565056352459017,0.5508619697298471,5,5,25,0,available
generator_holdout,P+F+H+BC,200,values_plus_missing,0.5704680630111119,0.42161693989071036,0.7193191861315134,0.5650152007145859,0.5609633795726279,5,5,25,0,available
generator_holdout,P+F+H+BC,all,values_plus_missing,0.5738409173695811,0.4222131147540984,0.7254687199850638,0.5650128073770493,0.5640276367595699,5,5,25,0,available
generator_holdout,P+F+SC+BC,25,values_plus_missing,0.5677435353648796,0.42449508196721314,0.7109919887625462,0.559663406368222,0.5713207969575465,5,5,25,0,available
generator_holdout,P+F+SC+BC,50,values_plus_missing,0.5505230547761354,0.39288797814207654,0.7081581314101942,0.5453021621479613,0.54195528274703,5,5,25,0,available
generator_holdout,P+F+SC+BC,100,values_plus_missing,0.5457336621906979,0.3922273224043716,0.6992400019770242,0.5415463535098781,0.5381357666463589,5,5,25,0,available
generator_holdout,P+F+SC+BC,200,values_plus_missing,0.5492643022047234,0.39325573770491806,0.7052728667045288,0.5406783496216898,0.5407428295381113,5,5,25,0,available
generator_holdout,P+F+SC+BC,all,values_plus_missing,0.548651760826085,0.3941267759562842,0.703176745695886,0.5400321379781421,0.5430042639592368,5,5,25,0,available
generator_holdout,P+H+SC+BC,25,values_plus_missing,0.5384056363030932,0.4442306010928962,0.6325806715132903,0.5592547236233711,0.5892666924916612,5,5,25,0,available
generator_holdout,P+H+SC+BC,50,values_plus_missing,0.52126420805998,0.40865573770491803,0.6338726784150418,0.5425490226986129,0.5665519860815784,5,5,25,0,available
generator_holdout,P+H+SC+BC,100,values_plus_missing,0.5210886752765355,0.4187092896174863,0.6234680609355846,0.5387416640395124,0.5694159409807242,5,5,25,0,available
generator_holdout,P+H+SC+BC,200,values_plus_missing,0.5192229863203542,0.425416393442623,0.6130295791980857,0.5402923313366961,0.563751144246651,5,5,25,0,available
generator_holdout,P+H+SC+BC,all,values_plus_missing,0.5190556679647504,0.4177770491803279,0.6203342867491731,0.5390567938209332,0.5608622194829249,5,5,25,0,available
generator_holdout,F+H+SC+BC,25,values_plus_missing,0.578949621922887,0.4405918032786885,0.7173074405670855,0.5707165747162672,0.59258242541866,5,5,25,0,available
generator_holdout,F+H+SC+BC,50,values_plus_missing,0.5575941818349596,0.40503825136612026,0.7101501123037989,0.55642537568306,0.5642403617622161,5,5,25,0,available
generator_holdout,F+H+SC+BC,100,values_plus_missing,0.5649377217427686,0.4173382513661202,0.7125371921194168,0.5595705679907523,0.5696562278834587,5,5,25,0,available
generator_holdout,F+H+SC+BC,200,values_plus_missing,0.5604617124509754,0.4193420765027322,0.7015813483992186,0.5581085382513662,0.567533260169156,5,5,25,0,available
generator_holdout,F+H+SC+BC,all,values_plus_missing,0.5605165201563935,0.41452404371584695,0.7065089965969399,0.555879810319462,0.5607576331229377,5,5,25,0,available
generator_holdout,S+D+R+P+F,25,values_plus_missing,0.6389661067238239,0.5049994535519126,0.7729327598957353,0.6211896306221101,0.6535288917919013,5,5,25,0,available
generator_holdout,S+D+R+P+F,50,values_plus_missing,0.6315614767853523,0.48233169398907105,0.7807912595816336,0.6132812316099201,0.6551245080358323,5,5,25,0,available
generator_holdout,S+D+R+P+F,100,values_plus_missing,0.6309681380255212,0.49004972677595626,0.771886549275086,0.616058517234132,0.6596975463986041,5,5,25,0,available
generator_holdout,S+D+R+P+F,200,values_plus_missing,0.6377623579278703,0.49843551912568307,0.7770891967300575,0.6225951634089955,0.6696599073670032,5,5,25,0,available
generator_holdout,S+D+R+P+F,all,values_plus_missing,0.642505514748635,0.5068890710382513,0.7781219584590187,0.6256200162883564,0.6767873135637775,5,5,25,0,available
generator_holdout,S+D+R+P+H,25,values_plus_missing,0.6463359801058997,0.5424459016393443,0.7502260585724552,0.6387109315889029,0.6853419540485529,5,5,25,0,available
generator_holdout,S+D+R+P+H,50,values_plus_missing,0.6324576138311265,0.5137852459016393,0.7511299817606136,0.6238998344892812,0.6803633807710292,5,5,25,0,available
generator_holdout,S+D+R+P+H,100,values_plus_missing,0.6462245142765747,0.5430568306010929,0.7493921979520565,0.6389562999159311,0.7040647728762964,5,5,25,0,available
generator_holdout,S+D+R+P+H,200,values_plus_missing,0.6451011016147238,0.5372426229508196,0.7529595802786279,0.6382126576292559,0.7098163194699103,5,5,25,0,available
generator_holdout,S+D+R+P+H,all,values_plus_missing,0.6453769011207926,0.5409497267759563,0.7498040754656289,0.6395854403110551,0.7121601127761731,5,5,25,0,available
generator_holdout,S+D+R+P+SC,25,values_plus_missing,0.62620303128151,0.5339852459016393,0.7184208166613807,0.6230623344892813,0.6594972167543496,5,5,25,0,available
generator_holdout,S+D+R+P+SC,50,values_plus_missing,0.6143826076511372,0.4973781420765027,0.7313870732257715,0.6102876287305591,0.651576984592671,5,5,25,0,available
generator_holdout,S+D+R+P+SC,100,values_plus_missing,0.622905708211052,0.5113103825136612,0.7345010339084427,0.6175542297183692,0.6644982452676668,5,5,25,0,available
generator_holdout,S+D+R+P+SC,200,values_plus_missing,0.6250435315789828,0.5091639344262295,0.7409231287317362,0.6186444672131148,0.6705273445554597,5,5,25,0,available
generator_holdout,S+D+R+P+SC,all,values_plus_missing,0.6251938766261051,0.5085103825136612,0.7418773707385491,0.6174162489491384,0.6724711805264935,5,5,25,0,available
generator_holdout,S+D+R+P+BC,25,values_plus_missing,0.6508015435346153,0.5559601092896175,0.7456429777796132,0.6396988046448088,0.685295355257717,5,5,25,0,available
generator_holdout,S+D+R+P+BC,50,values_plus_missing,0.6386264905021648,0.5292387978142077,0.748014183190122,0.6310256489071039,0.6867369452688687,5,5,25,0,available
generator_holdout,S+D+R+P+BC,100,values_plus_missing,0.6545460438165198,0.5533781420765027,0.7557139455565368,0.6432155133459437,0.7055554293005691,5,5,25,0,available
generator_holdout,S+D+R+P+BC,200,values_plus_missing,0.6540812059693984,0.5439852459016393,0.7641771660371575,0.6421248344892813,0.7073415438612245,5,5,25,0,available
generator_holdout,S+D+R+P+BC,all,values_plus_missing,0.6504961402513177,0.5427387978142076,0.7582534826884278,0.6385568989071039,0.7100235231557741,5,5,25,0,available
generator_holdout,S+D+R+F+H,25,values_plus_missing,0.6396145761545828,0.5029065573770491,0.7763225949321164,0.6244100094577554,0.6648600508150391,5,5,25,0,available
generator_holdout,S+D+R+F+H,50,values_plus_missing,0.6411060998753151,0.49413879781420766,0.7880734019364224,0.6209876681378731,0.6695959726557684,5,5,25,0,available
generator_holdout,S+D+R+F+H,100,values_plus_missing,0.6369251165019574,0.5079426229508196,0.765907610053095,0.6246443883984868,0.6780336322713761,5,5,25,0,available
generator_holdout,S+D+R+F+H,200,values_plus_missing,0.6401971853845827,0.5102284153005464,0.770165955468619,0.6277103614964271,0.6841782665078208,5,5,25,0,available
generator_holdout,S+D+R+F+H,all,values_plus_missing,0.6453774678048393,0.5160284153005464,0.774726520309132,0.6307305538041195,0.6866414087119148,5,5,25,0,available
generator_holdout,S+D+R+F+SC,25,values_plus_missing,0.6210709402817141,0.4913245901639344,0.7508172903994937,0.6118281604665826,0.6395958023880395,5,5,25,0,available
generator_holdout,S+D+R+F+SC,50,values_plus_missing,0.6103537390268043,0.45995683060109294,0.7607506474525156,0.6007115883774695,0.6301881286359294,5,5,25,0,available
generator_holdout,S+D+R+F+SC,100,values_plus_missing,0.6115298823659535,0.4657890710382514,0.7572706936936557,0.5985796316729719,0.6328148449213328,5,5,25,0,available
generator_holdout,S+D+R+F+SC,200,values_plus_missing,0.6143652055780162,0.4656819672131148,0.7630484439429177,0.6009900220680958,0.6376564286303169,5,5,25,0,available
generator_holdout,S+D+R+F+SC,all,values_plus_missing,0.6149497694762374,0.4690890710382513,0.7608104679142234,0.6016719393652796,0.6387572674605103,5,5,25,0,available
generator_holdout,S+D+R+F+BC,25,values_plus_missing,0.6427903566297524,0.5035459016393442,0.7820348116201603,0.6246094892812106,0.6709910876135844,5,5,25,0,available
generator_holdout,S+D+R+F+BC,50,values_plus_missing,0.642744610936773,0.5018781420765027,0.7836110797970433,0.6252179171920975,0.6726758091367643,5,5,25,0,available
generator_holdout,S+D+R+F+BC,100,values_plus_missing,0.6411608564001073,0.5042032786885245,0.77811843411169,0.6243372162673392,0.6768088534008848,5,5,25,0,available
generator_holdout,S+D+R+F+BC,200,values_plus_missing,0.6413331237449412,0.5000355191256831,0.7826307283641993,0.62441679802438,0.6790885653523269,5,5,25,0,available
generator_holdout,S+D+R+F+BC,all,values_plus_missing,0.6475491436109311,0.5127819672131148,0.7823163200087475,0.6288068489911728,0.6817457116302102,5,5,25,0,available
generator_holdout,S+D+R+H+SC,25,values_plus_missing,0.6178869774105723,0.5118245901639344,0.7239493646572102,0.619494025851198,0.6593943873960942,5,5,25,0,available
generator_holdout,S+D+R+H+SC,50,values_plus_missing,0.6122170089837741,0.49477103825136615,0.729662979716182,0.6115081152795292,0.6514087635723895,5,5,25,0,available
generator_holdout,S+D+R+H+SC,100,values_plus_missing,0.6244312558451413,0.5185032786885245,0.7303592330017578,0.6203694278058007,0.6706076023289966,5,5,25,0,available
generator_holdout,S+D+R+H+SC,200,values_plus_missing,0.6196330783838999,0.502896174863388,0.736369981904412,0.6164721258932324,0.671897459594581,5,5,25,0,available
generator_holdout,S+D+R+H+SC,all,values_plus_missing,0.6188417583610943,0.5024426229508197,0.735240893771369,0.6155842922446406,0.6693162991127828,5,5,25,0,available
generator_holdout,S+D+R+H+BC,25,values_plus_missing,0.6446230708692622,0.5463387978142077,0.7429073439243168,0.6403568989071038,0.6939601683668403,5,5,25,0,available
generator_holdout,S+D+R+H+BC,50,values_plus_missing,0.6451600123873727,0.5385316939890711,0.7517883307856744,0.6374148854560739,0.6912906212737207,5,5,25,0,available
generator_holdout,S+D+R+H+BC,100,values_plus_missing,0.660761624184452,0.5704710382513661,0.7510522101175379,0.6532042691256831,0.7155511534147168,5,5,25,0,available
generator_holdout,S+D+R+H+BC,200,values_plus_missing,0.6523977970283547,0.5457497267759563,0.7590458672807531,0.6448099595418243,0.7140432474378473,5,5,25,0,available
generator_holdout,S+D+R+H+BC,all,values_plus_missing,0.6499202603219439,0.5403497267759563,0.7594907938679315,0.6409681326187473,0.7116492747613318,5,5,25,0,available
generator_holdout,S+D+R+SC+BC,25,values_plus_missing,0.6219577597374465,0.5294316939890711,0.7144838254858218,0.6210259431483817,0.6616915067661592,5,5,25,0,available
generator_holdout,S+D+R+SC+BC,50,values_plus_missing,0.615571003365033,0.5031710382513661,0.7279709684787001,0.6123427306641446,0.6544012185816189,5,5,25,0,available
generator_holdout,S+D+R+SC+BC,100,values_plus_missing,0.6305830936542844,0.5209174863387978,0.7402487009697711,0.621816916246322,0.6695946452956686,5,5,25,0,available
generator_holdout,S+D+R+SC+BC,200,values_plus_missing,0.6261238615873497,0.507056830601093,0.7451908925736064,0.6180716845313157,0.66946563972805,5,5,25,0,available
generator_holdout,S+D+R+SC+BC,all,values_plus_missing,0.6226428161737905,0.5008639344262295,0.7444216979213513,0.6146146595208071,0.666593907458351,5,5,25,0,available
generator_holdout,S+D+P+F+H,25,values_plus_missing,0.6147763309907137,0.47539890710382515,0.7541537548776024,0.6083124343211433,0.6347331533408443,5,5,25,0,available
generator_holdout,S+D+P+F+H,50,values_plus_missing,0.5994462090646601,0.43232076502732236,0.7665716531019978,0.5969897094367381,0.6209840091943938,5,5,25,0,available
generator_holdout,S+D+P+F+H,100,values_plus_missing,0.6017886700746866,0.4428174863387978,0.7607598538105755,0.6021779739386297,0.6300493998020655,5,5,25,0,available
generator_holdout,S+D+P+F+H,200,values_plus_missing,0.6102706933138975,0.4704497267759563,0.7500916598518389,0.6120277480033628,0.6407200158625094,5,5,25,0,available
generator_holdout,S+D+P+F+H,all,values_plus_missing,0.6116550107263434,0.4728961748633879,0.7504138465892989,0.6137317412778478,0.6458580402110202,5,5,25,0,available
generator_holdout,S+D+P+F+SC,25,values_plus_missing,0.6111699417886394,0.4849814207650273,0.7373584628122514,0.6073344603825136,0.6172035212255106,5,5,25,0,available
generator_holdout,S+D+P+F+SC,50,values_plus_missing,0.5852951967783537,0.41099234972677595,0.7595980438299315,0.5826596364018495,0.5911085897376597,5,5,25,0,available
generator_holdout,S+D+P+F+SC,100,values_plus_missing,0.584599033147356,0.4163426229508197,0.7528554433438923,0.5829309268600252,0.5905537749446357,5,5,25,0,available
generator_holdout,S+D+P+F+SC,200,values_plus_missing,0.5910897221191036,0.43174972677595624,0.7504297174622508,0.5885311133879781,0.5991985132040872,5,5,25,0,available
generator_holdout,S+D+P+F+SC,all,values_plus_missing,0.5942574707012132,0.43695683060109286,0.7515581108013335,0.5911346653005464,0.603838000189713,5,5,25,0,available
generator_holdout,S+D+P+F+BC,25,values_plus_missing,0.6303381461669,0.49207431693989073,0.7686019753939092,0.6203761007776377,0.6450921158292247,5,5,25,0,available
generator_holdout,S+D+P+F+BC,50,values_plus_missing,0.6077179011098812,0.44126721311475403,0.7741685891050084,0.6017634142496847,0.6268549209744919,5,5,25,0,available
generator_holdout,S+D+P+F+BC,100,values_plus_missing,0.6022393536303848,0.4361459016393442,0.7683328056214255,0.5997436238965952,0.6306755655986801,5,5,25,0,available
generator_holdout,S+D+P+F+BC,200,values_plus_missing,0.6153191555006046,0.4628639344262295,0.7677743765749795,0.6069728325977302,0.636638567439548,5,5,25,0,available
generator_holdout,S+D+P+F+BC,all,values_plus_missing,0.6159010495980599,0.46911038251366116,0.7626917166824587,0.6083532681799075,0.6434036758895878,5,5,25,0,available
generator_holdout,S+D+P+H+SC,25,values_plus_missing,0.6015271576187947,0.4944814207650273,0.7085728944725622,0.609860902690206,0.6317634357983486,5,5,25,0,available
generator_holdout,S+D+P+H+SC,50,values_plus_missing,0.5806639655013105,0.4369994535519126,0.7243284774507084,0.5889324190836487,0.6089881579146654,5,5,25,0,available
generator_holdout,S+D+P+H+SC,100,values_plus_missing,0.5813485206881057,0.44882459016393444,0.7138724512122769,0.5933425835435057,0.6234640026742382,5,5,25,0,available
generator_holdout,S+D+P+H+SC,200,values_plus_missing,0.5823836641139443,0.4528174863387978,0.7119498418890908,0.593235666246322,0.6247383056591588,5,5,25,0,available
generator_holdout,S+D+P+H+SC,all,values_plus_missing,0.5861723320672309,0.44862459016393447,0.7237200739705274,0.5936632566204287,0.623661464716211,5,5,25,0,available
generator_holdout,S+D+P+H+BC,25,values_plus_missing,0.6118647996637636,0.509624043715847,0.7141055556116801,0.621398560319462,0.6577540632129423,5,5,25,0,available
generator_holdout,S+D+P+H+BC,50,values_plus_missing,0.5990361623772303,0.4627027322404372,0.7353695925140235,0.608875404581757,0.6445756115594655,5,5,25,0,available
generator_holdout,S+D+P+H+BC,100,values_plus_missing,0.6106643872431585,0.49350655737704924,0.7278222171092679,0.6201907786885246,0.6679007753959212,5,5,25,0,available
generator_holdout,S+D+P+H+BC,200,values_plus_missing,0.6107527844128081,0.48623879781420765,0.7352667710114085,0.6144535335224883,0.6652026483595279,5,5,25,0,available
generator_holdout,S+D+P+H+BC,all,values_plus_missing,0.6085803376153154,0.480792349726776,0.7363683255038547,0.6140139633249264,0.6649492290621842,5,5,25,0,available
generator_holdout,S+D+P+SC+BC,25,values_plus_missing,0.5996338693573793,0.4970027322404372,0.7022650064743214,0.6071552122740647,0.6335605573237106,5,5,25,0,available
generator_holdout,S+D+P+SC+BC,50,values_plus_missing,0.5853387083411535,0.44746721311475407,0.723210203567553,0.5919427411727616,0.6119969404675589,5,5,25,0,available
generator_holdout,S+D+P+SC+BC,100,values_plus_missing,0.5914926633783384,0.45569945355191255,0.7272858732047641,0.5956982844682639,0.6231756801154463,5,5,25,0,available
generator_holdout,S+D+P+SC+BC,200,values_plus_missing,0.5904678854174901,0.45481366120218575,0.7261221096327942,0.592671253678016,0.6212763476296004,5,5,25,0,available
generator_holdout,S+D+P+SC+BC,all,values_plus_missing,0.5936991145722578,0.45876010928961747,0.7286381198548981,0.5963872661832703,0.6219358847360629,5,5,25,0,available
generator_holdout,S+D+F+H+SC,25,values_plus_missing,0.5973417626900035,0.4635562841530055,0.7311272412270015,0.5974632382303489,0.6130785076541798,5,5,25,0,available
generator_holdout,S+D+F+H+SC,50,values_plus_missing,0.5824719095769794,0.4114065573770492,0.7535372617769095,0.5815446248423708,0.5930859040689928,5,5,25,0,available
generator_holdout,S+D+F+H+SC,100,values_plus_missing,0.5847223198936362,0.4211639344262295,0.748280705361043,0.5858824479823455,0.5972236309097758,5,5,25,0,available
generator_holdout,S+D+F+H+SC,200,values_plus_missing,0.5894951106370936,0.43464972677595626,0.7443404944982308,0.590702267234132,0.6040048942759042,5,5,25,0,available
generator_holdout,S+D+F+H+SC,all,values_plus_missing,0.5889583675164005,0.4372426229508196,0.7406741120819814,0.5906165037831022,0.603686405479536,5,5,25,0,available
generator_holdout,S+D+F+H+BC,25,values_plus_missing,0.6185267437330086,0.47467759562841527,0.7623758918376019,0.609754663198823,0.6447620006608813,5,5,25,0,available
generator_holdout,S+D+F+H+BC,50,values_plus_missing,0.6115215353228611,0.4515814207650273,0.7714616498806951,0.6075214796132828,0.6341046951002387,5,5,25,0,available
generator_holdout,S+D+F+H+BC,100,values_plus_missing,0.6110957534414184,0.461731693989071,0.7604598128937659,0.6110341162253048,0.6417941801577517,5,5,25,0,available
generator_holdout,S+D+F+H+BC,200,values_plus_missing,0.6177874852744762,0.4764032786885246,0.7591716918604281,0.6145838508827237,0.6464525948036142,5,5,25,0,available
generator_holdout,S+D+F+H+BC,all,values_plus_missing,0.613119068837449,0.47200327868852454,0.7542348589863735,0.6106410624211854,0.6468952017326909,5,5,25,0,available
generator_holdout,S+D+F+SC+BC,25,values_plus_missing,0.6132366463919853,0.4805530054644809,0.7459202873194897,0.6078245796553174,0.626711475259835,5,5,25,0,available
generator_holdout,S+D+F+SC+BC,50,values_plus_missing,0.5885193622369395,0.4197530054644809,0.757285719009398,0.5841553488860866,0.5990005456855305,5,5,25,0,available
generator_holdout,S+D+F+SC+BC,100,values_plus_missing,0.5874135503576767,0.41777814207650277,0.7570489586388509,0.5821462825767129,0.5977826145307266,5,5,25,0,available
generator_holdout,S+D+F+SC+BC,200,values_plus_missing,0.5915145448739574,0.4288103825136612,0.7542187072342534,0.5850782681799075,0.6012674406966328,5,5,25,0,available
generator_holdout,S+D+F+SC+BC,all,values_plus_missing,0.5948677558374019,0.4384103825136612,0.7513251291611425,0.5886162489491383,0.60203780933873,5,5,25,0,available
generator_holdout,S+D+H+SC+BC,25,values_plus_missing,0.5895134488916887,0.47807431693989066,0.7009525808434868,0.6000347546237915,0.6246908507256168,5,5,25,0,available
generator_holdout,S+D+H+SC+BC,50,values_plus_missing,0.5763687085356383,0.4421601092896175,0.7105773077816591,0.5862843815678856,0.6058986068709717,5,5,25,0,available
generator_holdout,S+D+H+SC+BC,100,values_plus_missing,0.5875621163287736,0.4601530054644809,0.7149712271930665,0.595521214270702,0.620290856557051,5,5,25,0,available
generator_holdout,S+D+H+SC+BC,200,values_plus_missing,0.5820601895274382,0.44907814207650276,0.7150422369783739,0.588841955653636,0.6163174436694332,5,5,25,0,available
generator_holdout,S+D+H+SC+BC,all,values_plus_missing,0.5830175746842323,0.4413781420765027,0.7246570072919619,0.5872756094997899,0.6101707207882509,5,5,25,0,available
generator_holdout,S+R+P+F+H,25,values_plus_missing,0.6342470427588147,0.512867213114754,0.7556268724028754,0.6172509142496848,0.6544456541875059,5,5,25,0,available
generator_holdout,S+R+P+F+H,50,values_plus_missing,0.6183831977316374,0.48077814207650277,0.7559882533867721,0.604691955653636,0.6478110740724571,5,5,25,0,available
generator_holdout,S+R+P+F+H,100,values_plus_missing,0.6224076193649206,0.48764972677595625,0.7571655119538849,0.6087888056956705,0.6559863157999284,5,5,25,0,available
generator_holdout,S+R+P+F+H,200,values_plus_missing,0.6333605293872939,0.5011890710382514,0.7655319877363366,0.6204262662883565,0.6710401420917141,5,5,25,0,available
generator_holdout,S+R+P+F+H,all,values_plus_missing,0.6386255544526765,0.5067426229508196,0.7705084859545335,0.6225419845523329,0.675790062215034,5,5,25,0,available
generator_holdout,S+R+P+F+SC,25,values_plus_missing,0.6140986156553806,0.49764590163934425,0.730551329671417,0.6027892969735184,0.6267739961401574,5,5,25,0,available
generator_holdout,S+R+P+F+SC,50,values_plus_missing,0.5963011413669913,0.44535683060109293,0.74724545213289,0.5858995691467003,0.6089218513191745,5,5,25,0,available
generator_holdout,S+R+P+F+SC,100,values_plus_missing,0.5934694522226722,0.4445426229508197,0.7423962814945249,0.5812256383984867,0.6119727643381538,5,5,25,0,available
generator_holdout,S+R+P+F+SC,200,values_plus_missing,0.6036040280502616,0.45660327868852457,0.7506047774119986,0.5903809662673393,0.626155975735938,5,5,25,0,available
generator_holdout,S+R+P+F+SC,all,values_plus_missing,0.6063623569308099,0.46367103825136613,0.7490536756102535,0.5924124422026062,0.629103228561692,5,5,25,0,available
generator_holdout,S+R+P+F+BC,25,values_plus_missing,0.6333502445518157,0.5066601092896175,0.7600403798140137,0.6156497661832703,0.6520749070791879,5,5,25,0,available
generator_holdout,S+R+P+F+BC,50,values_plus_missing,0.61847971910529,0.4781710382513661,0.7587883999592137,0.6053715768179908,0.6467932067686327,5,5,25,0,available
generator_holdout,S+R+P+F+BC,100,values_plus_missing,0.6238404649653753,0.4808497267759563,0.7668312031547944,0.6053287095418243,0.6484118161125556,5,5,25,0,available
generator_holdout,S+R+P+F+BC,200,values_plus_missing,0.6321647266754086,0.49178907103825137,0.7725403823125658,0.6138632855191257,0.6598601226613294,5,5,25,0,available
generator_holdout,S+R+P+F+BC,all,values_plus_missing,0.6358011019441472,0.5013497267759564,0.770252477112338,0.6164801518495165,0.6667601404728698,5,5,25,0,available
generator_holdout,S+R+P+H+SC,25,values_plus_missing,0.6010481317852178,0.5173174863387978,0.6847787772316377,0.6088390316309373,0.6513016806025612,5,5,25,0,available
generator_holdout,S+R+P+H+SC,50,values_plus_missing,0.5775841722831331,0.45456393442622944,0.7006044101400366,0.5822098518284993,0.6276786969164517,5,5,25,0,available
generator_holdout,S+R+P+H+SC,100,values_plus_missing,0.5796961918005643,0.4676568306010929,0.6917355530000358,0.5849702422236234,0.6405409012782438,5,5,25,0,available
generator_holdout,S+R+P+H+SC,200,values_plus_missing,0.5888270789599808,0.47266393442622945,0.7049902234937321,0.5921011979823455,0.6515809248219095,5,5,25,0,available
generator_holdout,S+R+P+H+SC,all,values_plus_missing,0.5836655402230845,0.46781038251366114,0.6995206979325077,0.5878715374106768,0.6486133923477791,5,5,25,0,available
generator_holdout,S+R+P+H+BC,25,values_plus_missing,0.6167336977070199,0.527592349726776,0.7058750456872638,0.6195654056326187,0.6734624467494155,5,5,25,0,available
generator_holdout,S+R+P+H+BC,50,values_plus_missing,0.6057619624785953,0.48797814207650275,0.7235457828806877,0.6034842633459436,0.6588236668939587,5,5,25,0,available
generator_holdout,S+R+P+H+BC,100,values_plus_missing,0.6098778318284842,0.5133174863387978,0.7064381773181707,0.6099640316309374,0.6765484266374416,5,5,25,0,available
generator_holdout,S+R+P+H+BC,200,values_plus_missing,0.612054135717146,0.5082781420765027,0.7158301293577892,0.6121318594997899,0.6850845687766924,5,5,25,0,available
generator_holdout,S+R+P+H+BC,all,values_plus_missing,0.6132336226412132,0.5111245901639345,0.7153426551184919,0.6126536412358133,0.6845922139047184,5,5,25,0,available
generator_holdout,S+R+P+SC+BC,25,values_plus_missing,0.6014568245533394,0.5270601092896174,0.6758535398170611,0.6051165931063471,0.6471765589711415,5,5,25,0,available
generator_holdout,S+R+P+SC+BC,50,values_plus_missing,0.5814003861229896,0.4668852459016393,0.69591552634434,0.5836229114123581,0.6280672513740966,5,5,25,0,available
generator_holdout,S+R+P+SC+BC,100,values_plus_missing,0.5845789184853831,0.47674590163934427,0.6924119353314222,0.5847070854350568,0.636156461282751,5,5,25,0,available
generator_holdout,S+R+P+SC+BC,200,values_plus_missing,0.5914764049691229,0.4789459016393443,0.7040069082989013,0.5894729508196722,0.644991684232336,5,5,25,0,available
generator_holdout,S+R+P+SC+BC,all,values_plus_missing,0.5918416451253047,0.4824994535519126,0.7011838366986969,0.5892665536990332,0.6441253888509523,5,5,25,0,available
generator_holdout,S+R+F+H+SC,25,values_plus_missing,0.6119148693750452,0.4937065573770492,0.7301231813730413,0.6061681825346785,0.6374004982187171,5,5,25,0,available
generator_holdout,S+R+F+H+SC,50,values_plus_missing,0.5987637399961427,0.4518568306010929,0.7456706493911925,0.590231299915931,0.6220444210579033,5,5,25,0,available
generator_holdout,S+R+F+H+SC,100,values_plus_missing,0.6025011082995165,0.46094262295081967,0.7440595936482135,0.5924905422446406,0.6312568786745616,5,5,25,0,available
generator_holdout,S+R+F+H+SC,200,values_plus_missing,0.6121561179629313,0.47183551912568306,0.7524767168001797,0.6007615095628415,0.641190604097384,5,5,25,0,available
generator_holdout,S+R+F+H+SC,all,values_plus_missing,0.6110377423891954,0.47059617486338795,0.7514793099150029,0.5996610682009248,0.6395306282396338,5,5,25,0,available
generator_holdout,S+R+F+H+BC,25,values_plus_missing,0.63057284096893,0.5033278688524591,0.7578178130854007,0.6148249921185371,0.6674207050485333,5,5,25,0,available
generator_holdout,S+R+F+H+BC,50,values_plus_missing,0.6277530873073844,0.4953639344262295,0.7601422401885394,0.6146290825977301,0.6643231877270799,5,5,25,0,available
generator_holdout,S+R+F+H+BC,100,values_plus_missing,0.626634203825241,0.5017032786885246,0.7515651289619576,0.6152146201134931,0.6715243657439468,5,5,25,0,available
generator_holdout,S+R+F+H+BC,200,values_plus_missing,0.635780281050399,0.5069890710382514,0.7645714910625465,0.6230257855191257,0.6794240105362265,5,5,25,0,available
generator_holdout,S+R+F+H+BC,all,values_plus_missing,0.6407284281799714,0.511296174863388,0.7701606814965548,0.6246384720470786,0.6803532368183128,5,5,25,0,available
generator_holdout,S+R+F+SC+BC,25,values_plus_missing,0.6195725368854978,0.49418524590163937,0.7449598278693564,0.6065277191046659,0.6426509596389035,5,5,25,0,available
generator_holdout,S+R+F+SC+BC,50,values_plus_missing,0.6035946705454346,0.45520327868852456,0.7519860624023446,0.5931665431904161,0.6208278731410578,5,5,25,0,available
generator_holdout,S+R+F+SC+BC,100,values_plus_missing,0.6037835631442859,0.45959617486338794,0.7479709514251839,0.5903149143547709,0.6242882828943637,5,5,25,0,available
generator_holdout,S+R+F+SC+BC,200,values_plus_missing,0.6095241283080892,0.4649890710382514,0.754059185577927,0.5945137662883564,0.6311396044019463,5,5,25,0,available
generator_holdout,S+R+F+SC+BC,all,values_plus_missing,0.6123133962175755,0.47091038251366124,0.7537164099214898,0.5965128835645229,0.6310417823653427,5,5,25,0,available
generator_holdout,S+R+H+SC+BC,25,values_plus_missing,0.5905989208914859,0.49678524590163936,0.6844125958813325,0.5992339691046659,0.649722134853376,5,5,25,0,available
generator_holdout,S+R+H+SC+BC,50,values_plus_missing,0.5810286511071417,0.4647568306010929,0.6973004716131906,0.5870058191467002,0.6307485097804895,5,5,25,0,available
generator_holdout,S+R+H+SC+BC,100,values_plus_missing,0.5838140799536451,0.47316393442622945,0.6944642254810607,0.5867021595208071,0.6450436571383555,5,5,25,0,available
generator_holdout,S+R+H+SC+BC,200,values_plus_missing,0.5871369937469213,0.46701038251366117,0.7072636049801815,0.588733556641446,0.6492505245675407,5,5,25,0,available
generator_holdout,S+R+H+SC+BC,all,values_plus_missing,0.5837331426205539,0.4601032786885246,0.7073630065525831,0.5834170239596469,0.6438925265829938,5,5,25,0,available
generator_holdout,S+P+F+H+SC,25,values_plus_missing,0.5945725619844154,0.47551311475409835,0.7136320092147324,0.5941267496847414,0.6121125571165902,5,5,25,0,available
generator_holdout,S+P+F+H+SC,50,values_plus_missing,0.5743961093093495,0.41203879781420766,0.7367534208044914,0.57639199506095,0.5815637070538251,5,5,25,0,available
generator_holdout,S+P+F+H+SC,100,values_plus_missing,0.579050000556671,0.4200568306010929,0.738043170512249,0.5801005306851619,0.5904048783162522,5,5,25,0,available
generator_holdout,S+P+F+H+SC,200,values_plus_missing,0.5869777602345683,0.43607103825136606,0.7378844822177705,0.5872061922026062,0.6036546207023545,5,5,25,0,available
generator_holdout,S+P+F+H+SC,all,values_plus_missing,0.5863824474262036,0.43627814207650273,0.7364867527759044,0.586348205653636,0.6029972896862412,5,5,25,0,available
generator_holdout,S+P+F+H+BC,25,values_plus_missing,0.6118434698661097,0.4924453551912569,0.7312415845409627,0.60854238913409,0.6396085421533433,5,5,25,0,available
generator_holdout,S+P+F+H+BC,50,values_plus_missing,0.5951726151477785,0.43636010928961755,0.7539851210059394,0.5940814969525011,0.6195807425253858,5,5,25,0,available
generator_holdout,S+P+F+H+BC,100,values_plus_missing,0.5976035141705899,0.447431693989071,0.7477753343521087,0.5980547893022278,0.6276606163927791,5,5,25,0,available
generator_holdout,S+P+F+H+BC,200,values_plus_missing,0.6085302976132152,0.465231693989071,0.7518289012373592,0.6046110393022278,0.6392803189452725,5,5,25,0,available
generator_holdout,S+P+F+H+BC,all,values_plus_missing,0.6074219239317494,0.46943879781420766,0.7454050500492911,0.6050318989071038,0.6427210398060214,5,5,25,0,available
generator_holdout,S+P+F+SC+BC,25,values_plus_missing,0.6052271844658774,0.48508852459016394,0.725365844341591,0.5998759930643127,0.6158194114909373,5,5,25,0,available
generator_holdout,S+P+F+SC+BC,50,values_plus_missing,0.5795060731282541,0.4092994535519126,0.7497126927045955,0.5755631883144179,0.5828561230104619,5,5,25,0,available
generator_holdout,S+P+F+SC+BC,100,values_plus_missing,0.5787373114756855,0.41207103825136615,0.745403584700005,0.5732831152795292,0.5845116356526041,5,5,25,0,available
generator_holdout,S+P+F+SC+BC,200,values_plus_missing,0.5878183008466383,0.42868524590163937,0.7469513557916374,0.5805685844892812,0.5956479216579458,5,5,25,0,available
generator_holdout,S+P+F+SC+BC,all,values_plus_missing,0.5890906652438561,0.4354065573770492,0.7427747731106631,0.5826071248423708,0.5980485357792632,5,5,25,0,available
generator_holdout,S+P+H+SC+BC,25,values_plus_missing,0.5682258686601778,0.46736721311475404,0.6690845242056014,0.584464856557377,0.6187147076871375,5,5,25,0,available
generator_holdout,S+P+H+SC+BC,50,values_plus_missing,0.5518738929074944,0.40659945355191257,0.6971483322630762,0.5678429960067255,0.5856117230232823,5,5,25,0,available
generator_holdout,S+P+H+SC+BC,100,values_plus_missing,0.5534006703375866,0.4159459016393443,0.6908554390358288,0.5662061238965952,0.5969333340273488,5,5,25,0,available
generator_holdout,S+P+H+SC+BC,200,values_plus_missing,0.5579329127091108,0.41709234972677595,0.6987734756914457,0.5684019440941572,0.6006009452813104,5,5,25,0,available
generator_holdout,S+P+H+SC+BC,all,values_plus_missing,0.5541999099465654,0.4127530054644809,0.6956468144286498,0.5660519835014712,0.5952206579010995,5,5,25,0,available
generator_holdout,S+F+H+SC+BC,25,values_plus_missing,0.5991706415528135,0.4759027322404371,0.72243855086519,0.5955835776586801,0.6183377550640246,5,5,25,0,available
generator_holdout,S+F+H+SC+BC,50,values_plus_missing,0.5800442490230862,0.4156136612021858,0.7444748368439866,0.5793813498318621,0.5891453035541109,5,5,25,0,available
generator_holdout,S+F+H+SC+BC,100,values_plus_missing,0.5800809361997612,0.4236781420765027,0.7364837303230196,0.5788462825767129,0.597323156746522,5,5,25,0,available
generator_holdout,S+F+H+SC+BC,200,values_plus_missing,0.5896034000973447,0.4374103825136612,0.7417964176810281,0.5870345181799076,0.605464659235682,5,5,25,0,available
generator_holdout,S+F+H+SC+BC,all,values_plus_missing,0.5869319515844807,0.4362852459016393,0.7375786572673222,0.5840080075662043,0.6013779539762694,5,5,25,0,available
generator_holdout,D+R+P+F+H,25,values_plus_missing,0.6032824255219694,0.45903114754098356,0.7475337035029553,0.5929771122320303,0.6394182527226213,5,5,25,0,available
generator_holdout,D+R+P+F+H,50,values_plus_missing,0.5944443706124525,0.44973497267759566,0.7391537685473093,0.5812977748003363,0.6231840943893534,5,5,25,0,available
generator_holdout,D+R+P+F+H,100,values_plus_missing,0.6044192870575964,0.4666065573770492,0.7422320167381435,0.5916566440731399,0.6320187108701498,5,5,25,0,available
generator_holdout,D+R+P+F+H,200,values_plus_missing,0.6074357476950334,0.4723781420765027,0.742493353313564,0.5988693594997898,0.6424684003731979,5,5,25,0,available
generator_holdout,D+R+P+F+H,all,values_plus_missing,0.6131609808910572,0.48118524590163936,0.7451367158804751,0.6029123344892813,0.6502760556148204,5,5,25,0,available
generator_holdout,D+R+P+F+SC,25,values_plus_missing,0.5972762587628535,0.45302786885245905,0.7415246486732482,0.5858288382723834,0.6218743984667701,5,5,25,0,available
generator_holdout,D+R+P+F+SC,50,values_plus_missing,0.5914567554285518,0.44091366120218584,0.7419998496549177,0.5769472152164775,0.6094746496016207,5,5,25,0,available
generator_holdout,D+R+P+F+SC,100,values_plus_missing,0.5854873938674336,0.43585300546448086,0.7351217822703864,0.5711115988860865,0.6085272151733656,5,5,25,0,available
generator_holdout,D+R+P+F+SC,200,values_plus_missing,0.5900939634716974,0.43607814207650275,0.744109784866892,0.5747698402690207,0.6140419122245102,5,5,25,0,available
generator_holdout,D+R+P+F+SC,all,values_plus_missing,0.596412570264457,0.44336010928961744,0.7494650312392965,0.5793723623371164,0.6192810961020853,5,5,25,0,available
generator_holdout,D+R+P+F+BC,25,values_plus_missing,0.6050626459603722,0.4521918032786886,0.7579334886420558,0.5870334016393443,0.622101920274332,5,5,25,0,available
generator_holdout,D+R+P+F+BC,50,values_plus_missing,0.5946458324012234,0.446224043715847,0.7430676210865998,0.5771985603194619,0.6110346712986888,5,5,25,0,available
generator_holdout,D+R+P+F+BC,100,values_plus_missing,0.5968648384157115,0.4491743169398907,0.7445553598915323,0.579935716162253,0.6125008091362145,5,5,25,0,available
generator_holdout,D+R+P+F+BC,200,values_plus_missing,0.6010040110119433,0.4533672131147541,0.7486408089091325,0.5864792796343001,0.6221456397877659,5,5,25,0,available
generator_holdout,D+R+P+F+BC,all,values_plus_missing,0.6068515654033712,0.4676349726775956,0.7460681581291466,0.5918102748003363,0.6307394023711556,5,5,25,0,available
generator_holdout,D+R+P+H+SC,25,values_plus_missing,0.6243470303411707,0.5326814207650272,0.716012639917314,0.626617152690206,0.6721859659600937,5,5,25,0,available
generator_holdout,D+R+P+H+SC,50,values_plus_missing,0.6115928087459331,0.5152207650273224,0.7079648524645439,0.6119974017444305,0.6602653383188125,5,5,25,0,available
generator_holdout,D+R+P+H+SC,100,values_plus_missing,0.6135311086324322,0.5255530054644809,0.7015092118003835,0.6140986181168558,0.6692022419616174,5,5,25,0,available
generator_holdout,D+R+P+H+SC,200,values_plus_missing,0.6149888937582461,0.5285459016393442,0.7014318858771478,0.6166167008196721,0.67614588563012,5,5,25,0,available
generator_holdout,D+R+P+H+SC,all,values_plus_missing,0.6197477005567581,0.5299530054644809,0.7095423956490353,0.6203851565783942,0.6788830900841484,5,5,25,0,available
generator_holdout,D+R+P+H+BC,25,values_plus_missing,0.6362138343965503,0.5464704918032787,0.7259571769898219,0.6288842843631779,0.67722330402664,5,5,25,0,available
generator_holdout,D+R+P+H+BC,50,values_plus_missing,0.6292470834885592,0.5497098360655738,0.7087843309115446,0.6219102064943253,0.6694585634171727,5,5,25,0,available
generator_holdout,D+R+P+H+BC,100,values_plus_missing,0.6344964427354249,0.5620349726775956,0.7069579127932544,0.6280126786464901,0.6801004518799151,5,5,25,0,available
generator_holdout,D+R+P+H+BC,200,values_plus_missing,0.6381617921624358,0.5705349726775957,0.7057886116472761,0.6337049863387978,0.6870264415443205,5,5,25,0,available
generator_holdout,D+R+P+H+BC,all,values_plus_missing,0.6470701367127722,0.5833349726775956,0.710805300747949,0.6427492171080286,0.6929948539840072,5,5,25,0,available
generator_holdout,D+R+P+SC+BC,25,values_plus_missing,0.6122306422041108,0.5223131147540984,0.7021481696541232,0.6099546343001261,0.656426100486132,5,5,25,0,available
generator_holdout,D+R+P+SC+BC,50,values_plus_missing,0.6144766516294229,0.5333704918032787,0.695582811455567,0.6083919766708702,0.6539586101075053,5,5,25,0,available
generator_holdout,D+R+P+SC+BC,100,values_plus_missing,0.6135713529003951,0.5349027322404372,0.6922399735603528,0.6106605007356032,0.6602596046650256,5,5,25,0,available
generator_holdout,D+R+P+SC+BC,200,values_plus_missing,0.612317029750537,0.5309311475409836,0.6937029119600904,0.610056919924338,0.6633766336430827,5,5,25,0,available
generator_holdout,D+R+P+SC+BC,all,values_plus_missing,0.6175528030444031,0.5374846994535518,0.697620906635254,0.6141750420344683,0.6680079699019302,5,5,25,0,available
generator_holdout,D+R+F+H+SC,25,values_plus_missing,0.6131043758693593,0.4711136612021858,0.7550950905365329,0.6032851959857083,0.6444028227233345,5,5,25,0,available
generator_holdout,D+R+F+H+SC,50,values_plus_missing,0.6032342473081419,0.46413169398907106,0.7423368006272126,0.5936043085329971,0.6306103928557352,5,5,25,0,available
generator_holdout,D+R+F+H+SC,100,values_plus_missing,0.6023138755476621,0.4644852459016393,0.740142505193685,0.5900551229508196,0.6353449980727229,5,5,25,0,available
generator_holdout,D+R+F+H+SC,200,values_plus_missing,0.5964889139252082,0.46270327868852457,0.7302745491618918,0.5900655816519546,0.6340054528249521,5,5,25,0,available
generator_holdout,D+R+F+H+SC,all,values_plus_missing,0.6025481023766176,0.46311748633879785,0.7419787184144374,0.5920154739386296,0.6344041321306626,5,5,25,0,available
generator_holdout,D+R+F+H+BC,25,values_plus_missing,0.6133712994719598,0.4742349726775957,0.752507626266324,0.6019612363387978,0.6463867571387785,5,5,25,0,available
generator_holdout,D+R+F+H+BC,50,values_plus_missing,0.6084658695340781,0.4750672131147541,0.7418645259534021,0.595706683480454,0.6397033576195263,5,5,25,0,available
generator_holdout,D+R+F+H+BC,100,values_plus_missing,0.6160036230281614,0.4907530054644809,0.7412542405918421,0.6023476565783943,0.6493276475726845,5,5,25,0,available
generator_holdout,D+R+F+H+BC,200,values_plus_missing,0.6146127979560383,0.4900710382513661,0.7391545576607106,0.6042903268179908,0.651401405986517,5,5,25,0,available
generator_holdout,D+R+F+H+BC,all,values_plus_missing,0.6166790792219069,0.4957245901639344,0.7376335682798794,0.6068166220050442,0.6529860170333197,5,5,25,0,available
generator_holdout,D+R+F+SC+BC,25,values_plus_missing,0.6119172007453175,0.4663852459016393,0.7574491555889956,0.5969546421815889,0.6327130474517141,5,5,25,0,available
generator_holdout,D+R+F+SC+BC,50,values_plus_missing,0.6021667095739105,0.4620852459016393,0.7422481732461816,0.589395988335435,0.6214208348884067,5,5,25,0,available
generator_holdout,D+R+F+SC+BC,100,values_plus_missing,0.5995651910759435,0.4641245901639344,0.7350057919879527,0.5855478720050441,0.6210999117663859,5,5,25,0,available
generator_holdout,D+R+F+SC+BC,200,values_plus_missing,0.5966453029050314,0.4575639344262295,0.7357266713838332,0.5828685056746532,0.6179909563950539,5,5,25,0,available
generator_holdout,D+R+F+SC+BC,all,values_plus_missing,0.6012194221411349,0.46516393442622944,0.7372749098560403,0.584625236443884,0.6185053528628717,5,5,25,0,available
generator_holdout,D+R+H+SC+BC,25,values_plus_missing,0.6195310436915881,0.525227868852459,0.7138342185307172,0.6226499921185372,0.6742504716013903,5,5,25,0,available
generator_holdout,D+R+H+SC+BC,50,values_plus_missing,0.6119887926825472,0.5256672131147541,0.6983103722503404,0.6117518757881463,0.6652533660161549,5,5,25,0,available
generator_holdout,D+R+H+SC+BC,100,values_plus_missing,0.6214335401333103,0.5480065573770492,0.6948605228895716,0.6200970286885246,0.6753904115577198,5,5,25,0,available
generator_holdout,D+R+H+SC+BC,200,values_plus_missing,0.6140436587594802,0.5356994535519126,0.6923878639670479,0.6155660729298024,0.6731387677646435,5,5,25,0,available
generator_holdout,D+R+H+SC+BC,all,values_plus_missing,0.6141307133508555,0.5317530054644809,0.69650842123723,0.6148548681168557,0.6722796020451749,5,5,25,0,available
generator_holdout,D+P+F+H+SC,25,values_plus_missing,0.5825436759417009,0.43309508196721314,0.7319922699161887,0.5833744640605296,0.6082311543766491,5,5,25,0,available
generator_holdout,D+P+F+H+SC,50,values_plus_missing,0.5636988585978837,0.3871273224043716,0.740270394791396,0.5656189496637243,0.5745199039615472,5,5,25,0,available
generator_holdout,D+P+F+H+SC,100,values_plus_missing,0.5684394986218866,0.3982311475409836,0.7386478497027896,0.5712910545397225,0.5793989427710396,5,5,25,0,available
generator_holdout,D+P+F+H+SC,200,values_plus_missing,0.5661735133850201,0.39911693989071034,0.7332300868793297,0.5692099122530475,0.5825045722590556,5,5,25,0,available
generator_holdout,D+P+F+H+SC,all,values_plus_missing,0.5691612179835688,0.4011382513661202,0.7371841846010174,0.5707013372215217,0.5846669686236611,5,5,25,0,available
generator_holdout,D+P+F+H+BC,25,values_plus_missing,0.5786076666730683,0.42079125683060103,0.7364240765155354,0.5768018784153005,0.5985344742325069,5,5,25,0,available
generator_holdout,D+P+F+H+BC,50,values_plus_missing,0.5675585556126539,0.3775377049180328,0.757579406307275,0.5579395255359395,0.5610407226231827,5,5,25,0,available
generator_holdout,D+P+F+H+BC,100,values_plus_missing,0.5749812296064681,0.3966808743169399,0.7532815848959965,0.5684726486969315,0.5737960324332549,5,5,25,0,available
generator_holdout,D+P+F+H+BC,200,values_plus_missing,0.5839113280949232,0.42371693989071035,0.744105716299136,0.5783849122530474,0.5822818088040826,5,5,25,0,available
generator_holdout,D+P+F+H+BC,all,values_plus_missing,0.5860878642619958,0.4259918032786885,0.7461839252453031,0.5803035939470366,0.5871609163199768,5,5,25,0,available
generator_holdout,D+P+F+SC+BC,25,values_plus_missing,0.5832864444792112,0.4244273224043716,0.7421455665540506,0.5759155842791088,0.5960848020719132,5,5,25,0,available
generator_holdout,D+P+F+SC+BC,50,values_plus_missing,0.5643409671160433,0.3829486338797814,0.7457333003523052,0.5575199900168137,0.5661778661729443,5,5,25,0,available
generator_holdout,D+P+F+SC+BC,100,values_plus_missing,0.5663397228464224,0.3876737704918033,0.7450056752010414,0.5589210198612863,0.5650997026566518,5,5,25,0,available
generator_holdout,D+P+F+SC+BC,200,values_plus_missing,0.5703342940450609,0.400720218579235,0.7399483695108867,0.5625596285203867,0.5654893298416993,5,5,25,0,available
generator_holdout,D+P+F+SC+BC,all,values_plus_missing,0.5718226475400771,0.39806994535519125,0.7455753497249628,0.5626767996006725,0.5695621756150673,5,5,25,0,available
generator_holdout,D+P+H+SC+BC,25,values_plus_missing,0.578778985986446,0.4716628415300546,0.6858951304428373,0.5971294976881042,0.6229979337498115,5,5,25,0,available
generator_holdout,D+P+H+SC+BC,50,values_plus_missing,0.564750539360827,0.4332306010928962,0.6962704776287576,0.5793556851618327,0.6005241462575445,5,5,25,0,available
generator_holdout,D+P+H+SC+BC,100,values_plus_missing,0.5717360759056519,0.44517704918032786,0.6982951026309759,0.5810620822824716,0.6055249564281173,5,5,25,0,available
generator_holdout,D+P+H+SC+BC,200,values_plus_missing,0.5671161066438063,0.4458021857923497,0.6884300274952627,0.5778289775115595,0.6032044577110114,5,5,25,0,available
generator_holdout,D+P+H+SC+BC,all,values_plus_missing,0.5699618934723842,0.44236994535519125,0.6975538415895772,0.5792979534468264,0.6049392401166085,5,5,25,0,available
generator_holdout,D+F+H+SC+BC,25,values_plus_missing,0.592117020394704,0.4402098360655738,0.7440242047238343,0.5854294372635561,0.6093432810280883,5,5,25,0,available
generator_holdout,D+F+H+SC+BC,50,values_plus_missing,0.5790619674337114,0.4068989071038251,0.7512250277635978,0.5724398381672973,0.5804767986410514,5,5,25,0,available
generator_holdout,D+F+H+SC+BC,100,values_plus_missing,0.5780105629744567,0.40989890710382515,0.7461222188450883,0.5704542612442203,0.5856944978185352,5,5,25,0,available
generator_holdout,D+F+H+SC+BC,200,values_plus_missing,0.5758174610681158,0.4183743169398907,0.7332606051963408,0.5725285046237916,0.5806297022777079,5,5,25,0,available
generator_holdout,D+F+H+SC+BC,all,values_plus_missing,0.5746871195925922,0.40875628415300547,0.7406179550321791,0.5674791036149642,0.5762319117304023,5,5,25,0,available
generator_holdout,R+P+F+H+SC,25,values_plus_missing,0.5964169894514321,0.47638852459016395,0.7164454543127002,0.5884947430643127,0.6221617377482537,5,5,25,0,available
generator_holdout,R+P+F+H+SC,50,values_plus_missing,0.5797542478902612,0.4439852459016394,0.7155232498788829,0.5722931037200505,0.5991340805711168,5,5,25,0,available
generator_holdout,R+P+F+H+SC,100,values_plus_missing,0.5804671096458554,0.4520994535519126,0.7088347657397982,0.5736458806221101,0.6064125769943071,5,5,25,0,available
generator_holdout,R+P+F+H+SC,200,values_plus_missing,0.5831701554026314,0.45301748633879785,0.7133228244664649,0.5774101854770912,0.6143282234387821,5,5,25,0,available
generator_holdout,R+P+F+H+SC,all,values_plus_missing,0.5880232675255418,0.4561530054644809,0.7198935295866027,0.578316887347625,0.6153404705483837,5,5,25,0,available
generator_holdout,R+P+F+H+BC,25,values_plus_missing,0.5919832827245937,0.459220218579235,0.7247463468699522,0.5748024169819252,0.6123287186373103,5,5,25,0,available
generator_holdout,R+P+F+H+BC,50,values_plus_missing,0.5763612000080064,0.4389349726775956,0.7137874273384173,0.5598521017234133,0.5945755808193495,5,5,25,0,available
generator_holdout,R+P+F+H+BC,100,values_plus_missing,0.5856256617709205,0.4525349726775956,0.7187163508642452,0.5688155632618748,0.6028342980433972,5,5,25,0,available
generator_holdout,R+P+F+H+BC,200,values_plus_missing,0.5944017173569651,0.4603065573770492,0.7284968773368812,0.5788912594577553,0.6160987590604184,5,5,25,0,available
generator_holdout,R+P+F+H+BC,all,values_plus_missing,0.6004065938378045,0.47187431693989074,0.7289388707357183,0.5856366777007146,0.621085236269477,5,5,25,0,available
generator_holdout,R+P+F+SC+BC,25,values_plus_missing,0.5859601913893779,0.45933497267759565,0.7125854101011605,0.5717948901849517,0.597833237931012,5,5,25,0,available
generator_holdout,R+P+F+SC+BC,50,values_plus_missing,0.5719367631610075,0.437692349726776,0.7061811765952392,0.5594110787095419,0.5783699131517284,5,5,25,0,available
generator_holdout,R+P+F+SC+BC,100,values_plus_missing,0.5690863825604047,0.4383530054644809,0.6998197596563285,0.5559553488860866,0.5786596328885996,5,5,25,0,available
generator_holdout,R+P+F+SC+BC,200,values_plus_missing,0.5727353238688986,0.43620655737704916,0.709264090360748,0.5587883748423708,0.5837954225097386,5,5,25,0,available
generator_holdout,R+P+F+SC+BC,all,values_plus_missing,0.5782560237106572,0.4421420765027323,0.7143699709185822,0.5611551728667508,0.5870525552418083,5,5,25,0,available
generator_holdout,R+P+H+SC+BC,25,values_plus_missing,0.5968759143607631,0.536727868852459,0.6570239598690674,0.6043014344262294,0.6453168711949304,5,5,25,0,available
generator_holdout,R+P+H+SC+BC,50,values_plus_missing,0.5776755676605566,0.5077994535519126,0.6475516817692006,0.585029534468264,0.6270252619345982,5,5,25,0,available
generator_holdout,R+P+H+SC+BC,100,values_plus_missing,0.5848608460693389,0.532292349726776,0.6374293424119019,0.591506751786465,0.6352718602727204,5,5,25,0,available
generator_holdout,R+P+H+SC+BC,200,values_plus_missing,0.5832353649996717,0.5194601092896175,0.6470106207097258,0.5910401507986549,0.6390920087265458,5,5,25,0,available
generator_holdout,R+P+H+SC+BC,all,values_plus_missing,0.5866204304045153,0.5217672131147542,0.6514736476942763,0.5915927411727616,0.6381341328873829,5,5,25,0,available
generator_holdout,R+F+H+SC+BC,25,values_plus_missing,0.5960655597109642,0.47645300546448094,0.7156781139574474,0.5877457335014712,0.6269964794534256,5,5,25,0,available
generator_holdout,R+F+H+SC+BC,50,values_plus_missing,0.5826528069410866,0.45737814207650274,0.7079274718056705,0.5759847441151744,0.6089365045549128,5,5,25,0,available
generator_holdout,R+F+H+SC+BC,100,values_plus_missing,0.5835036926627826,0.4699781420765027,0.6970292432490623,0.5762751287305591,0.617355323059136,5,5,25,0,available
generator_holdout,R+F+H+SC+BC,200,values_plus_missing,0.5850994997279548,0.46397103825136615,0.7062279612045435,0.5785600383564523,0.6176992675726727,5,5,25,0,available
generator_holdout,R+F+H+SC+BC,all,values_plus_missing,0.5906528613637868,0.46797103825136616,0.7133346844762075,0.57965859604876,0.6149627040737292,5,5,25,0,available
generator_holdout,P+F+H+SC+BC,25,values_plus_missing,0.575551957909647,0.4383344262295082,0.7127694895897858,0.5694075977301387,0.590350922614415,5,5,25,0,available
generator_holdout,P+F+H+SC+BC,50,values_plus_missing,0.5564252225364201,0.3950060109289618,0.7178444341438787,0.5566977170029425,0.5575239393858225,5,5,25,0,available
generator_holdout,P+F+H+SC+BC,100,values_plus_missing,0.561413155810375,0.4055524590163935,0.7172738526043563,0.5593267102774275,0.5643374661025995,5,5,25,0,available
generator_holdout,P+F+H+SC+BC,200,values_plus_missing,0.5629160675672022,0.4123382513661202,0.7134938837682844,0.5623590295292139,0.568844854049394,5,5,25,0,available
generator_holdout,P+F+H+SC+BC,all,values_plus_missing,0.5623300549461014,0.4109737704918032,0.7136863394003996,0.5600541929382092,0.5665690339811656,5,5,25,0,available
generator_holdout,S+D+R+P+F+H,25,values_plus_missing,0.6313904369503921,0.4939349726775957,0.7688459012231885,0.6158376786464901,0.6540679224648197,5,5,25,0,available
generator_holdout,S+D+R+P+F+H,50,values_plus_missing,0.6245630702259657,0.46654590163934423,0.7825802388125871,0.6056888162042875,0.6498123415910955,5,5,25,0,available
generator_holdout,S+D+R+P+F+H,100,values_plus_missing,0.6231146313580423,0.4822032786885246,0.7640259840275603,0.61285644703657,0.6605928464721699,5,5,25,0,available
generator_holdout,S+D+R+P+F+H,200,values_plus_missing,0.6325001354350646,0.4958355191256831,0.769164751744446,0.6222567018705338,0.6742870420377288,5,5,25,0,available
generator_holdout,S+D+R+P+F+H,all,values_plus_missing,0.641274243607119,0.5099819672131147,0.7725665200011234,0.6283683874527112,0.6809433921048977,5,5,25,0,available
generator_holdout,S+D+R+P+F+SC,25,values_plus_missing,0.6222279516480882,0.492892349726776,0.7515635535694003,0.6112899248633881,0.6328109341534842,5,5,25,0,available
generator_holdout,S+D+R+P+F+SC,50,values_plus_missing,0.6004747283037946,0.44167103825136617,0.759278418356223,0.591148019125683,0.6159726858010572,5,5,25,0,available
generator_holdout,S+D+R+P+F+SC,100,values_plus_missing,0.5995684695508842,0.4379426229508196,0.7611943161509486,0.5863991960907944,0.6195566605841448,5,5,25,0,available
generator_holdout,S+D+R+P+F+SC,200,values_plus_missing,0.6116445796896655,0.4610890710382513,0.7622000883410797,0.5991142470575872,0.6316382585517557,5,5,25,0,available
generator_holdout,S+D+R+P+F+SC,all,values_plus_missing,0.6116704801491675,0.46220327868852457,0.7611376816098104,0.5988901008827238,0.6365641036706612,5,5,25,0,available
generator_holdout,S+D+R+P+F+BC,25,values_plus_missing,0.640281887426291,0.5047994535519126,0.7757643213006694,0.6234934767759562,0.6595227059099606,5,5,25,0,available
generator_holdout,S+D+R+P+F+BC,50,values_plus_missing,0.6287095437168659,0.4784387978142076,0.7789802896195243,0.6119958412147961,0.6544734579127006,5,5,25,0,available
generator_holdout,S+D+R+P+F+BC,100,values_plus_missing,0.6315417454629613,0.4827032786885246,0.7803802122373977,0.61545019703657,0.659563033838319,5,5,25,0,available
generator_holdout,S+D+R+P+F+BC,200,values_plus_missing,0.6343094167057373,0.4889426229508197,0.7796762104606547,0.6194713114754098,0.6683412638948574,5,5,25,0,available
generator_holdout,S+D+R+P+F+BC,all,values_plus_missing,0.6425761460380977,0.4960497267759563,0.789102565300239,0.6222436133879781,0.6758814616921087,5,5,25,0,available
generator_holdout,S+D+R+P+H+SC,25,values_plus_missing,0.6189610587279668,0.5216781420765028,0.716243975379431,0.6211756094997898,0.658882454419942,5,5,25,0,available
generator_holdout,S+D+R+P+H+SC,50,values_plus_missing,0.5993154692960958,0.47177814207650276,0.7268527965156888,0.5995909941151745,0.6402169719312298,5,5,25,0,available
generator_holdout,S+D+R+P+H+SC,100,values_plus_missing,0.6104323941518641,0.4871568306010928,0.7337079577026355,0.607100049915931,0.6588757685395185,5,5,25,0,available
generator_holdout,S+D+R+P+H+SC,200,values_plus_missing,0.6163184716791423,0.49389617486338794,0.7387407684948967,0.6131740489701556,0.6669018505815462,5,5,25,0,available
generator_holdout,S+D+R+P+H+SC,all,values_plus_missing,0.6142673340370477,0.49719617486338796,0.7313384932107075,0.6140427989701556,0.6673243647682346,5,5,25,0,available
generator_holdout,S+D+R+P+H+BC,25,values_plus_missing,0.6425655142540494,0.5375601092896175,0.7475709192184813,0.6343449584909626,0.68359981045661,5,5,25,0,available
generator_holdout,S+D+R+P+H+BC,50,values_plus_missing,0.6257452081918468,0.5037994535519126,0.7476909628317808,0.6192074190836486,0.6739866436594889,5,5,25,0,available
generator_holdout,S+D+R+P+H+BC,100,values_plus_missing,0.6409841726886627,0.5348710382513662,0.7470973071259592,0.6357047498949139,0.6988816716272526,5,5,25,0,available
generator_holdout,S+D+R+P+H+BC,200,values_plus_missing,0.6442592677817114,0.5279103825136612,0.7606081530497615,0.6358301912568306,0.7040468987154901,5,5,25,0,available
generator_holdout,S+D+R+P+H+BC,all,values_plus_missing,0.6443007806811581,0.5297174863387978,0.7588840750235185,0.6361928777847836,0.7054711054165353,5,5,25,0,available
generator_holdout,S+D+R+P+SC+BC,25,values_plus_missing,0.6247805258092953,0.5363994535519125,0.7131615980666781,0.6234280921605717,0.6606004122423184,5,5,25,0,available
generator_holdout,S+D+R+P+SC+BC,50,values_plus_missing,0.6040308233621643,0.47997814207650275,0.7280835046478259,0.6017679171920975,0.6437954493958342,5,5,25,0,available
generator_holdout,S+D+R+P+SC+BC,100,values_plus_missing,0.6174774609397882,0.4990710382513662,0.7358838836282102,0.6120355191256831,0.6577124010473062,5,5,25,0,available
generator_holdout,S+D+R+P+SC+BC,200,values_plus_missing,0.6182149235143308,0.48953169398907104,0.7468981530395906,0.6110519046868432,0.662977720156077,5,5,25,0,available
generator_holdout,S+D+R+P+SC+BC,all,values_plus_missing,0.6202990153593966,0.49387814207650277,0.7467198886422904,0.6122034941151744,0.6643667959114158,5,5,25,0,available
generator_holdout,S+D+R+F+H+SC,25,values_plus_missing,0.6206371385289277,0.4813530054644809,0.7599212715933744,0.6090659258091635,0.637312465856521,5,5,25,0,available
generator_holdout,S+D+R+F+H+SC,50,values_plus_missing,0.6046782473097824,0.44698524590163935,0.7623712487179254,0.596689738335435,0.6247894430566266,5,5,25,0,available
generator_holdout,S+D+R+F+H+SC,100,values_plus_missing,0.6063762967955114,0.4596032786885246,0.7531493149024981,0.5982511585750315,0.6343329387107228,5,5,25,0,available
generator_holdout,S+D+R+F+H+SC,200,values_plus_missing,0.614942295888282,0.4676819672131147,0.7622026245634492,0.6045140605296343,0.6417442305418122,5,5,25,0,available
generator_holdout,S+D+R+F+H+SC,all,values_plus_missing,0.6190302873715628,0.47203551912568303,0.7660250556174428,0.6060297787936108,0.6429000720073823,5,5,25,0,available
generator_holdout,S+D+R+F+H+BC,25,values_plus_missing,0.6418451410829955,0.5063672131147541,0.7773230690512369,0.6254792796343002,0.6684805423501268,5,5,25,0,available
generator_holdout,S+D+R+F+H+BC,50,values_plus_missing,0.634359096653932,0.4876601092896175,0.7810580840182464,0.6183492854140396,0.6673085881003885,5,5,25,0,available
generator_holdout,S+D+R+F+H+BC,100,values_plus_missing,0.6367577006300247,0.5017639344262295,0.7717514668338198,0.6240790825977302,0.6778466941683594,5,5,25,0,available
generator_holdout,S+D+R+F+H+BC,200,values_plus_missing,0.6396205203628531,0.5082819672131148,0.7709590735125916,0.6285400220680959,0.6833387301519429,5,5,25,0,available
generator_holdout,S+D+R+F+H+BC,all,values_plus_missing,0.6435606270627353,0.5108819672131147,0.7762392869123558,0.6300203105296343,0.6857292449633968,5,5,25,0,available
generator_holdout,S+D+R+F+SC+BC,25,values_plus_missing,0.6263683856869658,0.4953387978142077,0.757397973559724,0.6167198796763346,0.6475655200611294,5,5,25,0,available
generator_holdout,S+D+R+F+SC+BC,50,values_plus_missing,0.6124698112985595,0.4570710382513661,0.7678685843457529,0.6022134037410677,0.6284787939901821,5,5,25,0,available
generator_holdout,S+D+R+F+SC+BC,100,values_plus_missing,0.6113894870770016,0.4593032786885246,0.7634756954654784,0.597920870113493,0.6328615903886081,5,5,25,0,available
generator_holdout,S+D+R+F+SC+BC,200,values_plus_missing,0.6159651831991345,0.4649890710382514,0.7669412953600178,0.6026868432114334,0.6366373082882127,5,5,25,0,available
generator_holdout,S+D+R+F+SC+BC,all,values_plus_missing,0.6176618493995861,0.4693426229508197,0.7659810758483526,0.6028804460907945,0.6384955405295448,5,5,25,0,available
generator_holdout,S+D+R+H+SC+BC,25,values_plus_missing,0.6182144106481304,0.5164459016393443,0.7199829196569167,0.6216243931273644,0.6607641531556634,5,5,25,0,available
generator_holdout,S+D+R+H+SC+BC,50,values_plus_missing,0.6055720346576443,0.4836852459016393,0.7274588234136494,0.6056046421815888,0.6437514977849114,5,5,25,0,available
generator_holdout,S+D+R+H+SC+BC,100,values_plus_missing,0.6212847058670329,0.5087103825136612,0.7338590292204046,0.6164345181799076,0.6650423206893221,5,5,25,0,available
generator_holdout,S+D+R+H+SC+BC,200,values_plus_missing,0.6174307170707602,0.49389617486338794,0.7409652592781326,0.6139552989701555,0.6660386692078804,5,5,25,0,available
generator_holdout,S+D+R+H+SC+BC,all,values_plus_missing,0.6137076656797478,0.4886032786885246,0.7388120526709712,0.609445870113493,0.6628274802209083,5,5,25,0,available
generator_holdout,S+D+P+F+H+SC,25,values_plus_missing,0.597653511212825,0.4616666666666667,0.7336403557589832,0.5954366987179487,0.612708858467792,5,5,25,0,available
generator_holdout,S+D+P+F+H+SC,50,values_plus_missing,0.5762577058597543,0.399127868852459,0.7533875428670496,0.5766672998108449,0.5816506854249326,5,5,25,0,available
generator_holdout,S+D+P+F+H+SC,100,values_plus_missing,0.5825530703312582,0.4148710382513661,0.7502351024111504,0.583998019125683,0.5904175281077982,5,5,25,0,available
generator_holdout,S+D+P+F+H+SC,200,values_plus_missing,0.5899366305841226,0.43185683060109287,0.7480164305671522,0.5906279345313157,0.6031920988669589,5,5,25,0,available
generator_holdout,S+D+P+F+H+SC,all,values_plus_missing,0.5906711347378049,0.4361568306010929,0.7451854388745168,0.5919365883774695,0.6060304951491247,5,5,25,0,available
generator_holdout,S+D+P+F+H+BC,25,values_plus_missing,0.6195882326981637,0.4762382513661202,0.7629382140302071,0.6100542218369063,0.6396769753164356,5,5,25,0,available
generator_holdout,S+D+P+F+H+BC,50,values_plus_missing,0.6023117099193496,0.43348852459016396,0.7711348952485353,0.5979341661412358,0.618584829547919,5,5,25,0,available
generator_holdout,S+D+P+F+H+BC,100,values_plus_missing,0.6050769390597583,0.44508524590163934,0.7650686322178772,0.6034320460277428,0.6308550249015868,5,5,25,0,available
generator_holdout,S+D+P+F+H+BC,200,values_plus_missing,0.6122040754502224,0.46441748633879787,0.7599906645616469,0.609973166246322,0.6410061808142781,5,5,25,0,available
generator_holdout,S+D+P+F+H+BC,all,values_plus_missing,0.6144033174743958,0.46637103825136617,0.7624355966974254,0.6111903268179908,0.6457685356241236,5,5,25,0,available
generator_holdout,S+D+P+F+SC+BC,25,values_plus_missing,0.614227674621045,0.4838207650273224,0.7446345842147675,0.6074752863598151,0.6239566072635023,5,5,25,0,available
generator_holdout,S+D+P+F+SC+BC,50,values_plus_missing,0.584511017740503,0.4075136612021858,0.7615083742788201,0.5796582729087852,0.5881532176164954,5,5,25,0,available
generator_holdout,S+D+P+F+SC+BC,100,values_plus_missing,0.5811227568741902,0.40373169398907105,0.7585138197593094,0.5762047893022278,0.5910918744290479,5,5,25,0,available
generator_holdout,S+D+P+F+SC+BC,200,values_plus_missing,0.5937332177308913,0.4270710382513661,0.7603953972104164,0.5866124422026061,0.5997126125635215,5,5,25,0,available
generator_holdout,S+D+P+F+SC+BC,all,values_plus_missing,0.593792909227595,0.4354781420765027,0.7521076763786871,0.5895539748844052,0.6048111094118169,5,5,25,0,available
generator_holdout,S+D+P+H+SC+BC,25,values_plus_missing,0.5938835751975654,0.48350983606557374,0.7042573143295572,0.6033534757250946,0.6322225733535946,5,5,25,0,available
generator_holdout,S+D+P+H+SC+BC,50,values_plus_missing,0.5705375945314458,0.42567431693989066,0.715400872123001,0.5817674469314837,0.6003703583403802,5,5,25,0,available
generator_holdout,S+D+P+H+SC+BC,100,values_plus_missing,0.5796405296417858,0.44170655737704917,0.7175745019065225,0.5891826056116015,0.6183686132711458,5,5,25,0,available
generator_holdout,S+D+P+H+SC+BC,200,values_plus_missing,0.5786700737617114,0.4399459016393442,0.7173942458840787,0.585958527742749,0.6190827379336754,5,5,25,0,available
generator_holdout,S+D+P+H+SC+BC,all,values_plus_missing,0.5843717827039135,0.4402852459016393,0.7284583195061878,0.5892531998738966,0.6171122649130711,5,5,25,0,available
generator_holdout,S+D+F+H+SC+BC,25,values_plus_missing,0.6062297579817992,0.46905628415300543,0.743403231810593,0.6018358343841951,0.6194219405160514,5,5,25,0,available
generator_holdout,S+D+F+H+SC+BC,50,values_plus_missing,0.5814759038159911,0.4070349726775956,0.7559168349543867,0.5792987363387978,0.5904729856688774,5,5,25,0,available
generator_holdout,S+D+F+H+SC+BC,100,values_plus_missing,0.5838894007398217,0.4167459016393442,0.7510328998402992,0.5818705469735183,0.5982741559365351,5,5,25,0,available
generator_holdout,S+D+F+H+SC+BC,200,values_plus_missing,0.5907414333108407,0.4322103825136612,0.7492724841080204,0.5890619220260613,0.6056295394166107,5,5,25,0,available
generator_holdout,S+D+F+H+SC+BC,all,values_plus_missing,0.5942807255538083,0.4406174863387978,0.7479439647688187,0.5919433585540144,0.6046174567175576,5,5,25,0,available
generator_holdout,S+R+P+F+H+SC,25,values_plus_missing,0.6139966427589559,0.49536721311475407,0.7326260724031578,0.6055562027112232,0.6298514118667747,5,5,25,0,available
generator_holdout,S+R+P+F+H+SC,50,values_plus_missing,0.5905785867481195,0.4421174863387979,0.7390396871574411,0.5849409547078604,0.6067996569948909,5,5,25,0,available
generator_holdout,S+R+P+F+H+SC,100,values_plus_missing,0.5949522416149086,0.4435103825136612,0.746394100716156,0.5859378835645229,0.6177099318319687,5,5,25,0,available
generator_holdout,S+R+P+F+H+SC,200,values_plus_missing,0.6092031957316989,0.463935519125683,0.7544708723377147,0.5980134326397646,0.6344813797758521,5,5,25,0,available
generator_holdout,S+R+P+F+H+SC,all,values_plus_missing,0.6090050038717378,0.4660032786885246,0.752006729054951,0.5986867354981085,0.6359109316618986,5,5,25,0,available
generator_holdout,S+R+P+F+H+BC,25,values_plus_missing,0.6308083301566086,0.502088524590164,0.7595281357230534,0.6137245507566205,0.6566434455207557,5,5,25,0,available
generator_holdout,S+R+P+F+H+BC,50,values_plus_missing,0.6162747791993203,0.4766781420765027,0.755871416322138,0.6043246479613282,0.6454578558907741,5,5,25,0,available
generator_holdout,S+R+P+F+H+BC,100,values_plus_missing,0.6209274898449111,0.4837032786885246,0.7581517010012975,0.6088588508827237,0.6543207393438547,5,5,25,0,available
generator_holdout,S+R+P+F+H+BC,200,values_plus_missing,0.6316395191583193,0.4965497267759563,0.7667293115406822,0.6197892864649013,0.6686961737844307,5,5,25,0,available
generator_holdout,S+R+P+F+H+BC,all,values_plus_missing,0.6356055990703358,0.502056830601093,0.7691543675395787,0.6207399537620849,0.6742030801327022,5,5,25,0,available
generator_holdout,S+R+P+F+SC+BC,25,values_plus_missing,0.6179186218971686,0.49675300546448087,0.7390842383298563,0.6057082335014712,0.6324845938922173,5,5,25,0,available
generator_holdout,S+R+P+F+SC+BC,50,values_plus_missing,0.5945814458242203,0.4380639344262295,0.7510989572222113,0.5847170633669609,0.606278017279832,5,5,25,0,available
generator_holdout,S+R+P+F+SC+BC,100,values_plus_missing,0.593258415840913,0.43654972677595627,0.7499671049058696,0.580714767234132,0.6102556819674385,5,5,25,0,available
generator_holdout,S+R+P+F+SC+BC,200,values_plus_missing,0.6038811091112157,0.4515497267759563,0.7562124914464752,0.589777267234132,0.6240591045638176,5,5,25,0,available
generator_holdout,S+R+P+F+SC+BC,all,values_plus_missing,0.6077293545040303,0.46167103825136613,0.7537876707566946,0.5930951345102985,0.6278084650137984,5,5,25,0,available
generator_holdout,S+R+P+H+SC+BC,25,values_plus_missing,0.5976013050994077,0.5063923497267759,0.6888102604720394,0.6048187710172341,0.6502487285018949,5,5,25,0,available
generator_holdout,S+R+P+H+SC+BC,50,values_plus_missing,0.5700534180682203,0.4417103825136611,0.6983964536227794,0.5769249027952921,0.6192579587020802,5,5,25,0,available
generator_holdout,S+R+P+H+SC+BC,100,values_plus_missing,0.5724542713886761,0.4502174863387978,0.6946910564385543,0.5773323008617066,0.6332063694979747,5,5,25,0,available
generator_holdout,S+R+P+H+SC+BC,200,values_plus_missing,0.580789239510467,0.45473169398907104,0.7068467850318632,0.5837360393022278,0.6437913989022144,5,5,25,0,available
generator_holdout,S+R+P+H+SC+BC,all,values_plus_missing,0.5779713287281688,0.4531710382513661,0.7027716192049714,0.5810326345102984,0.640939299400446,5,5,25,0,available
generator_holdout,S+R+F+H+SC+BC,25,values_plus_missing,0.6160986751172277,0.4914994535519125,0.7406978966825427,0.608129534468264,0.6425698992082848,5,5,25,0,available
generator_holdout,S+R+F+H+SC+BC,50,values_plus_missing,0.5948268432714415,0.44187103825136614,0.747782648291517,0.5878826345102984,0.6193879859397327,5,5,25,0,available
generator_holdout,S+R+F+H+SC+BC,100,values_plus_missing,0.6016506219098162,0.4584497267759563,0.7448515170436762,0.5927464980033628,0.6294045680727886,5,5,25,0,available
generator_holdout,S+R+F+H+SC+BC,200,values_plus_missing,0.608892149503596,0.4669426229508197,0.7508416760563724,0.6000578499369482,0.6393144744588217,5,5,25,0,available
generator_holdout,S+R+F+H+SC+BC,all,values_plus_missing,0.6115674018355408,0.47094972677595626,0.7521850768951254,0.6006190941572089,0.6381903125274869,5,5,25,0,available
generator_holdout,S+P+F+H+SC+BC,25,values_plus_missing,0.60090761401059,0.4767633879781421,0.7250518400430378,0.5962542901429172,0.6164516643775896,5,5,25,0,available
generator_holdout,S+P+F+H+SC+BC,50,values_plus_missing,0.5745205459938882,0.4013207650273224,0.7477203269604542,0.572475286359815,0.5780906051009589,5,5,25,0,available
generator_holdout,S+P+F+H+SC+BC,100,values_plus_missing,0.5740122571613209,0.41082459016393447,0.7371999241587073,0.5743425835435056,0.5895340141071198,5,5,25,0,available
generator_holdout,S+P+F+H+SC+BC,200,values_plus_missing,0.5885004370747465,0.4313245901639345,0.7456762839855585,0.586275275851198,0.6031806434920428,5,5,25,0,available
generator_holdout,S+P+F+H+SC+BC,all,values_plus_missing,0.5886457368104426,0.43639945355191256,0.7408920200689726,0.5864088613913409,0.6033681136434549,5,5,25,0,available
generator_holdout,D+R+P+F+H+SC,25,values_plus_missing,0.6094883852347804,0.4668562841530055,0.7521204863165553,0.6010363151534259,0.6371977432182743,5,5,25,0,available
generator_holdout,D+R+P+F+H+SC,50,values_plus_missing,0.5931946299097574,0.4430530054644809,0.7433362543550338,0.5848077527322404,0.6168245920225152,5,5,25,0,available
generator_holdout,D+R+P+F+H+SC,100,values_plus_missing,0.5956191633944479,0.4453459016393443,0.7458924251495513,0.5836104508196721,0.6226098347979897,5,5,25,0,available
generator_holdout,D+R+P+F+H+SC,200,values_plus_missing,0.5943918998836513,0.4479781420765027,0.7408056576907999,0.5878111864228668,0.6291492010883968,5,5,25,0,available
generator_holdout,D+R+P+F+H+SC,all,values_plus_missing,0.6031252761250787,0.4551316939890711,0.7511188582610864,0.5923495008406894,0.63284388843064,5,5,25,0,available
generator_holdout,D+R+P+F+H+BC,25,values_plus_missing,0.6047399514041473,0.46167759562841526,0.7478023071798793,0.5943003362757461,0.6371946260100119,5,5,25,0,available
generator_holdout,D+R+P+F+H+BC,50,values_plus_missing,0.5925785634911469,0.44764207650273224,0.7375150504795617,0.5804917113282893,0.620283657801037,5,5,25,0,available
generator_holdout,D+R+P+F+H+BC,100,values_plus_missing,0.6042028288623321,0.46386010928961746,0.7445455484350466,0.5913651507986549,0.6305835072583413,5,5,25,0,available
generator_holdout,D+R+P+F+H+BC,200,values_plus_missing,0.6097092545265232,0.4732387978142077,0.7461797112388386,0.6000208412147962,0.6401291517574279,5,5,25,0,available
generator_holdout,D+R+P+F+H+BC,all,values_plus_missing,0.6154179702176921,0.48634590163934427,0.7444900387960398,0.6062739123581337,0.6471027348246665,5,5,25,0,available
generator_holdout,D+R+P+F+SC+BC,25,values_plus_missing,0.6014432331339008,0.45743497267759564,0.745451493590206,0.5888136401849516,0.6237146455255059,5,5,25,0,available
generator_holdout,D+R+P+F+SC+BC,50,values_plus_missing,0.5918951698166519,0.44126721311475414,0.7425231265185498,0.5790470680958386,0.6072362884405945,5,5,25,0,available
generator_holdout,D+R+P+F+SC+BC,100,values_plus_missing,0.5848496338112046,0.4324601092896175,0.7372391583327917,0.5720593815678857,0.6078744716309404,5,5,25,0,available
generator_holdout,D+R+P+F+SC+BC,200,values_plus_missing,0.5886843581673857,0.436292349726776,0.7410763666079955,0.5751173287095418,0.612836624195305,5,5,25,0,available
generator_holdout,D+R+P+F+SC+BC,all,values_plus_missing,0.595123701077761,0.4492743169398907,0.7409730852156313,0.5808270623160992,0.6173206878012112,5,5,25,0,available
generator_holdout,D+R+P+H+SC+BC,25,values_plus_missing,0.619453803752348,0.5273885245901639,0.7115190829145324,0.6242711853720051,0.6681809059466605,5,5,25,0,available
generator_holdout,D+R+P+H+SC+BC,50,values_plus_missing,0.6091181437655638,0.5093207650273224,0.7089155225038052,0.6097685555905843,0.6539860041758487,5,5,25,0,available
generator_holdout,D+R+P+H+SC+BC,100,values_plus_missing,0.6093463262133016,0.5195672131147541,0.6991254393118491,0.6111658180958386,0.6644998548074713,5,5,25,0,available
generator_holdout,D+R+P+H+SC+BC,200,values_plus_missing,0.6121572890679614,0.5236601092896175,0.7006544688463052,0.6161569777217318,0.66981997577629,5,5,25,0,available
generator_holdout,D+R+P+H+SC+BC,all,values_plus_missing,0.6156213041484915,0.5239136612021859,0.7073289470947971,0.6179664459857083,0.6724820725100534,5,5,25,0,available
generator_holdout,D+R+F+H+SC+BC,25,values_plus_missing,0.6127380794937219,0.47079945355191255,0.7546767054355313,0.6022867460067255,0.6443558394449105,5,5,25,0,available
generator_holdout,D+R+F+H+SC+BC,50,values_plus_missing,0.6029162750345407,0.4610387978142077,0.7447937522548737,0.5941612258301807,0.6281197551264235,5,5,25,0,available
generator_holdout,D+R+F+H+SC+BC,100,values_plus_missing,0.6041565547754747,0.46899234972677595,0.7393207598241733,0.5942317517864649,0.634667162099288,5,5,25,0,available
generator_holdout,D+R+F+H+SC+BC,200,values_plus_missing,0.60231796854832,0.46811748633879785,0.7365184507578422,0.5943351854770913,0.6326340800399342,5,5,25,0,available
generator_holdout,D+R+F+H+SC+BC,all,values_plus_missing,0.605083712000561,0.47161748633879785,0.7385499376623244,0.5965659547078604,0.6319640510215425,5,5,25,0,available
generator_holdout,D+P+F+H+SC+BC,25,values_plus_missing,0.586402672576973,0.4375595628415301,0.7352457823124158,0.5835033391130727,0.607779313252851,5,5,25,0,available
generator_holdout,D+P+F+H+SC+BC,50,values_plus_missing,0.5733962144017808,0.3920273224043716,0.7547651063991898,0.5686699112021858,0.5725398990837972,5,5,25,0,available
generator_holdout,D+P+F+H+SC+BC,100,values_plus_missing,0.5725023729235467,0.392920218579235,0.7520845272678583,0.5670730900588483,0.5798983144262508,5,5,25,0,available
generator_holdout,D+P+F+H+SC+BC,200,values_plus_missing,0.5774247578258576,0.41230273224043723,0.742546783411278,0.5757427122740648,0.5831674680368194,5,5,25,0,available
generator_holdout,D+P+F+H+SC+BC,all,values_plus_missing,0.5794595567235009,0.40939180327868846,0.7495273101683134,0.5730853247162673,0.5834445816446767,5,5,25,0,available
generator_holdout,R+P+F+H+SC+BC,25,values_plus_missing,0.5880965116072432,0.4630027322404372,0.7131902909740492,0.5807802122740647,0.6190680474779329,5,5,25,0,available
generator_holdout,R+P+F+H+SC+BC,50,values_plus_missing,0.5759233044462566,0.4382459016393443,0.7136007072531689,0.5702647777427491,0.5961261598168087,5,5,25,0,available
generator_holdout,R+P+F+H+SC+BC,100,values_plus_missing,0.5781113060965701,0.4489601092896175,0.7072625029035227,0.572617073875578,0.6044341513731966,5,5,25,0,available
generator_holdout,R+P+F+H+SC+BC,200,values_plus_missing,0.5844031465356392,0.45324590163934425,0.715560391431934,0.5784859315889028,0.6116693946907871,5,5,25,0,available
generator_holdout,R+P+F+H+SC+BC,all,values_plus_missing,0.5906886093005118,0.4603530054644809,0.7210242131365427,0.5809577527322405,0.6125733721818665,5,5,25,0,available
generator_holdout,S+D+R+P+F+H+SC,25,values_plus_missing,0.6187145360557423,0.48138142076502727,0.7560476513464574,0.606856575767129,0.6320097411722755,5,5,25,0,available
generator_holdout,S+D+R+P+F+H+SC,50,values_plus_missing,0.5970832552348109,0.43204590163934425,0.7621206088302774,0.5884989123581337,0.6100402315120741,5,5,25,0,available
generator_holdout,S+D+R+P+F+H+SC,100,values_plus_missing,0.5976641765867522,0.4399639344262295,0.7553644187472749,0.5900540825977301,0.6209765126526545,5,5,25,0,available
generator_holdout,S+D+R+P+F+H+SC,200,values_plus_missing,0.6127294733668116,0.45939617486338796,0.7660627718702352,0.6018735682009247,0.6358526807152399,5,5,25,0,available
generator_holdout,S+D+R+P+F+H+SC,all,values_plus_missing,0.6162511321355334,0.4657890710382514,0.7667131932328154,0.6042887662883565,0.6402060090300339,5,5,25,0,available
generator_holdout,S+D+R+P+F+H+BC,25,values_plus_missing,0.6327361198387614,0.4950885245901639,0.7703837150873589,0.6160538776796973,0.6590080248687012,5,5,25,0,available
generator_holdout,S+D+R+P+F+H+BC,50,values_plus_missing,0.624608027999837,0.46961366120218584,0.779602394797488,0.6090255806010929,0.6487538773133926,5,5,25,0,available
generator_holdout,S+D+R+P+F+H+BC,100,values_plus_missing,0.6227584040146067,0.4778710382513661,0.7676457697778474,0.612793692202606,0.6607679614037087,5,5,25,0,available
generator_holdout,S+D+R+P+F+H+BC,200,values_plus_missing,0.6319304742746296,0.49048907103825135,0.7733718775110078,0.6219873239806641,0.6732617500216329,5,5,25,0,available
generator_holdout,S+D+R+P+F+H+BC,all,values_plus_missing,0.6393833197966152,0.5015890710382513,0.7771775685549792,0.6265156893652796,0.6795113576384912,5,5,25,0,available
generator_holdout,S+D+R+P+F+SC+BC,25,values_plus_missing,0.6222921512209157,0.49124590163934423,0.7533384008024872,0.6122695854350567,0.6411022798928068,5,5,25,0,available
generator_holdout,S+D+R+P+F+SC+BC,50,values_plus_missing,0.5976395097689713,0.43118524590163937,0.7640937736363032,0.5885493537200505,0.6149041704589151,5,5,25,0,available
generator_holdout,S+D+R+P+F+SC+BC,100,values_plus_missing,0.5963534208634144,0.4298032786885246,0.7629035630383041,0.5846732739596469,0.6197947437042192,5,5,25,0,available
generator_holdout,S+D+R+P+F+SC+BC,200,values_plus_missing,0.6103287121561337,0.45349617486338795,0.7671612494488794,0.5970004912778478,0.6303650618638911,5,5,25,0,available
generator_holdout,S+D+R+P+F+SC+BC,all,values_plus_missing,0.6138867624968946,0.45994972677595625,0.7678237982178328,0.6001671710802858,0.6361084250749494,5,5,25,0,available
generator_holdout,S+D+R+P+H+SC+BC,25,values_plus_missing,0.6211775532328185,0.5233530054644808,0.7190021010011562,0.6230346758091635,0.660686426673142,5,5,25,0,available
generator_holdout,S+D+R+P+H+SC+BC,50,values_plus_missing,0.5971538677713231,0.46339234972677595,0.7309153858158701,0.596179347940311,0.6332277060314226,5,5,25,0,available
generator_holdout,S+D+R+P+H+SC+BC,100,values_plus_missing,0.6054530972293122,0.4751174863387978,0.7357887081198267,0.6019217239386296,0.6535449768028561,5,5,25,0,available
generator_holdout,S+D+R+P+H+SC+BC,200,values_plus_missing,0.6086053152043684,0.4782639344262295,0.7389466959825076,0.6071608133669609,0.6605313918875519,5,5,25,0,available
generator_holdout,S+D+R+P+H+SC+BC,all,values_plus_missing,0.6094621251014105,0.48411748633879786,0.734806763864023,0.6085851854770913,0.6605106101020016,5,5,25,0,available
generator_holdout,S+D+R+F+H+SC+BC,25,values_plus_missing,0.6248397267342198,0.4841065573770492,0.7655728960913907,0.6132672209962169,0.6445719826556322,5,5,25,0,available
generator_holdout,S+D+R+F+H+SC+BC,50,values_plus_missing,0.6026331899157917,0.43956010928961753,0.7657062705419658,0.5939988046448088,0.6229875584083335,5,5,25,0,available
generator_holdout,S+D+R+F+H+SC+BC,100,values_plus_missing,0.6095041697935385,0.4584568306010929,0.7605515089859841,0.600562549915931,0.6337414449756728,5,5,25,0,available
generator_holdout,S+D+R+F+H+SC+BC,200,values_plus_missing,0.6155662808542022,0.465635519125683,0.7654970425827213,0.6067360287936108,0.6409295014676032,5,5,25,0,available
generator_holdout,S+D+R+F+H+SC+BC,all,values_plus_missing,0.6181582328554871,0.46888907103825134,0.7674273946727229,0.6061392470575873,0.6424615861297103,5,5,25,0,available
generator_holdout,S+D+P+F+H+SC+BC,25,values_plus_missing,0.6057564950367623,0.4670989071038251,0.7444140829696995,0.6003162804749895,0.6196928621072089,5,5,25,0,available
generator_holdout,S+D+P+F+H+SC+BC,50,values_plus_missing,0.5753524894822426,0.39328852459016395,0.7574164543743211,0.5729663776796974,0.5795860897350285,5,5,25,0,available
generator_holdout,S+D+P+F+H+SC+BC,100,values_plus_missing,0.5814205315233933,0.40815300546448086,0.7546880575823058,0.5803385219630097,0.5914748674789603,5,5,25,0,available
generator_holdout,S+D+P+F+H+SC+BC,200,values_plus_missing,0.5911049740616396,0.4296710382513661,0.7525389098719133,0.5894148460487599,0.6044113921469545,5,5,25,0,available
generator_holdout,S+D+P+F+H+SC+BC,all,values_plus_missing,0.5936875004307824,0.4340852459016394,0.7532897549599253,0.5908406998738965,0.6070519851653821,5,5,25,0,available
generator_holdout,S+R+P+F+H+SC+BC,25,values_plus_missing,0.6152928752986785,0.4929349726775956,0.7376507779197615,0.6075852748003363,0.6356133730493588,5,5,25,0,available
generator_holdout,S+R+P+F+H+SC+BC,50,values_plus_missing,0.5886435209330486,0.4305852459016394,0.746701795964458,0.5818791614123582,0.6049326790207538,5,5,25,0,available
generator_holdout,S+R+P+F+H+SC+BC,100,values_plus_missing,0.5926196533058029,0.4409032786885246,0.7443360279230811,0.5849348124211854,0.6159594777399425,5,5,25,0,available
generator_holdout,S+R+P+F+H+SC+BC,200,values_plus_missing,0.6057744670954469,0.4565426229508197,0.7550063112400742,0.5967208307061791,0.632612330573275,5,5,25,0,available
generator_holdout,S+R+P+F+H+SC+BC,all,values_plus_missing,0.6090513511137169,0.4634639344262295,0.7546387678012043,0.5984987941361917,0.634643604466335,5,5,25,0,available
generator_holdout,D+R+P+F+H+SC+BC,25,values_plus_missing,0.6082808649987047,0.4652349726775956,0.7513267573198139,0.5984227748003363,0.6371268140303525,5,5,25,0,available
generator_holdout,D+R+P+F+H+SC+BC,50,values_plus_missing,0.5950443405706763,0.4441065573770492,0.7459821237643034,0.5871374133039092,0.6144502667708147,5,5,25,0,available
generator_holdout,D+R+P+F+H+SC+BC,100,values_plus_missing,0.5940182264115534,0.4456994535519126,0.7423369992711943,0.5843280921605716,0.6222513521363043,5,5,25,0,available
generator_holdout,D+R+P+F+H+SC+BC,200,values_plus_missing,0.5973437881639407,0.45158524590163934,0.7431023304262421,0.5902757960277427,0.62774690811396,5,5,25,0,available
generator_holdout,D+R+P+F+H+SC+BC,all,values_plus_missing,0.6053460376961055,0.4657387978142077,0.7449532775780034,0.5972323796763346,0.6308090293794362,5,5,25,0,available
generator_holdout,S+D+R+P+F+H+SC+BC,25,values_plus_missing,0.6247436998361013,0.48738142076502733,0.7621059789071752,0.6132219603825136,0.6399641805988506,5,5,25,0,available
generator_holdout,S+D+R+P+F+H+SC+BC,50,values_plus_missing,0.5930088073446648,0.42296010928961747,0.7630575053997121,0.5848574584909626,0.6093136299941012,5,5,25,0,available
generator_holdout,S+D+R+P+F+H+SC+BC,100,values_plus_missing,0.5940688865871333,0.43122459016393444,0.7569131830103321,0.5868863335435057,0.6206921170050922,5,5,25,0,available
generator_holdout,S+D+R+P+F+H+SC+BC,200,values_plus_missing,0.6101666846080372,0.451735519125683,0.7685978500903915,0.6009879518705338,0.6351349683999304,5,5,25,0,available
generator_holdout,S+D+R+P+F+H+SC+BC,all,values_plus_missing,0.6139839962426968,0.45944972677595625,0.7685182657094375,0.6029820749264396,0.6396157618779115,5,5,25,0,available
ordinary_group_holdout_descriptive,S,25,values_plus_missing,0.6936132295457705,0.6607497267759562,0.7264767323155848,0.6943397524682151,0.734719718341189,1,1,5,0,available
ordinary_group_holdout_descriptive,S,50,values_plus_missing,0.7048449375213219,0.6588639344262295,0.7508259406164144,0.7047431014276582,0.7390019763920097,1,1,5,0,available
ordinary_group_holdout_descriptive,S,100,values_plus_missing,0.6982625505396898,0.6690639344262295,0.7274611666531502,0.6973625945557212,0.7394645718532444,1,1,5,0,available
ordinary_group_holdout_descriptive,S,200,values_plus_missing,0.6999791654168057,0.6765174863387978,0.7234408444948136,0.7013565194616095,0.7393747676233777,1,1,5,0,available
ordinary_group_holdout_descriptive,S,all,values_plus_missing,0.7025513372639987,0.6754639344262295,0.7296387401017678,0.6996929158676042,0.7402616894892077,1,1,5,0,available
ordinary_group_holdout_descriptive,D,25,values_plus_missing,0.6334354161368213,0.532851912568306,0.7340189197053366,0.6187259726365508,0.6652380254584834,1,1,5,0,available
ordinary_group_holdout_descriptive,D,50,values_plus_missing,0.6319353710314297,0.5453732240437159,0.7184975180191436,0.6154348342389375,0.6626984707015453,1,1,5,0,available
ordinary_group_holdout_descriptive,D,100,values_plus_missing,0.631687750938563,0.5331196721311475,0.7302558297459784,0.6182862108459408,0.6641153426178665,1,1,5,0,available
ordinary_group_holdout_descriptive,D,200,values_plus_missing,0.6290712094697967,0.5429841530054645,0.7151582659341288,0.616431720115065,0.6638893474665484,1,1,5,0,available
ordinary_group_holdout_descriptive,D,all,values_plus_missing,0.6304025147519117,0.539751912568306,0.7210531169355173,0.6174505247176646,0.6633838750581857,1,1,5,0,available
ordinary_group_holdout_descriptive,R,25,values_plus_missing,0.6211887428903865,0.7616562841530055,0.4807212016277676,0.6090686927338589,0.6480856936899022,1,1,5,0,available
ordinary_group_holdout_descriptive,R,50,values_plus_missing,0.6200551082735862,0.7571382513661202,0.4829719651810522,0.6078925727146814,0.6487416908207105,1,1,5,0,available
ordinary_group_holdout_descriptive,R,100,values_plus_missing,0.6201801435788742,0.7494453551912568,0.49091493196649155,0.6096774229348675,0.6512541592581708,1,1,5,0,available
ordinary_group_holdout_descriptive,R,200,values_plus_missing,0.6252673557946431,0.7368382513661202,0.5136964602231658,0.6141008438987143,0.6523373748467733,1,1,5,0,available
ordinary_group_holdout_descriptive,R,all,values_plus_missing,0.6260731455786805,0.7329918032786885,0.5191544878786725,0.6140570064457703,0.6524562906228756,1,1,5,0,available
ordinary_group_holdout_descriptive,P,25,values_plus_missing,0.5439757946835447,0.18329344262295083,0.9046581467441387,0.5445596611087435,0.5496823757685625,1,1,5,0,available
ordinary_group_holdout_descriptive,P,50,values_plus_missing,0.5482537335934509,0.19037923497267759,0.9061282322142242,0.5469596229313162,0.5527975904593061,1,1,5,0,available
ordinary_group_holdout_descriptive,P,100,values_plus_missing,0.5487907141318334,0.1912327868852459,0.9063486413784211,0.5492241880637829,0.55813565376365,1,1,5,0,available
ordinary_group_holdout_descriptive,P,200,values_plus_missing,0.549369112213874,0.1978792349726776,0.9008589894550703,0.5499128245081326,0.557089274515644,1,1,5,0,available
ordinary_group_holdout_descriptive,P,all,values_plus_missing,0.5490239126303464,0.2004792349726776,0.8975685902880154,0.5494949814439946,0.5556164069557359,1,1,5,0,available
ordinary_group_holdout_descriptive,F,25,values_plus_missing,0.6722005763002987,0.6058103825136613,0.7385907700869363,0.6452467993110306,0.6874251668079341,1,1,5,0,available
ordinary_group_holdout_descriptive,F,50,values_plus_missing,0.6646922205530339,0.5923639344262295,0.7370205066798382,0.6374678710313233,0.6826240463864076,1,1,5,0,available
ordinary_group_holdout_descriptive,F,100,values_plus_missing,0.666798762031971,0.6017245901639344,0.7318729339000075,0.6406041910824632,0.6862778065751055,1,1,5,0,available
ordinary_group_holdout_descriptive,F,200,values_plus_missing,0.6732668984662162,0.6056245901639344,0.740909206768498,0.6484605285354073,0.6912223978322697,1,1,5,0,available
ordinary_group_holdout_descriptive,F,all,values_plus_missing,0.6709355211116688,0.6086852459016393,0.7331857963216981,0.6449682372682719,0.6920546123029061,1,1,5,0,available
ordinary_group_holdout_descriptive,H,25,values_plus_missing,0.6031288794805414,0.611420218579235,0.5948375403818479,0.6014087914624617,0.6444154831268428,1,1,5,0,available
ordinary_group_holdout_descriptive,H,50,values_plus_missing,0.6040581608034562,0.6307775956284153,0.5773387259784971,0.6060874684814263,0.6467441497084544,1,1,5,0,available
ordinary_group_holdout_descriptive,H,100,values_plus_missing,0.5994509866563453,0.6395704918032787,0.559331481509412,0.6089013890368634,0.6491986612173045,1,1,5,0,available
ordinary_group_holdout_descriptive,H,200,values_plus_missing,0.5876543384058504,0.6286562841530055,0.5466523926586951,0.5984400525605511,0.6420218706823435,1,1,5,0,available
ordinary_group_holdout_descriptive,H,all,values_plus_missing,0.5886055132111885,0.6156169398907104,0.5615940865316666,0.5948201332658569,0.642817740222816,1,1,5,0,available
ordinary_group_holdout_descriptive,SC,25,values_plus_missing,0.6209602719126516,0.6675852459016394,0.5743352979236638,0.6292192161197528,0.643640325337026,1,1,5,0,available
ordinary_group_holdout_descriptive,SC,50,values_plus_missing,0.6276580856137057,0.6630387978142076,0.592277373413204,0.636687397897578,0.6511603621282596,1,1,5,0,available
ordinary_group_holdout_descriptive,SC,100,values_plus_missing,0.6313298144189434,0.6702710382513661,0.5923885905865206,0.6387868789509198,0.6531140292525721,1,1,5,0,available
ordinary_group_holdout_descriptive,SC,200,values_plus_missing,0.6263149699475015,0.6729781420765027,0.5796517978185001,0.6368666320406279,0.6534950978009861,1,1,5,0,available
ordinary_group_holdout_descriptive,SC,all,values_plus_missing,0.6301390076735818,0.6821639344262295,0.5781140809209342,0.6400506738759855,0.6563024057409104,1,1,5,0,available
ordinary_group_holdout_descriptive,BC,25,values_plus_missing,0.48819378574258054,0.4524218579234972,0.5239657135616639,0.4962937930605867,0.5211621280470002,1,1,5,0,available
ordinary_group_holdout_descriptive,BC,50,values_plus_missing,0.5096472387178261,0.2831207650273224,0.73617371240833,0.5132552804709141,0.5187868698142614,1,1,5,0,available
ordinary_group_holdout_descriptive,BC,100,values_plus_missing,0.4895926431570817,0.3661890710382514,0.612996215275912,0.500023583439875,0.49746215123297743,1,1,5,0,available
ordinary_group_holdout_descriptive,BC,200,values_plus_missing,0.4782475494653277,0.5680502732240437,0.38844482570661176,0.48985440416577886,0.5013009693847748,1,1,5,0,available
ordinary_group_holdout_descriptive,BC,all,values_plus_missing,0.49619978324589115,0.7136945355191257,0.27870503097265664,0.4997466861105192,0.5058063590657774,1,1,5,0,available
ordinary_group_holdout_descriptive,S+D,25,values_plus_missing,0.7122510282915848,0.6732032786885246,0.751298777894645,0.7075312189253498,0.7495410684773868,1,1,5,0,available
ordinary_group_holdout_descriptive,S+D,50,values_plus_missing,0.7162906299287533,0.6730032786885246,0.7595779811689819,0.7148820384082677,0.7568162258039457,1,1,5,0,available
ordinary_group_holdout_descriptive,S+D,100,values_plus_missing,0.7160765253295973,0.6773103825136613,0.7548426681455335,0.7147169543291427,0.7579988292123946,1,1,5,0,available
ordinary_group_holdout_descriptive,S+D,200,values_plus_missing,0.7169243474013612,0.6858032786885245,0.748045416114198,0.7125619828290362,0.7591777220476926,1,1,5,0,available
ordinary_group_holdout_descriptive,S+D,all,values_plus_missing,0.7159858468892426,0.6812568306010929,0.7507148631773922,0.7126574263974714,0.7597402134430092,1,1,5,0,available
ordinary_group_holdout_descriptive,S+R,25,values_plus_missing,0.7201904575146838,0.710996174863388,0.7293847401659798,0.7027440580829605,0.7612017071885997,1,1,5,0,available
ordinary_group_holdout_descriptive,S+R,50,values_plus_missing,0.7215261522126853,0.7098568306010928,0.7331954738242779,0.7087536734675759,0.7676543942846611,1,1,5,0,available
ordinary_group_holdout_descriptive,S+R,100,values_plus_missing,0.7228491533633787,0.7176103825136612,0.7280879242130963,0.7070384637580793,0.7699425924107345,1,1,5,0,available
ordinary_group_holdout_descriptive,S+R,200,values_plus_missing,0.7246270946945601,0.7175568306010929,0.7316973587880272,0.7094423099119256,0.7723037970369291,1,1,5,0,available
ordinary_group_holdout_descriptive,S+R,all,values_plus_missing,0.7275490354392109,0.7211032786885246,0.7339947921898973,0.7089548263370978,0.7731786992975477,1,1,5,0,available
ordinary_group_holdout_descriptive,S+P,25,values_plus_missing,0.6897936132405835,0.6599639344262295,0.7196232920549376,0.6877768973293558,0.7285525463707655,1,1,5,0,available
ordinary_group_holdout_descriptive,S+P,50,values_plus_missing,0.7039891262999651,0.6577710382513662,0.7502072143485642,0.7038197403934938,0.7407733243034695,1,1,5,0,available
ordinary_group_holdout_descriptive,S+P,100,values_plus_missing,0.6974365831307616,0.6671245901639344,0.7277485760975887,0.6992132009553236,0.7458352264066728,1,1,5,0,available
ordinary_group_holdout_descriptive,S+P,200,values_plus_missing,0.699420194347944,0.677731693989071,0.721108694706817,0.6993447133141558,0.7460499157835877,1,1,5,0,available
ordinary_group_holdout_descriptive,S+P,all,values_plus_missing,0.6966613748560737,0.6757316939890711,0.7175910557230764,0.6957866658676042,0.7467296012368305,1,1,5,0,available
ordinary_group_holdout_descriptive,S+F,25,values_plus_missing,0.7348889563110038,0.7235213114754099,0.7462566011465978,0.7237957463243128,0.7680962122496807,1,1,5,0,available
ordinary_group_holdout_descriptive,S+F,50,values_plus_missing,0.7352573265969714,0.7161213114754099,0.7543933417185329,0.7255586778180269,0.7787246391615523,1,1,5,0,available
ordinary_group_holdout_descriptive,S+F,100,values_plus_missing,0.7392231594990423,0.7271748633879781,0.7512714556101064,0.7282552360785568,0.7767660447045618,1,1,5,0,available
ordinary_group_holdout_descriptive,S+F,200,values_plus_missing,0.7354652637347499,0.7276213114754098,0.7433092159940898,0.7219451399247105,0.7786623535853332,1,1,5,0,available
ordinary_group_holdout_descriptive,S+F,all,values_plus_missing,0.7329876674133673,0.7292748633879781,0.7367004714387565,0.720164174035798,0.7791825713937041,1,1,5,0,available
ordinary_group_holdout_descriptive,S+H,25,values_plus_missing,0.6875563611244138,0.6756032786885247,0.699509443560303,0.7007336391966759,0.7482560439830307,1,1,5,0,available
ordinary_group_holdout_descriptive,S+H,50,values_plus_missing,0.706562908349387,0.6732568306010929,0.7398689860976809,0.7114374689253498,0.7522463287096125,1,1,5,0,available
ordinary_group_holdout_descriptive,S+H,100,values_plus_missing,0.6967262655317071,0.6881890710382513,0.7052634600251629,0.7095094533525108,0.7553284281410185,1,1,5,0,available
ordinary_group_holdout_descriptive,S+H,200,values_plus_missing,0.6963735277518086,0.690796174863388,0.7019508806402293,0.7069882449037574,0.7560467072017794,1,1,5,0,available
ordinary_group_holdout_descriptive,S+H,all,values_plus_missing,0.6966598863622102,0.6920426229508196,0.7012771497736009,0.7061783618332268,0.7577374756314492,1,1,5,0,available
ordinary_group_holdout_descriptive,S+SC,25,values_plus_missing,0.685358650386272,0.6845890710382514,0.6861282297342925,0.6882449592478159,0.7435098306874229,1,1,5,0,available
ordinary_group_holdout_descriptive,S+SC,50,values_plus_missing,0.6957751420383493,0.6775355191256831,0.7140147649510157,0.7003854366432275,0.7512953728265392,1,1,5,0,available
ordinary_group_holdout_descriptive,S+SC,100,values_plus_missing,0.6934364440700328,0.6841819672131148,0.7026909209269508,0.6975379443674976,0.752429165456079,1,1,5,0,available
ordinary_group_holdout_descriptive,S+SC,200,values_plus_missing,0.68867181442631,0.6789032786885245,0.6984403501640956,0.6952295417820868,0.7516692769992549,1,1,5,0,available
ordinary_group_holdout_descriptive,S+SC,all,values_plus_missing,0.6930732138720801,0.6836032786885247,0.7025431490556354,0.7007735923183465,0.7543332198231584,1,1,5,0,available
ordinary_group_holdout_descriptive,S+BC,25,values_plus_missing,0.6939800301145425,0.6591639344262294,0.7287961258028556,0.6938780719511328,0.7352459196081014,1,1,5,0,available
ordinary_group_holdout_descriptive,S+BC,50,values_plus_missing,0.7027957939129394,0.6578639344262295,0.7477276533996493,0.703079497833653,0.7383991716491121,1,1,5,0,available
ordinary_group_holdout_descriptive,S+BC,100,values_plus_missing,0.6979416126563398,0.6718710382513662,0.7240121870613135,0.6995794379039704,0.7396807370165253,1,1,5,0,available
ordinary_group_holdout_descriptive,S+BC,200,values_plus_missing,0.6986863049988263,0.6785639344262295,0.718808675571423,0.6995059130620073,0.7396138998974592,1,1,5,0,available
ordinary_group_holdout_descriptive,S+BC,all,values_plus_missing,0.700191012552471,0.6759710382513661,0.7244109868535759,0.698051231000071,0.7405744416129788,1,1,5,0,available
ordinary_group_holdout_descriptive,D+R,25,values_plus_missing,0.6902123009921302,0.6544885245901639,0.7259360773940963,0.674420346793096,0.7360337147182492,1,1,5,0,available
ordinary_group_holdout_descriptive,D+R,50,values_plus_missing,0.6890965276930958,0.6730885245901639,0.7051045307960276,0.6727889276582144,0.732097552055126,1,1,5,0,available
ordinary_group_holdout_descriptive,D+R,100,values_plus_missing,0.6833599076680936,0.671927868852459,0.6947919464837282,0.6685602781625115,0.7330154873945547,1,1,5,0,available
ordinary_group_holdout_descriptive,D+R,200,values_plus_missing,0.6837073625586949,0.669188524590164,0.698226200527226,0.6711511271219547,0.7347260871565597,1,1,5,0,available
ordinary_group_holdout_descriptive,D+R,all,values_plus_missing,0.6862443160392036,0.6627885245901639,0.7097001074882431,0.6718256135023795,0.7343349519280158,1,1,5,0,available
ordinary_group_holdout_descriptive,D+P,25,values_plus_missing,0.6340349887148643,0.5186513661202186,0.74941861130951,0.6225703507884082,0.6687358336436006,1,1,5,0,available
ordinary_group_holdout_descriptive,D+P,50,values_plus_missing,0.641627625736457,0.5407120218579234,0.7425432296149905,0.6276410678137652,0.6734331793388503,1,1,5,0,available
ordinary_group_holdout_descriptive,D+P,100,values_plus_missing,0.6407626289801603,0.539183606557377,0.7423416514029437,0.6304627570317494,0.6790597245265042,1,1,5,0,available
ordinary_group_holdout_descriptive,D+P,200,values_plus_missing,0.643382571708509,0.5636267759562842,0.7231383674607338,0.6350240717558064,0.6785565156335086,1,1,5,0,available
ordinary_group_holdout_descriptive,D+P,all,values_plus_missing,0.6433176713400857,0.5533551912568306,0.7332801514233408,0.6334120742772924,0.6767268422832693,1,1,5,0,available
ordinary_group_holdout_descriptive,D+F,25,values_plus_missing,0.6871712920728515,0.6214568306010928,0.7528857535446103,0.6722087750372896,0.7181303058009927,1,1,5,0,available
ordinary_group_holdout_descriptive,D+F,50,values_plus_missing,0.712230028252415,0.6355103825136612,0.7889496739911687,0.679203623304212,0.716551431217564,1,1,5,0,available
ordinary_group_holdout_descriptive,D+F,100,values_plus_missing,0.6941631926662439,0.6356032786885246,0.7527231066439631,0.6788335020242915,0.716247628080133,1,1,5,0,available
ordinary_group_holdout_descriptive,D+F,200,values_plus_missing,0.6913370265329664,0.6414819672131148,0.741192085852818,0.6783679371759357,0.7203853047922165,1,1,5,0,available
ordinary_group_holdout_descriptive,D+F,all,values_plus_missing,0.6891134470272594,0.6396961748633879,0.7385307191911309,0.6756416915263868,0.7190019942551888,1,1,5,0,available
ordinary_group_holdout_descriptive,D+H,25,values_plus_missing,0.66674703209353,0.6047311475409836,0.7287629166460766,0.6541838132147169,0.6979835120321684,1,1,5,0,available
ordinary_group_holdout_descriptive,D+H,50,values_plus_missing,0.6494169525953968,0.6151704918032787,0.6836634133875149,0.6462023448043185,0.6985411597640322,1,1,5,0,available
ordinary_group_holdout_descriptive,D+H,100,values_plus_missing,0.6578490946130819,0.6135169398907104,0.7021812493354535,0.6518199201825414,0.7002590749441001,1,1,5,0,available
ordinary_group_holdout_descriptive,D+H,200,values_plus_missing,0.6546291643887219,0.6335207650273225,0.6757375637501214,0.6482721384686412,0.6976256223574053,1,1,5,0,available
ordinary_group_holdout_descriptive,D+H,all,values_plus_missing,0.6472928281727293,0.6212349726775956,0.673350683667863,0.6447437784111087,0.6979058580467135,1,1,5,0,available
ordinary_group_holdout_descriptive,D+SC,25,values_plus_missing,0.6404149816835633,0.6107207650273224,0.6701091983398041,0.6503652381206051,0.7118293762094855,1,1,5,0,available
ordinary_group_holdout_descriptive,D+SC,50,values_plus_missing,0.6476907801367091,0.6142814207650273,0.681100139508391,0.6537362827615598,0.714919790760759,1,1,5,0,available
ordinary_group_holdout_descriptive,D+SC,100,values_plus_missing,0.6503715980190226,0.6108814207650274,0.6898617752730177,0.6553341301761488,0.7174281209385004,1,1,5,0,available
ordinary_group_holdout_descriptive,D+SC,200,values_plus_missing,0.6471764853389822,0.620027868852459,0.6743251018255054,0.6552825240606577,0.7179763142680073,1,1,5,0,available
ordinary_group_holdout_descriptive,D+SC,all,values_plus_missing,0.6491202201645074,0.6169278688524591,0.6813125714765557,0.6554695268662547,0.7185682765985467,1,1,5,0,available
ordinary_group_holdout_descriptive,D+BC,25,values_plus_missing,0.6224316189877501,0.5334125683060109,0.7114506696694893,0.6167838069997869,0.6646722822013066,1,1,5,0,available
ordinary_group_holdout_descriptive,D+BC,50,values_plus_missing,0.6196917791987699,0.5449803278688525,0.6944032305286875,0.6139324303927836,0.6611544208257786,1,1,5,0,available
ordinary_group_holdout_descriptive,D+BC,100,values_plus_missing,0.6313072952175898,0.5333732240437159,0.7292413663914638,0.6169450067476383,0.6630598378244509,1,1,5,0,available
ordinary_group_holdout_descriptive,D+BC,200,values_plus_missing,0.6288128598880678,0.5472912568306011,0.7103344629455345,0.6131921878329427,0.6625877233742608,1,1,5,0,available
ordinary_group_holdout_descriptive,D+BC,all,values_plus_missing,0.6239912252686503,0.5364196721311475,0.711562778406153,0.6114189906065772,0.6622678962172804,1,1,5,0,available
ordinary_group_holdout_descriptive,R+P,25,values_plus_missing,0.6261748632817254,0.6781021857923497,0.5742475407711011,0.6048247833652958,0.6552154829578193,1,1,5,0,available
ordinary_group_holdout_descriptive,R+P,50,values_plus_missing,0.6264250269036076,0.7157273224043716,0.5371227314028434,0.6114339730272036,0.6609248668299275,1,1,5,0,available
ordinary_group_holdout_descriptive,R+P,100,values_plus_missing,0.6273940525340918,0.7351989071038252,0.5195891979643582,0.6171314546487676,0.6640502082939148,1,1,5,0,available
ordinary_group_holdout_descriptive,R+P,200,values_plus_missing,0.6295410901507048,0.7148737704918033,0.5442084098096062,0.6180226312238085,0.6667293160004701,1,1,5,0,available
ordinary_group_holdout_descriptive,R+P,all,values_plus_missing,0.6341492292990741,0.7088344262295082,0.5594640323686401,0.6173559135059308,0.6666929812603539,1,1,5,0,available
ordinary_group_holdout_descriptive,R+F,25,values_plus_missing,0.6971187744411905,0.6681284153005465,0.7261091335818346,0.6559517388486398,0.709287519538572,1,1,5,0,available
ordinary_group_holdout_descriptive,R+F,50,values_plus_missing,0.6891507089195699,0.6741890710382513,0.7041123468008883,0.6500078796434405,0.7114034384330092,1,1,5,0,available
ordinary_group_holdout_descriptive,R+F,100,values_plus_missing,0.690908361186215,0.6943639344262296,0.6874527879462006,0.6555402771858796,0.713199832603369,1,1,5,0,available
ordinary_group_holdout_descriptive,R+F,200,values_plus_missing,0.7011621153963683,0.6864032786885246,0.7159209521042119,0.6668489527842887,0.7210556057617439,1,1,5,0,available
ordinary_group_holdout_descriptive,R+F,all,values_plus_missing,0.7055400593647831,0.689596174863388,0.7214839438661782,0.6684648345940762,0.7218135461529221,1,1,5,0,available
ordinary_group_holdout_descriptive,R+H,25,values_plus_missing,0.6789656627250926,0.7248994535519125,0.6330318718982727,0.6714604863626679,0.7199923438197571,1,1,5,0,available
ordinary_group_holdout_descriptive,R+H,50,values_plus_missing,0.6737222509619196,0.7277601092896175,0.6196843926342217,0.6632520620250018,0.7204356674123731,1,1,5,0,available
ordinary_group_holdout_descriptive,R+H,100,values_plus_missing,0.6799804590553575,0.7450065573770492,0.6149543607336657,0.6661755762127992,0.723495964735256,1,1,5,0,available
ordinary_group_holdout_descriptive,R+H,200,values_plus_missing,0.6706376989479399,0.7235387978142077,0.6177366000816721,0.6607824596917395,0.7230859063107065,1,1,5,0,available
ordinary_group_holdout_descriptive,R+H,all,values_plus_missing,0.6705756487167764,0.7175994535519126,0.6235518438816402,0.6610171842815541,0.7225032050156952,1,1,5,0,available
ordinary_group_holdout_descriptive,R+SC,25,values_plus_missing,0.654051566029805,0.7528852459016393,0.5552178861579706,0.6605283134455572,0.7021593806525609,1,1,5,0,available
ordinary_group_holdout_descriptive,R+SC,50,values_plus_missing,0.6555261019960033,0.7519245901639344,0.559127613828072,0.6607591537040982,0.7028743441738745,1,1,5,0,available
ordinary_group_holdout_descriptive,R+SC,100,values_plus_missing,0.6606047028496195,0.7447387978142077,0.5764706078850312,0.6552628249520562,0.704294439439451,1,1,5,0,available
ordinary_group_holdout_descriptive,R+SC,200,values_plus_missing,0.6646472060449258,0.7376994535519126,0.5915949585379391,0.6565163541444705,0.7060339978438467,1,1,5,0,available
ordinary_group_holdout_descriptive,R+SC,all,values_plus_missing,0.6673804745840979,0.7412459016393443,0.5935150475288514,0.6592645185204915,0.706673837611236,1,1,5,0,available
ordinary_group_holdout_descriptive,R+BC,25,values_plus_missing,0.6182065676781981,0.7562098360655738,0.48020329929082245,0.6042648847574401,0.6450083335446987,1,1,5,0,available
ordinary_group_holdout_descriptive,R+BC,50,values_plus_missing,0.6161563511313091,0.7477311475409836,0.4845815547216345,0.6047562526635415,0.6423816545332084,1,1,5,0,available
ordinary_group_holdout_descriptive,R+BC,100,values_plus_missing,0.618800722915593,0.7498775956284153,0.4877238502027706,0.6077133385716316,0.6468707177751597,1,1,5,0,available
ordinary_group_holdout_descriptive,R+BC,200,values_plus_missing,0.6205284490889795,0.7380382513661202,0.5030186468118387,0.6122283187726401,0.64859142424025,1,1,5,0,available
ordinary_group_holdout_descriptive,R+BC,all,values_plus_missing,0.6231551887218829,0.7301918032786885,0.5161185741650774,0.6109387207898288,0.6497440292383436,1,1,5,0,available
ordinary_group_holdout_descriptive,P+F,25,values_plus_missing,0.6764596513625036,0.6103387978142076,0.7425805049107997,0.6520366103771575,0.6881355075780393,1,1,5,0,available
ordinary_group_holdout_descriptive,P+F,50,values_plus_missing,0.6821279623206505,0.602631693989071,0.7616242306522301,0.6467272844307124,0.69315281252427,1,1,5,0,available
ordinary_group_holdout_descriptive,P+F,100,values_plus_missing,0.6722333812062864,0.6137387978142076,0.7307279645983652,0.6476905985865473,0.6964680403434301,1,1,5,0,available
ordinary_group_holdout_descriptive,P+F,200,values_plus_missing,0.67812172136269,0.6233852459016394,0.7328581968237406,0.6571150960650615,0.7025260388687319,1,1,5,0,available
ordinary_group_holdout_descriptive,P+F,all,values_plus_missing,0.6780396685556737,0.6264459016393442,0.7296334354720031,0.6554256894133106,0.7023579303229097,1,1,5,0,available
ordinary_group_holdout_descriptive,P+H,25,values_plus_missing,0.6288195088186898,0.5677377049180328,0.6899013127193467,0.6144043766425171,0.6543382152803682,1,1,5,0,available
ordinary_group_holdout_descriptive,P+H,50,values_plus_missing,0.6285706090177883,0.6049595628415301,0.6521816551940466,0.6227248916826479,0.6636689430415649,1,1,5,0,available
ordinary_group_holdout_descriptive,P+H,100,values_plus_missing,0.6327563384034869,0.6237453551912568,0.6417673216157169,0.6275428497229917,0.6701539363250184,1,1,5,0,available
ordinary_group_holdout_descriptive,P+H,200,values_plus_missing,0.6173420602975406,0.6186918032786884,0.6159923173163927,0.61025813046026,0.6632867054400284,1,1,5,0,available
ordinary_group_holdout_descriptive,P+H,all,values_plus_missing,0.6213651481818983,0.6089918032786885,0.633738493085108,0.6156268311847433,0.6629782499349097,1,1,5,0,available
ordinary_group_holdout_descriptive,P+SC,25,values_plus_missing,0.6148317579381535,0.6349633879781421,0.5947001278981647,0.6276008372398608,0.6619194885380293,1,1,5,0,available
ordinary_group_holdout_descriptive,P+SC,50,values_plus_missing,0.6252096359737348,0.6437885245901639,0.6066307473573057,0.6342294485581362,0.6740538652848109,1,1,5,0,available
ordinary_group_holdout_descriptive,P+SC,100,values_plus_missing,0.6248890910702356,0.6483420765027323,0.6014361056377387,0.6377397742204702,0.6795443673388755,1,1,5,0,available
ordinary_group_holdout_descriptive,P+SC,200,values_plus_missing,0.6270690239393348,0.652063387978142,0.6020746599005276,0.6355409652674195,0.6801455377978548,1,1,5,0,available
ordinary_group_holdout_descriptive,P+SC,all,values_plus_missing,0.6300494325633872,0.6553098360655738,0.6047890290612007,0.6381279298955891,0.6821841200509688,1,1,5,0,available
ordinary_group_holdout_descriptive,P+BC,25,values_plus_missing,0.5393336704763576,0.22809398907103823,0.8505733518816769,0.5485083613005185,0.5690822271153213,1,1,5,0,available
ordinary_group_holdout_descriptive,P+BC,50,values_plus_missing,0.5441083647156637,0.24698360655737703,0.8412331228739504,0.5493065913772285,0.5705340884885968,1,1,5,0,available
ordinary_group_holdout_descriptive,P+BC,100,values_plus_missing,0.5432732260820947,0.21977595628415303,0.8667704958800364,0.5500623712621635,0.5622714673640721,1,1,5,0,available
ordinary_group_holdout_descriptive,P+BC,200,values_plus_missing,0.5432496338282662,0.21499726775956285,0.8715019998969696,0.5514512971446835,0.5563163786751435,1,1,5,0,available
ordinary_group_holdout_descriptive,P+BC,all,values_plus_missing,0.542170730472052,0.21599726775956282,0.8683441931845411,0.5512423756126146,0.5548021534777126,1,1,5,0,available
ordinary_group_holdout_descriptive,F+H,25,values_plus_missing,0.6792839828286446,0.6472639344262295,0.7113040312310597,0.6665975810604446,0.7193910467611208,1,1,5,0,available
ordinary_group_holdout_descriptive,F+H,50,values_plus_missing,0.6735835062013442,0.6355568306010928,0.7116101818015957,0.6614752579195966,0.7208035653961232,1,1,5,0,available
ordinary_group_holdout_descriptive,F+H,100,values_plus_missing,0.6761004332470489,0.6510032786885246,0.7011975878055733,0.6668026182612401,0.7235264593619218,1,1,5,0,available
ordinary_group_holdout_descriptive,F+H,200,values_plus_missing,0.6820538276113437,0.6608497267759563,0.7032579284467312,0.6714194234320618,0.726296534980918,1,1,5,0,available
ordinary_group_holdout_descriptive,F+H,all,values_plus_missing,0.6853974094218747,0.6634497267759563,0.7073450920677931,0.673174586263229,0.7249654060945541,1,1,5,0,available
ordinary_group_holdout_descriptive,F+SC,25,values_plus_missing,0.6748201127557427,0.6421284153005464,0.707511810210939,0.65932028641949,0.717679543937897,1,1,5,0,available
ordinary_group_holdout_descriptive,F+SC,50,values_plus_missing,0.6776435412112636,0.6511213114754099,0.7041657709471174,0.6653479361993039,0.7206382485467404,1,1,5,0,available
ordinary_group_holdout_descriptive,F+SC,100,values_plus_missing,0.6809542748959501,0.6638677595628415,0.6980407902290587,0.667535092158534,0.7207491388466964,1,1,5,0,available
ordinary_group_holdout_descriptive,F+SC,200,values_plus_missing,0.6880742148789759,0.6691677595628416,0.7069806701951102,0.6705837373037857,0.7227460884893563,1,1,5,0,available
ordinary_group_holdout_descriptive,F+SC,all,values_plus_missing,0.6868727739263032,0.6674213114754098,0.7063242363771965,0.6677878511435471,0.7236058501978778,1,1,5,0,available
ordinary_group_holdout_descriptive,F+BC,25,values_plus_missing,0.6697067584424845,0.6056710382513661,0.7337424786336029,0.6457781203388024,0.6867795330132527,1,1,5,0,available
ordinary_group_holdout_descriptive,F+BC,50,values_plus_missing,0.6664100993707328,0.5927710382513661,0.7400491604900995,0.638530513086867,0.681939049725145,1,1,5,0,available
ordinary_group_holdout_descriptive,F+BC,100,values_plus_missing,0.6661345447207198,0.6036245901639344,0.7286444992775051,0.6405564692982456,0.6869853721450383,1,1,5,0,available
ordinary_group_holdout_descriptive,F+BC,200,values_plus_missing,0.6776738434454128,0.6052316939890711,0.7501159929017547,0.6486217282832587,0.6919122492094418,1,1,5,0,available
ordinary_group_holdout_descriptive,F+BC,all,values_plus_missing,0.6811467273642879,0.6135387978142076,0.7487546569143683,0.6483392819092265,0.6924243600342803,1,1,5,0,available
ordinary_group_holdout_descriptive,H+SC,25,values_plus_missing,0.6456722727921144,0.6616710382513661,0.6296735073328626,0.6534524491263584,0.7028094103720738,1,1,5,0,available
ordinary_group_holdout_descriptive,H+SC,50,values_plus_missing,0.6460177417188742,0.6673103825136611,0.6247251009240873,0.6600114199339442,0.7072963523414141,1,1,5,0,available
ordinary_group_holdout_descriptive,H+SC,100,values_plus_missing,0.6388117109301579,0.6753426229508197,0.6022807989094962,0.6557530830492222,0.7093748575621074,1,1,5,0,available
ordinary_group_holdout_descriptive,H+SC,200,values_plus_missing,0.6361134735093419,0.6815426229508197,0.590684324067864,0.6558884797393281,0.7071264247970175,1,1,5,0,available
ordinary_group_holdout_descriptive,H+SC,all,values_plus_missing,0.638811839402128,0.6772426229508197,0.6003810558534364,0.6553829617693019,0.7081693659092203,1,1,5,0,available
ordinary_group_holdout_descriptive,H+BC,25,values_plus_missing,0.6010454026260645,0.6106344262295081,0.5914563790226208,0.6033509570992258,0.6421063112222367,1,1,5,0,available
ordinary_group_holdout_descriptive,H+BC,50,values_plus_missing,0.6000182405854231,0.6282169398907104,0.5718195412801357,0.607546034874636,0.6452769047357997,1,1,5,0,available
ordinary_group_holdout_descriptive,H+BC,100,values_plus_missing,0.6003644333367403,0.641124043715847,0.5596048229576336,0.6098247500710278,0.6472897765785796,1,1,5,0,available
ordinary_group_holdout_descriptive,H+BC,200,values_plus_missing,0.592958698708189,0.6344169398907104,0.5515004575256676,0.5988978487463599,0.6396501264280765,1,1,5,0,available
ordinary_group_holdout_descriptive,H+BC,all,values_plus_missing,0.5934492414347563,0.619824043715847,0.5670744391536657,0.5970588953405782,0.6412141204855193,1,1,5,0,available
ordinary_group_holdout_descriptive,SC+BC,25,values_plus_missing,0.6166907047271474,0.6735459016393442,0.5598355078149505,0.6289844915299382,0.6436830732979743,1,1,5,0,available
ordinary_group_holdout_descriptive,SC+BC,50,values_plus_missing,0.6246598881803068,0.6636387978142076,0.585680978546406,0.6345143920022729,0.6500320643940273,1,1,5,0,available
ordinary_group_holdout_descriptive,SC+BC,100,values_plus_missing,0.6281832393873424,0.6718852459016393,0.5844812328730455,0.6376287933269409,0.6538547214770668,1,1,5,0,available
ordinary_group_holdout_descriptive,SC+BC,200,values_plus_missing,0.6229367321580603,0.6775065573770492,0.5683669069390714,0.6362837048973649,0.6546165122225241,1,1,5,0,available
ordinary_group_holdout_descriptive,SC+BC,all,values_plus_missing,0.6298593571522543,0.6883316939890711,0.5713870203154374,0.6419631521237303,0.6572218669283626,1,1,5,0,available
ordinary_group_holdout_descriptive,S+D+R,25,values_plus_missing,0.731991581988098,0.7117890710382514,0.7521940929379447,0.7182555801193267,0.7752180324856319,1,1,5,0,available
ordinary_group_holdout_descriptive,S+D+R,50,values_plus_missing,0.7435861813568941,0.7170568306010929,0.7701155321126953,0.7276581588713686,0.7838989715667345,1,1,5,0,available
ordinary_group_holdout_descriptive,S+D+R,100,values_plus_missing,0.7542289421759287,0.7231961748633879,0.7852617094884696,0.7285557168477875,0.7874081620056745,1,1,5,0,available
ordinary_group_holdout_descriptive,S+D+R,200,values_plus_missing,0.748896978570197,0.7237426229508197,0.7740513341895743,0.7312600437708644,0.7901183635965887,1,1,5,0,available
ordinary_group_holdout_descriptive,S+D+R,all,values_plus_missing,0.744535631742606,0.7222426229508196,0.7668286405343924,0.7278631960721642,0.790519839003468,1,1,5,0,available
ordinary_group_holdout_descriptive,S+D+P,25,values_plus_missing,0.7082813651278628,0.6684245901639344,0.748138140091791,0.703258731976703,0.7439279086967898,1,1,5,0,available
ordinary_group_holdout_descriptive,S+D+P,50,values_plus_missing,0.7165770885358123,0.6721710382513661,0.7609831388202584,0.7151606004510264,0.7585129956762809,1,1,5,0,available
ordinary_group_holdout_descriptive,S+D+P,100,values_plus_missing,0.7182811473732457,0.6796174863387978,0.7569448084076935,0.7202171674124582,0.7636667752688944,1,1,5,0,available
ordinary_group_holdout_descriptive,S+D+P,200,values_plus_missing,0.7190942561449424,0.6882103825136612,0.7499781297762236,0.7140863054016621,0.7654007106581202,1,1,5,0,available
ordinary_group_holdout_descriptive,S+D+P,all,values_plus_missing,0.720309101623557,0.6891568306010929,0.7514613726460211,0.7140166648909724,0.7653328311584238,1,1,5,0,available
ordinary_group_holdout_descriptive,S+D+F,25,values_plus_missing,0.7308413219120986,0.7147748633879781,0.746907780436219,0.7257675993500959,0.7732907713473942,1,1,5,0,available
ordinary_group_holdout_descriptive,S+D+F,50,values_plus_missing,0.7471447729531757,0.7223213114754098,0.7719682344309415,0.738545107074366,0.7853264028349253,1,1,5,0,available
ordinary_group_holdout_descriptive,S+D+F,100,values_plus_missing,0.740487587160233,0.7241213114754099,0.756853862845056,0.7357234178563818,0.7837426219811856,1,1,5,0,available
ordinary_group_holdout_descriptive,S+D+F,200,values_plus_missing,0.7395815591360047,0.7242213114754098,0.7549418067965995,0.7278193586192201,0.7860588998500199,1,1,5,0,available
ordinary_group_holdout_descriptive,S+D+F,all,values_plus_missing,0.7356518648999153,0.7291213114754098,0.7421824183244209,0.7261518706939414,0.7862044158976556,1,1,5,0,available
ordinary_group_holdout_descriptive,S+D+H,25,values_plus_missing,0.7037105439535646,0.6857032786885247,0.7217178092186045,0.7117998215427233,0.7571753234530434,1,1,5,0,available
ordinary_group_holdout_descriptive,S+D+H,50,values_plus_missing,0.7125387985330953,0.6912426229508196,0.733834974115371,0.718776635414447,0.7639535139128772,1,1,5,0,available
ordinary_group_holdout_descriptive,S+D+H,100,values_plus_missing,0.7094108929561054,0.6874497267759563,0.7313720591362546,0.717761715143121,0.7665929972159009,1,1,5,0,available
ordinary_group_holdout_descriptive,S+D+H,200,values_plus_missing,0.7073295108498019,0.6951032786885245,0.7195557430110794,0.7131113382520065,0.7684057753107238,1,1,5,0,available
ordinary_group_holdout_descriptive,S+D+H,all,values_plus_missing,0.7127833546028918,0.6950497267759562,0.7305169824298273,0.7173180690212373,0.769200728610081,1,1,5,0,available
ordinary_group_holdout_descriptive,S+D+SC,25,values_plus_missing,0.6982550952450358,0.6817032786885246,0.714806911801547,0.7008690358867817,0.7571520696024805,1,1,5,0,available
ordinary_group_holdout_descriptive,S+D+SC,50,values_plus_missing,0.7072846780850193,0.6743497267759563,0.7402196293940823,0.7067213358548192,0.7665714317932477,1,1,5,0,available
ordinary_group_holdout_descriptive,S+D+SC,100,values_plus_missing,0.6985260798309028,0.6712497267759563,0.7258024328858492,0.7051054540450317,0.7694069544077203,1,1,5,0,available
ordinary_group_holdout_descriptive,S+D+SC,200,values_plus_missing,0.698948952580204,0.676456830601093,0.721441074559315,0.7043394084274451,0.7693845092324711,1,1,5,0,available
ordinary_group_holdout_descriptive,S+D+SC,all,values_plus_missing,0.6998908362299917,0.6776961748633881,0.7220854975965953,0.7044309676646069,0.7713855350680086,1,1,5,0,available
ordinary_group_holdout_descriptive,S+D+BC,25,values_plus_missing,0.708965615242408,0.6732639344262294,0.7446672960585866,0.7056586937992755,0.7510839814575562,1,1,5,0,available
ordinary_group_holdout_descriptive,S+D+BC,50,values_plus_missing,0.7134914089498481,0.6737103825136612,0.753272435386035,0.713841315079196,0.7576810632154715,1,1,5,0,available
ordinary_group_holdout_descriptive,S+D+BC,100,values_plus_missing,0.7137111327916548,0.6784639344262295,0.7489583311570801,0.7159407961325378,0.7594872182527361,1,1,5,0,available
ordinary_group_holdout_descriptive,S+D+BC,200,values_plus_missing,0.726237083588471,0.6840568306010929,0.7684173365758492,0.713302225388877,0.7609308020852524,1,1,5,0,available
ordinary_group_holdout_descriptive,S+D+BC,all,values_plus_missing,0.7169625710484122,0.6818568306010928,0.7520683114957317,0.7136504279423255,0.7612105310895122,1,1,5,0,available
ordinary_group_holdout_descriptive,S+R+P,25,values_plus_missing,0.7054445870282411,0.6845245901639345,0.7263645838925475,0.6903264059059593,0.7495604575580819,1,1,5,0,available
ordinary_group_holdout_descriptive,S+R+P,50,values_plus_missing,0.7211612015771969,0.7021639344262295,0.7401584687281644,0.7076729970168336,0.7653219734162235,1,1,5,0,available
ordinary_group_holdout_descriptive,S+R+P,100,values_plus_missing,0.7221202482283553,0.7113639344262295,0.7328765620304812,0.7059797060338092,0.7715981231579251,1,1,5,0,available
ordinary_group_holdout_descriptive,S+R+P,200,values_plus_missing,0.7243187749706472,0.7165639344262295,0.732073615515065,0.7104830332409973,0.7744882558072615,1,1,5,0,available
ordinary_group_holdout_descriptive,S+R+P,all,values_plus_missing,0.724259064954168,0.7188103825136611,0.7297077473946748,0.7093030288905462,0.7749947021131111,1,1,5,0,available
ordinary_group_holdout_descriptive,S+R+F,25,values_plus_missing,0.7546687539786914,0.7425213114754098,0.766816196481973,0.7270893817920308,0.7799208204907216,1,1,5,0,available
ordinary_group_holdout_descriptive,S+R+F,50,values_plus_missing,0.7565305016985615,0.7414748633879781,0.7715861400091448,0.7321975548689538,0.7911058309451006,1,1,5,0,available
ordinary_group_holdout_descriptive,S+R+F,100,values_plus_missing,0.7515568151150445,0.747835519125683,0.7552781111044059,0.7286794605440727,0.7898028133739635,1,1,5,0,available
ordinary_group_holdout_descriptive,S+R+F,200,values_plus_missing,0.7569354181660901,0.7442748633879781,0.769595972944202,0.7329816348817387,0.7949228453480076,1,1,5,0,available
ordinary_group_holdout_descriptive,S+R+F,all,values_plus_missing,0.7578343152206868,0.7497748633879782,0.7658937670533953,0.7301122238795369,0.7951929957382327,1,1,5,0,available
ordinary_group_holdout_descriptive,S+R+H,25,values_plus_missing,0.7265584670167726,0.7300890710382514,0.723027862995294,0.7210617320122168,0.7746376717691688,1,1,5,0,available
ordinary_group_holdout_descriptive,S+R+H,50,values_plus_missing,0.7315907343228754,0.7239355191256831,0.7392459495200677,0.7189622509588749,0.7786112721164118,1,1,5,0,available
ordinary_group_holdout_descriptive,S+R+H,100,values_plus_missing,0.7233895553306866,0.7391284153005464,0.7076506953608268,0.7166641141061154,0.7844235535734893,1,1,5,0,available
ordinary_group_holdout_descriptive,S+R+H,200,values_plus_missing,0.7308448885093095,0.7330284153005464,0.7286613617180725,0.7194419658711557,0.7869994984686425,1,1,5,0,available
ordinary_group_holdout_descriptive,S+R+H,all,values_plus_missing,0.731393442679994,0.7322819672131147,0.7305049181468731,0.7192111256126146,0.7880317933489474,1,1,5,0,available
ordinary_group_holdout_descriptive,S+R+SC,25,values_plus_missing,0.7183142542354519,0.7330355191256831,0.7035929893452207,0.7068656110164074,0.7676826669604091,1,1,5,0,available
ordinary_group_holdout_descriptive,S+R+SC,50,values_plus_missing,0.7246664124015059,0.7267284153005464,0.7226044095024653,0.7147516358583705,0.7754724041058403,1,1,5,0,available
ordinary_group_holdout_descriptive,S+R+SC,100,values_plus_missing,0.7150856611670648,0.7322961748633879,0.6978751474707416,0.7092694571702536,0.7781980452159095,1,1,5,0,available
ordinary_group_holdout_descriptive,S+R+SC,200,values_plus_missing,0.7179829224052892,0.7284497267759563,0.7075161180346221,0.7103359835570708,0.7804005709509877,1,1,5,0,available
ordinary_group_holdout_descriptive,S+R+SC,all,values_plus_missing,0.7155940456847201,0.7271568306010929,0.7040312607683471,0.7092733415015271,0.7823376196304562,1,1,5,0,available
ordinary_group_holdout_descriptive,S+R+BC,25,values_plus_missing,0.7185525675513565,0.7112032786885246,0.7259018564141885,0.7020038155231195,0.7585098581030143,1,1,5,0,available
ordinary_group_holdout_descriptive,S+R+BC,50,values_plus_missing,0.7123912571808702,0.7102032786885246,0.7145792356732157,0.7066503080829605,0.7658746981861371,1,1,5,0,available
ordinary_group_holdout_descriptive,S+R+BC,100,values_plus_missing,0.7250468104441077,0.7180568306010928,0.7320367902871227,0.706668342478159,0.7690116372749414,1,1,5,0,available
ordinary_group_holdout_descriptive,S+R+BC,200,values_plus_missing,0.720912680756083,0.7158103825136612,0.7260149789985046,0.7069469045209177,0.7717534557353629,1,1,5,0,available
ordinary_group_holdout_descriptive,S+R+BC,all,values_plus_missing,0.7230225595312263,0.7189568306010929,0.7270882884613598,0.7071300229952411,0.7728693583237679,1,1,5,0,available
ordinary_group_holdout_descriptive,S+P+F,25,values_plus_missing,0.7308352388334837,0.7131819672131148,0.7484885104538526,0.7167531762731728,0.7608101809018503,1,1,5,0,available
ordinary_group_holdout_descriptive,S+P+F,50,values_plus_missing,0.73981342139368,0.7189213114754098,0.7607055313119502,0.7282152829568862,0.7799676454897922,1,1,5,0,available
ordinary_group_holdout_descriptive,S+P+F,100,values_plus_missing,0.7427965428828838,0.7289284153005464,0.7566646704652212,0.7304501607003339,0.7800774328029612,1,1,5,0,available
ordinary_group_holdout_descriptive,S+P+F,200,values_plus_missing,0.7444792027400083,0.7294284153005465,0.7595299901794702,0.7270752317281057,0.7823420648215624,1,1,5,0,available
ordinary_group_holdout_descriptive,S+P+F,all,values_plus_missing,0.7382811560666092,0.7323284153005465,0.7442338968326719,0.7252246253285035,0.7826964275450518,1,1,5,0,available
ordinary_group_holdout_descriptive,S+P+H,25,values_plus_missing,0.6910909773589878,0.6722103825136612,0.7099715722043145,0.6981247558420343,0.7431678485232364,1,1,5,0,available
ordinary_group_holdout_descriptive,S+P+H,50,values_plus_missing,0.7029240552096053,0.6724174863387978,0.7334306240804128,0.7102136271219547,0.753188232607904,1,1,5,0,available
ordinary_group_holdout_descriptive,S+P+H,100,values_plus_missing,0.6979867908315648,0.6923426229508196,0.70363095871231,0.7133899002947652,0.7608998217197479,1,1,5,0,available
ordinary_group_holdout_descriptive,S+P+H,200,values_plus_missing,0.6966844975833711,0.697756830601093,0.6956121645656493,0.7092489257049507,0.7615124011601135,1,1,5,0,available
ordinary_group_holdout_descriptive,S+P+H,all,values_plus_missing,0.6969991386074792,0.6952961748633879,0.6987021023515706,0.7075634033844733,0.7628677383800874,1,1,5,0,available
ordinary_group_holdout_descriptive,S+P+SC,25,values_plus_missing,0.6827345156309528,0.686096174863388,0.6793728563985174,0.6830671456602031,0.7418166018108707,1,1,5,0,available
ordinary_group_holdout_descriptive,S+P+SC,50,values_plus_missing,0.6960742619132689,0.684196174863388,0.70795234896315,0.7030162387243413,0.7550725797229353,1,1,5,0,available
ordinary_group_holdout_descriptive,S+P+SC,100,values_plus_missing,0.6904014219987709,0.6878497267759562,0.6929531172215856,0.6978126220789829,0.7591100722218801,1,1,5,0,available
ordinary_group_holdout_descriptive,S+P+SC,200,values_plus_missing,0.691493121316799,0.6866568306010928,0.6963294120325051,0.6989229859187442,0.7581602079418365,1,1,5,0,available
ordinary_group_holdout_descriptive,S+P+SC,all,values_plus_missing,0.694635073020373,0.6908568306010929,0.6984133154396531,0.7025029520917678,0.7608107935846291,1,1,5,0,available
ordinary_group_holdout_descriptive,S+P+BC,25,values_plus_missing,0.6880078457824164,0.6579245901639343,0.7180911014008983,0.6873848573229633,0.7296666452150015,1,1,5,0,available
ordinary_group_holdout_descriptive,S+P+BC,50,values_plus_missing,0.7053518695516914,0.6611710382513661,0.7495327008520167,0.7048346606648199,0.7398384469255438,1,1,5,0,available
ordinary_group_holdout_descriptive,S+P+BC,100,values_plus_missing,0.6930421842071935,0.669131693989071,0.7169526744253161,0.6979635560941828,0.7458480401911455,1,1,5,0,available
ordinary_group_holdout_descriptive,S+P+BC,200,values_plus_missing,0.6980611879038363,0.6791387978142076,0.716983577993465,0.6996671128098586,0.7457892235923279,1,1,5,0,available
ordinary_group_holdout_descriptive,S+P+BC,all,values_plus_missing,0.6976693837680142,0.6796387978142077,0.7156999697218208,0.6966623051175509,0.7468081369318997,1,1,5,0,available
ordinary_group_holdout_descriptive,S+F+H,25,values_plus_missing,0.7345501686004854,0.7320284153005464,0.7370719219004244,0.7295448340613679,0.7751121022499826,1,1,5,0,available
ordinary_group_holdout_descriptive,S+F+H,50,values_plus_missing,0.7421424812361003,0.7277284153005464,0.7565565471716541,0.7341255704417928,0.786921972344512,1,1,5,0,available
ordinary_group_holdout_descriptive,S+F+H,100,values_plus_missing,0.7354769499058836,0.7383677595628415,0.7325861402489258,0.7326850384437815,0.7869756893422691,1,1,5,0,available
ordinary_group_holdout_descriptive,S+F+H,200,values_plus_missing,0.7399411325342382,0.7415213114754098,0.7383609535930667,0.73113491281341,0.7889292100495058,1,1,5,0,available
ordinary_group_holdout_descriptive,S+F+H,all,values_plus_missing,0.742701018634249,0.7453677595628415,0.7400342777056564,0.7326115136018183,0.7894645379754504,1,1,5,0,available
ordinary_group_holdout_descriptive,S+F+SC,25,values_plus_missing,0.7226443608465385,0.7349748633879781,0.7103138583050989,0.7183096833049223,0.7720860048307282,1,1,5,0,available
ordinary_group_holdout_descriptive,S+F+SC,50,values_plus_missing,0.7332236964039903,0.7242677595628415,0.7421796332451391,0.7228943040166205,0.7847097561609377,1,1,5,0,available
ordinary_group_holdout_descriptive,S+F+SC,100,values_plus_missing,0.7283817218929052,0.7286677595628415,0.728095684222969,0.719193091217416,0.7843145459051677,1,1,5,0,available
ordinary_group_holdout_descriptive,S+F+SC,200,values_plus_missing,0.7281272014719298,0.7303213114754098,0.7259330914684496,0.7165803235315008,0.7846637423639853,1,1,5,0,available
ordinary_group_holdout_descriptive,S+F+SC,all,values_plus_missing,0.730381645287344,0.7389677595628414,0.7217955310118463,0.7185624422899354,0.7858455263858575,1,1,5,0,available
ordinary_group_holdout_descriptive,S+F+BC,25,values_plus_missing,0.7504114230921178,0.7253426229508196,0.775480223233416,0.7290870378755594,0.7714130318177352,1,1,5,0,available
ordinary_group_holdout_descriptive,S+F+BC,50,values_plus_missing,0.7374758835847928,0.7214819672131147,0.7534697999564709,0.7284899606683712,0.7810097222889891,1,1,5,0,available
ordinary_group_holdout_descriptive,S+F+BC,100,values_plus_missing,0.7384440600952531,0.7259819672131147,0.7509061529773916,0.7274234342815541,0.779473422362092,1,1,5,0,available
ordinary_group_holdout_descriptive,S+F+BC,200,values_plus_missing,0.7426965010406003,0.7277355191256831,0.7576574829555174,0.7244405453157184,0.7823915068653995,1,1,5,0,available
ordinary_group_holdout_descriptive,S+F+BC,all,values_plus_missing,0.7443627525176446,0.7327890710382514,0.7559364339970379,0.7237441402088216,0.7825454064025383,1,1,5,0,available
ordinary_group_holdout_descriptive,S+H+SC,25,values_plus_missing,0.6873642680570691,0.6958890710382514,0.6788394650758868,0.6966287333972583,0.7570267124533996,1,1,5,0,available
ordinary_group_holdout_descriptive,S+H+SC,50,values_plus_missing,0.7040463069369045,0.6976819672131148,0.7104106466606942,0.7139173369912636,0.7618799909277334,1,1,5,0,available
ordinary_group_holdout_descriptive,S+H+SC,100,values_plus_missing,0.7008305201210734,0.7001284153005465,0.7015326249416004,0.7110956477732794,0.7651756314022149,1,1,5,0,available
ordinary_group_holdout_descriptive,S+H+SC,200,values_plus_missing,0.6952948627971558,0.6986284153005464,0.6919613102937653,0.7069366387882663,0.7650870450290868,1,1,5,0,available
ordinary_group_holdout_descriptive,S+H+SC,all,values_plus_missing,0.7017972184536672,0.7016819672131148,0.7019124696942196,0.7106558859826693,0.7677825035598602,1,1,5,0,available
ordinary_group_holdout_descriptive,S+H+BC,25,values_plus_missing,0.6876854860330546,0.6757639344262295,0.6996070376398795,0.6993924350983735,0.7483265126613418,1,1,5,0,available
ordinary_group_holdout_descriptive,S+H+BC,50,values_plus_missing,0.7039469541366804,0.6723103825136613,0.7355835257596995,0.7082714614851907,0.7515763342802618,1,1,5,0,available
ordinary_group_holdout_descriptive,S+H+BC,100,values_plus_missing,0.6991458883036696,0.6893426229508196,0.7089491536565197,0.7096010125896726,0.7547759845340941,1,1,5,0,available
ordinary_group_holdout_descriptive,S+H+BC,200,values_plus_missing,0.6943651449625722,0.6907497267759563,0.6979805631491881,0.7045147582392215,0.7562041259420023,1,1,5,0,available
ordinary_group_holdout_descriptive,S+H+BC,all,values_plus_missing,0.6993922904646477,0.6919497267759562,0.7068348541533392,0.7055774002947652,0.7578169457388297,1,1,5,0,available
ordinary_group_holdout_descriptive,S+SC+BC,25,values_plus_missing,0.6854173182630996,0.6899890710382514,0.6808455654879478,0.6897434787626961,0.7451671807764639,1,1,5,0,available
ordinary_group_holdout_descriptive,S+SC+BC,50,values_plus_missing,0.6972523452113758,0.683035519125683,0.7114691712970685,0.7027157579551104,0.7517847511938317,1,1,5,0,available
ordinary_group_holdout_descriptive,S+SC+BC,100,values_plus_missing,0.693259827796248,0.6877890710382514,0.6987305845542445,0.698043462337524,0.7532885705827621,1,1,5,0,available
ordinary_group_holdout_descriptive,S+SC+BC,200,values_plus_missing,0.6914870334760539,0.6862497267759563,0.6967243401761514,0.6984832241281341,0.753054984508535,1,1,5,0,available
ordinary_group_holdout_descriptive,S+SC+BC,all,values_plus_missing,0.6943460552522277,0.6873497267759563,0.7013423837284991,0.7016492315682932,0.7556571774707289,1,1,5,0,available
ordinary_group_holdout_descriptive,D+R+P,25,values_plus_missing,0.6806713976140142,0.6311633879781421,0.7301794072498863,0.6682869877121955,0.7266638888934621,1,1,5,0,available
ordinary_group_holdout_descriptive,D+R+P,50,values_plus_missing,0.6890873614627069,0.6634098360655738,0.7147648868598401,0.6681502037609206,0.7327399979113081,1,1,5,0,available
ordinary_group_holdout_descriptive,D+R+P,100,values_plus_missing,0.6905930601123678,0.6678956284153006,0.713290491809435,0.6750354583954826,0.738078134971885,1,1,5,0,available
ordinary_group_holdout_descriptive,D+R+P,200,values_plus_missing,0.6922914275493153,0.6715885245901639,0.7129943305084666,0.6770911019958803,0.7403850914014606,1,1,5,0,available
ordinary_group_holdout_descriptive,D+R+P,all,values_plus_missing,0.694397991198231,0.6602956284153005,0.7285003539811615,0.6754571857908942,0.73953300756609,1,1,5,0,available
ordinary_group_holdout_descriptive,D+R+F,25,values_plus_missing,0.7208013717057715,0.6647426229508197,0.7768601204607234,0.6876195819127779,0.7434176088921336,1,1,5,0,available
ordinary_group_holdout_descriptive,D+R+F,50,values_plus_missing,0.7217438449018627,0.6898103825136612,0.7536773072900642,0.6895900476773918,0.7475813130915324,1,1,5,0,available
ordinary_group_holdout_descriptive,D+R+F,100,values_plus_missing,0.7190132923435584,0.6931032786885246,0.7449233059985921,0.6875305197457205,0.7481150988152901,1,1,5,0,available
ordinary_group_holdout_descriptive,D+R+F,200,values_plus_missing,0.7246579042038448,0.6946426229508196,0.7546731854568701,0.6934704946196463,0.753077785872131,1,1,5,0,available
ordinary_group_holdout_descriptive,D+R+F,all,values_plus_missing,0.7268224300041513,0.6903890710382514,0.763255788970051,0.69296497664962,0.7523321732433197,1,1,5,0,available
ordinary_group_holdout_descriptive,D+R+H,25,values_plus_missing,0.7137243080535671,0.6886065573770492,0.7388420587300851,0.6962186589956674,0.7553343046135289,1,1,5,0,available
ordinary_group_holdout_descriptive,D+R+H,50,values_plus_missing,0.703960999662067,0.7015065573770491,0.706415441947085,0.6901535531642873,0.7558747309242665,1,1,5,0,available
ordinary_group_holdout_descriptive,D+R+H,100,values_plus_missing,0.706845734540765,0.7112387978142076,0.7024526712673226,0.693799275516727,0.7595897106457575,1,1,5,0,available
ordinary_group_holdout_descriptive,D+R+H,200,values_plus_missing,0.7025251400473602,0.7023852459016393,0.702665034193081,0.687749707010441,0.7596828283337669,1,1,5,0,available
ordinary_group_holdout_descriptive,D+R+H,all,values_plus_missing,0.708302295028208,0.7003387978142077,0.7162657922422082,0.6902012749485049,0.7595800499814567,1,1,5,0,available
ordinary_group_holdout_descriptive,D+R+SC,25,values_plus_missing,0.700076878484185,0.6949994535519125,0.7051543034164575,0.6900181564741814,0.7551045340314902,1,1,5,0,available
ordinary_group_holdout_descriptive,D+R+SC,50,values_plus_missing,0.6987169498600658,0.6996387978142076,0.6977951019059242,0.6864781434228283,0.7561363192597815,1,1,5,0,available
ordinary_group_holdout_descriptive,D+R+SC,100,values_plus_missing,0.7030470065220298,0.709331693989071,0.6967623190549886,0.6923884309077349,0.7570293801210797,1,1,5,0,available
ordinary_group_holdout_descriptive,D+R+SC,200,values_plus_missing,0.7098692690725157,0.709492349726776,0.7102461884182555,0.6969652829568862,0.7597761021807419,1,1,5,0,available
ordinary_group_holdout_descriptive,D+R+SC,all,values_plus_missing,0.7094006760424396,0.7080459016393442,0.7107554504455349,0.6966428834611833,0.7596141710149267,1,1,5,0,available
ordinary_group_holdout_descriptive,D+R+BC,25,values_plus_missing,0.6902372435843283,0.6525420765027322,0.7279324106659244,0.6716941011435471,0.7336017137928768,1,1,5,0,available
ordinary_group_holdout_descriptive,D+R+BC,50,values_plus_missing,0.6891303155723041,0.6722814207650274,0.7059792103795807,0.6680289571347396,0.7281215322360041,1,1,5,0,available
ordinary_group_holdout_descriptive,D+R+BC,100,values_plus_missing,0.6838356450545242,0.6726814207650273,0.6949898693440212,0.6684209971411321,0.7314772922450866,1,1,5,0,available
ordinary_group_holdout_descriptive,D+R+BC,200,values_plus_missing,0.6860184769483099,0.6683420765027323,0.7036948773938875,0.6735549732758008,0.7335260058026829,1,1,5,0,available
ordinary_group_holdout_descriptive,D+R+BC,all,values_plus_missing,0.6915057889834324,0.6621956284153006,0.7208159495515641,0.6730275365793026,0.7334244889374764,1,1,5,0,available
ordinary_group_holdout_descriptive,D+P+F,25,values_plus_missing,0.7053805152654491,0.6250781420765027,0.7856828884543954,0.6773130637829391,0.7164671600139683,1,1,5,0,available
ordinary_group_holdout_descriptive,D+P+F,50,values_plus_missing,0.7088362608138346,0.629892349726776,0.7877801719008931,0.6781190625221962,0.7229628891710431,1,1,5,0,available
ordinary_group_holdout_descriptive,D+P+F,100,values_plus_missing,0.7034517418987243,0.641831693989071,0.7650717898083776,0.6836592287271823,0.7244423334572982,1,1,5,0,available
ordinary_group_holdout_descriptive,D+P+F,200,values_plus_missing,0.6993201831666733,0.6455710382513662,0.7530693280819806,0.6791958546416649,0.7290002712723566,1,1,5,0,available
ordinary_group_holdout_descriptive,D+P+F,all,values_plus_missing,0.7019367824374783,0.6429245901639344,0.760948974711022,0.6787122553981106,0.7266926005789728,1,1,5,0,available
ordinary_group_holdout_descriptive,D+P+H,25,values_plus_missing,0.6726510188489965,0.5972524590163935,0.7480495786815994,0.65867299035798,0.699865947951282,1,1,5,0,available
ordinary_group_holdout_descriptive,D+P+H,50,values_plus_missing,0.6750987939629263,0.6093989071038252,0.7407986808220275,0.6585259406740536,0.7072595672969908,1,1,5,0,available
ordinary_group_holdout_descriptive,D+P+H,100,values_plus_missing,0.663667548105301,0.6087453551912569,0.7185897410193451,0.6538575293877407,0.712886240339055,1,1,5,0,available
ordinary_group_holdout_descriptive,D+P+H,200,values_plus_missing,0.6540821059235629,0.628563387978142,0.6796008238689836,0.650701787680233,0.7099735266408894,1,1,5,0,available
ordinary_group_holdout_descriptive,D+P+H,all,values_plus_missing,0.6604855719076551,0.6256169398907103,0.6953542039245999,0.6556268422828326,0.7092819500368945,1,1,5,0,available
ordinary_group_holdout_descriptive,D+P+SC,25,values_plus_missing,0.6477421208612516,0.6094240437158469,0.6860601980066563,0.6611129053022231,0.7192439518817831,1,1,5,0,available
ordinary_group_holdout_descriptive,D+P+SC,50,values_plus_missing,0.6653236758865884,0.6225098360655738,0.7081375157076031,0.6726846056182967,0.7286697113741416,1,1,5,0,available
ordinary_group_holdout_descriptive,D+P+SC,100,values_plus_missing,0.6638614500640678,0.6256027322404372,0.7021201678876986,0.6710648394772356,0.7342118045817163,1,1,5,0,available
ordinary_group_holdout_descriptive,D+P+SC,200,values_plus_missing,0.6642193018343573,0.6304027322404371,0.6980358714282775,0.6746448056502592,0.7339741385336327,1,1,5,0,available
ordinary_group_holdout_descriptive,D+P+SC,all,values_plus_missing,0.6634819211019688,0.6248027322404371,0.7021611099635005,0.6739780879323816,0.7337751758061163,1,1,5,0,available
ordinary_group_holdout_descriptive,D+P+BC,25,values_plus_missing,0.6254832174290766,0.5200442622950819,0.7309221725630713,0.6226619100255699,0.6678753411752669,1,1,5,0,available
ordinary_group_holdout_descriptive,D+P+BC,50,values_plus_missing,0.6262956550045284,0.5415049180327869,0.71108639197627,0.6236651773030755,0.6718055453119552,1,1,5,0,available
ordinary_group_holdout_descriptive,D+P+BC,100,values_plus_missing,0.6442751487950332,0.5448765027322404,0.743673794857826,0.6313603150081681,0.678385056013117,1,1,5,0,available
ordinary_group_holdout_descriptive,D+P+BC,200,values_plus_missing,0.6418709248144286,0.5637945355191257,0.7199473141097316,0.6288055348391222,0.6776497816811495,1,1,5,0,available
ordinary_group_holdout_descriptive,D+P+BC,all,values_plus_missing,0.6388943029223302,0.5568693989071039,0.7209192069375566,0.629710861478088,0.675993529623429,1,1,5,0,available
ordinary_group_holdout_descriptive,D+F+H,25,values_plus_missing,0.7034777463455352,0.6491639344262295,0.7577915582648408,0.6863815900454577,0.7362895038314802,1,1,5,0,available
ordinary_group_holdout_descriptive,D+F+H,50,values_plus_missing,0.7040723945181455,0.6527103825136612,0.7554344065226299,0.6875357913381632,0.7402540853419485,1,1,5,0,available
ordinary_group_holdout_descriptive,D+F+H,100,values_plus_missing,0.6937830136360361,0.6598497267759563,0.7277163004961159,0.6857509411179772,0.7415579237985084,1,1,5,0,available
ordinary_group_holdout_descriptive,D+F+H,200,values_plus_missing,0.7012685305028759,0.6656890710382514,0.7368479899675004,0.6896533067867037,0.7439638081362816,1,1,5,0,available
ordinary_group_holdout_descriptive,D+F+H,all,values_plus_missing,0.6933287044014952,0.6614890710382514,0.725168337764739,0.6826764929149798,0.7422720764071289,1,1,5,0,available
ordinary_group_holdout_descriptive,D+F+SC,25,values_plus_missing,0.699364620891473,0.6555213114754098,0.7432079303075363,0.6857071036650331,0.7400988445620653,1,1,5,0,available
ordinary_group_holdout_descriptive,D+F+SC,50,values_plus_missing,0.700751410691085,0.6654213114754098,0.7360815099067604,0.6887518644790114,0.7455115473395926,1,1,5,0,available
ordinary_group_holdout_descriptive,D+F+SC,100,values_plus_missing,0.7017692353582545,0.6703213114754099,0.7332171592410993,0.6880554593721144,0.7449620083227572,1,1,5,0,available
ordinary_group_holdout_descriptive,D+F+SC,200,values_plus_missing,0.7004068284586169,0.6675748633879781,0.7332387935292556,0.687872340897791,0.7462264217433352,1,1,5,0,available
ordinary_group_holdout_descriptive,D+F+SC,all,values_plus_missing,0.7006326201243283,0.6739284153005465,0.7273368249481101,0.687267495028056,0.745756580825572,1,1,5,0,available
ordinary_group_holdout_descriptive,D+F+BC,25,values_plus_missing,0.6889189407321092,0.6240174863387978,0.7538203951254205,0.6723918935116131,0.7186665124192841,1,1,5,0,available
ordinary_group_holdout_descriptive,D+F+BC,50,values_plus_missing,0.7056305235204015,0.6370710382513661,0.7741900087894367,0.681929868953761,0.7170967566062564,1,1,5,0,available
ordinary_group_holdout_descriptive,D+F+BC,100,values_plus_missing,0.7034660081760253,0.6362174863387978,0.7707145300132529,0.6807279458768378,0.71768539388698,1,1,5,0,available
ordinary_group_holdout_descriptive,D+F+BC,200,values_plus_missing,0.6973128246451404,0.6338174863387979,0.760808162951483,0.6771002579195966,0.7219289367816975,1,1,5,0,available
ordinary_group_holdout_descriptive,D+F+BC,all,values_plus_missing,0.6986235034309904,0.6386710382513662,0.7585759686106147,0.6773052951203921,0.7200181834028598,1,1,5,0,available
ordinary_group_holdout_descriptive,D+H+SC,25,values_plus_missing,0.6655077847948793,0.640427868852459,0.6905877007372996,0.6717495915903118,0.7317423296824819,1,1,5,0,available
ordinary_group_holdout_descriptive,D+H+SC,50,values_plus_missing,0.6670241459446544,0.6557852459016393,0.6782630459876696,0.6786270775623269,0.7361714220314429,1,1,5,0,available
ordinary_group_holdout_descriptive,D+H+SC,100,values_plus_missing,0.6718170051877075,0.6555387978142077,0.6880952125612074,0.6789275583315577,0.7379456095518946,1,1,5,0,available
ordinary_group_holdout_descriptive,D+H+SC,200,values_plus_missing,0.6640232733877542,0.6662781420765027,0.6617684046990058,0.6764940247886924,0.7369176030748468,1,1,5,0,available
ordinary_group_holdout_descriptive,D+H+SC,all,values_plus_missing,0.6641056437482376,0.6586387978142076,0.6695724896822676,0.6744422655195681,0.736871362629124,1,1,5,0,available
ordinary_group_holdout_descriptive,D+H+BC,25,values_plus_missing,0.6536496543614368,0.6061524590163934,0.7011468497064803,0.6497681609134172,0.6951622661634305,1,1,5,0,available
ordinary_group_holdout_descriptive,D+H+BC,50,values_plus_missing,0.6400635157320899,0.615224043715847,0.6649029877483327,0.6440989794197031,0.6964339632429686,1,1,5,0,available
ordinary_group_holdout_descriptive,D+H+BC,100,values_plus_missing,0.653416714510844,0.6123240437158469,0.6945093853058412,0.6449785030009234,0.69743620192302,1,1,5,0,available
ordinary_group_holdout_descriptive,D+H+BC,200,values_plus_missing,0.6519040717317329,0.6360814207650274,0.6677267226984385,0.6455420084878187,0.6950201221460661,1,1,5,0,available
ordinary_group_holdout_descriptive,D+H+BC,all,values_plus_missing,0.6494057460832092,0.6229491803278688,0.6758623118385497,0.6448572563747426,0.696019175354998,1,1,5,0,available
ordinary_group_holdout_descriptive,D+SC+BC,25,values_plus_missing,0.6393642192135001,0.6154956284153006,0.6632328100116995,0.6515632768662547,0.7108441650357114,1,1,5,0,available
ordinary_group_holdout_descriptive,D+SC+BC,50,values_plus_missing,0.6428087762196615,0.6121956284153006,0.6734219240240225,0.6527432812167058,0.7149358380282367,1,1,5,0,available
ordinary_group_holdout_descriptive,D+SC+BC,100,values_plus_missing,0.647507756612881,0.6116491803278689,0.6833663328978931,0.6552864083919312,0.716942425667568,1,1,5,0,available
ordinary_group_holdout_descriptive,D+SC+BC,200,values_plus_missing,0.6418572539164835,0.6208956284153005,0.6628188794176664,0.6541940789473684,0.7167834133082173,1,1,5,0,available
ordinary_group_holdout_descriptive,D+SC+BC,all,values_plus_missing,0.6456302571428236,0.6203027322404371,0.6709577820452103,0.6576386484302863,0.7174202193316663,1,1,5,0,available
ordinary_group_holdout_descriptive,R+P+F,25,values_plus_missing,0.6965837107589501,0.6604032786885246,0.7327641428293757,0.6569486247247673,0.7071831043092036,1,1,5,0,available
ordinary_group_holdout_descriptive,R+P+F,50,values_plus_missing,0.6973618602456026,0.6791032786885246,0.7156204418026807,0.65857865659848,0.7146321446990708,1,1,5,0,available
ordinary_group_holdout_descriptive,R+P+F,100,values_plus_missing,0.6936074085996446,0.6907174863387978,0.6964973308604914,0.6589629279423255,0.7179755237696915,1,1,5,0,available
ordinary_group_holdout_descriptive,R+P+F,200,values_plus_missing,0.705448332208223,0.6938103825136612,0.7170862819027848,0.674008885130336,0.7276258596516726,1,1,5,0,available
ordinary_group_holdout_descriptive,R+P+F,all,values_plus_missing,0.707208225719801,0.6928639344262295,0.7215525170133725,0.6729462430747922,0.7278540577183386,1,1,5,0,available
ordinary_group_holdout_descriptive,R+P+H,25,values_plus_missing,0.6773482205645776,0.6785098360655738,0.6761866050635813,0.6631696587115562,0.7168729113217631,1,1,5,0,available
ordinary_group_holdout_descriptive,R+P+H,50,values_plus_missing,0.6829224605521,0.704827868852459,0.661017052251741,0.6673131303714752,0.7242459853455809,1,1,5,0,available
ordinary_group_holdout_descriptive,R+P+H,100,values_plus_missing,0.6762452991940753,0.7310136612021858,0.6214769371859649,0.6673414304993253,0.7293075730719941,1,1,5,0,available
ordinary_group_holdout_descriptive,R+P+H,200,values_plus_missing,0.6799381100599169,0.7148601092896175,0.6450161108302161,0.6693868083670715,0.7301766724919001,1,1,5,0,available
ordinary_group_holdout_descriptive,R+P+H,all,values_plus_missing,0.6822208145092179,0.7167601092896174,0.6476815197288183,0.6709111309396975,0.7292813234477427,1,1,5,0,available
ordinary_group_holdout_descriptive,R+P+SC,25,values_plus_missing,0.6631451842390288,0.7157136612021858,0.6105767072758718,0.6608998219866468,0.7039431715256173,1,1,5,0,available
ordinary_group_holdout_descriptive,R+P+SC,50,values_plus_missing,0.6685248480138772,0.7291994535519126,0.607850242475842,0.6620462546168051,0.7109837880630752,1,1,5,0,available
ordinary_group_holdout_descriptive,R+P+SC,100,values_plus_missing,0.6702446427412412,0.738953005464481,0.6015362800180015,0.6653218556893246,0.7153855896830192,1,1,5,0,available
ordinary_group_holdout_descriptive,R+P+SC,200,values_plus_missing,0.6703134298131169,0.7296207650273224,0.6110060945989114,0.6638491392321898,0.7181094983203922,1,1,5,0,available
ordinary_group_holdout_descriptive,R+P+SC,all,values_plus_missing,0.6698402729435314,0.7310207650273224,0.6086597808597405,0.6634093774415797,0.7182542595168644,1,1,5,0,available
ordinary_group_holdout_descriptive,R+P+BC,25,values_plus_missing,0.6237580260412756,0.6831879781420765,0.5643280739404748,0.6042676592797784,0.6540476030628283,1,1,5,0,available
ordinary_group_holdout_descriptive,R+P+BC,50,values_plus_missing,0.6214192721451173,0.7083524590163934,0.5344860852738411,0.6096607758008381,0.6556574332819922,1,1,5,0,available
ordinary_group_holdout_descriptive,R+P+BC,100,values_plus_missing,0.6222151151308732,0.7313453551912568,0.5130848750704896,0.6133206482172029,0.6589576171839207,1,1,5,0,available
ordinary_group_holdout_descriptive,R+P+BC,200,values_plus_missing,0.6285244311569965,0.7208524590163934,0.5361964032975997,0.617787906633994,0.6630696716050353,1,1,5,0,available
ordinary_group_holdout_descriptive,R+P+BC,all,values_plus_missing,0.6331870672805227,0.7138666666666666,0.5525074678943785,0.6170296296789545,0.6641214530461184,1,1,5,0,available
ordinary_group_holdout_descriptive,R+F+H,25,values_plus_missing,0.7145353772406442,0.7021355191256831,0.7269352353556052,0.6847268649229348,0.7419467615256885,1,1,5,0,available
ordinary_group_holdout_descriptive,R+F+H,50,values_plus_missing,0.7070875370536918,0.7107890710382513,0.7033860030691322,0.681670451115136,0.7455402081043897,1,1,5,0,available
ordinary_group_holdout_descriptive,R+F+H,100,values_plus_missing,0.7261547647024958,0.7332497267759563,0.7190598026290353,0.6938572630335962,0.7489807309986738,1,1,5,0,available
ordinary_group_holdout_descriptive,R+F+H,200,values_plus_missing,0.7192721331921774,0.7181032786885246,0.7204409876958303,0.6910949485936502,0.7545848517384195,1,1,5,0,available
ordinary_group_holdout_descriptive,R+F+H,all,values_plus_missing,0.7172003967332101,0.7210568306010929,0.7133439628653274,0.6939127534803609,0.7539744215361571,1,1,5,0,available
ordinary_group_holdout_descriptive,R+F+SC,25,values_plus_missing,0.696014733272037,0.6780213114754099,0.714008155068664,0.6729101742843953,0.7351014617477375,1,1,5,0,available
ordinary_group_holdout_descriptive,R+F+SC,50,values_plus_missing,0.6953263088134516,0.6911213114754098,0.6995313061514933,0.6747968494743946,0.7387627707234934,1,1,5,0,available
ordinary_group_holdout_descriptive,R+F+SC,100,values_plus_missing,0.7080354496713679,0.7134748633879782,0.7025960359547575,0.6794497234356134,0.7398681893750791,1,1,5,0,available
ordinary_group_holdout_descriptive,R+F+SC,200,values_plus_missing,0.7100269517219773,0.7071142076502732,0.7129396957936814,0.6821360159634917,0.7451343851723011,1,1,5,0,available
ordinary_group_holdout_descriptive,R+F+SC,all,values_plus_missing,0.72032851716635,0.7173142076502732,0.723342826682427,0.6885776244761702,0.7452302029760748,1,1,5,0,available
ordinary_group_holdout_descriptive,R+F+BC,25,values_plus_missing,0.6933450630415212,0.6613284153005464,0.725361710782496,0.6539218983059876,0.7072211719833076,1,1,5,0,available
ordinary_group_holdout_descriptive,R+F+BC,50,values_plus_missing,0.6874680811813701,0.674696174863388,0.7002399874993523,0.6493372775942894,0.7100122430793012,1,1,5,0,available
ordinary_group_holdout_descriptive,R+F+BC,100,values_plus_missing,0.6915774047840191,0.6939174863387978,0.6892373232292403,0.6558407579551104,0.7135490609597797,1,1,5,0,available
ordinary_group_holdout_descriptive,R+F+BC,200,values_plus_missing,0.7017315736946929,0.6874961748633879,0.7159669725259978,0.668743396636835,0.7221678889208093,1,1,5,0,available
ordinary_group_holdout_descriptive,R+F+BC,all,values_plus_missing,0.7051673951239154,0.6884497267759563,0.7218850634718744,0.6679335135663045,0.722612285257262,1,1,5,0,available
ordinary_group_holdout_descriptive,R+H+SC,25,values_plus_missing,0.6845479608491672,0.7319497267759563,0.6371461949223782,0.6848170368989275,0.7466503311810447,1,1,5,0,available
ordinary_group_holdout_descriptive,R+H+SC,50,values_plus_missing,0.6884906463291129,0.7411568306010928,0.635824462057133,0.6939848910611549,0.7489484359606745,1,1,5,0,available
ordinary_group_holdout_descriptive,R+H+SC,100,values_plus_missing,0.6862128926333639,0.7531497267759563,0.6192760584907715,0.69443880291569,0.7518732129247869,1,1,5,0,available
ordinary_group_holdout_descriptive,R+H+SC,200,values_plus_missing,0.6894915868377527,0.7355032786885246,0.6434798949869808,0.6895512043646566,0.7534791329836301,1,1,5,0,available
ordinary_group_holdout_descriptive,R+H+SC,all,values_plus_missing,0.6905525870197109,0.741096174863388,0.6400089991760337,0.6899870818239933,0.7536758007085138,1,1,5,0,available
ordinary_group_holdout_descriptive,R+H+BC,25,values_plus_missing,0.6758830710508622,0.7221065573770492,0.6296595847246752,0.6676715986575752,0.7176084211097589,1,1,5,0,available
ordinary_group_holdout_descriptive,R+H+BC,50,values_plus_missing,0.6655835501690632,0.7272065573770492,0.6039605429610772,0.65925425278784,0.7171868695088011,1,1,5,0,available
ordinary_group_holdout_descriptive,R+H+BC,100,values_plus_missing,0.6766196763310757,0.7430530054644808,0.6101863471976704,0.6665237787662476,0.7202161624207204,1,1,5,0,available
ordinary_group_holdout_descriptive,R+H+BC,200,values_plus_missing,0.672324482841564,0.7238387978142077,0.6208101678689202,0.6613137807195113,0.721299069648682,1,1,5,0,available
ordinary_group_holdout_descriptive,R+H+BC,all,values_plus_missing,0.6696325539067822,0.7175994535519126,0.621665654261652,0.6592142996661695,0.7209196174198574,1,1,5,0,available
ordinary_group_holdout_descriptive,R+SC+BC,25,values_plus_missing,0.6537889644615811,0.7596852459016393,0.5478926830215227,0.6594837057852121,0.6991011683512339,1,1,5,0,available
ordinary_group_holdout_descriptive,R+SC+BC,50,values_plus_missing,0.6465647059846071,0.7520245901639344,0.54110482180528,0.6587950693408623,0.6983912530276125,1,1,5,0,available
ordinary_group_holdout_descriptive,R+SC+BC,100,values_plus_missing,0.6578436496437507,0.7458387978142076,0.5698485014732938,0.6539216208537538,0.7018123588465979,1,1,5,0,available
ordinary_group_holdout_descriptive,R+SC+BC,200,values_plus_missing,0.6602789645657383,0.7371459016393442,0.5834120274921324,0.6541125079906243,0.7047250256400811,1,1,5,0,available
ordinary_group_holdout_descriptive,R+SC+BC,all,values_plus_missing,0.6626964630655399,0.7404459016393442,0.5849470244917355,0.6560288705696427,0.7057010717075285,1,1,5,0,available
ordinary_group_holdout_descriptive,P+F+H,25,values_plus_missing,0.6801536250034115,0.6466530054644809,0.713654244542342,0.6693238267099936,0.7161945829548355,1,1,5,0,available
ordinary_group_holdout_descriptive,P+F+H,50,values_plus_missing,0.6903897677477108,0.6457103825136612,0.7350691529817603,0.669880950795511,0.7274122442932136,1,1,5,0,available
ordinary_group_holdout_descriptive,P+F+H,100,values_plus_missing,0.6867238856009674,0.6672568306010929,0.7061909406008419,0.6787186367994886,0.7323819984191935,1,1,5,0,available
ordinary_group_holdout_descriptive,P+F+H,200,values_plus_missing,0.699273544083445,0.6759032786885246,0.7226438094783654,0.6822727999147666,0.7353197815949724,1,1,5,0,available
ordinary_group_holdout_descriptive,P+F+H,all,values_plus_missing,0.697593569086058,0.6735032786885247,0.7216838594835912,0.6796858352865971,0.7338670921201371,1,1,5,0,available
ordinary_group_holdout_descriptive,P+F+SC,25,values_plus_missing,0.6748306038039141,0.646935519125683,0.7027256884821452,0.663614692094609,0.7182819505531509,1,1,5,0,available
ordinary_group_holdout_descriptive,P+F+SC,50,values_plus_missing,0.6844909216942952,0.6561819672131147,0.7127998761754756,0.6706134246928048,0.7283325674072727,1,1,5,0,available
ordinary_group_holdout_descriptive,P+F+SC,100,values_plus_missing,0.6846241412214222,0.6716819672131147,0.6975663152297297,0.6744164624618225,0.730226768661993,1,1,5,0,available
ordinary_group_holdout_descriptive,P+F+SC,200,values_plus_missing,0.6888176495540106,0.6688426229508196,0.7087926761572017,0.6738413039811066,0.7327357592886616,1,1,5,0,available
ordinary_group_holdout_descriptive,P+F+SC,all,values_plus_missing,0.6934487926468469,0.6812890710382513,0.7056085142554425,0.6794033889125648,0.7330756130392648,1,1,5,0,available
ordinary_group_holdout_descriptive,P+F+BC,25,values_plus_missing,0.6718526564440754,0.616692349726776,0.727012963161375,0.6501602009198097,0.687646038190541,1,1,5,0,available
ordinary_group_holdout_descriptive,P+F+BC,50,values_plus_missing,0.6715039844367138,0.6001387978142076,0.7428691710592199,0.6458735639072377,0.6921425920635554,1,1,5,0,available
ordinary_group_holdout_descriptive,P+F+BC,100,values_plus_missing,0.6692368010172731,0.613092349726776,0.7253812523077704,0.6474597583280062,0.6972975288077841,1,1,5,0,available
ordinary_group_holdout_descriptive,P+F+BC,200,values_plus_missing,0.6839227824661661,0.6247459016393442,0.743099663292988,0.6575986953086157,0.7032733524042423,1,1,5,0,available
ordinary_group_holdout_descriptive,P+F+BC,all,values_plus_missing,0.6823138985848398,0.6300065573770491,0.7346212397926304,0.6553302458448753,0.7027487467987867,1,1,5,0,available
ordinary_group_holdout_descriptive,P+H+SC,25,values_plus_missing,0.6478518658783663,0.6400672131147541,0.6556365186419785,0.6550838682612401,0.7091846014068353,1,1,5,0,available
ordinary_group_holdout_descriptive,P+H+SC,50,values_plus_missing,0.6506662345514345,0.6616316939890711,0.639700775113798,0.6658637199019817,0.720500974050227,1,1,5,0,available
ordinary_group_holdout_descriptive,P+H+SC,100,values_plus_missing,0.6574365331356775,0.6808103825136611,0.634062683757694,0.6691792740961716,0.7266050380810871,1,1,5,0,available
ordinary_group_holdout_descriptive,P+H+SC,200,values_plus_missing,0.6495502683012575,0.6787639344262295,0.6203366021762855,0.6629865402372328,0.7244787523290639,1,1,5,0,available
ordinary_group_holdout_descriptive,P+H+SC,all,values_plus_missing,0.6495076570020659,0.6766639344262295,0.6223513795779024,0.6613010179167554,0.7240715955883085,1,1,5,0,available
ordinary_group_holdout_descriptive,P+H+BC,25,values_plus_missing,0.6064448059313421,0.5645448087431694,0.6483448031195147,0.6074494814972654,0.6519411206096025,1,1,5,0,available
ordinary_group_holdout_descriptive,P+H+BC,50,values_plus_missing,0.6153768028932965,0.6020202185792349,0.6287333872073582,0.6201379270544782,0.6624271256486037,1,1,5,0,available
ordinary_group_holdout_descriptive,P+H+BC,100,values_plus_missing,0.6223536172733566,0.6253131147540983,0.6193941197926148,0.6238197181973151,0.6680632166635334,1,1,5,0,available
ordinary_group_holdout_descriptive,P+H+BC,200,values_plus_missing,0.6131459534602612,0.6237453551912568,0.6025465517292655,0.6123576115136018,0.6608740962642694,1,1,5,0,available
ordinary_group_holdout_descriptive,P+H+BC,all,values_plus_missing,0.6149149381434644,0.6149524590163935,0.6148774172705355,0.6133803004474749,0.6612444503618237,1,1,5,0,available
ordinary_group_holdout_descriptive,P+SC+BC,25,values_plus_missing,0.6191052892392888,0.6441775956284153,0.5940329828501623,0.6305759575431493,0.6614068645171249,1,1,5,0,available
ordinary_group_holdout_descriptive,P+SC+BC,50,values_plus_missing,0.6231217801030504,0.6440562841530054,0.6021872760530953,0.6334195654876056,0.6725402273651123,1,1,5,0,available
ordinary_group_holdout_descriptive,P+SC+BC,100,values_plus_missing,0.627115071427611,0.6540420765027323,0.6001880663524898,0.6409018973293558,0.679823399295907,1,1,5,0,available
ordinary_group_holdout_descriptive,P+SC+BC,200,values_plus_missing,0.6295980201803602,0.662124043715847,0.5970719966448733,0.6423746137864905,0.6806684282456003,1,1,5,0,available
ordinary_group_holdout_descriptive,P+SC+BC,all,values_plus_missing,0.6330874947736163,0.664824043715847,0.6013509458313855,0.6432283343099652,0.6828691716147299,1,1,5,0,available
ordinary_group_holdout_descriptive,F+H+SC,25,values_plus_missing,0.6873850052905104,0.668596174863388,0.7061738357176329,0.6783704342460402,0.7409517408292096,1,1,5,0,available
ordinary_group_holdout_descriptive,F+H+SC,50,values_plus_missing,0.6838124766322871,0.6650890710382513,0.7025358822263228,0.675160589352937,0.7467032342215041,1,1,5,0,available
ordinary_group_holdout_descriptive,F+H+SC,100,values_plus_missing,0.6909408312518339,0.6837284153005465,0.6981532472031214,0.6850170799595142,0.7483238585377368,1,1,5,0,available
ordinary_group_holdout_descriptive,F+H+SC,200,values_plus_missing,0.6877336777905059,0.6888890710382514,0.6865782845427603,0.6840201940833865,0.7497052363341138,1,1,5,0,available
ordinary_group_holdout_descriptive,F+H+SC,all,values_plus_missing,0.6911563278120587,0.690135519125683,0.6921771364984345,0.6827486304957738,0.749039388020765,1,1,5,0,available
ordinary_group_holdout_descriptive,F+H+BC,25,values_plus_missing,0.6754670662680842,0.6457174863387978,0.7052166461973707,0.6632007333617445,0.717855755520733,1,1,5,0,available
ordinary_group_holdout_descriptive,F+H+BC,50,values_plus_missing,0.6706292746264109,0.6384103825136612,0.7028481667391605,0.6615887358832303,0.72039408254948,1,1,5,0,available
ordinary_group_holdout_descriptive,F+H+BC,100,values_plus_missing,0.681997889975648,0.6541032786885246,0.7098925012627714,0.6660146539171816,0.7225370827880104,1,1,5,0,available
ordinary_group_holdout_descriptive,F+H+BC,200,values_plus_missing,0.688976885772371,0.6634103825136612,0.7145433890310807,0.6723647031926984,0.7251929503409416,1,1,5,0,available
ordinary_group_holdout_descriptive,F+H+BC,all,values_plus_missing,0.6892632946441914,0.6648103825136612,0.7137162067747217,0.6704921780666241,0.7244256792300959,1,1,5,0,available
ordinary_group_holdout_descriptive,F+SC+BC,25,values_plus_missing,0.678441681773748,0.644535519125683,0.7123478444218131,0.6628783338660416,0.7196889377541302,1,1,5,0,available
ordinary_group_holdout_descriptive,F+SC+BC,50,values_plus_missing,0.6835063281716222,0.6525213114754098,0.7144913448678345,0.6672423800518503,0.7222336867551521,1,1,5,0,available
ordinary_group_holdout_descriptive,F+SC+BC,100,values_plus_missing,0.6786876126281262,0.6612213114754099,0.6961539137808425,0.664808846508985,0.72251732222391,1,1,5,0,available
ordinary_group_holdout_descriptive,F+SC+BC,200,values_plus_missing,0.6886820874089974,0.6656819672131148,0.7116822076048801,0.6683888126820087,0.7248404298618881,1,1,5,0,available
ordinary_group_holdout_descriptive,F+SC+BC,all,values_plus_missing,0.6940628380451144,0.6705355191256831,0.7175901569645458,0.6697261324490376,0.7254220958493284,1,1,5,0,available
ordinary_group_holdout_descriptive,H+SC+BC,25,values_plus_missing,0.6380613580448418,0.661031693989071,0.6150910221006124,0.6501471606648199,0.7004429506386591,1,1,5,0,available
ordinary_group_holdout_descriptive,H+SC+BC,50,values_plus_missing,0.6419553630762684,0.6726103825136611,0.6113003436388756,0.6564714068825911,0.7058283221777268,1,1,5,0,available
ordinary_group_holdout_descriptive,H+SC+BC,100,values_plus_missing,0.6346186979477666,0.6775426229508197,0.5916947729447136,0.6516598302436252,0.7071945296817808,1,1,5,0,available
ordinary_group_holdout_descriptive,H+SC+BC,200,values_plus_missing,0.631636626919603,0.6833568306010929,0.579916423238113,0.6527882284785851,0.704293587767461,1,1,5,0,available
ordinary_group_holdout_descriptive,H+SC+BC,all,values_plus_missing,0.636999156645742,0.6825103825136611,0.591487930777823,0.653737392570495,0.7064552742930412,1,1,5,0,available
ordinary_group_holdout_descriptive,S+D+R+P,25,values_plus_missing,0.7208792280815959,0.6967568306010928,0.7450016255620989,0.7078638841537042,0.7644413187203816,1,1,5,0,available
ordinary_group_holdout_descriptive,S+D+R+P,50,values_plus_missing,0.7403473203344202,0.7134639344262295,0.767230706242611,0.7274531216705732,0.7820583232768615,1,1,5,0,available
ordinary_group_holdout_descriptive,S+D+R+P,100,values_plus_missing,0.752490720903168,0.7191568306010929,0.7858246112052432,0.7270791160593792,0.789187737692433,1,1,5,0,available
ordinary_group_holdout_descriptive,S+D+R+P,200,values_plus_missing,0.7459108825970826,0.725496174863388,0.7663255903307772,0.7306810009588749,0.7923187702519352,1,1,5,0,available
ordinary_group_holdout_descriptive,S+D+R+P,all,values_plus_missing,0.7430067698408689,0.7211961748633879,0.7648173648183499,0.7280024770935436,0.7922563130944903,1,1,5,0,available
ordinary_group_holdout_descriptive,S+D+R+F,25,values_plus_missing,0.7560566135506496,0.7337819672131147,0.7783312598881844,0.7330590440549755,0.7875003134514943,1,1,5,0,available
ordinary_group_holdout_descriptive,S+D+R+F,50,values_plus_missing,0.7670862192256793,0.7470284153005464,0.7871440231508123,0.7426885787342851,0.7990066210891458,1,1,5,0,available
ordinary_group_holdout_descriptive,S+D+R+F,100,values_plus_missing,0.7588649753166734,0.7483748633879781,0.7693550872453688,0.7388042474607572,0.7981272254656554,1,1,5,0,available
ordinary_group_holdout_descriptive,S+D+R+F,200,values_plus_missing,0.7652794052473897,0.7512677595628415,0.7792910509319378,0.7420618141380779,0.802891670915777,1,1,5,0,available
ordinary_group_holdout_descriptive,S+D+R+F,all,values_plus_missing,0.7618606756736033,0.7485748633879782,0.7751464879592284,0.7380420861744441,0.803049622761854,1,1,5,0,available
ordinary_group_holdout_descriptive,S+D+R+H,25,values_plus_missing,0.7420480662969942,0.7255032786885246,0.7585928539054637,0.7304501607003339,0.7830415782119257,1,1,5,0,available
ordinary_group_holdout_descriptive,S+D+R+H,50,values_plus_missing,0.7459249586112138,0.7278032786885246,0.764046638533903,0.7295925558455856,0.7891899056889847,1,1,5,0,available
ordinary_group_holdout_descriptive,S+D+R+H,100,values_plus_missing,0.7488279856930894,0.739996174863388,0.7576597965227908,0.7335606776937282,0.7954718226380127,1,1,5,0,available
ordinary_group_holdout_descriptive,S+D+R+H,200,values_plus_missing,0.7474963438870631,0.7343890710382514,0.7606036167358748,0.734997325360466,0.7989783233807968,1,1,5,0,available
ordinary_group_holdout_descriptive,S+D+R+H,all,values_plus_missing,0.7501363067290341,0.7377890710382513,0.762483542419817,0.7369136879394844,0.7996585501947819,1,1,5,0,available
ordinary_group_holdout_descriptive,S+D+R+SC,25,values_plus_missing,0.7316181919885434,0.732935519125683,0.7303008648514037,0.721545331255771,0.7805870981027558,1,1,5,0,available
ordinary_group_holdout_descriptive,S+D+R+SC,50,values_plus_missing,0.741083826110767,0.729896174863388,0.7522714773581459,0.7282036299630655,0.7897759292063384,1,1,5,0,available
ordinary_group_holdout_descriptive,S+D+R+SC,100,values_plus_missing,0.7374540485914429,0.7284497267759563,0.7464583704069295,0.7275111091874422,0.794206320488806,1,1,5,0,available
ordinary_group_holdout_descriptive,S+D+R+SC,200,values_plus_missing,0.7320699995964042,0.7260497267759563,0.7380902724168522,0.7225202984054265,0.7973086065278185,1,1,5,0,available
ordinary_group_holdout_descriptive,S+D+R+SC,all,values_plus_missing,0.7418908723887703,0.7283426229508196,0.7554391218267208,0.7275807496981319,0.7984109444679,1,1,5,0,available
ordinary_group_holdout_descriptive,S+D+R+BC,25,values_plus_missing,0.7301990384447233,0.7152497267759562,0.7451483501134905,0.7163572519355068,0.773479019233771,1,1,5,0,available
ordinary_group_holdout_descriptive,S+D+R+BC,50,values_plus_missing,0.7410227094673296,0.7139639344262295,0.7680814845084298,0.7244702327047375,0.7826143138948785,1,1,5,0,available
ordinary_group_holdout_descriptive,S+D+R+BC,100,values_plus_missing,0.7528409712262858,0.7251961748633879,0.7804857675891835,0.7285079950635698,0.787239298577399,1,1,5,0,available
ordinary_group_holdout_descriptive,S+D+R+BC,200,values_plus_missing,0.7425915866031827,0.7227426229508197,0.7624405502555458,0.7291566783862491,0.7909496532218203,1,1,5,0,available
ordinary_group_holdout_descriptive,S+D+R+BC,all,values_plus_missing,0.744304986151036,0.7228426229508196,0.7657673493512523,0.7306590822324028,0.7913339712078715,1,1,5,0,available
ordinary_group_holdout_descriptive,S+D+P+F,25,values_plus_missing,0.7257642982429808,0.7052890710382513,0.7462395254477103,0.7175450249485049,0.7661610178133825,1,1,5,0,available
ordinary_group_holdout_descriptive,S+D+P+F,50,values_plus_missing,0.7441903625866308,0.7154284153005463,0.7729523098727152,0.7345511821684779,0.7865622751190207,1,1,5,0,available
ordinary_group_holdout_descriptive,S+D+P+F,100,values_plus_missing,0.7426423762339761,0.7233748633879781,0.7619098890799741,0.7379660642623767,0.7868441512526976,1,1,5,0,available
ordinary_group_holdout_descriptive,S+D+P+F,200,values_plus_missing,0.7437408786807201,0.7267819672131147,0.7606997901483256,0.732069926841395,0.7895393659524481,1,1,5,0,available
ordinary_group_holdout_descriptive,S+D+P+F,all,values_plus_missing,0.7413405750772177,0.7316819672131147,0.7509991829413208,0.7313735217344982,0.7892421820527101,1,1,5,0,available
ordinary_group_holdout_descriptive,S+D+P+H,25,values_plus_missing,0.7012850473446646,0.6783032786885246,0.7242668160008044,0.7031374853505221,0.7526339409504479,1,1,5,0,available
ordinary_group_holdout_descriptive,S+D+P+H,50,values_plus_missing,0.7151171853687681,0.6883497267759563,0.7418846439615798,0.7185019577029619,0.7651530964338875,1,1,5,0,available
ordinary_group_holdout_descriptive,S+D+P+H,100,values_plus_missing,0.7085729351393413,0.6873497267759563,0.7297961435027261,0.719703880779885,0.7716923539911285,1,1,5,0,available
ordinary_group_holdout_descriptive,S+D+P+H,200,values_plus_missing,0.7120024880505995,0.7011568306010929,0.7228481455001062,0.7202493518715818,0.7734734035390655,1,1,5,0,available
ordinary_group_holdout_descriptive,S+D+P+H,all,values_plus_missing,0.7116305618656404,0.7018497267759563,0.7214113969553247,0.718977788283969,0.7738032228671685,1,1,5,0,available
ordinary_group_holdout_descriptive,S+D+P+SC,25,values_plus_missing,0.6969622618451916,0.678556830601093,0.7153676930892902,0.6975199099722992,0.7562012293683622,1,1,5,0,available
ordinary_group_holdout_descriptive,S+D+P+SC,50,values_plus_missing,0.7100789934205083,0.6763103825136612,0.7438476043273555,0.7114593876518218,0.7704653227916314,1,1,5,0,available
ordinary_group_holdout_descriptive,S+D+P+SC,100,values_plus_missing,0.705130619261112,0.6804032786885246,0.7298579598336993,0.7121957458803893,0.775975091946537,1,1,5,0,available
ordinary_group_holdout_descriptive,S+D+P+SC,200,values_plus_missing,0.7035823837619685,0.6823032786885246,0.7248614888354123,0.7083114146068612,0.7757058518991828,1,1,5,0,available
ordinary_group_holdout_descriptive,S+D+P+SC,all,values_plus_missing,0.7062029711266735,0.6844032786885246,0.7280026635648223,0.7107371794871795,0.777268227053515,1,1,5,0,available
ordinary_group_holdout_descriptive,S+D+P+BC,25,values_plus_missing,0.7060256698063831,0.6694174863387978,0.7426338532739686,0.7019175278784004,0.7456841466406454,1,1,5,0,available
ordinary_group_holdout_descriptive,S+D+P+BC,50,values_plus_missing,0.7103071565233057,0.6695710382513662,0.751043274795245,0.7110015914660133,0.7591201139005379,1,1,5,0,available
ordinary_group_holdout_descriptive,S+D+P+BC,100,values_plus_missing,0.7174558123862884,0.6796174863387978,0.7552941384337789,0.7182750017756943,0.7648365741447971,1,1,5,0,available
ordinary_group_holdout_descriptive,S+D+P+BC,200,values_plus_missing,0.7280844205817034,0.6910174863387979,0.7651513548246088,0.7164643484977626,0.7664586270749651,1,1,5,0,available
ordinary_group_holdout_descriptive,S+D+P+BC,all,values_plus_missing,0.7151717308585592,0.6874174863387978,0.7429259753783207,0.7119829400170468,0.7662877282367269,1,1,5,0,available
ordinary_group_holdout_descriptive,S+D+F+H,25,values_plus_missing,0.7348973693690906,0.7223355191256831,0.747459219612498,0.7316559681085304,0.777344921257826,1,1,5,0,available
ordinary_group_holdout_descriptive,S+D+F+H,50,values_plus_missing,0.7542003923514256,0.728435519125683,0.7799652655771679,0.7453129994140208,0.7909388621091572,1,1,5,0,available
ordinary_group_holdout_descriptive,S+D+F+H,100,values_plus_missing,0.7439184468893194,0.7289213114754098,0.7589155823032289,0.7402267450635698,0.7913035950209789,1,1,5,0,available
ordinary_group_holdout_descriptive,S+D+F+H,200,values_plus_missing,0.7457369636071248,0.7389819672131147,0.7524919600011349,0.7395960961360892,0.7938271743164919,1,1,5,0,available
ordinary_group_holdout_descriptive,S+D+F+H,all,values_plus_missing,0.7493550900306831,0.7442748633879781,0.7544353166733883,0.7440078641061154,0.7941910426839488,1,1,5,0,available
ordinary_group_holdout_descriptive,S+D+F+SC,25,values_plus_missing,0.7237637295225907,0.7187748633879781,0.7287525956572032,0.721696265270971,0.7780606741925172,1,1,5,0,available
ordinary_group_holdout_descriptive,S+D+F+SC,50,values_plus_missing,0.7368298563202722,0.7293677595628415,0.744291953077703,0.730911841217416,0.7923230787118354,1,1,5,0,available
ordinary_group_holdout_descriptive,S+D+F+SC,100,values_plus_missing,0.7366824444968825,0.7283677595628415,0.7449971294309233,0.7284164358264081,0.7927823840652681,1,1,5,0,available
ordinary_group_holdout_descriptive,S+D+F+SC,200,values_plus_missing,0.7383600928966558,0.7324142076502732,0.7443059781430383,0.7274891904609702,0.7931364980070651,1,1,5,0,available
ordinary_group_holdout_descriptive,S+D+F+SC,all,values_plus_missing,0.7369793808312876,0.7335213114754098,0.7404374501871653,0.7257778650827473,0.7939534943882359,1,1,5,0,available
ordinary_group_holdout_descriptive,S+D+F+BC,25,values_plus_missing,0.746909479749966,0.7181355191256831,0.775683440374249,0.7290470847538888,0.7771101447538451,1,1,5,0,available
ordinary_group_holdout_descriptive,S+D+F+BC,50,values_plus_missing,0.7436629688592908,0.7222819672131148,0.7650439705054669,0.7357711396405995,0.7879727561787855,1,1,5,0,available
ordinary_group_holdout_descriptive,S+D+F+BC,100,values_plus_missing,0.7451070627227974,0.7229748633879781,0.7672392620576165,0.7359323393884509,0.7868732971202294,1,1,5,0,available
ordinary_group_holdout_descriptive,S+D+F+BC,200,values_plus_missing,0.7481336719929361,0.7280819672131147,0.7681853767727574,0.7288561976170183,0.79027370034668,1,1,5,0,available
ordinary_group_holdout_descriptive,S+D+F+BC,all,values_plus_missing,0.7490823628367951,0.7358819672131147,0.7622827584604753,0.7309775973968322,0.789980367320964,1,1,5,0,available
ordinary_group_holdout_descriptive,S+D+H+SC,25,values_plus_missing,0.7003120267353511,0.6962961748633879,0.7043278786073142,0.7109602510831735,0.7647159463624484,1,1,5,0,available
ordinary_group_holdout_descriptive,S+D+H+SC,50,values_plus_missing,0.7142595242613422,0.6935890710382513,0.7349299774844331,0.720322876713545,0.7720430765854817,1,1,5,0,available
ordinary_group_holdout_descriptive,S+D+H+SC,100,values_plus_missing,0.7052073320742823,0.6919426229508197,0.718472041197745,0.7148923041409191,0.7760031643385765,1,1,5,0,available
ordinary_group_holdout_descriptive,S+D+H+SC,200,values_plus_missing,0.7031668270525635,0.6981890710382513,0.7081445830668757,0.7135252969848711,0.7768608590365248,1,1,5,0,available
ordinary_group_holdout_descriptive,S+D+H+SC,all,values_plus_missing,0.7125053233006815,0.699696174863388,0.725314471737975,0.7165520234036509,0.7785679164852789,1,1,5,0,available
ordinary_group_holdout_descriptive,S+D+H+BC,25,values_plus_missing,0.7002741731423655,0.6846639344262295,0.7158844118585015,0.7089342948717949,0.7573787333943699,1,1,5,0,available
ordinary_group_holdout_descriptive,S+D+H+BC,50,values_plus_missing,0.7174867414117656,0.6910497267759562,0.743923756047575,0.7196780777221394,0.763900097853017,1,1,5,0,available
ordinary_group_holdout_descriptive,S+D+H+BC,100,values_plus_missing,0.7161062086174877,0.6863568306010929,0.7458555866338826,0.714295226933731,0.7666057928143587,1,1,5,0,available
ordinary_group_holdout_descriptive,S+D+H+BC,200,values_plus_missing,0.7213611370578024,0.7002497267759563,0.7424725473396485,0.7173141846899638,0.7690351401799823,1,1,5,0,available
ordinary_group_holdout_descriptive,S+D+H+BC,all,values_plus_missing,0.7126559501020504,0.6963497267759563,0.7289621734281445,0.7179409492861708,0.7699197712708056,1,1,5,0,available
ordinary_group_holdout_descriptive,S+D+SC+BC,25,values_plus_missing,0.697489029607683,0.6868568306010928,0.7081212286142732,0.7002641900170468,0.7601195064924517,1,1,5,0,available
ordinary_group_holdout_descriptive,S+D+SC+BC,50,values_plus_missing,0.7068735585593113,0.6791497267759563,0.7345973903426665,0.7068567325449251,0.7683194701014809,1,1,5,0,available
ordinary_group_holdout_descriptive,S+D+SC+BC,100,values_plus_missing,0.7004015419190928,0.6769568306010929,0.7238462532370926,0.7059333715107607,0.7711085181582892,1,1,5,0,available
ordinary_group_holdout_descriptive,S+D+SC+BC,200,values_plus_missing,0.7009638671495375,0.681556830601093,0.7203709036979821,0.7048668451239435,0.7716627770230264,1,1,5,0,available
ordinary_group_holdout_descriptive,S+D+SC+BC,all,values_plus_missing,0.7059895789245864,0.6854497267759563,0.7265294310732164,0.7085164518076568,0.7734603698356268,1,1,5,0,available
ordinary_group_holdout_descriptive,S+R+P+F,25,values_plus_missing,0.7413483560116678,0.721935519125683,0.7607611928976525,0.7148290450316073,0.7703913435734936,1,1,5,0,available
ordinary_group_holdout_descriptive,S+R+P+F,50,values_plus_missing,0.7513140269013295,0.7343819672131148,0.7682460865895443,0.7273718281660628,0.7899448012305823,1,1,5,0,available
ordinary_group_holdout_descriptive,S+R+P+F,100,values_plus_missing,0.7520125347692687,0.7469355191256831,0.7570895504128542,0.7286575418176007,0.7906389095267436,1,1,5,0,available
ordinary_group_holdout_descriptive,S+R+P+F,200,values_plus_missing,0.7580670790167262,0.7431748633879781,0.7729592946454743,0.7338611584629591,0.7967166877610079,1,1,5,0,available
ordinary_group_holdout_descriptive,S+R+P+F,all,values_plus_missing,0.7587171657087683,0.7503284153005465,0.7671059161169901,0.7321459487534626,0.7967818949451838,1,1,5,0,available
ordinary_group_holdout_descriptive,S+R+P+H,25,values_plus_missing,0.7184539227153375,0.7124961748633879,0.7244116705672871,0.7118281216705732,0.7647199256281763,1,1,5,0,available
ordinary_group_holdout_descriptive,S+R+P+H,50,values_plus_missing,0.7270554024927536,0.7155426229508197,0.7385681820346873,0.7135136439910506,0.7759661154966975,1,1,5,0,available
ordinary_group_holdout_descriptive,S+R+P+H,100,values_plus_missing,0.7251086217441802,0.7341890710382514,0.716028172450109,0.7171993194651609,0.7855950662587998,1,1,5,0,available
ordinary_group_holdout_descriptive,S+R+P+H,200,values_plus_missing,0.7308095885061054,0.7323355191256831,0.7292836578865279,0.7216149717664607,0.7885677815897278,1,1,5,0,available
ordinary_group_holdout_descriptive,S+R+P+H,all,values_plus_missing,0.7275871063323666,0.7295890710382513,0.7255851416264818,0.7184270455998295,0.7896048763207366,1,1,5,0,available
ordinary_group_holdout_descriptive,S+R+P+SC,25,values_plus_missing,0.7024035827877181,0.7155032786885246,0.6893038868869116,0.6946271929824561,0.7606321362637797,1,1,5,0,available
ordinary_group_holdout_descriptive,S+R+P+SC,50,values_plus_missing,0.7241046593781606,0.722696174863388,0.7255131438929331,0.7153784004545778,0.7751596615264457,1,1,5,0,available
ordinary_group_holdout_descriptive,S+R+P+SC,100,values_plus_missing,0.7147409314694373,0.7281032786885245,0.7013785842503499,0.710566823815612,0.7805588187886551,1,1,5,0,available
ordinary_group_holdout_descriptive,S+R+P+SC,200,values_plus_missing,0.7163790861912986,0.7241103825136612,0.708647789868936,0.7125347925101215,0.7832259563343938,1,1,5,0,available
ordinary_group_holdout_descriptive,S+R+P+SC,all,values_plus_missing,0.7126757852802035,0.7266639344262295,0.6986876361341775,0.7106145455998295,0.7846807728193533,1,1,5,0,available
ordinary_group_holdout_descriptive,S+R+P+BC,25,values_plus_missing,0.7066078389609132,0.6873245901639344,0.725891087757892,0.6901394031003623,0.7479813311428305,1,1,5,0,available
ordinary_group_holdout_descriptive,S+R+P+BC,50,values_plus_missing,0.7125479326266295,0.7002174863387978,0.7248783789144612,0.7059178341856667,0.7633498724749385,1,1,5,0,available
ordinary_group_holdout_descriptive,S+R+P+BC,100,values_plus_missing,0.7199620323246477,0.7105174863387979,0.7294065783104976,0.7042464619291142,0.7703241194249961,1,1,5,0,available
ordinary_group_holdout_descriptive,S+R+P+BC,200,values_plus_missing,0.7223322970276606,0.7128174863387978,0.7318471077165233,0.7085666706619789,0.7738279525125316,1,1,5,0,available
ordinary_group_holdout_descriptive,S+R+P+BC,all,values_plus_missing,0.7203738474646602,0.7159639344262295,0.7247837605030907,0.7060454622132253,0.7746540537991413,1,1,5,0,available
ordinary_group_holdout_descriptive,S+R+F+H,25,values_plus_missing,0.7562052144016145,0.7507284153005465,0.7616820135026825,0.7327688290183962,0.7888381169719616,1,1,5,0,available
ordinary_group_holdout_descriptive,S+R+F+H,50,values_plus_missing,0.7588160974350728,0.7498819672131147,0.767750227657031,0.7336483525996165,0.7991866814034431,1,1,5,0,available
ordinary_group_holdout_descriptive,S+R+F+H,100,values_plus_missing,0.7538015419153146,0.7597748633879782,0.747828220442651,0.7370155129092976,0.8007137206214161,1,1,5,0,available
ordinary_group_holdout_descriptive,S+R+F+H,200,values_plus_missing,0.7653198338445736,0.7579748633879781,0.772664804301169,0.7439046518751332,0.8053071001160405,1,1,5,0,available
ordinary_group_holdout_descriptive,S+R+F+H,all,values_plus_missing,0.764461175218863,0.7595819672131148,0.7693403832246114,0.7403904418815257,0.8062456363096564,1,1,5,0,available
ordinary_group_holdout_descriptive,S+R+F+SC,25,values_plus_missing,0.7404879800108729,0.7471606557377048,0.733815304284041,0.7240110492577598,0.7830961772004115,1,1,5,0,available
ordinary_group_holdout_descriptive,S+R+F+SC,50,values_plus_missing,0.7535766216426336,0.7502213114754098,0.7569319318098575,0.7331389502983167,0.7950165462330194,1,1,5,0,available
ordinary_group_holdout_descriptive,S+R+F+SC,100,values_plus_missing,0.7506587849175304,0.7534819672131148,0.7478356026219459,0.7327430259606507,0.7953451226381919,1,1,5,0,available
ordinary_group_holdout_descriptive,S+R+F+SC,200,values_plus_missing,0.7512058276999272,0.7529748633879781,0.7494367920118763,0.7308485821081043,0.7995026771533682,1,1,5,0,available
ordinary_group_holdout_descriptive,S+R+F+SC,all,values_plus_missing,0.7502515042166193,0.7554748633879782,0.7450281450452604,0.7295989372469636,0.8004009770952942,1,1,5,0,available
ordinary_group_holdout_descriptive,S+R+F+BC,25,values_plus_missing,0.7534344212791695,0.7430819672131148,0.763786875345224,0.7288445446231977,0.7803695385821575,1,1,5,0,available
ordinary_group_holdout_descriptive,S+R+F+BC,50,values_plus_missing,0.7559551606331736,0.7423355191256831,0.7695748021406641,0.7335606776937282,0.7920639288669927,1,1,5,0,available
ordinary_group_holdout_descriptive,S+R+F+BC,100,values_plus_missing,0.752281591761905,0.7484355191256831,0.7561276643981268,0.7304127046487676,0.7917681520500877,1,1,5,0,available
ordinary_group_holdout_descriptive,S+R+F+BC,200,values_plus_missing,0.7579083145714895,0.7459819672131147,0.7698346619298645,0.7329339130975211,0.7972521611512616,1,1,5,0,available
ordinary_group_holdout_descriptive,S+R+F+BC,all,values_plus_missing,0.7619287813647366,0.7527284153005465,0.7711291474289267,0.7325599074863272,0.7977389040544238,1,1,5,0,available
ordinary_group_holdout_descriptive,S+R+H+SC,25,values_plus_missing,0.7196399816939771,0.7490819672131147,0.6901979961748395,0.7240290836529584,0.7802690763991458,1,1,5,0,available
ordinary_group_holdout_descriptive,S+R+H+SC,50,values_plus_missing,0.7264998497819241,0.7384819672131148,0.7145177323507333,0.7227652887278926,0.7842655459172593,1,1,5,0,available
ordinary_group_holdout_descriptive,S+R+H+SC,100,values_plus_missing,0.7228035545422395,0.7471284153005464,0.6984786937839328,0.7209107979970169,0.7900667050942828,1,1,5,0,available
ordinary_group_holdout_descriptive,S+R+H+SC,200,values_plus_missing,0.7293648329472046,0.7403748633879782,0.7183548025064309,0.7232966097556645,0.7930299159485236,1,1,5,0,available
ordinary_group_holdout_descriptive,S+R+H+SC,all,values_plus_missing,0.7268390883921696,0.7426284153005465,0.7110497614837928,0.7226479264329853,0.7949253062557767,1,1,5,0,available
ordinary_group_holdout_descriptive,S+R+H+BC,25,values_plus_missing,0.724467533846436,0.7194032786885246,0.7295317890043475,0.7168150481213155,0.771953565241219,1,1,5,0,available
ordinary_group_holdout_descriptive,S+R+H+BC,50,values_plus_missing,0.7252335348915917,0.7236426229508197,0.7268244468323636,0.7195632124973365,0.7766736579730182,1,1,5,0,available
ordinary_group_holdout_descriptive,S+R+H+BC,100,values_plus_missing,0.718343811472862,0.7374890710382513,0.6991985519074727,0.7156711125612614,0.7829843884748418,1,1,5,0,available
ordinary_group_holdout_descriptive,S+R+H+BC,200,values_plus_missing,0.7303466688078288,0.7301355191256831,0.7305578184899745,0.7179872838092194,0.7864258993420006,1,1,5,0,available
ordinary_group_holdout_descriptive,S+R+H+BC,all,values_plus_missing,0.7296855179694635,0.7307890710382514,0.7285819649006754,0.7187494450955324,0.78755535670862,1,1,5,0,available
ordinary_group_holdout_descriptive,S+R+SC+BC,25,values_plus_missing,0.7130577491627071,0.732796174863388,0.6933193234620263,0.7031205607642588,0.7657474283770941,1,1,5,0,available
ordinary_group_holdout_descriptive,S+R+SC+BC,50,values_plus_missing,0.7171417795358894,0.7282355191256831,0.7060480399460958,0.7141725930463811,0.7741040067797472,1,1,5,0,available
ordinary_group_holdout_descriptive,S+R+SC+BC,100,values_plus_missing,0.7164931397995435,0.733096174863388,0.699890104735699,0.7115340223027203,0.7776849630270697,1,1,5,0,available
ordinary_group_holdout_descriptive,S+R+SC+BC,200,values_plus_missing,0.7160153011502768,0.7292032786885245,0.7028273236120289,0.7107280235634633,0.7805690372619168,1,1,5,0,available
ordinary_group_holdout_descriptive,S+R+SC+BC,all,values_plus_missing,0.7155765267113187,0.7301568306010929,0.7009962228215444,0.7111200635698558,0.7825986246250775,1,1,5,0,available
ordinary_group_holdout_descriptive,S+P+F+H,25,values_plus_missing,0.7236474046591734,0.726735519125683,0.7205592901926638,0.71722900685418,0.7675490221720852,1,1,5,0,available
ordinary_group_holdout_descriptive,S+P+F+H,50,values_plus_missing,0.7397221222537416,0.7268284153005464,0.7526158292069368,0.7332022094076285,0.7871285896584357,1,1,5,0,available
ordinary_group_holdout_descriptive,S+P+F+H,100,values_plus_missing,0.7411319949986979,0.7374213114754099,0.7448426785219858,0.7346968445912352,0.7897485892401273,1,1,5,0,available
ordinary_group_holdout_descriptive,S+P+F+H,200,values_plus_missing,0.7398578679919906,0.7377284153005464,0.7419873206834348,0.7316920368989275,0.7920571652485255,1,1,5,0,available
ordinary_group_holdout_descriptive,S+P+F+H,all,values_plus_missing,0.740258379073693,0.7399819672131148,0.7405347909342711,0.7292404689608637,0.7925206398704128,1,1,5,0,available
ordinary_group_holdout_descriptive,S+P+F+SC,25,values_plus_missing,0.7229715441293054,0.7281284153005465,0.7178146729580642,0.7106403486575752,0.7678695032136865,1,1,5,0,available
ordinary_group_holdout_descriptive,S+P+F+SC,50,values_plus_missing,0.7350448282755424,0.7277677595628415,0.7423218969882432,0.7239092242879466,0.7865985793148642,1,1,5,0,available
ordinary_group_holdout_descriptive,S+P+F+SC,100,values_plus_missing,0.7358354913943318,0.7289677595628415,0.742703223225822,0.723099341217416,0.7879628615819468,1,1,5,0,available
ordinary_group_holdout_descriptive,S+P+F+SC,200,values_plus_missing,0.7361108267396042,0.7351213114754098,0.7371003420037984,0.7239968991938348,0.7886560695585253,1,1,5,0,available
ordinary_group_holdout_descriptive,S+P+F+SC,all,values_plus_missing,0.7337536781443689,0.7413748633879782,0.7261324929007595,0.7230219320441793,0.7897758238291257,1,1,5,0,available
ordinary_group_holdout_descriptive,S+P+F+BC,25,values_plus_missing,0.7387876358123393,0.719396174863388,0.7581790967612907,0.7201461396405995,0.765405920838358,1,1,5,0,available
ordinary_group_holdout_descriptive,S+P+F+BC,50,values_plus_missing,0.7404091176132626,0.7191819672131148,0.7616362680134104,0.7295784057816606,0.7818952330168846,1,1,5,0,available
ordinary_group_holdout_descriptive,S+P+F+BC,100,values_plus_missing,0.7522891904471068,0.7289890710382514,0.7755893098559623,0.730911841217416,0.782735128538816,1,1,5,0,available
ordinary_group_holdout_descriptive,S+P+F+BC,200,values_plus_missing,0.747565806930776,0.7323890710382515,0.7627425428233005,0.7298233961041267,0.7856466056518997,1,1,5,0,available
ordinary_group_holdout_descriptive,S+P+F+BC,all,values_plus_missing,0.7481880404909997,0.7352961748633879,0.7610799061186114,0.7267012261169117,0.7859173684204241,1,1,5,0,available
ordinary_group_holdout_descriptive,S+P+H+SC,25,values_plus_missing,0.684759995177768,0.6895426229508196,0.6799773674047164,0.6928656487499112,0.7546124207448895,1,1,5,0,available
ordinary_group_holdout_descriptive,S+P+H+SC,50,values_plus_missing,0.7031373035789099,0.695496174863388,0.7107784322944318,0.7131332569784785,0.7646079230905005,1,1,5,0,available
ordinary_group_holdout_descriptive,S+P+H+SC,100,values_plus_missing,0.7007305280139102,0.6987819672131148,0.7026790888147058,0.7102419272498046,0.7715323593361844,1,1,5,0,available
ordinary_group_holdout_descriptive,S+P+H+SC,200,values_plus_missing,0.6981170316704761,0.7009426229508197,0.6952914403901325,0.710194205465587,0.7711174696784204,1,1,5,0,available
ordinary_group_holdout_descriptive,S+P+H+SC,all,values_plus_missing,0.6960201322265815,0.7019890710382514,0.6900511934149117,0.7085525205980538,0.7733669830520374,1,1,5,0,available
ordinary_group_holdout_descriptive,S+P+H+BC,25,values_plus_missing,0.6900954493462235,0.6698245901639345,0.7103663085285125,0.695698990961716,0.7435934239717531,1,1,5,0,available
ordinary_group_holdout_descriptive,S+P+H+BC,50,values_plus_missing,0.6993828871184372,0.6695174863387978,0.7292482878980766,0.7070257009553236,0.7525155383139468,1,1,5,0,available
ordinary_group_holdout_descriptive,S+P+H+BC,100,values_plus_missing,0.698291021872447,0.694496174863388,0.7020858688815058,0.7133421785105476,0.760352316066174,1,1,5,0,available
ordinary_group_holdout_descriptive,S+P+H+BC,200,values_plus_missing,0.6941874801924539,0.6960639344262295,0.6923110259586783,0.7058520780062505,0.7614557289779201,1,1,5,0,available
ordinary_group_holdout_descriptive,S+P+H+BC,all,values_plus_missing,0.6969562705178877,0.6948032786885247,0.6991092623472507,0.7060609995383195,0.7626724073315158,1,1,5,0,available
ordinary_group_holdout_descriptive,S+P+SC+BC,25,values_plus_missing,0.6808164064884777,0.6908497267759562,0.6707830862009992,0.6840343441473116,0.7435840609411274,1,1,5,0,available
ordinary_group_holdout_descriptive,S+P+SC+BC,50,values_plus_missing,0.6993756686239659,0.6826497267759563,0.7161016104719756,0.7046579235918744,0.7553773191097449,1,1,5,0,available
ordinary_group_holdout_descriptive,S+P+SC+BC,100,values_plus_missing,0.6914282503231491,0.693696174863388,0.6891603257829103,0.6983400587754811,0.7596670049214562,1,1,5,0,available
ordinary_group_holdout_descriptive,S+P+SC+BC,200,values_plus_missing,0.6973313500433844,0.6923103825136612,0.7023523175731076,0.7042581149229348,0.7593334747688796,1,1,5,0,available
ordinary_group_holdout_descriptive,S+P+SC+BC,all,values_plus_missing,0.6980113748687452,0.6964174863387977,0.6996052633986927,0.706266036739115,0.7619202134265943,1,1,5,0,available
ordinary_group_holdout_descriptive,S+F+H+SC,25,values_plus_missing,0.7257677474728678,0.7440284153005464,0.7075070796451891,0.7221862459159031,0.7798153025732663,1,1,5,0,available
ordinary_group_holdout_descriptive,S+F+H+SC,50,values_plus_missing,0.7334142119746194,0.7344213114754099,0.7324071124738291,0.730537835606222,0.7920405417278399,1,1,5,0,available
ordinary_group_holdout_descriptive,S+F+H+SC,100,values_plus_missing,0.7306320515550291,0.7426284153005465,0.7186356878095116,0.7256088966723488,0.7942091728134625,1,1,5,0,available
ordinary_group_holdout_descriptive,S+F+H+SC,200,values_plus_missing,0.7396255880848985,0.7475677595628415,0.7316834166069555,0.730321145411606,0.7943242235995976,1,1,5,0,available
ordinary_group_holdout_descriptive,S+F+H+SC,all,values_plus_missing,0.7346240628363628,0.7517142076502733,0.7175339180224524,0.7290934192769373,0.7953683653142448,1,1,5,0,available
ordinary_group_holdout_descriptive,S+F+H+BC,25,values_plus_missing,0.7313802715321325,0.7255568306010929,0.7372037124631722,0.72504150685418,0.7764696564442071,1,1,5,0,available
ordinary_group_holdout_descriptive,S+F+H+BC,50,values_plus_missing,0.7386098924530742,0.7250355191256831,0.7521842657804653,0.7329713691490873,0.7882216375936822,1,1,5,0,available
ordinary_group_holdout_descriptive,S+F+H+BC,100,values_plus_missing,0.7406268971555116,0.7344819672131148,0.7467718270979083,0.7340739643263017,0.7880987772900541,1,1,5,0,available
ordinary_group_holdout_descriptive,S+F+H+BC,200,values_plus_missing,0.7478369642060112,0.7373355191256831,0.7583384092863392,0.734026242542084,0.7908422858097447,1,1,5,0,available
ordinary_group_holdout_descriptive,S+F+H+BC,all,values_plus_missing,0.7489052570878942,0.742735519125683,0.7550749950501054,0.7338611584629591,0.7915919287705311,1,1,5,0,available
ordinary_group_holdout_descriptive,S+F+SC+BC,25,values_plus_missing,0.733727952124529,0.7399284153005464,0.7275274889485116,0.7201086835890333,0.7775621350531564,1,1,5,0,available
ordinary_group_holdout_descriptive,S+F+SC+BC,50,values_plus_missing,0.735690827239007,0.7296213114754099,0.7417603430026043,0.7266573886639676,0.7880752185752249,1,1,5,0,available
ordinary_group_holdout_descriptive,S+F+SC+BC,100,values_plus_missing,0.7333778322655577,0.7352213114754098,0.7315343530557056,0.7243192986895377,0.7877323077041283,1,1,5,0,available
ordinary_group_holdout_descriptive,S+F+SC+BC,200,values_plus_missing,0.7378975694593938,0.7344819672131148,0.7413131717056728,0.7213841315079197,0.7889103042981563,1,1,5,0,available
ordinary_group_holdout_descriptive,S+F+SC+BC,all,values_plus_missing,0.7362623401058156,0.7403284153005465,0.7321962649110847,0.7205484453796435,0.7899886582925286,1,1,5,0,available
ordinary_group_holdout_descriptive,S+H+SC+BC,25,values_plus_missing,0.6829664318999138,0.6960819672131147,0.669850896586713,0.6944557275019533,0.7577914858890333,1,1,5,0,available
ordinary_group_holdout_descriptive,S+H+SC+BC,50,values_plus_missing,0.703359102838246,0.6984890710382514,0.7082291346382407,0.7119055308438099,0.7622124167952579,1,1,5,0,available
ordinary_group_holdout_descriptive,S+H+SC+BC,100,values_plus_missing,0.6995288401302967,0.7018819672131148,0.6971757130474786,0.7112787662476028,0.7651221658249799,1,1,5,0,available
ordinary_group_holdout_descriptive,S+H+SC+BC,200,values_plus_missing,0.6904566031828536,0.6997355191256831,0.681177687240024,0.7041845900809717,0.7655721734573926,1,1,5,0,available
ordinary_group_holdout_descriptive,S+H+SC+BC,all,values_plus_missing,0.6997632815593264,0.7023890710382513,0.6971374920804014,0.7101464836813693,0.7687861670804264,1,1,5,0,available
ordinary_group_holdout_descriptive,D+R+P+F,25,values_plus_missing,0.7205051405802458,0.6613174863387978,0.7796927948216937,0.6856554975495419,0.7386255095589983,1,1,5,0,available
ordinary_group_holdout_descriptive,D+R+P+F,50,values_plus_missing,0.7204319450596974,0.683171038251366,0.7576928518680287,0.6874209261133604,0.7487069344939041,1,1,5,0,available
ordinary_group_holdout_descriptive,D+R+P+F,100,values_plus_missing,0.7159722237424133,0.6851103825136612,0.7468340649711656,0.6848777989381348,0.7513206157413789,1,1,5,0,available
ordinary_group_holdout_descriptive,D+R+P+F,200,values_plus_missing,0.7226277053360478,0.6884032786885246,0.756852131983571,0.6940056999786917,0.7577828830116784,1,1,5,0,available
ordinary_group_holdout_descriptive,D+R+P+F,all,values_plus_missing,0.7259049297275368,0.6868568306010928,0.7649530288539808,0.6945151022799915,0.7563203448541248,1,1,5,0,available
ordinary_group_holdout_descriptive,D+R+P+H,25,values_plus_missing,0.7112972685125739,0.6743672131147541,0.7482273239103937,0.6924375399531216,0.7488973526500509,1,1,5,0,available
ordinary_group_holdout_descriptive,D+R+P+H,50,values_plus_missing,0.7060675313461742,0.6950672131147541,0.7170678495775942,0.6902967185169401,0.7569246916733673,1,1,5,0,available
ordinary_group_holdout_descriptive,D+R+P+H,100,values_plus_missing,0.7087241150876399,0.7126994535519126,0.7047487766233672,0.6954628791107322,0.7631745049597081,1,1,5,0,available
ordinary_group_holdout_descriptive,D+R+P+H,200,values_plus_missing,0.7103207374672338,0.7118387978142076,0.7088026771202601,0.6942390373073372,0.7640355043679392,1,1,5,0,available
ordinary_group_holdout_descriptive,D+R+P+H,all,values_plus_missing,0.7120507569456902,0.7105387978142076,0.7135627160771727,0.6956498819163293,0.7634725121249898,1,1,5,0,available
ordinary_group_holdout_descriptive,D+R+P+SC,25,values_plus_missing,0.6935800460059384,0.6795136612021857,0.707646430809691,0.6902825684530152,0.7504013523610655,1,1,5,0,available
ordinary_group_holdout_descriptive,D+R+P+SC,50,values_plus_missing,0.6989888435704217,0.6901672131147542,0.7078104740260892,0.689072876713545,0.7582343487854998,1,1,5,0,available
ordinary_group_holdout_descriptive,D+R+P+SC,100,values_plus_missing,0.7098678005161094,0.703553005464481,0.7161825955677378,0.69733928856808,0.7646075331787773,1,1,5,0,available
ordinary_group_holdout_descriptive,D+R+P+SC,200,values_plus_missing,0.7047592375262195,0.6970601092896175,0.7124583657628215,0.6919822408374174,0.7674098282472386,1,1,5,0,available
ordinary_group_holdout_descriptive,D+R+P+SC,all,values_plus_missing,0.7066009093738662,0.6946601092896174,0.718541709458115,0.6933015262092478,0.7668259497296933,1,1,5,0,available
ordinary_group_holdout_descriptive,D+R+P+BC,25,values_plus_missing,0.682366098587618,0.6325169398907103,0.7322152572845256,0.6665756623339726,0.7242178617825922,1,1,5,0,available
ordinary_group_holdout_descriptive,D+R+P+BC,50,values_plus_missing,0.6871774921166028,0.6641027322404371,0.7102522519927685,0.6654458768378436,0.7292455310638397,1,1,5,0,available
ordinary_group_holdout_descriptive,D+R+P+BC,100,values_plus_missing,0.6876619308515466,0.6630956284153006,0.7122282332877927,0.6718952540130692,0.7364746604396684,1,1,5,0,available
ordinary_group_holdout_descriptive,D+R+P+BC,200,values_plus_missing,0.6953328962315058,0.6689027322404372,0.7217630602225745,0.6788720678847929,0.7392982064827789,1,1,5,0,available
ordinary_group_holdout_descriptive,D+R+P+BC,all,values_plus_missing,0.6960208143854946,0.6599633879781421,0.732078240792847,0.6783923529725122,0.7387903768618346,1,1,5,0,available
ordinary_group_holdout_descriptive,D+R+F+H,25,values_plus_missing,0.7213649951934862,0.684696174863388,0.7580338155235843,0.6971278699659067,0.760236616402468,1,1,5,0,available
ordinary_group_holdout_descriptive,D+R+F+H,50,values_plus_missing,0.7302367367250744,0.7182103825136612,0.7422630909364875,0.7056573065381064,0.7664776724688657,1,1,5,0,available
ordinary_group_holdout_descriptive,D+R+F+H,100,values_plus_missing,0.7279051168102044,0.7167497267759563,0.7390605068444526,0.7061667088394062,0.7690480292842252,1,1,5,0,available
ordinary_group_holdout_descriptive,D+R+F+H,200,values_plus_missing,0.7332360102004686,0.7237355191256831,0.742736501275254,0.7117326781021379,0.7733394545308114,1,1,5,0,available
ordinary_group_holdout_descriptive,D+R+F+H,all,values_plus_missing,0.7325413248237828,0.7231355191256831,0.7419471305218824,0.710208355529512,0.772385421840021,1,1,5,0,available
ordinary_group_holdout_descriptive,D+R+F+SC,25,values_plus_missing,0.7238135983457026,0.6780213114754099,0.7696058852159954,0.6944055086476313,0.7584859954177918,1,1,5,0,available
ordinary_group_holdout_descriptive,D+R+F+SC,50,values_plus_missing,0.7262674884179774,0.7018284153005464,0.7507065615354084,0.6962844151750834,0.765135369240952,1,1,5,0,available
ordinary_group_holdout_descriptive,D+R+F+SC,100,values_plus_missing,0.7250297505478981,0.7097890710382513,0.7402704300575449,0.6981968934228283,0.7662139639326337,1,1,5,0,available
ordinary_group_holdout_descriptive,D+R+F+SC,200,values_plus_missing,0.7255674053526974,0.7093819672131148,0.74175284349228,0.6984058149548974,0.7693175558307789,1,1,5,0,available
ordinary_group_holdout_descriptive,D+R+F+SC,all,values_plus_missing,0.727563101256729,0.7057819672131147,0.7493442353003431,0.6968595736557994,0.7688302726394342,1,1,5,0,available
ordinary_group_holdout_descriptive,D+R+F+BC,25,values_plus_missing,0.7170266349144336,0.6644819672131147,0.7695713026157526,0.6843142934512394,0.7418370590450917,1,1,5,0,available
ordinary_group_holdout_descriptive,D+R+F+BC,50,values_plus_missing,0.7203202606362112,0.6907032786885245,0.7499372425838979,0.6880180033205483,0.7474672427436305,1,1,5,0,available
ordinary_group_holdout_descriptive,D+R+F+BC,100,values_plus_missing,0.7187754965574183,0.6892032786885246,0.7483477144263121,0.6875563228034662,0.7493955542468111,1,1,5,0,available
ordinary_group_holdout_descriptive,D+R+F+BC,200,values_plus_missing,0.7246758684922454,0.6912568306010929,0.758094906383398,0.6952514605085589,0.754443009778154,1,1,5,0,available
ordinary_group_holdout_descriptive,D+R+F+BC,all,values_plus_missing,0.7314506579362474,0.6957568306010928,0.7671444852714021,0.6979299843738902,0.7533512222007721,1,1,5,0,available
ordinary_group_holdout_descriptive,D+R+H+SC,25,values_plus_missing,0.7177692807529383,0.7074245901639344,0.7281139713419421,0.7075556347219263,0.7695592746630939,1,1,5,0,available
ordinary_group_holdout_descriptive,D+R+H+SC,50,values_plus_missing,0.7094025606656837,0.7168781420765027,0.7019269792548647,0.7059758217025356,0.7728950632136204,1,1,5,0,available
ordinary_group_holdout_descriptive,D+R+H+SC,100,values_plus_missing,0.7157400754526961,0.7284103825136612,0.703069768391731,0.7108453858583705,0.7770630922428156,1,1,5,0,available
ordinary_group_holdout_descriptive,D+R+H+SC,200,values_plus_missing,0.7162664376182404,0.7295568306010929,0.702976044635388,0.7108453858583705,0.7783071314449865,1,1,5,0,available
ordinary_group_holdout_descriptive,D+R+H+SC,all,values_plus_missing,0.7187394535793027,0.7277032786885246,0.7097756284700808,0.7118641904609702,0.7786942741314892,1,1,5,0,available
ordinary_group_holdout_descriptive,D+R+H+BC,25,values_plus_missing,0.7120224990900861,0.6875065573770491,0.7365384408031229,0.6954564977093544,0.7528188007714876,1,1,5,0,available
ordinary_group_holdout_descriptive,D+R+H+BC,50,values_plus_missing,0.7008891356495432,0.7014601092896176,0.7003181620094691,0.6868482647027487,0.75254724341974,1,1,5,0,available
ordinary_group_holdout_descriptive,D+R+H+BC,100,values_plus_missing,0.7042436980137651,0.7076994535519125,0.7007879424756176,0.6921833937069395,0.7574253809664695,1,1,5,0,available
ordinary_group_holdout_descriptive,D+R+H+BC,200,values_plus_missing,0.7012599100349405,0.7020459016393443,0.7004739184305366,0.6885815088074437,0.7582616624552773,1,1,5,0,available
ordinary_group_holdout_descriptive,D+R+H+BC,all,values_plus_missing,0.7026011668795586,0.6968459016393442,0.7083564321197731,0.6900181564741814,0.7584374510123101,1,1,5,0,available
ordinary_group_holdout_descriptive,D+R+SC+BC,25,values_plus_missing,0.699525513764013,0.6898065573770491,0.7092444701509768,0.6904140808118474,0.7527063713141265,1,1,5,0,available
ordinary_group_holdout_descriptive,D+R+SC+BC,50,values_plus_missing,0.7024743890587704,0.7011852459016393,0.7037635322159014,0.6892043890723774,0.7545670035621288,1,1,5,0,available
ordinary_group_holdout_descriptive,D+R+SC+BC,100,values_plus_missing,0.701018704528681,0.703892349726776,0.698145059330586,0.6909118301193267,0.7566200828724217,1,1,5,0,available
ordinary_group_holdout_descriptive,D+R+SC+BC,200,values_plus_missing,0.7037904076430994,0.7003994535519126,0.7071813617342864,0.6942429216386107,0.7594416062851037,1,1,5,0,available
ordinary_group_holdout_descriptive,D+R+SC+BC,all,values_plus_missing,0.7023856720229351,0.6976994535519125,0.7070718904939577,0.6923265590595923,0.7598089218954103,1,1,5,0,available
ordinary_group_holdout_descriptive,D+P+F+H,25,values_plus_missing,0.6959821318324368,0.6435852459016393,0.7483790177632342,0.6818305410540522,0.7329850392561241,1,1,5,0,available
ordinary_group_holdout_descriptive,D+P+F+H,50,values_plus_missing,0.709713067382238,0.6526174863387978,0.7668086484256783,0.6864950680090915,0.7449151405374318,1,1,5,0,available
ordinary_group_holdout_descriptive,D+P+F+H,100,values_plus_missing,0.695529858189916,0.6614568306010928,0.7296028857787391,0.6875061039491441,0.7488531278521184,1,1,5,0,available
ordinary_group_holdout_descriptive,D+P+F+H,200,values_plus_missing,0.7114377302725697,0.6783426229508197,0.7445328375943198,0.6951457512074721,0.7514255180953036,1,1,5,0,available
ordinary_group_holdout_descriptive,D+P+F+H,all,values_plus_missing,0.7106546016687393,0.674096174863388,0.7472130284740905,0.6949407140066766,0.7489939944050185,1,1,5,0,available
ordinary_group_holdout_descriptive,D+P+F+SC,25,values_plus_missing,0.6994441432432759,0.6627819672131148,0.736106319273437,0.6875499414020882,0.7401809347743363,1,1,5,0,available
ordinary_group_holdout_descriptive,D+P+F+SC,50,values_plus_missing,0.7056618700327122,0.6706284153005464,0.7406953247648781,0.6949884357908942,0.7521337347177914,1,1,5,0,available
ordinary_group_holdout_descriptive,D+P+F+SC,100,values_plus_missing,0.7081735083473166,0.6776284153005465,0.7387186013940868,0.6961168340258541,0.7534822651737066,1,1,5,0,available
ordinary_group_holdout_descriptive,D+P+F+SC,200,values_plus_missing,0.7049719674901036,0.6823284153005464,0.7276155196796606,0.6951199481497266,0.755260745869048,1,1,5,0,available
ordinary_group_holdout_descriptive,D+P+F+SC,all,values_plus_missing,0.7119602012882407,0.6837890710382514,0.74013133153823,0.698447155337737,0.7541310775356156,1,1,5,0,available
ordinary_group_holdout_descriptive,D+P+F+BC,25,values_plus_missing,0.693047239834816,0.627631693989071,0.7584627856805609,0.6756236571311883,0.7171923214619638,1,1,5,0,available
ordinary_group_holdout_descriptive,D+P+F+BC,50,values_plus_missing,0.7083643177928072,0.6332994535519126,0.7834291820337018,0.6803359058704453,0.7233206318715848,1,1,5,0,available
ordinary_group_holdout_descriptive,D+P+F+BC,100,values_plus_missing,0.7117563905103057,0.641131693989071,0.7823810870315405,0.6846303115455643,0.7255759228539185,1,1,5,0,available
ordinary_group_holdout_descriptive,D+P+F+BC,200,values_plus_missing,0.7073682460967443,0.6460781420765027,0.768658350116986,0.6819917408019036,0.7304615771577256,1,1,5,0,available
ordinary_group_holdout_descriptive,D+P+F+BC,all,values_plus_missing,0.7015162657138218,0.6449852459016394,0.7580472855260041,0.6791262141309752,0.7273584330512456,1,1,5,0,available
ordinary_group_holdout_descriptive,D+P+H+SC,25,values_plus_missing,0.6710502482952097,0.6401420765027322,0.701958420087687,0.6813649762056965,0.73637740455662,1,1,5,0,available
ordinary_group_holdout_descriptive,D+P+H+SC,50,values_plus_missing,0.6759553586925746,0.6518672131147542,0.7000435042703951,0.6869967016478443,0.7458670407691579,1,1,5,0,available
ordinary_group_holdout_descriptive,D+P+H+SC,100,values_plus_missing,0.6824179365852505,0.6637207650273224,0.7011151081431787,0.6896932599083743,0.7512228944545266,1,1,5,0,available
ordinary_group_holdout_descriptive,D+P+H+SC,200,values_plus_missing,0.6729457687604417,0.6766387978142077,0.6692527397066755,0.6881830873996733,0.7499975922619008,1,1,5,0,available
ordinary_group_holdout_descriptive,D+P+H+SC,all,values_plus_missing,0.6793965035338565,0.6705601092896175,0.6882328977780955,0.6900594968570211,0.7494024508751946,1,1,5,0,available
ordinary_group_holdout_descriptive,D+P+H+BC,25,values_plus_missing,0.6546785055878801,0.5939344262295082,0.715422584946252,0.6533816988067334,0.6970135742252737,1,1,5,0,available
ordinary_group_holdout_descriptive,D+P+H+BC,50,values_plus_missing,0.6576422110523346,0.6105060109289617,0.7047784111757074,0.6556126922189076,0.7049928051897283,1,1,5,0,available
ordinary_group_holdout_descriptive,D+P+H+BC,100,values_plus_missing,0.6660600784456883,0.6093524590163935,0.7227676978749832,0.652076563498828,0.7099912888046809,1,1,5,0,available
ordinary_group_holdout_descriptive,D+P+H+BC,200,values_plus_missing,0.6515157461237614,0.625924043715847,0.6771074485316758,0.645802536135379,0.7073837844129657,1,1,5,0,available
ordinary_group_holdout_descriptive,D+P+H+BC,all,values_plus_missing,0.658427422670391,0.6217846994535519,0.6950701458872303,0.6509365122700477,0.7073519743595946,1,1,5,0,available
ordinary_group_holdout_descriptive,D+P+SC+BC,25,values_plus_missing,0.6426034075289622,0.6140775956284152,0.671129219429509,0.6576425327615598,0.7185537218790481,1,1,5,0,available
ordinary_group_holdout_descriptive,D+P+SC+BC,50,values_plus_missing,0.6600233420010186,0.624724043715847,0.6953226402861902,0.6703942374280843,0.7284344514895917,1,1,5,0,available
ordinary_group_holdout_descriptive,D+P+SC+BC,100,values_plus_missing,0.6569889058417281,0.6204704918032787,0.6935073198801774,0.6670451115136018,0.7338323156717971,1,1,5,0,available
ordinary_group_holdout_descriptive,D+P+SC+BC,200,values_plus_missing,0.6687489877927897,0.6356098360655738,0.7018881395200057,0.6732300767099936,0.7331385981828608,1,1,5,0,available
ordinary_group_holdout_descriptive,D+P+SC+BC,all,values_plus_missing,0.6619445359005023,0.6328704918032787,0.691018579997726,0.6736479197741316,0.7331154379218192,1,1,5,0,available
ordinary_group_holdout_descriptive,D+F+H+SC,25,values_plus_missing,0.7050901059544512,0.6638103825136612,0.7463698293952413,0.6931894355067831,0.7543112429665167,1,1,5,0,available
ordinary_group_holdout_descriptive,D+F+H+SC,50,values_plus_missing,0.7098709695394515,0.680335519125683,0.73940641995322,0.7014996848142623,0.7619686536309561,1,1,5,0,available
ordinary_group_holdout_descriptive,D+F+H+SC,100,values_plus_missing,0.7080266628805767,0.685335519125683,0.7307178066354703,0.7033683256090631,0.7636424195180731,1,1,5,0,available
ordinary_group_holdout_descriptive,D+F+H+SC,200,values_plus_missing,0.7100428717427435,0.6927284153005464,0.7273573281849406,0.7059294871794872,0.7644809425805602,1,1,5,0,available
ordinary_group_holdout_descriptive,D+F+H+SC,all,values_plus_missing,0.7088423608621034,0.6919355191256831,0.7257492025985237,0.7016311971730946,0.7639287571339086,1,1,5,0,available
ordinary_group_holdout_descriptive,D+F+H+BC,25,values_plus_missing,0.7028391378585901,0.6461710382513661,0.7595072374658142,0.6852970292634419,0.7346628510699892,1,1,5,0,available
ordinary_group_holdout_descriptive,D+F+H+BC,50,values_plus_missing,0.7038583843606098,0.6525710382513662,0.7551457304698533,0.6877666315967044,0.7396168244319014,1,1,5,0,available
ordinary_group_holdout_descriptive,D+F+H+BC,100,values_plus_missing,0.6999258693253203,0.6586497267759563,0.7412020118746844,0.6852196200902052,0.7407354914381035,1,1,5,0,available
ordinary_group_holdout_descriptive,D+F+H+BC,200,values_plus_missing,0.704938474765874,0.6701497267759563,0.7397272227557918,0.6895797819447405,0.743637058317776,1,1,5,0,available
ordinary_group_holdout_descriptive,D+F+H+BC,all,values_plus_missing,0.7056275112670456,0.6666497267759562,0.7446052957581348,0.6858386160238653,0.7420727657234856,1,1,5,0,available
ordinary_group_holdout_descriptive,D+F+SC+BC,25,values_plus_missing,0.6993690448763785,0.6568890710382513,0.7418490187145056,0.6860295031607359,0.7426175567594805,1,1,5,0,available
ordinary_group_holdout_descriptive,D+F+SC+BC,50,values_plus_missing,0.6978500439514059,0.664335519125683,0.7313645687771287,0.6861171780666241,0.7479946430946185,1,1,5,0,available
ordinary_group_holdout_descriptive,D+F+SC+BC,100,values_plus_missing,0.7082452254684579,0.6684890710382514,0.7480013798986643,0.6875241383443427,0.7475484217593742,1,1,5,0,available
ordinary_group_holdout_descriptive,D+F+SC+BC,200,values_plus_missing,0.7027485742387813,0.668296174863388,0.7372009736141746,0.6853511324490376,0.74873450628113,1,1,5,0,available
ordinary_group_holdout_descriptive,D+F+SC+BC,all,values_plus_missing,0.707044389047037,0.6791426229508197,0.7349461551432542,0.6874248104446339,0.7481457887062553,1,1,5,0,available
ordinary_group_holdout_descriptive,D+H+SC+BC,25,values_plus_missing,0.6593186695827786,0.6424814207650273,0.6761559184005298,0.6708004274984019,0.7295826326229717,1,1,5,0,available
ordinary_group_holdout_descriptive,D+H+SC+BC,50,values_plus_missing,0.664067857076187,0.6576387978142076,0.6704969163381663,0.6770073114212657,0.7348626229823677,1,1,5,0,available
ordinary_group_holdout_descriptive,D+H+SC+BC,100,values_plus_missing,0.6708149124475116,0.6546065573770492,0.6870232675179739,0.6787882773101783,0.7362470282166946,1,1,5,0,available
ordinary_group_holdout_descriptive,D+H+SC+BC,200,values_plus_missing,0.6613392542586813,0.6658459016393443,0.6568326068780183,0.6753140204382413,0.7348225004900036,1,1,5,0,available
ordinary_group_holdout_descriptive,D+H+SC+BC,all,values_plus_missing,0.6638434310474376,0.6608601092896175,0.6668267528052577,0.6761497065665174,0.7357392994967386,1,1,5,0,available
ordinary_group_holdout_descriptive,R+P+F+H,25,values_plus_missing,0.7089994452797042,0.6933032786885246,0.7246956118708837,0.6857018320725904,0.7364873216067122,1,1,5,0,available
ordinary_group_holdout_descriptive,R+P+F+H,50,values_plus_missing,0.7051246980613327,0.7053497267759562,0.7048996693467092,0.6802634908374174,0.7470650660240442,1,1,5,0,available
ordinary_group_holdout_descriptive,R+P+F+H,100,values_plus_missing,0.7239461597403752,0.7248639344262295,0.7230283850545209,0.6961515155550821,0.7525744870893077,1,1,5,0,available
ordinary_group_holdout_descriptive,R+P+F+H,200,values_plus_missing,0.7255555871891972,0.7187103825136612,0.7324007918647334,0.6996696098799631,0.7593063345262501,1,1,5,0,available
ordinary_group_holdout_descriptive,R+P+F+H,all,values_plus_missing,0.7254156427310432,0.7200103825136612,0.730820902948425,0.7010327327047375,0.7581770550087381,1,1,5,0,available
ordinary_group_holdout_descriptive,R+P+F+SC,25,values_plus_missing,0.6930246241141422,0.6792748633879782,0.7067743848403062,0.67325449250657,0.7317980444935488,1,1,5,0,available
ordinary_group_holdout_descriptive,R+P+F+SC,50,values_plus_missing,0.6971989435029146,0.6956748633879781,0.698723023617851,0.6780286130939698,0.7425064859727253,1,1,5,0,available
ordinary_group_holdout_descriptive,R+P+F+SC,100,values_plus_missing,0.709956345054003,0.7159748633879781,0.7039378267200277,0.6831689706300164,0.7449578506281036,1,1,5,0,available
ordinary_group_holdout_descriptive,R+P+F+SC,200,values_plus_missing,0.7146110137152197,0.7122748633879781,0.7169471640424615,0.6854374200937566,0.7514655162110472,1,1,5,0,available
ordinary_group_holdout_descriptive,R+P+F+SC,all,values_plus_missing,0.7171045819280271,0.7174284153005465,0.7167807485555077,0.6897099070424035,0.7508531442275428,1,1,5,0,available
ordinary_group_holdout_descriptive,R+P+F+BC,25,values_plus_missing,0.6939219897102256,0.6572497267759563,0.7305942526444947,0.6580370698380567,0.7055011553971766,1,1,5,0,available
ordinary_group_holdout_descriptive,R+P+F+BC,50,values_plus_missing,0.6937816979431037,0.6754032786885246,0.712160117197683,0.6534962865793026,0.7130718235390544,1,1,5,0,available
ordinary_group_holdout_descriptive,R+P+F+BC,100,values_plus_missing,0.6950565161355922,0.6907245901639344,0.6993884421072499,0.6603956912777895,0.7179164369684574,1,1,5,0,available
ordinary_group_holdout_descriptive,R+P+F+BC,200,values_plus_missing,0.707740014192805,0.6936103825136612,0.7218696458719486,0.6787469369273386,0.7287446636686774,1,1,5,0,available
ordinary_group_holdout_descriptive,R+P+F+BC,all,values_plus_missing,0.7082960752815504,0.6938639344262295,0.7227282161368711,0.674239725388877,0.7284555022604786,1,1,5,0,available
ordinary_group_holdout_descriptive,R+P+H+SC,25,values_plus_missing,0.6873603998148854,0.7127245901639345,0.6619962094658364,0.691648188347894,0.7445215314039402,1,1,5,0,available
ordinary_group_holdout_descriptive,R+P+H+SC,50,values_plus_missing,0.6926555479350003,0.7307103825136612,0.6546007133563393,0.6974372292066198,0.753949831755546,1,1,5,0,available
ordinary_group_holdout_descriptive,R+P+H+SC,100,values_plus_missing,0.6895161563274046,0.7473568306010929,0.6316754820537164,0.7000602626251864,0.759270692337436,1,1,5,0,available
ordinary_group_holdout_descriptive,R+P+H+SC,200,values_plus_missing,0.6981712564095812,0.7387639344262296,0.657578578392933,0.7007605520633567,0.7612010899198058,1,1,5,0,available
ordinary_group_holdout_descriptive,R+P+H+SC,all,values_plus_missing,0.6930429000779135,0.7371639344262295,0.6489218657295973,0.6956304602599617,0.7605749187710515,1,1,5,0,available
ordinary_group_holdout_descriptive,R+P+H+BC,25,values_plus_missing,0.6727926696795183,0.6747562841530055,0.6708290552060313,0.6584574099722992,0.7145642788013586,1,1,5,0,available
ordinary_group_holdout_descriptive,R+P+H+BC,50,values_plus_missing,0.6779867812963447,0.7074207650273224,0.648552797565367,0.662527356790255,0.7214685504660661,1,1,5,0,available
ordinary_group_holdout_descriptive,R+P+H+BC,100,values_plus_missing,0.6743783746724379,0.7308672131147541,0.6178895362301217,0.6680120325484764,0.7261334244514487,1,1,5,0,available
ordinary_group_holdout_descriptive,R+P+H+BC,200,values_plus_missing,0.6763043092909433,0.7139136612021858,0.6386949573797007,0.6674227240038355,0.7282434205267158,1,1,5,0,available
ordinary_group_holdout_descriptive,R+P+H+BC,all,values_plus_missing,0.682052155934677,0.7166601092896175,0.6474442025797364,0.6709111309396975,0.7277475916212316,1,1,5,0,available
ordinary_group_holdout_descriptive,R+P+SC+BC,25,values_plus_missing,0.6598121749835981,0.7160207650273225,0.6036035849398736,0.6587964566020315,0.7006426583382738,1,1,5,0,available
ordinary_group_holdout_descriptive,R+P+SC+BC,50,values_plus_missing,0.6514402555255708,0.7268994535519125,0.5759810574992291,0.6609616938347894,0.7064607295491336,1,1,5,0,available
ordinary_group_holdout_descriptive,R+P+SC+BC,100,values_plus_missing,0.6681998809744455,0.7392530054644808,0.5971467564844102,0.6646512536401733,0.7132946828911908,1,1,5,0,available
ordinary_group_holdout_descriptive,R+P+SC+BC,200,values_plus_missing,0.6672124979047893,0.7308207650273224,0.6036042307822562,0.6624382946231977,0.7170977362163632,1,1,5,0,available
ordinary_group_holdout_descriptive,R+P+SC+BC,all,values_plus_missing,0.668348273459754,0.7302743169398906,0.6064222299796174,0.6622770948753463,0.7176387733354438,1,1,5,0,available
ordinary_group_holdout_descriptive,R+F+H+SC,25,values_plus_missing,0.7162111405508389,0.7055748633879781,0.7268474177136998,0.699193779298956,0.7586212368667493,1,1,5,0,available
ordinary_group_holdout_descriptive,R+F+H+SC,50,values_plus_missing,0.7091626965439748,0.7189213114754098,0.6994040816125396,0.6975662444953477,0.7639491070264217,1,1,5,0,available
ordinary_group_holdout_descriptive,R+F+H+SC,100,values_plus_missing,0.7239436030749987,0.7335213114754098,0.7143658946745877,0.7017394035442859,0.7667356289649225,1,1,5,0,available
ordinary_group_holdout_descriptive,R+F+H+SC,200,values_plus_missing,0.7224153650943075,0.7361213114754099,0.7087094187132049,0.7044656491938348,0.7707770419470835,1,1,5,0,available
ordinary_group_holdout_descriptive,R+F+H+SC,all,values_plus_missing,0.7260698073307789,0.7394748633879782,0.7126647512735795,0.705711409723702,0.7701955347297996,1,1,5,0,available
ordinary_group_holdout_descriptive,R+F+H+BC,25,values_plus_missing,0.7101247813595277,0.699435519125683,0.7208140435933723,0.6831109831131472,0.7395126342588997,1,1,5,0,available
ordinary_group_holdout_descriptive,R+F+H+BC,50,values_plus_missing,0.7068262931359391,0.7104426229508196,0.7032099633210587,0.6796367262412103,0.7438120001874573,1,1,5,0,available
ordinary_group_holdout_descriptive,R+F+H+BC,100,values_plus_missing,0.724744147787681,0.7329032786885246,0.7165850168868376,0.6941577438028269,0.7482650260333209,1,1,5,0,available
ordinary_group_holdout_descriptive,R+F+H+BC,200,values_plus_missing,0.7224258342104669,0.7198032786885247,0.7250483897324091,0.695554438347894,0.7542626457609027,1,1,5,0,available
ordinary_group_holdout_descriptive,R+F+H+BC,all,values_plus_missing,0.716657462754238,0.7191103825136611,0.714204542994815,0.6944221557816606,0.7536580518665137,1,1,5,0,available
ordinary_group_holdout_descriptive,R+F+SC+BC,25,values_plus_missing,0.6941021623327924,0.6748213114754098,0.713383013190175,0.6692605676006819,0.7329867480748339,1,1,5,0,available
ordinary_group_holdout_descriptive,R+F+SC+BC,50,values_plus_missing,0.6976361536009852,0.6903284153005464,0.704943891901424,0.6757679322927765,0.7400371741442532,1,1,5,0,available
ordinary_group_holdout_descriptive,R+F+SC+BC,100,values_plus_missing,0.7116524524046646,0.7119748633879782,0.7113300414213509,0.6822933313800696,0.7420682094936366,1,1,5,0,available
ordinary_group_holdout_descriptive,R+F+SC+BC,200,values_plus_missing,0.7120394503596938,0.7052213114754099,0.7188575892439778,0.6840781816002557,0.7473580910750075,1,1,5,0,available
ordinary_group_holdout_descriptive,R+F+SC+BC,all,values_plus_missing,0.7191490343482942,0.7168213114754098,0.7214767572211787,0.6879766629377086,0.7472153911892805,1,1,5,0,available
ordinary_group_holdout_descriptive,R+H+SC+BC,25,values_plus_missing,0.6873097382600506,0.732996174863388,0.6416233016567133,0.6915888135698558,0.7444096475970006,1,1,5,0,available
ordinary_group_holdout_descriptive,R+H+SC+BC,50,values_plus_missing,0.6865795058493264,0.7387103825136612,0.6344486291849916,0.6925302089992187,0.7465057976357254,1,1,5,0,available
ordinary_group_holdout_descriptive,R+H+SC+BC,100,values_plus_missing,0.6877370508088751,0.7508497267759562,0.624624374841794,0.6953879670076,0.7503843745590196,1,1,5,0,available
ordinary_group_holdout_descriptive,R+H+SC+BC,200,values_plus_missing,0.6894517184439892,0.7373568306010929,0.6415466062868854,0.6912367266851338,0.7526520846624098,1,1,5,0,available
ordinary_group_holdout_descriptive,R+H+SC+BC,all,values_plus_missing,0.6918828442830478,0.7397497267759563,0.6440159617901392,0.6928306897684495,0.7528259547032154,1,1,5,0,available
ordinary_group_holdout_descriptive,P+F+H+SC,25,values_plus_missing,0.681482668657257,0.6662103825136612,0.6967549548008528,0.6754352670644221,0.7393100639341668,1,1,5,0,available
ordinary_group_holdout_descriptive,P+F+H+SC,50,values_plus_missing,0.7008370590264501,0.6801890710382514,0.7214850470146487,0.6906823771219547,0.7540048531367246,1,1,5,0,available
ordinary_group_holdout_descriptive,P+F+H+SC,100,values_plus_missing,0.696191808386401,0.6919819672131148,0.7004016495596873,0.6938406158995667,0.7574412492203062,1,1,5,0,available
ordinary_group_holdout_descriptive,P+F+H+SC,200,values_plus_missing,0.696788328726288,0.6968355191256831,0.696741138326893,0.6935839725832801,0.7587805015628322,1,1,5,0,available
ordinary_group_holdout_descriptive,P+F+H+SC,all,values_plus_missing,0.7002447077044269,0.6969890710382514,0.7035003443706026,0.6932138513033597,0.7578968189747121,1,1,5,0,available
ordinary_group_holdout_descriptive,P+F+H+BC,25,values_plus_missing,0.6788716406600035,0.647292349726776,0.7104509315932309,0.6701556285069963,0.7150148070247679,1,1,5,0,available
ordinary_group_holdout_descriptive,P+F+H+BC,50,values_plus_missing,0.6769785745314583,0.6405174863387978,0.7134396627241189,0.6670412271823283,0.7266817859569279,1,1,5,0,available
ordinary_group_holdout_descriptive,P+F+H+BC,100,values_plus_missing,0.6921007816027287,0.6660639344262295,0.7181376287792278,0.6796200791071809,0.7310951220657914,1,1,5,0,available
ordinary_group_holdout_descriptive,P+F+H+BC,200,values_plus_missing,0.6941829401930167,0.6731174863387979,0.7152483940472356,0.679476913754528,0.7343063517644437,1,1,5,0,available
ordinary_group_holdout_descriptive,P+F+H+BC,all,values_plus_missing,0.6954550110244698,0.6770639344262295,0.7138460876227102,0.6793595514596207,0.7333651715667301,1,1,5,0,available
ordinary_group_holdout_descriptive,P+F+SC+BC,25,values_plus_missing,0.6772980537702715,0.6484426229508197,0.7061534845897235,0.6652086551779246,0.72086490778533,1,1,5,0,available
ordinary_group_holdout_descriptive,P+F+SC+BC,50,values_plus_missing,0.6892313918005676,0.6616284153005465,0.7168343683005887,0.672412424976916,0.7297670208240453,1,1,5,0,available
ordinary_group_holdout_descriptive,P+F+SC+BC,100,values_plus_missing,0.6903890972280957,0.6695284153005464,0.7112497791556449,0.6713897360430428,0.7319193686095891,1,1,5,0,available
ordinary_group_holdout_descriptive,P+F+SC+BC,200,values_plus_missing,0.6929805391923314,0.6747961748633879,0.7111649035212748,0.6742294596562256,0.7346313763525896,1,1,5,0,available
ordinary_group_holdout_descriptive,P+F+SC+BC,all,values_plus_missing,0.6969418721845257,0.6821497267759563,0.7117340175930952,0.6773219422544214,0.7349517661988174,1,1,5,0,available
ordinary_group_holdout_descriptive,P+H+SC+BC,25,values_plus_missing,0.6455286967494285,0.6422136612021858,0.6488437322966711,0.6558679482740252,0.7075485994235162,1,1,5,0,available
ordinary_group_holdout_descriptive,P+H+SC+BC,50,values_plus_missing,0.6517438631195034,0.6659923497267759,0.6374953765122308,0.6675015204382413,0.7195227407743264,1,1,5,0,available
ordinary_group_holdout_descriptive,P+H+SC+BC,100,values_plus_missing,0.6534642029168128,0.6802710382513661,0.6266573675822595,0.6669366276901769,0.7246616916649999,1,1,5,0,available
ordinary_group_holdout_descriptive,P+H+SC+BC,200,values_plus_missing,0.6503917532850697,0.6868710382513662,0.6139124683187732,0.6650602182328291,0.7222175117664656,1,1,5,0,available
ordinary_group_holdout_descriptive,P+H+SC+BC,all,values_plus_missing,0.650891385274974,0.6859245901639344,0.6158581803860136,0.6641368571986648,0.7227903262233996,1,1,5,0,available
ordinary_group_holdout_descriptive,F+H+SC+BC,25,values_plus_missing,0.6879478284745942,0.6651890710382513,0.7107065859109372,0.675391429611478,0.7409635416935845,1,1,5,0,available
ordinary_group_holdout_descriptive,F+H+SC+BC,50,values_plus_missing,0.6891418179343409,0.670135519125683,0.7081481167429988,0.6786012745045813,0.7467638146484838,1,1,5,0,available
ordinary_group_holdout_descriptive,F+H+SC+BC,100,values_plus_missing,0.70032806544991,0.682135519125683,0.718520611774137,0.6824520340578166,0.7477409176822395,1,1,5,0,available
ordinary_group_holdout_descriptive,F+H+SC+BC,200,values_plus_missing,0.6968902297518004,0.691235519125683,0.7025449403779177,0.6837635507670999,0.749335396780036,1,1,5,0,available
ordinary_group_holdout_descriptive,F+H+SC+BC,all,values_plus_missing,0.7023337485431296,0.6959890710382514,0.7086784260480078,0.6864420746324313,0.7489197189230901,1,1,5,0,available
ordinary_group_holdout_descriptive,S+D+R+P+F,25,values_plus_missing,0.7453238771142794,0.7207890710382514,0.7698586831903075,0.7236603496342069,0.7778154416539038,1,1,5,0,available
ordinary_group_holdout_descriptive,S+D+R+P+F,50,values_plus_missing,0.7630295681870107,0.7429355191256831,0.7831236172483383,0.7388777723027203,0.7976909461561092,1,1,5,0,available
ordinary_group_holdout_descriptive,S+D+R+P+F,100,values_plus_missing,0.7564561879722682,0.7435284153005465,0.7693839606439901,0.7373972871830385,0.7990495890832636,1,1,5,0,available
ordinary_group_holdout_descriptive,S+D+R+P+F,200,values_plus_missing,0.7640088939822518,0.7475213114754099,0.7804964764890938,0.7402847325804389,0.8048908022851705,1,1,5,0,available
ordinary_group_holdout_descriptive,S+D+R+P+F,all,values_plus_missing,0.7657716440059541,0.7497284153005465,0.7818148727113617,0.7409076128453725,0.8047721567421462,1,1,5,0,available
ordinary_group_holdout_descriptive,S+D+R+P+H,25,values_plus_missing,0.7302989734475099,0.712656830601093,0.7479411162939269,0.7203808642304141,0.7736351080255165,1,1,5,0,available
ordinary_group_holdout_descriptive,S+D+R+P+H,50,values_plus_missing,0.7421193226283633,0.7234568306010929,0.7607818146556337,0.7288561976170183,0.7870173989932647,1,1,5,0,available
ordinary_group_holdout_descriptive,S+D+R+P+H,100,values_plus_missing,0.7397590592902632,0.7317426229508197,0.7477754956297068,0.7300065145784502,0.7967197611822167,1,1,5,0,available
ordinary_group_holdout_descriptive,S+D+R+P+H,200,values_plus_missing,0.7430283565249144,0.7292426229508197,0.7568140900990091,0.7325277230272036,0.800874543042689,1,1,5,0,available
ordinary_group_holdout_descriptive,S+D+R+P+H,all,values_plus_missing,0.7460851596924031,0.7337890710382513,0.7583812483465548,0.7343048045848427,0.8013827986336655,1,1,5,0,available
ordinary_group_holdout_descriptive,S+D+R+P+SC,25,values_plus_missing,0.7231465949391325,0.7188032786885246,0.7274899111897403,0.7143892832409973,0.7743625885138117,1,1,5,0,available
ordinary_group_holdout_descriptive,S+D+R+P+SC,50,values_plus_missing,0.7385018583613201,0.7283032786885245,0.7487004380341156,0.7272802689289012,0.7899563232359208,1,1,5,0,available
ordinary_group_holdout_descriptive,S+D+R+P+SC,100,values_plus_missing,0.7364479455053079,0.7332568306010929,0.7396390604095228,0.7280166271574686,0.7968477048579387,1,1,5,0,available
ordinary_group_holdout_descriptive,S+D+R+P+SC,200,values_plus_missing,0.7329735219455148,0.7248497267759563,0.7410973171150733,0.7227988604481852,0.8002208406193091,1,1,5,0,available
ordinary_group_holdout_descriptive,S+D+R+P+SC,all,values_plus_missing,0.7340858622822,0.7278497267759563,0.7403219977884437,0.7241142614887421,0.8013032014702006,1,1,5,0,available
ordinary_group_holdout_descriptive,S+D+R+P+BC,25,values_plus_missing,0.7185327547537064,0.6995103825136612,0.7375551269937516,0.7061744775019533,0.7636771543625904,1,1,5,0,available
ordinary_group_holdout_descriptive,S+D+R+P+BC,50,values_plus_missing,0.7390319513105131,0.7131710382513662,0.7648928643696601,0.725049275516727,0.7810129875158638,1,1,5,0,available
ordinary_group_holdout_descriptive,S+D+R+P+BC,100,values_plus_missing,0.7491674763916882,0.7193568306010929,0.7789781221822835,0.7258075524717664,0.7890981648358024,1,1,5,0,available
ordinary_group_holdout_descriptive,S+D+R+P+BC,200,values_plus_missing,0.7424077481921365,0.7198568306010928,0.7649586657831803,0.7277716368350025,0.793052746916061,1,1,5,0,available
ordinary_group_holdout_descriptive,S+D+R+P+BC,all,values_plus_missing,0.7419695677272926,0.7208497267759563,0.7630894086786291,0.7271010347858513,0.7931457217322437,1,1,5,0,available
ordinary_group_holdout_descriptive,S+D+R+F+H,25,values_plus_missing,0.7673987934162336,0.7474748633879782,0.7873227234444892,0.7404459323282904,0.7932435570107735,1,1,5,0,available
ordinary_group_holdout_descriptive,S+D+R+F+H,50,values_plus_missing,0.7699594878812511,0.7519284153005464,0.7879905604619558,0.7443263792705448,0.8042146313794957,1,1,5,0,available
ordinary_group_holdout_descriptive,S+D+R+F+H,100,values_plus_missing,0.7557270946628514,0.7564748633879781,0.7549793259377245,0.7401854046807301,0.8060047234588484,1,1,5,0,available
ordinary_group_holdout_descriptive,S+D+R+F+H,200,values_plus_missing,0.7643786167887898,0.7564284153005465,0.7723288182770331,0.7479979046807301,0.8111790205033884,1,1,5,0,available
ordinary_group_holdout_descriptive,S+D+R+F+H,all,values_plus_missing,0.7696768685270726,0.7569284153005464,0.7824253217535988,0.746795981603807,0.8114842297808055,1,1,5,0,available
ordinary_group_holdout_descriptive,S+D+R+F+SC,25,values_plus_missing,0.7451595755188856,0.7377284153005463,0.7525907357372249,0.7322233579266993,0.7905635943243299,1,1,5,0,available
ordinary_group_holdout_descriptive,S+D+R+F+SC,50,values_plus_missing,0.763371027155805,0.7562284153005464,0.7705136390110634,0.7431205718623481,0.8035599161289095,1,1,5,0,available
ordinary_group_holdout_descriptive,S+D+R+F+SC,100,values_plus_missing,0.7557764057019009,0.7544819672131148,0.7570708441906869,0.7391227626251864,0.8045940161764434,1,1,5,0,available
ordinary_group_holdout_descriptive,S+D+R+F+SC,200,values_plus_missing,0.7553626160512501,0.7515284153005465,0.7591968168019538,0.7358432772213936,0.8079760652849313,1,1,5,0,available
ordinary_group_holdout_descriptive,S+D+R+F+SC,all,values_plus_missing,0.7539447624303666,0.7546819672131148,0.7532075576476185,0.7368581974927196,0.8088291478042752,1,1,5,0,available
ordinary_group_holdout_descriptive,S+D+R+F+BC,25,values_plus_missing,0.7520408913551218,0.7282355191256831,0.7758462635845605,0.7302193204417928,0.7879023139148524,1,1,5,0,available
ordinary_group_holdout_descriptive,S+D+R+F+BC,50,values_plus_missing,0.7667732647272845,0.7467748633879782,0.7867716660665908,0.7439601423218978,0.7998373867062167,1,1,5,0,available
ordinary_group_holdout_descriptive,S+D+R+F+BC,100,values_plus_missing,0.7618386933295136,0.7507284153005465,0.7729489713584808,0.7425931351658499,0.8005445472313071,1,1,5,0,available
ordinary_group_holdout_descriptive,S+D+R+F+BC,200,values_plus_missing,0.7642379528200416,0.7497213114754098,0.7787545941646735,0.7416001336209959,0.8061185097010644,1,1,5,0,available
ordinary_group_holdout_descriptive,S+D+R+F+BC,all,values_plus_missing,0.7641630768582609,0.7522213114754098,0.776104842241112,0.7413215715782371,0.8062531349737551,1,1,5,0,available
ordinary_group_holdout_descriptive,S+D+R+H+SC,25,values_plus_missing,0.7354750819965927,0.7389819672131147,0.7319681967800706,0.7317577930783437,0.7881392925070184,1,1,5,0,available
ordinary_group_holdout_descriptive,S+D+R+H+SC,50,values_plus_missing,0.744261439770641,0.739996174863388,0.748526704677894,0.7317797118048157,0.7936739437238106,1,1,5,0,available
ordinary_group_holdout_descriptive,S+D+R+H+SC,100,values_plus_missing,0.736813400564172,0.7407426229508196,0.7328841781775243,0.7298375461680517,0.8008763124861276,1,1,5,0,available
ordinary_group_holdout_descriptive,S+D+R+H+SC,200,values_plus_missing,0.7432308971716656,0.7381819672131147,0.7482798271302165,0.7336303182044179,0.8045119002805503,1,1,5,0,available
ordinary_group_holdout_descriptive,S+D+R+H+SC,all,values_plus_missing,0.7429292878292073,0.7387819672131147,0.7470766084452999,0.7338611584629591,0.8056678809113864,1,1,5,0,available
ordinary_group_holdout_descriptive,S+D+R+H+BC,25,values_plus_missing,0.737015128929287,0.7229639344262295,0.7510663234323444,0.7252504283862491,0.7809358671954263,1,1,5,0,available
ordinary_group_holdout_descriptive,S+D+R+H+BC,50,values_plus_missing,0.7436601316363065,0.7239568306010928,0.7633634326715203,0.7262434299311031,0.7876139217045758,1,1,5,0,available
ordinary_group_holdout_descriptive,S+D+R+H+BC,100,values_plus_missing,0.7457703611877549,0.7369497267759563,0.7545909955995533,0.731875155373251,0.7947235757456375,1,1,5,0,available
ordinary_group_holdout_descriptive,S+D+R+H+BC,200,values_plus_missing,0.747514764482147,0.731796174863388,0.7632333541009061,0.7352758874032247,0.7989862734269103,1,1,5,0,available
ordinary_group_holdout_descriptive,S+D+R+H+BC,all,values_plus_missing,0.7458649601217919,0.7311426229508197,0.7605872972927642,0.7333118030399886,0.7998317868238081,1,1,5,0,available
ordinary_group_holdout_descriptive,S+D+R+SC+BC,25,values_plus_missing,0.7286899411075232,0.733096174863388,0.7242837073516583,0.7211055694651609,0.7800913106738784,1,1,5,0,available
ordinary_group_holdout_descriptive,S+D+R+SC+BC,50,values_plus_missing,0.7402178388397843,0.7285497267759563,0.7518859509036123,0.7277419494459834,0.789402178355379,1,1,5,0,available
ordinary_group_holdout_descriptive,S+D+R+SC+BC,100,values_plus_missing,0.7329733911633142,0.7277568306010929,0.7381899517255355,0.7245063014951345,0.7946245759603011,1,1,5,0,available
ordinary_group_holdout_descriptive,S+D+R+SC+BC,200,values_plus_missing,0.7370727804574205,0.7245426229508196,0.7496029379640214,0.7249937850699624,0.7987965922993834,1,1,5,0,available
ordinary_group_holdout_descriptive,S+D+R+SC+BC,all,values_plus_missing,0.7409168422316605,0.7251890710382514,0.7566446134250696,0.7267270291746573,0.8002385067135975,1,1,5,0,available
ordinary_group_holdout_descriptive,S+D+P+F+H,25,values_plus_missing,0.725543641260767,0.7134032786885246,0.7376840038330092,0.7174237783223241,0.7710337268808605,1,1,5,0,available
ordinary_group_holdout_descriptive,S+D+P+F+H,50,values_plus_missing,0.7498208851831314,0.7232890710382514,0.7763526993280115,0.740069429646992,0.7914259875070749,1,1,5,0,available
ordinary_group_holdout_descriptive,S+D+P+F+H,100,values_plus_missing,0.7457786192973987,0.7326284153005465,0.7589288232942509,0.741472505593437,0.7939044822303268,1,1,5,0,available
ordinary_group_holdout_descriptive,S+D+P+F+H,200,values_plus_missing,0.7443784357305125,0.7405890710382514,0.7481678004227735,0.739687655373251,0.7969083615804575,1,1,5,0,available
ordinary_group_holdout_descriptive,S+D+P+F+H,all,values_plus_missing,0.7494796641664243,0.7458819672131147,0.753077361119734,0.7416955771894311,0.796851761145822,1,1,5,0,available
ordinary_group_holdout_descriptive,S+D+P+F+SC,25,values_plus_missing,0.7196957127040765,0.7140890710382514,0.7253023543699016,0.7137483685808652,0.774637746848872,1,1,5,0,available
ordinary_group_holdout_descriptive,S+D+P+F+SC,50,values_plus_missing,0.7350320864912714,0.7261213114754098,0.743942861507133,0.7284641576106258,0.7944049246053366,1,1,5,0,available
ordinary_group_holdout_descriptive,S+D+P+F+SC,100,values_plus_missing,0.7386044148347272,0.7255748633879782,0.7516339662814762,0.7294352404290078,0.7962939242197374,1,1,5,0,available
ordinary_group_holdout_descriptive,S+D+P+F+SC,200,values_plus_missing,0.7396633363915224,0.7317677595628416,0.7475589132202032,0.728760754048583,0.7972949053458389,1,1,5,0,available
ordinary_group_holdout_descriptive,S+D+P+F+SC,all,values_plus_missing,0.7407562000476569,0.7369819672131148,0.744530432882199,0.72912699099723,0.7980252890035585,1,1,5,0,available
ordinary_group_holdout_descriptive,S+D+P+F+BC,25,values_plus_missing,0.7456917990610084,0.7120961748633879,0.7792874232586287,0.7257456806236238,0.7710664290891439,1,1,5,0,available
ordinary_group_holdout_descriptive,S+D+P+F+BC,50,values_plus_missing,0.7415339280255822,0.7179355191256831,0.7651323369254813,0.7337632178244193,0.7894527654984451,1,1,5,0,available
ordinary_group_holdout_descriptive,S+D+P+F+BC,100,values_plus_missing,0.7477796946844621,0.7218748633879781,0.7736845259809463,0.7360716204098302,0.7899215960230459,1,1,5,0,available
ordinary_group_holdout_descriptive,S+D+P+F+BC,200,values_plus_missing,0.749228020188411,0.7269355191256831,0.7715205212511389,0.7280940363307054,0.7935950945022061,1,1,5,0,available
ordinary_group_holdout_descriptive,S+D+P+F+BC,all,values_plus_missing,0.7567999115606041,0.7353890710382514,0.7782107520829569,0.7346530071382911,0.7928929511690128,1,1,5,0,available
ordinary_group_holdout_descriptive,S+D+P+H+SC,25,values_plus_missing,0.6991321423859078,0.6929497267759562,0.7053145579958593,0.7064092020917678,0.7636056065451,1,1,5,0,available
ordinary_group_holdout_descriptive,S+D+P+H+SC,50,values_plus_missing,0.7156243092670438,0.6980890710382514,0.7331595474958362,0.7223088798032531,0.7749829237126485,1,1,5,0,available
ordinary_group_holdout_descriptive,S+D+P+H+SC,100,values_plus_missing,0.7099118554380245,0.6984426229508196,0.7213810879252294,0.7172922659634917,0.7821541080851693,1,1,5,0,available
ordinary_group_holdout_descriptive,S+D+P+H+SC,200,values_plus_missing,0.709833039824794,0.7034890710382513,0.7161770086113366,0.718999707010441,0.7827188527089225,1,1,5,0,available
ordinary_group_holdout_descriptive,S+D+P+H+SC,all,values_plus_missing,0.7112089174545533,0.704896174863388,0.7175216600457187,0.7199230680446054,0.7840681100615814,1,1,5,0,available
ordinary_group_holdout_descriptive,S+D+P+H+BC,25,values_plus_missing,0.6984460831003889,0.6780174863387979,0.71887467986198,0.7025365238120606,0.7531978548611967,1,1,5,0,available
ordinary_group_holdout_descriptive,S+D+P+H+BC,50,values_plus_missing,0.716612511027872,0.6861568306010929,0.7470681914546512,0.7190810005149513,0.7652834302268957,1,1,5,0,available
ordinary_group_holdout_descriptive,S+D+P+H+BC,100,values_plus_missing,0.7180134102852824,0.6874032786885246,0.7486235418820403,0.7172303941153491,0.7717430780274652,1,1,5,0,available
ordinary_group_holdout_descriptive,S+D+P+H+BC,200,values_plus_missing,0.7196496454127477,0.698756830601093,0.7405424602244025,0.7166216639143406,0.7740538343490331,1,1,5,0,available
ordinary_group_holdout_descriptive,S+D+P+H+BC,all,values_plus_missing,0.7203730351772104,0.7028032786885245,0.7379427916658962,0.7208722321365153,0.7743698144779312,1,1,5,0,available
ordinary_group_holdout_descriptive,S+D+P+SC+BC,25,values_plus_missing,0.7010546817924247,0.6848103825136611,0.7172989810711883,0.7003815523119539,0.7593487994920591,1,1,5,0,available
ordinary_group_holdout_descriptive,S+D+P+SC+BC,50,values_plus_missing,0.7101035282130639,0.6810568306010929,0.7391502258250348,0.7109241822927765,0.772207566894588,1,1,5,0,available
ordinary_group_holdout_descriptive,S+D+P+SC+BC,100,values_plus_missing,0.7060231860740234,0.6864639344262294,0.7255824377218172,0.7146872669401236,0.7774232870158976,1,1,5,0,available
ordinary_group_holdout_descriptive,S+D+P+SC+BC,200,values_plus_missing,0.7083526236132873,0.6826639344262295,0.7340413128003452,0.7078020123055615,0.7775533048228411,1,1,5,0,available
ordinary_group_holdout_descriptive,S+D+P+SC+BC,all,values_plus_missing,0.7011442713990039,0.6864103825136612,0.7158781602843466,0.7100188556538107,0.7791894985032245,1,1,5,0,available
ordinary_group_holdout_descriptive,S+D+F+H+SC,25,values_plus_missing,0.7295537340670474,0.7310890710382514,0.7280183970958434,0.7259171461041267,0.7831685929747081,1,1,5,0,available
ordinary_group_holdout_descriptive,S+D+F+H+SC,50,values_plus_missing,0.7440681084561924,0.7320213114754098,0.7561149054369749,0.738537338411819,0.7966481616538832,1,1,5,0,available
ordinary_group_holdout_descriptive,S+D+F+H+SC,100,values_plus_missing,0.7387527234979512,0.7389677595628414,0.7385376874330608,0.733817321010015,0.7991470589711389,1,1,5,0,available
ordinary_group_holdout_descriptive,S+D+F+H+SC,200,values_plus_missing,0.7414692864989967,0.7412213114754098,0.7417172615225837,0.7331686376873358,0.8001275124625602,1,1,5,0,available
ordinary_group_holdout_descriptive,S+D+F+H+SC,all,values_plus_missing,0.7452360294736505,0.7458213114754099,0.7446507474718912,0.7372799248881312,0.80085480376237,1,1,5,0,available
ordinary_group_holdout_descriptive,S+D+F+H+BC,25,values_plus_missing,0.7411962564216819,0.7216497267759563,0.7607427860674075,0.7280501988777612,0.779196002426458,1,1,5,0,available
ordinary_group_holdout_descriptive,S+D+F+H+BC,50,values_plus_missing,0.7506576024660173,0.7276890710382513,0.7736261338937833,0.7438802360785568,0.792223825236128,1,1,5,0,available
ordinary_group_holdout_descriptive,S+D+F+H+BC,100,values_plus_missing,0.7542793011085847,0.7350284153005464,0.7735301869166228,0.7419561048369913,0.792511679086056,1,1,5,0,available
ordinary_group_holdout_descriptive,S+D+F+H+BC,200,values_plus_missing,0.7555245278317138,0.7427819672131147,0.7682670884503127,0.7419741392321898,0.7964957228049452,1,1,5,0,available
ordinary_group_holdout_descriptive,S+D+F+H+BC,all,values_plus_missing,0.758401179812705,0.7454819672131148,0.7713203924122953,0.7440297828325875,0.7965053487164724,1,1,5,0,available
ordinary_group_holdout_descriptive,S+D+F+SC+BC,25,values_plus_missing,0.7388313745934336,0.7263284153005465,0.7513343338863208,0.7259210304354002,0.7833880227224974,1,1,5,0,available
ordinary_group_holdout_descriptive,S+D+F+SC+BC,50,values_plus_missing,0.7409337524038944,0.7314284153005465,0.7504390895072421,0.7319964019994318,0.7956441761082095,1,1,5,0,available
ordinary_group_holdout_descriptive,S+D+F+SC+BC,100,values_plus_missing,0.7456672832002124,0.7270213114754098,0.7643132549250149,0.7290870378755594,0.7962530510059983,1,1,5,0,available
ordinary_group_holdout_descriptive,S+D+F+SC+BC,200,values_plus_missing,0.7446303173412616,0.7333748633879782,0.7558857712945449,0.7284125514951345,0.7977804688711233,1,1,5,0,available
ordinary_group_holdout_descriptive,S+D+F+SC+BC,all,values_plus_missing,0.7462412199237141,0.7378284153005465,0.7546540245468817,0.7297498712621635,0.7985801034338595,1,1,5,0,available
ordinary_group_holdout_descriptive,S+D+H+SC+BC,25,values_plus_missing,0.6983390483621065,0.6974568306010929,0.6992212661231201,0.7053426757049507,0.7660192531494067,1,1,5,0,available
ordinary_group_holdout_descriptive,S+D+H+SC+BC,50,values_plus_missing,0.7124487535913356,0.696396174863388,0.7285013323192833,0.7169002259570991,0.7731322520545603,1,1,5,0,available
ordinary_group_holdout_descriptive,S+D+H+SC+BC,100,values_plus_missing,0.7063935973282413,0.696596174863388,0.7161910197930945,0.717962868012643,0.7766744320895169,1,1,5,0,available
ordinary_group_holdout_descriptive,S+D+H+SC+BC,200,values_plus_missing,0.713386174206885,0.702696174863388,0.7240761735503819,0.714122374192059,0.7781753786470905,1,1,5,0,available
ordinary_group_holdout_descriptive,S+D+H+SC+BC,all,values_plus_missing,0.7104761575825327,0.704396174863388,0.7165561403016775,0.7177500621493004,0.7798161827885999,1,1,5,0,available
ordinary_group_holdout_descriptive,S+R+P+F+H,25,values_plus_missing,0.7486165764941242,0.7381355191256831,0.7590976338625652,0.7257739807514738,0.779817249175021,1,1,5,0,available
ordinary_group_holdout_descriptive,S+R+P+F+H,50,values_plus_missing,0.7549297979613108,0.7462819672131148,0.7635776287095069,0.7318016305312878,0.7973768438376612,1,1,5,0,available
ordinary_group_holdout_descriptive,S+R+P+F+H,100,values_plus_missing,0.753305075722356,0.7591284153005464,0.7474817361441656,0.7360225113644435,0.8010028937631244,1,1,5,0,available
ordinary_group_holdout_descriptive,S+R+P+F+H,200,values_plus_missing,0.764500296762019,0.7601819672131148,0.7688186263109232,0.7463304167554514,0.8066311839350414,1,1,5,0,available
ordinary_group_holdout_descriptive,S+R+P+F+H,all,values_plus_missing,0.763964339609704,0.763035519125683,0.7648931600937251,0.742075964202003,0.8071115621826678,1,1,5,0,available
ordinary_group_holdout_descriptive,S+R+P+F+SC,25,values_plus_missing,0.7351555197038233,0.7371748633879782,0.7331361760196685,0.7159277558775481,0.7758962141352536,1,1,5,0,available
ordinary_group_holdout_descriptive,S+R+P+F+SC,50,values_plus_missing,0.7545949849683289,0.7473748633879781,0.7618151065486796,0.7318235492577598,0.7949214974028784,1,1,5,0,available
ordinary_group_holdout_descriptive,S+R+P+F+SC,100,values_plus_missing,0.7512844669475494,0.7477819672131147,0.754786966681984,0.7313141469564599,0.7970267891076388,1,1,5,0,available
ordinary_group_holdout_descriptive,S+R+P+F+SC,200,values_plus_missing,0.7523231178483099,0.7533748633879782,0.7512713723086414,0.7327211072341786,0.8017101768170267,1,1,5,0,available
ordinary_group_holdout_descriptive,S+R+P+F+SC,all,values_plus_missing,0.7518982759435511,0.7592819672131148,0.7445145846739875,0.7312148190567512,0.8023605643617536,1,1,5,0,available
ordinary_group_holdout_descriptive,S+R+P+F+BC,25,values_plus_missing,0.7442836456294317,0.7295890710382513,0.758978220220612,0.7192846504545778,0.772864048630155,1,1,5,0,available
ordinary_group_holdout_descriptive,S+R+P+F+BC,50,values_plus_missing,0.7509842204785313,0.7355890710382514,0.7663793699188112,0.7277638681724554,0.7908588839052022,1,1,5,0,available
ordinary_group_holdout_descriptive,S+R+P+F+BC,100,values_plus_missing,0.7537086645890743,0.7439890710382514,0.7634282581398971,0.7290753848817387,0.7926785497400234,1,1,5,0,available
ordinary_group_holdout_descriptive,S+R+P+F+BC,200,values_plus_missing,0.759450875695606,0.7457819672131147,0.7731197841780973,0.7351765595035158,0.7991260052167759,1,1,5,0,available
ordinary_group_holdout_descriptive,S+R+P+F+BC,all,values_plus_missing,0.7620183018368277,0.7553355191256831,0.7687010845479724,0.733644468268343,0.7991848123222599,1,1,5,0,available
ordinary_group_holdout_descriptive,S+R+P+H+SC,25,values_plus_missing,0.7118738892266113,0.7326497267759563,0.6910980516772663,0.7169903979330918,0.7735837713669682,1,1,5,0,available
ordinary_group_holdout_descriptive,S+R+P+H+SC,50,values_plus_missing,0.723221105183247,0.7378890710382514,0.7085531393282426,0.7220031274415797,0.783755172839342,1,1,5,0,available
ordinary_group_holdout_descriptive,S+R+P+H+SC,100,values_plus_missing,0.7261712416287663,0.7418890710382514,0.7104534122192813,0.723479728229988,0.7920046536004813,1,1,5,0,available
ordinary_group_holdout_descriptive,S+R+P+H+SC,200,values_plus_missing,0.7293935184367926,0.7353819672131148,0.7234050696604702,0.7258655399886356,0.7952876931059412,1,1,5,0,available
ordinary_group_holdout_descriptive,S+R+P+H+SC,all,values_plus_missing,0.7272248223983306,0.7368819672131147,0.7175676775835466,0.7217503684565665,0.7969008222816434,1,1,5,0,available
ordinary_group_holdout_descriptive,S+R+P+H+BC,25,values_plus_missing,0.7130521858591257,0.7058568306010928,0.7202475411171584,0.706122871386462,0.7633797642294506,1,1,5,0,available
ordinary_group_holdout_descriptive,S+R+P+H+BC,50,values_plus_missing,0.7306682350776199,0.7157426229508197,0.7455938472044202,0.7144150862987428,0.7739702729932174,1,1,5,0,available
ordinary_group_holdout_descriptive,S+R+P+H+BC,100,values_plus_missing,0.7202607025387944,0.7324426229508196,0.7080787821267691,0.7162063179203069,0.7841537395685565,1,1,5,0,available
ordinary_group_holdout_descriptive,S+R+P+H+BC,200,values_plus_missing,0.7308638916459416,0.7329890710382514,0.7287387122536318,0.7211752099758506,0.7877921321315846,1,1,5,0,available
ordinary_group_holdout_descriptive,S+R+P+H+BC,all,values_plus_missing,0.7279536927242634,0.7295961748633879,0.7263112105851389,0.7189583666276014,0.7889698537491467,1,1,5,0,available
ordinary_group_holdout_descriptive,S+R+P+SC+BC,25,values_plus_missing,0.7049837743941366,0.7197639344262294,0.6902036143620438,0.6934910260849492,0.7597271360365987,1,1,5,0,available
ordinary_group_holdout_descriptive,S+R+P+SC+BC,50,values_plus_missing,0.7121302462237807,0.7222032786885245,0.702057213759037,0.7126740735315008,0.7737701786498141,1,1,5,0,available
ordinary_group_holdout_descriptive,S+R+P+SC+BC,100,values_plus_missing,0.713173883504729,0.7277568306010929,0.698590936408365,0.7102663430463811,0.7799971084439165,1,1,5,0,available
ordinary_group_holdout_descriptive,S+R+P+SC+BC,200,values_plus_missing,0.7143058772955972,0.7241710382513661,0.7044407163398284,0.7124651519994318,0.7831672739025013,1,1,5,0,available
ordinary_group_holdout_descriptive,S+R+P+SC+BC,all,values_plus_missing,0.7131122202793687,0.7269710382513661,0.6992534023073714,0.7110762261169117,0.7851324966866722,1,1,5,0,available
ordinary_group_holdout_descriptive,S+R+F+H+SC,25,values_plus_missing,0.7484896947318249,0.7559213114754099,0.74105807798824,0.736601554176433,0.7921356576441514,1,1,5,0,available
ordinary_group_holdout_descriptive,S+R+F+H+SC,50,values_plus_missing,0.7595207788770695,0.7582142076502733,0.7608273501038658,0.7405993634135948,0.8025249436794055,1,1,5,0,available
ordinary_group_holdout_descriptive,S+R+F+H+SC,100,values_plus_missing,0.7514910700418418,0.7672677595628415,0.7357143805208421,0.7396682337168833,0.8052475487088632,1,1,5,0,available
ordinary_group_holdout_descriptive,S+R+F+H+SC,200,values_plus_missing,0.7569369110705491,0.7605748633879782,0.75329895875312,0.7392104375310746,0.8089739653260107,1,1,5,0,available
ordinary_group_holdout_descriptive,S+R+F+H+SC,all,values_plus_missing,0.7532532173909794,0.7610819672131147,0.745424467568844,0.7349340662511542,0.8099423868023965,1,1,5,0,available
ordinary_group_holdout_descriptive,S+R+F+H+BC,25,values_plus_missing,0.7581678568006269,0.745135519125683,0.7712001944755708,0.7317319900205981,0.7884228201929183,1,1,5,0,available
ordinary_group_holdout_descriptive,S+R+F+H+BC,50,values_plus_missing,0.7600013796303006,0.7474355191256831,0.7725672401349181,0.7354989589992187,0.7989563653615152,1,1,5,0,available
ordinary_group_holdout_descriptive,S+R+F+H+BC,100,values_plus_missing,0.7530510931518483,0.7604819672131147,0.7456202190905818,0.7371767126571489,0.8013071420336934,1,1,5,0,available
ordinary_group_holdout_descriptive,S+R+F+H+BC,200,values_plus_missing,0.7610596420759146,0.7573284153005464,0.7647908688512829,0.7433036903366717,0.8068337067368706,1,1,5,0,available
ordinary_group_holdout_descriptive,S+R+F+H+BC,all,values_plus_missing,0.7661781563007353,0.7577819672131147,0.7745743453883557,0.7415704462319768,0.8075231215515737,1,1,5,0,available
ordinary_group_holdout_descriptive,S+R+F+SC+BC,25,values_plus_missing,0.746900796511272,0.7526606557377049,0.7411409372848389,0.7281442551850273,0.7854988503699432,1,1,5,0,available
ordinary_group_holdout_descriptive,S+R+F+SC+BC,50,values_plus_missing,0.7561694243029621,0.7510677595628416,0.7612710890430826,0.7368362787662476,0.7971222996165584,1,1,5,0,available
ordinary_group_holdout_descriptive,S+R+F+SC+BC,100,values_plus_missing,0.753954384481798,0.7542213114754098,0.7536874574881862,0.7332047064777327,0.7980817771494872,1,1,5,0,available
ordinary_group_holdout_descriptive,S+R+F+SC+BC,200,values_plus_missing,0.7507854816319707,0.7519284153005464,0.7496425479633949,0.7318196649264863,0.8027283590842677,1,1,5,0,available
ordinary_group_holdout_descriptive,S+R+F+SC+BC,all,values_plus_missing,0.7559725489567606,0.7570284153005464,0.7549166826129747,0.7331569846935152,0.803545989564604,1,1,5,0,available
ordinary_group_holdout_descriptive,S+R+H+SC+BC,25,values_plus_missing,0.715629992489552,0.7451426229508197,0.6861173620282841,0.7191079133816323,0.7789904929650303,1,1,5,0,available
ordinary_group_holdout_descriptive,S+R+H+SC+BC,50,values_plus_missing,0.7163732540501937,0.7377819672131147,0.6949645408872728,0.72193348693089,0.783182950189191,1,1,5,0,available
ordinary_group_holdout_descriptive,S+R+H+SC+BC,100,values_plus_missing,0.7247630143065102,0.7471819672131147,0.7023440613999058,0.7214421190247886,0.789125985330384,1,1,5,0,available
ordinary_group_holdout_descriptive,S+R+H+SC+BC,200,values_plus_missing,0.7262428659342539,0.7379819672131147,0.714503764655393,0.7226040889800411,0.7927743933814677,1,1,5,0,available
ordinary_group_holdout_descriptive,S+R+H+SC+BC,all,values_plus_missing,0.7281191420672566,0.7437355191256831,0.7125027650088301,0.724472729774842,0.7947823091418253,1,1,5,0,available
ordinary_group_holdout_descriptive,S+P+F+H+SC,25,values_plus_missing,0.719512920271244,0.7330284153005464,0.7059974252419418,0.7137805530399886,0.7754157394334753,1,1,5,0,available
ordinary_group_holdout_descriptive,S+P+F+H+SC,50,values_plus_missing,0.732822009227955,0.7331213114754098,0.7325227069805003,0.7290135130335962,0.7932054112223632,1,1,5,0,available
ordinary_group_holdout_descriptive,S+P+F+H+SC,100,values_plus_missing,0.7320744443585274,0.7412748633879781,0.7228740253290767,0.7264187797428794,0.7974256475836051,1,1,5,0,available
ordinary_group_holdout_descriptive,S+P+F+H+SC,200,values_plus_missing,0.740066074218485,0.7448819672131147,0.7352501812238553,0.7310394692449748,0.798017388528031,1,1,5,0,available
ordinary_group_holdout_descriptive,S+P+F+H+SC,all,values_plus_missing,0.7379481581497747,0.7492284153005464,0.7266679009990029,0.7301122238795369,0.7989480667331084,1,1,5,0,available
ordinary_group_holdout_descriptive,S+P+F+H+BC,25,values_plus_missing,0.7249148649113711,0.7259639344262295,0.7238657953965127,0.7178299683926415,0.770704194015885,1,1,5,0,available
ordinary_group_holdout_descriptive,S+P+F+H+BC,50,values_plus_missing,0.7335602066972711,0.7233355191256831,0.7437848942688591,0.7297138024717664,0.7885537312016554,1,1,5,0,available
ordinary_group_holdout_descriptive,S+P+F+H+BC,100,values_plus_missing,0.7462508324749675,0.7364819672131148,0.7560196977368202,0.735968408178848,0.7910458133230536,1,1,5,0,available
ordinary_group_holdout_descriptive,S+P+F+H+BC,200,values_plus_missing,0.7523124923956903,0.7401426229508197,0.7644823618405611,0.7381156110164074,0.7938655300959468,1,1,5,0,available
ordinary_group_holdout_descriptive,S+P+F+H+BC,all,values_plus_missing,0.7508586295613888,0.7443890710382514,0.7573281880845263,0.7359864425740464,0.79457830964396,1,1,5,0,available
ordinary_group_holdout_descriptive,S+P+F+SC+BC,25,values_plus_missing,0.7271671471169755,0.737335519125683,0.716998775108268,0.7157188343454791,0.7741592645666299,1,1,5,0,available
ordinary_group_holdout_descriptive,S+P+F+SC+BC,50,values_plus_missing,0.7368922735762641,0.730774863387978,0.7430096837645501,0.7271887096917395,0.7896705921333812,1,1,5,0,available
ordinary_group_holdout_descriptive,S+P+F+SC+BC,100,values_plus_missing,0.7392567183951884,0.7329748633879781,0.7455385734023986,0.7244366609844449,0.7914377474444165,1,1,5,0,available
ordinary_group_holdout_descriptive,S+P+F+SC+BC,200,values_plus_missing,0.741788416061205,0.7377819672131147,0.7457948649092954,0.7254038594715534,0.7925345062007363,1,1,5,0,available
ordinary_group_holdout_descriptive,S+P+F+SC+BC,all,values_plus_missing,0.7392375916702858,0.7444355191256831,0.7340396642148885,0.724128411552667,0.7936541253495052,1,1,5,0,available
ordinary_group_holdout_descriptive,S+P+H+SC+BC,25,values_plus_missing,0.6794389311118284,0.6867497267759562,0.6721281354477006,0.6884757995063571,0.7558522751246433,1,1,5,0,available
ordinary_group_holdout_descriptive,S+P+H+SC+BC,50,values_plus_missing,0.7016886532133603,0.6960961748633879,0.7072811315633326,0.7117920528801761,0.7651899776226543,1,1,5,0,available
ordinary_group_holdout_descriptive,S+P+H+SC+BC,100,values_plus_missing,0.6988810766416562,0.7029355191256831,0.6948266341576294,0.7106778047091413,0.7712946665091024,1,1,5,0,available
ordinary_group_holdout_descriptive,S+P+H+SC+BC,200,values_plus_missing,0.697641865378037,0.704296174863388,0.6909875558926858,0.7116708062539954,0.7717039507664264,1,1,5,0,available
ordinary_group_holdout_descriptive,S+P+H+SC+BC,all,values_plus_missing,0.6977481277120303,0.706996174863388,0.6885000805606726,0.7110221229313161,0.7739646617710687,1,1,5,0,available
ordinary_group_holdout_descriptive,S+F+H+SC+BC,25,values_plus_missing,0.726256911301493,0.7446426229508196,0.7078711996521663,0.7243811705376803,0.7836480136494173,1,1,5,0,available
ordinary_group_holdout_descriptive,S+F+H+SC+BC,50,values_plus_missing,0.7348050811884381,0.7332284153005464,0.73638174707633,0.7318093991938348,0.793839506303107,1,1,5,0,available
ordinary_group_holdout_descriptive,S+F+H+SC+BC,100,values_plus_missing,0.7461949315973169,0.7420748633879781,0.7503149998066557,0.7313180312877334,0.7958263406030132,1,1,5,0,available
ordinary_group_holdout_descriptive,S+F+H+SC+BC,200,values_plus_missing,0.7465934916196164,0.746774863387978,0.7464121198512549,0.7309221069500675,0.7971754002969086,1,1,5,0,available
ordinary_group_holdout_descriptive,S+F+H+SC+BC,all,values_plus_missing,0.7458747903158661,0.7532819672131147,0.7384676134186176,0.7292765377512607,0.7978780462842903,1,1,5,0,available
ordinary_group_holdout_descriptive,D+R+P+F+H,25,values_plus_missing,0.7217165511662852,0.6815710382513661,0.7618620640812043,0.6989088358548192,0.7548147456149843,1,1,5,0,available
ordinary_group_holdout_descriptive,D+R+P+F+H,50,values_plus_missing,0.7307682037156262,0.7138639344262295,0.7476724730050229,0.7062840711343135,0.7672630270879063,1,1,5,0,available
ordinary_group_holdout_descriptive,D+R+P+F+H,100,values_plus_missing,0.7273717097393415,0.7124103825136612,0.742333036965022,0.705892031127921,0.7720617604661314,1,1,5,0,available
ordinary_group_holdout_descriptive,D+R+P+F+H,200,values_plus_missing,0.7344978991293345,0.7215426229508196,0.7474531753078493,0.7130519634739683,0.7770190986227278,1,1,5,0,available
ordinary_group_holdout_descriptive,D+R+P+F+H,all,values_plus_missing,0.740711538600032,0.7218497267759563,0.7595733504241077,0.714854848089353,0.7756370163864212,1,1,5,0,available
ordinary_group_holdout_descriptive,D+R+P+F+SC,25,values_plus_missing,0.7183665598956108,0.6802284153005465,0.7565047044906752,0.6907042958484266,0.7542825171231909,1,1,5,0,available
ordinary_group_holdout_descriptive,D+R+P+F+SC,50,values_plus_missing,0.7278072659481952,0.7056890710382514,0.749925460858139,0.6997251003267277,0.7674446987631903,1,1,5,0,available
ordinary_group_holdout_descriptive,D+R+P+F+SC,100,values_plus_missing,0.7259163970553678,0.7116890710382513,0.7401437230724843,0.7020554216386107,0.7708624001481053,1,1,5,0,available
ordinary_group_holdout_descriptive,D+R+P+F+SC,200,values_plus_missing,0.7320052494462176,0.7088355191256831,0.7551749797667521,0.701410622647205,0.7750312328198679,1,1,5,0,available
ordinary_group_holdout_descriptive,D+R+P+F+SC,all,values_plus_missing,0.7320545330354924,0.7109426229508197,0.7531664431201652,0.7025648239399105,0.7740123610976031,1,1,5,0,available
ordinary_group_holdout_descriptive,D+R+P+F+BC,25,values_plus_missing,0.7140255281076371,0.6632639344262294,0.7647871217890446,0.6804996026884012,0.7374409790738164,1,1,5,0,available
ordinary_group_holdout_descriptive,D+R+P+F+BC,50,values_plus_missing,0.7201111321287981,0.6816710382513661,0.75855122600623,0.6886009304638113,0.748623412273455,1,1,5,0,available
ordinary_group_holdout_descriptive,D+R+P+F+BC,100,values_plus_missing,0.7180502285423889,0.6805710382513661,0.7555294188334116,0.6849036019958803,0.752596251753798,1,1,5,0,available
ordinary_group_holdout_descriptive,D+R+P+F+BC,200,values_plus_missing,0.7242804006481836,0.6886639344262295,0.7598968668701375,0.6965707458803893,0.7589045359512602,1,1,5,0,available
ordinary_group_holdout_descriptive,D+R+P+F+BC,all,values_plus_missing,0.7250433553867934,0.6882639344262296,0.7618227763473574,0.6948375017756943,0.7573542283385619,1,1,5,0,available
ordinary_group_holdout_descriptive,D+R+P+H+SC,25,values_plus_missing,0.715915240908954,0.7000530054644809,0.731777476353427,0.7085306018715818,0.7668723229480674,1,1,5,0,available
ordinary_group_holdout_descriptive,D+R+P+H+SC,50,values_plus_missing,0.7213866144971433,0.717731693989071,0.7250415350052154,0.7149902447794587,0.7759440709182349,1,1,5,0,available
ordinary_group_holdout_descriptive,D+R+P+H+SC,100,values_plus_missing,0.7203199427351512,0.7269639344262295,0.7136759510440728,0.7154003191810498,0.7824583897482038,1,1,5,0,available
ordinary_group_holdout_descriptive,D+R+P+H+SC,200,values_plus_missing,0.7240009369747729,0.7265103825136612,0.7214914914358844,0.7186140484054265,0.7843978527037473,1,1,5,0,available
ordinary_group_holdout_descriptive,D+R+P+H+SC,all,values_plus_missing,0.7244268123462442,0.7191174863387978,0.7297361383536906,0.7155912063179203,0.7840213782976486,1,1,5,0,available
ordinary_group_holdout_descriptive,D+R+P+H+BC,25,values_plus_missing,0.7056622960388439,0.6682814207650274,0.7430431713126605,0.686662649158321,0.7462267097788863,1,1,5,0,available
ordinary_group_holdout_descriptive,D+R+P+H+BC,50,values_plus_missing,0.7056047904885678,0.6987672131147541,0.7124423678623817,0.6900400752006535,0.7536689003038674,1,1,5,0,available
ordinary_group_holdout_descriptive,D+R+P+H+BC,100,values_plus_missing,0.7056079465801639,0.7080601092896175,0.7031557838707104,0.6930848360146318,0.7611055271172371,1,1,5,0,available
ordinary_group_holdout_descriptive,D+R+P+H+BC,200,values_plus_missing,0.707190605802425,0.7058994535519126,0.7084817580529373,0.6935026790787697,0.7626330761422605,1,1,5,0,available
ordinary_group_holdout_descriptive,D+R+P+H+BC,all,values_plus_missing,0.7122446501552089,0.7074994535519126,0.7169898467585051,0.6965990460082392,0.7619360481964499,1,1,5,0,available
ordinary_group_holdout_descriptive,D+R+P+SC+BC,25,values_plus_missing,0.6884598489198852,0.678227868852459,0.6986918289873115,0.6843425935790894,0.7480627239605431,1,1,5,0,available
ordinary_group_holdout_descriptive,D+R+P+SC+BC,50,values_plus_missing,0.6971233873930328,0.6891601092896175,0.7050866654964482,0.6877097538887704,0.7566433227841564,1,1,5,0,available
ordinary_group_holdout_descriptive,D+R+P+SC+BC,100,values_plus_missing,0.7041112364834815,0.6959136612021858,0.7123088117647772,0.6932757231515023,0.7641821006808004,1,1,5,0,available
ordinary_group_holdout_descriptive,D+R+P+SC+BC,200,values_plus_missing,0.703772326370333,0.6975601092896175,0.7099845434510487,0.6941075249485049,0.7669997259987404,1,1,5,0,available
ordinary_group_holdout_descriptive,D+R+P+SC+BC,all,values_plus_missing,0.7023027508456307,0.6965672131147541,0.7080382885765072,0.691842959816038,0.7667317110264236,1,1,5,0,available
ordinary_group_holdout_descriptive,D+R+F+H+SC,25,values_plus_missing,0.7363621536056097,0.6975890710382513,0.7751352361729681,0.7088607700298317,0.7720592547163985,1,1,5,0,available
ordinary_group_holdout_descriptive,D+R+F+H+SC,50,values_plus_missing,0.7347061147010667,0.7196284153005464,0.7497838141015869,0.7152249693692734,0.7794732816793075,1,1,5,0,available
ordinary_group_holdout_descriptive,D+R+F+H+SC,100,values_plus_missing,0.7412352426773998,0.7331819672131148,0.7492885181416847,0.718035005593437,0.7826198030725531,1,1,5,0,available
ordinary_group_holdout_descriptive,D+R+F+H+SC,200,values_plus_missing,0.7405938646850538,0.7334748633879782,0.7477128659821296,0.7211094537964344,0.785299406005386,1,1,5,0,available
ordinary_group_holdout_descriptive,D+R+F+H+SC,all,values_plus_missing,0.7462491764582251,0.7365748633879781,0.7559234895284722,0.7198598089352937,0.7852197235908603,1,1,5,0,available
ordinary_group_holdout_descriptive,D+R+F+H+BC,25,values_plus_missing,0.7213822654298319,0.6816032786885245,0.7611612521711392,0.6992789571347396,0.7583664576689001,1,1,5,0,available
ordinary_group_holdout_descriptive,D+R+F+H+BC,50,values_plus_missing,0.7285186689637758,0.7134639344262295,0.7435734035013222,0.7046204675403083,0.7653911834385465,1,1,5,0,available
ordinary_group_holdout_descriptive,D+R+F+H+BC,100,values_plus_missing,0.73128566636162,0.7199497267759563,0.7426216059472837,0.7112490788585837,0.7684411436778685,1,1,5,0,available
ordinary_group_holdout_descriptive,D+R+F+H+BC,200,values_plus_missing,0.7308268797055817,0.7208426229508197,0.7408111364603437,0.7123813614248171,0.7729256798021434,1,1,5,0,available
ordinary_group_holdout_descriptive,D+R+F+H+BC,all,values_plus_missing,0.7321104592408956,0.720696174863388,0.7435247436184031,0.7104172770615811,0.7724179487432387,1,1,5,0,available
ordinary_group_holdout_descriptive,D+R+F+SC+BC,25,values_plus_missing,0.7221405538341911,0.6775677595628415,0.7667133481055406,0.690037578130549,0.7566521307935284,1,1,5,0,available
ordinary_group_holdout_descriptive,D+R+F+SC+BC,50,values_plus_missing,0.7200182957066541,0.6916890710382514,0.7483475203750568,0.691806891025641,0.7670636081491942,1,1,5,0,available
ordinary_group_holdout_descriptive,D+R+F+SC+BC,100,values_plus_missing,0.7274977038272713,0.707996174863388,0.7469992327911547,0.700208699570282,0.7687048204011714,1,1,5,0,available
ordinary_group_holdout_descriptive,D+R+F+SC+BC,200,values_plus_missing,0.7269358792010108,0.7098890710382514,0.7439826873637703,0.7013629008629874,0.7717243728945767,1,1,5,0,available
ordinary_group_holdout_descriptive,D+R+F+SC+BC,all,values_plus_missing,0.7262048095295585,0.7075355191256831,0.7448740999334338,0.6988455767455075,0.7708044954121387,1,1,5,0,available
ordinary_group_holdout_descriptive,D+R+H+SC+BC,25,values_plus_missing,0.7123176091665513,0.6983459016393443,0.7262893166937582,0.7039318310959586,0.7666954658220231,1,1,5,0,available
ordinary_group_holdout_descriptive,D+R+H+SC+BC,50,values_plus_missing,0.7102856741885204,0.7159710382513661,0.7046003101256746,0.7058146219546843,0.7710365528983838,1,1,5,0,available
ordinary_group_holdout_descriptive,D+R+H+SC+BC,100,values_plus_missing,0.7116864387470301,0.7206639344262296,0.7027089430678307,0.7089548263370978,0.7760380883528049,1,1,5,0,available
ordinary_group_holdout_descriptive,D+R+H+SC+BC,200,values_plus_missing,0.7052881759879994,0.7231103825136612,0.6874659694623375,0.7065728989097237,0.7777348194249594,1,1,5,0,available
ordinary_group_holdout_descriptive,D+R+H+SC+BC,all,values_plus_missing,0.7135811557640401,0.7222174863387979,0.7049448251892824,0.7086543455678671,0.7785540576183524,1,1,5,0,available
ordinary_group_holdout_descriptive,D+P+F+H+SC,25,values_plus_missing,0.7012796114832789,0.6611710382513661,0.7413881847151917,0.6933287165281625,0.7530242525506031,1,1,5,0,available
ordinary_group_holdout_descriptive,D+P+F+H+SC,50,values_plus_missing,0.7114354417958979,0.6806355191256831,0.7422353644661127,0.702562326869806,0.7682003235844531,1,1,5,0,available
ordinary_group_holdout_descriptive,D+P+F+H+SC,100,values_plus_missing,0.7139519753210742,0.691896174863388,0.7360077757787605,0.7096964561581078,0.7714949835375977,1,1,5,0,available
ordinary_group_holdout_descriptive,D+P+F+H+SC,200,values_plus_missing,0.7180897617752816,0.7013819672131147,0.7347975563374485,0.7122795364550039,0.7726047090067837,1,1,5,0,available
ordinary_group_holdout_descriptive,D+P+F+H+SC,all,values_plus_missing,0.7174395846937172,0.7030890710382514,0.7317900983491831,0.7129024167199375,0.7714317220720308,1,1,5,0,available
ordinary_group_holdout_descriptive,D+P+F+H+BC,25,values_plus_missing,0.6970340177262087,0.6454459016393443,0.7486221338130729,0.683354863626678,0.73190193463743,1,1,5,0,available
ordinary_group_holdout_descriptive,D+P+F+H+BC,50,values_plus_missing,0.7034956565159529,0.6570245901639344,0.7499667228679715,0.6888034705945024,0.7447819114667784,1,1,5,0,available
ordinary_group_holdout_descriptive,D+P+F+H+BC,100,values_plus_missing,0.7048783919573152,0.6631639344262295,0.746592849488401,0.6903935493465445,0.7476864300249638,1,1,5,0,available
ordinary_group_holdout_descriptive,D+P+F+H+BC,200,values_plus_missing,0.7110879026071615,0.678556830601093,0.7436189746132299,0.6942662276262519,0.7508963563959828,1,1,5,0,available
ordinary_group_holdout_descriptive,D+P+F+H+BC,all,values_plus_missing,0.7095404514762067,0.6774497267759563,0.741631176176457,0.6931120263335464,0.7487888486090594,1,1,5,0,available
ordinary_group_holdout_descriptive,D+P+F+SC+BC,25,values_plus_missing,0.6989348899080303,0.662196174863388,0.7356736049526725,0.6861171780666241,0.742988361501053,1,1,5,0,available
ordinary_group_holdout_descriptive,D+P+F+SC+BC,50,values_plus_missing,0.704532762944751,0.667396174863388,0.741669351026114,0.6936730347503374,0.7545157325136291,1,1,5,0,available
ordinary_group_holdout_descriptive,D+P+F+SC+BC,100,values_plus_missing,0.7132596325764105,0.6765032786885246,0.7500159864642963,0.6960471935151644,0.7559301803025082,1,1,5,0,available
ordinary_group_holdout_descriptive,D+P+F+SC+BC,200,values_plus_missing,0.7082705293807869,0.681296174863388,0.7352448838981859,0.6931081420022729,0.7575967748543044,1,1,5,0,available
ordinary_group_holdout_descriptive,D+P+F+SC+BC,all,values_plus_missing,0.7164540849513327,0.6875103825136611,0.7453977873890042,0.6960394248526174,0.7564237392757033,1,1,5,0,available
ordinary_group_holdout_descriptive,D+P+H+SC+BC,25,values_plus_missing,0.664373705688758,0.6417562841530055,0.6869911272245104,0.6789134082676327,0.7341445678913358,1,1,5,0,available
ordinary_group_holdout_descriptive,D+P+H+SC+BC,50,values_plus_missing,0.671543635491102,0.6538207650273224,0.6892665059548814,0.6853769355067831,0.7449340169672982,1,1,5,0,available
ordinary_group_holdout_descriptive,D+P+H+SC+BC,100,values_plus_missing,0.6780094518513361,0.6607349726775956,0.6952839310250766,0.6871978545173663,0.7496411055570338,1,1,5,0,available
ordinary_group_holdout_descriptive,D+P+H+SC+BC,200,values_plus_missing,0.6817956169620363,0.6751601092896176,0.6884311246344551,0.6878129661197528,0.7483463630115621,1,1,5,0,available
ordinary_group_holdout_descriptive,D+P+H+SC+BC,all,values_plus_missing,0.6822543856327709,0.6674814207650274,0.6970273505005143,0.6871939701860927,0.7485536516612629,1,1,5,0,available
ordinary_group_holdout_descriptive,D+F+H+SC+BC,25,values_plus_missing,0.70153761455406,0.6696032786885245,0.7334719504195956,0.6908513455323531,0.754108014543656,1,1,5,0,available
ordinary_group_holdout_descriptive,D+F+H+SC+BC,50,values_plus_missing,0.7092789838167413,0.6775497267759563,0.7410082408575264,0.7003454835215569,0.7628173795316437,1,1,5,0,available
ordinary_group_holdout_descriptive,D+F+H+SC+BC,100,values_plus_missing,0.7137469743555038,0.685396174863388,0.7420977738476195,0.6972890697137581,0.7636003189934308,1,1,5,0,available
ordinary_group_holdout_descriptive,D+F+H+SC+BC,200,values_plus_missing,0.7121028365593298,0.6937890710382513,0.7304166020804083,0.6996632284785851,0.764773616698118,1,1,5,0,available
ordinary_group_holdout_descriptive,D+F+H+SC+BC,all,values_plus_missing,0.7177422591286557,0.6965426229508196,0.738941895306492,0.7017885125896726,0.7641562078073323,1,1,5,0,available
ordinary_group_holdout_descriptive,R+P+F+H+SC,25,values_plus_missing,0.7144522458896925,0.7010355191256831,0.7278689726537019,0.6960754936430145,0.7544531482376472,1,1,5,0,available
ordinary_group_holdout_descriptive,R+P+F+H+SC,50,values_plus_missing,0.7174039130490529,0.7245677595628416,0.7102400665352643,0.7034107758008381,0.7672532529815077,1,1,5,0,available
ordinary_group_holdout_descriptive,R+P+F+H+SC,100,values_plus_missing,0.7249090184512963,0.7313284153005465,0.7184896216020462,0.7059938560977341,0.7714954389116029,1,1,5,0,available
ordinary_group_holdout_descriptive,R+P+F+H+SC,200,values_plus_missing,0.725896174266436,0.7335284153005464,0.7182639332323256,0.7090902230272036,0.7761531451146164,1,1,5,0,available
ordinary_group_holdout_descriptive,R+P+F+H+SC,all,values_plus_missing,0.7349362538188219,0.7436819672131147,0.726190540424529,0.7143995489736488,0.7750180183173763,1,1,5,0,available
ordinary_group_holdout_descriptive,R+P+F+H+BC,25,values_plus_missing,0.7137292760339008,0.6934497267759563,0.7340088252918453,0.6852401515555082,0.7347648572537697,1,1,5,0,available
ordinary_group_holdout_descriptive,R+P+F+H+BC,50,values_plus_missing,0.7032664397127171,0.7029032786885245,0.7036296007369097,0.6782774877477094,0.7451896366250942,1,1,5,0,available
ordinary_group_holdout_descriptive,R+P+F+H+BC,100,values_plus_missing,0.726545230610925,0.7251710382513661,0.7279194229704841,0.6987862019674693,0.7516613533985745,1,1,5,0,available
ordinary_group_holdout_descriptive,R+P+F+H+BC,200,values_plus_missing,0.723566982225621,0.7199639344262294,0.7271700300250127,0.6990905670679736,0.7587158452540269,1,1,5,0,available
ordinary_group_holdout_descriptive,R+P+F+H+BC,all,values_plus_missing,0.7224148804703407,0.7174639344262295,0.7273658265144521,0.6995780506428013,0.7576213836231368,1,1,5,0,available
ordinary_group_holdout_descriptive,R+P+F+SC+BC,25,values_plus_missing,0.7013633601075708,0.6771213114754098,0.725605408739732,0.6709680086476313,0.7307199282361088,1,1,5,0,available
ordinary_group_holdout_descriptive,R+P+F+SC+BC,50,values_plus_missing,0.7017116523634339,0.6949284153005465,0.7084948894263213,0.6805717402691953,0.7432552247842964,1,1,5,0,available
ordinary_group_holdout_descriptive,R+P+F+SC+BC,100,values_plus_missing,0.7057674314014665,0.7110819672131148,0.7004528955898182,0.6799591257369131,0.7470568523454167,1,1,5,0,available
ordinary_group_holdout_descriptive,R+P+F+SC+BC,200,values_plus_missing,0.7174067874440943,0.7116748633879781,0.7231387115002104,0.6890431893245259,0.7536302851256899,1,1,5,0,available
ordinary_group_holdout_descriptive,R+P+F+SC+BC,all,values_plus_missing,0.7178524890584295,0.7169284153005464,0.7187765628163126,0.6891089455039421,0.7530234514299581,1,1,5,0,available
ordinary_group_holdout_descriptive,R+P+H+SC+BC,25,values_plus_missing,0.6871319247370856,0.7125245901639344,0.6617392593102368,0.6919486691171248,0.7424433916953259,1,1,5,0,available
ordinary_group_holdout_descriptive,R+P+H+SC+BC,50,values_plus_missing,0.6903988012166778,0.7303639344262295,0.6504336680071262,0.6945020620250018,0.7515670075082663,1,1,5,0,available
ordinary_group_holdout_descriptive,R+P+H+SC+BC,100,values_plus_missing,0.6912294021784151,0.7469497267759563,0.635509077580874,0.7001299031358761,0.7577915088592129,1,1,5,0,available
ordinary_group_holdout_descriptive,R+P+H+SC+BC,200,values_plus_missing,0.6951681212216974,0.7361710382513661,0.6541652041920285,0.6973637043646566,0.760264566402964,1,1,5,0,available
ordinary_group_holdout_descriptive,R+P+H+SC+BC,all,values_plus_missing,0.6931510778604648,0.7358174863387978,0.6504846693821317,0.6966015430783437,0.7598246948728056,1,1,5,0,available
ordinary_group_holdout_descriptive,R+F+H+SC+BC,25,values_plus_missing,0.707934983317689,0.6935819672131147,0.7222879994222633,0.6900259251367284,0.7557610182097956,1,1,5,0,available
ordinary_group_holdout_descriptive,R+F+H+SC+BC,50,values_plus_missing,0.7012506068970865,0.7106284153005464,0.6918727984936265,0.6925096775339157,0.76356229882888,1,1,5,0,available
ordinary_group_holdout_descriptive,R+F+H+SC+BC,100,values_plus_missing,0.7207638331491317,0.7276748633879782,0.7138528029102852,0.698668839672562,0.766747121603195,1,1,5,0,available
ordinary_group_holdout_descriptive,R+F+H+SC+BC,200,values_plus_missing,0.7253362284476162,0.7322213114754098,0.7184511454198227,0.7056237348178138,0.77113728391169,1,1,5,0,available
ordinary_group_holdout_descriptive,R+F+H+SC+BC,all,values_plus_missing,0.7288875607087548,0.7371213114754098,0.7206538099420999,0.706660573815612,0.7707264045976753,1,1,5,0,available
ordinary_group_holdout_descriptive,P+F+H+SC+BC,25,values_plus_missing,0.6857693834710432,0.6754497267759563,0.6960890401661303,0.6782491876198593,0.7400673121486704,1,1,5,0,available
ordinary_group_holdout_descriptive,P+F+H+SC+BC,50,values_plus_missing,0.698410183702337,0.6772426229508197,0.7195777444538543,0.6869631299275516,0.7542513862422637,1,1,5,0,available
ordinary_group_holdout_descriptive,P+F+H+SC+BC,100,values_plus_missing,0.7062780048529733,0.692535519125683,0.7200204905802637,0.6912278482136516,0.7568717770626977,1,1,5,0,available
ordinary_group_holdout_descriptive,P+F+H+SC+BC,200,values_plus_missing,0.7044015502897096,0.6970426229508198,0.7117604776285994,0.6939063720789829,0.7583137423494161,1,1,5,0,available
ordinary_group_holdout_descriptive,P+F+H+SC+BC,all,values_plus_missing,0.7082533865852216,0.7029890710382514,0.7135177021321919,0.6951740513353222,0.7580286973820841,1,1,5,0,available
ordinary_group_holdout_descriptive,S+D+R+P+F+H,25,values_plus_missing,0.7574623587625462,0.7343426229508196,0.7805820945742727,0.7309775973968322,0.7842126808561114,1,1,5,0,available
ordinary_group_holdout_descriptive,S+D+R+P+F+H,50,values_plus_missing,0.7623449987395796,0.7465819672131148,0.7781080302660444,0.7376500461680517,0.8026787438063723,1,1,5,0,available
ordinary_group_holdout_descriptive,S+D+R+P+F+H,100,values_plus_missing,0.7561929043522868,0.7510284153005464,0.7613573934040273,0.7404201292705448,0.8065692577963433,1,1,5,0,available
ordinary_group_holdout_descriptive,S+D+R+P+F+H,200,values_plus_missing,0.763878438154036,0.7571748633879781,0.770582012920094,0.7488993469884224,0.8126946999550541,1,1,5,0,available
ordinary_group_holdout_descriptive,S+D+R+P+F+H,all,values_plus_missing,0.7712896061443381,0.7579748633879781,0.784604348900698,0.749731148785425,0.812720247483065,1,1,5,0,available
ordinary_group_holdout_descriptive,S+D+R+P+F+SC,25,values_plus_missing,0.738219193076246,0.7323819672131148,0.7440564189393771,0.722912338411819,0.7837636138798223,1,1,5,0,available
ordinary_group_holdout_descriptive,S+D+R+P+F+SC,50,values_plus_missing,0.7566477577281525,0.7528819672131147,0.7604135482431903,0.7392401249200937,0.8034801190918733,1,1,5,0,available
ordinary_group_holdout_descriptive,S+D+R+P+F+SC,100,values_plus_missing,0.7576568296315771,0.7553819672131147,0.7599316920500394,0.741456968268343,0.8062008348885709,1,1,5,0,available
ordinary_group_holdout_descriptive,S+D+R+P+F+SC,200,values_plus_missing,0.7591293782425035,0.7572819672131148,0.760976789271892,0.7400461236593507,0.810576266127596,1,1,5,0,available
ordinary_group_holdout_descriptive,S+D+R+P+F+SC,all,values_plus_missing,0.7580523094825729,0.7562355191256831,0.7598690998394626,0.7378511990375737,0.8108587243319949,1,1,5,0,available
ordinary_group_holdout_descriptive,S+D+R+P+F+BC,25,values_plus_missing,0.7457314149584261,0.7230497267759562,0.768413103140896,0.7259468334931458,0.7800405607498982,1,1,5,0,available
ordinary_group_holdout_descriptive,S+D+R+P+F+BC,50,values_plus_missing,0.7637168336911466,0.7439819672131147,0.7834517001691786,0.7405413758967256,0.7988920414237364,1,1,5,0,available
ordinary_group_holdout_descriptive,S+D+R+P+F+BC,100,values_plus_missing,0.758064927720878,0.7421819672131147,0.7739478882286411,0.7385076510227999,0.8014831538480512,1,1,5,0,available
ordinary_group_holdout_descriptive,S+D+R+P+F+BC,200,values_plus_missing,0.7645647047815041,0.7455748633879782,0.7835545461750298,0.7416955771894311,0.8079813295670428,1,1,5,0,available
ordinary_group_holdout_descriptive,S+D+R+P+F+BC,all,values_plus_missing,0.7650945404986873,0.7521748633879781,0.7780142176093964,0.7410907313196959,0.8078017754001131,1,1,5,0,available
ordinary_group_holdout_descriptive,S+D+R+P+H+SC,25,values_plus_missing,0.7216738533782592,0.7266426229508196,0.7167050838056986,0.7203472925101215,0.7824598490803234,1,1,5,0,available
ordinary_group_holdout_descriptive,S+D+R+P+H+SC,50,values_plus_missing,0.7362013127635477,0.7362961748633879,0.7361064506637075,0.729170828450174,0.7936206467553959,1,1,5,0,available
ordinary_group_holdout_descriptive,S+D+R+P+H+SC,100,values_plus_missing,0.7331981383254581,0.7362497267759563,0.7301465498749599,0.7269281820441793,0.8031154504180279,1,1,5,0,available
ordinary_group_holdout_descriptive,S+D+R+P+H+SC,200,values_plus_missing,0.7411436652762817,0.7366284153005465,0.7456589152520169,0.7342093610164074,0.8069676506603084,1,1,5,0,available
ordinary_group_holdout_descriptive,S+D+R+P+H+SC,all,values_plus_missing,0.7372559219532021,0.737535519125683,0.7369763247807212,0.7307647915334896,0.8081116948181313,1,1,5,0,available
ordinary_group_holdout_descriptive,S+D+R+P+H+BC,25,values_plus_missing,0.7279650591552466,0.7089174863387979,0.7470126319716952,0.7139572901129341,0.7725073623104396,1,1,5,0,available
ordinary_group_holdout_descriptive,S+D+R+P+H+BC,50,values_plus_missing,0.7405094749930783,0.7215639344262296,0.759455015559927,0.7284641576106258,0.7856150071601797,1,1,5,0,available
ordinary_group_holdout_descriptive,S+D+R+P+H+BC,100,values_plus_missing,0.7324569839620876,0.7282426229508197,0.7366713449733556,0.7274891904609702,0.7959409439826788,1,1,5,0,available
ordinary_group_holdout_descriptive,S+D+R+P+H+BC,200,values_plus_missing,0.7443750881188089,0.7297032786885246,0.7590468975490934,0.7341216861105192,0.8007729441768211,1,1,5,0,available
ordinary_group_holdout_descriptive,S+D+R+P+H+BC,all,values_plus_missing,0.7460800655476785,0.7333961748633879,0.7587639562319689,0.7357375679203069,0.8013883692491313,1,1,5,0,available
ordinary_group_holdout_descriptive,S+D+R+P+SC+BC,25,values_plus_missing,0.7239190835760204,0.7214497267759563,0.7263884403760845,0.7163056458200157,0.774366944158027,1,1,5,0,available
ordinary_group_holdout_descriptive,S+D+R+P+SC+BC,50,values_plus_missing,0.7355125066536662,0.7277032786885246,0.7433217346188078,0.7249460632857447,0.7896202711938113,1,1,5,0,available
ordinary_group_holdout_descriptive,S+D+R+P+SC+BC,100,values_plus_missing,0.7310482586542468,0.7304103825136612,0.7316861347948325,0.7243889392002273,0.7972535658975988,1,1,5,0,available
ordinary_group_holdout_descriptive,S+D+R+P+SC+BC,200,values_plus_missing,0.7326090142965246,0.727096174863388,0.7381218537296612,0.7244147422579729,0.801335468053486,1,1,5,0,available
ordinary_group_holdout_descriptive,S+D+R+P+SC+BC,all,values_plus_missing,0.7408096213413429,0.7301426229508197,0.751476619731866,0.7270017068861425,0.8029977697181906,1,1,5,0,available
ordinary_group_holdout_descriptive,S+D+R+F+H+SC,25,values_plus_missing,0.7556478512792357,0.7504284153005465,0.7608672872579249,0.7424538541444705,0.7966324372057902,1,1,5,0,available
ordinary_group_holdout_descriptive,S+D+R+F+H+SC,50,values_plus_missing,0.7600088773726429,0.7593748633879781,0.7606428913573077,0.7458687362383692,0.8078642176318003,1,1,5,0,available
ordinary_group_holdout_descriptive,S+D+R+F+H+SC,100,values_plus_missing,0.7597068711062405,0.7626748633879782,0.7567388788245029,0.7456120929220825,0.8110346642407282,1,1,5,0,available
ordinary_group_holdout_descriptive,S+D+R+F+H+SC,200,values_plus_missing,0.7593004636844759,0.7590284153005464,0.7595725120684054,0.7444359729029051,0.8151207489171366,1,1,5,0,available
ordinary_group_holdout_descriptive,S+D+R+F+H+SC,all,values_plus_missing,0.7623474417223954,0.7632284153005464,0.7614664681442443,0.745982214202003,0.8161746346955876,1,1,5,0,available
ordinary_group_holdout_descriptive,S+D+R+F+H+BC,25,values_plus_missing,0.7650337601651203,0.7389355191256831,0.7911320012045574,0.7371922499822431,0.7928516356993998,1,1,5,0,available
ordinary_group_holdout_descriptive,S+D+R+F+H+BC,50,values_plus_missing,0.7718646263439565,0.7512819672131148,0.7924472854747981,0.7467998659350806,0.8042259433757394,1,1,5,0,available
ordinary_group_holdout_descriptive,S+D+R+F+H+BC,100,values_plus_missing,0.7585591828613727,0.7587284153005465,0.7583899504221989,0.7436738116165922,0.8070778777052855,1,1,5,0,available
ordinary_group_holdout_descriptive,S+D+R+F+H+BC,200,values_plus_missing,0.7643194833892992,0.7531819672131148,0.7754569995654835,0.7472138246679452,0.8127487764192509,1,1,5,0,available
ordinary_group_holdout_descriptive,S+D+R+F+H+BC,all,values_plus_missing,0.7678102654437127,0.7561284153005465,0.7794921155868789,0.7468656221144967,0.813054313648605,1,1,5,0,available
ordinary_group_holdout_descriptive,S+D+R+F+SC+BC,25,values_plus_missing,0.7471604300554948,0.7383284153005464,0.7559924448104431,0.7308821538283969,0.7929632708212361,1,1,5,0,available
ordinary_group_holdout_descriptive,S+D+R+F+SC+BC,50,values_plus_missing,0.76449507752925,0.7562284153005464,0.7727617397579535,0.744622975708502,0.805476401962455,1,1,5,0,available
ordinary_group_holdout_descriptive,S+D+R+F+SC+BC,100,values_plus_missing,0.7616900831919526,0.7568284153005465,0.7665517510833587,0.7441832139178919,0.8073648292730967,1,1,5,0,available
ordinary_group_holdout_descriptive,S+D+R+F+SC+BC,200,values_plus_missing,0.7598337511846129,0.7525284153005465,0.7671390870686793,0.7415743305632503,0.8115176020333864,1,1,5,0,available
ordinary_group_holdout_descriptive,S+D+R+F+SC+BC,all,values_plus_missing,0.7599010807906937,0.7586748633879782,0.7611272981934093,0.7403685231550536,0.8125256407037403,1,1,5,0,available
ordinary_group_holdout_descriptive,S+D+R+H+SC+BC,25,values_plus_missing,0.730819412606179,0.7315497267759563,0.7300890984364017,0.726191823815612,0.7875966960282288,1,1,5,0,available
ordinary_group_holdout_descriptive,S+D+R+H+SC+BC,50,values_plus_missing,0.7410077785415423,0.7375032786885246,0.7445122783945601,0.7297240682044179,0.7928625047474703,1,1,5,0,available
ordinary_group_holdout_descriptive,S+D+R+H+SC+BC,100,values_plus_missing,0.733490504768121,0.737496174863388,0.7294848346728541,0.7290534661552668,0.8007322619781634,1,1,5,0,available
ordinary_group_holdout_descriptive,S+D+R+H+SC+BC,200,values_plus_missing,0.7421642807604941,0.7340890710382514,0.7502394904827369,0.7335168402407841,0.8050072055271933,1,1,5,0,available
ordinary_group_holdout_descriptive,S+D+R+H+SC+BC,all,values_plus_missing,0.7449435314405636,0.7378355191256831,0.752051543755444,0.7329597161552668,0.8066133595023903,1,1,5,0,available
ordinary_group_holdout_descriptive,S+D+P+F+H+SC,25,values_plus_missing,0.7221866880609789,0.7250355191256831,0.7193378569962746,0.7167454076106258,0.7796001688285751,1,1,5,0,available
ordinary_group_holdout_descriptive,S+D+P+F+H+SC,50,values_plus_missing,0.7416382864841737,0.7306284153005465,0.7526481576678011,0.7376139773776547,0.7982432034280327,1,1,5,0,available
ordinary_group_holdout_descriptive,S+D+P+F+H+SC,100,values_plus_missing,0.7386552186815177,0.7386213114754099,0.7386891258876256,0.7359903269053201,0.8024660946643465,1,1,5,0,available
ordinary_group_holdout_descriptive,S+D+P+F+H+SC,200,values_plus_missing,0.7422793925850901,0.7416819672131147,0.7428768179570654,0.7354332028198025,0.8039558908059042,1,1,5,0,available
ordinary_group_holdout_descriptive,S+D+P+F+H+SC,all,values_plus_missing,0.7472829073998055,0.7509284153005464,0.7436373994990645,0.7388480849137012,0.8045549179072374,1,1,5,0,available
ordinary_group_holdout_descriptive,S+D+P+F+H+BC,25,values_plus_missing,0.7331125081978915,0.7114103825136612,0.7548146338821219,0.717401859595852,0.7738778053675943,1,1,5,0,available
ordinary_group_holdout_descriptive,S+D+P+F+H+BC,50,values_plus_missing,0.7485417124884125,0.7238890710382513,0.7731943539385737,0.7411320717025356,0.7929285602180998,1,1,5,0,available
ordinary_group_holdout_descriptive,S+D+P+F+H+BC,100,values_plus_missing,0.7510824971015868,0.729435519125683,0.7727294750774906,0.7400874640421905,0.7954469217988421,1,1,5,0,available
ordinary_group_holdout_descriptive,S+D+P+F+H+BC,200,values_plus_missing,0.7552539116339756,0.7441355191256831,0.766372304142268,0.74146473693089,0.7994613979749726,1,1,5,0,available
ordinary_group_holdout_descriptive,S+D+P+F+H+BC,all,values_plus_missing,0.7619999476271155,0.744635519125683,0.7793643761285479,0.7420656984693514,0.7992566076144908,1,1,5,0,available
ordinary_group_holdout_descriptive,S+D+P+F+SC+BC,25,values_plus_missing,0.7341023780667606,0.7221355191256831,0.746069237007838,0.720538179646992,0.7806681014058319,1,1,5,0,available
ordinary_group_holdout_descriptive,S+D+P+F+SC+BC,50,values_plus_missing,0.7406272133181262,0.7285284153005465,0.752726011335706,0.7327843663434903,0.7977133424851452,1,1,5,0,available
ordinary_group_holdout_descriptive,S+D+P+F+SC+BC,100,values_plus_missing,0.7503562110228927,0.7310748633879781,0.7696375586578075,0.7312342407131188,0.7998290251356963,1,1,5,0,available
ordinary_group_holdout_descriptive,S+D+P+F+SC+BC,200,values_plus_missing,0.7487835367905835,0.7361284153005465,0.7614386582806204,0.7318313179203069,0.801762541481797,1,1,5,0,available
ordinary_group_holdout_descriptive,S+D+P+F+SC+BC,all,values_plus_missing,0.7483025063667947,0.7418819672131147,0.7547230455204746,0.7303250297428794,0.8022626997662308,1,1,5,0,available
ordinary_group_holdout_descriptive,S+D+P+H+SC+BC,25,values_plus_missing,0.6987096268444712,0.6947103825136611,0.7027088711752815,0.7054600379998579,0.7652668059926533,1,1,5,0,available
ordinary_group_holdout_descriptive,S+D+P+H+SC+BC,50,values_plus_missing,0.7170277370487692,0.7002426229508196,0.7338128511467187,0.7198573118651893,0.7762134313288385,1,1,5,0,available
ordinary_group_holdout_descriptive,S+D+P+H+SC+BC,100,values_plus_missing,0.7123441379022863,0.702096174863388,0.7225921009411845,0.7208722321365153,0.7829162472197113,1,1,5,0,available
ordinary_group_holdout_descriptive,S+D+P+H+SC+BC,200,values_plus_missing,0.7184122301127267,0.7049497267759562,0.7318747334494972,0.7170794601001491,0.7839467493326588,1,1,5,0,available
ordinary_group_holdout_descriptive,S+D+P+H+SC+BC,all,values_plus_missing,0.708669928899905,0.7057497267759563,0.7115901310238537,0.7196445060018467,0.7854344693868477,1,1,5,0,available
ordinary_group_holdout_descriptive,S+D+F+H+SC+BC,25,values_plus_missing,0.7430778509015414,0.7331032786885245,0.7530524231145582,0.7273021876553732,0.7863041317621798,1,1,5,0,available
ordinary_group_holdout_descriptive,S+D+F+H+SC+BC,50,values_plus_missing,0.7487627912567418,0.7374819672131148,0.7600436153003689,0.7419083830527737,0.7987228938545334,1,1,5,0,available
ordinary_group_holdout_descriptive,S+D+F+H+SC+BC,100,values_plus_missing,0.7469374838420306,0.7369748633879781,0.7569001042960831,0.7361296079266993,0.800916292998856,1,1,5,0,available
ordinary_group_holdout_descriptive,S+D+F+H+SC+BC,200,values_plus_missing,0.749031107803633,0.7430284153005464,0.7550338003067196,0.7366570446231977,0.8031690467752007,1,1,5,0,available
ordinary_group_holdout_descriptive,S+D+F+H+SC+BC,all,values_plus_missing,0.7453938751068276,0.7476748633879782,0.743112886825677,0.7345278761808367,0.804074185737349,1,1,5,0,available
ordinary_group_holdout_descriptive,S+R+P+F+H+SC,25,values_plus_missing,0.7371207348912552,0.7464748633879782,0.7277666063945322,0.7257442933624547,0.7853557078452612,1,1,5,0,available
ordinary_group_holdout_descriptive,S+R+P+F+H+SC,50,values_plus_missing,0.7554046875687512,0.7567142076502732,0.7540951674872294,0.737572636994815,0.8021175747958417,1,1,5,0,available
ordinary_group_holdout_descriptive,S+R+P+F+H+SC,100,values_plus_missing,0.7528323050484806,0.7636677595628416,0.7419968505341198,0.7408263193408623,0.8065456722380562,1,1,5,0,available
ordinary_group_holdout_descriptive,S+R+P+F+H+SC,200,values_plus_missing,0.7558646739868787,0.7613284153005464,0.7504009326732111,0.7403427200973081,0.8109466822486396,1,1,5,0,available
ordinary_group_holdout_descriptive,S+R+P+F+H+SC,all,values_plus_missing,0.7559106327100635,0.767135519125683,0.7446857462944441,0.7412402780737268,0.8115150076110126,1,1,5,0,available
ordinary_group_holdout_descriptive,S+R+P+F+H+BC,25,values_plus_missing,0.7474371335304592,0.7373890710382514,0.757485196022667,0.725242659723702,0.7812423633110257,1,1,5,0,available
ordinary_group_holdout_descriptive,S+R+P+F+H+BC,50,values_plus_missing,0.7533424420062867,0.7420355191256831,0.7646493648868904,0.7297240682044179,0.7974304659558705,1,1,5,0,available
ordinary_group_holdout_descriptive,S+R+P+F+H+BC,100,values_plus_missing,0.750876708937783,0.7541819672131147,0.7475714506624515,0.7349160318559557,0.8016914599172139,1,1,5,0,available
ordinary_group_holdout_descriptive,S+R+P+F+H+BC,200,values_plus_missing,0.7642688259982706,0.7585890710382514,0.7699485809582899,0.7470706593152923,0.8078374706832501,1,1,5,0,available
ordinary_group_holdout_descriptive,S+R+P+F+H+BC,all,values_plus_missing,0.7665903316811669,0.7602355191256831,0.7729451442366506,0.744227051370836,0.8085443814262752,1,1,5,0,available
ordinary_group_holdout_descriptive,S+R+P+F+SC+BC,25,values_plus_missing,0.7394738218550774,0.7453213114754098,0.733626332234745,0.7197127592513672,0.7802373507783721,1,1,5,0,available
ordinary_group_holdout_descriptive,S+R+P+F+SC+BC,50,values_plus_missing,0.7527368585579126,0.7494213114754098,0.7560524056404154,0.7324464295226933,0.7968842726608755,1,1,5,0,available
ordinary_group_holdout_descriptive,S+R+P+F+SC+BC,100,values_plus_missing,0.7529218448745942,0.7502355191256831,0.7556081706235055,0.7341319518431707,0.7996293987129295,1,1,5,0,available
ordinary_group_holdout_descriptive,S+R+P+F+SC+BC,200,values_plus_missing,0.7546806439838096,0.7559819672131147,0.7533793207545046,0.7363707139178919,0.8045143398614657,1,1,5,0,available
ordinary_group_holdout_descriptive,S+R+P+F+SC+BC,all,values_plus_missing,0.7565530114622696,0.7634819672131148,0.7496240557114245,0.7358574272853186,0.8055744590925077,1,1,5,0,available
ordinary_group_holdout_descriptive,S+R+P+H+SC+BC,25,values_plus_missing,0.71522252386311,0.7335032786885246,0.6969417690376956,0.7167814764010227,0.7730388292497876,1,1,5,0,available
ordinary_group_holdout_descriptive,S+R+P+H+SC+BC,50,values_plus_missing,0.7135966920176535,0.7354355191256831,0.6917578649096239,0.7197166435826408,0.782628978278367,1,1,5,0,available
ordinary_group_holdout_descriptive,S+R+P+H+SC+BC,100,values_plus_missing,0.7246550460374571,0.7408426229508197,0.7084674691240945,0.7229484072022161,0.7910474445588925,1,1,5,0,available
ordinary_group_holdout_descriptive,S+R+P+H+SC+BC,200,values_plus_missing,0.7239734829309079,0.7312890710382514,0.7166578948235646,0.7216149717664607,0.7949798113967199,1,1,5,0,available
ordinary_group_holdout_descriptive,S+R+P+H+SC+BC,all,values_plus_missing,0.7251793619361389,0.7347890710382513,0.7155696528340264,0.7207573669117124,0.79672282256706,1,1,5,0,available
ordinary_group_holdout_descriptive,S+R+F+H+SC+BC,25,values_plus_missing,0.7493450336485012,0.7551213114754098,0.7435687558215925,0.7351687908409688,0.7936571248557026,1,1,5,0,available
ordinary_group_holdout_descriptive,S+R+F+H+SC+BC,50,values_plus_missing,0.7582564025097558,0.7578677595628415,0.7586450454566701,0.7402988826443639,0.8033871828499652,1,1,5,0,available
ordinary_group_holdout_descriptive,S+R+F+H+SC+BC,100,values_plus_missing,0.7504570021226937,0.7640213114754099,0.7368926927699776,0.7397855960117906,0.806570697888086,1,1,5,0,available
ordinary_group_holdout_descriptive,S+R+F+H+SC+BC,200,values_plus_missing,0.7615879219583956,0.7587213114754099,0.7644545324413814,0.7424241667554514,0.8106793010121655,1,1,5,0,available
ordinary_group_holdout_descriptive,S+R+F+H+SC+BC,all,values_plus_missing,0.7587913725538242,0.7597748633879782,0.7578078817196702,0.7377776741956105,0.8118426985097242,1,1,5,0,available
ordinary_group_holdout_descriptive,S+P+F+H+SC+BC,25,values_plus_missing,0.7206959202949598,0.7369890710382514,0.7044027695516681,0.7166899171638611,0.7802880341309997,1,1,5,0,available
ordinary_group_holdout_descriptive,S+P+F+H+SC+BC,50,values_plus_missing,0.7359094343986489,0.7360284153005464,0.7357904534967513,0.7324322794587683,0.7954305150653369,1,1,5,0,available
ordinary_group_holdout_descriptive,S+P+F+H+SC+BC,100,values_plus_missing,0.7437357432718347,0.7435748633879781,0.7438966231556913,0.7326115136018183,0.7994285197138817,1,1,5,0,available
ordinary_group_holdout_descriptive,S+P+F+H+SC+BC,200,values_plus_missing,0.7442727823051676,0.7482819672131148,0.7402635973972204,0.7322155892641523,0.8005650728532748,1,1,5,0,available
ordinary_group_holdout_descriptive,S+P+F+H+SC+BC,all,values_plus_missing,0.7472802078432217,0.755235519125683,0.7393248965607603,0.7335748277576533,0.8012820634393772,1,1,5,0,available
ordinary_group_holdout_descriptive,D+R+P+F+H+SC,25,values_plus_missing,0.732332356592021,0.6924497267759563,0.7722149864080857,0.7079154902691953,0.7684472287850246,1,1,5,0,available
ordinary_group_holdout_descriptive,D+R+P+F+H+SC,50,values_plus_missing,0.7396682385542961,0.7241819672131148,0.7551545098954775,0.7192666160593792,0.7821843226456819,1,1,5,0,available
ordinary_group_holdout_descriptive,D+R+P+F+H+SC,100,values_plus_missing,0.7416959765946751,0.7351355191256831,0.7482564340636672,0.7204607704737552,0.7864754503630175,1,1,5,0,available
ordinary_group_holdout_descriptive,D+R+P+F+H+SC,200,values_plus_missing,0.744150617285528,0.7318284153005464,0.7564728192705096,0.7234913812238085,0.7905596771933634,1,1,5,0,available
ordinary_group_holdout_descriptive,D+R+P+F+H+SC,all,values_plus_missing,0.7473832655856676,0.7319890710382514,0.7627774601330838,0.7252246253285035,0.7896207063406802,1,1,5,0,available
ordinary_group_holdout_descriptive,D+R+P+F+H+BC,25,values_plus_missing,0.7214516376237159,0.6800781420765027,0.7628251331709291,0.6993485976454293,0.7531011314285434,1,1,5,0,available
ordinary_group_holdout_descriptive,D+R+P+F+H+BC,50,values_plus_missing,0.7306216916709878,0.7137710382513662,0.7474723450906092,0.7059835903650827,0.766222580563841,1,1,5,0,available
ordinary_group_holdout_descriptive,D+R+P+F+H+BC,100,values_plus_missing,0.7277461889030311,0.7139032786885247,0.7415890991175376,0.70861827677747,0.7713073545352621,1,1,5,0,available
ordinary_group_holdout_descriptive,D+R+P+F+H+BC,200,values_plus_missing,0.7313674994911912,0.7174032786885246,0.7453317202938576,0.7128688449996449,0.7767979349840954,1,1,5,0,available
ordinary_group_holdout_descriptive,D+R+P+F+H+BC,all,values_plus_missing,0.7355878191368499,0.7171639344262295,0.7540117038474703,0.7130081260210243,0.7755978374045743,1,1,5,0,available
ordinary_group_holdout_descriptive,D+R+P+F+SC+BC,25,values_plus_missing,0.7140267214287042,0.6774355191256831,0.7506179237317251,0.6854826448078699,0.7539443590228925,1,1,5,0,available
ordinary_group_holdout_descriptive,D+R+P+F+SC+BC,50,values_plus_missing,0.725861905752835,0.7041890710382515,0.7475347404674185,0.6993330603203353,0.7691405843682005,1,1,5,0,available
ordinary_group_holdout_descriptive,D+R+P+F+SC+BC,100,values_plus_missing,0.7233968763870944,0.7048497267759564,0.7419440259982325,0.6999559405852689,0.773558781916618,1,1,5,0,available
ordinary_group_holdout_descriptive,D+R+P+F+SC+BC,200,values_plus_missing,0.7297359380442583,0.7076426229508197,0.7518292531376969,0.704114949570282,0.7774183185481831,1,1,5,0,available
ordinary_group_holdout_descriptive,D+R+P+F+SC+BC,all,values_plus_missing,0.7265218277959835,0.7080032786885246,0.7450403769034425,0.7001390590595923,0.7760172457433597,1,1,5,0,available
ordinary_group_holdout_descriptive,D+R+P+H+SC+BC,25,values_plus_missing,0.7120488543622132,0.6966672131147541,0.7274304956096724,0.7073764005788763,0.7642723540386099,1,1,5,0,available
ordinary_group_holdout_descriptive,D+R+P+H+SC+BC,50,values_plus_missing,0.7179888871960124,0.7157387978142077,0.7202389765778171,0.7133962816961432,0.7743207184336155,1,1,5,0,available
ordinary_group_holdout_descriptive,D+R+P+H+SC+BC,100,values_plus_missing,0.7159772652132337,0.7167245901639344,0.715229940262533,0.7120550775978407,0.7815875797934605,1,1,5,0,available
ordinary_group_holdout_descriptive,D+R+P+H+SC+BC,200,values_plus_missing,0.7186100144124083,0.7222710382513661,0.7149489905734505,0.7157266030080262,0.783789687611609,1,1,5,0,available
ordinary_group_holdout_descriptive,D+R+P+H+SC+BC,all,values_plus_missing,0.7207119832525697,0.7165710382513661,0.7248529282537733,0.7122639991299098,0.7838112515637217,1,1,5,0,available
ordinary_group_holdout_descriptive,D+R+F+H+SC+BC,25,values_plus_missing,0.7283461922977501,0.694135519125683,0.7625568654698172,0.7048410420661979,0.7698082598020877,1,1,5,0,available
ordinary_group_holdout_descriptive,D+R+F+H+SC+BC,50,values_plus_missing,0.7337359086115871,0.7180890710382514,0.749382746184923,0.7141623273137296,0.7796125279732223,1,1,5,0,available
ordinary_group_holdout_descriptive,D+R+F+H+SC+BC,100,values_plus_missing,0.7370757227340525,0.7302284153005465,0.7439230301675585,0.7154480409652675,0.7833463413475992,1,1,5,0,available
ordinary_group_holdout_descriptive,D+R+F+H+SC+BC,200,values_plus_missing,0.7338144991082093,0.7291748633879781,0.7384541348284405,0.71722900685418,0.786202236492054,1,1,5,0,available
ordinary_group_holdout_descriptive,D+R+F+H+SC+BC,all,values_plus_missing,0.7440907076643236,0.7335284153005464,0.7546530000281009,0.7208089730272036,0.7860423495967606,1,1,5,0,available
ordinary_group_holdout_descriptive,D+P+F+H+SC+BC,25,values_plus_missing,0.7013341298949647,0.6706639344262295,0.7320043253636997,0.6910344640066766,0.7535448394141493,1,1,5,0,available
ordinary_group_holdout_descriptive,D+P+F+H+SC+BC,50,values_plus_missing,0.7125619282795139,0.684196174863388,0.7409276816956397,0.7041085681689041,0.7689883697392087,1,1,5,0,available
ordinary_group_holdout_descriptive,D+P+F+H+SC+BC,100,values_plus_missing,0.7212973751078178,0.689796174863388,0.7527985753522476,0.7054678066624049,0.7714177195528833,1,1,5,0,available
ordinary_group_holdout_descriptive,D+P+F+H+SC+BC,200,values_plus_missing,0.7229865078194008,0.7008426229508197,0.7451303926879819,0.7117701341537042,0.7729093159153999,1,1,5,0,available
ordinary_group_holdout_descriptive,D+P+F+H+SC+BC,all,values_plus_missing,0.7200118920437844,0.6982426229508196,0.7417811611367492,0.7075195659315292,0.7720359652246944,1,1,5,0,available
ordinary_group_holdout_descriptive,R+P+F+H+SC+BC,25,values_plus_missing,0.7127157289233157,0.6982284153005465,0.7272030425460848,0.6906230023439165,0.7527916065120142,1,1,5,0,available
ordinary_group_holdout_descriptive,R+P+F+H+SC+BC,50,values_plus_missing,0.7102232300736259,0.7198213114754098,0.7006251486718419,0.7008018924461965,0.7669161979432536,1,1,5,0,available
ordinary_group_holdout_descriptive,R+P+F+H+SC+BC,100,values_plus_missing,0.7209869369557314,0.7284748633879781,0.7134990105234847,0.7037073722387954,0.7714476656847629,1,1,5,0,available
ordinary_group_holdout_descriptive,R+P+F+H+SC+BC,200,values_plus_missing,0.7263387783995654,0.7333819672131148,0.7192955895860159,0.7105229863626679,0.7763960831280137,1,1,5,0,available
ordinary_group_holdout_descriptive,R+P+F+H+SC+BC,all,values_plus_missing,0.7333557073082372,0.7422355191256831,0.7244758954907913,0.7119041435826408,0.7754778811864256,1,1,5,0,available
ordinary_group_holdout_descriptive,S+D+R+P+F+H+SC,25,values_plus_missing,0.7483536859399809,0.7462819672131148,0.750425404666847,0.7353377592513672,0.7902671773727425,1,1,5,0,available
ordinary_group_holdout_descriptive,S+D+R+P+F+H+SC,50,values_plus_missing,0.7592745407964824,0.7571819672131148,0.7613671143798499,0.7441135734072022,0.8074326343801392,1,1,5,0,available
ordinary_group_holdout_descriptive,S+D+R+P+F+H+SC,100,values_plus_missing,0.7575911994319382,0.7608819672131147,0.7543004316507617,0.7452896934263797,0.8122489297935237,1,1,5,0,available
ordinary_group_holdout_descriptive,S+D+R+P+F+H+SC,200,values_plus_missing,0.7595129210794287,0.7584284153005465,0.7605974268583108,0.7430032095674408,0.8173530663776439,1,1,5,0,available
ordinary_group_holdout_descriptive,S+D+R+P+F+H+SC,all,values_plus_missing,0.7566487755204643,0.7607819672131149,0.7525155838278138,0.7424241667554514,0.8181268281608173,1,1,5,0,available
ordinary_group_holdout_descriptive,S+D+R+P+F+H+BC,25,values_plus_missing,0.7515501281546603,0.7306497267759562,0.7724505295333643,0.7267270291746573,0.7855644098708335,1,1,5,0,available
ordinary_group_holdout_descriptive,S+D+R+P+F+H+BC,50,values_plus_missing,0.7666447667610079,0.7462355191256831,0.7870540143963326,0.7419264174479722,0.8030059732342618,1,1,5,0,available
ordinary_group_holdout_descriptive,S+D+R+P+F+H+BC,100,values_plus_missing,0.7641145749997519,0.7513819672131147,0.7768471827863891,0.7417832520953193,0.8077365472280945,1,1,5,0,available
ordinary_group_holdout_descriptive,S+D+R+P+F+H+BC,200,values_plus_missing,0.7630975027837089,0.753535519125683,0.7726594864417349,0.7480456264649478,0.8142347401080088,1,1,5,0,available
ordinary_group_holdout_descriptive,S+D+R+P+F+H+BC,all,values_plus_missing,0.7684977893618403,0.7567819672131147,0.7802136115105659,0.7476974239114994,0.8143236857073427,1,1,5,0,available
ordinary_group_holdout_descriptive,S+D+R+P+F+SC+BC,25,values_plus_missing,0.7363294363062822,0.7360819672131147,0.7365769053994496,0.7213841315079197,0.7874918469555452,1,1,5,0,available
ordinary_group_holdout_descriptive,S+D+R+P+F+SC+BC,50,values_plus_missing,0.7608594745701176,0.7542284153005464,0.7674905338396888,0.7414350495418709,0.805540174247566,1,1,5,0,available
ordinary_group_holdout_descriptive,S+D+R+P+F+SC+BC,100,values_plus_missing,0.7587861008594741,0.753935519125683,0.7636366825932651,0.7430986531358761,0.8090189527665249,1,1,5,0,available
ordinary_group_holdout_descriptive,S+D+R+P+F+SC+BC,200,values_plus_missing,0.7587552205263965,0.7541819672131147,0.7633284738396783,0.7407644474927196,0.8137774405167422,1,1,5,0,available
ordinary_group_holdout_descriptive,S+D+R+P+F+SC+BC,all,values_plus_missing,0.7585649235344227,0.7565355191256831,0.7605943279431625,0.739514802631579,0.814725743436315,1,1,5,0,available
ordinary_group_holdout_descriptive,S+D+R+P+H+SC+BC,25,values_plus_missing,0.7191615022885137,0.7262032786885245,0.7121197258885029,0.7183832081468855,0.7824965541092807,1,1,5,0,available
ordinary_group_holdout_descriptive,S+D+R+P+H+SC+BC,50,values_plus_missing,0.7343442491612528,0.7304568306010929,0.7382316677214128,0.7279031491938348,0.7930113299372717,1,1,5,0,available
ordinary_group_holdout_descriptive,S+D+R+P+H+SC+BC,100,values_plus_missing,0.7286772475064331,0.7356497267759563,0.7217047682369099,0.7254257781980255,0.8029000128476446,1,1,5,0,available
ordinary_group_holdout_descriptive,S+D+R+P+H+SC+BC,200,values_plus_missing,0.7377710069589835,0.7323426229508196,0.7431993909671473,0.7316920368989275,0.8074532953022675,1,1,5,0,available
ordinary_group_holdout_descriptive,S+D+R+P+H+SC+BC,all,values_plus_missing,0.7365119896801506,0.7368426229508197,0.7361813564094816,0.7306951510227999,0.8088771330346048,1,1,5,0,available
ordinary_group_holdout_descriptive,S+D+R+F+H+SC+BC,25,values_plus_missing,0.7522079955426486,0.7471284153005464,0.7572875757847509,0.7357297992577598,0.7978416444299571,1,1,5,0,available
ordinary_group_holdout_descriptive,S+D+R+F+H+SC+BC,50,values_plus_missing,0.765235513598624,0.7575748633879782,0.7728961638092696,0.747349221358051,0.8085802496706187,1,1,5,0,available
ordinary_group_holdout_descriptive,S+D+R+F+H+SC+BC,100,values_plus_missing,0.758267154755041,0.7644284153005464,0.7521058942095357,0.7452638903686342,0.8124782361708187,1,1,5,0,available
ordinary_group_holdout_descriptive,S+D+R+F+H+SC+BC,200,values_plus_missing,0.7572549982492798,0.7566284153005465,0.757881581198013,0.7450150157148945,0.8170725521850437,1,1,5,0,available
ordinary_group_holdout_descriptive,S+D+R+F+H+SC+BC,all,values_plus_missing,0.762504624509684,0.7605748633879782,0.7644343856313899,0.7472318590631437,0.8184399940290389,1,1,5,0,available
ordinary_group_holdout_descriptive,S+D+P+F+H+SC+BC,25,values_plus_missing,0.737448257577204,0.7266568306010929,0.7482396845533151,0.7244405453157184,0.7837025512124896,1,1,5,0,available
ordinary_group_holdout_descriptive,S+D+P+F+H+SC+BC,50,values_plus_missing,0.7445961004246011,0.733435519125683,0.7557566817235193,0.7392298591874422,0.8005209104738304,1,1,5,0,available
ordinary_group_holdout_descriptive,S+D+P+F+H+SC+BC,100,values_plus_missing,0.7453320265468425,0.7371748633879782,0.7534891897057068,0.7364300886959301,0.8044950085240352,1,1,5,0,available
ordinary_group_holdout_descriptive,S+D+P+F+H+SC+BC,200,values_plus_missing,0.749074114456165,0.7437819672131147,0.7543662616992153,0.7371883656509695,0.80684289079962,1,1,5,0,available
ordinary_group_holdout_descriptive,S+D+P+F+H+SC+BC,all,values_plus_missing,0.7485003384936395,0.7502284153005465,0.7467722616867326,0.736213398501314,0.8076079909752079,1,1,5,0,available
ordinary_group_holdout_descriptive,S+R+P+F+H+SC+BC,25,values_plus_missing,0.7430530944108211,0.7496284153005465,0.7364777735210959,0.7307351041444705,0.7887321911600601,1,1,5,0,available
ordinary_group_holdout_descriptive,S+R+P+F+H+SC+BC,50,values_plus_missing,0.7531504122344628,0.7534677595628415,0.7528330649060839,0.7359567551850273,0.8028942682471805,1,1,5,0,available
ordinary_group_holdout_descriptive,S+R+P+F+H+SC+BC,100,values_plus_missing,0.7533211767828518,0.7628213114754099,0.7438210420902939,0.7412660811314724,0.8079165729153786,1,1,5,0,available
ordinary_group_holdout_descriptive,S+R+P+F+H+SC+BC,200,values_plus_missing,0.7573416117571399,0.7617748633879782,0.7529083601263015,0.7426072852297748,0.8127801993688765,1,1,5,0,available
ordinary_group_holdout_descriptive,S+R+P+F+H+SC+BC,all,values_plus_missing,0.7621148266656528,0.7666284153005465,0.757601238030759,0.7437137647382626,0.8136822556467672,1,1,5,0,available
ordinary_group_holdout_descriptive,D+R+P+F+H+SC+BC,25,values_plus_missing,0.730065049880126,0.6944426229508196,0.7656874768094323,0.7067354859187442,0.7668185789534089,1,1,5,0,available
ordinary_group_holdout_descriptive,D+R+P+F+H+SC+BC,50,values_plus_missing,0.7349624824839173,0.721296174863388,0.7486287901044465,0.7184128955359046,0.7824530057136624,1,1,5,0,available
ordinary_group_holdout_descriptive,D+R+P+F+H+SC+BC,100,values_plus_missing,0.7399536620250573,0.7275426229508197,0.752364701099295,0.7178996089033312,0.7871452067540081,1,1,5,0,available
ordinary_group_holdout_descriptive,D+R+P+F+H+SC+BC,200,values_plus_missing,0.7387016892321072,0.7249890710382514,0.7524143074259629,0.7207212981213155,0.7913026251884175,1,1,5,0,available
ordinary_group_holdout_descriptive,D+R+P+F+H+SC+BC,all,values_plus_missing,0.7482544036722338,0.7347819672131147,0.7617268401313528,0.7256385840613679,0.7906228006885849,1,1,5,0,available
ordinary_group_holdout_descriptive,S+D+R+P+F+H+SC+BC,25,values_plus_missing,0.7477192849590564,0.7445819672131148,0.750856602704998,0.7323110328325875,0.7929537857739934,1,1,5,0,available
ordinary_group_holdout_descriptive,S+D+R+P+F+H+SC+BC,50,values_plus_missing,0.7643051719537692,0.7591819672131147,0.7694283766944238,0.7462388575182897,0.808632425366922,1,1,5,0,available
ordinary_group_holdout_descriptive,S+D+R+P+F+H+SC+BC,100,values_plus_missing,0.7594581771121223,0.7601284153005464,0.7587879389236982,0.7450588531678386,0.8137807522382822,1,1,5,0,available
ordinary_group_holdout_descriptive,S+D+R+P+F+H+SC+BC,200,values_plus_missing,0.7577759327932347,0.7565819672131148,0.7589698983733547,0.7459860985332765,0.8193196710075006,1,1,5,0,available
ordinary_group_holdout_descriptive,S+D+R+P+F+H+SC+BC,all,values_plus_missing,0.7580326662344685,0.7600355191256831,0.7560298133432539,0.745198134189218,0.820386296872015,1,1,5,0,available
