id,view,source_group,role,feature_status,s16_feature_status,s8_feature_status,d_feature_status,r_feature_status,p_feature_status,published_original_path,published_original_revision
ai_acestep_muse_cn_suno_cn_000107_1,30s,ACE-Step,development,complete,computed,computed,eligible,eligible,eligible,,
ai_acestep_muse_cn_suno_cn_000134_1,30s,ACE-Step,development,complete,computed,computed,eligible,eligible,unavailable_fewer_than_3_sections_or_downbeat_spans,,
ai_acestep_muse_cn_suno_cn_000244_1,30s,ACE-Step,locked,complete,computed,computed,eligible,eligible,eligible,,
ai_acestep_muse_cn_suno_cn_000268_1,30s,ACE-Step,development,complete,computed,computed,eligible,eligible,eligible,,
ai_acestep_muse_cn_suno_cn_000394_1,30s,ACE-Step,development,complete,computed,computed,eligible,eligible,unavailable_fewer_than_3_sections_or_downbeat_spans,,
ai_acestep_muse_cn_suno_cn_000484_0,30s,ACE-Step,development,complete,computed,computed,eligible,eligible,unavailable_fewer_than_3_sections_or_downbeat_spans,,
ai_acestep_muse_cn_suno_cn_000585_1,30s,ACE-Step,development,complete,computed,computed,eligible,eligible,eligible,,
ai_acestep_muse_cn_suno_cn_000676_0,30s,ACE-Step,development,complete,computed,computed,eligible,eligible,unavailable_fewer_than_3_sections_or_downbeat_spans,,
ai_acestep_muse_cn_suno_cn_000679_1,30s,ACE-Step,development,complete,computed,computed,eligible,eligible,unavailable_fewer_than_3_sections_or_downbeat_spans,,
ai_acestep_muse_cn_suno_cn_000877_0,30s,ACE-Step,locked,complete,computed,computed,eligible,eligible,unavailable_fewer_than_3_sections_or_downbeat_spans,,
ai_acestep_muse_cn_suno_cn_000887_1,30s,ACE-Step,development,complete,computed,computed,eligible,eligible,eligible,,
ai_acestep_muse_cn_suno_cn_000896_0,30s,ACE-Step,development,complete,computed,computed,eligible,eligible,eligible,,
ai_acestep_muse_cn_suno_cn_000942_1,30s,ACE-Step,locked,complete,computed,computed,eligible,eligible,unavailable_fewer_than_3_sections_or_downbeat_spans,,
ai_acestep_muse_cn_suno_cn_000955_0,30s,ACE-Step,development,complete,computed,computed,eligible,eligible,eligible,,
ai_acestep_muse_cn_suno_cn_001079_1,30s,ACE-Step,locked,complete,computed,computed,eligible,eligible,unavailable_fewer_than_3_sections_or_downbeat_spans,,
ai_acestep_muse_cn_suno_cn_001149_0,30s,ACE-Step,development,complete,computed,computed,eligible,eligible,unavailable_fewer_than_3_sections_or_downbeat_spans,,
ai_acestep_muse_cn_suno_cn_001191_0,30s,ACE-Step,development,complete,computed,computed,eligible,eligible,eligible,,
ai_acestep_muse_cn_suno_cn_001199_1,30s,ACE-Step,locked,complete,computed,computed,eligible,eligible,eligible,,
ai_acestep_muse_cn_suno_cn_001270_0,30s,ACE-Step,development,complete,computed,computed,eligible,eligible,eligible,,
ai_acestep_muse_cn_suno_cn_001353_1,30s,ACE-Step,development,complete,computed,computed,eligible,eligible,eligible,,
ai_acestep_muse_cn_suno_cn_001668_0,30s,ACE-Step,development,complete,computed,computed,eligible,eligible,eligible,,
ai_acestep_muse_cn_suno_cn_001690_1,30s,ACE-Step,development,complete,computed,computed,eligible,eligible,eligible,,
ai_acestep_muse_cn_suno_cn_001808_0,30s,ACE-Step,development,complete,computed,computed,eligible,eligible,eligible,,
ai_acestep_muse_cn_suno_cn_002111_0,30s,ACE-Step,locked,complete,computed,computed,eligible,eligible,unavailable_fewer_than_3_sections_or_downbeat_spans,,
ai_acestep_muse_cn_suno_cn_002120_0,30s,ACE-Step,development,complete,computed,computed,eligible,eligible,eligible,,
ai_acestep_muse_cn_suno_cn_002130_1,30s,ACE-Step,development,complete,computed,computed,eligible,eligible,eligible,,
ai_acestep_muse_cn_suno_cn_002202_0,30s,ACE-Step,development,complete,computed,computed,eligible,eligible,eligible,,
ai_acestep_muse_cn_suno_cn_002228_0,30s,ACE-Step,development,complete,computed,computed,eligible,eligible,unavailable_fewer_than_3_sections_or_downbeat_spans,,
ai_acestep_muse_cn_suno_cn_002440_1,30s,ACE-Step,development,complete,computed,computed,eligible,eligible,unavailable_fewer_than_3_sections_or_downbeat_spans,,
ai_acestep_muse_cn_suno_cn_002516_1,30s,ACE-Step,development,complete,computed,computed,eligible,eligible,unavailable_fewer_than_3_sections_or_downbeat_spans,,
ai_acestep_muse_cn_suno_cn_002551_0,30s,ACE-Step,development,complete,computed,computed,eligible,eligible,unavailable_fewer_than_3_sections_or_downbeat_spans,,
ai_acestep_muse_cn_suno_cn_002585_1,30s,ACE-Step,development,complete,computed,computed,eligible,eligible,eligible,,
ai_acestep_muse_cn_suno_cn_002619_1,30s,ACE-Step,development,complete,computed,computed,eligible,eligible,unavailable_fewer_than_3_sections_or_downbeat_spans,,
ai_acestep_muse_cn_suno_cn_002660_0,30s,ACE-Step,development,complete,computed,computed,eligible,eligible,unavailable_fewer_than_3_sections_or_downbeat_spans,,
ai_acestep_muse_cn_suno_cn_002718_0,30s,ACE-Step,development,complete,computed,computed,eligible,eligible,eligible,,
ai_acestep_muse_cn_suno_cn_002840_0,30s,ACE-Step,development,complete,computed,computed,eligible,eligible,unavailable_fewer_than_3_sections_or_downbeat_spans,,
ai_acestep_muse_cn_suno_cn_002958_0,30s,ACE-Step,development,complete,computed,computed,eligible,eligible,unavailable_fewer_than_3_sections_or_downbeat_spans,,
ai_acestep_muse_cn_suno_cn_003042_0,30s,ACE-Step,development,complete,computed,computed,eligible,eligible,unavailable_fewer_than_3_sections_or_downbeat_spans,,
ai_acestep_muse_cn_suno_cn_003067_1,30s,ACE-Step,development,complete,computed,computed,eligible,eligible,unavailable_fewer_than_3_sections_or_downbeat_spans,,
ai_acestep_muse_cn_suno_cn_003122_0,30s,ACE-Step,locked,complete,computed,computed,eligible,eligible,unavailable_fewer_than_3_sections_or_downbeat_spans,,
ai_acestep_muse_cn_suno_cn_003137_1,30s,ACE-Step,development,complete,computed,computed,eligible,eligible,eligible,,
ai_acestep_muse_cn_suno_cn_003251_0,30s,ACE-Step,development,complete,computed,computed,eligible,eligible,unavailable_fewer_than_3_sections_or_downbeat_spans,,
ai_acestep_muse_cn_suno_cn_003275_1,30s,ACE-Step,development,complete,computed,computed,eligible,eligible,unavailable_fewer_than_3_sections_or_downbeat_spans,,
ai_acestep_muse_cn_suno_cn_003278_1,30s,ACE-Step,development,complete,computed,computed,eligible,eligible,unavailable_fewer_than_3_sections_or_downbeat_spans,,
ai_acestep_muse_cn_suno_cn_003299_0,30s,ACE-Step,development,complete,computed,computed,eligible,eligible,unavailable_fewer_than_3_sections_or_downbeat_spans,,
ai_acestep_muse_cn_suno_cn_003559_0,30s,ACE-Step,development,complete,computed,computed,eligible,eligible,unavailable_fewer_than_3_sections_or_downbeat_spans,,
ai_acestep_muse_cn_suno_cn_003766_1,30s,ACE-Step,development,complete,computed,computed,eligible,eligible,unavailable_fewer_than_3_sections_or_downbeat_spans,,
ai_acestep_muse_cn_suno_cn_003884_0,30s,ACE-Step,development,complete,computed,computed,eligible,eligible,unavailable_fewer_than_3_sections_or_downbeat_spans,,
ai_acestep_muse_cn_suno_cn_003983_0,30s,ACE-Step,development,complete,computed,computed,eligible,eligible,unavailable_fewer_than_3_sections_or_downbeat_spans,,
ai_acestep_muse_cn_suno_cn_004044_0,30s,ACE-Step,development,complete,computed,computed,eligible,eligible,eligible,,
ai_acestep_muse_cn_suno_cn_004068_1,30s,ACE-Step,development,complete,computed,computed,eligible,eligible,unavailable_fewer_than_3_sections_or_downbeat_spans,,
ai_acestep_muse_cn_suno_cn_004138_0,30s,ACE-Step,development,complete,computed,computed,eligible,eligible,unavailable_fewer_than_3_sections_or_downbeat_spans,,
ai_acestep_muse_cn_suno_cn_004405_1,30s,ACE-Step,development,complete,computed,computed,eligible,eligible,unavailable_fewer_than_3_sections_or_downbeat_spans,,
ai_acestep_muse_cn_suno_cn_004485_1,30s,ACE-Step,development,complete,computed,computed,eligible,eligible,eligible,,
ai_acestep_muse_cn_suno_cn_004770_0,30s,ACE-Step,development,complete,computed,computed,eligible,eligible,unavailable_fewer_than_3_sections_or_downbeat_spans,,
ai_acestep_muse_cn_suno_cn_004806_1,30s,ACE-Step,development,complete,computed,computed,eligible,eligible,eligible,,
ai_acestep_muse_cn_suno_cn_004936_1,30s,ACE-Step,development,complete,computed,computed,eligible,eligible,unavailable_fewer_than_3_sections_or_downbeat_spans,,
ai_acestep_muse_cn_suno_cn_005005_1,30s,ACE-Step,development,complete,computed,computed,eligible,eligible,unavailable_fewer_than_3_sections_or_downbeat_spans,,
ai_acestep_muse_cn_suno_cn_005164_1,30s,ACE-Step,development,complete,computed,computed,eligible,eligible,unavailable_fewer_than_3_sections_or_downbeat_spans,,
ai_acestep_muse_cn_suno_cn_005322_1,30s,ACE-Step,development,complete,computed,computed,eligible,eligible,unavailable_fewer_than_3_sections_or_downbeat_spans,,
ai_acestep_muse_cn_suno_cn_005324_0,30s,ACE-Step,development,complete,computed,computed,eligible,eligible,unavailable_fewer_than_3_sections_or_downbeat_spans,,
ai_acestep_muse_cn_suno_cn_005351_0,30s,ACE-Step,development,complete,computed,computed,eligible,eligible,eligible,,
ai_acestep_muse_cn_suno_cn_005457_1,30s,ACE-Step,locked,complete,computed,computed,eligible,eligible,unavailable_fewer_than_3_sections_or_downbeat_spans,,
ai_acestep_muse_cn_suno_cn_005459_0,30s,ACE-Step,development,complete,computed,computed,eligible,eligible,unavailable_fewer_than_3_sections_or_downbeat_spans,,
ai_acestep_muse_cn_suno_cn_005537_1,30s,ACE-Step,development,complete,computed,computed,eligible,eligible,unavailable_fewer_than_3_sections_or_downbeat_spans,,
ai_acestep_muse_cn_suno_cn_005597_1,30s,ACE-Step,development,complete,computed,computed,eligible,eligible,unavailable_fewer_than_3_sections_or_downbeat_spans,,
ai_acestep_muse_cn_suno_cn_005832_0,30s,ACE-Step,development,complete,computed,computed,eligible,eligible,unavailable_fewer_than_3_sections_or_downbeat_spans,,
ai_acestep_muse_cn_suno_cn_005841_1,30s,ACE-Step,development,complete,computed,computed,eligible,unavailable_fewer_than_16_beats_or_invalid_intervals,unavailable_fewer_than_3_sections_or_downbeat_spans,,
ai_acestep_muse_cn_suno_cn_005844_0,30s,ACE-Step,development,complete,computed,computed,eligible,eligible,unavailable_fewer_than_3_sections_or_downbeat_spans,,
ai_acestep_muse_cn_suno_cn_005879_0,30s,ACE-Step,development,complete,computed,computed,eligible,eligible,unavailable_fewer_than_3_sections_or_downbeat_spans,,
ai_acestep_muse_cn_suno_cn_005897_1,30s,ACE-Step,locked,complete,computed,computed,eligible,eligible,unavailable_fewer_than_3_sections_or_downbeat_spans,,
ai_acestep_muse_cn_suno_cn_006023_1,30s,ACE-Step,development,complete,computed,computed,eligible,eligible,unavailable_fewer_than_3_sections_or_downbeat_spans,,
ai_acestep_muse_cn_suno_cn_006047_0,30s,ACE-Step,development,complete,computed,computed,eligible,eligible,eligible,,
ai_acestep_muse_cn_suno_cn_006115_0,30s,ACE-Step,development,complete,computed,computed,eligible,eligible,unavailable_fewer_than_3_sections_or_downbeat_spans,,
ai_acestep_muse_cn_suno_cn_006140_0,30s,ACE-Step,development,complete,computed,computed,eligible,eligible,unavailable_fewer_than_3_sections_or_downbeat_spans,,
ai_acestep_muse_cn_suno_cn_006142_0,30s,ACE-Step,development,complete,computed,computed,eligible,eligible,unavailable_fewer_than_3_sections_or_downbeat_spans,,
ai_acestep_muse_cn_suno_cn_006204_1,30s,ACE-Step,development,complete,computed,computed,eligible,eligible,unavailable_fewer_than_3_sections_or_downbeat_spans,,
ai_acestep_muse_cn_suno_cn_006375_0,30s,ACE-Step,development,complete,computed,computed,eligible,eligible,unavailable_fewer_than_3_sections_or_downbeat_spans,,
ai_acestep_muse_cn_suno_cn_006670_1,30s,ACE-Step,development,complete,computed,computed,eligible,eligible,eligible,,
ai_acestep_muse_cn_suno_cn_006851_1,30s,ACE-Step,development,complete,computed,computed,eligible,eligible,eligible,,
ai_acestep_muse_cn_suno_cn_006985_0,30s,ACE-Step,locked,complete,computed,computed,eligible,eligible,unavailable_fewer_than_3_sections_or_downbeat_spans,,
ai_acestep_muse_cn_suno_cn_007242_0,30s,ACE-Step,development,complete,computed,computed,eligible,eligible,unavailable_fewer_than_3_sections_or_downbeat_spans,,
ai_acestep_muse_cn_suno_cn_007250_1,30s,ACE-Step,development,complete,computed,computed,eligible,eligible,unavailable_fewer_than_3_sections_or_downbeat_spans,,
ai_acestep_muse_cn_suno_cn_007265_1,30s,ACE-Step,development,complete,computed,computed,eligible,eligible,unavailable_fewer_than_3_sections_or_downbeat_spans,,
ai_acestep_muse_cn_suno_cn_007401_1,30s,ACE-Step,development,complete,computed,computed,eligible,eligible,eligible,,
ai_acestep_muse_cn_suno_cn_007503_0,30s,ACE-Step,locked,complete,computed,computed,eligible,eligible,eligible,,
ai_acestep_muse_cn_suno_cn_007831_1,30s,ACE-Step,locked,complete,computed,computed,eligible,eligible,eligible,,
ai_acestep_muse_cn_suno_cn_007990_0,30s,ACE-Step,development,complete,computed,computed,eligible,eligible,unavailable_fewer_than_3_sections_or_downbeat_spans,,
ai_acestep_muse_cn_suno_cn_008284_1,30s,ACE-Step,locked,complete,computed,computed,eligible,eligible,eligible,,
ai_acestep_muse_cn_suno_cn_008333_1,30s,ACE-Step,locked,complete,computed,computed,eligible,eligible,unavailable_fewer_than_3_sections_or_downbeat_spans,,
ai_acestep_muse_cn_suno_cn_008405_1,30s,ACE-Step,development,complete,computed,computed,eligible,eligible,eligible,,
ai_acestep_muse_cn_suno_cn_008426_0,30s,ACE-Step,development,complete,computed,computed,eligible,eligible,eligible,,
ai_acestep_muse_cn_suno_cn_008528_0,30s,ACE-Step,development,complete,computed,computed,eligible,eligible,unavailable_fewer_than_3_sections_or_downbeat_spans,,
ai_acestep_muse_cn_suno_cn_008555_0,30s,ACE-Step,development,complete,computed,computed,eligible,eligible,unavailable_fewer_than_3_sections_or_downbeat_spans,,
ai_acestep_muse_cn_suno_cn_008586_0,30s,ACE-Step,locked,complete,computed,computed,eligible,eligible,eligible,,
ai_acestep_muse_cn_suno_cn_008777_0,30s,ACE-Step,development,complete,computed,computed,eligible,eligible,unavailable_fewer_than_3_sections_or_downbeat_spans,,
ai_acestep_muse_cn_suno_cn_008836_1,30s,ACE-Step,locked,complete,computed,computed,eligible,eligible,unavailable_fewer_than_3_sections_or_downbeat_spans,,
ai_acestep_muse_cn_suno_cn_008947_0,30s,ACE-Step,locked,complete,computed,computed,eligible,eligible,unavailable_fewer_than_3_sections_or_downbeat_spans,,
ai_acestep_muse_cn_suno_cn_009034_0,30s,ACE-Step,development,complete,computed,computed,eligible,eligible,unavailable_fewer_than_3_sections_or_downbeat_spans,,
ai_acestep_muse_cn_suno_cn_009181_0,30s,ACE-Step,development,complete,computed,computed,eligible,eligible,eligible,,
ai_acestep_muse_cn_suno_cn_009437_0,30s,ACE-Step,development,complete,computed,computed,eligible,eligible,unavailable_fewer_than_3_sections_or_downbeat_spans,,
ai_acestep_muse_cn_suno_cn_009521_0,30s,ACE-Step,development,complete,computed,computed,eligible,eligible,eligible,,
ai_acestep_muse_cn_suno_cn_009697_0,30s,ACE-Step,development,complete,computed,computed,eligible,eligible,unavailable_fewer_than_3_sections_or_downbeat_spans,,
ai_acestep_muse_cn_suno_cn_009859_0,30s,ACE-Step,development,complete,computed,computed,eligible,eligible,eligible,,
ai_acestep_muse_cn_suno_cn_010060_0,30s,ACE-Step,development,complete,computed,computed,eligible,eligible,eligible,,
ai_acestep_muse_cn_suno_cn_010120_1,30s,ACE-Step,development,complete,computed,computed,eligible,eligible,unavailable_fewer_than_3_sections_or_downbeat_spans,,
ai_acestep_muse_cn_suno_cn_010125_0,30s,ACE-Step,locked,complete,computed,computed,eligible,eligible,eligible,,
ai_acestep_muse_cn_suno_cn_010422_0,30s,ACE-Step,development,complete,computed,computed,eligible,eligible,unavailable_fewer_than_3_sections_or_downbeat_spans,,
ai_acestep_muse_cn_suno_cn_010426_1,30s,ACE-Step,development,complete,computed,computed,eligible,eligible,eligible,,
ai_acestep_muse_cn_suno_cn_010468_1,30s,ACE-Step,development,complete,computed,computed,eligible,eligible,eligible,,
ai_acestep_muse_cn_suno_cn_010720_0,30s,ACE-Step,development,complete,computed,computed,eligible,eligible,unavailable_fewer_than_3_sections_or_downbeat_spans,,
ai_acestep_muse_cn_suno_cn_010769_0,30s,ACE-Step,development,complete,computed,computed,eligible,eligible,eligible,,
ai_acestep_muse_cn_suno_cn_010854_0,30s,ACE-Step,development,complete,computed,computed,eligible,eligible,unavailable_fewer_than_3_sections_or_downbeat_spans,,
ai_acestep_muse_cn_suno_cn_010922_0,30s,ACE-Step,development,complete,computed,computed,eligible,eligible,eligible,,
ai_acestep_muse_cn_suno_cn_010968_1,30s,ACE-Step,development,complete,computed,computed,eligible,eligible,unavailable_fewer_than_3_sections_or_downbeat_spans,,
ai_acestep_muse_cn_suno_cn_010976_1,30s,ACE-Step,development,complete,computed,computed,eligible,eligible,unavailable_fewer_than_3_sections_or_downbeat_spans,,
ai_acestep_muse_cn_suno_cn_011062_1,30s,ACE-Step,development,complete,computed,computed,eligible,eligible,unavailable_fewer_than_3_sections_or_downbeat_spans,,
ai_acestep_muse_cn_suno_cn_011091_0,30s,ACE-Step,development,complete,computed,computed,eligible,eligible,unavailable_fewer_than_3_sections_or_downbeat_spans,,
ai_acestep_muse_cn_suno_cn_011121_0,30s,ACE-Step,locked,complete,computed,computed,eligible,eligible,eligible,,
ai_acestep_muse_cn_suno_cn_011204_1,30s,ACE-Step,development,complete,computed,computed,eligible,eligible,unavailable_fewer_than_3_sections_or_downbeat_spans,,
ai_acestep_muse_cn_suno_cn_011299_0,30s,ACE-Step,locked,complete,computed,computed,eligible,eligible,unavailable_fewer_than_3_sections_or_downbeat_spans,,
ai_acestep_muse_cn_suno_cn_011498_1,30s,ACE-Step,locked,complete,computed,computed,eligible,eligible,eligible,,
ai_acestep_muse_cn_suno_cn_011565_0,30s,ACE-Step,development,complete,computed,computed,eligible,eligible,eligible,,
ai_acestep_muse_cn_suno_cn_011610_0,30s,ACE-Step,development,complete,computed,computed,eligible,eligible,eligible,,
ai_acestep_muse_cn_suno_cn_011638_1,30s,ACE-Step,development,complete,computed,computed,eligible,eligible,eligible,,
ai_acestep_muse_cn_suno_cn_011839_1,30s,ACE-Step,locked,complete,computed,computed,eligible,eligible,unavailable_fewer_than_3_sections_or_downbeat_spans,,
ai_acestep_muse_cn_suno_cn_011869_0,30s,ACE-Step,development,complete,computed,computed,eligible,eligible,unavailable_fewer_than_3_sections_or_downbeat_spans,,
ai_acestep_muse_cn_suno_cn_011912_1,30s,ACE-Step,locked,complete,computed,computed,eligible,eligible,unavailable_fewer_than_3_sections_or_downbeat_spans,,
ai_acestep_muse_cn_suno_cn_012107_1,30s,ACE-Step,development,complete,computed,computed,eligible,eligible,unavailable_fewer_than_3_sections_or_downbeat_spans,,
ai_acestep_muse_cn_suno_cn_012177_0,30s,ACE-Step,development,complete,computed,computed,eligible,eligible,unavailable_fewer_than_3_sections_or_downbeat_spans,,
ai_acestep_muse_cn_suno_cn_012421_1,30s,ACE-Step,locked,complete,computed,computed,eligible,eligible,unavailable_fewer_than_3_sections_or_downbeat_spans,,
ai_acestep_muse_cn_suno_cn_012498_0,30s,ACE-Step,development,complete,computed,computed,eligible,eligible,unavailable_fewer_than_3_sections_or_downbeat_spans,,
ai_acestep_muse_cn_suno_cn_012526_0,30s,ACE-Step,locked,complete,computed,computed,eligible,eligible,eligible,,
ai_acestep_muse_cn_suno_cn_012705_0,30s,ACE-Step,development,complete,computed,computed,eligible,eligible,eligible,,
ai_acestep_muse_cn_suno_cn_012899_1,30s,ACE-Step,development,complete,computed,computed,eligible,eligible,unavailable_fewer_than_3_sections_or_downbeat_spans,,
ai_acestep_muse_cn_suno_cn_012967_1,30s,ACE-Step,development,complete,computed,computed,eligible,eligible,unavailable_fewer_than_3_sections_or_downbeat_spans,,
ai_acestep_muse_cn_suno_cn_013167_0,30s,ACE-Step,development,complete,computed,computed,eligible,eligible,unavailable_fewer_than_3_sections_or_downbeat_spans,,
ai_acestep_muse_cn_suno_cn_013206_0,30s,ACE-Step,development,complete,computed,computed,eligible,eligible,unavailable_fewer_than_3_sections_or_downbeat_spans,,
ai_acestep_muse_cn_suno_cn_013209_1,30s,ACE-Step,development,complete,computed,computed,eligible,eligible,eligible,,
ai_acestep_muse_cn_suno_cn_013405_0,30s,ACE-Step,locked,complete,computed,computed,eligible,eligible,unavailable_fewer_than_3_sections_or_downbeat_spans,,
ai_acestep_muse_cn_suno_cn_013420_0,30s,ACE-Step,locked,complete,computed,computed,eligible,eligible,unavailable_fewer_than_3_sections_or_downbeat_spans,,
ai_acestep_muse_cn_suno_cn_013730_1,30s,ACE-Step,locked,complete,computed,computed,eligible,eligible,unavailable_fewer_than_3_sections_or_downbeat_spans,,
ai_acestep_muse_cn_suno_cn_013771_1,30s,ACE-Step,development,complete,computed,computed,eligible,eligible,eligible,,
ai_acestep_muse_cn_suno_cn_013851_1,30s,ACE-Step,development,complete,computed,computed,eligible,eligible,unavailable_fewer_than_3_sections_or_downbeat_spans,,
ai_acestep_muse_cn_suno_cn_014281_1,30s,ACE-Step,locked,complete,computed,computed,eligible,eligible,unavailable_fewer_than_3_sections_or_downbeat_spans,,
ai_acestep_muse_cn_suno_cn_014378_1,30s,ACE-Step,development,complete,computed,computed,eligible,eligible,unavailable_fewer_than_3_sections_or_downbeat_spans,,
ai_acestep_muse_cn_suno_cn_014403_0,30s,ACE-Step,locked,complete,computed,computed,eligible,eligible,eligible,,
ai_acestep_muse_cn_suno_cn_014516_1,30s,ACE-Step,development,complete,computed,computed,eligible,eligible,eligible,,
ai_acestep_muse_cn_suno_cn_014692_0,30s,ACE-Step,development,complete,computed,computed,eligible,eligible,unavailable_fewer_than_3_sections_or_downbeat_spans,,
ai_acestep_muse_cn_suno_cn_014722_0,30s,ACE-Step,development,complete,computed,computed,eligible,eligible,unavailable_fewer_than_3_sections_or_downbeat_spans,,
ai_acestep_muse_cn_suno_cn_014780_1,30s,ACE-Step,development,complete,computed,computed,eligible,eligible,unavailable_fewer_than_3_sections_or_downbeat_spans,,
ai_acestep_muse_cn_suno_cn_014859_1,30s,ACE-Step,locked,complete,computed,computed,eligible,eligible,unavailable_fewer_than_3_sections_or_downbeat_spans,,
ai_acestep_muse_cn_suno_cn_014976_0,30s,ACE-Step,development,complete,computed,computed,eligible,eligible,unavailable_fewer_than_3_sections_or_downbeat_spans,,
ai_acestep_muse_cn_suno_cn_015082_1,30s,ACE-Step,locked,complete,computed,computed,eligible,eligible,unavailable_fewer_than_3_sections_or_downbeat_spans,,
ai_acestep_muse_cn_suno_cn_015187_1,30s,ACE-Step,development,complete,computed,computed,eligible,eligible,unavailable_fewer_than_3_sections_or_downbeat_spans,,
ai_acestep_muse_cn_suno_cn_015622_0,30s,ACE-Step,development,complete,computed,computed,eligible,eligible,eligible,,
ai_acestep_muse_cn_suno_cn_015652_0,30s,ACE-Step,development,complete,computed,computed,eligible,eligible,unavailable_fewer_than_3_sections_or_downbeat_spans,,
ai_acestep_muse_cn_suno_cn_015840_1,30s,ACE-Step,development,complete,computed,computed,eligible,eligible,eligible,,
ai_acestep_muse_cn_suno_cn_015869_0,30s,ACE-Step,development,complete,computed,computed,eligible,eligible,eligible,,
ai_acestep_muse_cn_suno_cn_015906_0,30s,ACE-Step,development,complete,computed,computed,eligible,eligible,eligible,,
ai_acestep_muse_cn_suno_cn_016011_0,30s,ACE-Step,development,complete,computed,computed,eligible,eligible,unavailable_fewer_than_3_sections_or_downbeat_spans,,
ai_acestep_muse_cn_suno_cn_016186_1,30s,ACE-Step,development,complete,computed,computed,eligible,eligible,unavailable_fewer_than_3_sections_or_downbeat_spans,,
ai_acestep_muse_cn_suno_cn_016201_1,30s,ACE-Step,development,complete,computed,computed,eligible,eligible,unavailable_fewer_than_3_sections_or_downbeat_spans,,
ai_acestep_muse_cn_suno_cn_016541_1,30s,ACE-Step,development,complete,computed,computed,eligible,eligible,unavailable_fewer_than_3_sections_or_downbeat_spans,,
ai_acestep_muse_cn_suno_cn_016564_1,30s,ACE-Step,development,complete,computed,computed,eligible,eligible,eligible,,
ai_acestep_muse_cn_suno_cn_016867_1,30s,ACE-Step,locked,complete,computed,computed,eligible,eligible,unavailable_fewer_than_3_sections_or_downbeat_spans,,
ai_acestep_muse_cn_suno_cn_017217_1,30s,ACE-Step,development,complete,computed,computed,eligible,eligible,eligible,,
ai_acestep_muse_cn_suno_cn_017249_0,30s,ACE-Step,locked,complete,computed,computed,eligible,eligible,unavailable_fewer_than_3_sections_or_downbeat_spans,,
ai_acestep_muse_cn_suno_cn_017255_0,30s,ACE-Step,locked,complete,computed,computed,eligible,eligible,eligible,,
ai_acestep_muse_cn_suno_cn_017343_0,30s,ACE-Step,development,complete,computed,computed,eligible,eligible,unavailable_fewer_than_3_sections_or_downbeat_spans,,
ai_acestep_muse_cn_suno_cn_017373_0,30s,ACE-Step,development,complete,computed,computed,eligible,eligible,unavailable_fewer_than_3_sections_or_downbeat_spans,,
ai_acestep_muse_cn_suno_cn_017486_0,30s,ACE-Step,development,complete,computed,computed,eligible,eligible,unavailable_fewer_than_3_sections_or_downbeat_spans,,
ai_acestep_muse_cn_suno_cn_017531_0,30s,ACE-Step,development,complete,computed,computed,eligible,eligible,eligible,,
ai_acestep_muse_cn_suno_cn_017627_1,30s,ACE-Step,locked,complete,computed,computed,eligible,eligible,eligible,,
ai_acestep_muse_cn_suno_cn_017645_1,30s,ACE-Step,development,complete,computed,computed,eligible,eligible,eligible,,
ai_acestep_muse_cn_suno_cn_017780_1,30s,ACE-Step,locked,complete,computed,computed,eligible,eligible,eligible,,
ai_acestep_muse_cn_suno_cn_017803_1,30s,ACE-Step,development,complete,computed,computed,eligible,eligible,eligible,,
ai_acestep_muse_cn_suno_cn_017832_1,30s,ACE-Step,development,complete,computed,computed,eligible,eligible,eligible,,
ai_acestep_muse_cn_suno_cn_017956_1,30s,ACE-Step,development,complete,computed,computed,eligible,eligible,unavailable_fewer_than_3_sections_or_downbeat_spans,,
ai_acestep_muse_cn_suno_cn_017992_0,30s,ACE-Step,development,complete,computed,computed,eligible,eligible,unavailable_fewer_than_3_sections_or_downbeat_spans,,
ai_acestep_muse_cn_suno_cn_018057_0,30s,ACE-Step,development,complete,computed,computed,eligible,eligible,eligible,,
ai_acestep_muse_cn_suno_cn_018338_1,30s,ACE-Step,development,complete,computed,computed,eligible,eligible,eligible,,
ai_acestep_muse_cn_suno_cn_018558_1,30s,ACE-Step,development,complete,computed,computed,eligible,eligible,unavailable_fewer_than_3_sections_or_downbeat_spans,,
ai_acestep_muse_cn_suno_cn_018563_0,30s,ACE-Step,development,complete,computed,computed,eligible,eligible,unavailable_fewer_than_3_sections_or_downbeat_spans,,
ai_acestep_muse_cn_suno_cn_018634_1,30s,ACE-Step,development,complete,computed,computed,eligible,eligible,eligible,,
ai_acestep_muse_cn_suno_cn_018713_0,30s,ACE-Step,locked,complete,computed,computed,eligible,eligible,eligible,,
ai_acestep_muse_cn_suno_cn_018814_1,30s,ACE-Step,development,complete,computed,computed,eligible,eligible,unavailable_fewer_than_3_sections_or_downbeat_spans,,
ai_acestep_muse_cn_suno_cn_019033_1,30s,ACE-Step,development,complete,computed,computed,eligible,eligible,eligible,,
ai_acestep_muse_cn_suno_cn_019040_1,30s,ACE-Step,locked,complete,computed,computed,eligible,eligible,unavailable_fewer_than_3_sections_or_downbeat_spans,,
ai_acestep_muse_cn_suno_cn_019084_0,30s,ACE-Step,development,complete,computed,computed,eligible,eligible,eligible,,
ai_acestep_muse_cn_suno_cn_019155_0,30s,ACE-Step,development,complete,computed,computed,eligible,eligible,unavailable_fewer_than_3_sections_or_downbeat_spans,,
ai_acestep_muse_cn_suno_cn_019557_1,30s,ACE-Step,development,complete,computed,computed,eligible,eligible,eligible,,
ai_acestep_muse_cn_suno_cn_019593_0,30s,ACE-Step,development,complete,computed,computed,eligible,eligible,unavailable_fewer_than_3_sections_or_downbeat_spans,,
ai_acestep_muse_cn_suno_cn_019618_0,30s,ACE-Step,development,complete,computed,computed,eligible,eligible,eligible,,
ai_acestep_muse_cn_suno_cn_019709_1,30s,ACE-Step,development,complete,computed,computed,eligible,eligible,unavailable_fewer_than_3_sections_or_downbeat_spans,,
ai_acestep_muse_cn_suno_cn_019753_1,30s,ACE-Step,locked,complete,computed,computed,eligible,eligible,unavailable_fewer_than_3_sections_or_downbeat_spans,,
ai_acestep_muse_cn_suno_cn_019837_1,30s,ACE-Step,locked,complete,computed,computed,eligible,eligible,eligible,,
ai_acestep_muse_cn_suno_cn_019962_1,30s,ACE-Step,development,complete,computed,computed,eligible,eligible,unavailable_fewer_than_3_sections_or_downbeat_spans,,
ai_acestep_muse_cn_suno_cn_020042_1,30s,ACE-Step,locked,complete,computed,computed,eligible,eligible,eligible,,
ai_acestep_muse_cn_suno_cn_020151_1,30s,ACE-Step,development,complete,computed,computed,eligible,eligible,unavailable_fewer_than_3_sections_or_downbeat_spans,,
ai_acestep_muse_cn_suno_cn_020176_0,30s,ACE-Step,development,complete,computed,computed,eligible,eligible,unavailable_fewer_than_3_sections_or_downbeat_spans,,
ai_acestep_muse_cn_suno_cn_020367_0,30s,ACE-Step,locked,complete,computed,computed,eligible,eligible,unavailable_fewer_than_3_sections_or_downbeat_spans,,
ai_acestep_muse_cn_suno_cn_020424_0,30s,ACE-Step,locked,complete,computed,computed,eligible,eligible,eligible,,
ai_acestep_muse_cn_suno_cn_020583_0,30s,ACE-Step,development,complete,computed,computed,eligible,eligible,eligible,,
ai_acestep_muse_cn_suno_cn_020594_0,30s,ACE-Step,locked,complete,computed,computed,eligible,eligible,unavailable_fewer_than_3_sections_or_downbeat_spans,,
ai_acestep_muse_cn_suno_cn_020622_1,30s,ACE-Step,development,complete,computed,computed,eligible,eligible,eligible,,
ai_acestep_muse_cn_suno_cn_020623_0,30s,ACE-Step,development,complete,computed,computed,eligible,eligible,eligible,,
ai_acestep_muse_cn_suno_cn_020838_1,30s,ACE-Step,development,complete,computed,computed,eligible,eligible,unavailable_fewer_than_3_sections_or_downbeat_spans,,
ai_acestep_muse_cn_suno_cn_020854_0,30s,ACE-Step,development,complete,computed,computed,eligible,eligible,eligible,,
ai_acestep_muse_cn_suno_cn_020956_0,30s,ACE-Step,development,complete,computed,computed,eligible,eligible,unavailable_fewer_than_3_sections_or_downbeat_spans,,
ai_acestep_muse_cn_suno_cn_020962_1,30s,ACE-Step,development,complete,computed,computed,eligible,eligible,unavailable_fewer_than_3_sections_or_downbeat_spans,,
ai_acestep_muse_cn_suno_cn_021048_1,30s,ACE-Step,locked,complete,computed,computed,eligible,eligible,eligible,,
ai_acestep_muse_cn_suno_cn_021072_1,30s,ACE-Step,development,complete,computed,computed,eligible,eligible,eligible,,
ai_acestep_muse_cn_suno_cn_021265_1,30s,ACE-Step,development,complete,computed,computed,eligible,eligible,eligible,,
ai_acestep_muse_cn_suno_cn_021396_1,30s,ACE-Step,development,complete,computed,computed,eligible,eligible,eligible,,
ai_acestep_muse_cn_suno_cn_021599_1,30s,ACE-Step,development,complete,computed,computed,eligible,eligible,unavailable_fewer_than_3_sections_or_downbeat_spans,,
ai_acestep_muse_cn_suno_cn_021662_1,30s,ACE-Step,development,complete,computed,computed,eligible,eligible,eligible,,
ai_acestep_muse_cn_suno_cn_021766_1,30s,ACE-Step,development,complete,computed,computed,eligible,eligible,unavailable_fewer_than_3_sections_or_downbeat_spans,,
ai_acestep_muse_cn_suno_cn_021803_0,30s,ACE-Step,development,complete,computed,computed,eligible,eligible,eligible,,
ai_acestep_muse_cn_suno_cn_021942_1,30s,ACE-Step,development,complete,computed,computed,eligible,eligible,eligible,,
ai_acestep_muse_cn_suno_cn_021964_1,30s,ACE-Step,development,complete,computed,computed,eligible,eligible,unavailable_fewer_than_3_sections_or_downbeat_spans,,
ai_acestep_muse_cn_suno_cn_021992_0,30s,ACE-Step,development,complete,computed,computed,eligible,eligible,eligible,,
ai_acestep_muse_cn_suno_cn_022781_1,30s,ACE-Step,development,complete,computed,computed,eligible,eligible,eligible,,
ai_acestep_muse_cn_suno_cn_022963_0,30s,ACE-Step,development,complete,computed,computed,eligible,eligible,unavailable_fewer_than_3_sections_or_downbeat_spans,,
ai_acestep_muse_cn_suno_cn_023026_0,30s,ACE-Step,development,complete,computed,computed,eligible,eligible,eligible,,
ai_acestep_muse_cn_suno_cn_023072_0,30s,ACE-Step,development,complete,computed,computed,eligible,eligible,unavailable_fewer_than_3_sections_or_downbeat_spans,,
ai_acestep_muse_cn_suno_cn_023110_0,30s,ACE-Step,development,complete,computed,computed,eligible,eligible,unavailable_fewer_than_3_sections_or_downbeat_spans,,
ai_acestep_muse_cn_suno_cn_023171_0,30s,ACE-Step,locked,complete,computed,computed,eligible,eligible,eligible,,
ai_acestep_muse_cn_suno_cn_023220_0,30s,ACE-Step,development,complete,computed,computed,eligible,eligible,eligible,,
ai_acestep_muse_cn_suno_cn_023274_0,30s,ACE-Step,development,complete,computed,computed,eligible,eligible,eligible,,
ai_acestep_muse_cn_suno_cn_023399_0,30s,ACE-Step,development,complete,computed,computed,eligible,eligible,eligible,,
ai_acestep_muse_cn_suno_cn_023450_0,30s,ACE-Step,development,complete,computed,computed,eligible,eligible,unavailable_fewer_than_3_sections_or_downbeat_spans,,
ai_acestep_muse_cn_suno_cn_023486_1,30s,ACE-Step,development,complete,computed,computed,eligible,eligible,unavailable_fewer_than_3_sections_or_downbeat_spans,,
ai_acestep_muse_cn_suno_cn_023805_0,30s,ACE-Step,development,complete,computed,computed,eligible,eligible,eligible,,
ai_acestep_muse_cn_suno_cn_023829_1,30s,ACE-Step,development,complete,computed,computed,eligible,eligible,unavailable_fewer_than_3_sections_or_downbeat_spans,,
ai_acestep_muse_cn_suno_cn_023885_1,30s,ACE-Step,development,complete,computed,computed,eligible,eligible,unavailable_fewer_than_3_sections_or_downbeat_spans,,
ai_acestep_muse_cn_suno_cn_023910_1,30s,ACE-Step,development,complete,computed,computed,eligible,eligible,unavailable_fewer_than_3_sections_or_downbeat_spans,,
ai_acestep_muse_cn_suno_cn_023964_1,30s,ACE-Step,development,complete,computed,computed,eligible,eligible,unavailable_fewer_than_3_sections_or_downbeat_spans,,
ai_acestep_muse_cn_suno_cn_024178_0,30s,ACE-Step,locked,complete,computed,computed,eligible,eligible,unavailable_fewer_than_3_sections_or_downbeat_spans,,
ai_acestep_muse_cn_suno_cn_024218_0,30s,ACE-Step,development,complete,computed,computed,eligible,eligible,unavailable_fewer_than_3_sections_or_downbeat_spans,,
ai_acestep_muse_cn_suno_cn_024242_1,30s,ACE-Step,development,complete,computed,computed,eligible,eligible,eligible,,
ai_acestep_muse_cn_suno_cn_024403_1,30s,ACE-Step,development,complete,computed,computed,eligible,eligible,eligible,,
ai_acestep_muse_cn_suno_cn_024482_0,30s,ACE-Step,development,complete,computed,computed,eligible,eligible,eligible,,
ai_acestep_muse_cn_suno_cn_024491_1,30s,ACE-Step,development,complete,computed,computed,eligible,eligible,unavailable_fewer_than_3_sections_or_downbeat_spans,,
ai_acestep_muse_cn_suno_cn_024565_0,30s,ACE-Step,development,complete,computed,computed,eligible,eligible,unavailable_fewer_than_3_sections_or_downbeat_spans,,
ai_acestep_muse_cn_suno_cn_024662_0,30s,ACE-Step,locked,complete,computed,computed,eligible,eligible,unavailable_fewer_than_3_sections_or_downbeat_spans,,
ai_acestep_muse_cn_suno_cn_024768_0,30s,ACE-Step,development,complete,computed,computed,eligible,eligible,unavailable_fewer_than_3_sections_or_downbeat_spans,,
ai_acestep_muse_cn_suno_cn_024852_1,30s,ACE-Step,development,complete,computed,computed,eligible,eligible,eligible,,
ai_acestep_muse_cn_suno_cn_024907_1,30s,ACE-Step,development,complete,computed,computed,eligible,eligible,eligible,,
ai_acestep_muse_cn_suno_cn_024932_0,30s,ACE-Step,locked,complete,computed,computed,eligible,eligible,unavailable_fewer_than_3_sections_or_downbeat_spans,,
ai_acestep_muse_en_suno_en_000171_1,30s,ACE-Step,development,complete,computed,computed,eligible,eligible,eligible,,
ai_acestep_muse_en_suno_en_000178_0,30s,ACE-Step,development,complete,computed,computed,eligible,eligible,unavailable_fewer_than_3_sections_or_downbeat_spans,,
ai_acestep_muse_en_suno_en_000234_1,30s,ACE-Step,development,complete,computed,computed,eligible,eligible,unavailable_fewer_than_3_sections_or_downbeat_spans,,
ai_acestep_muse_en_suno_en_000300_1,30s,ACE-Step,development,complete,computed,computed,eligible,eligible,unavailable_fewer_than_3_sections_or_downbeat_spans,,
ai_acestep_muse_en_suno_en_000394_1,30s,ACE-Step,development,complete,computed,computed,eligible,eligible,eligible,,
ai_acestep_muse_en_suno_en_000542_1,30s,ACE-Step,development,complete,computed,computed,eligible,eligible,eligible,,
ai_acestep_muse_en_suno_en_000910_0,30s,ACE-Step,locked,complete,computed,computed,eligible,eligible,eligible,,
ai_acestep_muse_en_suno_en_000948_0,30s,ACE-Step,development,complete,computed,computed,eligible,eligible,unavailable_fewer_than_3_sections_or_downbeat_spans,,
ai_acestep_muse_en_suno_en_000972_1,30s,ACE-Step,development,complete,computed,computed,eligible,eligible,unavailable_fewer_than_3_sections_or_downbeat_spans,,
ai_acestep_muse_en_suno_en_001129_0,30s,ACE-Step,development,complete,computed,computed,eligible,eligible,unavailable_fewer_than_3_sections_or_downbeat_spans,,
ai_acestep_muse_en_suno_en_001537_0,30s,ACE-Step,development,complete,computed,computed,eligible,eligible,unavailable_fewer_than_3_sections_or_downbeat_spans,,
ai_acestep_muse_en_suno_en_001605_1,30s,ACE-Step,development,complete,computed,computed,eligible,eligible,unavailable_fewer_than_3_sections_or_downbeat_spans,,
ai_acestep_muse_en_suno_en_001633_0,30s,ACE-Step,development,complete,computed,computed,eligible,eligible,eligible,,
ai_acestep_muse_en_suno_en_001725_1,30s,ACE-Step,locked,complete,computed,computed,eligible,eligible,unavailable_fewer_than_3_sections_or_downbeat_spans,,
ai_acestep_muse_en_suno_en_001875_0,30s,ACE-Step,development,complete,computed,computed,eligible,eligible,unavailable_fewer_than_3_sections_or_downbeat_spans,,
ai_acestep_muse_en_suno_en_001913_1,30s,ACE-Step,development,complete,computed,computed,eligible,eligible,unavailable_fewer_than_3_sections_or_downbeat_spans,,
ai_acestep_muse_en_suno_en_002048_1,30s,ACE-Step,development,complete,computed,computed,eligible,eligible,unavailable_fewer_than_3_sections_or_downbeat_spans,,
ai_acestep_muse_en_suno_en_002255_1,30s,ACE-Step,development,complete,computed,computed,eligible,eligible,unavailable_fewer_than_3_sections_or_downbeat_spans,,
ai_acestep_muse_en_suno_en_002426_1,30s,ACE-Step,development,complete,computed,computed,eligible,eligible,unavailable_fewer_than_3_sections_or_downbeat_spans,,
ai_acestep_muse_en_suno_en_002465_0,30s,ACE-Step,locked,complete,computed,computed,eligible,eligible,unavailable_fewer_than_3_sections_or_downbeat_spans,,
ai_acestep_muse_en_suno_en_002467_0,30s,ACE-Step,locked,complete,computed,computed,eligible,eligible,unavailable_fewer_than_3_sections_or_downbeat_spans,,
ai_acestep_muse_en_suno_en_002603_1,30s,ACE-Step,development,complete,computed,computed,eligible,eligible,unavailable_fewer_than_3_sections_or_downbeat_spans,,
ai_acestep_muse_en_suno_en_002634_0,30s,ACE-Step,development,complete,computed,computed,eligible,eligible,unavailable_fewer_than_3_sections_or_downbeat_spans,,
ai_acestep_muse_en_suno_en_002699_0,30s,ACE-Step,development,complete,computed,computed,eligible,eligible,eligible,,
ai_acestep_muse_en_suno_en_002723_1,30s,ACE-Step,development,complete,computed,computed,eligible,eligible,unavailable_fewer_than_3_sections_or_downbeat_spans,,
ai_acestep_muse_en_suno_en_002724_1,30s,ACE-Step,development,complete,computed,computed,eligible,eligible,eligible,,
ai_acestep_muse_en_suno_en_003147_1,30s,ACE-Step,development,complete,computed,computed,eligible,eligible,unavailable_fewer_than_3_sections_or_downbeat_spans,,
ai_acestep_muse_en_suno_en_003293_0,30s,ACE-Step,locked,complete,computed,computed,eligible,eligible,unavailable_fewer_than_3_sections_or_downbeat_spans,,
ai_acestep_muse_en_suno_en_003424_1,30s,ACE-Step,development,complete,computed,computed,eligible,eligible,eligible,,
ai_acestep_muse_en_suno_en_003451_1,30s,ACE-Step,development,complete,computed,computed,eligible,eligible,unavailable_fewer_than_3_sections_or_downbeat_spans,,
ai_acestep_muse_en_suno_en_003642_1,30s,ACE-Step,development,complete,computed,computed,eligible,eligible,unavailable_fewer_than_3_sections_or_downbeat_spans,,
ai_acestep_muse_en_suno_en_003666_1,30s,ACE-Step,development,complete,computed,computed,eligible,eligible,eligible,,
ai_acestep_muse_en_suno_en_003903_1,30s,ACE-Step,development,complete,computed,computed,eligible,unavailable_fewer_than_16_beats_or_invalid_intervals,unavailable_fewer_than_3_sections_or_downbeat_spans,,
ai_acestep_muse_en_suno_en_003961_0,30s,ACE-Step,development,complete,computed,computed,eligible,eligible,eligible,,
ai_acestep_muse_en_suno_en_004118_0,30s,ACE-Step,development,complete,computed,computed,eligible,eligible,unavailable_fewer_than_3_sections_or_downbeat_spans,,
ai_acestep_muse_en_suno_en_004217_0,30s,ACE-Step,development,complete,computed,computed,eligible,eligible,unavailable_fewer_than_3_sections_or_downbeat_spans,,
ai_acestep_muse_en_suno_en_004417_1,30s,ACE-Step,development,complete,computed,computed,eligible,eligible,eligible,,
ai_acestep_muse_en_suno_en_004466_1,30s,ACE-Step,development,complete,computed,computed,eligible,eligible,eligible,,
ai_acestep_muse_en_suno_en_004478_0,30s,ACE-Step,development,complete,computed,computed,eligible,eligible,unavailable_fewer_than_3_sections_or_downbeat_spans,,
ai_acestep_muse_en_suno_en_004730_1,30s,ACE-Step,development,complete,computed,computed,eligible,eligible,unavailable_fewer_than_3_sections_or_downbeat_spans,,
ai_acestep_muse_en_suno_en_004749_1,30s,ACE-Step,development,complete,computed,computed,eligible,eligible,unavailable_fewer_than_3_sections_or_downbeat_spans,,
ai_acestep_muse_en_suno_en_004867_1,30s,ACE-Step,locked,complete,computed,computed,eligible,eligible,unavailable_fewer_than_3_sections_or_downbeat_spans,,
ai_acestep_muse_en_suno_en_005012_1,30s,ACE-Step,development,complete,computed,computed,eligible,eligible,eligible,,
ai_acestep_muse_en_suno_en_005190_0,30s,ACE-Step,development,complete,computed,computed,eligible,eligible,eligible,,
ai_acestep_muse_en_suno_en_005195_1,30s,ACE-Step,development,complete,computed,computed,eligible,eligible,eligible,,
ai_acestep_muse_en_suno_en_005535_0,30s,ACE-Step,locked,complete,computed,computed,eligible,unavailable_fewer_than_16_beats_or_invalid_intervals,unavailable_fewer_than_3_sections_or_downbeat_spans,,
ai_acestep_muse_en_suno_en_005693_1,30s,ACE-Step,locked,complete,computed,computed,eligible,eligible,unavailable_fewer_than_3_sections_or_downbeat_spans,,
ai_acestep_muse_en_suno_en_005917_1,30s,ACE-Step,locked,complete,computed,computed,eligible,eligible,unavailable_fewer_than_3_sections_or_downbeat_spans,,
ai_acestep_muse_en_suno_en_005991_0,30s,ACE-Step,development,complete,computed,computed,eligible,eligible,unavailable_fewer_than_3_sections_or_downbeat_spans,,
ai_acestep_muse_en_suno_en_005992_1,30s,ACE-Step,development,complete,computed,computed,eligible,eligible,eligible,,
ai_acestep_muse_en_suno_en_006200_0,30s,ACE-Step,development,complete,computed,computed,eligible,eligible,unavailable_fewer_than_3_sections_or_downbeat_spans,,
ai_acestep_muse_en_suno_en_006527_1,30s,ACE-Step,locked,complete,computed,computed,eligible,eligible,eligible,,
ai_acestep_muse_en_suno_en_006876_0,30s,ACE-Step,development,complete,computed,computed,eligible,eligible,unavailable_fewer_than_3_sections_or_downbeat_spans,,
ai_acestep_muse_en_suno_en_007117_0,30s,ACE-Step,development,complete,computed,computed,eligible,unavailable_fewer_than_16_beats_or_invalid_intervals,unavailable_fewer_than_3_sections_or_downbeat_spans,,
ai_acestep_muse_en_suno_en_007200_1,30s,ACE-Step,development,complete,computed,computed,eligible,eligible,eligible,,
ai_acestep_muse_en_suno_en_007332_0,30s,ACE-Step,development,complete,computed,computed,eligible,eligible,unavailable_fewer_than_3_sections_or_downbeat_spans,,
ai_acestep_muse_en_suno_en_007376_0,30s,ACE-Step,development,complete,computed,computed,eligible,eligible,unavailable_fewer_than_3_sections_or_downbeat_spans,,
ai_acestep_muse_en_suno_en_007424_1,30s,ACE-Step,locked,complete,computed,computed,eligible,eligible,eligible,,
ai_acestep_muse_en_suno_en_007625_1,30s,ACE-Step,development,complete,computed,computed,eligible,eligible,unavailable_fewer_than_3_sections_or_downbeat_spans,,
ai_acestep_muse_en_suno_en_007810_1,30s,ACE-Step,development,complete,computed,computed,eligible,eligible,unavailable_fewer_than_3_sections_or_downbeat_spans,,
ai_acestep_muse_en_suno_en_007830_0,30s,ACE-Step,locked,complete,computed,computed,eligible,eligible,unavailable_fewer_than_3_sections_or_downbeat_spans,,
ai_acestep_muse_en_suno_en_007954_1,30s,ACE-Step,development,complete,computed,computed,eligible,eligible,unavailable_fewer_than_3_sections_or_downbeat_spans,,
ai_acestep_muse_en_suno_en_008171_0,30s,ACE-Step,development,complete,computed,computed,eligible,eligible,unavailable_fewer_than_3_sections_or_downbeat_spans,,
ai_acestep_muse_en_suno_en_008190_1,30s,ACE-Step,development,complete,computed,computed,eligible,eligible,unavailable_fewer_than_3_sections_or_downbeat_spans,,
ai_acestep_muse_en_suno_en_008204_0,30s,ACE-Step,development,complete,computed,computed,eligible,eligible,eligible,,
ai_acestep_muse_en_suno_en_008284_1,30s,ACE-Step,development,complete,computed,computed,eligible,eligible,eligible,,
ai_acestep_muse_en_suno_en_008435_1,30s,ACE-Step,development,complete,computed,computed,eligible,eligible,eligible,,
ai_acestep_muse_en_suno_en_010629_0,30s,ACE-Step,locked,complete,computed,computed,eligible,eligible,unavailable_fewer_than_3_sections_or_downbeat_spans,,
ai_acestep_muse_en_suno_en_010654_0,30s,ACE-Step,development,complete,computed,computed,eligible,eligible,unavailable_fewer_than_3_sections_or_downbeat_spans,,
ai_acestep_muse_en_suno_en_010719_1,30s,ACE-Step,development,complete,computed,computed,eligible,eligible,eligible,,
ai_acestep_muse_en_suno_en_010805_1,30s,ACE-Step,development,complete,computed,computed,eligible,eligible,unavailable_fewer_than_3_sections_or_downbeat_spans,,
ai_acestep_muse_en_suno_en_010909_0,30s,ACE-Step,locked,complete,computed,computed,eligible,eligible,eligible,,
ai_acestep_muse_en_suno_en_011022_1,30s,ACE-Step,development,complete,computed,computed,eligible,eligible,eligible,,
ai_acestep_muse_en_suno_en_011062_1,30s,ACE-Step,development,complete,computed,computed,eligible,eligible,unavailable_fewer_than_3_sections_or_downbeat_spans,,
ai_acestep_muse_en_suno_en_011317_0,30s,ACE-Step,locked,complete,computed,computed,eligible,eligible,eligible,,
ai_acestep_muse_en_suno_en_011375_1,30s,ACE-Step,development,complete,computed,computed,eligible,eligible,unavailable_fewer_than_3_sections_or_downbeat_spans,,
ai_acestep_muse_en_suno_en_011430_0,30s,ACE-Step,development,complete,computed,computed,eligible,eligible,unavailable_fewer_than_3_sections_or_downbeat_spans,,
ai_acestep_muse_en_suno_en_011432_0,30s,ACE-Step,development,complete,computed,computed,eligible,eligible,eligible,,
ai_acestep_muse_en_suno_en_011584_1,30s,ACE-Step,development,complete,computed,computed,eligible,eligible,unavailable_fewer_than_3_sections_or_downbeat_spans,,
ai_acestep_muse_en_suno_en_011976_0,30s,ACE-Step,development,complete,computed,computed,eligible,eligible,eligible,,
ai_acestep_muse_en_suno_en_012038_1,30s,ACE-Step,development,complete,computed,computed,eligible,eligible,unavailable_fewer_than_3_sections_or_downbeat_spans,,
ai_acestep_muse_en_suno_en_012148_1,30s,ACE-Step,locked,complete,computed,computed,eligible,eligible,unavailable_fewer_than_3_sections_or_downbeat_spans,,
ai_acestep_muse_en_suno_en_012329_0,30s,ACE-Step,development,complete,computed,computed,eligible,eligible,unavailable_fewer_than_3_sections_or_downbeat_spans,,
ai_acestep_muse_en_suno_en_012364_0,30s,ACE-Step,development,complete,computed,computed,eligible,eligible,unavailable_fewer_than_3_sections_or_downbeat_spans,,
ai_acestep_muse_en_suno_en_012403_1,30s,ACE-Step,development,complete,computed,computed,eligible,eligible,unavailable_fewer_than_3_sections_or_downbeat_spans,,
ai_acestep_muse_en_suno_en_012425_0,30s,ACE-Step,development,complete,computed,computed,eligible,eligible,eligible,,
ai_acestep_muse_en_suno_en_012475_0,30s,ACE-Step,development,complete,computed,computed,eligible,eligible,unavailable_fewer_than_3_sections_or_downbeat_spans,,
ai_acestep_muse_en_suno_en_012649_0,30s,ACE-Step,locked,complete,computed,computed,eligible,eligible,unavailable_fewer_than_3_sections_or_downbeat_spans,,
ai_acestep_muse_en_suno_en_013020_0,30s,ACE-Step,development,complete,computed,computed,eligible,eligible,unavailable_fewer_than_3_sections_or_downbeat_spans,,
ai_acestep_muse_en_suno_en_013448_1,30s,ACE-Step,development,complete,computed,computed,eligible,unavailable_fewer_than_16_beats_or_invalid_intervals,unavailable_fewer_than_3_sections_or_downbeat_spans,,
ai_acestep_muse_en_suno_en_013480_1,30s,ACE-Step,development,complete,computed,computed,eligible,unavailable_fewer_than_16_beats_or_invalid_intervals,unavailable_fewer_than_3_sections_or_downbeat_spans,,
ai_acestep_muse_en_suno_en_013488_0,30s,ACE-Step,development,complete,computed,computed,eligible,eligible,unavailable_fewer_than_3_sections_or_downbeat_spans,,
ai_acestep_muse_en_suno_en_013565_0,30s,ACE-Step,locked,complete,computed,computed,eligible,eligible,unavailable_fewer_than_3_sections_or_downbeat_spans,,
ai_acestep_muse_en_suno_en_013579_1,30s,ACE-Step,development,complete,computed,computed,eligible,eligible,eligible,,
ai_acestep_muse_en_suno_en_013733_1,30s,ACE-Step,development,complete,computed,computed,eligible,eligible,unavailable_fewer_than_3_sections_or_downbeat_spans,,
ai_acestep_muse_en_suno_en_013915_1,30s,ACE-Step,development,complete,computed,computed,eligible,eligible,eligible,,
ai_acestep_muse_en_suno_en_013922_0,30s,ACE-Step,development,complete,computed,computed,eligible,eligible,eligible,,
ai_acestep_muse_en_suno_en_013933_1,30s,ACE-Step,development,complete,computed,computed,eligible,eligible,unavailable_fewer_than_3_sections_or_downbeat_spans,,
ai_acestep_muse_en_suno_en_014015_1,30s,ACE-Step,development,complete,computed,computed,eligible,eligible,eligible,,
ai_acestep_muse_en_suno_en_014158_0,30s,ACE-Step,development,complete,computed,computed,eligible,eligible,unavailable_fewer_than_3_sections_or_downbeat_spans,,
ai_acestep_muse_en_suno_en_014209_1,30s,ACE-Step,development,complete,computed,computed,eligible,eligible,unavailable_fewer_than_3_sections_or_downbeat_spans,,
ai_acestep_muse_en_suno_en_014585_0,30s,ACE-Step,development,complete,computed,computed,eligible,eligible,unavailable_fewer_than_3_sections_or_downbeat_spans,,
ai_acestep_muse_en_suno_en_015012_1,30s,ACE-Step,development,complete,computed,computed,eligible,eligible,eligible,,
ai_acestep_muse_en_suno_en_015231_0,30s,ACE-Step,development,complete,computed,computed,eligible,eligible,eligible,,
ai_acestep_muse_en_suno_en_015394_1,30s,ACE-Step,development,complete,computed,computed,eligible,eligible,unavailable_fewer_than_3_sections_or_downbeat_spans,,
ai_acestep_muse_en_suno_en_015401_0,30s,ACE-Step,development,complete,computed,computed,eligible,eligible,unavailable_fewer_than_3_sections_or_downbeat_spans,,
ai_acestep_muse_en_suno_en_015503_0,30s,ACE-Step,development,complete,computed,computed,eligible,eligible,unavailable_fewer_than_3_sections_or_downbeat_spans,,
ai_acestep_muse_en_suno_en_015987_0,30s,ACE-Step,development,complete,computed,computed,eligible,eligible,unavailable_fewer_than_3_sections_or_downbeat_spans,,
ai_acestep_muse_en_suno_en_016103_1,30s,ACE-Step,development,complete,computed,computed,eligible,eligible,unavailable_fewer_than_3_sections_or_downbeat_spans,,
ai_acestep_muse_en_suno_en_016116_0,30s,ACE-Step,development,complete,computed,computed,eligible,eligible,unavailable_fewer_than_3_sections_or_downbeat_spans,,
ai_acestep_muse_en_suno_en_016151_1,30s,ACE-Step,locked,complete,computed,computed,eligible,eligible,unavailable_fewer_than_3_sections_or_downbeat_spans,,
ai_acestep_muse_en_suno_en_016463_0,30s,ACE-Step,development,complete,computed,computed,eligible,eligible,eligible,,
ai_acestep_muse_en_suno_en_016716_1,30s,ACE-Step,development,complete,computed,computed,eligible,eligible,unavailable_fewer_than_3_sections_or_downbeat_spans,,
ai_acestep_muse_en_suno_en_016813_1,30s,ACE-Step,locked,complete,computed,computed,eligible,eligible,unavailable_fewer_than_3_sections_or_downbeat_spans,,
ai_acestep_muse_en_suno_en_016830_1,30s,ACE-Step,development,complete,computed,computed,eligible,eligible,unavailable_fewer_than_3_sections_or_downbeat_spans,,
ai_acestep_muse_en_suno_en_016880_0,30s,ACE-Step,development,complete,computed,computed,eligible,eligible,eligible,,
ai_acestep_muse_en_suno_en_017155_0,30s,ACE-Step,development,complete,computed,computed,eligible,eligible,eligible,,
ai_acestep_muse_en_suno_en_017216_0,30s,ACE-Step,locked,complete,computed,computed,eligible,eligible,unavailable_fewer_than_3_sections_or_downbeat_spans,,
ai_acestep_muse_en_suno_en_017304_1,30s,ACE-Step,locked,complete,computed,computed,eligible,eligible,unavailable_fewer_than_3_sections_or_downbeat_spans,,
ai_acestep_muse_en_suno_en_017349_0,30s,ACE-Step,development,complete,computed,computed,eligible,eligible,eligible,,
ai_acestep_muse_en_suno_en_017353_1,30s,ACE-Step,locked,complete,computed,computed,eligible,eligible,unavailable_fewer_than_3_sections_or_downbeat_spans,,
ai_acestep_muse_en_suno_en_017413_1,30s,ACE-Step,locked,complete,computed,computed,eligible,eligible,eligible,,
ai_acestep_muse_en_suno_en_017690_0,30s,ACE-Step,development,complete,computed,computed,eligible,eligible,unavailable_fewer_than_3_sections_or_downbeat_spans,,
ai_acestep_muse_en_suno_en_017829_0,30s,ACE-Step,locked,complete,computed,computed,eligible,unavailable_fewer_than_16_beats_or_invalid_intervals,unavailable_fewer_than_3_sections_or_downbeat_spans,,
ai_acestep_muse_en_suno_en_018072_0,30s,ACE-Step,development,complete,computed,computed,eligible,eligible,unavailable_fewer_than_3_sections_or_downbeat_spans,,
ai_acestep_muse_en_suno_en_018225_0,30s,ACE-Step,development,complete,computed,computed,eligible,eligible,unavailable_fewer_than_3_sections_or_downbeat_spans,,
ai_acestep_muse_en_suno_en_018255_1,30s,ACE-Step,development,complete,computed,computed,eligible,unavailable_fewer_than_16_beats_or_invalid_intervals,eligible,,
ai_acestep_muse_en_suno_en_018455_1,30s,ACE-Step,development,complete,computed,computed,eligible,unavailable_fewer_than_16_beats_or_invalid_intervals,unavailable_fewer_than_3_sections_or_downbeat_spans,,
ai_acestep_muse_en_suno_en_018560_1,30s,ACE-Step,development,complete,computed,computed,eligible,eligible,unavailable_fewer_than_3_sections_or_downbeat_spans,,
ai_acestep_muse_en_suno_en_018763_1,30s,ACE-Step,development,complete,computed,computed,eligible,eligible,unavailable_fewer_than_3_sections_or_downbeat_spans,,
ai_acestep_muse_en_suno_en_018861_0,30s,ACE-Step,development,complete,computed,computed,eligible,eligible,unavailable_fewer_than_3_sections_or_downbeat_spans,,
ai_acestep_muse_en_suno_en_018923_1,30s,ACE-Step,development,complete,computed,computed,eligible,eligible,eligible,,
ai_acestep_muse_en_suno_en_019197_1,30s,ACE-Step,development,complete,computed,computed,eligible,eligible,unavailable_fewer_than_3_sections_or_downbeat_spans,,
ai_acestep_muse_en_suno_en_019319_1,30s,ACE-Step,locked,complete,computed,computed,eligible,eligible,unavailable_fewer_than_3_sections_or_downbeat_spans,,
ai_acestep_muse_en_suno_en_019500_1,30s,ACE-Step,development,complete,computed,computed,eligible,eligible,eligible,,
ai_acestep_muse_en_suno_en_019611_1,30s,ACE-Step,development,complete,computed,computed,eligible,eligible,eligible,,
ai_acestep_muse_en_suno_en_019715_1,30s,ACE-Step,development,complete,computed,computed,eligible,eligible,unavailable_fewer_than_3_sections_or_downbeat_spans,,
ai_acestep_muse_en_suno_en_019907_0,30s,ACE-Step,development,complete,computed,computed,eligible,eligible,unavailable_fewer_than_3_sections_or_downbeat_spans,,
ai_acestep_muse_en_suno_en_019981_0,30s,ACE-Step,development,complete,computed,computed,eligible,eligible,unavailable_fewer_than_3_sections_or_downbeat_spans,,
ai_acestep_muse_en_suno_en_019992_1,30s,ACE-Step,development,complete,computed,computed,eligible,eligible,unavailable_fewer_than_3_sections_or_downbeat_spans,,
ai_acestep_muse_en_suno_en_020030_0,30s,ACE-Step,development,complete,computed,computed,eligible,eligible,eligible,,
ai_acestep_muse_en_suno_en_020197_1,30s,ACE-Step,development,complete,computed,computed,eligible,eligible,unavailable_fewer_than_3_sections_or_downbeat_spans,,
ai_acestep_muse_en_suno_en_020307_1,30s,ACE-Step,development,complete,computed,computed,eligible,eligible,eligible,,
ai_acestep_muse_en_suno_en_020365_0,30s,ACE-Step,development,complete,computed,computed,eligible,eligible,unavailable_fewer_than_3_sections_or_downbeat_spans,,
ai_acestep_muse_en_suno_en_020370_0,30s,ACE-Step,locked,complete,computed,computed,eligible,eligible,eligible,,
ai_acestep_muse_en_suno_en_020375_0,30s,ACE-Step,development,complete,computed,computed,eligible,eligible,unavailable_fewer_than_3_sections_or_downbeat_spans,,
ai_acestep_muse_en_suno_en_020401_0,30s,ACE-Step,locked,complete,computed,computed,eligible,eligible,unavailable_fewer_than_3_sections_or_downbeat_spans,,
ai_acestep_muse_en_suno_en_020754_1,30s,ACE-Step,development,complete,computed,computed,eligible,eligible,unavailable_fewer_than_3_sections_or_downbeat_spans,,
ai_acestep_muse_en_suno_en_020788_0,30s,ACE-Step,development,complete,computed,computed,eligible,eligible,unavailable_fewer_than_3_sections_or_downbeat_spans,,
ai_acestep_muse_en_suno_en_020792_0,30s,ACE-Step,locked,complete,computed,computed,eligible,eligible,eligible,,
ai_acestep_muse_en_suno_en_020825_0,30s,ACE-Step,locked,complete,computed,computed,eligible,eligible,eligible,,
ai_acestep_muse_en_suno_en_020867_1,30s,ACE-Step,development,complete,computed,computed,eligible,eligible,unavailable_fewer_than_3_sections_or_downbeat_spans,,
ai_acestep_muse_en_suno_en_020874_0,30s,ACE-Step,development,complete,computed,computed,eligible,eligible,unavailable_fewer_than_3_sections_or_downbeat_spans,,
ai_acestep_muse_en_suno_en_020950_0,30s,ACE-Step,development,complete,computed,computed,eligible,eligible,unavailable_fewer_than_3_sections_or_downbeat_spans,,
ai_acestep_muse_en_suno_en_020968_1,30s,ACE-Step,development,complete,computed,computed,eligible,eligible,unavailable_fewer_than_3_sections_or_downbeat_spans,,
ai_acestep_muse_en_suno_en_021221_1,30s,ACE-Step,development,complete,computed,computed,eligible,eligible,unavailable_fewer_than_3_sections_or_downbeat_spans,,
ai_acestep_muse_en_suno_en_021746_1,30s,ACE-Step,development,complete,computed,computed,eligible,eligible,eligible,,
ai_acestep_muse_en_suno_en_021752_0,30s,ACE-Step,locked,complete,computed,computed,eligible,eligible,eligible,,
ai_acestep_muse_en_suno_en_022194_1,30s,ACE-Step,development,complete,computed,computed,eligible,eligible,unavailable_fewer_than_3_sections_or_downbeat_spans,,
ai_acestep_muse_en_suno_en_022546_1,30s,ACE-Step,development,complete,computed,computed,eligible,eligible,unavailable_fewer_than_3_sections_or_downbeat_spans,,
ai_acestep_muse_en_suno_en_022591_0,30s,ACE-Step,development,complete,computed,computed,eligible,eligible,unavailable_fewer_than_3_sections_or_downbeat_spans,,
ai_acestep_muse_en_suno_en_022669_1,30s,ACE-Step,development,complete,computed,computed,eligible,eligible,unavailable_fewer_than_3_sections_or_downbeat_spans,,
ai_acestep_muse_en_suno_en_023024_1,30s,ACE-Step,development,complete,computed,computed,eligible,eligible,unavailable_fewer_than_3_sections_or_downbeat_spans,,
ai_acestep_muse_en_suno_en_023209_1,30s,ACE-Step,development,complete,computed,computed,eligible,eligible,unavailable_fewer_than_3_sections_or_downbeat_spans,,
ai_acestep_muse_en_suno_en_023285_1,30s,ACE-Step,development,complete,computed,computed,eligible,eligible,eligible,,
ai_acestep_muse_en_suno_en_023320_1,30s,ACE-Step,development,complete,computed,computed,eligible,eligible,unavailable_fewer_than_3_sections_or_downbeat_spans,,
ai_acestep_muse_en_suno_en_023496_0,30s,ACE-Step,development,complete,computed,computed,eligible,eligible,unavailable_fewer_than_3_sections_or_downbeat_spans,,
ai_acestep_muse_en_suno_en_023694_1,30s,ACE-Step,development,complete,computed,computed,eligible,eligible,eligible,,
ai_acestep_muse_en_suno_en_023752_1,30s,ACE-Step,development,complete,computed,computed,eligible,eligible,eligible,,
ai_acestep_muse_en_suno_en_023819_0,30s,ACE-Step,development,complete,computed,computed,eligible,eligible,unavailable_fewer_than_3_sections_or_downbeat_spans,,
ai_acestep_muse_en_suno_en_023877_0,30s,ACE-Step,development,complete,computed,computed,eligible,eligible,unavailable_fewer_than_3_sections_or_downbeat_spans,,
ai_acestep_muse_en_suno_en_024029_1,30s,ACE-Step,development,complete,computed,computed,eligible,eligible,unavailable_fewer_than_3_sections_or_downbeat_spans,,
ai_acestep_muse_en_suno_en_024045_1,30s,ACE-Step,locked,complete,computed,computed,eligible,unavailable_fewer_than_16_beats_or_invalid_intervals,eligible,,
ai_acestep_muse_en_suno_en_024308_0,30s,ACE-Step,locked,complete,computed,computed,eligible,eligible,unavailable_fewer_than_3_sections_or_downbeat_spans,,
ai_acestep_muse_en_suno_en_024709_1,30s,ACE-Step,development,complete,computed,computed,eligible,eligible,unavailable_fewer_than_3_sections_or_downbeat_spans,,
ai_acestep_muse_en_suno_en_024741_0,30s,ACE-Step,development,complete,computed,computed,eligible,eligible,unavailable_fewer_than_3_sections_or_downbeat_spans,,
ai_acestep_muse_en_suno_en_025125_0,30s,ACE-Step,development,complete,computed,computed,eligible,eligible,unavailable_fewer_than_3_sections_or_downbeat_spans,,
ai_acestep_muse_en_suno_en_025332_0,30s,ACE-Step,development,complete,computed,computed,eligible,eligible,eligible,,
ai_acestep_muse_en_suno_en_025448_0,30s,ACE-Step,development,complete,computed,computed,eligible,eligible,unavailable_fewer_than_3_sections_or_downbeat_spans,,
ai_acestep_muse_en_suno_en_025603_1,30s,ACE-Step,development,complete,computed,computed,eligible,eligible,unavailable_fewer_than_3_sections_or_downbeat_spans,,
ai_acestep_muse_en_suno_en_025839_1,30s,ACE-Step,development,complete,computed,computed,eligible,eligible,unavailable_fewer_than_3_sections_or_downbeat_spans,,
ai_acestep_muse_en_suno_en_025857_1,30s,ACE-Step,locked,complete,computed,computed,eligible,eligible,unavailable_fewer_than_3_sections_or_downbeat_spans,,
ai_acestep_muse_en_suno_en_025875_1,30s,ACE-Step,development,complete,computed,computed,eligible,eligible,unavailable_fewer_than_3_sections_or_downbeat_spans,,
ai_acestep_muse_en_suno_en_026005_0,30s,ACE-Step,development,complete,computed,computed,eligible,eligible,unavailable_fewer_than_3_sections_or_downbeat_spans,,
ai_acestep_muse_en_suno_en_026074_0,30s,ACE-Step,development,complete,computed,computed,eligible,eligible,unavailable_fewer_than_3_sections_or_downbeat_spans,,
ai_acestep_muse_en_suno_en_026086_1,30s,ACE-Step,locked,complete,computed,computed,eligible,eligible,eligible,,
ai_acestep_muse_en_suno_en_026397_0,30s,ACE-Step,development,complete,computed,computed,eligible,eligible,unavailable_fewer_than_3_sections_or_downbeat_spans,,
ai_acestep_muse_en_suno_en_026431_1,30s,ACE-Step,development,complete,computed,computed,eligible,eligible,unavailable_fewer_than_3_sections_or_downbeat_spans,,
ai_acestep_muse_en_suno_en_026494_1,30s,ACE-Step,development,complete,computed,computed,eligible,eligible,unavailable_fewer_than_3_sections_or_downbeat_spans,,
ai_acestep_muse_en_suno_en_026592_0,30s,ACE-Step,development,complete,computed,computed,eligible,eligible,unavailable_fewer_than_3_sections_or_downbeat_spans,,
ai_acestep_muse_en_suno_en_026618_1,30s,ACE-Step,development,complete,computed,computed,eligible,eligible,eligible,,
ai_acestep_muse_en_suno_en_026759_1,30s,ACE-Step,development,complete,computed,computed,eligible,eligible,unavailable_fewer_than_3_sections_or_downbeat_spans,,
ai_acestep_muse_en_suno_en_026769_0,30s,ACE-Step,locked,complete,computed,computed,eligible,eligible,unavailable_fewer_than_3_sections_or_downbeat_spans,,
ai_acestep_muse_en_suno_en_026793_0,30s,ACE-Step,development,complete,computed,computed,eligible,eligible,eligible,,
ai_acestep_muse_en_suno_en_026819_0,30s,ACE-Step,development,complete,computed,computed,eligible,eligible,unavailable_fewer_than_3_sections_or_downbeat_spans,,
ai_acestep_muse_en_suno_en_026837_0,30s,ACE-Step,development,complete,computed,computed,eligible,eligible,eligible,,
ai_acestep_muse_en_suno_en_026922_0,30s,ACE-Step,development,complete,computed,computed,eligible,eligible,unavailable_fewer_than_3_sections_or_downbeat_spans,,
ai_acestep_muse_en_suno_en_026938_1,30s,ACE-Step,development,complete,computed,computed,eligible,eligible,unavailable_fewer_than_3_sections_or_downbeat_spans,,
ai_acestep_muse_en_suno_en_026962_0,30s,ACE-Step,development,complete,computed,computed,eligible,eligible,eligible,,
ai_acestep_muse_en_suno_en_027511_1,30s,ACE-Step,development,complete,computed,computed,eligible,eligible,unavailable_fewer_than_3_sections_or_downbeat_spans,,
ai_acestep_muse_en_suno_en_027586_0,30s,ACE-Step,development,complete,computed,computed,eligible,unavailable_fewer_than_16_beats_or_invalid_intervals,unavailable_fewer_than_3_sections_or_downbeat_spans,,
ai_acestep_muse_en_suno_en_027758_0,30s,ACE-Step,development,complete,computed,computed,eligible,eligible,unavailable_fewer_than_3_sections_or_downbeat_spans,,
ai_acestep_muse_en_suno_en_028128_1,30s,ACE-Step,development,complete,computed,computed,eligible,eligible,unavailable_fewer_than_3_sections_or_downbeat_spans,,
ai_acestep_muse_en_suno_en_028160_1,30s,ACE-Step,locked,complete,computed,computed,eligible,eligible,eligible,,
ai_acestep_muse_en_suno_en_028334_1,30s,ACE-Step,locked,complete,computed,computed,eligible,eligible,eligible,,
ai_acestep_muse_en_suno_en_028351_1,30s,ACE-Step,development,complete,computed,computed,eligible,eligible,unavailable_fewer_than_3_sections_or_downbeat_spans,,
ai_acestep_muse_en_suno_en_028422_1,30s,ACE-Step,development,complete,computed,computed,eligible,eligible,eligible,,
ai_acestep_muse_en_suno_en_028544_0,30s,ACE-Step,locked,complete,computed,computed,eligible,eligible,unavailable_fewer_than_3_sections_or_downbeat_spans,,
ai_acestep_muse_en_suno_en_028597_0,30s,ACE-Step,development,complete,computed,computed,eligible,eligible,unavailable_fewer_than_3_sections_or_downbeat_spans,,
ai_acestep_muse_en_suno_en_028605_0,30s,ACE-Step,development,complete,computed,computed,eligible,eligible,eligible,,
ai_acestep_muse_en_suno_en_028765_0,30s,ACE-Step,development,complete,computed,computed,eligible,eligible,unavailable_fewer_than_3_sections_or_downbeat_spans,,
ai_acestep_muse_en_suno_en_029154_0,30s,ACE-Step,development,complete,computed,computed,eligible,eligible,unavailable_fewer_than_3_sections_or_downbeat_spans,,
ai_acestep_muse_en_suno_en_029220_0,30s,ACE-Step,development,complete,computed,computed,eligible,eligible,eligible,,
ai_acestep_muse_en_suno_en_029458_0,30s,ACE-Step,locked,complete,computed,computed,eligible,eligible,unavailable_fewer_than_3_sections_or_downbeat_spans,,
ai_acestep_muse_en_suno_en_029528_0,30s,ACE-Step,development,complete,computed,computed,eligible,eligible,eligible,,
ai_acestep_muse_en_suno_en_029708_1,30s,ACE-Step,development,complete,computed,computed,eligible,eligible,unavailable_fewer_than_3_sections_or_downbeat_spans,,
ai_acestep_muse_en_suno_en_029735_0,30s,ACE-Step,development,complete,computed,computed,eligible,eligible,unavailable_fewer_than_3_sections_or_downbeat_spans,,
ai_acestep_muse_en_suno_en_030151_0,30s,ACE-Step,development,complete,computed,computed,eligible,eligible,eligible,,
ai_acestep_muse_en_suno_en_030373_1,30s,ACE-Step,development,complete,computed,computed,eligible,eligible,unavailable_fewer_than_3_sections_or_downbeat_spans,,
ai_acestep_muse_en_suno_en_030441_1,30s,ACE-Step,development,complete,computed,computed,eligible,eligible,eligible,,
ai_acestep_muse_en_suno_en_030623_1,30s,ACE-Step,development,complete,computed,computed,eligible,eligible,eligible,,
ai_acestep_muse_en_suno_en_030631_0,30s,ACE-Step,development,complete,computed,computed,eligible,eligible,unavailable_fewer_than_3_sections_or_downbeat_spans,,
ai_acestep_muse_en_suno_en_030691_0,30s,ACE-Step,locked,complete,computed,computed,eligible,eligible,unavailable_fewer_than_3_sections_or_downbeat_spans,,
ai_acestep_muse_en_suno_en_030973_1,30s,ACE-Step,locked,complete,computed,computed,eligible,eligible,eligible,,
ai_acestep_muse_en_suno_en_031001_1,30s,ACE-Step,development,complete,computed,computed,eligible,unavailable_fewer_than_16_beats_or_invalid_intervals,unavailable_fewer_than_3_sections_or_downbeat_spans,,
ai_acestep_muse_en_suno_en_031012_0,30s,ACE-Step,development,complete,computed,computed,eligible,eligible,unavailable_fewer_than_3_sections_or_downbeat_spans,,
ai_acestep_muse_en_suno_en_031167_1,30s,ACE-Step,development,complete,computed,computed,eligible,eligible,eligible,,
ai_acestep_muse_en_suno_en_031266_0,30s,ACE-Step,locked,complete,computed,computed,eligible,eligible,eligible,,
ai_acestep_muse_en_suno_en_031548_1,30s,ACE-Step,development,complete,computed,computed,eligible,eligible,unavailable_fewer_than_3_sections_or_downbeat_spans,,
ai_acestep_muse_en_suno_en_031573_1,30s,ACE-Step,development,complete,computed,computed,eligible,eligible,eligible,,
ai_acestep_muse_en_suno_en_031620_1,30s,ACE-Step,development,complete,computed,computed,eligible,eligible,eligible,,
ai_acestep_muse_en_suno_en_031869_1,30s,ACE-Step,development,complete,computed,computed,eligible,eligible,unavailable_fewer_than_3_sections_or_downbeat_spans,,
ai_acestep_muse_en_suno_en_031950_0,30s,ACE-Step,development,complete,computed,computed,eligible,eligible,eligible,,
ai_acestep_muse_en_suno_en_032126_1,30s,ACE-Step,development,complete,computed,computed,eligible,eligible,unavailable_fewer_than_3_sections_or_downbeat_spans,,
ai_acestep_muse_en_suno_en_032496_1,30s,ACE-Step,development,complete,computed,computed,eligible,eligible,eligible,,
ai_acestep_muse_en_suno_en_032796_1,30s,ACE-Step,locked,complete,computed,computed,eligible,eligible,eligible,,
ai_acestep_muse_en_suno_en_032874_0,30s,ACE-Step,locked,complete,computed,computed,eligible,eligible,unavailable_fewer_than_3_sections_or_downbeat_spans,,
ai_acestep_muse_en_suno_en_032888_0,30s,ACE-Step,development,complete,computed,computed,eligible,eligible,eligible,,
ai_acestep_muse_en_suno_en_033015_1,30s,ACE-Step,development,complete,computed,computed,eligible,eligible,unavailable_fewer_than_3_sections_or_downbeat_spans,,
ai_acestep_muse_en_suno_en_033142_1,30s,ACE-Step,locked,complete,computed,computed,eligible,eligible,eligible,,
ai_acestep_muse_en_suno_en_033149_1,30s,ACE-Step,development,complete,computed,computed,eligible,eligible,unavailable_fewer_than_3_sections_or_downbeat_spans,,
ai_acestep_muse_en_suno_en_033249_1,30s,ACE-Step,development,complete,computed,computed,eligible,eligible,unavailable_fewer_than_3_sections_or_downbeat_spans,,
ai_acestep_muse_en_suno_en_033304_1,30s,ACE-Step,locked,complete,computed,computed,eligible,eligible,unavailable_fewer_than_3_sections_or_downbeat_spans,,
ai_acestep_muse_en_suno_en_033608_1,30s,ACE-Step,development,complete,computed,computed,eligible,eligible,eligible,,
ai_acestep_muse_en_suno_en_033892_1,30s,ACE-Step,locked,complete,computed,computed,eligible,eligible,eligible,,
ai_acestep_muse_en_suno_en_033908_1,30s,ACE-Step,development,complete,computed,computed,eligible,eligible,eligible,,
ai_acestep_muse_en_suno_en_034089_0,30s,ACE-Step,locked,complete,computed,computed,eligible,eligible,unavailable_fewer_than_3_sections_or_downbeat_spans,,
ai_acestep_muse_en_suno_en_034099_0,30s,ACE-Step,development,complete,computed,computed,eligible,eligible,unavailable_fewer_than_3_sections_or_downbeat_spans,,
ai_acestep_muse_en_suno_en_034129_0,30s,ACE-Step,locked,complete,computed,computed,eligible,eligible,unavailable_fewer_than_3_sections_or_downbeat_spans,,
ai_acestep_muse_en_suno_en_034135_1,30s,ACE-Step,development,complete,computed,computed,eligible,eligible,eligible,,
human_fma_medium_020391fd334bf1d4,30s,FMA,development,complete,computed,computed,eligible,eligible,unavailable_fewer_than_3_sections_or_downbeat_spans,fma_originals_explicit_license_v1/audio/human_fma_medium_020391fd334bf1d4.mp3,1bee1265384dc069ad6d1247c0ae7bfd9db09761
human_fma_medium_0204c5ed58174dd4,30s,FMA,development,complete,computed,computed,eligible,eligible,unavailable_fewer_than_3_sections_or_downbeat_spans,fma_originals_explicit_license_v1/audio/human_fma_medium_0204c5ed58174dd4.mp3,1bee1265384dc069ad6d1247c0ae7bfd9db09761
human_fma_medium_0383d2323abac1f2,30s,FMA,development,complete,computed,computed,eligible,eligible,unavailable_fewer_than_3_sections_or_downbeat_spans,fma_originals_explicit_license_v1/audio/human_fma_medium_0383d2323abac1f2.mp3,1bee1265384dc069ad6d1247c0ae7bfd9db09761
human_fma_medium_03d5ae6794e831bb,30s,FMA,development,complete,computed,computed,eligible,eligible,unavailable_fewer_than_3_sections_or_downbeat_spans,fma_originals_explicit_license_v1/audio/human_fma_medium_03d5ae6794e831bb.mp3,1bee1265384dc069ad6d1247c0ae7bfd9db09761
human_fma_medium_042fd8cc5beeb6ae,30s,FMA,development,complete,computed,computed,eligible,eligible,eligible,fma_originals_explicit_license_v1/audio/human_fma_medium_042fd8cc5beeb6ae.mp3,1bee1265384dc069ad6d1247c0ae7bfd9db09761
human_fma_medium_04d12c8d92b299a9,30s,FMA,development,complete,computed,computed,eligible,eligible,unavailable_fewer_than_3_sections_or_downbeat_spans,,
human_fma_medium_05efe1845af1d8f0,30s,FMA,locked,complete,computed,computed,eligible,eligible,unavailable_fewer_than_3_sections_or_downbeat_spans,,
human_fma_medium_0671792d095db70b,30s,FMA,development,complete,computed,computed,eligible,eligible,unavailable_fewer_than_3_sections_or_downbeat_spans,fma_originals_explicit_license_v1/audio/human_fma_medium_0671792d095db70b.mp3,1bee1265384dc069ad6d1247c0ae7bfd9db09761
human_fma_medium_06865aa24a5e12f6,30s,FMA,development,complete,computed,computed,eligible,eligible,unavailable_fewer_than_3_sections_or_downbeat_spans,,
human_fma_medium_06c4214f8121db42,30s,FMA,locked,complete,computed,computed,eligible,unavailable_fewer_than_16_beats_or_invalid_intervals,unavailable_fewer_than_3_sections_or_downbeat_spans,fma_originals_explicit_license_v1/audio/human_fma_medium_06c4214f8121db42.mp3,1bee1265384dc069ad6d1247c0ae7bfd9db09761
human_fma_medium_07a513cb051c77d5,30s,FMA,development,complete,computed,computed,eligible,eligible,unavailable_fewer_than_3_sections_or_downbeat_spans,fma_originals_explicit_license_v1/audio/human_fma_medium_07a513cb051c77d5.mp3,1bee1265384dc069ad6d1247c0ae7bfd9db09761
human_fma_medium_0854d6565b09478f,30s,FMA,development,complete,computed,computed,eligible,eligible,unavailable_fewer_than_3_sections_or_downbeat_spans,fma_originals_explicit_license_v1/audio/human_fma_medium_0854d6565b09478f.mp3,1bee1265384dc069ad6d1247c0ae7bfd9db09761
human_fma_medium_08989483f520196a,30s,FMA,locked,complete,computed,computed,eligible,eligible,unavailable_fewer_than_3_sections_or_downbeat_spans,fma_originals_explicit_license_v1/audio/human_fma_medium_08989483f520196a.mp3,1bee1265384dc069ad6d1247c0ae7bfd9db09761
human_fma_medium_08ddefd9608a924f,30s,FMA,development,complete,computed,computed,eligible,eligible,unavailable_fewer_than_3_sections_or_downbeat_spans,fma_originals_explicit_license_v1/audio/human_fma_medium_08ddefd9608a924f.mp3,1bee1265384dc069ad6d1247c0ae7bfd9db09761
human_fma_medium_09352d8a625048b8,30s,FMA,development,complete,computed,computed,eligible,eligible,unavailable_fewer_than_3_sections_or_downbeat_spans,fma_originals_explicit_license_v1/audio/human_fma_medium_09352d8a625048b8.mp3,1bee1265384dc069ad6d1247c0ae7bfd9db09761
human_fma_medium_095ada343c2c3d85,30s,FMA,locked,complete,computed,computed,eligible,eligible,unavailable_fewer_than_3_sections_or_downbeat_spans,fma_originals_explicit_license_v1/audio/human_fma_medium_095ada343c2c3d85.mp3,1bee1265384dc069ad6d1247c0ae7bfd9db09761
human_fma_medium_09b26930c8eaed11,30s,FMA,development,complete,computed,computed,eligible,eligible,eligible,fma_originals_explicit_license_v1/audio/human_fma_medium_09b26930c8eaed11.mp3,1bee1265384dc069ad6d1247c0ae7bfd9db09761
human_fma_medium_0a2fa97ec99d75f3,30s,FMA,locked,complete,computed,computed,eligible,eligible,unavailable_fewer_than_3_sections_or_downbeat_spans,,
human_fma_medium_0a54a3ab5ce6365a,30s,FMA,locked,complete,computed,computed,eligible,eligible,unavailable_fewer_than_3_sections_or_downbeat_spans,fma_originals_explicit_license_v1/audio/human_fma_medium_0a54a3ab5ce6365a.mp3,1bee1265384dc069ad6d1247c0ae7bfd9db09761
human_fma_medium_0b1b02f09e12a63f,30s,FMA,development,complete,computed,computed,eligible,eligible,eligible,,
human_fma_medium_0b3ccf2c69cdbe86,30s,FMA,development,complete,computed,computed,eligible,eligible,unavailable_fewer_than_3_sections_or_downbeat_spans,fma_originals_explicit_license_v1/audio/human_fma_medium_0b3ccf2c69cdbe86.mp3,1bee1265384dc069ad6d1247c0ae7bfd9db09761
human_fma_medium_0cdef3c8216269c1,30s,FMA,development,complete,computed,computed,eligible,eligible,unavailable_fewer_than_3_sections_or_downbeat_spans,,
human_fma_medium_0d3d001f60f6385c,30s,FMA,development,complete,computed,computed,eligible,eligible,eligible,fma_originals_explicit_license_v1/audio/human_fma_medium_0d3d001f60f6385c.mp3,1bee1265384dc069ad6d1247c0ae7bfd9db09761
human_fma_medium_0d852bf2ab5d81a3,30s,FMA,development,complete,computed,computed,eligible,unavailable_fewer_than_16_beats_or_invalid_intervals,unavailable_fewer_than_3_sections_or_downbeat_spans,fma_originals_explicit_license_v1/audio/human_fma_medium_0d852bf2ab5d81a3.mp3,1bee1265384dc069ad6d1247c0ae7bfd9db09761
human_fma_medium_0df4b093439b4047,30s,FMA,development,complete,computed,computed,eligible,eligible,unavailable_fewer_than_3_sections_or_downbeat_spans,,
human_fma_medium_0e801715355f3fc6,30s,FMA,locked,complete,computed,computed,eligible,eligible,unavailable_fewer_than_3_sections_or_downbeat_spans,fma_originals_explicit_license_v1/audio/human_fma_medium_0e801715355f3fc6.mp3,1bee1265384dc069ad6d1247c0ae7bfd9db09761
human_fma_medium_0f63535abe42aee5,30s,FMA,development,complete,computed,computed,eligible,eligible,unavailable_fewer_than_3_sections_or_downbeat_spans,fma_originals_explicit_license_v1/audio/human_fma_medium_0f63535abe42aee5.mp3,1bee1265384dc069ad6d1247c0ae7bfd9db09761
human_fma_medium_0f768f0d32f8a8d7,30s,FMA,development,complete,computed,computed,eligible,eligible,unavailable_fewer_than_3_sections_or_downbeat_spans,fma_originals_explicit_license_v1/audio/human_fma_medium_0f768f0d32f8a8d7.mp3,1bee1265384dc069ad6d1247c0ae7bfd9db09761
human_fma_medium_100f2c7cf590f31b,30s,FMA,development,complete,computed,computed,eligible,eligible,unavailable_fewer_than_3_sections_or_downbeat_spans,fma_originals_explicit_license_v1/audio/human_fma_medium_100f2c7cf590f31b.mp3,1bee1265384dc069ad6d1247c0ae7bfd9db09761
human_fma_medium_10b10357e31eb227,30s,FMA,locked,complete,computed,computed,eligible,eligible,unavailable_fewer_than_3_sections_or_downbeat_spans,,
human_fma_medium_10ffe255d12cbb8c,30s,FMA,development,complete,computed,computed,eligible,eligible,unavailable_fewer_than_3_sections_or_downbeat_spans,fma_originals_explicit_license_v1/audio/human_fma_medium_10ffe255d12cbb8c.mp3,1bee1265384dc069ad6d1247c0ae7bfd9db09761
human_fma_medium_11e203f7e5cb28e3,30s,FMA,locked,complete,computed,computed,eligible,eligible,unavailable_fewer_than_3_sections_or_downbeat_spans,fma_originals_explicit_license_v1/audio/human_fma_medium_11e203f7e5cb28e3.mp3,1bee1265384dc069ad6d1247c0ae7bfd9db09761
human_fma_medium_11fd0b7dab4490ea,30s,FMA,development,complete,computed,computed,eligible,eligible,eligible,,
human_fma_medium_12bf52c3659aa4f1,30s,FMA,development,complete,computed,computed,eligible,eligible,unavailable_fewer_than_3_sections_or_downbeat_spans,fma_originals_explicit_license_v1/audio/human_fma_medium_12bf52c3659aa4f1.mp3,1bee1265384dc069ad6d1247c0ae7bfd9db09761
human_fma_medium_13eb4864c0593a26,30s,FMA,development,complete,computed,computed,eligible,eligible,unavailable_fewer_than_3_sections_or_downbeat_spans,fma_originals_explicit_license_v1/audio/human_fma_medium_13eb4864c0593a26.mp3,1bee1265384dc069ad6d1247c0ae7bfd9db09761
human_fma_medium_13f94062ec25e33d,30s,FMA,locked,complete,computed,computed,eligible,eligible,eligible,fma_originals_explicit_license_v1/audio/human_fma_medium_13f94062ec25e33d.mp3,1bee1265384dc069ad6d1247c0ae7bfd9db09761
human_fma_medium_15054b6f93b0be08,30s,FMA,development,complete,computed,computed,eligible,eligible,eligible,fma_originals_explicit_license_v1/audio/human_fma_medium_15054b6f93b0be08.mp3,1bee1265384dc069ad6d1247c0ae7bfd9db09761
human_fma_medium_16079de5a1784f23,30s,FMA,development,complete,computed,computed,eligible,eligible,unavailable_fewer_than_3_sections_or_downbeat_spans,fma_originals_explicit_license_v1/audio/human_fma_medium_16079de5a1784f23.mp3,1bee1265384dc069ad6d1247c0ae7bfd9db09761
human_fma_medium_173a156dfa435b91,30s,FMA,development,complete,computed,computed,eligible,eligible,unavailable_fewer_than_3_sections_or_downbeat_spans,fma_originals_explicit_license_v1/audio/human_fma_medium_173a156dfa435b91.mp3,1bee1265384dc069ad6d1247c0ae7bfd9db09761
human_fma_medium_17f23f4c1450aaf5,30s,FMA,development,complete,computed,computed,eligible,eligible,eligible,fma_originals_explicit_license_v1/audio/human_fma_medium_17f23f4c1450aaf5.mp3,1bee1265384dc069ad6d1247c0ae7bfd9db09761
human_fma_medium_17fa567853e8e9d7,30s,FMA,development,complete,computed,computed,eligible,eligible,unavailable_fewer_than_3_sections_or_downbeat_spans,,
human_fma_medium_1827cb0cb6505e36,30s,FMA,development,complete,computed,computed,eligible,eligible,unavailable_fewer_than_3_sections_or_downbeat_spans,,
human_fma_medium_187dbbd9da7e57fe,30s,FMA,locked,complete,computed,computed,eligible,eligible,unavailable_fewer_than_3_sections_or_downbeat_spans,fma_originals_explicit_license_v1/audio/human_fma_medium_187dbbd9da7e57fe.mp3,1bee1265384dc069ad6d1247c0ae7bfd9db09761
human_fma_medium_18fe5eded2e53d6d,30s,FMA,development,complete,computed,computed,eligible,eligible,unavailable_fewer_than_3_sections_or_downbeat_spans,fma_originals_explicit_license_v1/audio/human_fma_medium_18fe5eded2e53d6d.mp3,1bee1265384dc069ad6d1247c0ae7bfd9db09761
human_fma_medium_191b5bf3a5d2546a,30s,FMA,development,complete,computed,computed,eligible,eligible,unavailable_fewer_than_3_sections_or_downbeat_spans,fma_originals_explicit_license_v1/audio/human_fma_medium_191b5bf3a5d2546a.mp3,1bee1265384dc069ad6d1247c0ae7bfd9db09761
human_fma_medium_1957cf7119c41804,30s,FMA,development,complete,computed,computed,eligible,eligible,eligible,fma_originals_explicit_license_v1/audio/human_fma_medium_1957cf7119c41804.mp3,1bee1265384dc069ad6d1247c0ae7bfd9db09761
human_fma_medium_198feebef7f42920,30s,FMA,development,complete,computed,computed,eligible,eligible,unavailable_fewer_than_3_sections_or_downbeat_spans,fma_originals_explicit_license_v1/audio/human_fma_medium_198feebef7f42920.mp3,1bee1265384dc069ad6d1247c0ae7bfd9db09761
human_fma_medium_19b9b40629bcf5d6,30s,FMA,development,complete,computed,computed,eligible,eligible,unavailable_fewer_than_3_sections_or_downbeat_spans,fma_originals_explicit_license_v1/audio/human_fma_medium_19b9b40629bcf5d6.mp3,1bee1265384dc069ad6d1247c0ae7bfd9db09761
human_fma_medium_19e6086ee36ca5b0,30s,FMA,locked,complete,computed,computed,eligible,eligible,unavailable_fewer_than_3_sections_or_downbeat_spans,fma_originals_explicit_license_v1/audio/human_fma_medium_19e6086ee36ca5b0.mp3,1bee1265384dc069ad6d1247c0ae7bfd9db09761
human_fma_medium_1ac101a4f15d825d,30s,FMA,development,complete,computed,computed,eligible,eligible,unavailable_fewer_than_3_sections_or_downbeat_spans,fma_originals_explicit_license_v1/audio/human_fma_medium_1ac101a4f15d825d.mp3,1bee1265384dc069ad6d1247c0ae7bfd9db09761
human_fma_medium_1c72cb9ad468a472,30s,FMA,locked,complete,computed,computed,eligible,eligible,unavailable_fewer_than_3_sections_or_downbeat_spans,,
human_fma_medium_1cdede6af7a8932c,30s,FMA,locked,complete,computed,computed,eligible,eligible,unavailable_fewer_than_3_sections_or_downbeat_spans,fma_originals_explicit_license_v1/audio/human_fma_medium_1cdede6af7a8932c.mp3,1bee1265384dc069ad6d1247c0ae7bfd9db09761
human_fma_medium_1d20be9c4682bde1,30s,FMA,development,complete,computed,computed,eligible,eligible,unavailable_fewer_than_3_sections_or_downbeat_spans,,
human_fma_medium_1d660297b1333d19,30s,FMA,development,complete,computed,computed,eligible,eligible,unavailable_fewer_than_3_sections_or_downbeat_spans,fma_originals_explicit_license_v1/audio/human_fma_medium_1d660297b1333d19.mp3,1bee1265384dc069ad6d1247c0ae7bfd9db09761
human_fma_medium_1e920728a461b1a3,30s,FMA,development,complete,computed,computed,eligible,eligible,unavailable_fewer_than_3_sections_or_downbeat_spans,fma_originals_explicit_license_v1/audio/human_fma_medium_1e920728a461b1a3.mp3,1bee1265384dc069ad6d1247c0ae7bfd9db09761
human_fma_medium_1eea7d4c95fae823,30s,FMA,development,complete,computed,computed,eligible,eligible,unavailable_fewer_than_3_sections_or_downbeat_spans,,
human_fma_medium_1f36008f892c438c,30s,FMA,development,complete,computed,computed,eligible,eligible,unavailable_fewer_than_3_sections_or_downbeat_spans,fma_originals_explicit_license_v1/audio/human_fma_medium_1f36008f892c438c.mp3,1bee1265384dc069ad6d1247c0ae7bfd9db09761
human_fma_medium_1f4defcab49c5260,30s,FMA,development,complete,computed,computed,eligible,eligible,unavailable_fewer_than_3_sections_or_downbeat_spans,fma_originals_explicit_license_v1/audio/human_fma_medium_1f4defcab49c5260.mp3,1bee1265384dc069ad6d1247c0ae7bfd9db09761
human_fma_medium_1f63e7c3b30352fa,30s,FMA,development,complete,computed,computed,eligible,eligible,unavailable_fewer_than_3_sections_or_downbeat_spans,fma_originals_explicit_license_v1/audio/human_fma_medium_1f63e7c3b30352fa.mp3,1bee1265384dc069ad6d1247c0ae7bfd9db09761
human_fma_medium_1f9cb23fbf697782,30s,FMA,development,complete,computed,computed,eligible,eligible,eligible,fma_originals_explicit_license_v1/audio/human_fma_medium_1f9cb23fbf697782.mp3,1bee1265384dc069ad6d1247c0ae7bfd9db09761
human_fma_medium_207bc6ded4296e0c,30s,FMA,development,complete,computed,computed,eligible,eligible,eligible,,
human_fma_medium_214962825b8122fc,30s,FMA,locked,complete,computed,computed,eligible,eligible,unavailable_fewer_than_3_sections_or_downbeat_spans,fma_originals_explicit_license_v1/audio/human_fma_medium_214962825b8122fc.mp3,1bee1265384dc069ad6d1247c0ae7bfd9db09761
human_fma_medium_21872c82046b3635,30s,FMA,development,complete,computed,computed,eligible,eligible,unavailable_fewer_than_3_sections_or_downbeat_spans,,
human_fma_medium_21f47e9a3daacb61,30s,FMA,development,complete,computed,computed,eligible,eligible,unavailable_fewer_than_3_sections_or_downbeat_spans,fma_originals_explicit_license_v1/audio/human_fma_medium_21f47e9a3daacb61.mp3,1bee1265384dc069ad6d1247c0ae7bfd9db09761
human_fma_medium_2249ce6f509670bb,30s,FMA,development,complete,computed,computed,eligible,eligible,unavailable_fewer_than_3_sections_or_downbeat_spans,fma_originals_explicit_license_v1/audio/human_fma_medium_2249ce6f509670bb.mp3,1bee1265384dc069ad6d1247c0ae7bfd9db09761
human_fma_medium_22ac05eac734f375,30s,FMA,development,complete,computed,computed,eligible,eligible,unavailable_fewer_than_3_sections_or_downbeat_spans,,
human_fma_medium_236b0fd18c5217e6,30s,FMA,locked,complete,computed,computed,eligible,unavailable_fewer_than_16_beats_or_invalid_intervals,unavailable_fewer_than_3_sections_or_downbeat_spans,fma_originals_explicit_license_v1/audio/human_fma_medium_236b0fd18c5217e6.mp3,1bee1265384dc069ad6d1247c0ae7bfd9db09761
human_fma_medium_24240a848a5d5571,30s,FMA,locked,complete,computed,computed,eligible,eligible,unavailable_fewer_than_3_sections_or_downbeat_spans,fma_originals_explicit_license_v1/audio/human_fma_medium_24240a848a5d5571.mp3,1bee1265384dc069ad6d1247c0ae7bfd9db09761
human_fma_medium_2429dab1fa33edc8,30s,FMA,development,complete,computed,computed,eligible,eligible,unavailable_fewer_than_3_sections_or_downbeat_spans,,
human_fma_medium_244f4d15fbfa8014,30s,FMA,locked,complete,computed,computed,eligible,unavailable_fewer_than_16_beats_or_invalid_intervals,unavailable_fewer_than_3_sections_or_downbeat_spans,fma_originals_explicit_license_v1/audio/human_fma_medium_244f4d15fbfa8014.mp3,1bee1265384dc069ad6d1247c0ae7bfd9db09761
human_fma_medium_24a2bfd07cde954b,30s,FMA,development,complete,computed,computed,eligible,eligible,unavailable_fewer_than_3_sections_or_downbeat_spans,fma_originals_explicit_license_v1/audio/human_fma_medium_24a2bfd07cde954b.mp3,1bee1265384dc069ad6d1247c0ae7bfd9db09761
human_fma_medium_255fabcf05c03b14,30s,FMA,development,complete,computed,computed,eligible,eligible,unavailable_fewer_than_3_sections_or_downbeat_spans,,
human_fma_medium_258d1c01da4c0588,30s,FMA,development,complete,computed,computed,eligible,unavailable_fewer_than_16_beats_or_invalid_intervals,eligible,fma_originals_explicit_license_v1/audio/human_fma_medium_258d1c01da4c0588.mp3,1bee1265384dc069ad6d1247c0ae7bfd9db09761
human_fma_medium_260f815c76fbe99e,30s,FMA,development,complete,computed,computed,eligible,eligible,eligible,fma_originals_explicit_license_v1/audio/human_fma_medium_260f815c76fbe99e.mp3,1bee1265384dc069ad6d1247c0ae7bfd9db09761
human_fma_medium_26d8d53ee3c7f842,30s,FMA,locked,complete,computed,computed,eligible,eligible,unavailable_fewer_than_3_sections_or_downbeat_spans,,
human_fma_medium_27553797bcaeb090,30s,FMA,development,complete,computed,computed,eligible,eligible,unavailable_fewer_than_3_sections_or_downbeat_spans,fma_originals_explicit_license_v1/audio/human_fma_medium_27553797bcaeb090.mp3,1bee1265384dc069ad6d1247c0ae7bfd9db09761
human_fma_medium_275e976bb85d4426,30s,FMA,development,complete,computed,computed,eligible,eligible,unavailable_fewer_than_3_sections_or_downbeat_spans,fma_originals_explicit_license_v1/audio/human_fma_medium_275e976bb85d4426.mp3,1bee1265384dc069ad6d1247c0ae7bfd9db09761
human_fma_medium_279f15f8059a0e74,30s,FMA,locked,complete,computed,computed,eligible,eligible,unavailable_fewer_than_3_sections_or_downbeat_spans,fma_originals_explicit_license_v1/audio/human_fma_medium_279f15f8059a0e74.mp3,1bee1265384dc069ad6d1247c0ae7bfd9db09761
human_fma_medium_281882dc7030f51f,30s,FMA,development,complete,computed,computed,eligible,eligible,eligible,fma_originals_explicit_license_v1/audio/human_fma_medium_281882dc7030f51f.mp3,1bee1265384dc069ad6d1247c0ae7bfd9db09761
human_fma_medium_28fb175d87c7b86a,30s,FMA,development,complete,computed,computed,eligible,eligible,eligible,fma_originals_explicit_license_v1/audio/human_fma_medium_28fb175d87c7b86a.mp3,1bee1265384dc069ad6d1247c0ae7bfd9db09761
human_fma_medium_29abce0c0533253b,30s,FMA,development,complete,computed,computed,eligible,eligible,unavailable_fewer_than_3_sections_or_downbeat_spans,,
human_fma_medium_2a7d88402354b515,30s,FMA,locked,complete,computed,computed,eligible,eligible,unavailable_fewer_than_3_sections_or_downbeat_spans,,
human_fma_medium_2b1b70fcbc7d27c0,30s,FMA,locked,complete,computed,computed,eligible,eligible,unavailable_fewer_than_3_sections_or_downbeat_spans,,
human_fma_medium_2b8b4ce966605099,30s,FMA,development,complete,computed,computed,eligible,eligible,unavailable_fewer_than_3_sections_or_downbeat_spans,fma_originals_explicit_license_v1/audio/human_fma_medium_2b8b4ce966605099.mp3,1bee1265384dc069ad6d1247c0ae7bfd9db09761
human_fma_medium_2cb5292a739f4c6a,30s,FMA,locked,complete,computed,computed,eligible,eligible,unavailable_fewer_than_3_sections_or_downbeat_spans,,
human_fma_medium_2cbe65c0045c6a05,30s,FMA,development,complete,computed,computed,eligible,eligible,eligible,fma_originals_explicit_license_v1/audio/human_fma_medium_2cbe65c0045c6a05.mp3,1bee1265384dc069ad6d1247c0ae7bfd9db09761
human_fma_medium_2d6494c580f59c56,30s,FMA,locked,complete,computed,computed,eligible,eligible,unavailable_fewer_than_3_sections_or_downbeat_spans,fma_originals_explicit_license_v1/audio/human_fma_medium_2d6494c580f59c56.mp3,1bee1265384dc069ad6d1247c0ae7bfd9db09761
human_fma_medium_2db1b3b615afb526,30s,FMA,development,complete,computed,computed,eligible,eligible,unavailable_fewer_than_3_sections_or_downbeat_spans,,
human_fma_medium_2dc0d0d0915bbf8c,30s,FMA,locked,complete,computed,computed,eligible,eligible,unavailable_fewer_than_3_sections_or_downbeat_spans,fma_originals_explicit_license_v1/audio/human_fma_medium_2dc0d0d0915bbf8c.mp3,1bee1265384dc069ad6d1247c0ae7bfd9db09761
human_fma_medium_2f917a3a5ecf8fe1,30s,FMA,locked,complete,computed,computed,eligible,eligible,unavailable_fewer_than_3_sections_or_downbeat_spans,fma_originals_explicit_license_v1/audio/human_fma_medium_2f917a3a5ecf8fe1.mp3,1bee1265384dc069ad6d1247c0ae7bfd9db09761
human_fma_medium_300d461848b757b0,30s,FMA,development,complete,computed,computed,eligible,eligible,unavailable_fewer_than_3_sections_or_downbeat_spans,fma_originals_explicit_license_v1/audio/human_fma_medium_300d461848b757b0.mp3,1bee1265384dc069ad6d1247c0ae7bfd9db09761
human_fma_medium_3014fb0c21352605,30s,FMA,development,complete,computed,computed,eligible,eligible,unavailable_fewer_than_3_sections_or_downbeat_spans,fma_originals_explicit_license_v1/audio/human_fma_medium_3014fb0c21352605.mp3,1bee1265384dc069ad6d1247c0ae7bfd9db09761
human_fma_medium_306640153989eed0,30s,FMA,development,complete,computed,computed,eligible,eligible,unavailable_fewer_than_3_sections_or_downbeat_spans,fma_originals_explicit_license_v1/audio/human_fma_medium_306640153989eed0.mp3,1bee1265384dc069ad6d1247c0ae7bfd9db09761
human_fma_medium_30c7db087d364e0d,30s,FMA,development,complete,computed,computed,eligible,eligible,unavailable_fewer_than_3_sections_or_downbeat_spans,fma_originals_explicit_license_v1/audio/human_fma_medium_30c7db087d364e0d.mp3,1bee1265384dc069ad6d1247c0ae7bfd9db09761
human_fma_medium_31cc29baa36976ef,30s,FMA,development,complete,computed,computed,eligible,eligible,unavailable_fewer_than_3_sections_or_downbeat_spans,fma_originals_explicit_license_v1/audio/human_fma_medium_31cc29baa36976ef.mp3,1bee1265384dc069ad6d1247c0ae7bfd9db09761
human_fma_medium_31ec54352c988937,30s,FMA,development,complete,computed,computed,eligible,eligible,unavailable_fewer_than_3_sections_or_downbeat_spans,fma_originals_explicit_license_v1/audio/human_fma_medium_31ec54352c988937.mp3,1bee1265384dc069ad6d1247c0ae7bfd9db09761
human_fma_medium_334e49a4b34eef23,30s,FMA,development,complete,computed,computed,eligible,eligible,eligible,,
human_fma_medium_335133c28ae65fad,30s,FMA,locked,complete,computed,computed,eligible,eligible,eligible,fma_originals_explicit_license_v1/audio/human_fma_medium_335133c28ae65fad.mp3,1bee1265384dc069ad6d1247c0ae7bfd9db09761
human_fma_medium_33ba31ef9d43610a,30s,FMA,development,complete,computed,computed,eligible,eligible,unavailable_fewer_than_3_sections_or_downbeat_spans,fma_originals_explicit_license_v1/audio/human_fma_medium_33ba31ef9d43610a.mp3,1bee1265384dc069ad6d1247c0ae7bfd9db09761
human_fma_medium_3401ee16326f9c0f,30s,FMA,locked,complete,computed,computed,eligible,eligible,unavailable_fewer_than_3_sections_or_downbeat_spans,fma_originals_explicit_license_v1/audio/human_fma_medium_3401ee16326f9c0f.mp3,1bee1265384dc069ad6d1247c0ae7bfd9db09761
human_fma_medium_34beebc42bf421a8,30s,FMA,development,complete,computed,computed,eligible,eligible,unavailable_fewer_than_3_sections_or_downbeat_spans,fma_originals_explicit_license_v1/audio/human_fma_medium_34beebc42bf421a8.mp3,1bee1265384dc069ad6d1247c0ae7bfd9db09761
human_fma_medium_34dd322dc897e7b7,30s,FMA,development,complete,computed,computed,eligible,eligible,unavailable_fewer_than_3_sections_or_downbeat_spans,fma_originals_explicit_license_v1/audio/human_fma_medium_34dd322dc897e7b7.mp3,1bee1265384dc069ad6d1247c0ae7bfd9db09761
human_fma_medium_35921782011111c9,30s,FMA,development,complete,computed,computed,eligible,eligible,unavailable_fewer_than_3_sections_or_downbeat_spans,,
human_fma_medium_35a62f433280e72a,30s,FMA,development,complete,computed,computed,eligible,eligible,unavailable_fewer_than_3_sections_or_downbeat_spans,fma_originals_explicit_license_v1/audio/human_fma_medium_35a62f433280e72a.mp3,1bee1265384dc069ad6d1247c0ae7bfd9db09761
human_fma_medium_36bc64f821d8580a,30s,FMA,development,complete,computed,computed,eligible,eligible,eligible,fma_originals_explicit_license_v1/audio/human_fma_medium_36bc64f821d8580a.mp3,1bee1265384dc069ad6d1247c0ae7bfd9db09761
human_fma_medium_3711796d9bcddddb,30s,FMA,development,complete,computed,computed,eligible,eligible,unavailable_fewer_than_3_sections_or_downbeat_spans,,
human_fma_medium_384b654938bd568a,30s,FMA,development,complete,computed,computed,eligible,eligible,unavailable_fewer_than_3_sections_or_downbeat_spans,fma_originals_explicit_license_v1/audio/human_fma_medium_384b654938bd568a.mp3,1bee1265384dc069ad6d1247c0ae7bfd9db09761
human_fma_medium_38a030e54c2481f3,30s,FMA,development,complete,computed,computed,eligible,eligible,eligible,fma_originals_explicit_license_v1/audio/human_fma_medium_38a030e54c2481f3.mp3,1bee1265384dc069ad6d1247c0ae7bfd9db09761
human_fma_medium_38e76956d7173a5b,30s,FMA,development,complete,computed,computed,eligible,eligible,unavailable_fewer_than_3_sections_or_downbeat_spans,fma_originals_explicit_license_v1/audio/human_fma_medium_38e76956d7173a5b.mp3,1bee1265384dc069ad6d1247c0ae7bfd9db09761
human_fma_medium_391971358bee9fc6,30s,FMA,development,complete,computed,computed,eligible,eligible,unavailable_fewer_than_3_sections_or_downbeat_spans,,
human_fma_medium_399187b7f8010c8e,30s,FMA,development,complete,computed,computed,eligible,eligible,unavailable_fewer_than_3_sections_or_downbeat_spans,fma_originals_explicit_license_v1/audio/human_fma_medium_399187b7f8010c8e.mp3,1bee1265384dc069ad6d1247c0ae7bfd9db09761
human_fma_medium_3a53a63d470a268c,30s,FMA,development,complete,computed,computed,eligible,eligible,unavailable_fewer_than_3_sections_or_downbeat_spans,fma_originals_explicit_license_v1/audio/human_fma_medium_3a53a63d470a268c.mp3,1bee1265384dc069ad6d1247c0ae7bfd9db09761
human_fma_medium_3b6197e18247a997,30s,FMA,development,complete,computed,computed,eligible,eligible,unavailable_fewer_than_3_sections_or_downbeat_spans,fma_originals_explicit_license_v1/audio/human_fma_medium_3b6197e18247a997.mp3,1bee1265384dc069ad6d1247c0ae7bfd9db09761
human_fma_medium_3b90f2fc480a8cb2,30s,FMA,development,complete,computed,computed,eligible,eligible,unavailable_fewer_than_3_sections_or_downbeat_spans,fma_originals_explicit_license_v1/audio/human_fma_medium_3b90f2fc480a8cb2.mp3,1bee1265384dc069ad6d1247c0ae7bfd9db09761
human_fma_medium_3bbc7c6cab7ea344,30s,FMA,locked,complete,computed,computed,eligible,eligible,unavailable_fewer_than_3_sections_or_downbeat_spans,fma_originals_explicit_license_v1/audio/human_fma_medium_3bbc7c6cab7ea344.mp3,1bee1265384dc069ad6d1247c0ae7bfd9db09761
human_fma_medium_3bd3090b905c39b8,30s,FMA,locked,complete,computed,computed,eligible,eligible,unavailable_fewer_than_3_sections_or_downbeat_spans,fma_originals_explicit_license_v1/audio/human_fma_medium_3bd3090b905c39b8.mp3,1bee1265384dc069ad6d1247c0ae7bfd9db09761
human_fma_medium_3c95ea2ff007ecca,30s,FMA,development,complete,computed,computed,eligible,eligible,eligible,fma_originals_explicit_license_v1/audio/human_fma_medium_3c95ea2ff007ecca.mp3,1bee1265384dc069ad6d1247c0ae7bfd9db09761
human_fma_medium_3d39fbc49d299c8d,30s,FMA,development,complete,computed,computed,eligible,eligible,unavailable_fewer_than_3_sections_or_downbeat_spans,fma_originals_explicit_license_v1/audio/human_fma_medium_3d39fbc49d299c8d.mp3,1bee1265384dc069ad6d1247c0ae7bfd9db09761
human_fma_medium_3dd6a79768ee088e,30s,FMA,development,complete,computed,computed,eligible,eligible,eligible,,
human_fma_medium_3eac881b2ab0cc9a,30s,FMA,development,complete,computed,computed,eligible,eligible,eligible,fma_originals_explicit_license_v1/audio/human_fma_medium_3eac881b2ab0cc9a.mp3,1bee1265384dc069ad6d1247c0ae7bfd9db09761
human_fma_medium_3ec8f5e41410423c,30s,FMA,development,complete,computed,computed,eligible,eligible,unavailable_fewer_than_3_sections_or_downbeat_spans,fma_originals_explicit_license_v1/audio/human_fma_medium_3ec8f5e41410423c.mp3,1bee1265384dc069ad6d1247c0ae7bfd9db09761
human_fma_medium_3f2513a115834fba,30s,FMA,development,complete,computed,computed,eligible,eligible,eligible,fma_originals_explicit_license_v1/audio/human_fma_medium_3f2513a115834fba.mp3,1bee1265384dc069ad6d1247c0ae7bfd9db09761
human_fma_medium_3f5df3fc526d2940,30s,FMA,development,complete,computed,computed,eligible,eligible,unavailable_fewer_than_3_sections_or_downbeat_spans,fma_originals_explicit_license_v1/audio/human_fma_medium_3f5df3fc526d2940.mp3,1bee1265384dc069ad6d1247c0ae7bfd9db09761
human_fma_medium_3fa829a72006132b,30s,FMA,development,complete,computed,computed,eligible,unavailable_fewer_than_16_beats_or_invalid_intervals,unavailable_fewer_than_3_sections_or_downbeat_spans,fma_originals_explicit_license_v1/audio/human_fma_medium_3fa829a72006132b.mp3,1bee1265384dc069ad6d1247c0ae7bfd9db09761
human_fma_medium_4091c5514763a2a7,30s,FMA,development,complete,computed,computed,eligible,eligible,unavailable_fewer_than_3_sections_or_downbeat_spans,fma_originals_explicit_license_v1/audio/human_fma_medium_4091c5514763a2a7.mp3,1bee1265384dc069ad6d1247c0ae7bfd9db09761
human_fma_medium_41f3267e75420e28,30s,FMA,development,complete,computed,computed,eligible,eligible,unavailable_fewer_than_3_sections_or_downbeat_spans,fma_originals_explicit_license_v1/audio/human_fma_medium_41f3267e75420e28.mp3,1bee1265384dc069ad6d1247c0ae7bfd9db09761
human_fma_medium_42a566a6af33f5ec,30s,FMA,development,complete,computed,computed,eligible,eligible,eligible,,
human_fma_medium_42b35ef84d5a245b,30s,FMA,development,complete,computed,computed,eligible,eligible,unavailable_fewer_than_3_sections_or_downbeat_spans,fma_originals_explicit_license_v1/audio/human_fma_medium_42b35ef84d5a245b.mp3,1bee1265384dc069ad6d1247c0ae7bfd9db09761
human_fma_medium_42bcba078ba11749,30s,FMA,development,complete,computed,computed,eligible,eligible,unavailable_fewer_than_3_sections_or_downbeat_spans,fma_originals_explicit_license_v1/audio/human_fma_medium_42bcba078ba11749.mp3,1bee1265384dc069ad6d1247c0ae7bfd9db09761
human_fma_medium_43180b85dc2b6ce3,30s,FMA,development,complete,computed,computed,eligible,eligible,unavailable_fewer_than_3_sections_or_downbeat_spans,,
human_fma_medium_431ab6da0163b4e3,30s,FMA,development,complete,computed,computed,eligible,eligible,unavailable_fewer_than_3_sections_or_downbeat_spans,,
human_fma_medium_44276cf1cdd04b8f,30s,FMA,development,complete,computed,computed,eligible,eligible,unavailable_fewer_than_3_sections_or_downbeat_spans,fma_originals_explicit_license_v1/audio/human_fma_medium_44276cf1cdd04b8f.mp3,1bee1265384dc069ad6d1247c0ae7bfd9db09761
human_fma_medium_447012f0349f74ea,30s,FMA,locked,complete,computed,computed,eligible,eligible,unavailable_fewer_than_3_sections_or_downbeat_spans,fma_originals_explicit_license_v1/audio/human_fma_medium_447012f0349f74ea.mp3,1bee1265384dc069ad6d1247c0ae7bfd9db09761
human_fma_medium_44996dac243f77a6,30s,FMA,development,complete,computed,computed,eligible,eligible,unavailable_fewer_than_3_sections_or_downbeat_spans,fma_originals_explicit_license_v1/audio/human_fma_medium_44996dac243f77a6.mp3,1bee1265384dc069ad6d1247c0ae7bfd9db09761
human_fma_medium_44cfbae69387abbc,30s,FMA,development,complete,computed,computed,eligible,eligible,unavailable_fewer_than_3_sections_or_downbeat_spans,,
human_fma_medium_452a4faef0cb5548,30s,FMA,locked,complete,computed,computed,eligible,eligible,eligible,fma_originals_explicit_license_v1/audio/human_fma_medium_452a4faef0cb5548.mp3,1bee1265384dc069ad6d1247c0ae7bfd9db09761
human_fma_medium_4647ba8b68813568,30s,FMA,development,complete,computed,computed,eligible,eligible,eligible,fma_originals_explicit_license_v1/audio/human_fma_medium_4647ba8b68813568.mp3,1bee1265384dc069ad6d1247c0ae7bfd9db09761
human_fma_medium_4674f1559a5559b9,30s,FMA,development,complete,computed,computed,eligible,eligible,unavailable_fewer_than_3_sections_or_downbeat_spans,fma_originals_explicit_license_v1/audio/human_fma_medium_4674f1559a5559b9.mp3,1bee1265384dc069ad6d1247c0ae7bfd9db09761
human_fma_medium_46c4ca88d2049916,30s,FMA,development,complete,computed,computed,eligible,eligible,unavailable_fewer_than_3_sections_or_downbeat_spans,fma_originals_explicit_license_v1/audio/human_fma_medium_46c4ca88d2049916.mp3,1bee1265384dc069ad6d1247c0ae7bfd9db09761
human_fma_medium_46cb68715468bf81,30s,FMA,development,complete,computed,computed,eligible,eligible,unavailable_fewer_than_3_sections_or_downbeat_spans,,
human_fma_medium_4777772b203d4e65,30s,FMA,development,complete,computed,computed,eligible,eligible,unavailable_fewer_than_3_sections_or_downbeat_spans,,
human_fma_medium_4843ea8b89dfb83b,30s,FMA,development,complete,computed,computed,eligible,eligible,unavailable_fewer_than_3_sections_or_downbeat_spans,fma_originals_explicit_license_v1/audio/human_fma_medium_4843ea8b89dfb83b.mp3,1bee1265384dc069ad6d1247c0ae7bfd9db09761
human_fma_medium_48b43865afef2359,30s,FMA,development,complete,computed,computed,eligible,eligible,unavailable_fewer_than_3_sections_or_downbeat_spans,fma_originals_explicit_license_v1/audio/human_fma_medium_48b43865afef2359.mp3,1bee1265384dc069ad6d1247c0ae7bfd9db09761
human_fma_medium_48faf1b5dd03c349,30s,FMA,development,complete,computed,computed,eligible,eligible,unavailable_fewer_than_3_sections_or_downbeat_spans,,
human_fma_medium_4a6f43eef5286f61,30s,FMA,locked,complete,computed,computed,eligible,eligible,unavailable_fewer_than_3_sections_or_downbeat_spans,fma_originals_explicit_license_v1/audio/human_fma_medium_4a6f43eef5286f61.mp3,1bee1265384dc069ad6d1247c0ae7bfd9db09761
human_fma_medium_4a82ff162e9da7e9,30s,FMA,development,complete,computed,computed,eligible,eligible,unavailable_fewer_than_3_sections_or_downbeat_spans,fma_originals_explicit_license_v1/audio/human_fma_medium_4a82ff162e9da7e9.mp3,1bee1265384dc069ad6d1247c0ae7bfd9db09761
human_fma_medium_4aa771fb2926c5bf,30s,FMA,locked,complete,computed,computed,eligible,eligible,unavailable_fewer_than_3_sections_or_downbeat_spans,fma_originals_explicit_license_v1/audio/human_fma_medium_4aa771fb2926c5bf.mp3,1bee1265384dc069ad6d1247c0ae7bfd9db09761
human_fma_medium_4abe85aea7d7e541,30s,FMA,development,complete,computed,computed,eligible,eligible,eligible,fma_originals_explicit_license_v1/audio/human_fma_medium_4abe85aea7d7e541.mp3,1bee1265384dc069ad6d1247c0ae7bfd9db09761
human_fma_medium_4ac3654786bd0f8c,30s,FMA,development,complete,computed,computed,eligible,eligible,eligible,fma_originals_explicit_license_v1/audio/human_fma_medium_4ac3654786bd0f8c.mp3,1bee1265384dc069ad6d1247c0ae7bfd9db09761
human_fma_medium_4b0c7a1e69637a8c,30s,FMA,development,complete,computed,computed,eligible,unavailable_fewer_than_16_beats_or_invalid_intervals,unavailable_fewer_than_3_sections_or_downbeat_spans,fma_originals_explicit_license_v1/audio/human_fma_medium_4b0c7a1e69637a8c.mp3,1bee1265384dc069ad6d1247c0ae7bfd9db09761
human_fma_medium_4b200db215978d52,30s,FMA,development,complete,computed,computed,eligible,eligible,unavailable_fewer_than_3_sections_or_downbeat_spans,,
human_fma_medium_4c9219fda1dd15a6,30s,FMA,development,complete,computed,computed,eligible,eligible,unavailable_fewer_than_3_sections_or_downbeat_spans,fma_originals_explicit_license_v1/audio/human_fma_medium_4c9219fda1dd15a6.mp3,1bee1265384dc069ad6d1247c0ae7bfd9db09761
human_fma_medium_4cba7a5e6eedff3f,30s,FMA,development,complete,computed,computed,eligible,eligible,eligible,fma_originals_explicit_license_v1/audio/human_fma_medium_4cba7a5e6eedff3f.mp3,1bee1265384dc069ad6d1247c0ae7bfd9db09761
human_fma_medium_4cbc716e525883d2,30s,FMA,development,complete,computed,computed,eligible,eligible,eligible,fma_originals_explicit_license_v1/audio/human_fma_medium_4cbc716e525883d2.mp3,1bee1265384dc069ad6d1247c0ae7bfd9db09761
human_fma_medium_4e17f99be8056978,30s,FMA,development,complete,computed,computed,eligible,eligible,unavailable_fewer_than_3_sections_or_downbeat_spans,fma_originals_explicit_license_v1/audio/human_fma_medium_4e17f99be8056978.mp3,1bee1265384dc069ad6d1247c0ae7bfd9db09761
human_fma_medium_4e3571deccc2202a,30s,FMA,development,complete,computed,computed,eligible,eligible,unavailable_fewer_than_3_sections_or_downbeat_spans,fma_originals_explicit_license_v1/audio/human_fma_medium_4e3571deccc2202a.mp3,1bee1265384dc069ad6d1247c0ae7bfd9db09761
human_fma_medium_4ec64dbfab19c6a5,30s,FMA,locked,complete,computed,computed,eligible,eligible,eligible,fma_originals_explicit_license_v1/audio/human_fma_medium_4ec64dbfab19c6a5.mp3,1bee1265384dc069ad6d1247c0ae7bfd9db09761
human_fma_medium_4f65a8eb22188b3c,30s,FMA,development,complete,computed,computed,eligible,eligible,unavailable_fewer_than_3_sections_or_downbeat_spans,,
human_fma_medium_516a64b1719d7804,30s,FMA,development,complete,computed,computed,eligible,eligible,unavailable_fewer_than_3_sections_or_downbeat_spans,fma_originals_explicit_license_v1/audio/human_fma_medium_516a64b1719d7804.mp3,1bee1265384dc069ad6d1247c0ae7bfd9db09761
human_fma_medium_51b1d1117baa03eb,30s,FMA,development,complete,computed,computed,eligible,eligible,unavailable_fewer_than_3_sections_or_downbeat_spans,fma_originals_explicit_license_v1/audio/human_fma_medium_51b1d1117baa03eb.mp3,1bee1265384dc069ad6d1247c0ae7bfd9db09761
human_fma_medium_526a8b41f0285eb9,30s,FMA,locked,complete,computed,computed,eligible,eligible,unavailable_fewer_than_3_sections_or_downbeat_spans,fma_originals_explicit_license_v1/audio/human_fma_medium_526a8b41f0285eb9.mp3,1bee1265384dc069ad6d1247c0ae7bfd9db09761
human_fma_medium_52d43499c08f59c7,30s,FMA,locked,complete,computed,computed,eligible,eligible,unavailable_fewer_than_3_sections_or_downbeat_spans,fma_originals_explicit_license_v1/audio/human_fma_medium_52d43499c08f59c7.mp3,1bee1265384dc069ad6d1247c0ae7bfd9db09761
human_fma_medium_532856d9a76e4be8,30s,FMA,development,complete,computed,computed,eligible,eligible,eligible,fma_originals_explicit_license_v1/audio/human_fma_medium_532856d9a76e4be8.mp3,1bee1265384dc069ad6d1247c0ae7bfd9db09761
human_fma_medium_53874d34fb7e163e,30s,FMA,development,complete,computed,computed,eligible,eligible,unavailable_fewer_than_3_sections_or_downbeat_spans,fma_originals_explicit_license_v1/audio/human_fma_medium_53874d34fb7e163e.mp3,1bee1265384dc069ad6d1247c0ae7bfd9db09761
human_fma_medium_53b1b132016c2830,30s,FMA,development,complete,computed,computed,eligible,unavailable_fewer_than_16_beats_or_invalid_intervals,eligible,,
human_fma_medium_541764531923bd91,30s,FMA,development,complete,computed,computed,eligible,eligible,eligible,fma_originals_explicit_license_v1/audio/human_fma_medium_541764531923bd91.mp3,1bee1265384dc069ad6d1247c0ae7bfd9db09761
human_fma_medium_546f98137ec3fd2b,30s,FMA,development,complete,computed,computed,eligible,eligible,unavailable_fewer_than_3_sections_or_downbeat_spans,fma_originals_explicit_license_v1/audio/human_fma_medium_546f98137ec3fd2b.mp3,1bee1265384dc069ad6d1247c0ae7bfd9db09761
human_fma_medium_54be832dd94876a6,30s,FMA,locked,complete,computed,computed,eligible,eligible,unavailable_fewer_than_3_sections_or_downbeat_spans,fma_originals_explicit_license_v1/audio/human_fma_medium_54be832dd94876a6.mp3,1bee1265384dc069ad6d1247c0ae7bfd9db09761
human_fma_medium_55270f8ea04a4318,30s,FMA,development,complete,computed,computed,eligible,eligible,unavailable_fewer_than_3_sections_or_downbeat_spans,fma_originals_explicit_license_v1/audio/human_fma_medium_55270f8ea04a4318.mp3,1bee1265384dc069ad6d1247c0ae7bfd9db09761
human_fma_medium_559d928c76e7458d,30s,FMA,development,complete,computed,computed,eligible,eligible,unavailable_fewer_than_3_sections_or_downbeat_spans,fma_originals_explicit_license_v1/audio/human_fma_medium_559d928c76e7458d.mp3,1bee1265384dc069ad6d1247c0ae7bfd9db09761
human_fma_medium_563aceb6a4f8131e,30s,FMA,development,complete,computed,computed,eligible,eligible,unavailable_fewer_than_3_sections_or_downbeat_spans,,
human_fma_medium_592c6d0e522be4b6,30s,FMA,development,complete,computed,computed,eligible,eligible,unavailable_fewer_than_3_sections_or_downbeat_spans,fma_originals_explicit_license_v1/audio/human_fma_medium_592c6d0e522be4b6.mp3,1bee1265384dc069ad6d1247c0ae7bfd9db09761
human_fma_medium_59905a9d607abe49,30s,FMA,development,complete,computed,computed,eligible,eligible,unavailable_fewer_than_3_sections_or_downbeat_spans,fma_originals_explicit_license_v1/audio/human_fma_medium_59905a9d607abe49.mp3,1bee1265384dc069ad6d1247c0ae7bfd9db09761
human_fma_medium_59ad347f5f5f9f69,30s,FMA,locked,complete,computed,computed,eligible,eligible,unavailable_fewer_than_3_sections_or_downbeat_spans,fma_originals_explicit_license_v1/audio/human_fma_medium_59ad347f5f5f9f69.mp3,1bee1265384dc069ad6d1247c0ae7bfd9db09761
human_fma_medium_59fd8c3e197706d8,30s,FMA,development,complete,computed,computed,eligible,eligible,unavailable_fewer_than_3_sections_or_downbeat_spans,fma_originals_explicit_license_v1/audio/human_fma_medium_59fd8c3e197706d8.mp3,1bee1265384dc069ad6d1247c0ae7bfd9db09761
human_fma_medium_5a94068a9b320b73,30s,FMA,development,complete,computed,computed,eligible,eligible,eligible,fma_originals_explicit_license_v1/audio/human_fma_medium_5a94068a9b320b73.mp3,1bee1265384dc069ad6d1247c0ae7bfd9db09761
human_fma_medium_5a9e43efbb2305e9,30s,FMA,locked,complete,computed,computed,eligible,eligible,unavailable_fewer_than_3_sections_or_downbeat_spans,fma_originals_explicit_license_v1/audio/human_fma_medium_5a9e43efbb2305e9.mp3,1bee1265384dc069ad6d1247c0ae7bfd9db09761
human_fma_medium_5b3452120c9bbc72,30s,FMA,development,complete,computed,computed,eligible,eligible,unavailable_fewer_than_3_sections_or_downbeat_spans,fma_originals_explicit_license_v1/audio/human_fma_medium_5b3452120c9bbc72.mp3,1bee1265384dc069ad6d1247c0ae7bfd9db09761
human_fma_medium_5bcf82f181883cc6,30s,FMA,development,complete,computed,computed,eligible,eligible,eligible,fma_originals_explicit_license_v1/audio/human_fma_medium_5bcf82f181883cc6.mp3,1bee1265384dc069ad6d1247c0ae7bfd9db09761
human_fma_medium_5c345ff1c22c4ea9,30s,FMA,development,complete,computed,computed,eligible,eligible,unavailable_fewer_than_3_sections_or_downbeat_spans,fma_originals_explicit_license_v1/audio/human_fma_medium_5c345ff1c22c4ea9.mp3,1bee1265384dc069ad6d1247c0ae7bfd9db09761
human_fma_medium_5ce4ab62dbf28903,30s,FMA,locked,complete,computed,computed,eligible,eligible,unavailable_fewer_than_3_sections_or_downbeat_spans,fma_originals_explicit_license_v1/audio/human_fma_medium_5ce4ab62dbf28903.mp3,1bee1265384dc069ad6d1247c0ae7bfd9db09761
human_fma_medium_5e56696f5e93c60a,30s,FMA,development,complete,computed,computed,eligible,eligible,unavailable_fewer_than_3_sections_or_downbeat_spans,,
human_fma_medium_5e6e69ba6cdd179a,30s,FMA,locked,complete,computed,computed,eligible,eligible,unavailable_fewer_than_3_sections_or_downbeat_spans,,
human_fma_medium_5e9b8c1142d71ae3,30s,FMA,locked,complete,computed,computed,eligible,eligible,unavailable_fewer_than_3_sections_or_downbeat_spans,fma_originals_explicit_license_v1/audio/human_fma_medium_5e9b8c1142d71ae3.mp3,1bee1265384dc069ad6d1247c0ae7bfd9db09761
human_fma_medium_5eeb03eed7e158a2,30s,FMA,development,complete,computed,computed,eligible,eligible,eligible,,
human_fma_medium_5f0b730160efb720,30s,FMA,development,complete,computed,computed,eligible,eligible,unavailable_fewer_than_3_sections_or_downbeat_spans,fma_originals_explicit_license_v1/audio/human_fma_medium_5f0b730160efb720.mp3,1bee1265384dc069ad6d1247c0ae7bfd9db09761
human_fma_medium_6022b6f9f1c659ac,30s,FMA,development,complete,computed,computed,eligible,eligible,unavailable_fewer_than_3_sections_or_downbeat_spans,fma_originals_explicit_license_v1/audio/human_fma_medium_6022b6f9f1c659ac.mp3,1bee1265384dc069ad6d1247c0ae7bfd9db09761
human_fma_medium_6063eed0f43fce36,30s,FMA,development,complete,computed,computed,eligible,eligible,unavailable_fewer_than_3_sections_or_downbeat_spans,fma_originals_explicit_license_v1/audio/human_fma_medium_6063eed0f43fce36.mp3,1bee1265384dc069ad6d1247c0ae7bfd9db09761
human_fma_medium_60bde097179d29fe,30s,FMA,development,complete,computed,computed,eligible,eligible,unavailable_fewer_than_3_sections_or_downbeat_spans,,
human_fma_medium_60d88e3cad49045e,30s,FMA,development,complete,computed,computed,eligible,eligible,unavailable_fewer_than_3_sections_or_downbeat_spans,fma_originals_explicit_license_v1/audio/human_fma_medium_60d88e3cad49045e.mp3,1bee1265384dc069ad6d1247c0ae7bfd9db09761
human_fma_medium_61813d57e6d7c7db,30s,FMA,development,complete,computed,computed,eligible,eligible,unavailable_fewer_than_3_sections_or_downbeat_spans,fma_originals_explicit_license_v1/audio/human_fma_medium_61813d57e6d7c7db.mp3,1bee1265384dc069ad6d1247c0ae7bfd9db09761
human_fma_medium_625264a4f114e8b0,30s,FMA,development,complete,computed,computed,eligible,eligible,unavailable_fewer_than_3_sections_or_downbeat_spans,fma_originals_explicit_license_v1/audio/human_fma_medium_625264a4f114e8b0.mp3,1bee1265384dc069ad6d1247c0ae7bfd9db09761
human_fma_medium_631c3e8ac763b6fa,30s,FMA,development,complete,computed,computed,eligible,eligible,eligible,fma_originals_explicit_license_v1/audio/human_fma_medium_631c3e8ac763b6fa.mp3,1bee1265384dc069ad6d1247c0ae7bfd9db09761
human_fma_medium_633901042aac12f2,30s,FMA,locked,complete,computed,computed,eligible,eligible,unavailable_fewer_than_3_sections_or_downbeat_spans,,
human_fma_medium_641c00026fdbf534,30s,FMA,locked,complete,computed,computed,eligible,eligible,unavailable_fewer_than_3_sections_or_downbeat_spans,fma_originals_explicit_license_v1/audio/human_fma_medium_641c00026fdbf534.mp3,1bee1265384dc069ad6d1247c0ae7bfd9db09761
human_fma_medium_642d5ae3d4598f6b,30s,FMA,development,complete,computed,computed,eligible,eligible,unavailable_fewer_than_3_sections_or_downbeat_spans,fma_originals_explicit_license_v1/audio/human_fma_medium_642d5ae3d4598f6b.mp3,1bee1265384dc069ad6d1247c0ae7bfd9db09761
human_fma_medium_65060cac847d33ed,30s,FMA,development,complete,computed,computed,eligible,eligible,unavailable_fewer_than_3_sections_or_downbeat_spans,fma_originals_explicit_license_v1/audio/human_fma_medium_65060cac847d33ed.mp3,1bee1265384dc069ad6d1247c0ae7bfd9db09761
human_fma_medium_659da50f3e2a2a9c,30s,FMA,development,complete,computed,computed,eligible,eligible,unavailable_fewer_than_3_sections_or_downbeat_spans,fma_originals_explicit_license_v1/audio/human_fma_medium_659da50f3e2a2a9c.mp3,1bee1265384dc069ad6d1247c0ae7bfd9db09761
human_fma_medium_6638493834b2eec2,30s,FMA,development,complete,computed,computed,eligible,eligible,unavailable_fewer_than_3_sections_or_downbeat_spans,,
human_fma_medium_668baaed9531749e,30s,FMA,development,complete,computed,computed,eligible,eligible,unavailable_fewer_than_3_sections_or_downbeat_spans,fma_originals_explicit_license_v1/audio/human_fma_medium_668baaed9531749e.mp3,1bee1265384dc069ad6d1247c0ae7bfd9db09761
human_fma_medium_67ac07c840d05374,30s,FMA,development,complete,computed,computed,eligible,eligible,unavailable_fewer_than_3_sections_or_downbeat_spans,fma_originals_explicit_license_v1/audio/human_fma_medium_67ac07c840d05374.mp3,1bee1265384dc069ad6d1247c0ae7bfd9db09761
human_fma_medium_67cb2d4dd51a36ce,30s,FMA,development,complete,computed,computed,eligible,eligible,unavailable_fewer_than_3_sections_or_downbeat_spans,fma_originals_explicit_license_v1/audio/human_fma_medium_67cb2d4dd51a36ce.mp3,1bee1265384dc069ad6d1247c0ae7bfd9db09761
human_fma_medium_687bc84e36b1b2f1,30s,FMA,development,complete,computed,computed,eligible,eligible,unavailable_fewer_than_3_sections_or_downbeat_spans,fma_originals_explicit_license_v1/audio/human_fma_medium_687bc84e36b1b2f1.mp3,1bee1265384dc069ad6d1247c0ae7bfd9db09761
human_fma_medium_687cb0719a123da7,30s,FMA,development,complete,computed,computed,eligible,unavailable_fewer_than_16_beats_or_invalid_intervals,unavailable_fewer_than_3_sections_or_downbeat_spans,fma_originals_explicit_license_v1/audio/human_fma_medium_687cb0719a123da7.mp3,1bee1265384dc069ad6d1247c0ae7bfd9db09761
human_fma_medium_69f1c77333d9a42a,30s,FMA,development,complete,computed,computed,eligible,unavailable_fewer_than_16_beats_or_invalid_intervals,unavailable_fewer_than_3_sections_or_downbeat_spans,fma_originals_explicit_license_v1/audio/human_fma_medium_69f1c77333d9a42a.mp3,1bee1265384dc069ad6d1247c0ae7bfd9db09761
human_fma_medium_6a62a2edd7ae8ad4,30s,FMA,development,complete,computed,computed,eligible,eligible,unavailable_fewer_than_3_sections_or_downbeat_spans,fma_originals_explicit_license_v1/audio/human_fma_medium_6a62a2edd7ae8ad4.mp3,1bee1265384dc069ad6d1247c0ae7bfd9db09761
human_fma_medium_6a74af1532b15412,30s,FMA,development,complete,computed,computed,eligible,eligible,unavailable_fewer_than_3_sections_or_downbeat_spans,fma_originals_explicit_license_v1/audio/human_fma_medium_6a74af1532b15412.mp3,1bee1265384dc069ad6d1247c0ae7bfd9db09761
human_fma_medium_6ae6fef23d2b59a2,30s,FMA,development,complete,computed,computed,eligible,eligible,unavailable_fewer_than_3_sections_or_downbeat_spans,fma_originals_explicit_license_v1/audio/human_fma_medium_6ae6fef23d2b59a2.mp3,1bee1265384dc069ad6d1247c0ae7bfd9db09761
human_fma_medium_6ba9afc94e8c28de,30s,FMA,development,complete,computed,computed,eligible,eligible,unavailable_fewer_than_3_sections_or_downbeat_spans,fma_originals_explicit_license_v1/audio/human_fma_medium_6ba9afc94e8c28de.mp3,1bee1265384dc069ad6d1247c0ae7bfd9db09761
human_fma_medium_6bdf4f343fde403b,30s,FMA,development,complete,computed,computed,eligible,eligible,unavailable_fewer_than_3_sections_or_downbeat_spans,fma_originals_explicit_license_v1/audio/human_fma_medium_6bdf4f343fde403b.mp3,1bee1265384dc069ad6d1247c0ae7bfd9db09761
human_fma_medium_6d62e9119c34caa8,30s,FMA,development,complete,computed,computed,eligible,eligible,eligible,fma_originals_explicit_license_v1/audio/human_fma_medium_6d62e9119c34caa8.mp3,1bee1265384dc069ad6d1247c0ae7bfd9db09761
human_fma_medium_6ef4961c1304bafb,30s,FMA,development,complete,computed,computed,eligible,eligible,unavailable_fewer_than_3_sections_or_downbeat_spans,fma_originals_explicit_license_v1/audio/human_fma_medium_6ef4961c1304bafb.mp3,1bee1265384dc069ad6d1247c0ae7bfd9db09761
human_fma_medium_704683f6d51a272f,30s,FMA,development,complete,computed,computed,eligible,unavailable_fewer_than_16_beats_or_invalid_intervals,unavailable_fewer_than_3_sections_or_downbeat_spans,,
human_fma_medium_709836fe701ccf7c,30s,FMA,development,complete,computed,computed,eligible,eligible,unavailable_fewer_than_3_sections_or_downbeat_spans,,
human_fma_medium_70d7cc28a1eed613,30s,FMA,development,complete,computed,computed,eligible,eligible,unavailable_fewer_than_3_sections_or_downbeat_spans,,
human_fma_medium_710559ef6eef098e,30s,FMA,development,complete,computed,computed,eligible,eligible,unavailable_fewer_than_3_sections_or_downbeat_spans,,
human_fma_medium_71281c5183bb78ae,30s,FMA,development,complete,computed,computed,eligible,unavailable_fewer_than_16_beats_or_invalid_intervals,unavailable_fewer_than_3_sections_or_downbeat_spans,fma_originals_explicit_license_v1/audio/human_fma_medium_71281c5183bb78ae.mp3,1bee1265384dc069ad6d1247c0ae7bfd9db09761
human_fma_medium_724fa4c4acb5eb2c,30s,FMA,development,complete,computed,computed,eligible,unavailable_fewer_than_16_beats_or_invalid_intervals,unavailable_fewer_than_3_sections_or_downbeat_spans,fma_originals_explicit_license_v1/audio/human_fma_medium_724fa4c4acb5eb2c.mp3,1bee1265384dc069ad6d1247c0ae7bfd9db09761
human_fma_medium_72613dc9e4425fa4,30s,FMA,development,complete,computed,computed,eligible,eligible,unavailable_fewer_than_3_sections_or_downbeat_spans,fma_originals_explicit_license_v1/audio/human_fma_medium_72613dc9e4425fa4.mp3,1bee1265384dc069ad6d1247c0ae7bfd9db09761
human_fma_medium_72e58c9fa5eea219,30s,FMA,development,complete,computed,computed,eligible,eligible,unavailable_fewer_than_3_sections_or_downbeat_spans,fma_originals_explicit_license_v1/audio/human_fma_medium_72e58c9fa5eea219.mp3,1bee1265384dc069ad6d1247c0ae7bfd9db09761
human_fma_medium_7311bc18511ed719,30s,FMA,development,complete,computed,computed,eligible,eligible,unavailable_fewer_than_3_sections_or_downbeat_spans,,
human_fma_medium_7325abde95a8abc0,30s,FMA,development,complete,computed,computed,eligible,eligible,unavailable_fewer_than_3_sections_or_downbeat_spans,fma_originals_explicit_license_v1/audio/human_fma_medium_7325abde95a8abc0.mp3,1bee1265384dc069ad6d1247c0ae7bfd9db09761
human_fma_medium_73e3f4c2d903c8d3,30s,FMA,locked,complete,computed,computed,eligible,eligible,unavailable_fewer_than_3_sections_or_downbeat_spans,fma_originals_explicit_license_v1/audio/human_fma_medium_73e3f4c2d903c8d3.mp3,1bee1265384dc069ad6d1247c0ae7bfd9db09761
human_fma_medium_741ad7dd9d5ade19,30s,FMA,development,complete,computed,computed,eligible,eligible,unavailable_fewer_than_3_sections_or_downbeat_spans,fma_originals_explicit_license_v1/audio/human_fma_medium_741ad7dd9d5ade19.mp3,1bee1265384dc069ad6d1247c0ae7bfd9db09761
human_fma_medium_7473993899fd3a46,30s,FMA,locked,complete,computed,computed,eligible,eligible,eligible,fma_originals_explicit_license_v1/audio/human_fma_medium_7473993899fd3a46.mp3,1bee1265384dc069ad6d1247c0ae7bfd9db09761
human_fma_medium_7590e66fcd8a3139,30s,FMA,development,complete,computed,computed,eligible,eligible,unavailable_fewer_than_3_sections_or_downbeat_spans,fma_originals_explicit_license_v1/audio/human_fma_medium_7590e66fcd8a3139.mp3,1bee1265384dc069ad6d1247c0ae7bfd9db09761
human_fma_medium_76756a0ab4c5a33e,30s,FMA,development,complete,computed,computed,eligible,eligible,eligible,fma_originals_explicit_license_v1/audio/human_fma_medium_76756a0ab4c5a33e.mp3,1bee1265384dc069ad6d1247c0ae7bfd9db09761
human_fma_medium_76af6d34102fc7b9,30s,FMA,development,complete,computed,computed,eligible,eligible,unavailable_fewer_than_3_sections_or_downbeat_spans,,
human_fma_medium_76ef9a3aa0bba659,30s,FMA,locked,complete,computed,computed,eligible,eligible,unavailable_fewer_than_3_sections_or_downbeat_spans,fma_originals_explicit_license_v1/audio/human_fma_medium_76ef9a3aa0bba659.mp3,1bee1265384dc069ad6d1247c0ae7bfd9db09761
human_fma_medium_77ce4d937d979928,30s,FMA,development,complete,computed,computed,eligible,eligible,unavailable_fewer_than_3_sections_or_downbeat_spans,fma_originals_explicit_license_v1/audio/human_fma_medium_77ce4d937d979928.mp3,1bee1265384dc069ad6d1247c0ae7bfd9db09761
human_fma_medium_786b799e4b710b07,30s,FMA,development,complete,computed,computed,eligible,eligible,unavailable_fewer_than_3_sections_or_downbeat_spans,fma_originals_explicit_license_v1/audio/human_fma_medium_786b799e4b710b07.mp3,1bee1265384dc069ad6d1247c0ae7bfd9db09761
human_fma_medium_79517af92626e7bd,30s,FMA,development,complete,computed,computed,eligible,eligible,unavailable_fewer_than_3_sections_or_downbeat_spans,fma_originals_explicit_license_v1/audio/human_fma_medium_79517af92626e7bd.mp3,1bee1265384dc069ad6d1247c0ae7bfd9db09761
human_fma_medium_79e6d668c5cbd1d9,30s,FMA,development,complete,computed,computed,eligible,unavailable_fewer_than_16_beats_or_invalid_intervals,unavailable_fewer_than_3_sections_or_downbeat_spans,fma_originals_explicit_license_v1/audio/human_fma_medium_79e6d668c5cbd1d9.mp3,1bee1265384dc069ad6d1247c0ae7bfd9db09761
human_fma_medium_7a20960c4ccb8877,30s,FMA,development,complete,computed,computed,eligible,eligible,unavailable_fewer_than_3_sections_or_downbeat_spans,fma_originals_explicit_license_v1/audio/human_fma_medium_7a20960c4ccb8877.mp3,1bee1265384dc069ad6d1247c0ae7bfd9db09761
human_fma_medium_7a254f1aa098601d,30s,FMA,development,complete,computed,computed,eligible,eligible,unavailable_fewer_than_3_sections_or_downbeat_spans,fma_originals_explicit_license_v1/audio/human_fma_medium_7a254f1aa098601d.mp3,1bee1265384dc069ad6d1247c0ae7bfd9db09761
human_fma_medium_7a7057e0ea9e1c09,30s,FMA,locked,complete,computed,computed,eligible,eligible,unavailable_fewer_than_3_sections_or_downbeat_spans,fma_originals_explicit_license_v1/audio/human_fma_medium_7a7057e0ea9e1c09.mp3,1bee1265384dc069ad6d1247c0ae7bfd9db09761
human_fma_medium_7b22ca24f48b024c,30s,FMA,development,complete,computed,computed,eligible,eligible,unavailable_fewer_than_3_sections_or_downbeat_spans,fma_originals_explicit_license_v1/audio/human_fma_medium_7b22ca24f48b024c.mp3,1bee1265384dc069ad6d1247c0ae7bfd9db09761
human_fma_medium_7b6e60df780b00c4,30s,FMA,development,complete,computed,computed,eligible,eligible,unavailable_fewer_than_3_sections_or_downbeat_spans,,
human_fma_medium_7c8bb1f73082d11a,30s,FMA,development,complete,computed,computed,eligible,eligible,unavailable_fewer_than_3_sections_or_downbeat_spans,fma_originals_explicit_license_v1/audio/human_fma_medium_7c8bb1f73082d11a.mp3,1bee1265384dc069ad6d1247c0ae7bfd9db09761
human_fma_medium_7d1bbaa176a0dcb5,30s,FMA,development,complete,computed,computed,eligible,eligible,unavailable_fewer_than_3_sections_or_downbeat_spans,fma_originals_explicit_license_v1/audio/human_fma_medium_7d1bbaa176a0dcb5.mp3,1bee1265384dc069ad6d1247c0ae7bfd9db09761
human_fma_medium_7d2743f8665376ff,30s,FMA,development,complete,computed,computed,eligible,eligible,eligible,fma_originals_explicit_license_v1/audio/human_fma_medium_7d2743f8665376ff.mp3,1bee1265384dc069ad6d1247c0ae7bfd9db09761
human_fma_medium_7db6c171635e3b96,30s,FMA,development,complete,computed,computed,eligible,eligible,eligible,fma_originals_explicit_license_v1/audio/human_fma_medium_7db6c171635e3b96.mp3,1bee1265384dc069ad6d1247c0ae7bfd9db09761
human_fma_medium_7e53c1c2b5bd2b70,30s,FMA,development,complete,computed,computed,eligible,eligible,unavailable_fewer_than_3_sections_or_downbeat_spans,fma_originals_explicit_license_v1/audio/human_fma_medium_7e53c1c2b5bd2b70.mp3,1bee1265384dc069ad6d1247c0ae7bfd9db09761
human_fma_medium_7e8da7ab7482b727,30s,FMA,development,complete,computed,computed,eligible,eligible,eligible,fma_originals_explicit_license_v1/audio/human_fma_medium_7e8da7ab7482b727.mp3,1bee1265384dc069ad6d1247c0ae7bfd9db09761
human_fma_medium_7ec6d819c55dfb35,30s,FMA,locked,complete,computed,computed,eligible,eligible,unavailable_fewer_than_3_sections_or_downbeat_spans,fma_originals_explicit_license_v1/audio/human_fma_medium_7ec6d819c55dfb35.mp3,1bee1265384dc069ad6d1247c0ae7bfd9db09761
human_fma_medium_7fc9d0c8a8c12127,30s,FMA,development,complete,computed,computed,eligible,eligible,unavailable_fewer_than_3_sections_or_downbeat_spans,fma_originals_explicit_license_v1/audio/human_fma_medium_7fc9d0c8a8c12127.mp3,1bee1265384dc069ad6d1247c0ae7bfd9db09761
human_fma_medium_804a06ab670a58f1,30s,FMA,development,complete,computed,computed,eligible,eligible,unavailable_fewer_than_3_sections_or_downbeat_spans,fma_originals_explicit_license_v1/audio/human_fma_medium_804a06ab670a58f1.mp3,1bee1265384dc069ad6d1247c0ae7bfd9db09761
human_fma_medium_8145087c1916c243,30s,FMA,development,complete,computed,computed,eligible,eligible,unavailable_fewer_than_3_sections_or_downbeat_spans,,
human_fma_medium_8315d69c4bf453c4,30s,FMA,development,complete,computed,computed,eligible,eligible,unavailable_fewer_than_3_sections_or_downbeat_spans,fma_originals_explicit_license_v1/audio/human_fma_medium_8315d69c4bf453c4.mp3,1bee1265384dc069ad6d1247c0ae7bfd9db09761
human_fma_medium_83e0e607c2ea7083,30s,FMA,development,complete,computed,computed,eligible,eligible,unavailable_fewer_than_3_sections_or_downbeat_spans,fma_originals_explicit_license_v1/audio/human_fma_medium_83e0e607c2ea7083.mp3,1bee1265384dc069ad6d1247c0ae7bfd9db09761
human_fma_medium_83fc17aad496b130,30s,FMA,development,complete,computed,computed,eligible,eligible,unavailable_fewer_than_3_sections_or_downbeat_spans,fma_originals_explicit_license_v1/audio/human_fma_medium_83fc17aad496b130.mp3,1bee1265384dc069ad6d1247c0ae7bfd9db09761
human_fma_medium_84bb253874580537,30s,FMA,development,complete,computed,computed,eligible,eligible,eligible,,
human_fma_medium_84e3c30930137042,30s,FMA,development,complete,computed,computed,eligible,eligible,unavailable_fewer_than_3_sections_or_downbeat_spans,fma_originals_explicit_license_v1/audio/human_fma_medium_84e3c30930137042.mp3,1bee1265384dc069ad6d1247c0ae7bfd9db09761
human_fma_medium_84f431102acb7ceb,30s,FMA,development,complete,computed,computed,eligible,eligible,unavailable_fewer_than_3_sections_or_downbeat_spans,fma_originals_explicit_license_v1/audio/human_fma_medium_84f431102acb7ceb.mp3,1bee1265384dc069ad6d1247c0ae7bfd9db09761
human_fma_medium_85371d04c5012c2a,30s,FMA,locked,complete,computed,computed,eligible,eligible,unavailable_fewer_than_3_sections_or_downbeat_spans,,
human_fma_medium_85f962d0be229ae7,30s,FMA,development,complete,computed,computed,eligible,eligible,eligible,fma_originals_explicit_license_v1/audio/human_fma_medium_85f962d0be229ae7.mp3,1bee1265384dc069ad6d1247c0ae7bfd9db09761
human_fma_medium_862dac84fd21bdec,30s,FMA,development,complete,computed,computed,eligible,eligible,unavailable_fewer_than_3_sections_or_downbeat_spans,,
human_fma_medium_86f78b7f97fd6e31,30s,FMA,development,complete,computed,computed,eligible,eligible,unavailable_fewer_than_3_sections_or_downbeat_spans,,
human_fma_medium_87aa0c9c4c49dd1f,30s,FMA,development,complete,computed,computed,eligible,eligible,unavailable_fewer_than_3_sections_or_downbeat_spans,fma_originals_explicit_license_v1/audio/human_fma_medium_87aa0c9c4c49dd1f.mp3,1bee1265384dc069ad6d1247c0ae7bfd9db09761
human_fma_medium_87eeb79f8032c947,30s,FMA,development,complete,computed,computed,eligible,eligible,unavailable_fewer_than_3_sections_or_downbeat_spans,fma_originals_explicit_license_v1/audio/human_fma_medium_87eeb79f8032c947.mp3,1bee1265384dc069ad6d1247c0ae7bfd9db09761
human_fma_medium_8812da099d678c59,30s,FMA,development,complete,computed,computed,eligible,eligible,unavailable_fewer_than_3_sections_or_downbeat_spans,fma_originals_explicit_license_v1/audio/human_fma_medium_8812da099d678c59.mp3,1bee1265384dc069ad6d1247c0ae7bfd9db09761
human_fma_medium_898121b0becf38e7,30s,FMA,locked,complete,computed,computed,eligible,eligible,unavailable_fewer_than_3_sections_or_downbeat_spans,fma_originals_explicit_license_v1/audio/human_fma_medium_898121b0becf38e7.mp3,1bee1265384dc069ad6d1247c0ae7bfd9db09761
human_fma_medium_898db995343cce56,30s,FMA,locked,complete,computed,computed,eligible,eligible,unavailable_fewer_than_3_sections_or_downbeat_spans,fma_originals_explicit_license_v1/audio/human_fma_medium_898db995343cce56.mp3,1bee1265384dc069ad6d1247c0ae7bfd9db09761
human_fma_medium_8ab3eed27d9a0c4a,30s,FMA,locked,complete,computed,computed,eligible,eligible,unavailable_fewer_than_3_sections_or_downbeat_spans,fma_originals_explicit_license_v1/audio/human_fma_medium_8ab3eed27d9a0c4a.mp3,1bee1265384dc069ad6d1247c0ae7bfd9db09761
human_fma_medium_8ae0565dbac0e073,30s,FMA,development,complete,computed,computed,eligible,eligible,unavailable_fewer_than_3_sections_or_downbeat_spans,,
human_fma_medium_8da06b21cd9ad9da,30s,FMA,development,complete,computed,computed,eligible,eligible,unavailable_fewer_than_3_sections_or_downbeat_spans,fma_originals_explicit_license_v1/audio/human_fma_medium_8da06b21cd9ad9da.mp3,1bee1265384dc069ad6d1247c0ae7bfd9db09761
human_fma_medium_8e7990ed218cd838,30s,FMA,development,complete,computed,computed,eligible,eligible,unavailable_fewer_than_3_sections_or_downbeat_spans,,
human_fma_medium_8fb51433f414050a,30s,FMA,locked,complete,computed,computed,eligible,eligible,unavailable_fewer_than_3_sections_or_downbeat_spans,fma_originals_explicit_license_v1/audio/human_fma_medium_8fb51433f414050a.mp3,1bee1265384dc069ad6d1247c0ae7bfd9db09761
human_fma_medium_8fcfc2debbca917b,30s,FMA,development,complete,computed,computed,eligible,eligible,unavailable_fewer_than_3_sections_or_downbeat_spans,fma_originals_explicit_license_v1/audio/human_fma_medium_8fcfc2debbca917b.mp3,1bee1265384dc069ad6d1247c0ae7bfd9db09761
human_fma_medium_9028ce21fada5fe1,30s,FMA,development,complete,computed,computed,eligible,unavailable_fewer_than_16_beats_or_invalid_intervals,unavailable_fewer_than_3_sections_or_downbeat_spans,fma_originals_explicit_license_v1/audio/human_fma_medium_9028ce21fada5fe1.mp3,1bee1265384dc069ad6d1247c0ae7bfd9db09761
human_fma_medium_909954fc3a4d53c0,30s,FMA,development,complete,computed,computed,eligible,eligible,eligible,fma_originals_explicit_license_v1/audio/human_fma_medium_909954fc3a4d53c0.mp3,1bee1265384dc069ad6d1247c0ae7bfd9db09761
human_fma_medium_90ccfe8783909c01,30s,FMA,development,complete,computed,computed,eligible,eligible,unavailable_fewer_than_3_sections_or_downbeat_spans,fma_originals_explicit_license_v1/audio/human_fma_medium_90ccfe8783909c01.mp3,1bee1265384dc069ad6d1247c0ae7bfd9db09761
human_fma_medium_920fac8b295714f5,30s,FMA,development,complete,computed,computed,eligible,eligible,unavailable_fewer_than_3_sections_or_downbeat_spans,fma_originals_explicit_license_v1/audio/human_fma_medium_920fac8b295714f5.mp3,1bee1265384dc069ad6d1247c0ae7bfd9db09761
human_fma_medium_9231f5ce206a4ded,30s,FMA,development,complete,computed,computed,eligible,eligible,unavailable_fewer_than_3_sections_or_downbeat_spans,fma_originals_explicit_license_v1/audio/human_fma_medium_9231f5ce206a4ded.mp3,1bee1265384dc069ad6d1247c0ae7bfd9db09761
human_fma_medium_9347003296ffea5e,30s,FMA,locked,complete,computed,computed,eligible,eligible,unavailable_fewer_than_3_sections_or_downbeat_spans,fma_originals_explicit_license_v1/audio/human_fma_medium_9347003296ffea5e.mp3,1bee1265384dc069ad6d1247c0ae7bfd9db09761
human_fma_medium_937a4a7ce7aa4265,30s,FMA,development,complete,computed,computed,eligible,eligible,unavailable_fewer_than_3_sections_or_downbeat_spans,fma_originals_explicit_license_v1/audio/human_fma_medium_937a4a7ce7aa4265.mp3,1bee1265384dc069ad6d1247c0ae7bfd9db09761
human_fma_medium_93815e6ad92b87ab,30s,FMA,locked,complete,computed,computed,eligible,eligible,unavailable_fewer_than_3_sections_or_downbeat_spans,fma_originals_explicit_license_v1/audio/human_fma_medium_93815e6ad92b87ab.mp3,1bee1265384dc069ad6d1247c0ae7bfd9db09761
human_fma_medium_94186e925d25195a,30s,FMA,development,complete,computed,computed,eligible,eligible,unavailable_fewer_than_3_sections_or_downbeat_spans,fma_originals_explicit_license_v1/audio/human_fma_medium_94186e925d25195a.mp3,1bee1265384dc069ad6d1247c0ae7bfd9db09761
human_fma_medium_94195a750c217d1f,30s,FMA,development,complete,computed,computed,eligible,eligible,unavailable_fewer_than_3_sections_or_downbeat_spans,fma_originals_explicit_license_v1/audio/human_fma_medium_94195a750c217d1f.mp3,1bee1265384dc069ad6d1247c0ae7bfd9db09761
human_fma_medium_94eafac5098a7cc9,30s,FMA,development,complete,computed,computed,eligible,eligible,eligible,fma_originals_explicit_license_v1/audio/human_fma_medium_94eafac5098a7cc9.mp3,1bee1265384dc069ad6d1247c0ae7bfd9db09761
human_fma_medium_953c92952208909d,30s,FMA,development,complete,computed,computed,eligible,unavailable_fewer_than_16_beats_or_invalid_intervals,unavailable_fewer_than_3_sections_or_downbeat_spans,,
human_fma_medium_95d84e5ae38ef9a0,30s,FMA,development,complete,computed,computed,eligible,eligible,eligible,fma_originals_explicit_license_v1/audio/human_fma_medium_95d84e5ae38ef9a0.mp3,1bee1265384dc069ad6d1247c0ae7bfd9db09761
human_fma_medium_96b76e38600705e8,30s,FMA,development,complete,computed,computed,eligible,eligible,unavailable_fewer_than_3_sections_or_downbeat_spans,fma_originals_explicit_license_v1/audio/human_fma_medium_96b76e38600705e8.mp3,1bee1265384dc069ad6d1247c0ae7bfd9db09761
human_fma_medium_96bdd0e74f84f8bf,30s,FMA,development,complete,computed,computed,eligible,eligible,unavailable_fewer_than_3_sections_or_downbeat_spans,fma_originals_explicit_license_v1/audio/human_fma_medium_96bdd0e74f84f8bf.mp3,1bee1265384dc069ad6d1247c0ae7bfd9db09761
human_fma_medium_97392492c41256a0,30s,FMA,development,complete,computed,computed,eligible,eligible,unavailable_fewer_than_3_sections_or_downbeat_spans,,
human_fma_medium_97ac9635e8414bc5,30s,FMA,development,complete,computed,computed,eligible,eligible,unavailable_fewer_than_3_sections_or_downbeat_spans,fma_originals_explicit_license_v1/audio/human_fma_medium_97ac9635e8414bc5.mp3,1bee1265384dc069ad6d1247c0ae7bfd9db09761
human_fma_medium_97b424b184c16717,30s,FMA,development,complete,computed,computed,eligible,unavailable_fewer_than_16_beats_or_invalid_intervals,unavailable_fewer_than_3_sections_or_downbeat_spans,fma_originals_explicit_license_v1/audio/human_fma_medium_97b424b184c16717.mp3,1bee1265384dc069ad6d1247c0ae7bfd9db09761
human_fma_medium_98070f160d24822f,30s,FMA,development,complete,computed,computed,eligible,eligible,unavailable_fewer_than_3_sections_or_downbeat_spans,,
human_fma_medium_9825a6f815096e14,30s,FMA,development,complete,computed,computed,eligible,eligible,unavailable_fewer_than_3_sections_or_downbeat_spans,fma_originals_explicit_license_v1/audio/human_fma_medium_9825a6f815096e14.mp3,1bee1265384dc069ad6d1247c0ae7bfd9db09761
human_fma_medium_98a7bd1229c205ce,30s,FMA,development,complete,computed,computed,eligible,eligible,eligible,fma_originals_explicit_license_v1/audio/human_fma_medium_98a7bd1229c205ce.mp3,1bee1265384dc069ad6d1247c0ae7bfd9db09761
human_fma_medium_990b07382f18b541,30s,FMA,development,complete,computed,computed,eligible,eligible,eligible,fma_originals_explicit_license_v1/audio/human_fma_medium_990b07382f18b541.mp3,1bee1265384dc069ad6d1247c0ae7bfd9db09761
human_fma_medium_991522c1894d29c1,30s,FMA,development,complete,computed,computed,eligible,eligible,eligible,fma_originals_explicit_license_v1/audio/human_fma_medium_991522c1894d29c1.mp3,1bee1265384dc069ad6d1247c0ae7bfd9db09761
human_fma_medium_998fb51d35691ec1,30s,FMA,locked,complete,computed,computed,eligible,eligible,eligible,fma_originals_explicit_license_v1/audio/human_fma_medium_998fb51d35691ec1.mp3,1bee1265384dc069ad6d1247c0ae7bfd9db09761
human_fma_medium_99c46fb5e4872928,30s,FMA,development,complete,computed,computed,eligible,unavailable_fewer_than_16_beats_or_invalid_intervals,unavailable_fewer_than_3_sections_or_downbeat_spans,fma_originals_explicit_license_v1/audio/human_fma_medium_99c46fb5e4872928.mp3,1bee1265384dc069ad6d1247c0ae7bfd9db09761
human_fma_medium_99c4b54fa523d957,30s,FMA,locked,complete,computed,computed,eligible,unavailable_fewer_than_16_beats_or_invalid_intervals,unavailable_fewer_than_3_sections_or_downbeat_spans,,
human_fma_medium_99c6008d6bb3a577,30s,FMA,development,complete,computed,computed,eligible,eligible,unavailable_fewer_than_3_sections_or_downbeat_spans,fma_originals_explicit_license_v1/audio/human_fma_medium_99c6008d6bb3a577.mp3,1bee1265384dc069ad6d1247c0ae7bfd9db09761
human_fma_medium_99e179bc4316770a,30s,FMA,development,complete,computed,computed,eligible,eligible,unavailable_fewer_than_3_sections_or_downbeat_spans,fma_originals_explicit_license_v1/audio/human_fma_medium_99e179bc4316770a.mp3,1bee1265384dc069ad6d1247c0ae7bfd9db09761
human_fma_medium_9a2301371e4aeed0,30s,FMA,development,complete,computed,computed,eligible,unavailable_fewer_than_16_beats_or_invalid_intervals,unavailable_fewer_than_3_sections_or_downbeat_spans,fma_originals_explicit_license_v1/audio/human_fma_medium_9a2301371e4aeed0.mp3,1bee1265384dc069ad6d1247c0ae7bfd9db09761
human_fma_medium_9a6b2bc9114488d8,30s,FMA,development,complete,computed,computed,eligible,eligible,unavailable_fewer_than_3_sections_or_downbeat_spans,fma_originals_explicit_license_v1/audio/human_fma_medium_9a6b2bc9114488d8.mp3,1bee1265384dc069ad6d1247c0ae7bfd9db09761
human_fma_medium_9add2bdda077fdfe,30s,FMA,development,complete,computed,computed,eligible,eligible,unavailable_fewer_than_3_sections_or_downbeat_spans,fma_originals_explicit_license_v1/audio/human_fma_medium_9add2bdda077fdfe.mp3,1bee1265384dc069ad6d1247c0ae7bfd9db09761
human_fma_medium_9d8106f9b5feee24,30s,FMA,locked,complete,computed,computed,eligible,eligible,unavailable_fewer_than_3_sections_or_downbeat_spans,fma_originals_explicit_license_v1/audio/human_fma_medium_9d8106f9b5feee24.mp3,1bee1265384dc069ad6d1247c0ae7bfd9db09761
human_fma_medium_9f0924be81292aba,30s,FMA,development,complete,computed,computed,eligible,eligible,unavailable_fewer_than_3_sections_or_downbeat_spans,,
human_fma_medium_9f2b452698e06a97,30s,FMA,locked,complete,computed,computed,eligible,eligible,unavailable_fewer_than_3_sections_or_downbeat_spans,,
human_fma_medium_9ff929041d5acf5f,30s,FMA,development,complete,computed,computed,eligible,unavailable_fewer_than_16_beats_or_invalid_intervals,unavailable_fewer_than_3_sections_or_downbeat_spans,,
human_fma_medium_a061908f021a4f3b,30s,FMA,development,complete,computed,computed,eligible,eligible,unavailable_fewer_than_3_sections_or_downbeat_spans,fma_originals_explicit_license_v1/audio/human_fma_medium_a061908f021a4f3b.mp3,1bee1265384dc069ad6d1247c0ae7bfd9db09761
human_fma_medium_a088cff9a9ad4a8f,30s,FMA,development,complete,computed,computed,eligible,eligible,unavailable_fewer_than_3_sections_or_downbeat_spans,fma_originals_explicit_license_v1/audio/human_fma_medium_a088cff9a9ad4a8f.mp3,1bee1265384dc069ad6d1247c0ae7bfd9db09761
human_fma_medium_a0d7b1fd18011016,30s,FMA,development,complete,computed,computed,eligible,eligible,unavailable_fewer_than_3_sections_or_downbeat_spans,fma_originals_explicit_license_v1/audio/human_fma_medium_a0d7b1fd18011016.mp3,1bee1265384dc069ad6d1247c0ae7bfd9db09761
human_fma_medium_a11a90a265f6b1b0,30s,FMA,development,complete,computed,computed,eligible,eligible,eligible,,
human_fma_medium_a134dfa184f88841,30s,FMA,development,complete,computed,computed,eligible,eligible,unavailable_fewer_than_3_sections_or_downbeat_spans,,
human_fma_medium_a19b7084d2919cfd,30s,FMA,development,complete,computed,computed,eligible,eligible,unavailable_fewer_than_3_sections_or_downbeat_spans,fma_originals_explicit_license_v1/audio/human_fma_medium_a19b7084d2919cfd.mp3,1bee1265384dc069ad6d1247c0ae7bfd9db09761
human_fma_medium_a1d805c13b07a3f5,30s,FMA,development,complete,computed,computed,eligible,eligible,eligible,fma_originals_explicit_license_v1/audio/human_fma_medium_a1d805c13b07a3f5.mp3,1bee1265384dc069ad6d1247c0ae7bfd9db09761
human_fma_medium_a25e7e22292da46d,30s,FMA,development,complete,computed,computed,eligible,eligible,unavailable_fewer_than_3_sections_or_downbeat_spans,fma_originals_explicit_license_v1/audio/human_fma_medium_a25e7e22292da46d.mp3,1bee1265384dc069ad6d1247c0ae7bfd9db09761
human_fma_medium_a2b2f0826a470ab9,30s,FMA,development,complete,computed,computed,eligible,eligible,eligible,fma_originals_explicit_license_v1/audio/human_fma_medium_a2b2f0826a470ab9.mp3,1bee1265384dc069ad6d1247c0ae7bfd9db09761
human_fma_medium_a2eae34604ab7fd7,30s,FMA,locked,complete,computed,computed,eligible,eligible,unavailable_fewer_than_3_sections_or_downbeat_spans,fma_originals_explicit_license_v1/audio/human_fma_medium_a2eae34604ab7fd7.mp3,1bee1265384dc069ad6d1247c0ae7bfd9db09761
human_fma_medium_a2f4119c850b6c93,30s,FMA,development,complete,computed,computed,eligible,eligible,unavailable_fewer_than_3_sections_or_downbeat_spans,fma_originals_explicit_license_v1/audio/human_fma_medium_a2f4119c850b6c93.mp3,1bee1265384dc069ad6d1247c0ae7bfd9db09761
human_fma_medium_a38d360333546de4,30s,FMA,locked,complete,computed,computed,eligible,eligible,unavailable_fewer_than_3_sections_or_downbeat_spans,fma_originals_explicit_license_v1/audio/human_fma_medium_a38d360333546de4.mp3,1bee1265384dc069ad6d1247c0ae7bfd9db09761
human_fma_medium_a47b23199e284eea,30s,FMA,development,complete,computed,computed,eligible,eligible,eligible,fma_originals_explicit_license_v1/audio/human_fma_medium_a47b23199e284eea.mp3,1bee1265384dc069ad6d1247c0ae7bfd9db09761
human_fma_medium_a4c3c2fa7c74c8ff,30s,FMA,locked,complete,computed,computed,eligible,eligible,unavailable_fewer_than_3_sections_or_downbeat_spans,fma_originals_explicit_license_v1/audio/human_fma_medium_a4c3c2fa7c74c8ff.mp3,1bee1265384dc069ad6d1247c0ae7bfd9db09761
human_fma_medium_a4e81a70003bfb79,30s,FMA,development,complete,computed,computed,eligible,eligible,unavailable_fewer_than_3_sections_or_downbeat_spans,fma_originals_explicit_license_v1/audio/human_fma_medium_a4e81a70003bfb79.mp3,1bee1265384dc069ad6d1247c0ae7bfd9db09761
human_fma_medium_a5e4dce616781fd4,30s,FMA,development,complete,computed,computed,eligible,eligible,unavailable_fewer_than_3_sections_or_downbeat_spans,fma_originals_explicit_license_v1/audio/human_fma_medium_a5e4dce616781fd4.mp3,1bee1265384dc069ad6d1247c0ae7bfd9db09761
human_fma_medium_a5f4f928b33719ee,30s,FMA,development,complete,computed,computed,eligible,eligible,unavailable_fewer_than_3_sections_or_downbeat_spans,fma_originals_explicit_license_v1/audio/human_fma_medium_a5f4f928b33719ee.mp3,1bee1265384dc069ad6d1247c0ae7bfd9db09761
human_fma_medium_a6502a2764c804b0,30s,FMA,development,complete,computed,computed,eligible,eligible,unavailable_fewer_than_3_sections_or_downbeat_spans,fma_originals_explicit_license_v1/audio/human_fma_medium_a6502a2764c804b0.mp3,1bee1265384dc069ad6d1247c0ae7bfd9db09761
human_fma_medium_a7992e64ec7baa99,30s,FMA,development,complete,computed,computed,eligible,eligible,unavailable_fewer_than_3_sections_or_downbeat_spans,fma_originals_explicit_license_v1/audio/human_fma_medium_a7992e64ec7baa99.mp3,1bee1265384dc069ad6d1247c0ae7bfd9db09761
human_fma_medium_a7a092fd08803e06,30s,FMA,development,complete,computed,computed,eligible,eligible,eligible,,
human_fma_medium_a7ec3c79283896a4,30s,FMA,development,complete,computed,computed,eligible,eligible,unavailable_fewer_than_3_sections_or_downbeat_spans,fma_originals_explicit_license_v1/audio/human_fma_medium_a7ec3c79283896a4.mp3,1bee1265384dc069ad6d1247c0ae7bfd9db09761
human_fma_medium_a8c684d2fd182f14,30s,FMA,development,complete,computed,computed,eligible,eligible,eligible,fma_originals_explicit_license_v1/audio/human_fma_medium_a8c684d2fd182f14.mp3,1bee1265384dc069ad6d1247c0ae7bfd9db09761
human_fma_medium_a8ccc74bed96de66,30s,FMA,development,complete,computed,computed,eligible,eligible,eligible,fma_originals_explicit_license_v1/audio/human_fma_medium_a8ccc74bed96de66.mp3,1bee1265384dc069ad6d1247c0ae7bfd9db09761
human_fma_medium_a986ef6801cf89ef,30s,FMA,locked,complete,computed,computed,eligible,unavailable_fewer_than_16_beats_or_invalid_intervals,unavailable_fewer_than_3_sections_or_downbeat_spans,fma_originals_explicit_license_v1/audio/human_fma_medium_a986ef6801cf89ef.mp3,1bee1265384dc069ad6d1247c0ae7bfd9db09761
human_fma_medium_a9ea1bc1a68b5d78,30s,FMA,development,complete,computed,computed,eligible,unavailable_fewer_than_16_beats_or_invalid_intervals,unavailable_fewer_than_3_sections_or_downbeat_spans,,
human_fma_medium_aaa890587fb784e5,30s,FMA,development,complete,computed,computed,eligible,eligible,unavailable_fewer_than_3_sections_or_downbeat_spans,fma_originals_explicit_license_v1/audio/human_fma_medium_aaa890587fb784e5.mp3,1bee1265384dc069ad6d1247c0ae7bfd9db09761
human_fma_medium_ab616a0eecfa0552,30s,FMA,development,complete,computed,computed,eligible,eligible,unavailable_fewer_than_3_sections_or_downbeat_spans,fma_originals_explicit_license_v1/audio/human_fma_medium_ab616a0eecfa0552.mp3,1bee1265384dc069ad6d1247c0ae7bfd9db09761
human_fma_medium_ac52d586ea6cf965,30s,FMA,development,complete,computed,computed,eligible,eligible,unavailable_fewer_than_3_sections_or_downbeat_spans,fma_originals_explicit_license_v1/audio/human_fma_medium_ac52d586ea6cf965.mp3,1bee1265384dc069ad6d1247c0ae7bfd9db09761
human_fma_medium_ac9109f08cefdbf0,30s,FMA,development,complete,computed,computed,eligible,eligible,unavailable_fewer_than_3_sections_or_downbeat_spans,,
human_fma_medium_ac97e264ee18a06b,30s,FMA,development,complete,computed,computed,eligible,eligible,unavailable_fewer_than_3_sections_or_downbeat_spans,fma_originals_explicit_license_v1/audio/human_fma_medium_ac97e264ee18a06b.mp3,1bee1265384dc069ad6d1247c0ae7bfd9db09761
human_fma_medium_acdcb7a97836a8d7,30s,FMA,development,complete,computed,computed,eligible,unavailable_fewer_than_16_beats_or_invalid_intervals,unavailable_fewer_than_3_sections_or_downbeat_spans,fma_originals_explicit_license_v1/audio/human_fma_medium_acdcb7a97836a8d7.mp3,1bee1265384dc069ad6d1247c0ae7bfd9db09761
human_fma_medium_add2abebef6cec84,30s,FMA,development,complete,computed,computed,eligible,eligible,unavailable_fewer_than_3_sections_or_downbeat_spans,fma_originals_explicit_license_v1/audio/human_fma_medium_add2abebef6cec84.mp3,1bee1265384dc069ad6d1247c0ae7bfd9db09761
human_fma_medium_af0b36f0a4d65ec4,30s,FMA,locked,complete,computed,computed,eligible,eligible,unavailable_fewer_than_3_sections_or_downbeat_spans,fma_originals_explicit_license_v1/audio/human_fma_medium_af0b36f0a4d65ec4.mp3,1bee1265384dc069ad6d1247c0ae7bfd9db09761
human_fma_medium_af9839b8f39ef541,30s,FMA,development,complete,computed,computed,eligible,eligible,unavailable_fewer_than_3_sections_or_downbeat_spans,fma_originals_explicit_license_v1/audio/human_fma_medium_af9839b8f39ef541.mp3,1bee1265384dc069ad6d1247c0ae7bfd9db09761
human_fma_medium_aff6405b2d81f625,30s,FMA,development,complete,computed,computed,eligible,eligible,unavailable_fewer_than_3_sections_or_downbeat_spans,fma_originals_explicit_license_v1/audio/human_fma_medium_aff6405b2d81f625.mp3,1bee1265384dc069ad6d1247c0ae7bfd9db09761
human_fma_medium_b13512a8c30d6aec,30s,FMA,development,complete,computed,computed,eligible,eligible,unavailable_fewer_than_3_sections_or_downbeat_spans,fma_originals_explicit_license_v1/audio/human_fma_medium_b13512a8c30d6aec.mp3,1bee1265384dc069ad6d1247c0ae7bfd9db09761
human_fma_medium_b212f78a352dafe9,30s,FMA,development,complete,computed,computed,eligible,eligible,eligible,fma_originals_explicit_license_v1/audio/human_fma_medium_b212f78a352dafe9.mp3,1bee1265384dc069ad6d1247c0ae7bfd9db09761
human_fma_medium_b38e1269596df785,30s,FMA,development,complete,computed,computed,eligible,eligible,unavailable_fewer_than_3_sections_or_downbeat_spans,fma_originals_explicit_license_v1/audio/human_fma_medium_b38e1269596df785.mp3,1bee1265384dc069ad6d1247c0ae7bfd9db09761
human_fma_medium_b3d07c0d4cd36855,30s,FMA,development,complete,computed,computed,eligible,eligible,unavailable_fewer_than_3_sections_or_downbeat_spans,fma_originals_explicit_license_v1/audio/human_fma_medium_b3d07c0d4cd36855.mp3,1bee1265384dc069ad6d1247c0ae7bfd9db09761
human_fma_medium_b62f6cd402740547,30s,FMA,development,complete,computed,computed,eligible,eligible,unavailable_fewer_than_3_sections_or_downbeat_spans,,
human_fma_medium_b6ac4dc59f864207,30s,FMA,development,complete,computed,computed,eligible,eligible,unavailable_fewer_than_3_sections_or_downbeat_spans,,
human_fma_medium_b7f73c65355b1a56,30s,FMA,locked,complete,computed,computed,eligible,eligible,unavailable_fewer_than_3_sections_or_downbeat_spans,fma_originals_explicit_license_v1/audio/human_fma_medium_b7f73c65355b1a56.mp3,1bee1265384dc069ad6d1247c0ae7bfd9db09761
human_fma_medium_b96da4c5c3cdad02,30s,FMA,development,complete,computed,computed,eligible,eligible,unavailable_fewer_than_3_sections_or_downbeat_spans,fma_originals_explicit_license_v1/audio/human_fma_medium_b96da4c5c3cdad02.mp3,1bee1265384dc069ad6d1247c0ae7bfd9db09761
human_fma_medium_b991318fd568dce5,30s,FMA,development,complete,computed,computed,eligible,eligible,unavailable_fewer_than_3_sections_or_downbeat_spans,fma_originals_explicit_license_v1/audio/human_fma_medium_b991318fd568dce5.mp3,1bee1265384dc069ad6d1247c0ae7bfd9db09761
human_fma_medium_b9a1fa14540e16e3,30s,FMA,development,complete,computed,computed,eligible,eligible,unavailable_fewer_than_3_sections_or_downbeat_spans,fma_originals_explicit_license_v1/audio/human_fma_medium_b9a1fa14540e16e3.mp3,1bee1265384dc069ad6d1247c0ae7bfd9db09761
human_fma_medium_bac62593da695f8e,30s,FMA,development,complete,computed,computed,eligible,eligible,unavailable_fewer_than_3_sections_or_downbeat_spans,fma_originals_explicit_license_v1/audio/human_fma_medium_bac62593da695f8e.mp3,1bee1265384dc069ad6d1247c0ae7bfd9db09761
human_fma_medium_bb2e3973a598e456,30s,FMA,locked,complete,computed,computed,eligible,eligible,unavailable_fewer_than_3_sections_or_downbeat_spans,fma_originals_explicit_license_v1/audio/human_fma_medium_bb2e3973a598e456.mp3,1bee1265384dc069ad6d1247c0ae7bfd9db09761
human_fma_medium_bba01c55ff69fa12,30s,FMA,development,complete,computed,computed,eligible,eligible,unavailable_fewer_than_3_sections_or_downbeat_spans,fma_originals_explicit_license_v1/audio/human_fma_medium_bba01c55ff69fa12.mp3,1bee1265384dc069ad6d1247c0ae7bfd9db09761
human_fma_medium_bbcf67e10068bc05,30s,FMA,development,complete,computed,computed,eligible,eligible,unavailable_fewer_than_3_sections_or_downbeat_spans,fma_originals_explicit_license_v1/audio/human_fma_medium_bbcf67e10068bc05.mp3,1bee1265384dc069ad6d1247c0ae7bfd9db09761
human_fma_medium_bc1fffc92adb9e07,30s,FMA,development,complete,computed,computed,eligible,eligible,unavailable_fewer_than_3_sections_or_downbeat_spans,fma_originals_explicit_license_v1/audio/human_fma_medium_bc1fffc92adb9e07.mp3,1bee1265384dc069ad6d1247c0ae7bfd9db09761
human_fma_medium_bd2e546f6e69d7f9,30s,FMA,development,complete,computed,computed,eligible,eligible,unavailable_fewer_than_3_sections_or_downbeat_spans,fma_originals_explicit_license_v1/audio/human_fma_medium_bd2e546f6e69d7f9.mp3,1bee1265384dc069ad6d1247c0ae7bfd9db09761
human_fma_medium_bd6fba6dd2eeaae1,30s,FMA,development,complete,computed,computed,eligible,eligible,eligible,fma_originals_explicit_license_v1/audio/human_fma_medium_bd6fba6dd2eeaae1.mp3,1bee1265384dc069ad6d1247c0ae7bfd9db09761
human_fma_medium_bdd1bd0de2ed2b6e,30s,FMA,locked,complete,computed,computed,eligible,unavailable_fewer_than_16_beats_or_invalid_intervals,unavailable_fewer_than_3_sections_or_downbeat_spans,fma_originals_explicit_license_v1/audio/human_fma_medium_bdd1bd0de2ed2b6e.mp3,1bee1265384dc069ad6d1247c0ae7bfd9db09761
human_fma_medium_be91fdf28013aeaf,30s,FMA,development,complete,computed,computed,eligible,eligible,unavailable_fewer_than_3_sections_or_downbeat_spans,fma_originals_explicit_license_v1/audio/human_fma_medium_be91fdf28013aeaf.mp3,1bee1265384dc069ad6d1247c0ae7bfd9db09761
human_fma_medium_be9e5e92317993a3,30s,FMA,development,complete,computed,computed,eligible,eligible,eligible,fma_originals_explicit_license_v1/audio/human_fma_medium_be9e5e92317993a3.mp3,1bee1265384dc069ad6d1247c0ae7bfd9db09761
human_fma_medium_bea294822cd4f751,30s,FMA,development,complete,computed,computed,eligible,eligible,unavailable_fewer_than_3_sections_or_downbeat_spans,fma_originals_explicit_license_v1/audio/human_fma_medium_bea294822cd4f751.mp3,1bee1265384dc069ad6d1247c0ae7bfd9db09761
human_fma_medium_bfee0fdfbc447f25,30s,FMA,development,complete,computed,computed,eligible,eligible,unavailable_fewer_than_3_sections_or_downbeat_spans,fma_originals_explicit_license_v1/audio/human_fma_medium_bfee0fdfbc447f25.mp3,1bee1265384dc069ad6d1247c0ae7bfd9db09761
human_fma_medium_bff26c3963a2b84a,30s,FMA,development,complete,computed,computed,eligible,eligible,eligible,fma_originals_explicit_license_v1/audio/human_fma_medium_bff26c3963a2b84a.mp3,1bee1265384dc069ad6d1247c0ae7bfd9db09761
human_fma_medium_c035fffc16fe1211,30s,FMA,development,complete,computed,computed,eligible,eligible,unavailable_fewer_than_3_sections_or_downbeat_spans,fma_originals_explicit_license_v1/audio/human_fma_medium_c035fffc16fe1211.mp3,1bee1265384dc069ad6d1247c0ae7bfd9db09761
human_fma_medium_c0367080f463bd4f,30s,FMA,development,complete,computed,computed,eligible,eligible,eligible,fma_originals_explicit_license_v1/audio/human_fma_medium_c0367080f463bd4f.mp3,1bee1265384dc069ad6d1247c0ae7bfd9db09761
human_fma_medium_c1248ca6ec495080,30s,FMA,development,complete,computed,computed,eligible,eligible,unavailable_fewer_than_3_sections_or_downbeat_spans,fma_originals_explicit_license_v1/audio/human_fma_medium_c1248ca6ec495080.mp3,1bee1265384dc069ad6d1247c0ae7bfd9db09761
human_fma_medium_c2d8465cd6d90aed,30s,FMA,development,complete,computed,computed,eligible,eligible,unavailable_fewer_than_3_sections_or_downbeat_spans,fma_originals_explicit_license_v1/audio/human_fma_medium_c2d8465cd6d90aed.mp3,1bee1265384dc069ad6d1247c0ae7bfd9db09761
human_fma_medium_c38b4e9e8a152822,30s,FMA,locked,complete,computed,computed,eligible,eligible,unavailable_fewer_than_3_sections_or_downbeat_spans,fma_originals_explicit_license_v1/audio/human_fma_medium_c38b4e9e8a152822.mp3,1bee1265384dc069ad6d1247c0ae7bfd9db09761
human_fma_medium_c440f686dadb3796,30s,FMA,development,complete,computed,computed,eligible,eligible,unavailable_fewer_than_3_sections_or_downbeat_spans,fma_originals_explicit_license_v1/audio/human_fma_medium_c440f686dadb3796.mp3,1bee1265384dc069ad6d1247c0ae7bfd9db09761
human_fma_medium_c47498b667d3bb22,30s,FMA,development,complete,computed,computed,eligible,eligible,unavailable_fewer_than_3_sections_or_downbeat_spans,,
human_fma_medium_c4df718c11382bcb,30s,FMA,development,complete,computed,computed,eligible,eligible,unavailable_fewer_than_3_sections_or_downbeat_spans,fma_originals_explicit_license_v1/audio/human_fma_medium_c4df718c11382bcb.mp3,1bee1265384dc069ad6d1247c0ae7bfd9db09761
human_fma_medium_c4f9779f209a7d2f,30s,FMA,development,complete,computed,computed,eligible,eligible,unavailable_fewer_than_3_sections_or_downbeat_spans,fma_originals_explicit_license_v1/audio/human_fma_medium_c4f9779f209a7d2f.mp3,1bee1265384dc069ad6d1247c0ae7bfd9db09761
human_fma_medium_c61c867f61acf6ad,30s,FMA,development,complete,computed,computed,eligible,eligible,unavailable_fewer_than_3_sections_or_downbeat_spans,fma_originals_explicit_license_v1/audio/human_fma_medium_c61c867f61acf6ad.mp3,1bee1265384dc069ad6d1247c0ae7bfd9db09761
human_fma_medium_c66a95ba180ccf8a,30s,FMA,locked,complete,computed,computed,eligible,unavailable_fewer_than_16_beats_or_invalid_intervals,unavailable_fewer_than_3_sections_or_downbeat_spans,fma_originals_explicit_license_v1/audio/human_fma_medium_c66a95ba180ccf8a.mp3,1bee1265384dc069ad6d1247c0ae7bfd9db09761
human_fma_medium_c8908a03652b1421,30s,FMA,development,complete,computed,computed,eligible,eligible,unavailable_fewer_than_3_sections_or_downbeat_spans,fma_originals_explicit_license_v1/audio/human_fma_medium_c8908a03652b1421.mp3,1bee1265384dc069ad6d1247c0ae7bfd9db09761
human_fma_medium_c8eae304e5870daa,30s,FMA,development,complete,computed,computed,eligible,eligible,unavailable_fewer_than_3_sections_or_downbeat_spans,fma_originals_explicit_license_v1/audio/human_fma_medium_c8eae304e5870daa.mp3,1bee1265384dc069ad6d1247c0ae7bfd9db09761
human_fma_medium_c952c730ab02fead,30s,FMA,development,complete,computed,computed,eligible,eligible,unavailable_fewer_than_3_sections_or_downbeat_spans,fma_originals_explicit_license_v1/audio/human_fma_medium_c952c730ab02fead.mp3,1bee1265384dc069ad6d1247c0ae7bfd9db09761
human_fma_medium_c9562e5513930547,30s,FMA,locked,complete,computed,computed,eligible,eligible,unavailable_fewer_than_3_sections_or_downbeat_spans,fma_originals_explicit_license_v1/audio/human_fma_medium_c9562e5513930547.mp3,1bee1265384dc069ad6d1247c0ae7bfd9db09761
human_fma_medium_ca04e9f53328fa34,30s,FMA,development,complete,computed,computed,eligible,eligible,unavailable_fewer_than_3_sections_or_downbeat_spans,fma_originals_explicit_license_v1/audio/human_fma_medium_ca04e9f53328fa34.mp3,1bee1265384dc069ad6d1247c0ae7bfd9db09761
human_fma_medium_ca3cfe26bd53fff1,30s,FMA,development,complete,computed,computed,eligible,unavailable_fewer_than_16_beats_or_invalid_intervals,unavailable_fewer_than_3_sections_or_downbeat_spans,fma_originals_explicit_license_v1/audio/human_fma_medium_ca3cfe26bd53fff1.mp3,1bee1265384dc069ad6d1247c0ae7bfd9db09761
human_fma_medium_ca66e9e6414f831e,30s,FMA,locked,complete,computed,computed,eligible,eligible,unavailable_fewer_than_3_sections_or_downbeat_spans,,
human_fma_medium_cb1da9e70f740458,30s,FMA,development,complete,computed,computed,eligible,eligible,unavailable_fewer_than_3_sections_or_downbeat_spans,fma_originals_explicit_license_v1/audio/human_fma_medium_cb1da9e70f740458.mp3,1bee1265384dc069ad6d1247c0ae7bfd9db09761
human_fma_medium_cb5fe08c7b704471,30s,FMA,locked,complete,computed,computed,eligible,eligible,unavailable_fewer_than_3_sections_or_downbeat_spans,,
human_fma_medium_ccc0e81f04509d8d,30s,FMA,locked,complete,computed,computed,eligible,eligible,unavailable_fewer_than_3_sections_or_downbeat_spans,fma_originals_explicit_license_v1/audio/human_fma_medium_ccc0e81f04509d8d.mp3,1bee1265384dc069ad6d1247c0ae7bfd9db09761
human_fma_medium_cd3c37ae56411721,30s,FMA,development,complete,computed,computed,eligible,eligible,unavailable_fewer_than_3_sections_or_downbeat_spans,,
human_fma_medium_cd5d13b6220b920a,30s,FMA,development,complete,computed,computed,eligible,eligible,eligible,fma_originals_explicit_license_v1/audio/human_fma_medium_cd5d13b6220b920a.mp3,1bee1265384dc069ad6d1247c0ae7bfd9db09761
human_fma_medium_ceafd51d2152e389,30s,FMA,development,complete,computed,computed,eligible,eligible,unavailable_fewer_than_3_sections_or_downbeat_spans,fma_originals_explicit_license_v1/audio/human_fma_medium_ceafd51d2152e389.mp3,1bee1265384dc069ad6d1247c0ae7bfd9db09761
human_fma_medium_cf6267728fdae9f8,30s,FMA,development,complete,computed,computed,eligible,eligible,unavailable_fewer_than_3_sections_or_downbeat_spans,fma_originals_explicit_license_v1/audio/human_fma_medium_cf6267728fdae9f8.mp3,1bee1265384dc069ad6d1247c0ae7bfd9db09761
human_fma_medium_cf9dbd8072dcc416,30s,FMA,development,complete,computed,computed,eligible,eligible,unavailable_fewer_than_3_sections_or_downbeat_spans,fma_originals_explicit_license_v1/audio/human_fma_medium_cf9dbd8072dcc416.mp3,1bee1265384dc069ad6d1247c0ae7bfd9db09761
human_fma_medium_cfaaedde75747673,30s,FMA,development,complete,computed,computed,eligible,eligible,unavailable_fewer_than_3_sections_or_downbeat_spans,,
human_fma_medium_cfbd62a2d3d5e9b7,30s,FMA,locked,complete,computed,computed,eligible,eligible,unavailable_fewer_than_3_sections_or_downbeat_spans,fma_originals_explicit_license_v1/audio/human_fma_medium_cfbd62a2d3d5e9b7.mp3,1bee1265384dc069ad6d1247c0ae7bfd9db09761
human_fma_medium_cffe431d54592749,30s,FMA,development,complete,computed,computed,eligible,eligible,unavailable_fewer_than_3_sections_or_downbeat_spans,,
human_fma_medium_d04fd955df3ced6e,30s,FMA,development,complete,computed,computed,eligible,eligible,unavailable_fewer_than_3_sections_or_downbeat_spans,fma_originals_explicit_license_v1/audio/human_fma_medium_d04fd955df3ced6e.mp3,1bee1265384dc069ad6d1247c0ae7bfd9db09761
human_fma_medium_d05f8a77b162f3cb,30s,FMA,development,complete,computed,computed,eligible,eligible,unavailable_fewer_than_3_sections_or_downbeat_spans,fma_originals_explicit_license_v1/audio/human_fma_medium_d05f8a77b162f3cb.mp3,1bee1265384dc069ad6d1247c0ae7bfd9db09761
human_fma_medium_d1283e73ece32645,30s,FMA,development,complete,computed,computed,eligible,eligible,unavailable_fewer_than_3_sections_or_downbeat_spans,fma_originals_explicit_license_v1/audio/human_fma_medium_d1283e73ece32645.mp3,1bee1265384dc069ad6d1247c0ae7bfd9db09761
human_fma_medium_d1926d9990ee33f0,30s,FMA,development,complete,computed,computed,eligible,eligible,eligible,fma_originals_explicit_license_v1/audio/human_fma_medium_d1926d9990ee33f0.mp3,1bee1265384dc069ad6d1247c0ae7bfd9db09761
human_fma_medium_d1b9e2370926b717,30s,FMA,development,complete,computed,computed,eligible,eligible,unavailable_fewer_than_3_sections_or_downbeat_spans,fma_originals_explicit_license_v1/audio/human_fma_medium_d1b9e2370926b717.mp3,1bee1265384dc069ad6d1247c0ae7bfd9db09761
human_fma_medium_d2f819298d960ca1,30s,FMA,development,complete,computed,computed,eligible,eligible,unavailable_fewer_than_3_sections_or_downbeat_spans,,
human_fma_medium_d5ab993b0387d36b,30s,FMA,development,complete,computed,computed,eligible,eligible,eligible,fma_originals_explicit_license_v1/audio/human_fma_medium_d5ab993b0387d36b.mp3,1bee1265384dc069ad6d1247c0ae7bfd9db09761
human_fma_medium_d5f892a2e866f71b,30s,FMA,development,complete,computed,computed,eligible,eligible,unavailable_fewer_than_3_sections_or_downbeat_spans,,
human_fma_medium_d6406a49453f99b7,30s,FMA,development,complete,computed,computed,eligible,eligible,unavailable_fewer_than_3_sections_or_downbeat_spans,fma_originals_explicit_license_v1/audio/human_fma_medium_d6406a49453f99b7.mp3,1bee1265384dc069ad6d1247c0ae7bfd9db09761
human_fma_medium_d6a322991cbc843b,30s,FMA,locked,complete,computed,computed,eligible,unavailable_fewer_than_16_beats_or_invalid_intervals,unavailable_fewer_than_3_sections_or_downbeat_spans,fma_originals_explicit_license_v1/audio/human_fma_medium_d6a322991cbc843b.mp3,1bee1265384dc069ad6d1247c0ae7bfd9db09761
human_fma_medium_d6adaca51ea9c985,30s,FMA,development,complete,computed,computed,eligible,eligible,unavailable_fewer_than_3_sections_or_downbeat_spans,,
human_fma_medium_d6ec4980229c3819,30s,FMA,development,complete,computed,computed,eligible,eligible,eligible,fma_originals_explicit_license_v1/audio/human_fma_medium_d6ec4980229c3819.mp3,1bee1265384dc069ad6d1247c0ae7bfd9db09761
human_fma_medium_d6f730e133b043dc,30s,FMA,locked,complete,computed,computed,eligible,eligible,eligible,fma_originals_explicit_license_v1/audio/human_fma_medium_d6f730e133b043dc.mp3,1bee1265384dc069ad6d1247c0ae7bfd9db09761
human_fma_medium_d7597afeacfb44db,30s,FMA,development,complete,computed,computed,eligible,eligible,unavailable_fewer_than_3_sections_or_downbeat_spans,fma_originals_explicit_license_v1/audio/human_fma_medium_d7597afeacfb44db.mp3,1bee1265384dc069ad6d1247c0ae7bfd9db09761
human_fma_medium_d8283a8a1ae9521d,30s,FMA,development,complete,computed,computed,eligible,eligible,unavailable_fewer_than_3_sections_or_downbeat_spans,fma_originals_explicit_license_v1/audio/human_fma_medium_d8283a8a1ae9521d.mp3,1bee1265384dc069ad6d1247c0ae7bfd9db09761
human_fma_medium_d83d28938b296f0b,30s,FMA,locked,complete,computed,computed,eligible,eligible,unavailable_fewer_than_3_sections_or_downbeat_spans,,
human_fma_medium_d87783348cd325f6,30s,FMA,development,complete,computed,computed,eligible,eligible,unavailable_fewer_than_3_sections_or_downbeat_spans,fma_originals_explicit_license_v1/audio/human_fma_medium_d87783348cd325f6.mp3,1bee1265384dc069ad6d1247c0ae7bfd9db09761
human_fma_medium_d94bf984ce72772c,30s,FMA,development,complete,computed,computed,eligible,eligible,unavailable_fewer_than_3_sections_or_downbeat_spans,fma_originals_explicit_license_v1/audio/human_fma_medium_d94bf984ce72772c.mp3,1bee1265384dc069ad6d1247c0ae7bfd9db09761
human_fma_medium_d94df05540024645,30s,FMA,development,complete,computed,computed,eligible,eligible,unavailable_fewer_than_3_sections_or_downbeat_spans,fma_originals_explicit_license_v1/audio/human_fma_medium_d94df05540024645.mp3,1bee1265384dc069ad6d1247c0ae7bfd9db09761
human_fma_medium_d95c1c430ecd2362,30s,FMA,development,complete,computed,computed,eligible,eligible,unavailable_fewer_than_3_sections_or_downbeat_spans,,
human_fma_medium_da8d084e15169781,30s,FMA,development,complete,computed,computed,eligible,eligible,unavailable_fewer_than_3_sections_or_downbeat_spans,,
human_fma_medium_da988ab3492bf6bb,30s,FMA,locked,complete,computed,computed,eligible,eligible,unavailable_fewer_than_3_sections_or_downbeat_spans,fma_originals_explicit_license_v1/audio/human_fma_medium_da988ab3492bf6bb.mp3,1bee1265384dc069ad6d1247c0ae7bfd9db09761
human_fma_medium_daa4d50735879a34,30s,FMA,development,complete,computed,computed,eligible,eligible,unavailable_fewer_than_3_sections_or_downbeat_spans,fma_originals_explicit_license_v1/audio/human_fma_medium_daa4d50735879a34.mp3,1bee1265384dc069ad6d1247c0ae7bfd9db09761
human_fma_medium_daed3f08327339d2,30s,FMA,development,complete,computed,computed,eligible,eligible,eligible,fma_originals_explicit_license_v1/audio/human_fma_medium_daed3f08327339d2.mp3,1bee1265384dc069ad6d1247c0ae7bfd9db09761
human_fma_medium_db37a6b666576322,30s,FMA,development,complete,computed,computed,eligible,eligible,eligible,fma_originals_explicit_license_v1/audio/human_fma_medium_db37a6b666576322.mp3,1bee1265384dc069ad6d1247c0ae7bfd9db09761
human_fma_medium_db5a8a549df2a12d,30s,FMA,locked,complete,computed,computed,eligible,eligible,unavailable_fewer_than_3_sections_or_downbeat_spans,,
human_fma_medium_db9898af97b4c6c8,30s,FMA,development,complete,computed,computed,eligible,eligible,unavailable_fewer_than_3_sections_or_downbeat_spans,fma_originals_explicit_license_v1/audio/human_fma_medium_db9898af97b4c6c8.mp3,1bee1265384dc069ad6d1247c0ae7bfd9db09761
human_fma_medium_dcb830de5e2c33d5,30s,FMA,development,complete,computed,computed,eligible,eligible,unavailable_fewer_than_3_sections_or_downbeat_spans,fma_originals_explicit_license_v1/audio/human_fma_medium_dcb830de5e2c33d5.mp3,1bee1265384dc069ad6d1247c0ae7bfd9db09761
human_fma_medium_ddc9057a1e047ff6,30s,FMA,development,complete,computed,computed,eligible,eligible,unavailable_fewer_than_3_sections_or_downbeat_spans,fma_originals_explicit_license_v1/audio/human_fma_medium_ddc9057a1e047ff6.mp3,1bee1265384dc069ad6d1247c0ae7bfd9db09761
human_fma_medium_de3e300aea53ffb8,30s,FMA,locked,complete,computed,computed,eligible,eligible,unavailable_fewer_than_3_sections_or_downbeat_spans,,
human_fma_medium_de7462b3165de27c,30s,FMA,development,complete,computed,computed,eligible,eligible,unavailable_fewer_than_3_sections_or_downbeat_spans,,
human_fma_medium_de9890d138834fb7,30s,FMA,development,complete,computed,computed,eligible,eligible,unavailable_fewer_than_3_sections_or_downbeat_spans,,
human_fma_medium_dea97b6722b6ea88,30s,FMA,development,complete,computed,computed,eligible,eligible,unavailable_fewer_than_3_sections_or_downbeat_spans,fma_originals_explicit_license_v1/audio/human_fma_medium_dea97b6722b6ea88.mp3,1bee1265384dc069ad6d1247c0ae7bfd9db09761
human_fma_medium_df6d7d0777c48d1b,30s,FMA,locked,complete,computed,computed,eligible,eligible,unavailable_fewer_than_3_sections_or_downbeat_spans,fma_originals_explicit_license_v1/audio/human_fma_medium_df6d7d0777c48d1b.mp3,1bee1265384dc069ad6d1247c0ae7bfd9db09761
human_fma_medium_df88249dd5f117c0,30s,FMA,development,complete,computed,computed,eligible,eligible,unavailable_fewer_than_3_sections_or_downbeat_spans,fma_originals_explicit_license_v1/audio/human_fma_medium_df88249dd5f117c0.mp3,1bee1265384dc069ad6d1247c0ae7bfd9db09761
human_fma_medium_e019eb8dd4606bbb,30s,FMA,development,complete,computed,computed,eligible,eligible,unavailable_fewer_than_3_sections_or_downbeat_spans,fma_originals_explicit_license_v1/audio/human_fma_medium_e019eb8dd4606bbb.mp3,1bee1265384dc069ad6d1247c0ae7bfd9db09761
human_fma_medium_e05610c13930a733,30s,FMA,development,complete,computed,computed,eligible,eligible,unavailable_fewer_than_3_sections_or_downbeat_spans,fma_originals_explicit_license_v1/audio/human_fma_medium_e05610c13930a733.mp3,1bee1265384dc069ad6d1247c0ae7bfd9db09761
human_fma_medium_e09bfcc2afb08045,30s,FMA,development,complete,computed,computed,eligible,eligible,unavailable_fewer_than_3_sections_or_downbeat_spans,fma_originals_explicit_license_v1/audio/human_fma_medium_e09bfcc2afb08045.mp3,1bee1265384dc069ad6d1247c0ae7bfd9db09761
human_fma_medium_e0dfc2693696ef7d,30s,FMA,development,complete,computed,computed,eligible,eligible,unavailable_fewer_than_3_sections_or_downbeat_spans,fma_originals_explicit_license_v1/audio/human_fma_medium_e0dfc2693696ef7d.mp3,1bee1265384dc069ad6d1247c0ae7bfd9db09761
human_fma_medium_e110738404cfcd00,30s,FMA,development,complete,computed,computed,eligible,unavailable_fewer_than_16_beats_or_invalid_intervals,unavailable_fewer_than_3_sections_or_downbeat_spans,,
human_fma_medium_e12aff03ea90cfe4,30s,FMA,development,complete,computed,computed,eligible,eligible,eligible,fma_originals_explicit_license_v1/audio/human_fma_medium_e12aff03ea90cfe4.mp3,1bee1265384dc069ad6d1247c0ae7bfd9db09761
human_fma_medium_e1798f971a8367d8,30s,FMA,development,complete,computed,computed,eligible,eligible,unavailable_fewer_than_3_sections_or_downbeat_spans,fma_originals_explicit_license_v1/audio/human_fma_medium_e1798f971a8367d8.mp3,1bee1265384dc069ad6d1247c0ae7bfd9db09761
human_fma_medium_e1a236369ca3a362,30s,FMA,development,complete,computed,computed,eligible,eligible,unavailable_fewer_than_3_sections_or_downbeat_spans,fma_originals_explicit_license_v1/audio/human_fma_medium_e1a236369ca3a362.mp3,1bee1265384dc069ad6d1247c0ae7bfd9db09761
human_fma_medium_e25716fbf89c2478,30s,FMA,development,complete,computed,computed,eligible,eligible,eligible,,
human_fma_medium_e25a46918ac56ce1,30s,FMA,development,complete,computed,computed,eligible,eligible,unavailable_fewer_than_3_sections_or_downbeat_spans,fma_originals_explicit_license_v1/audio/human_fma_medium_e25a46918ac56ce1.mp3,1bee1265384dc069ad6d1247c0ae7bfd9db09761
human_fma_medium_e2c8069a75633982,30s,FMA,development,complete,computed,computed,eligible,eligible,unavailable_fewer_than_3_sections_or_downbeat_spans,fma_originals_explicit_license_v1/audio/human_fma_medium_e2c8069a75633982.mp3,1bee1265384dc069ad6d1247c0ae7bfd9db09761
human_fma_medium_e2ff51ced13ab583,30s,FMA,development,complete,computed,computed,eligible,eligible,unavailable_fewer_than_3_sections_or_downbeat_spans,fma_originals_explicit_license_v1/audio/human_fma_medium_e2ff51ced13ab583.mp3,1bee1265384dc069ad6d1247c0ae7bfd9db09761
human_fma_medium_e468b77e97678fd9,30s,FMA,locked,complete,computed,computed,eligible,eligible,unavailable_fewer_than_3_sections_or_downbeat_spans,fma_originals_explicit_license_v1/audio/human_fma_medium_e468b77e97678fd9.mp3,1bee1265384dc069ad6d1247c0ae7bfd9db09761
human_fma_medium_e5879abe176e0bb2,30s,FMA,locked,complete,computed,computed,eligible,eligible,unavailable_fewer_than_3_sections_or_downbeat_spans,,
human_fma_medium_e599868aa07c5e12,30s,FMA,development,complete,computed,computed,eligible,eligible,unavailable_fewer_than_3_sections_or_downbeat_spans,fma_originals_explicit_license_v1/audio/human_fma_medium_e599868aa07c5e12.mp3,1bee1265384dc069ad6d1247c0ae7bfd9db09761
human_fma_medium_e6c4bf70e6636f26,30s,FMA,development,complete,computed,computed,eligible,eligible,eligible,fma_originals_explicit_license_v1/audio/human_fma_medium_e6c4bf70e6636f26.mp3,1bee1265384dc069ad6d1247c0ae7bfd9db09761
human_fma_medium_e6cc2e978ae99e0a,30s,FMA,locked,complete,computed,computed,eligible,eligible,unavailable_fewer_than_3_sections_or_downbeat_spans,fma_originals_explicit_license_v1/audio/human_fma_medium_e6cc2e978ae99e0a.mp3,1bee1265384dc069ad6d1247c0ae7bfd9db09761
human_fma_medium_e7b8ec73efd115d0,30s,FMA,development,complete,computed,computed,eligible,eligible,unavailable_fewer_than_3_sections_or_downbeat_spans,fma_originals_explicit_license_v1/audio/human_fma_medium_e7b8ec73efd115d0.mp3,1bee1265384dc069ad6d1247c0ae7bfd9db09761
human_fma_medium_e7e10fc8fb0e4025,30s,FMA,development,complete,computed,computed,eligible,eligible,unavailable_fewer_than_3_sections_or_downbeat_spans,,
human_fma_medium_e8dd130fcf0ff77e,30s,FMA,development,complete,computed,computed,eligible,eligible,eligible,,
human_fma_medium_e9f58b10fac4eb4b,30s,FMA,locked,complete,computed,computed,eligible,eligible,unavailable_fewer_than_3_sections_or_downbeat_spans,fma_originals_explicit_license_v1/audio/human_fma_medium_e9f58b10fac4eb4b.mp3,1bee1265384dc069ad6d1247c0ae7bfd9db09761
human_fma_medium_ebb99f897ae6275f,30s,FMA,development,complete,computed,computed,eligible,unavailable_fewer_than_16_beats_or_invalid_intervals,eligible,,
human_fma_medium_ec824e160c777e93,30s,FMA,locked,complete,computed,computed,eligible,eligible,unavailable_fewer_than_3_sections_or_downbeat_spans,fma_originals_explicit_license_v1/audio/human_fma_medium_ec824e160c777e93.mp3,1bee1265384dc069ad6d1247c0ae7bfd9db09761
human_fma_medium_ed1721e27a02964a,30s,FMA,development,complete,computed,computed,eligible,eligible,unavailable_fewer_than_3_sections_or_downbeat_spans,fma_originals_explicit_license_v1/audio/human_fma_medium_ed1721e27a02964a.mp3,1bee1265384dc069ad6d1247c0ae7bfd9db09761
human_fma_medium_ed3fdd7dce9b0bae,30s,FMA,development,complete,computed,computed,eligible,eligible,unavailable_fewer_than_3_sections_or_downbeat_spans,fma_originals_explicit_license_v1/audio/human_fma_medium_ed3fdd7dce9b0bae.mp3,1bee1265384dc069ad6d1247c0ae7bfd9db09761
human_fma_medium_ede6d7d9fdeb4a3a,30s,FMA,development,complete,computed,computed,eligible,unavailable_fewer_than_16_beats_or_invalid_intervals,unavailable_fewer_than_3_sections_or_downbeat_spans,fma_originals_explicit_license_v1/audio/human_fma_medium_ede6d7d9fdeb4a3a.mp3,1bee1265384dc069ad6d1247c0ae7bfd9db09761
human_fma_medium_ef10e2bdc89c4838,30s,FMA,development,complete,computed,computed,eligible,eligible,unavailable_fewer_than_3_sections_or_downbeat_spans,fma_originals_explicit_license_v1/audio/human_fma_medium_ef10e2bdc89c4838.mp3,1bee1265384dc069ad6d1247c0ae7bfd9db09761
human_fma_medium_f04e58cb50b0d8d5,30s,FMA,development,complete,computed,computed,eligible,eligible,eligible,fma_originals_explicit_license_v1/audio/human_fma_medium_f04e58cb50b0d8d5.mp3,1bee1265384dc069ad6d1247c0ae7bfd9db09761
human_fma_medium_f09e5bc025cb8be5,30s,FMA,development,complete,computed,computed,eligible,eligible,unavailable_fewer_than_3_sections_or_downbeat_spans,fma_originals_explicit_license_v1/audio/human_fma_medium_f09e5bc025cb8be5.mp3,1bee1265384dc069ad6d1247c0ae7bfd9db09761
human_fma_medium_f0e0db1bd2f928b2,30s,FMA,development,complete,computed,computed,eligible,eligible,unavailable_fewer_than_3_sections_or_downbeat_spans,fma_originals_explicit_license_v1/audio/human_fma_medium_f0e0db1bd2f928b2.mp3,1bee1265384dc069ad6d1247c0ae7bfd9db09761
human_fma_medium_f136c4527a7a9737,30s,FMA,development,complete,computed,computed,eligible,eligible,unavailable_fewer_than_3_sections_or_downbeat_spans,fma_originals_explicit_license_v1/audio/human_fma_medium_f136c4527a7a9737.mp3,1bee1265384dc069ad6d1247c0ae7bfd9db09761
human_fma_medium_f16b7665af18edc6,30s,FMA,locked,complete,computed,computed,eligible,eligible,unavailable_fewer_than_3_sections_or_downbeat_spans,fma_originals_explicit_license_v1/audio/human_fma_medium_f16b7665af18edc6.mp3,1bee1265384dc069ad6d1247c0ae7bfd9db09761
human_fma_medium_f1e5c846f960c3cd,30s,FMA,locked,complete,computed,computed,eligible,unavailable_fewer_than_16_beats_or_invalid_intervals,unavailable_fewer_than_3_sections_or_downbeat_spans,fma_originals_explicit_license_v1/audio/human_fma_medium_f1e5c846f960c3cd.mp3,1bee1265384dc069ad6d1247c0ae7bfd9db09761
human_fma_medium_f1f25830afa3a247,30s,FMA,development,complete,computed,computed,eligible,eligible,eligible,fma_originals_explicit_license_v1/audio/human_fma_medium_f1f25830afa3a247.mp3,1bee1265384dc069ad6d1247c0ae7bfd9db09761
human_fma_medium_f212cab31354a9da,30s,FMA,development,complete,computed,computed,eligible,eligible,eligible,fma_originals_explicit_license_v1/audio/human_fma_medium_f212cab31354a9da.mp3,1bee1265384dc069ad6d1247c0ae7bfd9db09761
human_fma_medium_f221952739ee7fbd,30s,FMA,development,complete,computed,computed,eligible,eligible,unavailable_fewer_than_3_sections_or_downbeat_spans,,
human_fma_medium_f303645ac72f8443,30s,FMA,development,complete,computed,computed,eligible,eligible,eligible,,
human_fma_medium_f34adedc814830fd,30s,FMA,development,complete,computed,computed,eligible,eligible,eligible,fma_originals_explicit_license_v1/audio/human_fma_medium_f34adedc814830fd.mp3,1bee1265384dc069ad6d1247c0ae7bfd9db09761
human_fma_medium_f408914d6a3d2219,30s,FMA,development,complete,computed,computed,eligible,eligible,eligible,fma_originals_explicit_license_v1/audio/human_fma_medium_f408914d6a3d2219.mp3,1bee1265384dc069ad6d1247c0ae7bfd9db09761
human_fma_medium_f4289c85778fea79,30s,FMA,locked,complete,computed,computed,eligible,eligible,unavailable_fewer_than_3_sections_or_downbeat_spans,,
human_fma_medium_f4962fe496691606,30s,FMA,locked,complete,computed,computed,eligible,eligible,unavailable_fewer_than_3_sections_or_downbeat_spans,fma_originals_explicit_license_v1/audio/human_fma_medium_f4962fe496691606.mp3,1bee1265384dc069ad6d1247c0ae7bfd9db09761
human_fma_medium_f4e24eff7395c99b,30s,FMA,development,complete,computed,computed,eligible,eligible,unavailable_fewer_than_3_sections_or_downbeat_spans,,
human_fma_medium_f4f5097939ca6cd2,30s,FMA,locked,complete,computed,computed,eligible,eligible,eligible,fma_originals_explicit_license_v1/audio/human_fma_medium_f4f5097939ca6cd2.mp3,1bee1265384dc069ad6d1247c0ae7bfd9db09761
human_fma_medium_f526c36284b76be9,30s,FMA,locked,complete,computed,computed,eligible,unavailable_fewer_than_16_beats_or_invalid_intervals,unavailable_fewer_than_3_sections_or_downbeat_spans,fma_originals_explicit_license_v1/audio/human_fma_medium_f526c36284b76be9.mp3,1bee1265384dc069ad6d1247c0ae7bfd9db09761
human_fma_medium_f5580fe6a6ba0be0,30s,FMA,development,complete,computed,computed,eligible,eligible,unavailable_fewer_than_3_sections_or_downbeat_spans,,
human_fma_medium_f5b5b67a541f1c0e,30s,FMA,development,complete,computed,computed,eligible,eligible,unavailable_fewer_than_3_sections_or_downbeat_spans,fma_originals_explicit_license_v1/audio/human_fma_medium_f5b5b67a541f1c0e.mp3,1bee1265384dc069ad6d1247c0ae7bfd9db09761
human_fma_medium_f672bd03fb511023,30s,FMA,development,complete,computed,computed,eligible,eligible,eligible,fma_originals_explicit_license_v1/audio/human_fma_medium_f672bd03fb511023.mp3,1bee1265384dc069ad6d1247c0ae7bfd9db09761
human_fma_medium_f69399cef0868c26,30s,FMA,development,complete,computed,computed,eligible,eligible,unavailable_fewer_than_3_sections_or_downbeat_spans,fma_originals_explicit_license_v1/audio/human_fma_medium_f69399cef0868c26.mp3,1bee1265384dc069ad6d1247c0ae7bfd9db09761
human_fma_medium_f6c5005aa57ed19d,30s,FMA,development,complete,computed,computed,eligible,eligible,unavailable_fewer_than_3_sections_or_downbeat_spans,fma_originals_explicit_license_v1/audio/human_fma_medium_f6c5005aa57ed19d.mp3,1bee1265384dc069ad6d1247c0ae7bfd9db09761
human_fma_medium_f7263a85236e37f9,30s,FMA,locked,complete,computed,computed,eligible,eligible,unavailable_fewer_than_3_sections_or_downbeat_spans,,
human_fma_medium_f7330e8e04557914,30s,FMA,development,complete,computed,computed,eligible,eligible,unavailable_fewer_than_3_sections_or_downbeat_spans,fma_originals_explicit_license_v1/audio/human_fma_medium_f7330e8e04557914.mp3,1bee1265384dc069ad6d1247c0ae7bfd9db09761
human_fma_medium_f73b9a7075ae4723,30s,FMA,development,complete,computed,computed,eligible,eligible,unavailable_fewer_than_3_sections_or_downbeat_spans,fma_originals_explicit_license_v1/audio/human_fma_medium_f73b9a7075ae4723.mp3,1bee1265384dc069ad6d1247c0ae7bfd9db09761
human_fma_medium_f77a1a5669633093,30s,FMA,development,complete,computed,computed,eligible,eligible,eligible,fma_originals_explicit_license_v1/audio/human_fma_medium_f77a1a5669633093.mp3,1bee1265384dc069ad6d1247c0ae7bfd9db09761
human_fma_medium_f77c656b382b18f1,30s,FMA,locked,complete,computed,computed,eligible,eligible,unavailable_fewer_than_3_sections_or_downbeat_spans,fma_originals_explicit_license_v1/audio/human_fma_medium_f77c656b382b18f1.mp3,1bee1265384dc069ad6d1247c0ae7bfd9db09761
human_fma_medium_f85a65dc04d9856f,30s,FMA,locked,complete,computed,computed,eligible,eligible,eligible,fma_originals_explicit_license_v1/audio/human_fma_medium_f85a65dc04d9856f.mp3,1bee1265384dc069ad6d1247c0ae7bfd9db09761
human_fma_medium_f8b8751a2f095250,30s,FMA,development,complete,computed,computed,eligible,eligible,unavailable_fewer_than_3_sections_or_downbeat_spans,fma_originals_explicit_license_v1/audio/human_fma_medium_f8b8751a2f095250.mp3,1bee1265384dc069ad6d1247c0ae7bfd9db09761
human_fma_medium_f95d750c14794019,30s,FMA,development,complete,computed,computed,eligible,eligible,unavailable_fewer_than_3_sections_or_downbeat_spans,fma_originals_explicit_license_v1/audio/human_fma_medium_f95d750c14794019.mp3,1bee1265384dc069ad6d1247c0ae7bfd9db09761
human_fma_medium_f99ee8593f25ac7b,30s,FMA,locked,complete,computed,computed,eligible,eligible,unavailable_fewer_than_3_sections_or_downbeat_spans,fma_originals_explicit_license_v1/audio/human_fma_medium_f99ee8593f25ac7b.mp3,1bee1265384dc069ad6d1247c0ae7bfd9db09761
human_fma_medium_fa3ad561988d197b,30s,FMA,development,complete,computed,computed,eligible,eligible,unavailable_fewer_than_3_sections_or_downbeat_spans,fma_originals_explicit_license_v1/audio/human_fma_medium_fa3ad561988d197b.mp3,1bee1265384dc069ad6d1247c0ae7bfd9db09761
human_fma_medium_fb49a5947170e294,30s,FMA,development,complete,computed,computed,eligible,eligible,unavailable_fewer_than_3_sections_or_downbeat_spans,,
human_fma_medium_fb789e868ddd45df,30s,FMA,development,complete,computed,computed,eligible,eligible,unavailable_fewer_than_3_sections_or_downbeat_spans,fma_originals_explicit_license_v1/audio/human_fma_medium_fb789e868ddd45df.mp3,1bee1265384dc069ad6d1247c0ae7bfd9db09761
human_fma_medium_fbfe652d03b336cd,30s,FMA,development,complete,computed,computed,eligible,eligible,eligible,,
human_fma_medium_fbfe81778eb91c20,30s,FMA,development,complete,computed,computed,eligible,eligible,unavailable_fewer_than_3_sections_or_downbeat_spans,fma_originals_explicit_license_v1/audio/human_fma_medium_fbfe81778eb91c20.mp3,1bee1265384dc069ad6d1247c0ae7bfd9db09761
human_fma_medium_fc0a464f096ac01a,30s,FMA,development,complete,computed,computed,eligible,eligible,unavailable_fewer_than_3_sections_or_downbeat_spans,fma_originals_explicit_license_v1/audio/human_fma_medium_fc0a464f096ac01a.mp3,1bee1265384dc069ad6d1247c0ae7bfd9db09761
human_fma_medium_fc28ed314ced855d,30s,FMA,locked,complete,computed,computed,eligible,eligible,unavailable_fewer_than_3_sections_or_downbeat_spans,,
human_fma_medium_fc6fb00a9853f92f,30s,FMA,development,complete,computed,computed,eligible,eligible,unavailable_fewer_than_3_sections_or_downbeat_spans,,
human_fma_medium_fda25286dd99ca18,30s,FMA,development,complete,computed,computed,eligible,eligible,unavailable_fewer_than_3_sections_or_downbeat_spans,fma_originals_explicit_license_v1/audio/human_fma_medium_fda25286dd99ca18.mp3,1bee1265384dc069ad6d1247c0ae7bfd9db09761
human_fma_medium_feb02f0312f9d5ac,30s,FMA,development,complete,computed,computed,eligible,eligible,eligible,fma_originals_explicit_license_v1/audio/human_fma_medium_feb02f0312f9d5ac.mp3,1bee1265384dc069ad6d1247c0ae7bfd9db09761
human_fma_medium_fee1d1b14cb3fbb7,30s,FMA,development,complete,computed,computed,eligible,unavailable_fewer_than_16_beats_or_invalid_intervals,unavailable_fewer_than_3_sections_or_downbeat_spans,fma_originals_explicit_license_v1/audio/human_fma_medium_fee1d1b14cb3fbb7.mp3,1bee1265384dc069ad6d1247c0ae7bfd9db09761
human_fma_medium_ff28a486c67119e4,30s,FMA,development,complete,computed,computed,eligible,unavailable_fewer_than_16_beats_or_invalid_intervals,unavailable_fewer_than_3_sections_or_downbeat_spans,fma_originals_explicit_license_v1/audio/human_fma_medium_ff28a486c67119e4.mp3,1bee1265384dc069ad6d1247c0ae7bfd9db09761
human_fma_medium_ffa3eb875fa296a0,30s,FMA,development,complete,computed,computed,eligible,eligible,eligible,fma_originals_explicit_license_v1/audio/human_fma_medium_ffa3eb875fa296a0.mp3,1bee1265384dc069ad6d1247c0ae7bfd9db09761
human_fma_medium_ffd394637b2bbb48,30s,FMA,locked,complete,computed,computed,eligible,eligible,unavailable_fewer_than_3_sections_or_downbeat_spans,fma_originals_explicit_license_v1/audio/human_fma_medium_ffd394637b2bbb48.mp3,1bee1265384dc069ad6d1247c0ae7bfd9db09761
human_fma_medium_ffe3be17181c3bc7,30s,FMA,development,complete,computed,computed,eligible,eligible,eligible,fma_originals_explicit_license_v1/audio/human_fma_medium_ffe3be17181c3bc7.mp3,1bee1265384dc069ad6d1247c0ae7bfd9db09761
human_fma_medium_fff7f25b8703ad6f,30s,FMA,development,complete,computed,computed,eligible,eligible,unavailable_fewer_than_3_sections_or_downbeat_spans,,
ai_heartmula_muse_cn_suno_cn_000107_1,30s,HeartMuLa,development,complete,computed,computed,eligible,eligible,unavailable_fewer_than_3_sections_or_downbeat_spans,,
ai_heartmula_muse_cn_suno_cn_000134_1,30s,HeartMuLa,development,complete,computed,computed,eligible,eligible,unavailable_fewer_than_3_sections_or_downbeat_spans,,
ai_heartmula_muse_cn_suno_cn_000244_1,30s,HeartMuLa,locked,complete,computed,computed,eligible,eligible,unavailable_fewer_than_3_sections_or_downbeat_spans,,
ai_heartmula_muse_cn_suno_cn_000268_1,30s,HeartMuLa,development,complete,computed,computed,eligible,eligible,unavailable_fewer_than_3_sections_or_downbeat_spans,,
ai_heartmula_muse_cn_suno_cn_000394_1,30s,HeartMuLa,development,complete,computed,computed,eligible,eligible,unavailable_fewer_than_3_sections_or_downbeat_spans,,
ai_heartmula_muse_cn_suno_cn_000484_0,30s,HeartMuLa,development,complete,computed,computed,eligible,eligible,unavailable_fewer_than_3_sections_or_downbeat_spans,,
ai_heartmula_muse_cn_suno_cn_000585_1,30s,HeartMuLa,development,complete,computed,computed,eligible,eligible,unavailable_fewer_than_3_sections_or_downbeat_spans,,
ai_heartmula_muse_cn_suno_cn_000676_0,30s,HeartMuLa,development,complete,computed,computed,eligible,eligible,eligible,,
ai_heartmula_muse_cn_suno_cn_000679_1,30s,HeartMuLa,development,complete,computed,computed,eligible,eligible,unavailable_fewer_than_3_sections_or_downbeat_spans,,
ai_heartmula_muse_cn_suno_cn_000877_0,30s,HeartMuLa,locked,complete,computed,computed,eligible,eligible,eligible,,
ai_heartmula_muse_cn_suno_cn_000896_0,30s,HeartMuLa,development,complete,computed,computed,eligible,eligible,unavailable_fewer_than_3_sections_or_downbeat_spans,,
ai_heartmula_muse_cn_suno_cn_000942_1,30s,HeartMuLa,locked,complete,computed,computed,eligible,eligible,unavailable_fewer_than_3_sections_or_downbeat_spans,,
ai_heartmula_muse_cn_suno_cn_000955_0,30s,HeartMuLa,development,complete,computed,computed,eligible,eligible,unavailable_fewer_than_3_sections_or_downbeat_spans,,
ai_heartmula_muse_cn_suno_cn_001149_0,30s,HeartMuLa,development,complete,computed,computed,eligible,eligible,unavailable_fewer_than_3_sections_or_downbeat_spans,,
ai_heartmula_muse_cn_suno_cn_001191_0,30s,HeartMuLa,development,complete,computed,computed,eligible,eligible,eligible,,
ai_heartmula_muse_cn_suno_cn_001199_1,30s,HeartMuLa,locked,complete,computed,computed,eligible,eligible,unavailable_fewer_than_3_sections_or_downbeat_spans,,
ai_heartmula_muse_cn_suno_cn_001270_0,30s,HeartMuLa,development,complete,computed,computed,eligible,eligible,unavailable_fewer_than_3_sections_or_downbeat_spans,,
ai_heartmula_muse_cn_suno_cn_001353_1,30s,HeartMuLa,development,complete,computed,computed,eligible,eligible,unavailable_fewer_than_3_sections_or_downbeat_spans,,
ai_heartmula_muse_cn_suno_cn_001690_1,30s,HeartMuLa,development,complete,computed,computed,eligible,eligible,unavailable_fewer_than_3_sections_or_downbeat_spans,,
ai_heartmula_muse_cn_suno_cn_001808_0,30s,HeartMuLa,development,complete,computed,computed,eligible,eligible,eligible,,
ai_heartmula_muse_cn_suno_cn_002111_0,30s,HeartMuLa,locked,complete,computed,computed,eligible,eligible,eligible,,
ai_heartmula_muse_cn_suno_cn_002120_0,30s,HeartMuLa,development,complete,computed,computed,eligible,eligible,eligible,,
ai_heartmula_muse_cn_suno_cn_002130_1,30s,HeartMuLa,development,complete,computed,computed,eligible,eligible,unavailable_fewer_than_3_sections_or_downbeat_spans,,
ai_heartmula_muse_cn_suno_cn_002228_0,30s,HeartMuLa,development,complete,computed,computed,eligible,eligible,unavailable_fewer_than_3_sections_or_downbeat_spans,,
ai_heartmula_muse_cn_suno_cn_002440_1,30s,HeartMuLa,development,complete,computed,computed,eligible,eligible,eligible,,
ai_heartmula_muse_cn_suno_cn_002516_1,30s,HeartMuLa,development,complete,computed,computed,eligible,eligible,unavailable_fewer_than_3_sections_or_downbeat_spans,,
ai_heartmula_muse_cn_suno_cn_002585_1,30s,HeartMuLa,development,complete,computed,computed,eligible,eligible,unavailable_fewer_than_3_sections_or_downbeat_spans,,
ai_heartmula_muse_cn_suno_cn_002619_1,30s,HeartMuLa,development,complete,computed,computed,eligible,eligible,unavailable_fewer_than_3_sections_or_downbeat_spans,,
ai_heartmula_muse_cn_suno_cn_002660_0,30s,HeartMuLa,development,complete,computed,computed,eligible,eligible,unavailable_fewer_than_3_sections_or_downbeat_spans,,
ai_heartmula_muse_cn_suno_cn_002718_0,30s,HeartMuLa,development,complete,computed,computed,eligible,eligible,unavailable_fewer_than_3_sections_or_downbeat_spans,,
ai_heartmula_muse_cn_suno_cn_002958_0,30s,HeartMuLa,development,complete,computed,computed,eligible,eligible,unavailable_fewer_than_3_sections_or_downbeat_spans,,
ai_heartmula_muse_cn_suno_cn_003042_0,30s,HeartMuLa,development,complete,computed,computed,eligible,eligible,unavailable_fewer_than_3_sections_or_downbeat_spans,,
ai_heartmula_muse_cn_suno_cn_003122_0,30s,HeartMuLa,locked,complete,computed,computed,eligible,eligible,unavailable_fewer_than_3_sections_or_downbeat_spans,,
ai_heartmula_muse_cn_suno_cn_003137_1,30s,HeartMuLa,development,complete,computed,computed,eligible,eligible,unavailable_fewer_than_3_sections_or_downbeat_spans,,
ai_heartmula_muse_cn_suno_cn_003251_0,30s,HeartMuLa,development,complete,computed,computed,eligible,eligible,unavailable_fewer_than_3_sections_or_downbeat_spans,,
ai_heartmula_muse_cn_suno_cn_003278_1,30s,HeartMuLa,development,complete,computed,computed,eligible,eligible,unavailable_fewer_than_3_sections_or_downbeat_spans,,
ai_heartmula_muse_cn_suno_cn_003299_0,30s,HeartMuLa,development,complete,computed,computed,eligible,eligible,unavailable_fewer_than_3_sections_or_downbeat_spans,,
ai_heartmula_muse_cn_suno_cn_003559_0,30s,HeartMuLa,development,complete,computed,computed,eligible,eligible,unavailable_fewer_than_3_sections_or_downbeat_spans,,
ai_heartmula_muse_cn_suno_cn_003766_1,30s,HeartMuLa,development,complete,computed,computed,eligible,eligible,eligible,,
ai_heartmula_muse_cn_suno_cn_003884_0,30s,HeartMuLa,development,complete,computed,computed,eligible,eligible,eligible,,
ai_heartmula_muse_cn_suno_cn_004044_0,30s,HeartMuLa,development,complete,computed,computed,eligible,eligible,unavailable_fewer_than_3_sections_or_downbeat_spans,,
ai_heartmula_muse_cn_suno_cn_004068_1,30s,HeartMuLa,development,complete,computed,computed,eligible,eligible,unavailable_fewer_than_3_sections_or_downbeat_spans,,
ai_heartmula_muse_cn_suno_cn_004138_0,30s,HeartMuLa,development,complete,computed,computed,eligible,eligible,unavailable_fewer_than_3_sections_or_downbeat_spans,,
ai_heartmula_muse_cn_suno_cn_004405_1,30s,HeartMuLa,development,complete,computed,computed,eligible,eligible,unavailable_fewer_than_3_sections_or_downbeat_spans,,
ai_heartmula_muse_cn_suno_cn_004485_1,30s,HeartMuLa,development,complete,computed,computed,eligible,eligible,unavailable_fewer_than_3_sections_or_downbeat_spans,,
ai_heartmula_muse_cn_suno_cn_004770_0,30s,HeartMuLa,development,complete,computed,computed,eligible,eligible,unavailable_fewer_than_3_sections_or_downbeat_spans,,
ai_heartmula_muse_cn_suno_cn_004806_1,30s,HeartMuLa,development,complete,computed,computed,eligible,eligible,eligible,,
ai_heartmula_muse_cn_suno_cn_004936_1,30s,HeartMuLa,development,complete,computed,computed,eligible,eligible,unavailable_fewer_than_3_sections_or_downbeat_spans,,
ai_heartmula_muse_cn_suno_cn_005005_1,30s,HeartMuLa,development,complete,computed,computed,eligible,eligible,unavailable_fewer_than_3_sections_or_downbeat_spans,,
ai_heartmula_muse_cn_suno_cn_005164_1,30s,HeartMuLa,development,complete,computed,computed,eligible,eligible,unavailable_fewer_than_3_sections_or_downbeat_spans,,
ai_heartmula_muse_cn_suno_cn_005322_1,30s,HeartMuLa,development,complete,computed,computed,eligible,eligible,unavailable_fewer_than_3_sections_or_downbeat_spans,,
ai_heartmula_muse_cn_suno_cn_005324_0,30s,HeartMuLa,development,complete,computed,computed,eligible,eligible,unavailable_fewer_than_3_sections_or_downbeat_spans,,
ai_heartmula_muse_cn_suno_cn_005351_0,30s,HeartMuLa,development,complete,computed,computed,eligible,eligible,unavailable_fewer_than_3_sections_or_downbeat_spans,,
ai_heartmula_muse_cn_suno_cn_005457_1,30s,HeartMuLa,locked,complete,computed,computed,eligible,eligible,unavailable_fewer_than_3_sections_or_downbeat_spans,,
ai_heartmula_muse_cn_suno_cn_005459_0,30s,HeartMuLa,development,complete,computed,computed,eligible,eligible,unavailable_fewer_than_3_sections_or_downbeat_spans,,
ai_heartmula_muse_cn_suno_cn_005537_1,30s,HeartMuLa,development,complete,computed,computed,eligible,eligible,unavailable_fewer_than_3_sections_or_downbeat_spans,,
ai_heartmula_muse_cn_suno_cn_005597_1,30s,HeartMuLa,development,complete,computed,computed,eligible,eligible,unavailable_fewer_than_3_sections_or_downbeat_spans,,
ai_heartmula_muse_cn_suno_cn_005832_0,30s,HeartMuLa,development,complete,computed,computed,eligible,eligible,unavailable_fewer_than_3_sections_or_downbeat_spans,,
ai_heartmula_muse_cn_suno_cn_005841_1,30s,HeartMuLa,development,complete,computed,computed,eligible,eligible,unavailable_fewer_than_3_sections_or_downbeat_spans,,
ai_heartmula_muse_cn_suno_cn_005844_0,30s,HeartMuLa,development,complete,computed,computed,eligible,eligible,unavailable_fewer_than_3_sections_or_downbeat_spans,,
ai_heartmula_muse_cn_suno_cn_005879_0,30s,HeartMuLa,development,complete,computed,computed,eligible,eligible,unavailable_fewer_than_3_sections_or_downbeat_spans,,
ai_heartmula_muse_cn_suno_cn_005897_1,30s,HeartMuLa,locked,complete,computed,computed,eligible,eligible,unavailable_fewer_than_3_sections_or_downbeat_spans,,
ai_heartmula_muse_cn_suno_cn_006023_1,30s,HeartMuLa,development,complete,computed,computed,eligible,eligible,unavailable_fewer_than_3_sections_or_downbeat_spans,,
ai_heartmula_muse_cn_suno_cn_006047_0,30s,HeartMuLa,development,complete,computed,computed,eligible,eligible,unavailable_fewer_than_3_sections_or_downbeat_spans,,
ai_heartmula_muse_cn_suno_cn_006115_0,30s,HeartMuLa,development,complete,computed,computed,eligible,eligible,unavailable_fewer_than_3_sections_or_downbeat_spans,,
ai_heartmula_muse_cn_suno_cn_006140_0,30s,HeartMuLa,development,complete,computed,computed,eligible,eligible,eligible,,
ai_heartmula_muse_cn_suno_cn_006142_0,30s,HeartMuLa,development,complete,computed,computed,eligible,eligible,unavailable_fewer_than_3_sections_or_downbeat_spans,,
ai_heartmula_muse_cn_suno_cn_006204_1,30s,HeartMuLa,development,complete,computed,computed,eligible,eligible,unavailable_fewer_than_3_sections_or_downbeat_spans,,
ai_heartmula_muse_cn_suno_cn_006670_1,30s,HeartMuLa,development,complete,computed,computed,eligible,eligible,unavailable_fewer_than_3_sections_or_downbeat_spans,,
ai_heartmula_muse_cn_suno_cn_006851_1,30s,HeartMuLa,development,complete,computed,computed,eligible,eligible,eligible,,
ai_heartmula_muse_cn_suno_cn_006985_0,30s,HeartMuLa,locked,complete,computed,computed,eligible,eligible,unavailable_fewer_than_3_sections_or_downbeat_spans,,
ai_heartmula_muse_cn_suno_cn_007242_0,30s,HeartMuLa,development,complete,computed,computed,eligible,eligible,unavailable_fewer_than_3_sections_or_downbeat_spans,,
ai_heartmula_muse_cn_suno_cn_007250_1,30s,HeartMuLa,development,complete,computed,computed,eligible,eligible,unavailable_fewer_than_3_sections_or_downbeat_spans,,
ai_heartmula_muse_cn_suno_cn_007265_1,30s,HeartMuLa,development,complete,computed,computed,eligible,eligible,unavailable_fewer_than_3_sections_or_downbeat_spans,,
ai_heartmula_muse_cn_suno_cn_007401_1,30s,HeartMuLa,development,complete,computed,computed,eligible,eligible,unavailable_fewer_than_3_sections_or_downbeat_spans,,
ai_heartmula_muse_cn_suno_cn_007831_1,30s,HeartMuLa,locked,complete,computed,computed,eligible,eligible,unavailable_fewer_than_3_sections_or_downbeat_spans,,
ai_heartmula_muse_cn_suno_cn_007990_0,30s,HeartMuLa,development,complete,computed,computed,eligible,eligible,unavailable_fewer_than_3_sections_or_downbeat_spans,,
ai_heartmula_muse_cn_suno_cn_008284_1,30s,HeartMuLa,locked,complete,computed,computed,eligible,eligible,unavailable_fewer_than_3_sections_or_downbeat_spans,,
ai_heartmula_muse_cn_suno_cn_008333_1,30s,HeartMuLa,locked,complete,computed,computed,eligible,eligible,unavailable_fewer_than_3_sections_or_downbeat_spans,,
ai_heartmula_muse_cn_suno_cn_008405_1,30s,HeartMuLa,development,complete,computed,computed,eligible,eligible,unavailable_fewer_than_3_sections_or_downbeat_spans,,
ai_heartmula_muse_cn_suno_cn_008426_0,30s,HeartMuLa,development,complete,computed,computed,eligible,eligible,unavailable_fewer_than_3_sections_or_downbeat_spans,,
ai_heartmula_muse_cn_suno_cn_008528_0,30s,HeartMuLa,development,complete,computed,computed,eligible,eligible,unavailable_fewer_than_3_sections_or_downbeat_spans,,
ai_heartmula_muse_cn_suno_cn_008555_0,30s,HeartMuLa,development,complete,computed,computed,eligible,eligible,eligible,,
ai_heartmula_muse_cn_suno_cn_008586_0,30s,HeartMuLa,locked,complete,computed,computed,eligible,eligible,unavailable_fewer_than_3_sections_or_downbeat_spans,,
ai_heartmula_muse_cn_suno_cn_008777_0,30s,HeartMuLa,development,complete,computed,computed,eligible,eligible,unavailable_fewer_than_3_sections_or_downbeat_spans,,
ai_heartmula_muse_cn_suno_cn_008836_1,30s,HeartMuLa,locked,complete,computed,computed,eligible,eligible,unavailable_fewer_than_3_sections_or_downbeat_spans,,
ai_heartmula_muse_cn_suno_cn_008947_0,30s,HeartMuLa,locked,complete,computed,computed,eligible,eligible,unavailable_fewer_than_3_sections_or_downbeat_spans,,
ai_heartmula_muse_cn_suno_cn_009034_0,30s,HeartMuLa,development,complete,computed,computed,eligible,eligible,unavailable_fewer_than_3_sections_or_downbeat_spans,,
ai_heartmula_muse_cn_suno_cn_009521_0,30s,HeartMuLa,development,complete,computed,computed,eligible,eligible,unavailable_fewer_than_3_sections_or_downbeat_spans,,
ai_heartmula_muse_cn_suno_cn_009697_0,30s,HeartMuLa,development,complete,computed,computed,eligible,eligible,unavailable_fewer_than_3_sections_or_downbeat_spans,,
ai_heartmula_muse_cn_suno_cn_009859_0,30s,HeartMuLa,development,complete,computed,computed,eligible,eligible,unavailable_fewer_than_3_sections_or_downbeat_spans,,
ai_heartmula_muse_cn_suno_cn_010120_1,30s,HeartMuLa,development,complete,computed,computed,eligible,eligible,unavailable_fewer_than_3_sections_or_downbeat_spans,,
ai_heartmula_muse_cn_suno_cn_010125_0,30s,HeartMuLa,locked,complete,computed,computed,eligible,eligible,unavailable_fewer_than_3_sections_or_downbeat_spans,,
ai_heartmula_muse_cn_suno_cn_010422_0,30s,HeartMuLa,development,complete,computed,computed,eligible,eligible,unavailable_fewer_than_3_sections_or_downbeat_spans,,
ai_heartmula_muse_cn_suno_cn_010426_1,30s,HeartMuLa,development,complete,computed,computed,eligible,eligible,eligible,,
ai_heartmula_muse_cn_suno_cn_010468_1,30s,HeartMuLa,development,complete,computed,computed,eligible,eligible,unavailable_fewer_than_3_sections_or_downbeat_spans,,
ai_heartmula_muse_cn_suno_cn_010720_0,30s,HeartMuLa,development,complete,computed,computed,eligible,eligible,unavailable_fewer_than_3_sections_or_downbeat_spans,,
ai_heartmula_muse_cn_suno_cn_010769_0,30s,HeartMuLa,development,complete,computed,computed,eligible,eligible,eligible,,
ai_heartmula_muse_cn_suno_cn_010854_0,30s,HeartMuLa,development,complete,computed,computed,eligible,eligible,unavailable_fewer_than_3_sections_or_downbeat_spans,,
ai_heartmula_muse_cn_suno_cn_010922_0,30s,HeartMuLa,development,complete,computed,computed,eligible,eligible,eligible,,
ai_heartmula_muse_cn_suno_cn_010968_1,30s,HeartMuLa,development,complete,computed,computed,eligible,eligible,eligible,,
ai_heartmula_muse_cn_suno_cn_010976_1,30s,HeartMuLa,development,complete,computed,computed,eligible,eligible,unavailable_fewer_than_3_sections_or_downbeat_spans,,
ai_heartmula_muse_cn_suno_cn_011091_0,30s,HeartMuLa,development,complete,computed,computed,eligible,eligible,unavailable_fewer_than_3_sections_or_downbeat_spans,,
ai_heartmula_muse_cn_suno_cn_011121_0,30s,HeartMuLa,locked,complete,computed,computed,eligible,eligible,unavailable_fewer_than_3_sections_or_downbeat_spans,,
ai_heartmula_muse_cn_suno_cn_011204_1,30s,HeartMuLa,development,complete,computed,computed,eligible,eligible,unavailable_fewer_than_3_sections_or_downbeat_spans,,
ai_heartmula_muse_cn_suno_cn_011299_0,30s,HeartMuLa,locked,complete,computed,computed,eligible,eligible,unavailable_fewer_than_3_sections_or_downbeat_spans,,
ai_heartmula_muse_cn_suno_cn_011498_1,30s,HeartMuLa,locked,complete,computed,computed,eligible,eligible,unavailable_fewer_than_3_sections_or_downbeat_spans,,
ai_heartmula_muse_cn_suno_cn_011610_0,30s,HeartMuLa,development,complete,computed,computed,eligible,eligible,unavailable_fewer_than_3_sections_or_downbeat_spans,,
ai_heartmula_muse_cn_suno_cn_011638_1,30s,HeartMuLa,development,complete,computed,computed,eligible,eligible,unavailable_fewer_than_3_sections_or_downbeat_spans,,
ai_heartmula_muse_cn_suno_cn_011839_1,30s,HeartMuLa,locked,complete,computed,computed,eligible,eligible,unavailable_fewer_than_3_sections_or_downbeat_spans,,
ai_heartmula_muse_cn_suno_cn_011869_0,30s,HeartMuLa,development,complete,computed,computed,eligible,eligible,unavailable_fewer_than_3_sections_or_downbeat_spans,,
ai_heartmula_muse_cn_suno_cn_011912_1,30s,HeartMuLa,locked,complete,computed,computed,eligible,eligible,unavailable_fewer_than_3_sections_or_downbeat_spans,,
ai_heartmula_muse_cn_suno_cn_012107_1,30s,HeartMuLa,development,complete,computed,computed,eligible,eligible,eligible,,
ai_heartmula_muse_cn_suno_cn_012177_0,30s,HeartMuLa,development,complete,computed,computed,eligible,eligible,unavailable_fewer_than_3_sections_or_downbeat_spans,,
ai_heartmula_muse_cn_suno_cn_012498_0,30s,HeartMuLa,development,complete,computed,computed,eligible,eligible,unavailable_fewer_than_3_sections_or_downbeat_spans,,
ai_heartmula_muse_cn_suno_cn_012526_0,30s,HeartMuLa,locked,complete,computed,computed,eligible,eligible,unavailable_fewer_than_3_sections_or_downbeat_spans,,
ai_heartmula_muse_cn_suno_cn_012705_0,30s,HeartMuLa,development,complete,computed,computed,eligible,eligible,unavailable_fewer_than_3_sections_or_downbeat_spans,,
ai_heartmula_muse_cn_suno_cn_012899_1,30s,HeartMuLa,development,complete,computed,computed,eligible,eligible,unavailable_fewer_than_3_sections_or_downbeat_spans,,
ai_heartmula_muse_cn_suno_cn_012967_1,30s,HeartMuLa,development,complete,computed,computed,eligible,eligible,unavailable_fewer_than_3_sections_or_downbeat_spans,,
ai_heartmula_muse_cn_suno_cn_013167_0,30s,HeartMuLa,development,complete,computed,computed,eligible,eligible,unavailable_fewer_than_3_sections_or_downbeat_spans,,
ai_heartmula_muse_cn_suno_cn_013209_1,30s,HeartMuLa,development,complete,computed,computed,eligible,eligible,unavailable_fewer_than_3_sections_or_downbeat_spans,,
ai_heartmula_muse_cn_suno_cn_013730_1,30s,HeartMuLa,locked,complete,computed,computed,eligible,eligible,unavailable_fewer_than_3_sections_or_downbeat_spans,,
ai_heartmula_muse_cn_suno_cn_013771_1,30s,HeartMuLa,development,complete,computed,computed,eligible,eligible,unavailable_fewer_than_3_sections_or_downbeat_spans,,
ai_heartmula_muse_cn_suno_cn_013851_1,30s,HeartMuLa,development,complete,computed,computed,eligible,eligible,unavailable_fewer_than_3_sections_or_downbeat_spans,,
ai_heartmula_muse_cn_suno_cn_014281_1,30s,HeartMuLa,locked,complete,computed,computed,eligible,eligible,unavailable_fewer_than_3_sections_or_downbeat_spans,,
ai_heartmula_muse_cn_suno_cn_014378_1,30s,HeartMuLa,development,complete,computed,computed,eligible,eligible,unavailable_fewer_than_3_sections_or_downbeat_spans,,
ai_heartmula_muse_cn_suno_cn_014403_0,30s,HeartMuLa,locked,complete,computed,computed,eligible,eligible,unavailable_fewer_than_3_sections_or_downbeat_spans,,
ai_heartmula_muse_cn_suno_cn_014722_0,30s,HeartMuLa,development,complete,computed,computed,eligible,eligible,eligible,,
ai_heartmula_muse_cn_suno_cn_014780_1,30s,HeartMuLa,development,complete,computed,computed,eligible,eligible,eligible,,
ai_heartmula_muse_cn_suno_cn_014859_1,30s,HeartMuLa,locked,complete,computed,computed,eligible,eligible,unavailable_fewer_than_3_sections_or_downbeat_spans,,
ai_heartmula_muse_cn_suno_cn_014976_0,30s,HeartMuLa,development,complete,computed,computed,eligible,eligible,unavailable_fewer_than_3_sections_or_downbeat_spans,,
ai_heartmula_muse_cn_suno_cn_015082_1,30s,HeartMuLa,locked,complete,computed,computed,eligible,eligible,eligible,,
ai_heartmula_muse_cn_suno_cn_015187_1,30s,HeartMuLa,development,complete,computed,computed,eligible,eligible,unavailable_fewer_than_3_sections_or_downbeat_spans,,
ai_heartmula_muse_cn_suno_cn_015622_0,30s,HeartMuLa,development,complete,computed,computed,eligible,eligible,unavailable_fewer_than_3_sections_or_downbeat_spans,,
ai_heartmula_muse_cn_suno_cn_015652_0,30s,HeartMuLa,development,complete,computed,computed,eligible,eligible,unavailable_fewer_than_3_sections_or_downbeat_spans,,
ai_heartmula_muse_cn_suno_cn_015840_1,30s,HeartMuLa,development,complete,computed,computed,eligible,eligible,unavailable_fewer_than_3_sections_or_downbeat_spans,,
ai_heartmula_muse_cn_suno_cn_015869_0,30s,HeartMuLa,development,complete,computed,computed,eligible,eligible,unavailable_fewer_than_3_sections_or_downbeat_spans,,
ai_heartmula_muse_cn_suno_cn_015906_0,30s,HeartMuLa,development,complete,computed,computed,eligible,eligible,unavailable_fewer_than_3_sections_or_downbeat_spans,,
ai_heartmula_muse_cn_suno_cn_016011_0,30s,HeartMuLa,development,complete,computed,computed,eligible,eligible,unavailable_fewer_than_3_sections_or_downbeat_spans,,
ai_heartmula_muse_cn_suno_cn_016186_1,30s,HeartMuLa,development,complete,computed,computed,eligible,eligible,unavailable_fewer_than_3_sections_or_downbeat_spans,,
ai_heartmula_muse_cn_suno_cn_016201_1,30s,HeartMuLa,development,complete,computed,computed,eligible,eligible,unavailable_fewer_than_3_sections_or_downbeat_spans,,
ai_heartmula_muse_cn_suno_cn_016541_1,30s,HeartMuLa,development,complete,computed,computed,eligible,eligible,unavailable_fewer_than_3_sections_or_downbeat_spans,,
ai_heartmula_muse_cn_suno_cn_016564_1,30s,HeartMuLa,development,complete,computed,computed,eligible,eligible,unavailable_fewer_than_3_sections_or_downbeat_spans,,
ai_heartmula_muse_cn_suno_cn_016867_1,30s,HeartMuLa,locked,complete,computed,computed,eligible,eligible,unavailable_fewer_than_3_sections_or_downbeat_spans,,
ai_heartmula_muse_cn_suno_cn_017217_1,30s,HeartMuLa,development,complete,computed,computed,eligible,eligible,unavailable_fewer_than_3_sections_or_downbeat_spans,,
ai_heartmula_muse_cn_suno_cn_017255_0,30s,HeartMuLa,locked,complete,computed,computed,eligible,eligible,unavailable_fewer_than_3_sections_or_downbeat_spans,,
ai_heartmula_muse_cn_suno_cn_017373_0,30s,HeartMuLa,development,complete,computed,computed,eligible,eligible,unavailable_fewer_than_3_sections_or_downbeat_spans,,
ai_heartmula_muse_cn_suno_cn_017486_0,30s,HeartMuLa,development,complete,computed,computed,eligible,eligible,unavailable_fewer_than_3_sections_or_downbeat_spans,,
ai_heartmula_muse_cn_suno_cn_017531_0,30s,HeartMuLa,development,complete,computed,computed,eligible,eligible,unavailable_fewer_than_3_sections_or_downbeat_spans,,
ai_heartmula_muse_cn_suno_cn_017627_1,30s,HeartMuLa,locked,complete,computed,computed,eligible,eligible,unavailable_fewer_than_3_sections_or_downbeat_spans,,
ai_heartmula_muse_cn_suno_cn_017645_1,30s,HeartMuLa,development,complete,computed,computed,eligible,eligible,unavailable_fewer_than_3_sections_or_downbeat_spans,,
ai_heartmula_muse_cn_suno_cn_017780_1,30s,HeartMuLa,locked,complete,computed,computed,eligible,eligible,unavailable_fewer_than_3_sections_or_downbeat_spans,,
ai_heartmula_muse_cn_suno_cn_017803_1,30s,HeartMuLa,development,complete,computed,computed,eligible,eligible,unavailable_fewer_than_3_sections_or_downbeat_spans,,
ai_heartmula_muse_cn_suno_cn_017832_1,30s,HeartMuLa,development,complete,computed,computed,eligible,eligible,unavailable_fewer_than_3_sections_or_downbeat_spans,,
ai_heartmula_muse_cn_suno_cn_017956_1,30s,HeartMuLa,development,complete,computed,computed,eligible,eligible,unavailable_fewer_than_3_sections_or_downbeat_spans,,
ai_heartmula_muse_cn_suno_cn_018057_0,30s,HeartMuLa,development,complete,computed,computed,eligible,eligible,unavailable_fewer_than_3_sections_or_downbeat_spans,,
ai_heartmula_muse_cn_suno_cn_018338_1,30s,HeartMuLa,development,complete,computed,computed,eligible,eligible,eligible,,
ai_heartmula_muse_cn_suno_cn_018558_1,30s,HeartMuLa,development,complete,computed,computed,eligible,eligible,unavailable_fewer_than_3_sections_or_downbeat_spans,,
ai_heartmula_muse_cn_suno_cn_018563_0,30s,HeartMuLa,development,complete,computed,computed,eligible,eligible,unavailable_fewer_than_3_sections_or_downbeat_spans,,
ai_heartmula_muse_cn_suno_cn_018634_1,30s,HeartMuLa,development,complete,computed,computed,eligible,eligible,unavailable_fewer_than_3_sections_or_downbeat_spans,,
ai_heartmula_muse_cn_suno_cn_018713_0,30s,HeartMuLa,locked,complete,computed,computed,eligible,eligible,unavailable_fewer_than_3_sections_or_downbeat_spans,,
ai_heartmula_muse_cn_suno_cn_018814_1,30s,HeartMuLa,development,complete,computed,computed,eligible,eligible,unavailable_fewer_than_3_sections_or_downbeat_spans,,
ai_heartmula_muse_cn_suno_cn_019033_1,30s,HeartMuLa,development,complete,computed,computed,eligible,eligible,eligible,,
ai_heartmula_muse_cn_suno_cn_019040_1,30s,HeartMuLa,locked,complete,computed,computed,eligible,eligible,unavailable_fewer_than_3_sections_or_downbeat_spans,,
ai_heartmula_muse_cn_suno_cn_019084_0,30s,HeartMuLa,development,complete,computed,computed,eligible,eligible,unavailable_fewer_than_3_sections_or_downbeat_spans,,
ai_heartmula_muse_cn_suno_cn_019155_0,30s,HeartMuLa,development,complete,computed,computed,eligible,eligible,unavailable_fewer_than_3_sections_or_downbeat_spans,,
ai_heartmula_muse_cn_suno_cn_019593_0,30s,HeartMuLa,development,complete,computed,computed,eligible,eligible,unavailable_fewer_than_3_sections_or_downbeat_spans,,
ai_heartmula_muse_cn_suno_cn_019618_0,30s,HeartMuLa,development,complete,computed,computed,eligible,eligible,eligible,,
ai_heartmula_muse_cn_suno_cn_019709_1,30s,HeartMuLa,development,complete,computed,computed,eligible,eligible,unavailable_fewer_than_3_sections_or_downbeat_spans,,
ai_heartmula_muse_cn_suno_cn_019753_1,30s,HeartMuLa,locked,complete,computed,computed,eligible,eligible,unavailable_fewer_than_3_sections_or_downbeat_spans,,
ai_heartmula_muse_cn_suno_cn_019837_1,30s,HeartMuLa,locked,complete,computed,computed,eligible,eligible,unavailable_fewer_than_3_sections_or_downbeat_spans,,
ai_heartmula_muse_cn_suno_cn_019962_1,30s,HeartMuLa,development,complete,computed,computed,eligible,eligible,unavailable_fewer_than_3_sections_or_downbeat_spans,,
ai_heartmula_muse_cn_suno_cn_020042_1,30s,HeartMuLa,locked,complete,computed,computed,eligible,eligible,eligible,,
ai_heartmula_muse_cn_suno_cn_020151_1,30s,HeartMuLa,development,complete,computed,computed,eligible,eligible,unavailable_fewer_than_3_sections_or_downbeat_spans,,
ai_heartmula_muse_cn_suno_cn_020176_0,30s,HeartMuLa,development,complete,computed,computed,eligible,eligible,unavailable_fewer_than_3_sections_or_downbeat_spans,,
ai_heartmula_muse_cn_suno_cn_020367_0,30s,HeartMuLa,locked,complete,computed,computed,eligible,eligible,unavailable_fewer_than_3_sections_or_downbeat_spans,,
ai_heartmula_muse_cn_suno_cn_020424_0,30s,HeartMuLa,locked,complete,computed,computed,eligible,eligible,eligible,,
ai_heartmula_muse_cn_suno_cn_020583_0,30s,HeartMuLa,development,complete,computed,computed,eligible,eligible,unavailable_fewer_than_3_sections_or_downbeat_spans,,
ai_heartmula_muse_cn_suno_cn_020594_0,30s,HeartMuLa,locked,complete,computed,computed,eligible,eligible,eligible,,
ai_heartmula_muse_cn_suno_cn_020622_1,30s,HeartMuLa,development,complete,computed,computed,eligible,eligible,unavailable_fewer_than_3_sections_or_downbeat_spans,,
ai_heartmula_muse_cn_suno_cn_020623_0,30s,HeartMuLa,development,complete,computed,computed,eligible,eligible,unavailable_fewer_than_3_sections_or_downbeat_spans,,
ai_heartmula_muse_cn_suno_cn_020838_1,30s,HeartMuLa,development,complete,computed,computed,eligible,eligible,unavailable_fewer_than_3_sections_or_downbeat_spans,,
ai_heartmula_muse_cn_suno_cn_020854_0,30s,HeartMuLa,development,complete,computed,computed,eligible,eligible,unavailable_fewer_than_3_sections_or_downbeat_spans,,
ai_heartmula_muse_cn_suno_cn_020956_0,30s,HeartMuLa,development,complete,computed,computed,eligible,eligible,unavailable_fewer_than_3_sections_or_downbeat_spans,,
ai_heartmula_muse_cn_suno_cn_020962_1,30s,HeartMuLa,development,complete,computed,computed,eligible,eligible,unavailable_fewer_than_3_sections_or_downbeat_spans,,
ai_heartmula_muse_cn_suno_cn_021048_1,30s,HeartMuLa,locked,complete,computed,computed,eligible,eligible,unavailable_fewer_than_3_sections_or_downbeat_spans,,
ai_heartmula_muse_cn_suno_cn_021072_1,30s,HeartMuLa,development,complete,computed,computed,eligible,eligible,unavailable_fewer_than_3_sections_or_downbeat_spans,,
ai_heartmula_muse_cn_suno_cn_021265_1,30s,HeartMuLa,development,complete,computed,computed,eligible,eligible,unavailable_fewer_than_3_sections_or_downbeat_spans,,
ai_heartmula_muse_cn_suno_cn_021396_1,30s,HeartMuLa,development,complete,computed,computed,eligible,eligible,unavailable_fewer_than_3_sections_or_downbeat_spans,,
ai_heartmula_muse_cn_suno_cn_021662_1,30s,HeartMuLa,development,complete,computed,computed,eligible,eligible,unavailable_fewer_than_3_sections_or_downbeat_spans,,
ai_heartmula_muse_cn_suno_cn_021942_1,30s,HeartMuLa,development,complete,computed,computed,eligible,eligible,unavailable_fewer_than_3_sections_or_downbeat_spans,,
ai_heartmula_muse_cn_suno_cn_021964_1,30s,HeartMuLa,development,complete,computed,computed,eligible,eligible,unavailable_fewer_than_3_sections_or_downbeat_spans,,
ai_heartmula_muse_cn_suno_cn_022781_1,30s,HeartMuLa,development,complete,computed,computed,eligible,eligible,unavailable_fewer_than_3_sections_or_downbeat_spans,,
ai_heartmula_muse_cn_suno_cn_022963_0,30s,HeartMuLa,development,complete,computed,computed,eligible,eligible,unavailable_fewer_than_3_sections_or_downbeat_spans,,
ai_heartmula_muse_cn_suno_cn_023026_0,30s,HeartMuLa,development,complete,computed,computed,eligible,eligible,unavailable_fewer_than_3_sections_or_downbeat_spans,,
ai_heartmula_muse_cn_suno_cn_023072_0,30s,HeartMuLa,development,complete,computed,computed,eligible,eligible,unavailable_fewer_than_3_sections_or_downbeat_spans,,
ai_heartmula_muse_cn_suno_cn_023110_0,30s,HeartMuLa,development,complete,computed,computed,eligible,eligible,unavailable_fewer_than_3_sections_or_downbeat_spans,,
ai_heartmula_muse_cn_suno_cn_023171_0,30s,HeartMuLa,locked,complete,computed,computed,eligible,eligible,unavailable_fewer_than_3_sections_or_downbeat_spans,,
ai_heartmula_muse_cn_suno_cn_023220_0,30s,HeartMuLa,development,complete,computed,computed,eligible,eligible,unavailable_fewer_than_3_sections_or_downbeat_spans,,
ai_heartmula_muse_cn_suno_cn_023274_0,30s,HeartMuLa,development,complete,computed,computed,eligible,eligible,unavailable_fewer_than_3_sections_or_downbeat_spans,,
ai_heartmula_muse_cn_suno_cn_023450_0,30s,HeartMuLa,development,complete,computed,computed,eligible,eligible,unavailable_fewer_than_3_sections_or_downbeat_spans,,
ai_heartmula_muse_cn_suno_cn_023829_1,30s,HeartMuLa,development,complete,computed,computed,eligible,eligible,unavailable_fewer_than_3_sections_or_downbeat_spans,,
ai_heartmula_muse_cn_suno_cn_023885_1,30s,HeartMuLa,development,complete,computed,computed,eligible,eligible,unavailable_fewer_than_3_sections_or_downbeat_spans,,
ai_heartmula_muse_cn_suno_cn_023910_1,30s,HeartMuLa,development,complete,computed,computed,eligible,eligible,unavailable_fewer_than_3_sections_or_downbeat_spans,,
ai_heartmula_muse_cn_suno_cn_023964_1,30s,HeartMuLa,development,complete,computed,computed,eligible,eligible,unavailable_fewer_than_3_sections_or_downbeat_spans,,
ai_heartmula_muse_cn_suno_cn_024178_0,30s,HeartMuLa,locked,complete,computed,computed,eligible,eligible,unavailable_fewer_than_3_sections_or_downbeat_spans,,
ai_heartmula_muse_cn_suno_cn_024218_0,30s,HeartMuLa,development,complete,computed,computed,eligible,eligible,unavailable_fewer_than_3_sections_or_downbeat_spans,,
ai_heartmula_muse_cn_suno_cn_024242_1,30s,HeartMuLa,development,complete,computed,computed,eligible,eligible,unavailable_fewer_than_3_sections_or_downbeat_spans,,
ai_heartmula_muse_cn_suno_cn_024403_1,30s,HeartMuLa,development,complete,computed,computed,eligible,eligible,unavailable_fewer_than_3_sections_or_downbeat_spans,,
ai_heartmula_muse_cn_suno_cn_024482_0,30s,HeartMuLa,development,complete,computed,computed,eligible,eligible,unavailable_fewer_than_3_sections_or_downbeat_spans,,
ai_heartmula_muse_cn_suno_cn_024491_1,30s,HeartMuLa,development,complete,computed,computed,eligible,eligible,unavailable_fewer_than_3_sections_or_downbeat_spans,,
ai_heartmula_muse_cn_suno_cn_024565_0,30s,HeartMuLa,development,complete,computed,computed,eligible,eligible,unavailable_fewer_than_3_sections_or_downbeat_spans,,
ai_heartmula_muse_cn_suno_cn_024662_0,30s,HeartMuLa,locked,complete,computed,computed,eligible,eligible,unavailable_fewer_than_3_sections_or_downbeat_spans,,
ai_heartmula_muse_cn_suno_cn_024768_0,30s,HeartMuLa,development,complete,computed,computed,eligible,eligible,unavailable_fewer_than_3_sections_or_downbeat_spans,,
ai_heartmula_muse_cn_suno_cn_024852_1,30s,HeartMuLa,development,complete,computed,computed,eligible,eligible,unavailable_fewer_than_3_sections_or_downbeat_spans,,
ai_heartmula_muse_cn_suno_cn_024907_1,30s,HeartMuLa,development,complete,computed,computed,eligible,eligible,unavailable_fewer_than_3_sections_or_downbeat_spans,,
ai_heartmula_muse_en_suno_en_000171_1,30s,HeartMuLa,development,complete,computed,computed,eligible,eligible,unavailable_fewer_than_3_sections_or_downbeat_spans,,
ai_heartmula_muse_en_suno_en_000178_0,30s,HeartMuLa,development,complete,computed,computed,eligible,eligible,unavailable_fewer_than_3_sections_or_downbeat_spans,,
ai_heartmula_muse_en_suno_en_000234_1,30s,HeartMuLa,development,complete,computed,computed,eligible,eligible,unavailable_fewer_than_3_sections_or_downbeat_spans,,
ai_heartmula_muse_en_suno_en_000300_1,30s,HeartMuLa,development,complete,computed,computed,eligible,eligible,unavailable_fewer_than_3_sections_or_downbeat_spans,,
ai_heartmula_muse_en_suno_en_000394_1,30s,HeartMuLa,development,complete,computed,computed,eligible,eligible,unavailable_fewer_than_3_sections_or_downbeat_spans,,
ai_heartmula_muse_en_suno_en_000542_1,30s,HeartMuLa,development,complete,computed,computed,eligible,eligible,eligible,,
ai_heartmula_muse_en_suno_en_000910_0,30s,HeartMuLa,locked,complete,computed,computed,eligible,eligible,unavailable_fewer_than_3_sections_or_downbeat_spans,,
ai_heartmula_muse_en_suno_en_000948_0,30s,HeartMuLa,development,complete,computed,computed,eligible,eligible,eligible,,
ai_heartmula_muse_en_suno_en_000972_1,30s,HeartMuLa,development,complete,computed,computed,eligible,eligible,unavailable_fewer_than_3_sections_or_downbeat_spans,,
ai_heartmula_muse_en_suno_en_001129_0,30s,HeartMuLa,development,complete,computed,computed,eligible,eligible,unavailable_fewer_than_3_sections_or_downbeat_spans,,
ai_heartmula_muse_en_suno_en_001537_0,30s,HeartMuLa,development,complete,computed,computed,eligible,eligible,unavailable_fewer_than_3_sections_or_downbeat_spans,,
ai_heartmula_muse_en_suno_en_001605_1,30s,HeartMuLa,development,complete,computed,computed,eligible,eligible,unavailable_fewer_than_3_sections_or_downbeat_spans,,
ai_heartmula_muse_en_suno_en_001633_0,30s,HeartMuLa,development,complete,computed,computed,eligible,eligible,unavailable_fewer_than_3_sections_or_downbeat_spans,,
ai_heartmula_muse_en_suno_en_001725_1,30s,HeartMuLa,locked,complete,computed,computed,eligible,eligible,unavailable_fewer_than_3_sections_or_downbeat_spans,,
ai_heartmula_muse_en_suno_en_001875_0,30s,HeartMuLa,development,complete,computed,computed,eligible,eligible,unavailable_fewer_than_3_sections_or_downbeat_spans,,
ai_heartmula_muse_en_suno_en_001913_1,30s,HeartMuLa,development,complete,computed,computed,eligible,eligible,unavailable_fewer_than_3_sections_or_downbeat_spans,,
ai_heartmula_muse_en_suno_en_002048_1,30s,HeartMuLa,development,complete,computed,computed,eligible,eligible,unavailable_fewer_than_3_sections_or_downbeat_spans,,
ai_heartmula_muse_en_suno_en_002255_1,30s,HeartMuLa,development,complete,computed,computed,eligible,eligible,eligible,,
ai_heartmula_muse_en_suno_en_002426_1,30s,HeartMuLa,development,complete,computed,computed,eligible,eligible,unavailable_fewer_than_3_sections_or_downbeat_spans,,
ai_heartmula_muse_en_suno_en_002465_0,30s,HeartMuLa,locked,complete,computed,computed,eligible,eligible,unavailable_fewer_than_3_sections_or_downbeat_spans,,
ai_heartmula_muse_en_suno_en_002467_0,30s,HeartMuLa,locked,complete,computed,computed,eligible,eligible,unavailable_fewer_than_3_sections_or_downbeat_spans,,
ai_heartmula_muse_en_suno_en_002603_1,30s,HeartMuLa,development,complete,computed,computed,eligible,eligible,unavailable_fewer_than_3_sections_or_downbeat_spans,,
ai_heartmula_muse_en_suno_en_002634_0,30s,HeartMuLa,development,complete,computed,computed,eligible,eligible,unavailable_fewer_than_3_sections_or_downbeat_spans,,
ai_heartmula_muse_en_suno_en_002699_0,30s,HeartMuLa,development,complete,computed,computed,eligible,eligible,unavailable_fewer_than_3_sections_or_downbeat_spans,,
ai_heartmula_muse_en_suno_en_002723_1,30s,HeartMuLa,development,complete,computed,computed,eligible,eligible,unavailable_fewer_than_3_sections_or_downbeat_spans,,
ai_heartmula_muse_en_suno_en_002724_1,30s,HeartMuLa,development,complete,computed,computed,eligible,eligible,eligible,,
ai_heartmula_muse_en_suno_en_003147_1,30s,HeartMuLa,development,complete,computed,computed,eligible,eligible,unavailable_fewer_than_3_sections_or_downbeat_spans,,
ai_heartmula_muse_en_suno_en_003293_0,30s,HeartMuLa,locked,complete,computed,computed,eligible,eligible,unavailable_fewer_than_3_sections_or_downbeat_spans,,
ai_heartmula_muse_en_suno_en_003424_1,30s,HeartMuLa,development,complete,computed,computed,eligible,eligible,unavailable_fewer_than_3_sections_or_downbeat_spans,,
ai_heartmula_muse_en_suno_en_003451_1,30s,HeartMuLa,development,complete,computed,computed,eligible,eligible,eligible,,
ai_heartmula_muse_en_suno_en_003642_1,30s,HeartMuLa,development,complete,computed,computed,eligible,eligible,unavailable_fewer_than_3_sections_or_downbeat_spans,,
ai_heartmula_muse_en_suno_en_003666_1,30s,HeartMuLa,development,complete,computed,computed,eligible,eligible,unavailable_fewer_than_3_sections_or_downbeat_spans,,
ai_heartmula_muse_en_suno_en_003903_1,30s,HeartMuLa,development,complete,computed,computed,eligible,eligible,eligible,,
ai_heartmula_muse_en_suno_en_003961_0,30s,HeartMuLa,development,complete,computed,computed,eligible,eligible,unavailable_fewer_than_3_sections_or_downbeat_spans,,
ai_heartmula_muse_en_suno_en_004118_0,30s,HeartMuLa,development,complete,computed,computed,eligible,eligible,unavailable_fewer_than_3_sections_or_downbeat_spans,,
ai_heartmula_muse_en_suno_en_004217_0,30s,HeartMuLa,development,complete,computed,computed,eligible,eligible,unavailable_fewer_than_3_sections_or_downbeat_spans,,
ai_heartmula_muse_en_suno_en_004417_1,30s,HeartMuLa,development,complete,computed,computed,eligible,eligible,unavailable_fewer_than_3_sections_or_downbeat_spans,,
ai_heartmula_muse_en_suno_en_004466_1,30s,HeartMuLa,development,complete,computed,computed,eligible,eligible,unavailable_fewer_than_3_sections_or_downbeat_spans,,
ai_heartmula_muse_en_suno_en_004478_0,30s,HeartMuLa,development,complete,computed,computed,eligible,eligible,unavailable_fewer_than_3_sections_or_downbeat_spans,,
ai_heartmula_muse_en_suno_en_004730_1,30s,HeartMuLa,development,complete,computed,computed,eligible,eligible,unavailable_fewer_than_3_sections_or_downbeat_spans,,
ai_heartmula_muse_en_suno_en_004749_1,30s,HeartMuLa,development,complete,computed,computed,eligible,eligible,unavailable_fewer_than_3_sections_or_downbeat_spans,,
ai_heartmula_muse_en_suno_en_004867_1,30s,HeartMuLa,locked,complete,computed,computed,eligible,eligible,eligible,,
ai_heartmula_muse_en_suno_en_005012_1,30s,HeartMuLa,development,complete,computed,computed,eligible,eligible,unavailable_fewer_than_3_sections_or_downbeat_spans,,
ai_heartmula_muse_en_suno_en_005190_0,30s,HeartMuLa,development,complete,computed,computed,eligible,eligible,eligible,,
ai_heartmula_muse_en_suno_en_005195_1,30s,HeartMuLa,development,complete,computed,computed,eligible,eligible,unavailable_fewer_than_3_sections_or_downbeat_spans,,
ai_heartmula_muse_en_suno_en_005535_0,30s,HeartMuLa,locked,complete,computed,computed,eligible,eligible,unavailable_fewer_than_3_sections_or_downbeat_spans,,
ai_heartmula_muse_en_suno_en_005693_1,30s,HeartMuLa,locked,complete,computed,computed,eligible,eligible,unavailable_fewer_than_3_sections_or_downbeat_spans,,
ai_heartmula_muse_en_suno_en_005917_1,30s,HeartMuLa,locked,complete,computed,computed,eligible,eligible,eligible,,
ai_heartmula_muse_en_suno_en_005991_0,30s,HeartMuLa,development,complete,computed,computed,eligible,eligible,unavailable_fewer_than_3_sections_or_downbeat_spans,,
ai_heartmula_muse_en_suno_en_005992_1,30s,HeartMuLa,development,complete,computed,computed,eligible,eligible,unavailable_fewer_than_3_sections_or_downbeat_spans,,
ai_heartmula_muse_en_suno_en_006200_0,30s,HeartMuLa,development,complete,computed,computed,eligible,eligible,unavailable_fewer_than_3_sections_or_downbeat_spans,,
ai_heartmula_muse_en_suno_en_006527_1,30s,HeartMuLa,locked,complete,computed,computed,eligible,eligible,unavailable_fewer_than_3_sections_or_downbeat_spans,,
ai_heartmula_muse_en_suno_en_006876_0,30s,HeartMuLa,development,complete,computed,computed,eligible,eligible,unavailable_fewer_than_3_sections_or_downbeat_spans,,
ai_heartmula_muse_en_suno_en_007117_0,30s,HeartMuLa,development,complete,computed,computed,eligible,eligible,eligible,,
ai_heartmula_muse_en_suno_en_007200_1,30s,HeartMuLa,development,complete,computed,computed,eligible,eligible,unavailable_fewer_than_3_sections_or_downbeat_spans,,
ai_heartmula_muse_en_suno_en_007332_0,30s,HeartMuLa,development,complete,computed,computed,eligible,eligible,unavailable_fewer_than_3_sections_or_downbeat_spans,,
ai_heartmula_muse_en_suno_en_007376_0,30s,HeartMuLa,development,complete,computed,computed,eligible,eligible,unavailable_fewer_than_3_sections_or_downbeat_spans,,
ai_heartmula_muse_en_suno_en_007424_1,30s,HeartMuLa,locked,complete,computed,computed,eligible,eligible,eligible,,
ai_heartmula_muse_en_suno_en_007625_1,30s,HeartMuLa,development,complete,computed,computed,eligible,eligible,unavailable_fewer_than_3_sections_or_downbeat_spans,,
ai_heartmula_muse_en_suno_en_007810_1,30s,HeartMuLa,development,complete,computed,computed,eligible,eligible,eligible,,
ai_heartmula_muse_en_suno_en_007830_0,30s,HeartMuLa,locked,complete,computed,computed,eligible,eligible,unavailable_fewer_than_3_sections_or_downbeat_spans,,
ai_heartmula_muse_en_suno_en_007954_1,30s,HeartMuLa,development,complete,computed,computed,eligible,eligible,unavailable_fewer_than_3_sections_or_downbeat_spans,,
ai_heartmula_muse_en_suno_en_008171_0,30s,HeartMuLa,development,complete,computed,computed,eligible,eligible,unavailable_fewer_than_3_sections_or_downbeat_spans,,
ai_heartmula_muse_en_suno_en_008190_1,30s,HeartMuLa,development,complete,computed,computed,eligible,eligible,unavailable_fewer_than_3_sections_or_downbeat_spans,,
ai_heartmula_muse_en_suno_en_008204_0,30s,HeartMuLa,development,complete,computed,computed,eligible,eligible,eligible,,
ai_heartmula_muse_en_suno_en_008284_1,30s,HeartMuLa,development,complete,computed,computed,eligible,eligible,unavailable_fewer_than_3_sections_or_downbeat_spans,,
ai_heartmula_muse_en_suno_en_008435_1,30s,HeartMuLa,development,complete,computed,computed,eligible,eligible,unavailable_fewer_than_3_sections_or_downbeat_spans,,
ai_heartmula_muse_en_suno_en_010629_0,30s,HeartMuLa,locked,complete,computed,computed,eligible,eligible,unavailable_fewer_than_3_sections_or_downbeat_spans,,
ai_heartmula_muse_en_suno_en_010654_0,30s,HeartMuLa,development,complete,computed,computed,eligible,eligible,eligible,,
ai_heartmula_muse_en_suno_en_010805_1,30s,HeartMuLa,development,complete,computed,computed,eligible,eligible,unavailable_fewer_than_3_sections_or_downbeat_spans,,
ai_heartmula_muse_en_suno_en_010909_0,30s,HeartMuLa,locked,complete,computed,computed,eligible,eligible,unavailable_fewer_than_3_sections_or_downbeat_spans,,
ai_heartmula_muse_en_suno_en_011022_1,30s,HeartMuLa,development,complete,computed,computed,eligible,eligible,unavailable_fewer_than_3_sections_or_downbeat_spans,,
ai_heartmula_muse_en_suno_en_011062_1,30s,HeartMuLa,development,complete,computed,computed,eligible,eligible,unavailable_fewer_than_3_sections_or_downbeat_spans,,
ai_heartmula_muse_en_suno_en_011317_0,30s,HeartMuLa,locked,complete,computed,computed,eligible,eligible,unavailable_fewer_than_3_sections_or_downbeat_spans,,
ai_heartmula_muse_en_suno_en_011375_1,30s,HeartMuLa,development,complete,computed,computed,eligible,eligible,eligible,,
ai_heartmula_muse_en_suno_en_011430_0,30s,HeartMuLa,development,complete,computed,computed,eligible,eligible,unavailable_fewer_than_3_sections_or_downbeat_spans,,
ai_heartmula_muse_en_suno_en_011432_0,30s,HeartMuLa,development,complete,computed,computed,eligible,eligible,unavailable_fewer_than_3_sections_or_downbeat_spans,,
ai_heartmula_muse_en_suno_en_011584_1,30s,HeartMuLa,development,complete,computed,computed,eligible,eligible,eligible,,
ai_heartmula_muse_en_suno_en_011976_0,30s,HeartMuLa,development,complete,computed,computed,eligible,eligible,unavailable_fewer_than_3_sections_or_downbeat_spans,,
ai_heartmula_muse_en_suno_en_012038_1,30s,HeartMuLa,development,complete,computed,computed,eligible,eligible,unavailable_fewer_than_3_sections_or_downbeat_spans,,
ai_heartmula_muse_en_suno_en_012148_1,30s,HeartMuLa,locked,complete,computed,computed,eligible,eligible,unavailable_fewer_than_3_sections_or_downbeat_spans,,
ai_heartmula_muse_en_suno_en_012329_0,30s,HeartMuLa,development,complete,computed,computed,eligible,eligible,eligible,,
ai_heartmula_muse_en_suno_en_012364_0,30s,HeartMuLa,development,complete,computed,computed,eligible,eligible,eligible,,
ai_heartmula_muse_en_suno_en_012425_0,30s,HeartMuLa,development,complete,computed,computed,eligible,eligible,eligible,,
ai_heartmula_muse_en_suno_en_012475_0,30s,HeartMuLa,development,complete,computed,computed,eligible,eligible,unavailable_fewer_than_3_sections_or_downbeat_spans,,
ai_heartmula_muse_en_suno_en_012649_0,30s,HeartMuLa,locked,complete,computed,computed,eligible,eligible,unavailable_fewer_than_3_sections_or_downbeat_spans,,
ai_heartmula_muse_en_suno_en_013020_0,30s,HeartMuLa,development,complete,computed,computed,eligible,eligible,unavailable_fewer_than_3_sections_or_downbeat_spans,,
ai_heartmula_muse_en_suno_en_013448_1,30s,HeartMuLa,development,complete,computed,computed,eligible,eligible,unavailable_fewer_than_3_sections_or_downbeat_spans,,
ai_heartmula_muse_en_suno_en_013480_1,30s,HeartMuLa,development,complete,computed,computed,eligible,eligible,unavailable_fewer_than_3_sections_or_downbeat_spans,,
ai_heartmula_muse_en_suno_en_013488_0,30s,HeartMuLa,development,complete,computed,computed,eligible,eligible,unavailable_fewer_than_3_sections_or_downbeat_spans,,
ai_heartmula_muse_en_suno_en_013565_0,30s,HeartMuLa,locked,complete,computed,computed,eligible,eligible,unavailable_fewer_than_3_sections_or_downbeat_spans,,
ai_heartmula_muse_en_suno_en_013579_1,30s,HeartMuLa,development,complete,computed,computed,eligible,eligible,unavailable_fewer_than_3_sections_or_downbeat_spans,,
ai_heartmula_muse_en_suno_en_013733_1,30s,HeartMuLa,development,complete,computed,computed,eligible,eligible,unavailable_fewer_than_3_sections_or_downbeat_spans,,
ai_heartmula_muse_en_suno_en_013915_1,30s,HeartMuLa,development,complete,computed,computed,eligible,eligible,unavailable_fewer_than_3_sections_or_downbeat_spans,,
ai_heartmula_muse_en_suno_en_013922_0,30s,HeartMuLa,development,complete,computed,computed,eligible,eligible,unavailable_fewer_than_3_sections_or_downbeat_spans,,
ai_heartmula_muse_en_suno_en_013933_1,30s,HeartMuLa,development,complete,computed,computed,eligible,eligible,unavailable_fewer_than_3_sections_or_downbeat_spans,,
ai_heartmula_muse_en_suno_en_014015_1,30s,HeartMuLa,development,complete,computed,computed,eligible,eligible,unavailable_fewer_than_3_sections_or_downbeat_spans,,
ai_heartmula_muse_en_suno_en_014158_0,30s,HeartMuLa,development,complete,computed,computed,eligible,eligible,unavailable_fewer_than_3_sections_or_downbeat_spans,,
ai_heartmula_muse_en_suno_en_014209_1,30s,HeartMuLa,development,complete,computed,computed,eligible,eligible,unavailable_fewer_than_3_sections_or_downbeat_spans,,
ai_heartmula_muse_en_suno_en_014585_0,30s,HeartMuLa,development,complete,computed,computed,eligible,eligible,unavailable_fewer_than_3_sections_or_downbeat_spans,,
ai_heartmula_muse_en_suno_en_015012_1,30s,HeartMuLa,development,complete,computed,computed,eligible,eligible,unavailable_fewer_than_3_sections_or_downbeat_spans,,
ai_heartmula_muse_en_suno_en_015231_0,30s,HeartMuLa,development,complete,computed,computed,eligible,eligible,unavailable_fewer_than_3_sections_or_downbeat_spans,,
ai_heartmula_muse_en_suno_en_015394_1,30s,HeartMuLa,development,complete,computed,computed,eligible,eligible,unavailable_fewer_than_3_sections_or_downbeat_spans,,
ai_heartmula_muse_en_suno_en_015401_0,30s,HeartMuLa,development,complete,computed,computed,eligible,eligible,unavailable_fewer_than_3_sections_or_downbeat_spans,,
ai_heartmula_muse_en_suno_en_015503_0,30s,HeartMuLa,development,complete,computed,computed,eligible,eligible,unavailable_fewer_than_3_sections_or_downbeat_spans,,
ai_heartmula_muse_en_suno_en_015987_0,30s,HeartMuLa,development,complete,computed,computed,eligible,eligible,unavailable_fewer_than_3_sections_or_downbeat_spans,,
ai_heartmula_muse_en_suno_en_016103_1,30s,HeartMuLa,development,complete,computed,computed,eligible,eligible,unavailable_fewer_than_3_sections_or_downbeat_spans,,
ai_heartmula_muse_en_suno_en_016116_0,30s,HeartMuLa,development,complete,computed,computed,eligible,eligible,unavailable_fewer_than_3_sections_or_downbeat_spans,,
ai_heartmula_muse_en_suno_en_016151_1,30s,HeartMuLa,locked,complete,computed,computed,eligible,eligible,unavailable_fewer_than_3_sections_or_downbeat_spans,,
ai_heartmula_muse_en_suno_en_016463_0,30s,HeartMuLa,development,complete,computed,computed,eligible,eligible,unavailable_fewer_than_3_sections_or_downbeat_spans,,
ai_heartmula_muse_en_suno_en_016716_1,30s,HeartMuLa,development,complete,computed,computed,eligible,eligible,unavailable_fewer_than_3_sections_or_downbeat_spans,,
ai_heartmula_muse_en_suno_en_016830_1,30s,HeartMuLa,development,complete,computed,computed,eligible,eligible,unavailable_fewer_than_3_sections_or_downbeat_spans,,
ai_heartmula_muse_en_suno_en_016880_0,30s,HeartMuLa,development,complete,computed,computed,eligible,eligible,unavailable_fewer_than_3_sections_or_downbeat_spans,,
ai_heartmula_muse_en_suno_en_017155_0,30s,HeartMuLa,development,complete,computed,computed,eligible,eligible,unavailable_fewer_than_3_sections_or_downbeat_spans,,
ai_heartmula_muse_en_suno_en_017216_0,30s,HeartMuLa,locked,complete,computed,computed,eligible,eligible,unavailable_fewer_than_3_sections_or_downbeat_spans,,
ai_heartmula_muse_en_suno_en_017304_1,30s,HeartMuLa,locked,complete,computed,computed,eligible,eligible,eligible,,
ai_heartmula_muse_en_suno_en_017349_0,30s,HeartMuLa,development,complete,computed,computed,eligible,eligible,eligible,,
ai_heartmula_muse_en_suno_en_017353_1,30s,HeartMuLa,locked,complete,computed,computed,eligible,eligible,unavailable_fewer_than_3_sections_or_downbeat_spans,,
ai_heartmula_muse_en_suno_en_017413_1,30s,HeartMuLa,locked,complete,computed,computed,eligible,eligible,unavailable_fewer_than_3_sections_or_downbeat_spans,,
ai_heartmula_muse_en_suno_en_017690_0,30s,HeartMuLa,development,complete,computed,computed,eligible,eligible,unavailable_fewer_than_3_sections_or_downbeat_spans,,
ai_heartmula_muse_en_suno_en_017829_0,30s,HeartMuLa,locked,complete,computed,computed,eligible,eligible,unavailable_fewer_than_3_sections_or_downbeat_spans,,
ai_heartmula_muse_en_suno_en_018072_0,30s,HeartMuLa,development,complete,computed,computed,eligible,eligible,unavailable_fewer_than_3_sections_or_downbeat_spans,,
ai_heartmula_muse_en_suno_en_018225_0,30s,HeartMuLa,development,complete,computed,computed,eligible,eligible,unavailable_fewer_than_3_sections_or_downbeat_spans,,
ai_heartmula_muse_en_suno_en_018255_1,30s,HeartMuLa,development,complete,computed,computed,eligible,eligible,unavailable_fewer_than_3_sections_or_downbeat_spans,,
ai_heartmula_muse_en_suno_en_018560_1,30s,HeartMuLa,development,complete,computed,computed,eligible,eligible,eligible,,
ai_heartmula_muse_en_suno_en_018763_1,30s,HeartMuLa,development,complete,computed,computed,eligible,eligible,unavailable_fewer_than_3_sections_or_downbeat_spans,,
ai_heartmula_muse_en_suno_en_018861_0,30s,HeartMuLa,development,complete,computed,computed,eligible,eligible,unavailable_fewer_than_3_sections_or_downbeat_spans,,
ai_heartmula_muse_en_suno_en_018923_1,30s,HeartMuLa,development,complete,computed,computed,eligible,eligible,unavailable_fewer_than_3_sections_or_downbeat_spans,,
ai_heartmula_muse_en_suno_en_019197_1,30s,HeartMuLa,development,complete,computed,computed,eligible,eligible,unavailable_fewer_than_3_sections_or_downbeat_spans,,
ai_heartmula_muse_en_suno_en_019319_1,30s,HeartMuLa,locked,complete,computed,computed,eligible,eligible,unavailable_fewer_than_3_sections_or_downbeat_spans,,
ai_heartmula_muse_en_suno_en_019500_1,30s,HeartMuLa,development,complete,computed,computed,eligible,eligible,unavailable_fewer_than_3_sections_or_downbeat_spans,,
ai_heartmula_muse_en_suno_en_019611_1,30s,HeartMuLa,development,complete,computed,computed,eligible,eligible,unavailable_fewer_than_3_sections_or_downbeat_spans,,
ai_heartmula_muse_en_suno_en_019715_1,30s,HeartMuLa,development,complete,computed,computed,eligible,eligible,unavailable_fewer_than_3_sections_or_downbeat_spans,,
ai_heartmula_muse_en_suno_en_019907_0,30s,HeartMuLa,development,complete,computed,computed,eligible,eligible,unavailable_fewer_than_3_sections_or_downbeat_spans,,
ai_heartmula_muse_en_suno_en_019981_0,30s,HeartMuLa,development,complete,computed,computed,eligible,eligible,unavailable_fewer_than_3_sections_or_downbeat_spans,,
ai_heartmula_muse_en_suno_en_019992_1,30s,HeartMuLa,development,complete,computed,computed,eligible,eligible,eligible,,
ai_heartmula_muse_en_suno_en_020030_0,30s,HeartMuLa,development,complete,computed,computed,eligible,eligible,unavailable_fewer_than_3_sections_or_downbeat_spans,,
ai_heartmula_muse_en_suno_en_020197_1,30s,HeartMuLa,development,complete,computed,computed,eligible,eligible,unavailable_fewer_than_3_sections_or_downbeat_spans,,
ai_heartmula_muse_en_suno_en_020307_1,30s,HeartMuLa,development,complete,computed,computed,eligible,eligible,unavailable_fewer_than_3_sections_or_downbeat_spans,,
ai_heartmula_muse_en_suno_en_020365_0,30s,HeartMuLa,development,complete,computed,computed,eligible,eligible,unavailable_fewer_than_3_sections_or_downbeat_spans,,
ai_heartmula_muse_en_suno_en_020370_0,30s,HeartMuLa,locked,complete,computed,computed,eligible,eligible,unavailable_fewer_than_3_sections_or_downbeat_spans,,
ai_heartmula_muse_en_suno_en_020375_0,30s,HeartMuLa,development,complete,computed,computed,eligible,eligible,unavailable_fewer_than_3_sections_or_downbeat_spans,,
ai_heartmula_muse_en_suno_en_020401_0,30s,HeartMuLa,locked,complete,computed,computed,eligible,eligible,unavailable_fewer_than_3_sections_or_downbeat_spans,,
ai_heartmula_muse_en_suno_en_020754_1,30s,HeartMuLa,development,complete,computed,computed,eligible,eligible,unavailable_fewer_than_3_sections_or_downbeat_spans,,
ai_heartmula_muse_en_suno_en_020788_0,30s,HeartMuLa,development,complete,computed,computed,eligible,eligible,unavailable_fewer_than_3_sections_or_downbeat_spans,,
ai_heartmula_muse_en_suno_en_020792_0,30s,HeartMuLa,locked,complete,computed,computed,eligible,eligible,unavailable_fewer_than_3_sections_or_downbeat_spans,,
ai_heartmula_muse_en_suno_en_020825_0,30s,HeartMuLa,locked,complete,computed,computed,eligible,eligible,eligible,,
ai_heartmula_muse_en_suno_en_020867_1,30s,HeartMuLa,development,complete,computed,computed,eligible,eligible,eligible,,
ai_heartmula_muse_en_suno_en_020874_0,30s,HeartMuLa,development,complete,computed,computed,eligible,eligible,eligible,,
ai_heartmula_muse_en_suno_en_020950_0,30s,HeartMuLa,development,complete,computed,computed,eligible,eligible,unavailable_fewer_than_3_sections_or_downbeat_spans,,
ai_heartmula_muse_en_suno_en_020968_1,30s,HeartMuLa,development,complete,computed,computed,eligible,eligible,unavailable_fewer_than_3_sections_or_downbeat_spans,,
ai_heartmula_muse_en_suno_en_021221_1,30s,HeartMuLa,development,complete,computed,computed,eligible,eligible,unavailable_fewer_than_3_sections_or_downbeat_spans,,
ai_heartmula_muse_en_suno_en_021746_1,30s,HeartMuLa,development,complete,computed,computed,eligible,eligible,unavailable_fewer_than_3_sections_or_downbeat_spans,,
ai_heartmula_muse_en_suno_en_021752_0,30s,HeartMuLa,locked,complete,computed,computed,eligible,eligible,unavailable_fewer_than_3_sections_or_downbeat_spans,,
ai_heartmula_muse_en_suno_en_022194_1,30s,HeartMuLa,development,complete,computed,computed,eligible,eligible,unavailable_fewer_than_3_sections_or_downbeat_spans,,
ai_heartmula_muse_en_suno_en_022546_1,30s,HeartMuLa,development,complete,computed,computed,eligible,eligible,unavailable_fewer_than_3_sections_or_downbeat_spans,,
ai_heartmula_muse_en_suno_en_022591_0,30s,HeartMuLa,development,complete,computed,computed,eligible,eligible,unavailable_fewer_than_3_sections_or_downbeat_spans,,
ai_heartmula_muse_en_suno_en_022669_1,30s,HeartMuLa,development,complete,computed,computed,eligible,eligible,unavailable_fewer_than_3_sections_or_downbeat_spans,,
ai_heartmula_muse_en_suno_en_023024_1,30s,HeartMuLa,development,complete,computed,computed,eligible,eligible,unavailable_fewer_than_3_sections_or_downbeat_spans,,
ai_heartmula_muse_en_suno_en_023209_1,30s,HeartMuLa,development,complete,computed,computed,eligible,eligible,unavailable_fewer_than_3_sections_or_downbeat_spans,,
ai_heartmula_muse_en_suno_en_023285_1,30s,HeartMuLa,development,complete,computed,computed,eligible,eligible,unavailable_fewer_than_3_sections_or_downbeat_spans,,
ai_heartmula_muse_en_suno_en_023320_1,30s,HeartMuLa,development,complete,computed,computed,eligible,eligible,unavailable_fewer_than_3_sections_or_downbeat_spans,,
ai_heartmula_muse_en_suno_en_023496_0,30s,HeartMuLa,development,complete,computed,computed,eligible,eligible,unavailable_fewer_than_3_sections_or_downbeat_spans,,
ai_heartmula_muse_en_suno_en_023694_1,30s,HeartMuLa,development,complete,computed,computed,eligible,eligible,unavailable_fewer_than_3_sections_or_downbeat_spans,,
ai_heartmula_muse_en_suno_en_023752_1,30s,HeartMuLa,development,complete,computed,computed,eligible,eligible,unavailable_fewer_than_3_sections_or_downbeat_spans,,
ai_heartmula_muse_en_suno_en_023819_0,30s,HeartMuLa,development,complete,computed,computed,eligible,eligible,unavailable_fewer_than_3_sections_or_downbeat_spans,,
ai_heartmula_muse_en_suno_en_023877_0,30s,HeartMuLa,development,complete,computed,computed,eligible,eligible,unavailable_fewer_than_3_sections_or_downbeat_spans,,
ai_heartmula_muse_en_suno_en_024029_1,30s,HeartMuLa,development,complete,computed,computed,eligible,eligible,unavailable_fewer_than_3_sections_or_downbeat_spans,,
ai_heartmula_muse_en_suno_en_024045_1,30s,HeartMuLa,locked,complete,computed,computed,eligible,eligible,unavailable_fewer_than_3_sections_or_downbeat_spans,,
ai_heartmula_muse_en_suno_en_024308_0,30s,HeartMuLa,locked,complete,computed,computed,eligible,eligible,unavailable_fewer_than_3_sections_or_downbeat_spans,,
ai_heartmula_muse_en_suno_en_024741_0,30s,HeartMuLa,development,complete,computed,computed,eligible,eligible,unavailable_fewer_than_3_sections_or_downbeat_spans,,
ai_heartmula_muse_en_suno_en_025125_0,30s,HeartMuLa,development,complete,computed,computed,eligible,eligible,unavailable_fewer_than_3_sections_or_downbeat_spans,,
ai_heartmula_muse_en_suno_en_025332_0,30s,HeartMuLa,development,complete,computed,computed,eligible,eligible,unavailable_fewer_than_3_sections_or_downbeat_spans,,
ai_heartmula_muse_en_suno_en_025448_0,30s,HeartMuLa,development,complete,computed,computed,eligible,eligible,eligible,,
ai_heartmula_muse_en_suno_en_025603_1,30s,HeartMuLa,development,complete,computed,computed,eligible,eligible,unavailable_fewer_than_3_sections_or_downbeat_spans,,
ai_heartmula_muse_en_suno_en_025839_1,30s,HeartMuLa,development,complete,computed,computed,eligible,eligible,unavailable_fewer_than_3_sections_or_downbeat_spans,,
ai_heartmula_muse_en_suno_en_025857_1,30s,HeartMuLa,locked,complete,computed,computed,eligible,eligible,unavailable_fewer_than_3_sections_or_downbeat_spans,,
ai_heartmula_muse_en_suno_en_025875_1,30s,HeartMuLa,development,complete,computed,computed,eligible,eligible,unavailable_fewer_than_3_sections_or_downbeat_spans,,
ai_heartmula_muse_en_suno_en_026005_0,30s,HeartMuLa,development,complete,computed,computed,eligible,eligible,unavailable_fewer_than_3_sections_or_downbeat_spans,,
ai_heartmula_muse_en_suno_en_026074_0,30s,HeartMuLa,development,complete,computed,computed,eligible,eligible,unavailable_fewer_than_3_sections_or_downbeat_spans,,
ai_heartmula_muse_en_suno_en_026086_1,30s,HeartMuLa,locked,complete,computed,computed,eligible,eligible,unavailable_fewer_than_3_sections_or_downbeat_spans,,
ai_heartmula_muse_en_suno_en_026397_0,30s,HeartMuLa,development,complete,computed,computed,eligible,eligible,unavailable_fewer_than_3_sections_or_downbeat_spans,,
ai_heartmula_muse_en_suno_en_026431_1,30s,HeartMuLa,development,complete,computed,computed,eligible,eligible,unavailable_fewer_than_3_sections_or_downbeat_spans,,
ai_heartmula_muse_en_suno_en_026494_1,30s,HeartMuLa,development,complete,computed,computed,eligible,eligible,unavailable_fewer_than_3_sections_or_downbeat_spans,,
ai_heartmula_muse_en_suno_en_026592_0,30s,HeartMuLa,development,complete,computed,computed,eligible,eligible,unavailable_fewer_than_3_sections_or_downbeat_spans,,
ai_heartmula_muse_en_suno_en_026618_1,30s,HeartMuLa,development,complete,computed,computed,eligible,eligible,eligible,,
ai_heartmula_muse_en_suno_en_026759_1,30s,HeartMuLa,development,complete,computed,computed,eligible,eligible,unavailable_fewer_than_3_sections_or_downbeat_spans,,
ai_heartmula_muse_en_suno_en_026769_0,30s,HeartMuLa,locked,complete,computed,computed,eligible,eligible,eligible,,
ai_heartmula_muse_en_suno_en_026793_0,30s,HeartMuLa,development,complete,computed,computed,eligible,eligible,unavailable_fewer_than_3_sections_or_downbeat_spans,,
ai_heartmula_muse_en_suno_en_026819_0,30s,HeartMuLa,development,complete,computed,computed,eligible,eligible,unavailable_fewer_than_3_sections_or_downbeat_spans,,
ai_heartmula_muse_en_suno_en_026837_0,30s,HeartMuLa,development,complete,computed,computed,eligible,eligible,eligible,,
ai_heartmula_muse_en_suno_en_026922_0,30s,HeartMuLa,development,complete,computed,computed,eligible,eligible,eligible,,
ai_heartmula_muse_en_suno_en_026938_1,30s,HeartMuLa,development,complete,computed,computed,eligible,eligible,unavailable_fewer_than_3_sections_or_downbeat_spans,,
ai_heartmula_muse_en_suno_en_026962_0,30s,HeartMuLa,development,complete,computed,computed,eligible,eligible,unavailable_fewer_than_3_sections_or_downbeat_spans,,
ai_heartmula_muse_en_suno_en_027511_1,30s,HeartMuLa,development,complete,computed,computed,eligible,eligible,unavailable_fewer_than_3_sections_or_downbeat_spans,,
ai_heartmula_muse_en_suno_en_027586_0,30s,HeartMuLa,development,complete,computed,computed,eligible,eligible,unavailable_fewer_than_3_sections_or_downbeat_spans,,
ai_heartmula_muse_en_suno_en_027758_0,30s,HeartMuLa,development,complete,computed,computed,eligible,eligible,unavailable_fewer_than_3_sections_or_downbeat_spans,,
ai_heartmula_muse_en_suno_en_028128_1,30s,HeartMuLa,development,complete,computed,computed,eligible,eligible,unavailable_fewer_than_3_sections_or_downbeat_spans,,
ai_heartmula_muse_en_suno_en_028160_1,30s,HeartMuLa,locked,complete,computed,computed,eligible,eligible,unavailable_fewer_than_3_sections_or_downbeat_spans,,
ai_heartmula_muse_en_suno_en_028334_1,30s,HeartMuLa,locked,complete,computed,computed,eligible,eligible,unavailable_fewer_than_3_sections_or_downbeat_spans,,
ai_heartmula_muse_en_suno_en_028351_1,30s,HeartMuLa,development,complete,computed,computed,eligible,eligible,unavailable_fewer_than_3_sections_or_downbeat_spans,,
ai_heartmula_muse_en_suno_en_028422_1,30s,HeartMuLa,development,complete,computed,computed,eligible,eligible,eligible,,
ai_heartmula_muse_en_suno_en_028544_0,30s,HeartMuLa,locked,complete,computed,computed,eligible,eligible,unavailable_fewer_than_3_sections_or_downbeat_spans,,
ai_heartmula_muse_en_suno_en_028597_0,30s,HeartMuLa,development,complete,computed,computed,eligible,eligible,unavailable_fewer_than_3_sections_or_downbeat_spans,,
ai_heartmula_muse_en_suno_en_028605_0,30s,HeartMuLa,development,complete,computed,computed,eligible,eligible,unavailable_fewer_than_3_sections_or_downbeat_spans,,
ai_heartmula_muse_en_suno_en_028765_0,30s,HeartMuLa,development,complete,computed,computed,eligible,eligible,unavailable_fewer_than_3_sections_or_downbeat_spans,,
ai_heartmula_muse_en_suno_en_029154_0,30s,HeartMuLa,development,complete,computed,computed,eligible,eligible,unavailable_fewer_than_3_sections_or_downbeat_spans,,
ai_heartmula_muse_en_suno_en_029220_0,30s,HeartMuLa,development,complete,computed,computed,eligible,eligible,unavailable_fewer_than_3_sections_or_downbeat_spans,,
ai_heartmula_muse_en_suno_en_029458_0,30s,HeartMuLa,locked,complete,computed,computed,eligible,eligible,eligible,,
ai_heartmula_muse_en_suno_en_029528_0,30s,HeartMuLa,development,complete,computed,computed,eligible,eligible,unavailable_fewer_than_3_sections_or_downbeat_spans,,
ai_heartmula_muse_en_suno_en_029708_1,30s,HeartMuLa,development,complete,computed,computed,eligible,eligible,unavailable_fewer_than_3_sections_or_downbeat_spans,,
ai_heartmula_muse_en_suno_en_029735_0,30s,HeartMuLa,development,complete,computed,computed,eligible,eligible,unavailable_fewer_than_3_sections_or_downbeat_spans,,
ai_heartmula_muse_en_suno_en_030151_0,30s,HeartMuLa,development,complete,computed,computed,eligible,eligible,unavailable_fewer_than_3_sections_or_downbeat_spans,,
ai_heartmula_muse_en_suno_en_030373_1,30s,HeartMuLa,development,complete,computed,computed,eligible,eligible,unavailable_fewer_than_3_sections_or_downbeat_spans,,
ai_heartmula_muse_en_suno_en_030441_1,30s,HeartMuLa,development,complete,computed,computed,eligible,eligible,unavailable_fewer_than_3_sections_or_downbeat_spans,,
ai_heartmula_muse_en_suno_en_030623_1,30s,HeartMuLa,development,complete,computed,computed,eligible,eligible,unavailable_fewer_than_3_sections_or_downbeat_spans,,
ai_heartmula_muse_en_suno_en_030631_0,30s,HeartMuLa,development,complete,computed,computed,eligible,eligible,unavailable_fewer_than_3_sections_or_downbeat_spans,,
ai_heartmula_muse_en_suno_en_030691_0,30s,HeartMuLa,locked,complete,computed,computed,eligible,eligible,unavailable_fewer_than_3_sections_or_downbeat_spans,,
ai_heartmula_muse_en_suno_en_030973_1,30s,HeartMuLa,locked,complete,computed,computed,eligible,eligible,unavailable_fewer_than_3_sections_or_downbeat_spans,,
ai_heartmula_muse_en_suno_en_031001_1,30s,HeartMuLa,development,complete,computed,computed,eligible,eligible,unavailable_fewer_than_3_sections_or_downbeat_spans,,
ai_heartmula_muse_en_suno_en_031012_0,30s,HeartMuLa,development,complete,computed,computed,eligible,eligible,unavailable_fewer_than_3_sections_or_downbeat_spans,,
ai_heartmula_muse_en_suno_en_031167_1,30s,HeartMuLa,development,complete,computed,computed,eligible,eligible,eligible,,
ai_heartmula_muse_en_suno_en_031266_0,30s,HeartMuLa,locked,complete,computed,computed,eligible,eligible,unavailable_fewer_than_3_sections_or_downbeat_spans,,
ai_heartmula_muse_en_suno_en_031548_1,30s,HeartMuLa,development,complete,computed,computed,eligible,eligible,unavailable_fewer_than_3_sections_or_downbeat_spans,,
ai_heartmula_muse_en_suno_en_031573_1,30s,HeartMuLa,development,complete,computed,computed,eligible,eligible,unavailable_fewer_than_3_sections_or_downbeat_spans,,
ai_heartmula_muse_en_suno_en_031869_1,30s,HeartMuLa,development,complete,computed,computed,eligible,eligible,unavailable_fewer_than_3_sections_or_downbeat_spans,,
ai_heartmula_muse_en_suno_en_032496_1,30s,HeartMuLa,development,complete,computed,computed,eligible,eligible,unavailable_fewer_than_3_sections_or_downbeat_spans,,
ai_heartmula_muse_en_suno_en_032796_1,30s,HeartMuLa,locked,complete,computed,computed,eligible,eligible,unavailable_fewer_than_3_sections_or_downbeat_spans,,
ai_heartmula_muse_en_suno_en_032874_0,30s,HeartMuLa,locked,complete,computed,computed,eligible,eligible,unavailable_fewer_than_3_sections_or_downbeat_spans,,
ai_heartmula_muse_en_suno_en_032888_0,30s,HeartMuLa,development,complete,computed,computed,eligible,eligible,unavailable_fewer_than_3_sections_or_downbeat_spans,,
ai_heartmula_muse_en_suno_en_033015_1,30s,HeartMuLa,development,complete,computed,computed,eligible,eligible,unavailable_fewer_than_3_sections_or_downbeat_spans,,
ai_heartmula_muse_en_suno_en_033142_1,30s,HeartMuLa,locked,complete,computed,computed,eligible,eligible,unavailable_fewer_than_3_sections_or_downbeat_spans,,
ai_heartmula_muse_en_suno_en_033149_1,30s,HeartMuLa,development,complete,computed,computed,eligible,eligible,unavailable_fewer_than_3_sections_or_downbeat_spans,,
ai_heartmula_muse_en_suno_en_033249_1,30s,HeartMuLa,development,complete,computed,computed,eligible,eligible,eligible,,
ai_heartmula_muse_en_suno_en_033304_1,30s,HeartMuLa,locked,complete,computed,computed,eligible,eligible,unavailable_fewer_than_3_sections_or_downbeat_spans,,
ai_heartmula_muse_en_suno_en_033608_1,30s,HeartMuLa,development,complete,computed,computed,eligible,eligible,unavailable_fewer_than_3_sections_or_downbeat_spans,,
ai_heartmula_muse_en_suno_en_033892_1,30s,HeartMuLa,locked,complete,computed,computed,eligible,eligible,unavailable_fewer_than_3_sections_or_downbeat_spans,,
ai_heartmula_muse_en_suno_en_033908_1,30s,HeartMuLa,development,complete,computed,computed,eligible,eligible,unavailable_fewer_than_3_sections_or_downbeat_spans,,
ai_heartmula_muse_en_suno_en_034089_0,30s,HeartMuLa,locked,complete,computed,computed,eligible,eligible,unavailable_fewer_than_3_sections_or_downbeat_spans,,
ai_heartmula_muse_en_suno_en_034099_0,30s,HeartMuLa,development,complete,computed,computed,eligible,eligible,unavailable_fewer_than_3_sections_or_downbeat_spans,,
ai_heartmula_muse_en_suno_en_034129_0,30s,HeartMuLa,locked,complete,computed,computed,eligible,eligible,unavailable_fewer_than_3_sections_or_downbeat_spans,,
ai_heartmula_muse_en_suno_en_034135_1,30s,HeartMuLa,development,complete,computed,computed,eligible,eligible,unavailable_fewer_than_3_sections_or_downbeat_spans,,
ai_humair_suno_02db49220afe3195,30s,Suno,development,complete,computed,computed,eligible,eligible,unavailable_fewer_than_3_sections_or_downbeat_spans,,
ai_humair_suno_033dc40829db4b46,30s,Suno,development,complete,computed,computed,eligible,eligible,eligible,,
ai_humair_suno_0483f5d0856b5328,30s,Suno,development,complete,computed,computed,eligible,eligible,unavailable_fewer_than_3_sections_or_downbeat_spans,,
ai_humair_suno_04edc14433f18156,30s,Suno,locked,complete,computed,computed,eligible,eligible,unavailable_fewer_than_3_sections_or_downbeat_spans,,
ai_humair_suno_059f07040649934c,30s,Suno,development,complete,computed,computed,eligible,eligible,unavailable_fewer_than_3_sections_or_downbeat_spans,,
ai_humair_suno_0609ed47af961586,30s,Suno,development,complete,computed,computed,eligible,eligible,unavailable_fewer_than_3_sections_or_downbeat_spans,,
ai_humair_suno_07186fbd95b53581,30s,Suno,development,complete,computed,computed,eligible,eligible,unavailable_fewer_than_3_sections_or_downbeat_spans,,
ai_humair_suno_086fd0ba42dabf37,30s,Suno,development,complete,computed,computed,eligible,eligible,unavailable_fewer_than_3_sections_or_downbeat_spans,,
ai_humair_suno_09adf2597a3bfa1a,30s,Suno,development,complete,computed,computed,eligible,unavailable_fewer_than_16_beats_or_invalid_intervals,unavailable_fewer_than_3_sections_or_downbeat_spans,,
ai_humair_suno_09ba889f0e4dc521,30s,Suno,development,complete,computed,computed,eligible,eligible,unavailable_fewer_than_3_sections_or_downbeat_spans,,
ai_humair_suno_0a4a6c182363b2d8,30s,Suno,development,complete,computed,computed,eligible,eligible,unavailable_fewer_than_3_sections_or_downbeat_spans,,
ai_humair_suno_0bc194256a7c5cfa,30s,Suno,development,complete,computed,computed,eligible,eligible,eligible,,
ai_humair_suno_10fba3aaa5f80855,30s,Suno,development,complete,computed,computed,eligible,eligible,unavailable_fewer_than_3_sections_or_downbeat_spans,,
ai_humair_suno_136babb9388d7711,30s,Suno,development,complete,computed,computed,eligible,eligible,unavailable_fewer_than_3_sections_or_downbeat_spans,,
ai_humair_suno_144abee78d73f795,30s,Suno,development,complete,computed,computed,eligible,eligible,eligible,,
ai_humair_suno_152de32f36000673,30s,Suno,locked,complete,computed,computed,eligible,eligible,unavailable_fewer_than_3_sections_or_downbeat_spans,,
ai_humair_suno_17db3ca84b66c177,30s,Suno,development,complete,computed,computed,eligible,eligible,eligible,,
ai_humair_suno_18012a45df959455,30s,Suno,development,complete,computed,computed,eligible,eligible,eligible,,
ai_humair_suno_182a057435a3895d,30s,Suno,locked,complete,computed,computed,eligible,eligible,unavailable_fewer_than_3_sections_or_downbeat_spans,,
ai_humair_suno_18a4bb0ed6826214,30s,Suno,development,complete,computed,computed,eligible,eligible,eligible,,
ai_humair_suno_18c23dd7f74e04c2,30s,Suno,locked,complete,computed,computed,eligible,eligible,unavailable_fewer_than_3_sections_or_downbeat_spans,,
ai_humair_suno_19a6c00aa4a3fa54,30s,Suno,development,complete,computed,computed,eligible,eligible,unavailable_fewer_than_3_sections_or_downbeat_spans,,
ai_humair_suno_19e923de4a3568f9,30s,Suno,development,complete,computed,computed,eligible,eligible,unavailable_fewer_than_3_sections_or_downbeat_spans,,
ai_humair_suno_1a2a31746746632e,30s,Suno,development,complete,computed,computed,eligible,eligible,unavailable_fewer_than_3_sections_or_downbeat_spans,,
ai_humair_suno_1a2a63f8c603df45,30s,Suno,development,complete,computed,computed,eligible,eligible,eligible,,
ai_humair_suno_1b8bc8ef075842be,30s,Suno,development,complete,computed,computed,eligible,eligible,unavailable_fewer_than_3_sections_or_downbeat_spans,,
ai_humair_suno_1c283d216c47bb51,30s,Suno,development,complete,computed,computed,eligible,eligible,unavailable_fewer_than_3_sections_or_downbeat_spans,,
ai_humair_suno_1c2990e75b383ddc,30s,Suno,development,complete,computed,computed,eligible,eligible,unavailable_fewer_than_3_sections_or_downbeat_spans,,
ai_humair_suno_1d08313e74204509,30s,Suno,development,complete,computed,computed,eligible,eligible,unavailable_fewer_than_3_sections_or_downbeat_spans,,
ai_humair_suno_1d11bffb2b01565e,30s,Suno,development,complete,computed,computed,eligible,eligible,unavailable_fewer_than_3_sections_or_downbeat_spans,,
ai_humair_suno_1db07405bd41a8e4,30s,Suno,development,complete,computed,computed,eligible,eligible,unavailable_fewer_than_3_sections_or_downbeat_spans,,
ai_humair_suno_20a692611666dfcd,30s,Suno,development,complete,computed,computed,eligible,eligible,eligible,,
ai_humair_suno_20dc158503b263d2,30s,Suno,locked,complete,computed,computed,eligible,eligible,unavailable_fewer_than_3_sections_or_downbeat_spans,,
ai_humair_suno_26123b3eaa07785b,30s,Suno,locked,complete,computed,computed,eligible,eligible,unavailable_fewer_than_3_sections_or_downbeat_spans,,
ai_humair_suno_263481e74f9c96fb,30s,Suno,development,complete,computed,computed,eligible,eligible,unavailable_fewer_than_3_sections_or_downbeat_spans,,
ai_humair_suno_26e5becc3a4e5f97,30s,Suno,development,complete,computed,computed,eligible,eligible,unavailable_fewer_than_3_sections_or_downbeat_spans,,
ai_humair_suno_28358d5c94aed2d7,30s,Suno,development,complete,computed,computed,eligible,eligible,unavailable_fewer_than_3_sections_or_downbeat_spans,,
ai_humair_suno_2872d08c01e89604,30s,Suno,development,complete,computed,computed,eligible,eligible,eligible,,
ai_humair_suno_28fa8f2e3b66c337,30s,Suno,locked,complete,computed,computed,eligible,eligible,unavailable_fewer_than_3_sections_or_downbeat_spans,,
ai_humair_suno_29b0511ae2ab79e8,30s,Suno,development,complete,computed,computed,eligible,eligible,eligible,,
ai_humair_suno_29f9ccdc25cd9122,30s,Suno,development,complete,computed,computed,eligible,eligible,unavailable_fewer_than_3_sections_or_downbeat_spans,,
ai_humair_suno_2abcb235b0120f94,30s,Suno,development,complete,computed,computed,eligible,eligible,unavailable_fewer_than_3_sections_or_downbeat_spans,,
ai_humair_suno_2af044321b79f217,30s,Suno,development,complete,computed,computed,eligible,eligible,unavailable_fewer_than_3_sections_or_downbeat_spans,,
ai_humair_suno_2b2d6132ca42bb2f,30s,Suno,development,complete,computed,computed,eligible,eligible,unavailable_fewer_than_3_sections_or_downbeat_spans,,
ai_humair_suno_2b9c7cbbf14562ba,30s,Suno,development,complete,computed,computed,eligible,eligible,unavailable_fewer_than_3_sections_or_downbeat_spans,,
ai_humair_suno_2cccdc5dca128fe5,30s,Suno,development,complete,computed,computed,eligible,eligible,eligible,,
ai_humair_suno_2cff478177049993,30s,Suno,development,complete,computed,computed,eligible,eligible,eligible,,
ai_humair_suno_2d9e55152457a8d4,30s,Suno,development,complete,computed,computed,eligible,eligible,unavailable_fewer_than_3_sections_or_downbeat_spans,,
ai_humair_suno_2f9c5bc65ee0fc85,30s,Suno,development,complete,computed,computed,eligible,eligible,unavailable_fewer_than_3_sections_or_downbeat_spans,,
ai_humair_suno_312a3121e32804ab,30s,Suno,locked,complete,computed,computed,eligible,eligible,unavailable_fewer_than_3_sections_or_downbeat_spans,,
ai_humair_suno_318f0d9ccc13b7aa,30s,Suno,development,complete,computed,computed,eligible,eligible,unavailable_fewer_than_3_sections_or_downbeat_spans,,
ai_humair_suno_31f11ba963bb79f7,30s,Suno,development,complete,computed,computed,eligible,eligible,unavailable_fewer_than_3_sections_or_downbeat_spans,,
ai_humair_suno_3320421ad4385efa,30s,Suno,development,complete,computed,computed,eligible,eligible,unavailable_fewer_than_3_sections_or_downbeat_spans,,
ai_humair_suno_34276495a30c6bee,30s,Suno,development,complete,computed,computed,eligible,eligible,eligible,,
ai_humair_suno_343af0bbf1988095,30s,Suno,development,complete,computed,computed,eligible,eligible,unavailable_fewer_than_3_sections_or_downbeat_spans,,
ai_humair_suno_3503e6af97f544ea,30s,Suno,development,complete,computed,computed,eligible,eligible,unavailable_fewer_than_3_sections_or_downbeat_spans,,
ai_humair_suno_35067abc3ef97f68,30s,Suno,locked,complete,computed,computed,eligible,eligible,unavailable_fewer_than_3_sections_or_downbeat_spans,,
ai_humair_suno_35aa05ea2dae15ec,30s,Suno,development,complete,computed,computed,eligible,eligible,unavailable_fewer_than_3_sections_or_downbeat_spans,,
ai_humair_suno_37dc6a153fad8d1a,30s,Suno,development,complete,computed,computed,eligible,eligible,eligible,,
ai_humair_suno_38e9856e17f4a4c1,30s,Suno,locked,complete,computed,computed,eligible,eligible,unavailable_fewer_than_3_sections_or_downbeat_spans,,
ai_humair_suno_3b3c4d7981b2cb1f,30s,Suno,locked,complete,computed,computed,eligible,eligible,unavailable_fewer_than_3_sections_or_downbeat_spans,,
ai_humair_suno_3b98fb8107dec899,30s,Suno,development,complete,computed,computed,eligible,eligible,unavailable_fewer_than_3_sections_or_downbeat_spans,,
ai_humair_suno_3c1f1d3b3850274d,30s,Suno,development,complete,computed,computed,eligible,eligible,unavailable_fewer_than_3_sections_or_downbeat_spans,,
ai_humair_suno_3c4569b890d85e3a,30s,Suno,development,complete,computed,computed,eligible,eligible,eligible,,
ai_humair_suno_3c5137e99d6036b7,30s,Suno,development,complete,computed,computed,eligible,eligible,unavailable_fewer_than_3_sections_or_downbeat_spans,,
ai_humair_suno_3d07b838f88cd5aa,30s,Suno,development,complete,computed,computed,eligible,eligible,unavailable_fewer_than_3_sections_or_downbeat_spans,,
ai_humair_suno_3e9371dbc1664bb7,30s,Suno,development,complete,computed,computed,eligible,eligible,unavailable_fewer_than_3_sections_or_downbeat_spans,,
ai_humair_suno_3f3a4f7ebe58eb23,30s,Suno,development,complete,computed,computed,eligible,eligible,unavailable_fewer_than_3_sections_or_downbeat_spans,,
ai_humair_suno_4057bac14aa84772,30s,Suno,locked,complete,computed,computed,eligible,eligible,unavailable_fewer_than_3_sections_or_downbeat_spans,,
ai_humair_suno_438cdca91cd32265,30s,Suno,locked,complete,computed,computed,eligible,eligible,unavailable_fewer_than_3_sections_or_downbeat_spans,,
ai_humair_suno_454ada14a99e938c,30s,Suno,development,complete,computed,computed,eligible,eligible,eligible,,
ai_humair_suno_4556dbf87de66291,30s,Suno,locked,complete,computed,computed,eligible,eligible,unavailable_fewer_than_3_sections_or_downbeat_spans,,
ai_humair_suno_4c331b3d0440fd3e,30s,Suno,development,complete,computed,computed,eligible,eligible,eligible,,
ai_humair_suno_4d29c7c9f368b9ef,30s,Suno,development,complete,computed,computed,eligible,eligible,unavailable_fewer_than_3_sections_or_downbeat_spans,,
ai_humair_suno_4d34bd5d2dbf28c5,30s,Suno,locked,complete,computed,computed,eligible,eligible,eligible,,
ai_humair_suno_4d67f4e24c4924af,30s,Suno,locked,complete,computed,computed,eligible,eligible,eligible,,
ai_humair_suno_4ff271271ed23f1e,30s,Suno,development,complete,computed,computed,eligible,eligible,unavailable_fewer_than_3_sections_or_downbeat_spans,,
ai_humair_suno_51fee96fea090e23,30s,Suno,development,complete,computed,computed,eligible,eligible,unavailable_fewer_than_3_sections_or_downbeat_spans,,
ai_humair_suno_53290bf3a110b301,30s,Suno,development,complete,computed,computed,eligible,eligible,unavailable_fewer_than_3_sections_or_downbeat_spans,,
ai_humair_suno_538a02df5e87af4e,30s,Suno,development,complete,computed,computed,eligible,eligible,unavailable_fewer_than_3_sections_or_downbeat_spans,,
ai_humair_suno_54cfafb6f8fb7c49,30s,Suno,development,complete,computed,computed,eligible,eligible,unavailable_fewer_than_3_sections_or_downbeat_spans,,
ai_humair_suno_56db174c0389ef06,30s,Suno,development,complete,computed,computed,eligible,eligible,eligible,,
ai_humair_suno_56fffde9355daa6e,30s,Suno,development,complete,computed,computed,eligible,eligible,unavailable_fewer_than_3_sections_or_downbeat_spans,,
ai_humair_suno_5758d9aa5412e565,30s,Suno,development,complete,computed,computed,eligible,eligible,unavailable_fewer_than_3_sections_or_downbeat_spans,,
ai_humair_suno_57f836c1a26b50ab,30s,Suno,locked,complete,computed,computed,eligible,eligible,unavailable_fewer_than_3_sections_or_downbeat_spans,,
ai_humair_suno_58fd24c2f68cfa6f,30s,Suno,development,complete,computed,computed,eligible,eligible,unavailable_fewer_than_3_sections_or_downbeat_spans,,
ai_humair_suno_5a7ce363709b27a0,30s,Suno,development,complete,computed,computed,eligible,eligible,unavailable_fewer_than_3_sections_or_downbeat_spans,,
ai_humair_suno_5e0553a22cc0aaf4,30s,Suno,development,complete,computed,computed,eligible,eligible,unavailable_fewer_than_3_sections_or_downbeat_spans,,
ai_humair_suno_606dbd208faca5ef,30s,Suno,development,complete,computed,computed,eligible,eligible,unavailable_fewer_than_3_sections_or_downbeat_spans,,
ai_humair_suno_62f847798616ebe8,30s,Suno,development,complete,computed,computed,eligible,eligible,unavailable_fewer_than_3_sections_or_downbeat_spans,,
ai_humair_suno_63496380dc8ffffc,30s,Suno,development,complete,computed,computed,eligible,eligible,unavailable_fewer_than_3_sections_or_downbeat_spans,,
ai_humair_suno_63be33c2bb095174,30s,Suno,development,complete,computed,computed,eligible,eligible,unavailable_fewer_than_3_sections_or_downbeat_spans,,
ai_humair_suno_65edc7c63935f741,30s,Suno,development,complete,computed,computed,eligible,eligible,unavailable_fewer_than_3_sections_or_downbeat_spans,,
ai_humair_suno_6646de5bc624ae60,30s,Suno,development,complete,computed,computed,eligible,eligible,unavailable_fewer_than_3_sections_or_downbeat_spans,,
ai_humair_suno_6661bbbfd607fcec,30s,Suno,development,complete,computed,computed,eligible,eligible,unavailable_fewer_than_3_sections_or_downbeat_spans,,
ai_humair_suno_67c45c95b036d8e7,30s,Suno,development,complete,computed,computed,eligible,eligible,eligible,,
ai_humair_suno_67d240ce470a75a1,30s,Suno,development,complete,computed,computed,eligible,eligible,unavailable_fewer_than_3_sections_or_downbeat_spans,,
ai_humair_suno_680448ce2f9caa94,30s,Suno,development,complete,computed,computed,eligible,eligible,unavailable_fewer_than_3_sections_or_downbeat_spans,,
ai_humair_suno_6a03d489df449961,30s,Suno,development,complete,computed,computed,eligible,eligible,unavailable_fewer_than_3_sections_or_downbeat_spans,,
ai_humair_suno_6ac6fbc14c9507c3,30s,Suno,development,complete,computed,computed,eligible,eligible,unavailable_fewer_than_3_sections_or_downbeat_spans,,
ai_humair_suno_6b585afa0b6da984,30s,Suno,development,complete,computed,computed,eligible,eligible,unavailable_fewer_than_3_sections_or_downbeat_spans,,
ai_humair_suno_6c3a4b33b508a148,30s,Suno,development,complete,computed,computed,eligible,eligible,unavailable_fewer_than_3_sections_or_downbeat_spans,,
ai_humair_suno_6c5492e4d30b1060,30s,Suno,locked,complete,computed,computed,eligible,eligible,unavailable_fewer_than_3_sections_or_downbeat_spans,,
ai_humair_suno_6dfbb9342808ea99,30s,Suno,development,complete,computed,computed,eligible,eligible,eligible,,
ai_humair_suno_7047bb9900420682,30s,Suno,locked,complete,computed,computed,eligible,eligible,unavailable_fewer_than_3_sections_or_downbeat_spans,,
ai_humair_suno_71d4cfd7c5465ef2,30s,Suno,development,complete,computed,computed,eligible,eligible,unavailable_fewer_than_3_sections_or_downbeat_spans,,
ai_humair_suno_7231b9bc1cb5545f,30s,Suno,development,complete,computed,computed,eligible,eligible,eligible,,
ai_humair_suno_7257973de26fa708,30s,Suno,development,complete,computed,computed,eligible,eligible,unavailable_fewer_than_3_sections_or_downbeat_spans,,
ai_humair_suno_738504d1bd7cabd5,30s,Suno,development,complete,computed,computed,eligible,eligible,eligible,,
ai_humair_suno_74f3915e54f5100d,30s,Suno,development,complete,computed,computed,eligible,eligible,unavailable_fewer_than_3_sections_or_downbeat_spans,,
ai_humair_suno_75d05749833c9ebc,30s,Suno,development,complete,computed,computed,eligible,eligible,unavailable_fewer_than_3_sections_or_downbeat_spans,,
ai_humair_suno_765fbddac7337d81,30s,Suno,development,complete,computed,computed,eligible,eligible,unavailable_fewer_than_3_sections_or_downbeat_spans,,
ai_humair_suno_7698fc655317d384,30s,Suno,locked,complete,computed,computed,eligible,eligible,unavailable_fewer_than_3_sections_or_downbeat_spans,,
ai_humair_suno_76a127b24991ad7e,30s,Suno,locked,complete,computed,computed,eligible,eligible,unavailable_fewer_than_3_sections_or_downbeat_spans,,
ai_humair_suno_77be477b092015a3,30s,Suno,locked,complete,computed,computed,eligible,eligible,eligible,,
ai_humair_suno_789c4c59af087632,30s,Suno,development,complete,computed,computed,eligible,eligible,unavailable_fewer_than_3_sections_or_downbeat_spans,,
ai_humair_suno_78c5fc2bcc5387f0,30s,Suno,development,complete,computed,computed,eligible,eligible,unavailable_fewer_than_3_sections_or_downbeat_spans,,
ai_humair_suno_78e5246c955c2802,30s,Suno,development,complete,computed,computed,eligible,eligible,eligible,,
ai_humair_suno_79645399c21f2431,30s,Suno,development,complete,computed,computed,eligible,eligible,eligible,,
ai_humair_suno_7a98f1d5a24be883,30s,Suno,development,complete,computed,computed,eligible,eligible,unavailable_fewer_than_3_sections_or_downbeat_spans,,
ai_humair_suno_7bd72d9b62174bb7,30s,Suno,development,complete,computed,computed,eligible,eligible,unavailable_fewer_than_3_sections_or_downbeat_spans,,
ai_humair_suno_7ecf39f3227fe44e,30s,Suno,development,complete,computed,computed,eligible,eligible,eligible,,
ai_humair_suno_800df1d25ce03553,30s,Suno,development,complete,computed,computed,eligible,eligible,unavailable_fewer_than_3_sections_or_downbeat_spans,,
ai_humair_suno_81b99b2e56edda67,30s,Suno,locked,complete,computed,computed,eligible,eligible,eligible,,
ai_humair_suno_8222d8be90f688f0,30s,Suno,development,complete,computed,computed,eligible,eligible,unavailable_fewer_than_3_sections_or_downbeat_spans,,
ai_humair_suno_837749fc68033edc,30s,Suno,development,complete,computed,computed,eligible,eligible,unavailable_fewer_than_3_sections_or_downbeat_spans,,
ai_humair_suno_845bd32d408ed6a1,30s,Suno,development,complete,computed,computed,eligible,eligible,eligible,,
ai_humair_suno_858a1c6e95ab316e,30s,Suno,development,complete,computed,computed,eligible,eligible,unavailable_fewer_than_3_sections_or_downbeat_spans,,
ai_humair_suno_87b774e0ccd01680,30s,Suno,development,complete,computed,computed,eligible,eligible,unavailable_fewer_than_3_sections_or_downbeat_spans,,
ai_humair_suno_885e34fb8fc9767d,30s,Suno,development,complete,computed,computed,eligible,eligible,unavailable_fewer_than_3_sections_or_downbeat_spans,,
ai_humair_suno_88f64810b9514006,30s,Suno,locked,complete,computed,computed,eligible,eligible,unavailable_fewer_than_3_sections_or_downbeat_spans,,
ai_humair_suno_8a7e3a7b71d08e5d,30s,Suno,locked,complete,computed,computed,eligible,eligible,unavailable_fewer_than_3_sections_or_downbeat_spans,,
ai_humair_suno_8b6abfcd79127133,30s,Suno,locked,complete,computed,computed,eligible,eligible,unavailable_fewer_than_3_sections_or_downbeat_spans,,
ai_humair_suno_8bb34ad6d9d9d68a,30s,Suno,development,complete,computed,computed,eligible,eligible,unavailable_fewer_than_3_sections_or_downbeat_spans,,
ai_humair_suno_8c167dca4308215a,30s,Suno,development,complete,computed,computed,eligible,eligible,unavailable_fewer_than_3_sections_or_downbeat_spans,,
ai_humair_suno_8e07601f1ccdb87c,30s,Suno,development,complete,computed,computed,eligible,eligible,unavailable_fewer_than_3_sections_or_downbeat_spans,,
ai_humair_suno_8ff885582d3feb61,30s,Suno,development,complete,computed,computed,eligible,eligible,unavailable_fewer_than_3_sections_or_downbeat_spans,,
ai_humair_suno_916631923026823b,30s,Suno,locked,complete,computed,computed,eligible,eligible,unavailable_fewer_than_3_sections_or_downbeat_spans,,
ai_humair_suno_9208b203780c08c8,30s,Suno,development,complete,computed,computed,eligible,eligible,unavailable_fewer_than_3_sections_or_downbeat_spans,,
ai_humair_suno_94dcb51b17f9773d,30s,Suno,locked,complete,computed,computed,eligible,eligible,unavailable_fewer_than_3_sections_or_downbeat_spans,,
ai_humair_suno_9527680021b04146,30s,Suno,development,complete,computed,computed,eligible,eligible,unavailable_fewer_than_3_sections_or_downbeat_spans,,
ai_humair_suno_973951cc5a15424d,30s,Suno,development,complete,computed,computed,eligible,unavailable_fewer_than_16_beats_or_invalid_intervals,eligible,,
ai_humair_suno_97959b3e243aacc2,30s,Suno,development,complete,computed,computed,eligible,eligible,eligible,,
ai_humair_suno_97f75f0dcc2a9c06,30s,Suno,development,complete,computed,computed,eligible,eligible,eligible,,
ai_humair_suno_9adcf080cac737cc,30s,Suno,development,complete,computed,computed,eligible,eligible,unavailable_fewer_than_3_sections_or_downbeat_spans,,
ai_humair_suno_9afb134d89f43738,30s,Suno,development,complete,computed,computed,eligible,eligible,unavailable_fewer_than_3_sections_or_downbeat_spans,,
ai_humair_suno_9b948230bd8b00c2,30s,Suno,development,complete,computed,computed,eligible,eligible,unavailable_fewer_than_3_sections_or_downbeat_spans,,
ai_humair_suno_9c1200e7a52c7585,30s,Suno,development,complete,computed,computed,eligible,eligible,unavailable_fewer_than_3_sections_or_downbeat_spans,,
ai_humair_suno_9c9cc41a3ceadec7,30s,Suno,development,complete,computed,computed,eligible,eligible,eligible,,
ai_humair_suno_9d3e253e21d34aa2,30s,Suno,development,complete,computed,computed,eligible,eligible,eligible,,
ai_humair_suno_9d7736b2b154b15a,30s,Suno,development,complete,computed,computed,eligible,eligible,eligible,,
ai_humair_suno_9e4cc7b009551a19,30s,Suno,development,complete,computed,computed,eligible,eligible,unavailable_fewer_than_3_sections_or_downbeat_spans,,
ai_humair_suno_9eb2454c3a01a90d,30s,Suno,development,complete,computed,computed,eligible,eligible,eligible,,
ai_humair_suno_9f5c53b0eff942ae,30s,Suno,development,complete,computed,computed,eligible,eligible,unavailable_fewer_than_3_sections_or_downbeat_spans,,
ai_humair_suno_a220189a85f73f58,30s,Suno,development,complete,computed,computed,eligible,eligible,unavailable_fewer_than_3_sections_or_downbeat_spans,,
ai_humair_suno_a24d88b2f00e55d9,30s,Suno,development,complete,computed,computed,eligible,eligible,eligible,,
ai_humair_suno_a33faca410189c6f,30s,Suno,development,complete,computed,computed,eligible,eligible,unavailable_fewer_than_3_sections_or_downbeat_spans,,
ai_humair_suno_a48e1e29c5502678,30s,Suno,development,complete,computed,computed,eligible,eligible,unavailable_fewer_than_3_sections_or_downbeat_spans,,
ai_humair_suno_a54ded46d667294f,30s,Suno,locked,complete,computed,computed,eligible,eligible,unavailable_fewer_than_3_sections_or_downbeat_spans,,
ai_humair_suno_a64e95ec4ccb144e,30s,Suno,locked,complete,computed,computed,eligible,eligible,eligible,,
ai_humair_suno_a6adc7efe4a28ecc,30s,Suno,development,complete,computed,computed,eligible,eligible,unavailable_fewer_than_3_sections_or_downbeat_spans,,
ai_humair_suno_a85c16a832010362,30s,Suno,development,complete,computed,computed,eligible,eligible,eligible,,
ai_humair_suno_a9f72cde95a69f23,30s,Suno,development,complete,computed,computed,eligible,eligible,unavailable_fewer_than_3_sections_or_downbeat_spans,,
ai_humair_suno_aa8e607d0523ae0c,30s,Suno,development,complete,computed,computed,eligible,eligible,eligible,,
ai_humair_suno_abf941d4ad94a633,30s,Suno,development,complete,computed,computed,eligible,eligible,eligible,,
ai_humair_suno_acbb6e7809648045,30s,Suno,development,complete,computed,computed,eligible,eligible,unavailable_fewer_than_3_sections_or_downbeat_spans,,
ai_humair_suno_ada9f22d5d1ebed0,30s,Suno,development,complete,computed,computed,eligible,eligible,unavailable_fewer_than_3_sections_or_downbeat_spans,,
ai_humair_suno_adba7953ccbc97be,30s,Suno,locked,complete,computed,computed,eligible,eligible,unavailable_fewer_than_3_sections_or_downbeat_spans,,
ai_humair_suno_ae12488731d1f1c0,30s,Suno,development,complete,computed,computed,eligible,eligible,unavailable_fewer_than_3_sections_or_downbeat_spans,,
ai_humair_suno_af2ab270b4a82a94,30s,Suno,development,complete,computed,computed,eligible,eligible,unavailable_fewer_than_3_sections_or_downbeat_spans,,
ai_humair_suno_b311925d9e12a0d1,30s,Suno,locked,complete,computed,computed,eligible,eligible,unavailable_fewer_than_3_sections_or_downbeat_spans,,
ai_humair_suno_b3e94e2c40624458,30s,Suno,development,complete,computed,computed,eligible,eligible,unavailable_fewer_than_3_sections_or_downbeat_spans,,
ai_humair_suno_b52ae2892af723a4,30s,Suno,development,complete,computed,computed,eligible,eligible,unavailable_fewer_than_3_sections_or_downbeat_spans,,
ai_humair_suno_b5a66443c979aea1,30s,Suno,development,complete,computed,computed,eligible,eligible,unavailable_fewer_than_3_sections_or_downbeat_spans,,
ai_humair_suno_b7ef1509a4f3671a,30s,Suno,locked,complete,computed,computed,eligible,eligible,unavailable_fewer_than_3_sections_or_downbeat_spans,,
ai_humair_suno_b98e1162aed40f86,30s,Suno,development,complete,computed,computed,eligible,eligible,eligible,,
ai_humair_suno_bac8d3588b3ee523,30s,Suno,development,complete,computed,computed,eligible,eligible,unavailable_fewer_than_3_sections_or_downbeat_spans,,
ai_humair_suno_bbaa678e26a27f7a,30s,Suno,development,complete,computed,computed,eligible,eligible,eligible,,
ai_humair_suno_bc79b1940b1fea58,30s,Suno,development,complete,computed,computed,eligible,eligible,unavailable_fewer_than_3_sections_or_downbeat_spans,,
ai_humair_suno_bd2f9c22f6d6df84,30s,Suno,development,complete,computed,computed,eligible,eligible,unavailable_fewer_than_3_sections_or_downbeat_spans,,
ai_humair_suno_bd7d74791b052ab7,30s,Suno,locked,complete,computed,computed,eligible,eligible,eligible,,
ai_humair_suno_bee1ad92b34df880,30s,Suno,development,complete,computed,computed,eligible,eligible,eligible,,
ai_humair_suno_bf5dd68706a6c9dc,30s,Suno,development,complete,computed,computed,eligible,eligible,unavailable_fewer_than_3_sections_or_downbeat_spans,,
ai_humair_suno_c0bd15ab3081fc4a,30s,Suno,development,complete,computed,computed,eligible,eligible,unavailable_fewer_than_3_sections_or_downbeat_spans,,
ai_humair_suno_c3d91c7866f2eba6,30s,Suno,development,complete,computed,computed,eligible,eligible,unavailable_fewer_than_3_sections_or_downbeat_spans,,
ai_humair_suno_c550b0e6c7bf4772,30s,Suno,development,complete,computed,computed,eligible,eligible,unavailable_fewer_than_3_sections_or_downbeat_spans,,
ai_humair_suno_c6d5003dc5201589,30s,Suno,development,complete,computed,computed,eligible,eligible,eligible,,
ai_humair_suno_c717fdff11899df3,30s,Suno,development,complete,computed,computed,eligible,eligible,unavailable_fewer_than_3_sections_or_downbeat_spans,,
ai_humair_suno_c7484a112390015d,30s,Suno,development,complete,computed,computed,eligible,eligible,unavailable_fewer_than_3_sections_or_downbeat_spans,,
ai_humair_suno_c84d7cfc620591f4,30s,Suno,locked,complete,computed,computed,eligible,eligible,unavailable_fewer_than_3_sections_or_downbeat_spans,,
ai_humair_suno_c97869da8a60f900,30s,Suno,development,complete,computed,computed,eligible,eligible,unavailable_fewer_than_3_sections_or_downbeat_spans,,
ai_humair_suno_c9c697acef20e3a1,30s,Suno,development,complete,computed,computed,eligible,eligible,eligible,,
ai_humair_suno_c9f70d19d6e6e641,30s,Suno,development,complete,computed,computed,eligible,eligible,eligible,,
ai_humair_suno_cb09eee5bc090635,30s,Suno,development,complete,computed,computed,eligible,eligible,unavailable_fewer_than_3_sections_or_downbeat_spans,,
ai_humair_suno_cb6f210c16fa1dd1,30s,Suno,locked,complete,computed,computed,eligible,eligible,eligible,,
ai_humair_suno_cbc5fe43d76d3ac3,30s,Suno,development,complete,computed,computed,eligible,eligible,unavailable_fewer_than_3_sections_or_downbeat_spans,,
ai_humair_suno_cc04d65ea9e1b3b2,30s,Suno,development,complete,computed,computed,eligible,eligible,unavailable_fewer_than_3_sections_or_downbeat_spans,,
ai_humair_suno_cd89b1bbaf959cc8,30s,Suno,development,complete,computed,computed,eligible,eligible,unavailable_fewer_than_3_sections_or_downbeat_spans,,
ai_humair_suno_ce6649bb4fa52a75,30s,Suno,locked,complete,computed,computed,eligible,eligible,unavailable_fewer_than_3_sections_or_downbeat_spans,,
ai_humair_suno_ce72773ededa9033,30s,Suno,development,complete,computed,computed,eligible,eligible,unavailable_fewer_than_3_sections_or_downbeat_spans,,
ai_humair_suno_d0e9ab00243916ce,30s,Suno,development,complete,computed,computed,eligible,eligible,unavailable_fewer_than_3_sections_or_downbeat_spans,,
ai_humair_suno_d0f0e3e29693f67e,30s,Suno,development,complete,computed,computed,eligible,eligible,eligible,,
ai_humair_suno_d2c6905c0a1953bd,30s,Suno,development,complete,computed,computed,eligible,eligible,unavailable_fewer_than_3_sections_or_downbeat_spans,,
ai_humair_suno_d330bad19759e694,30s,Suno,locked,complete,computed,computed,eligible,eligible,unavailable_fewer_than_3_sections_or_downbeat_spans,,
ai_humair_suno_d37317068084c3b8,30s,Suno,development,complete,computed,computed,eligible,eligible,unavailable_fewer_than_3_sections_or_downbeat_spans,,
ai_humair_suno_d53cdc461a57bb16,30s,Suno,locked,complete,computed,computed,eligible,eligible,unavailable_fewer_than_3_sections_or_downbeat_spans,,
ai_humair_suno_d693b0c870b080f9,30s,Suno,development,complete,computed,computed,eligible,eligible,unavailable_fewer_than_3_sections_or_downbeat_spans,,
ai_humair_suno_d6dd74752fc3acde,30s,Suno,development,complete,computed,computed,eligible,eligible,unavailable_fewer_than_3_sections_or_downbeat_spans,,
ai_humair_suno_d7715d80bc4a56de,30s,Suno,development,complete,computed,computed,eligible,eligible,eligible,,
ai_humair_suno_d7c6626cd3066815,30s,Suno,development,complete,computed,computed,eligible,eligible,unavailable_fewer_than_3_sections_or_downbeat_spans,,
ai_humair_suno_d80134eebd48510d,30s,Suno,locked,complete,computed,computed,eligible,eligible,unavailable_fewer_than_3_sections_or_downbeat_spans,,
ai_humair_suno_d8e267cb0d0e9bc2,30s,Suno,development,complete,computed,computed,eligible,eligible,eligible,,
ai_humair_suno_da1d2771b508bfa3,30s,Suno,locked,complete,computed,computed,eligible,eligible,eligible,,
ai_humair_suno_da8528306bafba38,30s,Suno,development,complete,computed,computed,eligible,eligible,unavailable_fewer_than_3_sections_or_downbeat_spans,,
ai_humair_suno_dbe96958e620571d,30s,Suno,development,complete,computed,computed,eligible,eligible,unavailable_fewer_than_3_sections_or_downbeat_spans,,
ai_humair_suno_dd6c2b598eb8704b,30s,Suno,development,complete,computed,computed,eligible,eligible,unavailable_fewer_than_3_sections_or_downbeat_spans,,
ai_humair_suno_de90c6ba433f0815,30s,Suno,locked,complete,computed,computed,eligible,eligible,eligible,,
ai_humair_suno_deb2ec7bcebd85d7,30s,Suno,development,complete,computed,computed,eligible,eligible,unavailable_fewer_than_3_sections_or_downbeat_spans,,
ai_humair_suno_dfe492b197280c24,30s,Suno,development,complete,computed,computed,eligible,eligible,eligible,,
ai_humair_suno_e13c0a7bf49c0ae4,30s,Suno,development,complete,computed,computed,eligible,eligible,unavailable_fewer_than_3_sections_or_downbeat_spans,,
ai_humair_suno_e17dd4e67168620d,30s,Suno,locked,complete,computed,computed,eligible,eligible,unavailable_fewer_than_3_sections_or_downbeat_spans,,
ai_humair_suno_e2d0d33d58fa0135,30s,Suno,development,complete,computed,computed,eligible,eligible,eligible,,
ai_humair_suno_e61de48757a3b332,30s,Suno,development,complete,computed,computed,eligible,eligible,unavailable_fewer_than_3_sections_or_downbeat_spans,,
ai_humair_suno_e7177bd8575c7af9,30s,Suno,locked,complete,computed,computed,eligible,eligible,unavailable_fewer_than_3_sections_or_downbeat_spans,,
ai_humair_suno_ea377b86e0a25a40,30s,Suno,development,complete,computed,computed,eligible,eligible,unavailable_fewer_than_3_sections_or_downbeat_spans,,
ai_humair_suno_eb59791a91fc6f5b,30s,Suno,development,complete,computed,computed,eligible,eligible,unavailable_fewer_than_3_sections_or_downbeat_spans,,
ai_humair_suno_ec42b9f50c359594,30s,Suno,development,complete,computed,computed,eligible,eligible,unavailable_fewer_than_3_sections_or_downbeat_spans,,
ai_humair_suno_eca53efa9e3c64de,30s,Suno,locked,complete,computed,computed,eligible,eligible,unavailable_fewer_than_3_sections_or_downbeat_spans,,
ai_humair_suno_ecc4ae7bc05009c8,30s,Suno,locked,complete,computed,computed,eligible,eligible,unavailable_fewer_than_3_sections_or_downbeat_spans,,
ai_humair_suno_eec2ae721fdd4e59,30s,Suno,development,complete,computed,computed,eligible,eligible,unavailable_fewer_than_3_sections_or_downbeat_spans,,
ai_humair_suno_ef138ac33290c165,30s,Suno,development,complete,computed,computed,eligible,eligible,unavailable_fewer_than_3_sections_or_downbeat_spans,,
ai_humair_suno_ef79961d578cd9d4,30s,Suno,locked,complete,computed,computed,eligible,eligible,unavailable_fewer_than_3_sections_or_downbeat_spans,,
ai_humair_suno_f0a99c3ba5211bd6,30s,Suno,locked,complete,computed,computed,eligible,eligible,unavailable_fewer_than_3_sections_or_downbeat_spans,,
ai_humair_suno_f1234c3264ef652a,30s,Suno,development,complete,computed,computed,eligible,eligible,eligible,,
ai_humair_suno_f19729fa6d5701ee,30s,Suno,development,complete,computed,computed,eligible,eligible,unavailable_fewer_than_3_sections_or_downbeat_spans,,
ai_humair_suno_f594377e7d98185a,30s,Suno,development,complete,computed,computed,eligible,eligible,unavailable_fewer_than_3_sections_or_downbeat_spans,,
ai_humair_suno_f5a94ad9701f4f4c,30s,Suno,development,complete,computed,computed,eligible,eligible,unavailable_fewer_than_3_sections_or_downbeat_spans,,
ai_humair_suno_f5e8850f686cbd5a,30s,Suno,locked,complete,computed,computed,eligible,eligible,unavailable_fewer_than_3_sections_or_downbeat_spans,,
ai_humair_suno_f625ed1a0a66a71d,30s,Suno,development,complete,computed,computed,eligible,eligible,unavailable_fewer_than_3_sections_or_downbeat_spans,,
ai_humair_suno_f70adea51a0b9006,30s,Suno,development,complete,computed,computed,eligible,eligible,unavailable_fewer_than_3_sections_or_downbeat_spans,,
ai_humair_suno_f973109696cd571a,30s,Suno,development,complete,computed,computed,eligible,eligible,unavailable_fewer_than_3_sections_or_downbeat_spans,,
ai_humair_suno_f98c0213b22e8245,30s,Suno,development,complete,computed,computed,eligible,eligible,unavailable_fewer_than_3_sections_or_downbeat_spans,,
ai_humair_suno_f9a1fa59080191c7,30s,Suno,development,complete,computed,computed,eligible,eligible,eligible,,
ai_humair_suno_f9db5e9289ebb272,30s,Suno,locked,complete,computed,computed,eligible,eligible,unavailable_fewer_than_3_sections_or_downbeat_spans,,
ai_humair_suno_faa99760769dbcfe,30s,Suno,development,complete,computed,computed,eligible,eligible,unavailable_fewer_than_3_sections_or_downbeat_spans,,
ai_humair_suno_fc44feb7f92c3679,30s,Suno,development,complete,computed,computed,eligible,eligible,unavailable_fewer_than_3_sections_or_downbeat_spans,,
ai_humair_suno_fc49f9b8366bdede,30s,Suno,development,complete,computed,computed,eligible,eligible,eligible,,
ai_humair_suno_fd343425bff9a2f0,30s,Suno,development,complete,computed,computed,eligible,eligible,unavailable_fewer_than_3_sections_or_downbeat_spans,,
ai_humair_suno_fdf658cbba8e2c7c,30s,Suno,development,complete,computed,computed,eligible,eligible,eligible,,
ai_humair_suno_fe721ce94240c85f,30s,Suno,development,complete,computed,computed,eligible,eligible,unavailable_fewer_than_3_sections_or_downbeat_spans,,
ai_suno_unknown_02a1637c1859b1e1,30s,Suno,locked,complete,computed,computed,eligible,eligible,unavailable_fewer_than_3_sections_or_downbeat_spans,,
ai_suno_unknown_03157c477b70d68c,30s,Suno,development,complete,computed,computed,eligible,eligible,unavailable_fewer_than_3_sections_or_downbeat_spans,,
ai_suno_unknown_045c19e769eebc0c,30s,Suno,development,complete,computed,computed,eligible,eligible,eligible,,
ai_suno_unknown_0757aec80f01362c,30s,Suno,development,complete,computed,computed,eligible,eligible,unavailable_fewer_than_3_sections_or_downbeat_spans,,
ai_suno_unknown_08c6b141f838252a,30s,Suno,development,complete,computed,computed,eligible,eligible,unavailable_fewer_than_3_sections_or_downbeat_spans,,
ai_suno_unknown_09f52756a4b93dfd,30s,Suno,development,complete,computed,computed,eligible,eligible,eligible,,
ai_suno_unknown_0b316fac53b5a509,30s,Suno,development,complete,computed,computed,eligible,eligible,unavailable_fewer_than_3_sections_or_downbeat_spans,,
ai_suno_unknown_0cf7de1f26138903,30s,Suno,development,complete,computed,computed,eligible,eligible,unavailable_fewer_than_3_sections_or_downbeat_spans,,
ai_suno_unknown_0d94b2e13987563e,30s,Suno,development,complete,computed,computed,eligible,eligible,unavailable_fewer_than_3_sections_or_downbeat_spans,,
ai_suno_unknown_0da398a73a189592,30s,Suno,locked,complete,computed,computed,eligible,eligible,unavailable_fewer_than_3_sections_or_downbeat_spans,,
ai_suno_unknown_0e64c8bbf1d7b54e,30s,Suno,development,complete,computed,computed,eligible,eligible,unavailable_fewer_than_3_sections_or_downbeat_spans,,
ai_suno_unknown_0ea51c933211d833,30s,Suno,locked,complete,computed,computed,eligible,eligible,unavailable_fewer_than_3_sections_or_downbeat_spans,,
ai_suno_unknown_107cd9076aac63e7,30s,Suno,development,complete,computed,computed,eligible,eligible,eligible,,
ai_suno_unknown_10be307c565f6662,30s,Suno,development,complete,computed,computed,eligible,eligible,unavailable_fewer_than_3_sections_or_downbeat_spans,,
ai_suno_unknown_1142cf77a96c5539,30s,Suno,locked,complete,computed,computed,eligible,eligible,unavailable_fewer_than_3_sections_or_downbeat_spans,,
ai_suno_unknown_11fd4e798f2ad815,30s,Suno,development,complete,computed,computed,eligible,eligible,unavailable_fewer_than_3_sections_or_downbeat_spans,,
ai_suno_unknown_12de27b80094408c,30s,Suno,development,complete,computed,computed,eligible,eligible,unavailable_fewer_than_3_sections_or_downbeat_spans,,
ai_suno_unknown_13bd41deb2cd32f5,30s,Suno,locked,complete,computed,computed,eligible,eligible,unavailable_fewer_than_3_sections_or_downbeat_spans,,
ai_suno_unknown_14f20c76c38473c9,30s,Suno,development,complete,computed,computed,eligible,eligible,unavailable_fewer_than_3_sections_or_downbeat_spans,,
ai_suno_unknown_15065b779c98e08a,30s,Suno,development,complete,computed,computed,eligible,eligible,unavailable_fewer_than_3_sections_or_downbeat_spans,,
ai_suno_unknown_15d2e024ef206a00,30s,Suno,development,complete,computed,computed,eligible,eligible,unavailable_fewer_than_3_sections_or_downbeat_spans,,
ai_suno_unknown_162ea79d47055289,30s,Suno,development,complete,computed,computed,eligible,eligible,unavailable_fewer_than_3_sections_or_downbeat_spans,,
ai_suno_unknown_164ce1e046846d1f,30s,Suno,development,complete,computed,computed,eligible,eligible,unavailable_fewer_than_3_sections_or_downbeat_spans,,
ai_suno_unknown_16ad3e9aecea8e66,30s,Suno,development,complete,computed,computed,eligible,eligible,unavailable_fewer_than_3_sections_or_downbeat_spans,,
ai_suno_unknown_16b336cdbbf9373b,30s,Suno,locked,complete,computed,computed,eligible,eligible,unavailable_fewer_than_3_sections_or_downbeat_spans,,
ai_suno_unknown_19bb9d66e634425b,30s,Suno,development,complete,computed,computed,eligible,eligible,eligible,,
ai_suno_unknown_1be5a15a9d6d3cdd,30s,Suno,locked,complete,computed,computed,eligible,eligible,unavailable_fewer_than_3_sections_or_downbeat_spans,,
ai_suno_unknown_20d8f8afec5ff07f,30s,Suno,development,complete,computed,computed,eligible,eligible,eligible,,
ai_suno_unknown_21032bd8622e46db,30s,Suno,development,complete,computed,computed,eligible,eligible,unavailable_fewer_than_3_sections_or_downbeat_spans,,
ai_suno_unknown_215bc3a6d18ee37a,30s,Suno,development,complete,computed,computed,eligible,eligible,unavailable_fewer_than_3_sections_or_downbeat_spans,,
ai_suno_unknown_24ed30fcfa8a89d7,30s,Suno,development,complete,computed,computed,eligible,eligible,unavailable_fewer_than_3_sections_or_downbeat_spans,,
ai_suno_unknown_25ac27ba8564cfef,30s,Suno,development,complete,computed,computed,eligible,eligible,unavailable_fewer_than_3_sections_or_downbeat_spans,,
ai_suno_unknown_275c3497d77ef2df,30s,Suno,development,complete,computed,computed,eligible,eligible,eligible,,
ai_suno_unknown_2827e7988f1bf96f,30s,Suno,development,complete,computed,computed,eligible,eligible,unavailable_fewer_than_3_sections_or_downbeat_spans,,
ai_suno_unknown_2abd77f9661b8835,30s,Suno,development,complete,computed,computed,eligible,eligible,unavailable_fewer_than_3_sections_or_downbeat_spans,,
ai_suno_unknown_2babacabb3573bbb,30s,Suno,development,complete,computed,computed,eligible,eligible,unavailable_fewer_than_3_sections_or_downbeat_spans,,
ai_suno_unknown_2bd3fe411dc57d65,30s,Suno,development,complete,computed,computed,eligible,eligible,unavailable_fewer_than_3_sections_or_downbeat_spans,,
ai_suno_unknown_2d74f8f476ab880f,30s,Suno,development,complete,computed,computed,eligible,eligible,unavailable_fewer_than_3_sections_or_downbeat_spans,,
ai_suno_unknown_2e4004ffd08d3626,30s,Suno,development,complete,computed,computed,eligible,eligible,eligible,,
ai_suno_unknown_2e9e59c7704a72d8,30s,Suno,development,complete,computed,computed,eligible,eligible,unavailable_fewer_than_3_sections_or_downbeat_spans,,
ai_suno_unknown_2eb2b683c0ddcb0c,30s,Suno,development,complete,computed,computed,eligible,eligible,unavailable_fewer_than_3_sections_or_downbeat_spans,,
ai_suno_unknown_2ee5af9baa455fc1,30s,Suno,development,complete,computed,computed,eligible,eligible,unavailable_fewer_than_3_sections_or_downbeat_spans,,
ai_suno_unknown_2f815584cb8cbcd8,30s,Suno,development,complete,computed,computed,eligible,eligible,unavailable_fewer_than_3_sections_or_downbeat_spans,,
ai_suno_unknown_30597e7d706abe4f,30s,Suno,development,complete,computed,computed,eligible,eligible,unavailable_fewer_than_3_sections_or_downbeat_spans,,
ai_suno_unknown_305a92393aae15b8,30s,Suno,locked,complete,computed,computed,eligible,eligible,unavailable_fewer_than_3_sections_or_downbeat_spans,,
ai_suno_unknown_30a3137ac4019b19,30s,Suno,development,complete,computed,computed,eligible,eligible,eligible,,
ai_suno_unknown_30fe67c81b48acc0,30s,Suno,development,complete,computed,computed,eligible,eligible,unavailable_fewer_than_3_sections_or_downbeat_spans,,
ai_suno_unknown_35021d60efa5f0e1,30s,Suno,development,complete,computed,computed,eligible,eligible,unavailable_fewer_than_3_sections_or_downbeat_spans,,
ai_suno_unknown_351f91d3bcce59c8,30s,Suno,development,complete,computed,computed,eligible,eligible,unavailable_fewer_than_3_sections_or_downbeat_spans,,
ai_suno_unknown_3720d8fdd6c809c0,30s,Suno,development,complete,computed,computed,eligible,eligible,unavailable_fewer_than_3_sections_or_downbeat_spans,,
ai_suno_unknown_37d46e1ee0482b14,30s,Suno,development,complete,computed,computed,eligible,eligible,unavailable_fewer_than_3_sections_or_downbeat_spans,,
ai_suno_unknown_3815b0b6e5113025,30s,Suno,development,complete,computed,computed,eligible,eligible,unavailable_fewer_than_3_sections_or_downbeat_spans,,
ai_suno_unknown_3827e2610e9e6dc4,30s,Suno,development,complete,computed,computed,eligible,eligible,unavailable_fewer_than_3_sections_or_downbeat_spans,,
ai_suno_unknown_38d978871c73b6d9,30s,Suno,development,complete,computed,computed,eligible,eligible,unavailable_fewer_than_3_sections_or_downbeat_spans,,
ai_suno_unknown_3a2798328395e82b,30s,Suno,development,complete,computed,computed,eligible,eligible,unavailable_fewer_than_3_sections_or_downbeat_spans,,
ai_suno_unknown_3d27c84d16901aa8,30s,Suno,development,complete,computed,computed,eligible,eligible,unavailable_fewer_than_3_sections_or_downbeat_spans,,
ai_suno_unknown_3db7d11384c18dfa,30s,Suno,locked,complete,computed,computed,eligible,eligible,unavailable_fewer_than_3_sections_or_downbeat_spans,,
ai_suno_unknown_3e19721e9e114f3e,30s,Suno,development,complete,computed,computed,eligible,eligible,unavailable_fewer_than_3_sections_or_downbeat_spans,,
ai_suno_unknown_4039cc7d8b3bcb57,30s,Suno,development,complete,computed,computed,eligible,eligible,unavailable_fewer_than_3_sections_or_downbeat_spans,,
ai_suno_unknown_404e826d94af548e,30s,Suno,development,complete,computed,computed,eligible,eligible,unavailable_fewer_than_3_sections_or_downbeat_spans,,
ai_suno_unknown_41a1a8fc1b12d395,30s,Suno,development,complete,computed,computed,eligible,eligible,unavailable_fewer_than_3_sections_or_downbeat_spans,,
ai_suno_unknown_42dd481274e991bc,30s,Suno,locked,complete,computed,computed,eligible,eligible,unavailable_fewer_than_3_sections_or_downbeat_spans,,
ai_suno_unknown_45f5a21a5b501f76,30s,Suno,locked,complete,computed,computed,eligible,eligible,unavailable_fewer_than_3_sections_or_downbeat_spans,,
ai_suno_unknown_46188d7344a9663a,30s,Suno,development,complete,computed,computed,eligible,eligible,unavailable_fewer_than_3_sections_or_downbeat_spans,,
ai_suno_unknown_464ebe11c771b359,30s,Suno,locked,complete,computed,computed,eligible,eligible,unavailable_fewer_than_3_sections_or_downbeat_spans,,
ai_suno_unknown_4682ab1930523a71,30s,Suno,development,complete,computed,computed,eligible,eligible,unavailable_fewer_than_3_sections_or_downbeat_spans,,
ai_suno_unknown_473f80bec5dbb381,30s,Suno,development,complete,computed,computed,eligible,eligible,eligible,,
ai_suno_unknown_4a5c61b0c70f069f,30s,Suno,development,complete,computed,computed,eligible,eligible,unavailable_fewer_than_3_sections_or_downbeat_spans,,
ai_suno_unknown_4ad197c2d89b299a,30s,Suno,locked,complete,computed,computed,eligible,eligible,eligible,,
ai_suno_unknown_4e1465f5e320392b,30s,Suno,development,complete,computed,computed,eligible,eligible,unavailable_fewer_than_3_sections_or_downbeat_spans,,
ai_suno_unknown_4f0dff4a82f4a38f,30s,Suno,locked,complete,computed,computed,eligible,eligible,unavailable_fewer_than_3_sections_or_downbeat_spans,,
ai_suno_unknown_50b3d7e222d631f4,30s,Suno,development,complete,computed,computed,eligible,eligible,eligible,,
ai_suno_unknown_514719dd84b31293,30s,Suno,development,complete,computed,computed,eligible,eligible,unavailable_fewer_than_3_sections_or_downbeat_spans,,
ai_suno_unknown_517da4961ace2e6a,30s,Suno,locked,complete,computed,computed,eligible,eligible,eligible,,
ai_suno_unknown_51dbdb5b46559295,30s,Suno,development,complete,computed,computed,eligible,eligible,unavailable_fewer_than_3_sections_or_downbeat_spans,,
ai_suno_unknown_5210f6092e113e90,30s,Suno,locked,complete,computed,computed,eligible,eligible,unavailable_fewer_than_3_sections_or_downbeat_spans,,
ai_suno_unknown_5295f005170912b6,30s,Suno,development,complete,computed,computed,eligible,eligible,eligible,,
ai_suno_unknown_52fa2cf5da098e68,30s,Suno,development,complete,computed,computed,eligible,eligible,unavailable_fewer_than_3_sections_or_downbeat_spans,,
ai_suno_unknown_5392888e1e0ae235,30s,Suno,development,complete,computed,computed,eligible,eligible,unavailable_fewer_than_3_sections_or_downbeat_spans,,
ai_suno_unknown_542020c32924e4fd,30s,Suno,development,complete,computed,computed,eligible,eligible,unavailable_fewer_than_3_sections_or_downbeat_spans,,
ai_suno_unknown_55ef7ab509af5619,30s,Suno,development,complete,computed,computed,eligible,eligible,unavailable_fewer_than_3_sections_or_downbeat_spans,,
ai_suno_unknown_55f8c8164fcd550d,30s,Suno,development,complete,computed,computed,eligible,eligible,unavailable_fewer_than_3_sections_or_downbeat_spans,,
ai_suno_unknown_583ad4ec5402056c,30s,Suno,development,complete,computed,computed,eligible,eligible,eligible,,
ai_suno_unknown_58c398c13834f7a8,30s,Suno,development,complete,computed,computed,eligible,eligible,unavailable_fewer_than_3_sections_or_downbeat_spans,,
ai_suno_unknown_5947d7ee103425d9,30s,Suno,development,complete,computed,computed,eligible,eligible,unavailable_fewer_than_3_sections_or_downbeat_spans,,
ai_suno_unknown_5976e1d400b37825,30s,Suno,development,complete,computed,computed,eligible,eligible,unavailable_fewer_than_3_sections_or_downbeat_spans,,
ai_suno_unknown_5a7fe3656ea2e200,30s,Suno,locked,complete,computed,computed,eligible,eligible,eligible,,
ai_suno_unknown_5db363e18b6eb70e,30s,Suno,development,complete,computed,computed,eligible,eligible,unavailable_fewer_than_3_sections_or_downbeat_spans,,
ai_suno_unknown_5e00e7019916f5f9,30s,Suno,development,complete,computed,computed,eligible,eligible,unavailable_fewer_than_3_sections_or_downbeat_spans,,
ai_suno_unknown_5f0fbee77d2d2b2b,30s,Suno,development,complete,computed,computed,eligible,eligible,eligible,,
ai_suno_unknown_601d4a4d8141f7fe,30s,Suno,development,complete,computed,computed,eligible,eligible,unavailable_fewer_than_3_sections_or_downbeat_spans,,
ai_suno_unknown_608a33a9d73a375f,30s,Suno,development,complete,computed,computed,eligible,eligible,unavailable_fewer_than_3_sections_or_downbeat_spans,,
ai_suno_unknown_6157712a52b16494,30s,Suno,development,complete,computed,computed,eligible,eligible,unavailable_fewer_than_3_sections_or_downbeat_spans,,
ai_suno_unknown_62c1d9a8229dc775,30s,Suno,development,complete,computed,computed,eligible,eligible,eligible,,
ai_suno_unknown_62c71e12198fd140,30s,Suno,locked,complete,computed,computed,eligible,eligible,unavailable_fewer_than_3_sections_or_downbeat_spans,,
ai_suno_unknown_63c8ee451b3df5fa,30s,Suno,development,complete,computed,computed,eligible,eligible,eligible,,
ai_suno_unknown_6404d75506be1e1b,30s,Suno,development,complete,computed,computed,eligible,eligible,unavailable_fewer_than_3_sections_or_downbeat_spans,,
ai_suno_unknown_64442dbd254124d7,30s,Suno,development,complete,computed,computed,eligible,eligible,unavailable_fewer_than_3_sections_or_downbeat_spans,,
ai_suno_unknown_647ff21370b7c5dd,30s,Suno,development,complete,computed,computed,eligible,eligible,unavailable_fewer_than_3_sections_or_downbeat_spans,,
ai_suno_unknown_64d45afefa6d28d0,30s,Suno,development,complete,computed,computed,eligible,eligible,eligible,,
ai_suno_unknown_65812acb2a67b04d,30s,Suno,development,complete,computed,computed,eligible,eligible,unavailable_fewer_than_3_sections_or_downbeat_spans,,
ai_suno_unknown_6840d1d00ec50722,30s,Suno,development,complete,computed,computed,eligible,eligible,unavailable_fewer_than_3_sections_or_downbeat_spans,,
ai_suno_unknown_694d2adeb192d4ff,30s,Suno,development,complete,computed,computed,eligible,eligible,unavailable_fewer_than_3_sections_or_downbeat_spans,,
ai_suno_unknown_6a1352f0394b5042,30s,Suno,development,complete,computed,computed,eligible,eligible,unavailable_fewer_than_3_sections_or_downbeat_spans,,
ai_suno_unknown_6b4b8ee102675ce5,30s,Suno,development,complete,computed,computed,eligible,eligible,unavailable_fewer_than_3_sections_or_downbeat_spans,,
ai_suno_unknown_6bbe5ccf4b15ac97,30s,Suno,development,complete,computed,computed,eligible,eligible,unavailable_fewer_than_3_sections_or_downbeat_spans,,
ai_suno_unknown_6c7de18c3e32dd4b,30s,Suno,locked,complete,computed,computed,eligible,eligible,unavailable_fewer_than_3_sections_or_downbeat_spans,,
ai_suno_unknown_6c8a6307f57fe86f,30s,Suno,development,complete,computed,computed,eligible,eligible,unavailable_fewer_than_3_sections_or_downbeat_spans,,
ai_suno_unknown_6df2bfdf6e5b683c,30s,Suno,development,complete,computed,computed,eligible,eligible,unavailable_fewer_than_3_sections_or_downbeat_spans,,
ai_suno_unknown_7003b6c7adebe263,30s,Suno,development,complete,computed,computed,eligible,eligible,unavailable_fewer_than_3_sections_or_downbeat_spans,,
ai_suno_unknown_7176236f089d1484,30s,Suno,development,complete,computed,computed,eligible,eligible,unavailable_fewer_than_3_sections_or_downbeat_spans,,
ai_suno_unknown_71f65f442180391f,30s,Suno,development,complete,computed,computed,eligible,eligible,eligible,,
ai_suno_unknown_720fc317ee6ac31b,30s,Suno,development,complete,computed,computed,eligible,eligible,unavailable_fewer_than_3_sections_or_downbeat_spans,,
ai_suno_unknown_72208444befdbdd5,30s,Suno,development,complete,computed,computed,eligible,eligible,unavailable_fewer_than_3_sections_or_downbeat_spans,,
ai_suno_unknown_72b3bbb8080871a5,30s,Suno,development,complete,computed,computed,eligible,eligible,eligible,,
ai_suno_unknown_73576d2107acae44,30s,Suno,development,complete,computed,computed,eligible,eligible,unavailable_fewer_than_3_sections_or_downbeat_spans,,
ai_suno_unknown_739cb4cc2235ef3d,30s,Suno,development,complete,computed,computed,eligible,eligible,unavailable_fewer_than_3_sections_or_downbeat_spans,,
ai_suno_unknown_75aa1fe5870ae3d2,30s,Suno,development,complete,computed,computed,eligible,eligible,eligible,,
ai_suno_unknown_75aea86ea5af76bf,30s,Suno,locked,complete,computed,computed,eligible,eligible,unavailable_fewer_than_3_sections_or_downbeat_spans,,
ai_suno_unknown_75fe9cfeedb55c9d,30s,Suno,locked,complete,computed,computed,eligible,eligible,unavailable_fewer_than_3_sections_or_downbeat_spans,,
ai_suno_unknown_77d813886eb7d272,30s,Suno,locked,complete,computed,computed,eligible,eligible,eligible,,
ai_suno_unknown_79e7d0b643c1b4dd,30s,Suno,locked,complete,computed,computed,eligible,eligible,unavailable_fewer_than_3_sections_or_downbeat_spans,,
ai_suno_unknown_7ab56aaf01a28ad4,30s,Suno,development,complete,computed,computed,eligible,eligible,eligible,,
ai_suno_unknown_7ae35248dc74f157,30s,Suno,development,complete,computed,computed,eligible,eligible,unavailable_fewer_than_3_sections_or_downbeat_spans,,
ai_suno_unknown_7b6399b9d015a733,30s,Suno,development,complete,computed,computed,eligible,eligible,unavailable_fewer_than_3_sections_or_downbeat_spans,,
ai_suno_unknown_7b926048b847e8cb,30s,Suno,development,complete,computed,computed,eligible,eligible,eligible,,
ai_suno_unknown_7c417f3053a9cdd4,30s,Suno,development,complete,computed,computed,eligible,eligible,eligible,,
ai_suno_unknown_7cf81afb2fc7eb37,30s,Suno,locked,complete,computed,computed,eligible,eligible,unavailable_fewer_than_3_sections_or_downbeat_spans,,
ai_suno_unknown_7d028b268b6aa0b4,30s,Suno,development,complete,computed,computed,eligible,eligible,unavailable_fewer_than_3_sections_or_downbeat_spans,,
ai_suno_unknown_7dca9fa1b51d0860,30s,Suno,development,complete,computed,computed,eligible,eligible,unavailable_fewer_than_3_sections_or_downbeat_spans,,
ai_suno_unknown_7de42b05b90b5794,30s,Suno,development,complete,computed,computed,eligible,eligible,unavailable_fewer_than_3_sections_or_downbeat_spans,,
ai_suno_unknown_7e268d43231bee7e,30s,Suno,development,complete,computed,computed,eligible,eligible,eligible,,
ai_suno_unknown_7f78ab653642237f,30s,Suno,locked,complete,computed,computed,eligible,eligible,unavailable_fewer_than_3_sections_or_downbeat_spans,,
ai_suno_unknown_80777a127ea924ba,30s,Suno,development,complete,computed,computed,eligible,eligible,eligible,,
ai_suno_unknown_80854109abb1b234,30s,Suno,locked,complete,computed,computed,eligible,eligible,eligible,,
ai_suno_unknown_845c0f2d46c97806,30s,Suno,development,complete,computed,computed,eligible,eligible,unavailable_fewer_than_3_sections_or_downbeat_spans,,
ai_suno_unknown_84f2183a9e224e43,30s,Suno,development,complete,computed,computed,eligible,eligible,eligible,,
ai_suno_unknown_858e050732dfc29b,30s,Suno,development,complete,computed,computed,eligible,eligible,eligible,,
ai_suno_unknown_8638c9e223d6cc5b,30s,Suno,development,complete,computed,computed,eligible,eligible,eligible,,
ai_suno_unknown_87c63577110e326c,30s,Suno,development,complete,computed,computed,eligible,eligible,unavailable_fewer_than_3_sections_or_downbeat_spans,,
ai_suno_unknown_881445f0e4f3a418,30s,Suno,locked,complete,computed,computed,eligible,eligible,eligible,,
ai_suno_unknown_885a57783ae197ab,30s,Suno,locked,complete,computed,computed,eligible,eligible,unavailable_fewer_than_3_sections_or_downbeat_spans,,
ai_suno_unknown_8955b970e7607610,30s,Suno,locked,complete,computed,computed,eligible,eligible,unavailable_fewer_than_3_sections_or_downbeat_spans,,
ai_suno_unknown_89caefac5d2f5863,30s,Suno,development,complete,computed,computed,eligible,eligible,eligible,,
ai_suno_unknown_8a9d32e589c86d7a,30s,Suno,development,complete,computed,computed,eligible,eligible,unavailable_fewer_than_3_sections_or_downbeat_spans,,
ai_suno_unknown_8bf8b928bda5edf9,30s,Suno,development,complete,computed,computed,eligible,eligible,eligible,,
ai_suno_unknown_8d7795d292fc1286,30s,Suno,development,complete,computed,computed,eligible,eligible,unavailable_fewer_than_3_sections_or_downbeat_spans,,
ai_suno_unknown_8ded041814fe1a0d,30s,Suno,development,complete,computed,computed,eligible,eligible,unavailable_fewer_than_3_sections_or_downbeat_spans,,
ai_suno_unknown_8ee43445a2ab1f7b,30s,Suno,development,complete,computed,computed,eligible,eligible,unavailable_fewer_than_3_sections_or_downbeat_spans,,
ai_suno_unknown_8ff0e6c8b2091568,30s,Suno,development,complete,computed,computed,eligible,eligible,unavailable_fewer_than_3_sections_or_downbeat_spans,,
ai_suno_unknown_9221203068c94729,30s,Suno,development,complete,computed,computed,eligible,eligible,unavailable_fewer_than_3_sections_or_downbeat_spans,,
ai_suno_unknown_9265048a2d51cfcf,30s,Suno,development,complete,computed,computed,eligible,eligible,unavailable_fewer_than_3_sections_or_downbeat_spans,,
ai_suno_unknown_933bb2cf54935f0b,30s,Suno,development,complete,computed,computed,eligible,eligible,unavailable_fewer_than_3_sections_or_downbeat_spans,,
ai_suno_unknown_9547b3135fbee5dc,30s,Suno,development,complete,computed,computed,eligible,eligible,unavailable_fewer_than_3_sections_or_downbeat_spans,,
ai_suno_unknown_954ef275fb76164d,30s,Suno,development,complete,computed,computed,eligible,eligible,unavailable_fewer_than_3_sections_or_downbeat_spans,,
ai_suno_unknown_95d1796068fbb8e2,30s,Suno,development,complete,computed,computed,eligible,eligible,unavailable_fewer_than_3_sections_or_downbeat_spans,,
ai_suno_unknown_97ab2e1e8c0e8cbc,30s,Suno,locked,complete,computed,computed,eligible,eligible,unavailable_fewer_than_3_sections_or_downbeat_spans,,
ai_suno_unknown_993674b1a6a2f295,30s,Suno,development,complete,computed,computed,eligible,eligible,unavailable_fewer_than_3_sections_or_downbeat_spans,,
ai_suno_unknown_9ad5cdabf9795fb9,30s,Suno,development,complete,computed,computed,eligible,eligible,unavailable_fewer_than_3_sections_or_downbeat_spans,,
ai_suno_unknown_9c661f1d206f6258,30s,Suno,development,complete,computed,computed,eligible,eligible,eligible,,
ai_suno_unknown_9daee49b4b58018c,30s,Suno,development,complete,computed,computed,eligible,eligible,unavailable_fewer_than_3_sections_or_downbeat_spans,,
ai_suno_unknown_9ee9d919fe42d18a,30s,Suno,locked,complete,computed,computed,eligible,eligible,unavailable_fewer_than_3_sections_or_downbeat_spans,,
ai_suno_unknown_9f0e646aeddbed9e,30s,Suno,locked,complete,computed,computed,eligible,eligible,unavailable_fewer_than_3_sections_or_downbeat_spans,,
ai_suno_unknown_9f1b71a4f4d1ba8f,30s,Suno,development,complete,computed,computed,eligible,eligible,unavailable_fewer_than_3_sections_or_downbeat_spans,,
ai_suno_unknown_a06eb225419de896,30s,Suno,development,complete,computed,computed,eligible,eligible,unavailable_fewer_than_3_sections_or_downbeat_spans,,
ai_suno_unknown_a08f0f1835380461,30s,Suno,development,complete,computed,computed,eligible,eligible,unavailable_fewer_than_3_sections_or_downbeat_spans,,
ai_suno_unknown_a127d199bcf8c4da,30s,Suno,development,complete,computed,computed,eligible,eligible,unavailable_fewer_than_3_sections_or_downbeat_spans,,
ai_suno_unknown_a4aea884aa0e8a86,30s,Suno,locked,complete,computed,computed,eligible,eligible,unavailable_fewer_than_3_sections_or_downbeat_spans,,
ai_suno_unknown_a5372e36fce3d7bc,30s,Suno,development,complete,computed,computed,eligible,eligible,unavailable_fewer_than_3_sections_or_downbeat_spans,,
ai_suno_unknown_a67efe2cc9d08467,30s,Suno,development,complete,computed,computed,eligible,eligible,unavailable_fewer_than_3_sections_or_downbeat_spans,,
ai_suno_unknown_a6a9bcc737b306b2,30s,Suno,development,complete,computed,computed,eligible,eligible,unavailable_fewer_than_3_sections_or_downbeat_spans,,
ai_suno_unknown_a7a55318d29f4cbf,30s,Suno,locked,complete,computed,computed,eligible,eligible,unavailable_fewer_than_3_sections_or_downbeat_spans,,
ai_suno_unknown_a7b309dfcd835921,30s,Suno,locked,complete,computed,computed,eligible,eligible,unavailable_fewer_than_3_sections_or_downbeat_spans,,
ai_suno_unknown_aa1504712a97a523,30s,Suno,locked,complete,computed,computed,eligible,eligible,unavailable_fewer_than_3_sections_or_downbeat_spans,,
ai_suno_unknown_aa229d4d970b8d62,30s,Suno,development,complete,computed,computed,eligible,eligible,unavailable_fewer_than_3_sections_or_downbeat_spans,,
ai_suno_unknown_aa64cb31e8354f22,30s,Suno,development,complete,computed,computed,eligible,eligible,unavailable_fewer_than_3_sections_or_downbeat_spans,,
ai_suno_unknown_ab3d0eafde26a5d4,30s,Suno,development,complete,computed,computed,eligible,eligible,unavailable_fewer_than_3_sections_or_downbeat_spans,,
ai_suno_unknown_ac4fbc26f421cc61,30s,Suno,locked,complete,computed,computed,eligible,eligible,unavailable_fewer_than_3_sections_or_downbeat_spans,,
ai_suno_unknown_add0e33abcc8dedf,30s,Suno,development,complete,computed,computed,eligible,eligible,eligible,,
ai_suno_unknown_ae07f291c657f707,30s,Suno,development,complete,computed,computed,eligible,eligible,unavailable_fewer_than_3_sections_or_downbeat_spans,,
ai_suno_unknown_afb94a05d7b2ae8e,30s,Suno,development,complete,computed,computed,eligible,eligible,unavailable_fewer_than_3_sections_or_downbeat_spans,,
ai_suno_unknown_b00a975eb09bac64,30s,Suno,development,complete,computed,computed,eligible,eligible,eligible,,
ai_suno_unknown_b021bf73d734a006,30s,Suno,development,complete,computed,computed,eligible,eligible,unavailable_fewer_than_3_sections_or_downbeat_spans,,
ai_suno_unknown_b1969126cc649dc4,30s,Suno,development,complete,computed,computed,eligible,eligible,unavailable_fewer_than_3_sections_or_downbeat_spans,,
ai_suno_unknown_b4ec5975c599e28f,30s,Suno,development,complete,computed,computed,eligible,eligible,eligible,,
ai_suno_unknown_b7227007b94af61d,30s,Suno,development,complete,computed,computed,eligible,eligible,unavailable_fewer_than_3_sections_or_downbeat_spans,,
ai_suno_unknown_b97bf85b58ba3c7a,30s,Suno,development,complete,computed,computed,eligible,eligible,eligible,,
ai_suno_unknown_bcf08c6fcfc59e15,30s,Suno,development,complete,computed,computed,eligible,eligible,unavailable_fewer_than_3_sections_or_downbeat_spans,,
ai_suno_unknown_bd116323a7a6e8fe,30s,Suno,development,complete,computed,computed,eligible,eligible,unavailable_fewer_than_3_sections_or_downbeat_spans,,
ai_suno_unknown_be9155d8d1063149,30s,Suno,locked,complete,computed,computed,eligible,eligible,unavailable_fewer_than_3_sections_or_downbeat_spans,,
ai_suno_unknown_bef081aca1634564,30s,Suno,development,complete,computed,computed,eligible,eligible,unavailable_fewer_than_3_sections_or_downbeat_spans,,
ai_suno_unknown_bf1eb63799ada69c,30s,Suno,development,complete,computed,computed,eligible,eligible,unavailable_fewer_than_3_sections_or_downbeat_spans,,
ai_suno_unknown_c003c16f0a4e9ed6,30s,Suno,development,complete,computed,computed,eligible,eligible,unavailable_fewer_than_3_sections_or_downbeat_spans,,
ai_suno_unknown_c052fdc3f3825c87,30s,Suno,development,complete,computed,computed,eligible,eligible,unavailable_fewer_than_3_sections_or_downbeat_spans,,
ai_suno_unknown_c45dac766e7f88d5,30s,Suno,development,complete,computed,computed,eligible,eligible,eligible,,
ai_suno_unknown_c5bf78ac3d273809,30s,Suno,development,complete,computed,computed,eligible,eligible,unavailable_fewer_than_3_sections_or_downbeat_spans,,
ai_suno_unknown_c697cb50bf6fcb99,30s,Suno,development,complete,computed,computed,eligible,eligible,eligible,,
ai_suno_unknown_c80ae1fcdc5d45a0,30s,Suno,development,complete,computed,computed,eligible,eligible,unavailable_fewer_than_3_sections_or_downbeat_spans,,
ai_suno_unknown_c9715b54c048931f,30s,Suno,locked,complete,computed,computed,eligible,eligible,unavailable_fewer_than_3_sections_or_downbeat_spans,,
ai_suno_unknown_cad5669570966e26,30s,Suno,locked,complete,computed,computed,eligible,eligible,unavailable_fewer_than_3_sections_or_downbeat_spans,,
ai_suno_unknown_cb5216d986bb06a4,30s,Suno,locked,complete,computed,computed,eligible,eligible,unavailable_fewer_than_3_sections_or_downbeat_spans,,
ai_suno_unknown_cda6e4aaa541aed9,30s,Suno,development,complete,computed,computed,eligible,eligible,unavailable_fewer_than_3_sections_or_downbeat_spans,,
ai_suno_unknown_cddbfb2ec30d6426,30s,Suno,locked,complete,computed,computed,eligible,eligible,eligible,,
ai_suno_unknown_cf019cd2fd5f5782,30s,Suno,development,complete,computed,computed,eligible,eligible,unavailable_fewer_than_3_sections_or_downbeat_spans,,
ai_suno_unknown_cf573c83ccff7b4a,30s,Suno,development,complete,computed,computed,eligible,eligible,unavailable_fewer_than_3_sections_or_downbeat_spans,,
ai_suno_unknown_cf65d12167670358,30s,Suno,locked,complete,computed,computed,eligible,eligible,eligible,,
ai_suno_unknown_d118c1765d0f4abe,30s,Suno,development,complete,computed,computed,eligible,eligible,eligible,,
ai_suno_unknown_d20a9d8706284c45,30s,Suno,locked,complete,computed,computed,eligible,eligible,eligible,,
ai_suno_unknown_d26545b665efc516,30s,Suno,development,complete,computed,computed,eligible,eligible,unavailable_fewer_than_3_sections_or_downbeat_spans,,
ai_suno_unknown_d2d381f5e4ac9576,30s,Suno,locked,complete,computed,computed,eligible,eligible,unavailable_fewer_than_3_sections_or_downbeat_spans,,
ai_suno_unknown_d31c97469e64356c,30s,Suno,development,complete,computed,computed,eligible,eligible,unavailable_fewer_than_3_sections_or_downbeat_spans,,
ai_suno_unknown_d35e32346d902c7a,30s,Suno,locked,complete,computed,computed,eligible,eligible,unavailable_fewer_than_3_sections_or_downbeat_spans,,
ai_suno_unknown_d4a2d96ac6a9c278,30s,Suno,development,complete,computed,computed,eligible,eligible,unavailable_fewer_than_3_sections_or_downbeat_spans,,
ai_suno_unknown_d652c9c3073b38c5,30s,Suno,locked,complete,computed,computed,eligible,eligible,unavailable_fewer_than_3_sections_or_downbeat_spans,,
ai_suno_unknown_d67c4f3686d23d2b,30s,Suno,development,complete,computed,computed,eligible,eligible,unavailable_fewer_than_3_sections_or_downbeat_spans,,
ai_suno_unknown_d706ef1c1f3be00e,30s,Suno,development,complete,computed,computed,eligible,eligible,unavailable_fewer_than_3_sections_or_downbeat_spans,,
ai_suno_unknown_d784e8e1c3ef4452,30s,Suno,development,complete,computed,computed,eligible,eligible,unavailable_fewer_than_3_sections_or_downbeat_spans,,
ai_suno_unknown_d7ec12cdbffeb70f,30s,Suno,development,complete,computed,computed,eligible,eligible,unavailable_fewer_than_3_sections_or_downbeat_spans,,
ai_suno_unknown_d8426d118698dc88,30s,Suno,development,complete,computed,computed,eligible,eligible,eligible,,
ai_suno_unknown_d86275f958255b09,30s,Suno,development,complete,computed,computed,eligible,eligible,unavailable_fewer_than_3_sections_or_downbeat_spans,,
ai_suno_unknown_db037bccde04a63d,30s,Suno,development,complete,computed,computed,eligible,eligible,unavailable_fewer_than_3_sections_or_downbeat_spans,,
ai_suno_unknown_dcc024024c95300b,30s,Suno,development,complete,computed,computed,eligible,eligible,unavailable_fewer_than_3_sections_or_downbeat_spans,,
ai_suno_unknown_dcf2b9279639f4f4,30s,Suno,development,complete,computed,computed,eligible,eligible,eligible,,
ai_suno_unknown_dd2a667eaada14b2,30s,Suno,development,complete,computed,computed,eligible,eligible,unavailable_fewer_than_3_sections_or_downbeat_spans,,
ai_suno_unknown_de1e340727fec277,30s,Suno,locked,complete,computed,computed,eligible,eligible,unavailable_fewer_than_3_sections_or_downbeat_spans,,
ai_suno_unknown_dea0456824be4631,30s,Suno,development,complete,computed,computed,eligible,eligible,unavailable_fewer_than_3_sections_or_downbeat_spans,,
ai_suno_unknown_ded7a68ff493fb48,30s,Suno,development,complete,computed,computed,eligible,eligible,unavailable_fewer_than_3_sections_or_downbeat_spans,,
ai_suno_unknown_deffab93e4fa70c4,30s,Suno,locked,complete,computed,computed,eligible,eligible,unavailable_fewer_than_3_sections_or_downbeat_spans,,
ai_suno_unknown_df0d918f1c4c2bca,30s,Suno,development,complete,computed,computed,eligible,eligible,unavailable_fewer_than_3_sections_or_downbeat_spans,,
ai_suno_unknown_df13a6adb70b0e39,30s,Suno,development,complete,computed,computed,eligible,eligible,unavailable_fewer_than_3_sections_or_downbeat_spans,,
ai_suno_unknown_e0e04ef6d1156bfe,30s,Suno,development,complete,computed,computed,eligible,eligible,unavailable_fewer_than_3_sections_or_downbeat_spans,,
ai_suno_unknown_e3c3142b68ce6af5,30s,Suno,development,complete,computed,computed,eligible,eligible,unavailable_fewer_than_3_sections_or_downbeat_spans,,
ai_suno_unknown_e443f3f3f24ca851,30s,Suno,development,complete,computed,computed,eligible,eligible,unavailable_fewer_than_3_sections_or_downbeat_spans,,
ai_suno_unknown_e6b64f5e3b6f902c,30s,Suno,development,complete,computed,computed,eligible,eligible,unavailable_fewer_than_3_sections_or_downbeat_spans,,
ai_suno_unknown_e6ee60dbe6f3b775,30s,Suno,development,complete,computed,computed,eligible,eligible,unavailable_fewer_than_3_sections_or_downbeat_spans,,
ai_suno_unknown_e73509794a2d49be,30s,Suno,locked,complete,computed,computed,eligible,eligible,unavailable_fewer_than_3_sections_or_downbeat_spans,,
ai_suno_unknown_e94cc62596976002,30s,Suno,development,complete,computed,computed,eligible,eligible,unavailable_fewer_than_3_sections_or_downbeat_spans,,
ai_suno_unknown_e9a6fedc0b250f3b,30s,Suno,development,complete,computed,computed,eligible,eligible,unavailable_fewer_than_3_sections_or_downbeat_spans,,
ai_suno_unknown_ec60047fe3bbf376,30s,Suno,development,complete,computed,computed,eligible,eligible,unavailable_fewer_than_3_sections_or_downbeat_spans,,
ai_suno_unknown_ecb2e3b89426baf5,30s,Suno,development,complete,computed,computed,eligible,eligible,eligible,,
ai_suno_unknown_f2f261db73e46ec4,30s,Suno,development,complete,computed,computed,eligible,eligible,unavailable_fewer_than_3_sections_or_downbeat_spans,,
ai_suno_unknown_f3beb023fed7fa71,30s,Suno,development,complete,computed,computed,eligible,eligible,unavailable_fewer_than_3_sections_or_downbeat_spans,,
ai_suno_unknown_f5da1fb644513cbf,30s,Suno,development,complete,computed,computed,eligible,eligible,unavailable_fewer_than_3_sections_or_downbeat_spans,,
ai_suno_unknown_f69ed332353605d0,30s,Suno,development,complete,computed,computed,eligible,eligible,unavailable_fewer_than_3_sections_or_downbeat_spans,,
ai_suno_unknown_f75c20ed8b535695,30s,Suno,development,complete,computed,computed,eligible,eligible,unavailable_fewer_than_3_sections_or_downbeat_spans,,
ai_suno_unknown_f8b39318a1169b8d,30s,Suno,development,complete,computed,computed,eligible,eligible,eligible,,
ai_suno_unknown_faf814c244144451,30s,Suno,development,complete,computed,computed,eligible,eligible,unavailable_fewer_than_3_sections_or_downbeat_spans,,
ai_suno_unknown_faf8f8140756ba8f,30s,Suno,development,complete,computed,computed,eligible,eligible,unavailable_fewer_than_3_sections_or_downbeat_spans,,
ai_suno_unknown_fcd1abe0cb58577a,30s,Suno,development,complete,computed,computed,eligible,eligible,unavailable_fewer_than_3_sections_or_downbeat_spans,,
ai_suno_unknown_fcd1e8eb4b7085b5,30s,Suno,development,complete,computed,computed,eligible,eligible,unavailable_fewer_than_3_sections_or_downbeat_spans,,
aime_mtg_jamendo_06001,30s,MTG-Jamendo,development,complete,computed,computed,eligible,eligible,unavailable_fewer_than_3_sections_or_downbeat_spans,,
aime_mtg_jamendo_06002,30s,MTG-Jamendo,development,complete,computed,computed,eligible,eligible,unavailable_fewer_than_3_sections_or_downbeat_spans,,
aime_mtg_jamendo_06003,30s,MTG-Jamendo,development,accounted_serialization_failure,computed,computed,eligible,unavailable_fewer_than_16_beats_or_invalid_intervals,unavailable_fewer_than_3_sections_or_downbeat_spans,,
aime_mtg_jamendo_06004,30s,MTG-Jamendo,development,complete,computed,computed,eligible,eligible,unavailable_fewer_than_3_sections_or_downbeat_spans,,
aime_mtg_jamendo_06005,30s,MTG-Jamendo,development,accounted_serialization_failure,computed,computed,eligible,unavailable_fewer_than_16_beats_or_invalid_intervals,unavailable_fewer_than_3_sections_or_downbeat_spans,,
aime_mtg_jamendo_06006,30s,MTG-Jamendo,development,complete,computed,computed,eligible,eligible,eligible,,
aime_mtg_jamendo_06007,30s,MTG-Jamendo,development,complete,computed,computed,eligible,eligible,unavailable_fewer_than_3_sections_or_downbeat_spans,,
aime_mtg_jamendo_06008,30s,MTG-Jamendo,development,complete,computed,computed,eligible,eligible,unavailable_fewer_than_3_sections_or_downbeat_spans,,
aime_mtg_jamendo_06009,30s,MTG-Jamendo,development,complete,computed,computed,eligible,eligible,unavailable_fewer_than_3_sections_or_downbeat_spans,,
aime_mtg_jamendo_06010,30s,MTG-Jamendo,development,complete,computed,computed,eligible,eligible,unavailable_fewer_than_3_sections_or_downbeat_spans,,
aime_mtg_jamendo_06011,30s,MTG-Jamendo,development,complete,computed,computed,eligible,unavailable_fewer_than_16_beats_or_invalid_intervals,unavailable_fewer_than_3_sections_or_downbeat_spans,,
aime_mtg_jamendo_06012,30s,MTG-Jamendo,development,complete,computed,computed,eligible,eligible,unavailable_fewer_than_3_sections_or_downbeat_spans,,
aime_mtg_jamendo_06013,30s,MTG-Jamendo,development,complete,computed,computed,eligible,eligible,unavailable_fewer_than_3_sections_or_downbeat_spans,,
aime_mtg_jamendo_06014,30s,MTG-Jamendo,development,complete,computed,computed,eligible,eligible,unavailable_fewer_than_3_sections_or_downbeat_spans,,
aime_mtg_jamendo_06015,30s,MTG-Jamendo,development,complete,computed,computed,eligible,eligible,unavailable_fewer_than_3_sections_or_downbeat_spans,,
aime_mtg_jamendo_06016,30s,MTG-Jamendo,development,complete,computed,computed,eligible,eligible,unavailable_fewer_than_3_sections_or_downbeat_spans,,
aime_mtg_jamendo_06017,30s,MTG-Jamendo,development,complete,computed,computed,eligible,eligible,eligible,,
aime_mtg_jamendo_06018,30s,MTG-Jamendo,development,complete,computed,computed,eligible,eligible,eligible,,
aime_mtg_jamendo_06019,30s,MTG-Jamendo,development,complete,computed,computed,eligible,unavailable_fewer_than_16_beats_or_invalid_intervals,unavailable_fewer_than_3_sections_or_downbeat_spans,,
aime_mtg_jamendo_06020,30s,MTG-Jamendo,development,complete,computed,computed,eligible,eligible,unavailable_fewer_than_3_sections_or_downbeat_spans,,
aime_mtg_jamendo_06021,30s,MTG-Jamendo,development,complete,computed,computed,eligible,eligible,unavailable_fewer_than_3_sections_or_downbeat_spans,,
aime_mtg_jamendo_06022,30s,MTG-Jamendo,development,complete,computed,computed,eligible,unavailable_fewer_than_16_beats_or_invalid_intervals,unavailable_fewer_than_3_sections_or_downbeat_spans,,
aime_mtg_jamendo_06023,30s,MTG-Jamendo,development,complete,computed,computed,eligible,eligible,unavailable_fewer_than_3_sections_or_downbeat_spans,,
aime_mtg_jamendo_06024,30s,MTG-Jamendo,development,complete,computed,computed,eligible,eligible,eligible,,
aime_mtg_jamendo_06025,30s,MTG-Jamendo,development,complete,computed,computed,eligible,eligible,unavailable_fewer_than_3_sections_or_downbeat_spans,,
aime_mtg_jamendo_06026,30s,MTG-Jamendo,development,complete,computed,computed,eligible,eligible,unavailable_fewer_than_3_sections_or_downbeat_spans,,
aime_mtg_jamendo_06027,30s,MTG-Jamendo,development,complete,computed,computed,eligible,eligible,unavailable_fewer_than_3_sections_or_downbeat_spans,,
aime_mtg_jamendo_06028,30s,MTG-Jamendo,development,complete,computed,computed,eligible,eligible,unavailable_fewer_than_3_sections_or_downbeat_spans,,
aime_mtg_jamendo_06029,30s,MTG-Jamendo,development,complete,computed,computed,eligible,eligible,eligible,,
aime_mtg_jamendo_06030,30s,MTG-Jamendo,development,complete,computed,computed,eligible,eligible,unavailable_fewer_than_3_sections_or_downbeat_spans,,
aime_mtg_jamendo_06031,30s,MTG-Jamendo,development,complete,computed,computed,eligible,eligible,unavailable_fewer_than_3_sections_or_downbeat_spans,,
aime_mtg_jamendo_06032,30s,MTG-Jamendo,development,complete,computed,computed,eligible,eligible,unavailable_fewer_than_3_sections_or_downbeat_spans,,
aime_mtg_jamendo_06033,30s,MTG-Jamendo,development,complete,computed,computed,eligible,eligible,unavailable_fewer_than_3_sections_or_downbeat_spans,,
aime_mtg_jamendo_06034,30s,MTG-Jamendo,development,complete,computed,computed,eligible,eligible,unavailable_fewer_than_3_sections_or_downbeat_spans,,
aime_mtg_jamendo_06035,30s,MTG-Jamendo,development,complete,computed,computed,eligible,eligible,unavailable_fewer_than_3_sections_or_downbeat_spans,,
aime_mtg_jamendo_06036,30s,MTG-Jamendo,development,complete,computed,computed,eligible,eligible,unavailable_fewer_than_3_sections_or_downbeat_spans,,
aime_mtg_jamendo_06037,30s,MTG-Jamendo,development,complete,computed,computed,eligible,eligible,unavailable_fewer_than_3_sections_or_downbeat_spans,,
aime_mtg_jamendo_06038,30s,MTG-Jamendo,development,complete,computed,computed,eligible,eligible,unavailable_fewer_than_3_sections_or_downbeat_spans,,
aime_mtg_jamendo_06039,30s,MTG-Jamendo,development,complete,computed,computed,eligible,eligible,unavailable_fewer_than_3_sections_or_downbeat_spans,,
aime_mtg_jamendo_06040,30s,MTG-Jamendo,development,complete,computed,computed,eligible,eligible,unavailable_fewer_than_3_sections_or_downbeat_spans,,
aime_mtg_jamendo_06041,30s,MTG-Jamendo,development,complete,computed,computed,eligible,eligible,eligible,,
aime_mtg_jamendo_06042,30s,MTG-Jamendo,development,complete,computed,computed,eligible,eligible,unavailable_fewer_than_3_sections_or_downbeat_spans,,
aime_mtg_jamendo_06043,30s,MTG-Jamendo,development,complete,computed,computed,eligible,eligible,unavailable_fewer_than_3_sections_or_downbeat_spans,,
aime_mtg_jamendo_06044,30s,MTG-Jamendo,development,complete,computed,computed,eligible,eligible,unavailable_fewer_than_3_sections_or_downbeat_spans,,
aime_mtg_jamendo_06045,30s,MTG-Jamendo,development,complete,computed,computed,eligible,eligible,unavailable_fewer_than_3_sections_or_downbeat_spans,,
aime_mtg_jamendo_06046,30s,MTG-Jamendo,development,complete,computed,computed,eligible,eligible,unavailable_fewer_than_3_sections_or_downbeat_spans,,
aime_mtg_jamendo_06047,30s,MTG-Jamendo,development,complete,computed,computed,eligible,eligible,unavailable_fewer_than_3_sections_or_downbeat_spans,,
aime_mtg_jamendo_06048,30s,MTG-Jamendo,development,complete,computed,computed,eligible,eligible,unavailable_fewer_than_3_sections_or_downbeat_spans,,
aime_mtg_jamendo_06049,30s,MTG-Jamendo,development,complete,computed,computed,eligible,eligible,unavailable_fewer_than_3_sections_or_downbeat_spans,,
aime_mtg_jamendo_06050,30s,MTG-Jamendo,development,complete,computed,computed,eligible,eligible,unavailable_fewer_than_3_sections_or_downbeat_spans,,
aime_mtg_jamendo_06051,30s,MTG-Jamendo,development,complete,computed,computed,eligible,eligible,unavailable_fewer_than_3_sections_or_downbeat_spans,,
aime_mtg_jamendo_06052,30s,MTG-Jamendo,development,complete,computed,computed,eligible,eligible,unavailable_fewer_than_3_sections_or_downbeat_spans,,
aime_mtg_jamendo_06053,30s,MTG-Jamendo,development,complete,computed,computed,eligible,eligible,unavailable_fewer_than_3_sections_or_downbeat_spans,,
aime_mtg_jamendo_06054,30s,MTG-Jamendo,development,complete,computed,computed,eligible,eligible,unavailable_fewer_than_3_sections_or_downbeat_spans,,
aime_mtg_jamendo_06055,30s,MTG-Jamendo,development,complete,computed,computed,eligible,eligible,unavailable_fewer_than_3_sections_or_downbeat_spans,,
aime_mtg_jamendo_06056,30s,MTG-Jamendo,development,complete,computed,computed,eligible,eligible,unavailable_fewer_than_3_sections_or_downbeat_spans,,
aime_mtg_jamendo_06057,30s,MTG-Jamendo,development,complete,computed,computed,eligible,eligible,unavailable_fewer_than_3_sections_or_downbeat_spans,,
aime_mtg_jamendo_06058,30s,MTG-Jamendo,development,complete,computed,computed,eligible,eligible,unavailable_fewer_than_3_sections_or_downbeat_spans,,
aime_mtg_jamendo_06059,30s,MTG-Jamendo,development,complete,computed,computed,eligible,eligible,unavailable_fewer_than_3_sections_or_downbeat_spans,,
aime_mtg_jamendo_06060,30s,MTG-Jamendo,development,complete,computed,computed,eligible,eligible,unavailable_fewer_than_3_sections_or_downbeat_spans,,
aime_mtg_jamendo_06061,30s,MTG-Jamendo,development,complete,computed,computed,eligible,eligible,unavailable_fewer_than_3_sections_or_downbeat_spans,,
aime_mtg_jamendo_06062,30s,MTG-Jamendo,development,complete,computed,computed,eligible,eligible,unavailable_fewer_than_3_sections_or_downbeat_spans,,
aime_mtg_jamendo_06063,30s,MTG-Jamendo,development,complete,computed,computed,eligible,eligible,unavailable_fewer_than_3_sections_or_downbeat_spans,,
aime_mtg_jamendo_06064,30s,MTG-Jamendo,development,complete,computed,computed,eligible,eligible,unavailable_fewer_than_3_sections_or_downbeat_spans,,
aime_mtg_jamendo_06065,30s,MTG-Jamendo,development,complete,computed,computed,eligible,unavailable_fewer_than_16_beats_or_invalid_intervals,unavailable_fewer_than_3_sections_or_downbeat_spans,,
aime_mtg_jamendo_06066,30s,MTG-Jamendo,development,complete,computed,computed,eligible,eligible,unavailable_fewer_than_3_sections_or_downbeat_spans,,
aime_mtg_jamendo_06067,30s,MTG-Jamendo,development,complete,computed,computed,eligible,eligible,unavailable_fewer_than_3_sections_or_downbeat_spans,,
aime_mtg_jamendo_06068,30s,MTG-Jamendo,development,complete,computed,computed,eligible,eligible,unavailable_fewer_than_3_sections_or_downbeat_spans,,
aime_mtg_jamendo_06069,30s,MTG-Jamendo,development,complete,computed,computed,eligible,eligible,unavailable_fewer_than_3_sections_or_downbeat_spans,,
aime_mtg_jamendo_06070,30s,MTG-Jamendo,development,complete,computed,computed,eligible,eligible,unavailable_fewer_than_3_sections_or_downbeat_spans,,
aime_mtg_jamendo_06071,30s,MTG-Jamendo,development,complete,computed,computed,eligible,unavailable_fewer_than_16_beats_or_invalid_intervals,unavailable_fewer_than_3_sections_or_downbeat_spans,,
aime_mtg_jamendo_06072,30s,MTG-Jamendo,development,complete,computed,computed,eligible,eligible,unavailable_fewer_than_3_sections_or_downbeat_spans,,
aime_mtg_jamendo_06073,30s,MTG-Jamendo,development,complete,computed,computed,eligible,eligible,unavailable_fewer_than_3_sections_or_downbeat_spans,,
aime_mtg_jamendo_06074,30s,MTG-Jamendo,development,complete,computed,computed,eligible,eligible,unavailable_fewer_than_3_sections_or_downbeat_spans,,
aime_mtg_jamendo_06075,30s,MTG-Jamendo,development,complete,computed,computed,eligible,eligible,unavailable_fewer_than_3_sections_or_downbeat_spans,,
aime_mtg_jamendo_06076,30s,MTG-Jamendo,development,complete,computed,computed,eligible,eligible,unavailable_fewer_than_3_sections_or_downbeat_spans,,
aime_mtg_jamendo_06077,30s,MTG-Jamendo,development,complete,computed,computed,eligible,eligible,unavailable_fewer_than_3_sections_or_downbeat_spans,,
aime_mtg_jamendo_06078,30s,MTG-Jamendo,development,complete,computed,computed,eligible,eligible,unavailable_fewer_than_3_sections_or_downbeat_spans,,
aime_mtg_jamendo_06079,30s,MTG-Jamendo,development,complete,computed,computed,eligible,eligible,unavailable_fewer_than_3_sections_or_downbeat_spans,,
aime_mtg_jamendo_06080,30s,MTG-Jamendo,development,complete,computed,computed,eligible,eligible,eligible,,
aime_mtg_jamendo_06081,30s,MTG-Jamendo,development,complete,computed,computed,eligible,eligible,unavailable_fewer_than_3_sections_or_downbeat_spans,,
aime_mtg_jamendo_06082,30s,MTG-Jamendo,development,complete,computed,computed,eligible,eligible,unavailable_fewer_than_3_sections_or_downbeat_spans,,
aime_mtg_jamendo_06083,30s,MTG-Jamendo,development,complete,computed,computed,eligible,eligible,unavailable_fewer_than_3_sections_or_downbeat_spans,,
aime_mtg_jamendo_06084,30s,MTG-Jamendo,development,complete,computed,computed,eligible,eligible,unavailable_fewer_than_3_sections_or_downbeat_spans,,
aime_mtg_jamendo_06085,30s,MTG-Jamendo,development,complete,computed,computed,eligible,unavailable_fewer_than_16_beats_or_invalid_intervals,unavailable_fewer_than_3_sections_or_downbeat_spans,,
aime_mtg_jamendo_06086,30s,MTG-Jamendo,development,complete,computed,computed,eligible,eligible,unavailable_fewer_than_3_sections_or_downbeat_spans,,
aime_mtg_jamendo_06087,30s,MTG-Jamendo,development,complete,computed,computed,eligible,eligible,unavailable_fewer_than_3_sections_or_downbeat_spans,,
aime_mtg_jamendo_06088,30s,MTG-Jamendo,development,complete,computed,computed,eligible,eligible,unavailable_fewer_than_3_sections_or_downbeat_spans,,
aime_mtg_jamendo_06089,30s,MTG-Jamendo,development,complete,computed,computed,eligible,eligible,unavailable_fewer_than_3_sections_or_downbeat_spans,,
aime_mtg_jamendo_06090,30s,MTG-Jamendo,development,complete,computed,computed,eligible,eligible,unavailable_fewer_than_3_sections_or_downbeat_spans,,
aime_mtg_jamendo_06091,30s,MTG-Jamendo,development,complete,computed,computed,eligible,eligible,unavailable_fewer_than_3_sections_or_downbeat_spans,,
aime_mtg_jamendo_06092,30s,MTG-Jamendo,development,complete,computed,computed,eligible,eligible,unavailable_fewer_than_3_sections_or_downbeat_spans,,
aime_mtg_jamendo_06093,30s,MTG-Jamendo,development,complete,computed,computed,eligible,eligible,unavailable_fewer_than_3_sections_or_downbeat_spans,,
aime_mtg_jamendo_06094,30s,MTG-Jamendo,development,complete,computed,computed,eligible,eligible,unavailable_fewer_than_3_sections_or_downbeat_spans,,
aime_mtg_jamendo_06095,30s,MTG-Jamendo,development,complete,computed,computed,eligible,eligible,unavailable_fewer_than_3_sections_or_downbeat_spans,,
aime_mtg_jamendo_06096,30s,MTG-Jamendo,development,complete,computed,computed,eligible,eligible,unavailable_fewer_than_3_sections_or_downbeat_spans,,
aime_mtg_jamendo_06097,30s,MTG-Jamendo,development,complete,computed,computed,eligible,eligible,unavailable_fewer_than_3_sections_or_downbeat_spans,,
aime_mtg_jamendo_06098,30s,MTG-Jamendo,development,complete,computed,computed,eligible,unavailable_fewer_than_16_beats_or_invalid_intervals,unavailable_fewer_than_3_sections_or_downbeat_spans,,
aime_mtg_jamendo_06099,30s,MTG-Jamendo,development,complete,computed,computed,eligible,eligible,unavailable_fewer_than_3_sections_or_downbeat_spans,,
aime_mtg_jamendo_06100,30s,MTG-Jamendo,development,complete,computed,computed,eligible,eligible,unavailable_fewer_than_3_sections_or_downbeat_spans,,
aime_mtg_jamendo_06101,30s,MTG-Jamendo,development,complete,computed,computed,eligible,eligible,unavailable_fewer_than_3_sections_or_downbeat_spans,,
aime_mtg_jamendo_06102,30s,MTG-Jamendo,development,complete,computed,computed,eligible,eligible,unavailable_fewer_than_3_sections_or_downbeat_spans,,
aime_mtg_jamendo_06103,30s,MTG-Jamendo,development,complete,computed,computed,eligible,eligible,eligible,,
aime_mtg_jamendo_06104,30s,MTG-Jamendo,development,complete,computed,computed,eligible,eligible,unavailable_fewer_than_3_sections_or_downbeat_spans,,
aime_mtg_jamendo_06105,30s,MTG-Jamendo,development,complete,computed,computed,eligible,eligible,unavailable_fewer_than_3_sections_or_downbeat_spans,,
aime_mtg_jamendo_06106,30s,MTG-Jamendo,development,complete,computed,computed,eligible,eligible,eligible,,
aime_mtg_jamendo_06107,30s,MTG-Jamendo,development,complete,computed,computed,eligible,eligible,unavailable_fewer_than_3_sections_or_downbeat_spans,,
aime_mtg_jamendo_06108,30s,MTG-Jamendo,development,complete,computed,computed,eligible,eligible,unavailable_fewer_than_3_sections_or_downbeat_spans,,
aime_mtg_jamendo_06109,30s,MTG-Jamendo,development,complete,computed,computed,eligible,eligible,unavailable_fewer_than_3_sections_or_downbeat_spans,,
aime_mtg_jamendo_06110,30s,MTG-Jamendo,development,complete,computed,computed,eligible,eligible,eligible,,
aime_mtg_jamendo_06111,30s,MTG-Jamendo,development,complete,computed,computed,eligible,eligible,unavailable_fewer_than_3_sections_or_downbeat_spans,,
aime_mtg_jamendo_06112,30s,MTG-Jamendo,development,complete,computed,computed,eligible,eligible,eligible,,
aime_mtg_jamendo_06113,30s,MTG-Jamendo,development,complete,computed,computed,eligible,eligible,eligible,,
aime_mtg_jamendo_06114,30s,MTG-Jamendo,development,complete,computed,computed,eligible,eligible,unavailable_fewer_than_3_sections_or_downbeat_spans,,
aime_mtg_jamendo_06115,30s,MTG-Jamendo,development,complete,computed,computed,eligible,unavailable_fewer_than_16_beats_or_invalid_intervals,unavailable_fewer_than_3_sections_or_downbeat_spans,,
aime_mtg_jamendo_06116,30s,MTG-Jamendo,development,complete,computed,computed,eligible,unavailable_fewer_than_16_beats_or_invalid_intervals,unavailable_fewer_than_3_sections_or_downbeat_spans,,
aime_mtg_jamendo_06117,30s,MTG-Jamendo,development,complete,computed,computed,eligible,eligible,unavailable_fewer_than_3_sections_or_downbeat_spans,,
aime_mtg_jamendo_06118,30s,MTG-Jamendo,development,complete,computed,computed,eligible,eligible,unavailable_fewer_than_3_sections_or_downbeat_spans,,
aime_mtg_jamendo_06119,30s,MTG-Jamendo,development,complete,computed,computed,eligible,eligible,unavailable_fewer_than_3_sections_or_downbeat_spans,,
aime_mtg_jamendo_06120,30s,MTG-Jamendo,development,complete,computed,computed,eligible,eligible,eligible,,
aime_mtg_jamendo_06121,30s,MTG-Jamendo,development,complete,computed,computed,eligible,eligible,unavailable_fewer_than_3_sections_or_downbeat_spans,,
aime_mtg_jamendo_06122,30s,MTG-Jamendo,development,complete,computed,computed,eligible,eligible,unavailable_fewer_than_3_sections_or_downbeat_spans,,
aime_mtg_jamendo_06123,30s,MTG-Jamendo,development,complete,computed,computed,eligible,eligible,unavailable_fewer_than_3_sections_or_downbeat_spans,,
aime_mtg_jamendo_06124,30s,MTG-Jamendo,development,complete,computed,computed,eligible,eligible,eligible,,
aime_mtg_jamendo_06125,30s,MTG-Jamendo,development,complete,computed,computed,eligible,eligible,unavailable_fewer_than_3_sections_or_downbeat_spans,,
aime_mtg_jamendo_06126,30s,MTG-Jamendo,development,complete,computed,computed,eligible,eligible,unavailable_fewer_than_3_sections_or_downbeat_spans,,
aime_mtg_jamendo_06127,30s,MTG-Jamendo,development,complete,computed,computed,eligible,eligible,unavailable_fewer_than_3_sections_or_downbeat_spans,,
aime_mtg_jamendo_06128,30s,MTG-Jamendo,development,complete,computed,computed,eligible,eligible,unavailable_fewer_than_3_sections_or_downbeat_spans,,
aime_mtg_jamendo_06129,30s,MTG-Jamendo,development,complete,computed,computed,eligible,eligible,unavailable_fewer_than_3_sections_or_downbeat_spans,,
aime_mtg_jamendo_06130,30s,MTG-Jamendo,development,complete,computed,computed,eligible,eligible,unavailable_fewer_than_3_sections_or_downbeat_spans,,
aime_mtg_jamendo_06131,30s,MTG-Jamendo,development,complete,computed,computed,eligible,eligible,unavailable_fewer_than_3_sections_or_downbeat_spans,,
aime_mtg_jamendo_06132,30s,MTG-Jamendo,development,complete,computed,computed,eligible,eligible,unavailable_fewer_than_3_sections_or_downbeat_spans,,
aime_mtg_jamendo_06133,30s,MTG-Jamendo,development,complete,computed,computed,eligible,eligible,unavailable_fewer_than_3_sections_or_downbeat_spans,,
aime_mtg_jamendo_06134,30s,MTG-Jamendo,development,complete,computed,computed,eligible,eligible,eligible,,
aime_mtg_jamendo_06135,30s,MTG-Jamendo,development,complete,computed,computed,eligible,eligible,unavailable_fewer_than_3_sections_or_downbeat_spans,,
aime_mtg_jamendo_06136,30s,MTG-Jamendo,development,complete,computed,computed,eligible,eligible,unavailable_fewer_than_3_sections_or_downbeat_spans,,
aime_mtg_jamendo_06137,30s,MTG-Jamendo,development,complete,computed,computed,eligible,eligible,unavailable_fewer_than_3_sections_or_downbeat_spans,,
aime_mtg_jamendo_06138,30s,MTG-Jamendo,development,complete,computed,computed,eligible,eligible,unavailable_fewer_than_3_sections_or_downbeat_spans,,
aime_mtg_jamendo_06139,30s,MTG-Jamendo,development,complete,computed,computed,eligible,eligible,unavailable_fewer_than_3_sections_or_downbeat_spans,,
aime_mtg_jamendo_06140,30s,MTG-Jamendo,development,complete,computed,computed,eligible,eligible,eligible,,
aime_mtg_jamendo_06141,30s,MTG-Jamendo,development,complete,computed,computed,eligible,eligible,unavailable_fewer_than_3_sections_or_downbeat_spans,,
aime_mtg_jamendo_06142,30s,MTG-Jamendo,development,complete,computed,computed,eligible,eligible,unavailable_fewer_than_3_sections_or_downbeat_spans,,
aime_mtg_jamendo_06143,30s,MTG-Jamendo,development,complete,computed,computed,eligible,eligible,unavailable_fewer_than_3_sections_or_downbeat_spans,,
aime_mtg_jamendo_06144,30s,MTG-Jamendo,development,complete,computed,computed,eligible,eligible,unavailable_fewer_than_3_sections_or_downbeat_spans,,
aime_mtg_jamendo_06145,30s,MTG-Jamendo,development,complete,computed,computed,eligible,eligible,eligible,,
aime_mtg_jamendo_06146,30s,MTG-Jamendo,development,complete,computed,computed,eligible,unavailable_fewer_than_16_beats_or_invalid_intervals,unavailable_fewer_than_3_sections_or_downbeat_spans,,
aime_mtg_jamendo_06147,30s,MTG-Jamendo,development,complete,computed,computed,eligible,eligible,unavailable_fewer_than_3_sections_or_downbeat_spans,,
aime_mtg_jamendo_06148,30s,MTG-Jamendo,development,complete,computed,computed,eligible,eligible,unavailable_fewer_than_3_sections_or_downbeat_spans,,
aime_mtg_jamendo_06149,30s,MTG-Jamendo,development,complete,computed,computed,eligible,eligible,unavailable_fewer_than_3_sections_or_downbeat_spans,,
aime_mtg_jamendo_06150,30s,MTG-Jamendo,development,complete,computed,computed,eligible,eligible,eligible,,
aime_mtg_jamendo_06151,30s,MTG-Jamendo,development,complete,computed,computed,eligible,eligible,unavailable_fewer_than_3_sections_or_downbeat_spans,,
aime_mtg_jamendo_06152,30s,MTG-Jamendo,development,complete,computed,computed,eligible,eligible,unavailable_fewer_than_3_sections_or_downbeat_spans,,
aime_mtg_jamendo_06153,30s,MTG-Jamendo,development,complete,computed,computed,eligible,eligible,unavailable_fewer_than_3_sections_or_downbeat_spans,,
aime_mtg_jamendo_06154,30s,MTG-Jamendo,development,complete,computed,computed,eligible,eligible,unavailable_fewer_than_3_sections_or_downbeat_spans,,
aime_mtg_jamendo_06155,30s,MTG-Jamendo,development,complete,computed,computed,eligible,eligible,unavailable_fewer_than_3_sections_or_downbeat_spans,,
aime_mtg_jamendo_06156,30s,MTG-Jamendo,development,complete,computed,computed,eligible,eligible,unavailable_fewer_than_3_sections_or_downbeat_spans,,
aime_mtg_jamendo_06157,30s,MTG-Jamendo,development,complete,computed,computed,eligible,eligible,unavailable_fewer_than_3_sections_or_downbeat_spans,,
aime_mtg_jamendo_06158,30s,MTG-Jamendo,development,complete,computed,computed,eligible,eligible,eligible,,
aime_mtg_jamendo_06159,30s,MTG-Jamendo,development,complete,computed,computed,eligible,eligible,unavailable_fewer_than_3_sections_or_downbeat_spans,,
aime_mtg_jamendo_06160,30s,MTG-Jamendo,development,complete,computed,computed,eligible,eligible,eligible,,
aime_mtg_jamendo_06161,30s,MTG-Jamendo,development,complete,computed,computed,eligible,eligible,unavailable_fewer_than_3_sections_or_downbeat_spans,,
aime_mtg_jamendo_06162,30s,MTG-Jamendo,development,complete,computed,computed,eligible,eligible,unavailable_fewer_than_3_sections_or_downbeat_spans,,
aime_mtg_jamendo_06163,30s,MTG-Jamendo,development,complete,computed,computed,eligible,eligible,unavailable_fewer_than_3_sections_or_downbeat_spans,,
aime_mtg_jamendo_06164,30s,MTG-Jamendo,development,complete,computed,computed,eligible,eligible,unavailable_fewer_than_3_sections_or_downbeat_spans,,
aime_mtg_jamendo_06165,30s,MTG-Jamendo,development,complete,computed,computed,eligible,eligible,unavailable_fewer_than_3_sections_or_downbeat_spans,,
aime_mtg_jamendo_06166,30s,MTG-Jamendo,development,complete,computed,computed,eligible,eligible,unavailable_fewer_than_3_sections_or_downbeat_spans,,
aime_mtg_jamendo_06167,30s,MTG-Jamendo,development,complete,computed,computed,eligible,eligible,eligible,,
aime_mtg_jamendo_06168,30s,MTG-Jamendo,development,complete,computed,computed,eligible,eligible,unavailable_fewer_than_3_sections_or_downbeat_spans,,
aime_mtg_jamendo_06169,30s,MTG-Jamendo,development,complete,computed,computed,eligible,eligible,unavailable_fewer_than_3_sections_or_downbeat_spans,,
aime_mtg_jamendo_06170,30s,MTG-Jamendo,development,complete,computed,computed,eligible,eligible,unavailable_fewer_than_3_sections_or_downbeat_spans,,
aime_mtg_jamendo_06171,30s,MTG-Jamendo,development,complete,computed,computed,eligible,eligible,unavailable_fewer_than_3_sections_or_downbeat_spans,,
aime_mtg_jamendo_06172,30s,MTG-Jamendo,development,complete,computed,computed,eligible,eligible,eligible,,
aime_mtg_jamendo_06173,30s,MTG-Jamendo,development,complete,computed,computed,eligible,eligible,unavailable_fewer_than_3_sections_or_downbeat_spans,,
aime_mtg_jamendo_06174,30s,MTG-Jamendo,development,complete,computed,computed,eligible,unavailable_fewer_than_16_beats_or_invalid_intervals,unavailable_fewer_than_3_sections_or_downbeat_spans,,
aime_mtg_jamendo_06175,30s,MTG-Jamendo,development,complete,computed,computed,eligible,eligible,unavailable_fewer_than_3_sections_or_downbeat_spans,,
aime_mtg_jamendo_06176,30s,MTG-Jamendo,development,complete,computed,computed,eligible,eligible,unavailable_fewer_than_3_sections_or_downbeat_spans,,
aime_mtg_jamendo_06177,30s,MTG-Jamendo,development,complete,computed,computed,eligible,eligible,unavailable_fewer_than_3_sections_or_downbeat_spans,,
aime_mtg_jamendo_06178,30s,MTG-Jamendo,development,complete,computed,computed,eligible,eligible,unavailable_fewer_than_3_sections_or_downbeat_spans,,
aime_mtg_jamendo_06179,30s,MTG-Jamendo,development,complete,computed,computed,eligible,eligible,unavailable_fewer_than_3_sections_or_downbeat_spans,,
aime_mtg_jamendo_06180,30s,MTG-Jamendo,development,complete,computed,computed,eligible,eligible,unavailable_fewer_than_3_sections_or_downbeat_spans,,
aime_mtg_jamendo_06181,30s,MTG-Jamendo,development,complete,computed,computed,eligible,eligible,unavailable_fewer_than_3_sections_or_downbeat_spans,,
aime_mtg_jamendo_06182,30s,MTG-Jamendo,development,complete,computed,computed,eligible,eligible,unavailable_fewer_than_3_sections_or_downbeat_spans,,
aime_mtg_jamendo_06183,30s,MTG-Jamendo,development,complete,computed,computed,eligible,eligible,unavailable_fewer_than_3_sections_or_downbeat_spans,,
aime_mtg_jamendo_06184,30s,MTG-Jamendo,development,complete,computed,computed,eligible,eligible,unavailable_fewer_than_3_sections_or_downbeat_spans,,
aime_mtg_jamendo_06185,30s,MTG-Jamendo,development,complete,computed,computed,eligible,unavailable_fewer_than_16_beats_or_invalid_intervals,unavailable_fewer_than_3_sections_or_downbeat_spans,,
aime_mtg_jamendo_06186,30s,MTG-Jamendo,development,complete,computed,computed,eligible,eligible,eligible,,
aime_mtg_jamendo_06187,30s,MTG-Jamendo,development,complete,computed,computed,eligible,unavailable_fewer_than_16_beats_or_invalid_intervals,unavailable_fewer_than_3_sections_or_downbeat_spans,,
aime_mtg_jamendo_06188,30s,MTG-Jamendo,development,complete,computed,computed,eligible,eligible,unavailable_fewer_than_3_sections_or_downbeat_spans,,
aime_mtg_jamendo_06189,30s,MTG-Jamendo,development,complete,computed,computed,eligible,eligible,eligible,,
aime_mtg_jamendo_06190,30s,MTG-Jamendo,development,complete,computed,computed,eligible,eligible,unavailable_fewer_than_3_sections_or_downbeat_spans,,
aime_mtg_jamendo_06191,30s,MTG-Jamendo,development,complete,computed,computed,eligible,eligible,unavailable_fewer_than_3_sections_or_downbeat_spans,,
aime_mtg_jamendo_06192,30s,MTG-Jamendo,development,complete,computed,computed,eligible,eligible,unavailable_fewer_than_3_sections_or_downbeat_spans,,
aime_mtg_jamendo_06193,30s,MTG-Jamendo,development,complete,computed,computed,eligible,eligible,unavailable_fewer_than_3_sections_or_downbeat_spans,,
aime_mtg_jamendo_06194,30s,MTG-Jamendo,development,complete,computed,computed,eligible,eligible,unavailable_fewer_than_3_sections_or_downbeat_spans,,
aime_mtg_jamendo_06195,30s,MTG-Jamendo,development,complete,computed,computed,eligible,eligible,eligible,,
aime_mtg_jamendo_06196,30s,MTG-Jamendo,development,complete,computed,computed,eligible,eligible,eligible,,
aime_mtg_jamendo_06197,30s,MTG-Jamendo,development,complete,computed,computed,eligible,eligible,unavailable_fewer_than_3_sections_or_downbeat_spans,,
aime_mtg_jamendo_06198,30s,MTG-Jamendo,development,complete,computed,computed,eligible,eligible,unavailable_fewer_than_3_sections_or_downbeat_spans,,
aime_mtg_jamendo_06199,30s,MTG-Jamendo,development,complete,computed,computed,eligible,eligible,unavailable_fewer_than_3_sections_or_downbeat_spans,,
aime_mtg_jamendo_06200,30s,MTG-Jamendo,development,complete,computed,computed,eligible,eligible,unavailable_fewer_than_3_sections_or_downbeat_spans,,
aime_mtg_jamendo_06201,30s,MTG-Jamendo,development,complete,computed,computed,eligible,eligible,unavailable_fewer_than_3_sections_or_downbeat_spans,,
aime_mtg_jamendo_06202,30s,MTG-Jamendo,development,complete,computed,computed,eligible,eligible,unavailable_fewer_than_3_sections_or_downbeat_spans,,
aime_mtg_jamendo_06203,30s,MTG-Jamendo,development,complete,computed,computed,eligible,eligible,unavailable_fewer_than_3_sections_or_downbeat_spans,,
aime_mtg_jamendo_06204,30s,MTG-Jamendo,development,complete,computed,computed,eligible,eligible,unavailable_fewer_than_3_sections_or_downbeat_spans,,
aime_mtg_jamendo_06205,30s,MTG-Jamendo,development,complete,computed,computed,eligible,eligible,unavailable_fewer_than_3_sections_or_downbeat_spans,,
aime_mtg_jamendo_06206,30s,MTG-Jamendo,development,complete,computed,computed,eligible,eligible,unavailable_fewer_than_3_sections_or_downbeat_spans,,
aime_mtg_jamendo_06207,30s,MTG-Jamendo,development,complete,computed,computed,eligible,eligible,eligible,,
aime_mtg_jamendo_06208,30s,MTG-Jamendo,development,complete,computed,computed,eligible,eligible,unavailable_fewer_than_3_sections_or_downbeat_spans,,
aime_mtg_jamendo_06209,30s,MTG-Jamendo,development,complete,computed,computed,eligible,eligible,unavailable_fewer_than_3_sections_or_downbeat_spans,,
aime_mtg_jamendo_06210,30s,MTG-Jamendo,development,complete,computed,computed,eligible,eligible,unavailable_fewer_than_3_sections_or_downbeat_spans,,
aime_mtg_jamendo_06211,30s,MTG-Jamendo,development,complete,computed,computed,eligible,eligible,unavailable_fewer_than_3_sections_or_downbeat_spans,,
aime_mtg_jamendo_06212,30s,MTG-Jamendo,development,complete,computed,computed,eligible,eligible,unavailable_fewer_than_3_sections_or_downbeat_spans,,
aime_mtg_jamendo_06213,30s,MTG-Jamendo,development,complete,computed,computed,eligible,eligible,unavailable_fewer_than_3_sections_or_downbeat_spans,,
aime_mtg_jamendo_06214,30s,MTG-Jamendo,development,complete,computed,computed,eligible,eligible,unavailable_fewer_than_3_sections_or_downbeat_spans,,
aime_mtg_jamendo_06215,30s,MTG-Jamendo,development,complete,computed,computed,eligible,eligible,unavailable_fewer_than_3_sections_or_downbeat_spans,,
aime_mtg_jamendo_06216,30s,MTG-Jamendo,development,complete,computed,computed,eligible,eligible,unavailable_fewer_than_3_sections_or_downbeat_spans,,
aime_mtg_jamendo_06217,30s,MTG-Jamendo,development,complete,computed,computed,eligible,eligible,eligible,,
aime_mtg_jamendo_06218,30s,MTG-Jamendo,development,complete,computed,computed,eligible,eligible,unavailable_fewer_than_3_sections_or_downbeat_spans,,
aime_mtg_jamendo_06219,30s,MTG-Jamendo,development,complete,computed,computed,eligible,eligible,unavailable_fewer_than_3_sections_or_downbeat_spans,,
aime_mtg_jamendo_06220,30s,MTG-Jamendo,development,complete,computed,computed,eligible,eligible,unavailable_fewer_than_3_sections_or_downbeat_spans,,
aime_mtg_jamendo_06221,30s,MTG-Jamendo,development,complete,computed,computed,eligible,eligible,unavailable_fewer_than_3_sections_or_downbeat_spans,,
aime_mtg_jamendo_06222,30s,MTG-Jamendo,development,complete,computed,computed,eligible,eligible,unavailable_fewer_than_3_sections_or_downbeat_spans,,
aime_mtg_jamendo_06223,30s,MTG-Jamendo,development,complete,computed,computed,eligible,eligible,unavailable_fewer_than_3_sections_or_downbeat_spans,,
aime_mtg_jamendo_06224,30s,MTG-Jamendo,development,complete,computed,computed,eligible,eligible,unavailable_fewer_than_3_sections_or_downbeat_spans,,
aime_mtg_jamendo_06225,30s,MTG-Jamendo,development,complete,computed,computed,eligible,eligible,eligible,,
aime_mtg_jamendo_06226,30s,MTG-Jamendo,development,complete,computed,computed,eligible,eligible,unavailable_fewer_than_3_sections_or_downbeat_spans,,
aime_mtg_jamendo_06227,30s,MTG-Jamendo,development,complete,computed,computed,eligible,eligible,unavailable_fewer_than_3_sections_or_downbeat_spans,,
aime_mtg_jamendo_06228,30s,MTG-Jamendo,development,complete,computed,computed,eligible,eligible,eligible,,
aime_mtg_jamendo_06229,30s,MTG-Jamendo,development,complete,computed,computed,eligible,eligible,unavailable_fewer_than_3_sections_or_downbeat_spans,,
aime_mtg_jamendo_06230,30s,MTG-Jamendo,development,complete,computed,computed,eligible,eligible,eligible,,
aime_mtg_jamendo_06231,30s,MTG-Jamendo,development,complete,computed,computed,eligible,eligible,unavailable_fewer_than_3_sections_or_downbeat_spans,,
aime_mtg_jamendo_06232,30s,MTG-Jamendo,development,complete,computed,computed,eligible,eligible,unavailable_fewer_than_3_sections_or_downbeat_spans,,
aime_mtg_jamendo_06233,30s,MTG-Jamendo,development,complete,computed,computed,eligible,eligible,unavailable_fewer_than_3_sections_or_downbeat_spans,,
aime_mtg_jamendo_06234,30s,MTG-Jamendo,development,complete,computed,computed,eligible,eligible,unavailable_fewer_than_3_sections_or_downbeat_spans,,
aime_mtg_jamendo_06235,30s,MTG-Jamendo,development,complete,computed,computed,eligible,eligible,eligible,,
aime_mtg_jamendo_06236,30s,MTG-Jamendo,development,complete,computed,computed,eligible,eligible,eligible,,
aime_mtg_jamendo_06237,30s,MTG-Jamendo,development,complete,computed,computed,eligible,eligible,unavailable_fewer_than_3_sections_or_downbeat_spans,,
aime_mtg_jamendo_06238,30s,MTG-Jamendo,development,complete,computed,computed,eligible,eligible,eligible,,
aime_mtg_jamendo_06239,30s,MTG-Jamendo,development,complete,computed,computed,eligible,eligible,unavailable_fewer_than_3_sections_or_downbeat_spans,,
aime_mtg_jamendo_06240,30s,MTG-Jamendo,development,complete,computed,computed,eligible,eligible,unavailable_fewer_than_3_sections_or_downbeat_spans,,
aime_mtg_jamendo_06241,30s,MTG-Jamendo,development,complete,computed,computed,eligible,eligible,unavailable_fewer_than_3_sections_or_downbeat_spans,,
aime_mtg_jamendo_06242,30s,MTG-Jamendo,development,complete,computed,computed,eligible,eligible,unavailable_fewer_than_3_sections_or_downbeat_spans,,
aime_mtg_jamendo_06243,30s,MTG-Jamendo,development,complete,computed,computed,eligible,eligible,unavailable_fewer_than_3_sections_or_downbeat_spans,,
aime_mtg_jamendo_06244,30s,MTG-Jamendo,development,complete,computed,computed,eligible,eligible,unavailable_fewer_than_3_sections_or_downbeat_spans,,
aime_mtg_jamendo_06245,30s,MTG-Jamendo,development,complete,computed,computed,eligible,eligible,unavailable_fewer_than_3_sections_or_downbeat_spans,,
aime_mtg_jamendo_06246,30s,MTG-Jamendo,development,complete,computed,computed,eligible,eligible,unavailable_fewer_than_3_sections_or_downbeat_spans,,
aime_mtg_jamendo_06247,30s,MTG-Jamendo,development,complete,computed,computed,eligible,eligible,unavailable_fewer_than_3_sections_or_downbeat_spans,,
aime_mtg_jamendo_06248,30s,MTG-Jamendo,development,complete,computed,computed,eligible,eligible,unavailable_fewer_than_3_sections_or_downbeat_spans,,
aime_mtg_jamendo_06249,30s,MTG-Jamendo,development,complete,computed,computed,eligible,eligible,unavailable_fewer_than_3_sections_or_downbeat_spans,,
aime_mtg_jamendo_06250,30s,MTG-Jamendo,development,complete,computed,computed,eligible,eligible,unavailable_fewer_than_3_sections_or_downbeat_spans,,
aime_mtg_jamendo_06251,30s,MTG-Jamendo,development,complete,computed,computed,eligible,eligible,unavailable_fewer_than_3_sections_or_downbeat_spans,,
aime_mtg_jamendo_06252,30s,MTG-Jamendo,development,complete,computed,computed,eligible,eligible,unavailable_fewer_than_3_sections_or_downbeat_spans,,
aime_mtg_jamendo_06253,30s,MTG-Jamendo,development,complete,computed,computed,eligible,eligible,unavailable_fewer_than_3_sections_or_downbeat_spans,,
aime_mtg_jamendo_06254,30s,MTG-Jamendo,development,complete,computed,computed,eligible,eligible,unavailable_fewer_than_3_sections_or_downbeat_spans,,
aime_mtg_jamendo_06255,30s,MTG-Jamendo,development,complete,computed,computed,eligible,eligible,eligible,,
aime_mtg_jamendo_06256,30s,MTG-Jamendo,development,complete,computed,computed,eligible,eligible,unavailable_fewer_than_3_sections_or_downbeat_spans,,
aime_mtg_jamendo_06257,30s,MTG-Jamendo,development,complete,computed,computed,eligible,eligible,unavailable_fewer_than_3_sections_or_downbeat_spans,,
aime_mtg_jamendo_06258,30s,MTG-Jamendo,development,complete,computed,computed,eligible,eligible,unavailable_fewer_than_3_sections_or_downbeat_spans,,
aime_mtg_jamendo_06259,30s,MTG-Jamendo,development,complete,computed,computed,eligible,eligible,unavailable_fewer_than_3_sections_or_downbeat_spans,,
aime_mtg_jamendo_06260,30s,MTG-Jamendo,development,complete,computed,computed,eligible,eligible,unavailable_fewer_than_3_sections_or_downbeat_spans,,
aime_mtg_jamendo_06261,30s,MTG-Jamendo,development,complete,computed,computed,eligible,eligible,unavailable_fewer_than_3_sections_or_downbeat_spans,,
aime_mtg_jamendo_06262,30s,MTG-Jamendo,development,complete,computed,computed,eligible,eligible,unavailable_fewer_than_3_sections_or_downbeat_spans,,
aime_mtg_jamendo_06263,30s,MTG-Jamendo,development,complete,computed,computed,eligible,eligible,eligible,,
aime_mtg_jamendo_06264,30s,MTG-Jamendo,development,complete,computed,computed,eligible,eligible,unavailable_fewer_than_3_sections_or_downbeat_spans,,
aime_mtg_jamendo_06265,30s,MTG-Jamendo,development,complete,computed,computed,eligible,eligible,unavailable_fewer_than_3_sections_or_downbeat_spans,,
aime_mtg_jamendo_06266,30s,MTG-Jamendo,development,complete,computed,computed,eligible,eligible,unavailable_fewer_than_3_sections_or_downbeat_spans,,
aime_mtg_jamendo_06267,30s,MTG-Jamendo,development,complete,computed,computed,eligible,eligible,unavailable_fewer_than_3_sections_or_downbeat_spans,,
aime_mtg_jamendo_06268,30s,MTG-Jamendo,development,complete,computed,computed,eligible,eligible,unavailable_fewer_than_3_sections_or_downbeat_spans,,
aime_mtg_jamendo_06269,30s,MTG-Jamendo,development,complete,computed,computed,eligible,eligible,unavailable_fewer_than_3_sections_or_downbeat_spans,,
aime_mtg_jamendo_06270,30s,MTG-Jamendo,development,complete,computed,computed,eligible,eligible,unavailable_fewer_than_3_sections_or_downbeat_spans,,
aime_mtg_jamendo_06271,30s,MTG-Jamendo,development,complete,computed,computed,eligible,eligible,eligible,,
aime_mtg_jamendo_06272,30s,MTG-Jamendo,development,complete,computed,computed,eligible,eligible,unavailable_fewer_than_3_sections_or_downbeat_spans,,
aime_mtg_jamendo_06273,30s,MTG-Jamendo,development,complete,computed,computed,eligible,eligible,eligible,,
aime_mtg_jamendo_06274,30s,MTG-Jamendo,development,complete,computed,computed,eligible,eligible,unavailable_fewer_than_3_sections_or_downbeat_spans,,
aime_mtg_jamendo_06275,30s,MTG-Jamendo,development,complete,computed,computed,eligible,eligible,unavailable_fewer_than_3_sections_or_downbeat_spans,,
aime_mtg_jamendo_06276,30s,MTG-Jamendo,development,complete,computed,computed,eligible,eligible,unavailable_fewer_than_3_sections_or_downbeat_spans,,
aime_mtg_jamendo_06277,30s,MTG-Jamendo,development,complete,computed,computed,eligible,eligible,unavailable_fewer_than_3_sections_or_downbeat_spans,,
aime_mtg_jamendo_06278,30s,MTG-Jamendo,development,complete,computed,computed,eligible,eligible,unavailable_fewer_than_3_sections_or_downbeat_spans,,
aime_mtg_jamendo_06279,30s,MTG-Jamendo,development,complete,computed,computed,eligible,eligible,eligible,,
aime_mtg_jamendo_06280,30s,MTG-Jamendo,development,complete,computed,computed,eligible,eligible,unavailable_fewer_than_3_sections_or_downbeat_spans,,
aime_mtg_jamendo_06281,30s,MTG-Jamendo,development,complete,computed,computed,eligible,eligible,unavailable_fewer_than_3_sections_or_downbeat_spans,,
aime_mtg_jamendo_06282,30s,MTG-Jamendo,development,complete,computed,computed,eligible,eligible,unavailable_fewer_than_3_sections_or_downbeat_spans,,
aime_mtg_jamendo_06283,30s,MTG-Jamendo,development,complete,computed,computed,eligible,eligible,unavailable_fewer_than_3_sections_or_downbeat_spans,,
aime_mtg_jamendo_06284,30s,MTG-Jamendo,development,complete,computed,computed,eligible,eligible,eligible,,
aime_mtg_jamendo_06285,30s,MTG-Jamendo,development,complete,computed,computed,eligible,eligible,eligible,,
aime_mtg_jamendo_06286,30s,MTG-Jamendo,development,complete,computed,computed,eligible,eligible,unavailable_fewer_than_3_sections_or_downbeat_spans,,
aime_mtg_jamendo_06287,30s,MTG-Jamendo,development,complete,computed,computed,eligible,eligible,eligible,,
aime_mtg_jamendo_06288,30s,MTG-Jamendo,development,complete,computed,computed,eligible,eligible,unavailable_fewer_than_3_sections_or_downbeat_spans,,
aime_mtg_jamendo_06289,30s,MTG-Jamendo,development,complete,computed,computed,eligible,eligible,unavailable_fewer_than_3_sections_or_downbeat_spans,,
aime_mtg_jamendo_06290,30s,MTG-Jamendo,development,complete,computed,computed,eligible,eligible,unavailable_fewer_than_3_sections_or_downbeat_spans,,
aime_mtg_jamendo_06291,30s,MTG-Jamendo,development,complete,computed,computed,eligible,eligible,unavailable_fewer_than_3_sections_or_downbeat_spans,,
aime_mtg_jamendo_06292,30s,MTG-Jamendo,development,complete,computed,computed,eligible,eligible,unavailable_fewer_than_3_sections_or_downbeat_spans,,
aime_mtg_jamendo_06293,30s,MTG-Jamendo,development,complete,computed,computed,eligible,eligible,unavailable_fewer_than_3_sections_or_downbeat_spans,,
aime_mtg_jamendo_06294,30s,MTG-Jamendo,development,complete,computed,computed,eligible,eligible,eligible,,
aime_mtg_jamendo_06295,30s,MTG-Jamendo,development,complete,computed,computed,eligible,eligible,unavailable_fewer_than_3_sections_or_downbeat_spans,,
aime_mtg_jamendo_06296,30s,MTG-Jamendo,development,complete,computed,computed,eligible,eligible,unavailable_fewer_than_3_sections_or_downbeat_spans,,
aime_mtg_jamendo_06297,30s,MTG-Jamendo,development,complete,computed,computed,eligible,eligible,unavailable_fewer_than_3_sections_or_downbeat_spans,,
aime_mtg_jamendo_06298,30s,MTG-Jamendo,development,complete,computed,computed,eligible,eligible,unavailable_fewer_than_3_sections_or_downbeat_spans,,
aime_mtg_jamendo_06299,30s,MTG-Jamendo,development,complete,computed,computed,eligible,eligible,unavailable_fewer_than_3_sections_or_downbeat_spans,,
aime_mtg_jamendo_06300,30s,MTG-Jamendo,development,complete,computed,computed,eligible,eligible,eligible,,
aime_mtg_jamendo_06301,30s,MTG-Jamendo,development,complete,computed,computed,eligible,eligible,unavailable_fewer_than_3_sections_or_downbeat_spans,,
aime_mtg_jamendo_06302,30s,MTG-Jamendo,development,complete,computed,computed,eligible,eligible,unavailable_fewer_than_3_sections_or_downbeat_spans,,
aime_mtg_jamendo_06303,30s,MTG-Jamendo,development,complete,computed,computed,eligible,eligible,eligible,,
aime_mtg_jamendo_06304,30s,MTG-Jamendo,development,complete,computed,computed,eligible,eligible,unavailable_fewer_than_3_sections_or_downbeat_spans,,
aime_mtg_jamendo_06305,30s,MTG-Jamendo,development,complete,computed,computed,eligible,eligible,unavailable_fewer_than_3_sections_or_downbeat_spans,,
aime_mtg_jamendo_06306,30s,MTG-Jamendo,development,complete,computed,computed,eligible,eligible,unavailable_fewer_than_3_sections_or_downbeat_spans,,
aime_mtg_jamendo_06307,30s,MTG-Jamendo,development,complete,computed,computed,eligible,eligible,unavailable_fewer_than_3_sections_or_downbeat_spans,,
aime_mtg_jamendo_06308,30s,MTG-Jamendo,development,complete,computed,computed,eligible,eligible,unavailable_fewer_than_3_sections_or_downbeat_spans,,
aime_mtg_jamendo_06309,30s,MTG-Jamendo,development,complete,computed,computed,eligible,eligible,unavailable_fewer_than_3_sections_or_downbeat_spans,,
aime_mtg_jamendo_06310,30s,MTG-Jamendo,development,complete,computed,computed,eligible,eligible,unavailable_fewer_than_3_sections_or_downbeat_spans,,
aime_mtg_jamendo_06311,30s,MTG-Jamendo,development,complete,computed,computed,eligible,eligible,unavailable_fewer_than_3_sections_or_downbeat_spans,,
aime_mtg_jamendo_06312,30s,MTG-Jamendo,development,complete,computed,computed,eligible,eligible,unavailable_fewer_than_3_sections_or_downbeat_spans,,
aime_mtg_jamendo_06313,30s,MTG-Jamendo,development,complete,computed,computed,eligible,eligible,unavailable_fewer_than_3_sections_or_downbeat_spans,,
aime_mtg_jamendo_06314,30s,MTG-Jamendo,development,complete,computed,computed,eligible,eligible,unavailable_fewer_than_3_sections_or_downbeat_spans,,
aime_mtg_jamendo_06315,30s,MTG-Jamendo,development,complete,computed,computed,eligible,eligible,unavailable_fewer_than_3_sections_or_downbeat_spans,,
aime_mtg_jamendo_06316,30s,MTG-Jamendo,development,complete,computed,computed,eligible,eligible,unavailable_fewer_than_3_sections_or_downbeat_spans,,
aime_mtg_jamendo_06317,30s,MTG-Jamendo,development,complete,computed,computed,eligible,eligible,eligible,,
aime_mtg_jamendo_06318,30s,MTG-Jamendo,development,complete,computed,computed,eligible,eligible,unavailable_fewer_than_3_sections_or_downbeat_spans,,
aime_mtg_jamendo_06319,30s,MTG-Jamendo,development,complete,computed,computed,eligible,eligible,unavailable_fewer_than_3_sections_or_downbeat_spans,,
aime_mtg_jamendo_06320,30s,MTG-Jamendo,development,complete,computed,computed,eligible,eligible,eligible,,
aime_mtg_jamendo_06321,30s,MTG-Jamendo,development,complete,computed,computed,eligible,eligible,eligible,,
aime_mtg_jamendo_06322,30s,MTG-Jamendo,development,complete,computed,computed,eligible,eligible,unavailable_fewer_than_3_sections_or_downbeat_spans,,
aime_mtg_jamendo_06323,30s,MTG-Jamendo,development,complete,computed,computed,eligible,eligible,unavailable_fewer_than_3_sections_or_downbeat_spans,,
aime_mtg_jamendo_06324,30s,MTG-Jamendo,development,complete,computed,computed,eligible,eligible,unavailable_fewer_than_3_sections_or_downbeat_spans,,
aime_mtg_jamendo_06325,30s,MTG-Jamendo,development,complete,computed,computed,eligible,eligible,unavailable_fewer_than_3_sections_or_downbeat_spans,,
aime_mtg_jamendo_06326,30s,MTG-Jamendo,development,complete,computed,computed,eligible,eligible,unavailable_fewer_than_3_sections_or_downbeat_spans,,
aime_mtg_jamendo_06327,30s,MTG-Jamendo,development,complete,computed,computed,eligible,eligible,unavailable_fewer_than_3_sections_or_downbeat_spans,,
aime_mtg_jamendo_06328,30s,MTG-Jamendo,development,complete,computed,computed,eligible,eligible,unavailable_fewer_than_3_sections_or_downbeat_spans,,
aime_mtg_jamendo_06329,30s,MTG-Jamendo,development,complete,computed,computed,eligible,eligible,eligible,,
aime_mtg_jamendo_06330,30s,MTG-Jamendo,development,complete,computed,computed,eligible,eligible,unavailable_fewer_than_3_sections_or_downbeat_spans,,
aime_mtg_jamendo_06331,30s,MTG-Jamendo,development,complete,computed,computed,eligible,eligible,unavailable_fewer_than_3_sections_or_downbeat_spans,,
aime_mtg_jamendo_06332,30s,MTG-Jamendo,development,complete,computed,computed,eligible,eligible,unavailable_fewer_than_3_sections_or_downbeat_spans,,
aime_mtg_jamendo_06333,30s,MTG-Jamendo,development,complete,computed,computed,eligible,eligible,eligible,,
aime_mtg_jamendo_06334,30s,MTG-Jamendo,development,complete,computed,computed,eligible,eligible,unavailable_fewer_than_3_sections_or_downbeat_spans,,
aime_mtg_jamendo_06335,30s,MTG-Jamendo,development,complete,computed,computed,eligible,eligible,unavailable_fewer_than_3_sections_or_downbeat_spans,,
aime_mtg_jamendo_06336,30s,MTG-Jamendo,development,complete,computed,computed,eligible,eligible,unavailable_fewer_than_3_sections_or_downbeat_spans,,
aime_mtg_jamendo_06337,30s,MTG-Jamendo,development,complete,computed,computed,eligible,eligible,unavailable_fewer_than_3_sections_or_downbeat_spans,,
aime_mtg_jamendo_06338,30s,MTG-Jamendo,development,complete,computed,computed,eligible,eligible,eligible,,
aime_mtg_jamendo_06339,30s,MTG-Jamendo,development,complete,computed,computed,eligible,eligible,unavailable_fewer_than_3_sections_or_downbeat_spans,,
aime_mtg_jamendo_06340,30s,MTG-Jamendo,development,complete,computed,computed,eligible,eligible,eligible,,
aime_mtg_jamendo_06341,30s,MTG-Jamendo,development,complete,computed,computed,eligible,eligible,eligible,,
aime_mtg_jamendo_06342,30s,MTG-Jamendo,development,complete,computed,computed,eligible,eligible,unavailable_fewer_than_3_sections_or_downbeat_spans,,
aime_mtg_jamendo_06343,30s,MTG-Jamendo,development,complete,computed,computed,eligible,eligible,unavailable_fewer_than_3_sections_or_downbeat_spans,,
aime_mtg_jamendo_06344,30s,MTG-Jamendo,development,complete,computed,computed,eligible,eligible,unavailable_fewer_than_3_sections_or_downbeat_spans,,
aime_mtg_jamendo_06345,30s,MTG-Jamendo,development,complete,computed,computed,eligible,eligible,unavailable_fewer_than_3_sections_or_downbeat_spans,,
aime_mtg_jamendo_06346,30s,MTG-Jamendo,development,complete,computed,computed,eligible,eligible,unavailable_fewer_than_3_sections_or_downbeat_spans,,
aime_mtg_jamendo_06347,30s,MTG-Jamendo,development,complete,computed,computed,eligible,eligible,unavailable_fewer_than_3_sections_or_downbeat_spans,,
aime_mtg_jamendo_06348,30s,MTG-Jamendo,development,complete,computed,computed,eligible,eligible,unavailable_fewer_than_3_sections_or_downbeat_spans,,
aime_mtg_jamendo_06349,30s,MTG-Jamendo,development,complete,computed,computed,eligible,eligible,unavailable_fewer_than_3_sections_or_downbeat_spans,,
aime_mtg_jamendo_06350,30s,MTG-Jamendo,development,complete,computed,computed,eligible,eligible,unavailable_fewer_than_3_sections_or_downbeat_spans,,
aime_mtg_jamendo_06351,30s,MTG-Jamendo,development,complete,computed,computed,eligible,eligible,unavailable_fewer_than_3_sections_or_downbeat_spans,,
aime_mtg_jamendo_06352,30s,MTG-Jamendo,development,complete,computed,computed,eligible,eligible,unavailable_fewer_than_3_sections_or_downbeat_spans,,
aime_mtg_jamendo_06353,30s,MTG-Jamendo,development,complete,computed,computed,eligible,eligible,eligible,,
aime_mtg_jamendo_06354,30s,MTG-Jamendo,development,complete,computed,computed,eligible,eligible,unavailable_fewer_than_3_sections_or_downbeat_spans,,
aime_mtg_jamendo_06355,30s,MTG-Jamendo,development,complete,computed,computed,eligible,eligible,unavailable_fewer_than_3_sections_or_downbeat_spans,,
aime_mtg_jamendo_06356,30s,MTG-Jamendo,development,complete,computed,computed,eligible,eligible,unavailable_fewer_than_3_sections_or_downbeat_spans,,
aime_mtg_jamendo_06357,30s,MTG-Jamendo,development,complete,computed,computed,eligible,eligible,eligible,,
aime_mtg_jamendo_06358,30s,MTG-Jamendo,development,complete,computed,computed,eligible,eligible,unavailable_fewer_than_3_sections_or_downbeat_spans,,
aime_mtg_jamendo_06359,30s,MTG-Jamendo,development,complete,computed,computed,eligible,eligible,unavailable_fewer_than_3_sections_or_downbeat_spans,,
aime_mtg_jamendo_06360,30s,MTG-Jamendo,development,complete,computed,computed,eligible,eligible,unavailable_fewer_than_3_sections_or_downbeat_spans,,
aime_mtg_jamendo_06361,30s,MTG-Jamendo,development,complete,computed,computed,eligible,eligible,unavailable_fewer_than_3_sections_or_downbeat_spans,,
aime_mtg_jamendo_06362,30s,MTG-Jamendo,development,complete,computed,computed,eligible,eligible,unavailable_fewer_than_3_sections_or_downbeat_spans,,
aime_mtg_jamendo_06363,30s,MTG-Jamendo,development,complete,computed,computed,eligible,eligible,unavailable_fewer_than_3_sections_or_downbeat_spans,,
aime_mtg_jamendo_06364,30s,MTG-Jamendo,development,complete,computed,computed,eligible,eligible,unavailable_fewer_than_3_sections_or_downbeat_spans,,
aime_mtg_jamendo_06365,30s,MTG-Jamendo,development,complete,computed,computed,eligible,eligible,unavailable_fewer_than_3_sections_or_downbeat_spans,,
aime_mtg_jamendo_06366,30s,MTG-Jamendo,development,complete,computed,computed,eligible,eligible,unavailable_fewer_than_3_sections_or_downbeat_spans,,
aime_mtg_jamendo_06367,30s,MTG-Jamendo,development,complete,computed,computed,eligible,eligible,eligible,,
aime_mtg_jamendo_06368,30s,MTG-Jamendo,development,complete,computed,computed,eligible,eligible,unavailable_fewer_than_3_sections_or_downbeat_spans,,
aime_mtg_jamendo_06369,30s,MTG-Jamendo,development,complete,computed,computed,eligible,eligible,unavailable_fewer_than_3_sections_or_downbeat_spans,,
aime_mtg_jamendo_06370,30s,MTG-Jamendo,development,complete,computed,computed,eligible,eligible,unavailable_fewer_than_3_sections_or_downbeat_spans,,
aime_mtg_jamendo_06371,30s,MTG-Jamendo,development,complete,computed,computed,eligible,eligible,unavailable_fewer_than_3_sections_or_downbeat_spans,,
aime_mtg_jamendo_06372,30s,MTG-Jamendo,development,complete,computed,computed,eligible,eligible,eligible,,
aime_mtg_jamendo_06373,30s,MTG-Jamendo,development,complete,computed,computed,eligible,eligible,unavailable_fewer_than_3_sections_or_downbeat_spans,,
aime_mtg_jamendo_06374,30s,MTG-Jamendo,development,complete,computed,computed,eligible,eligible,unavailable_fewer_than_3_sections_or_downbeat_spans,,
aime_mtg_jamendo_06375,30s,MTG-Jamendo,development,complete,computed,computed,eligible,eligible,unavailable_fewer_than_3_sections_or_downbeat_spans,,
aime_mtg_jamendo_06376,30s,MTG-Jamendo,development,complete,computed,computed,eligible,eligible,eligible,,
aime_mtg_jamendo_06377,30s,MTG-Jamendo,development,complete,computed,computed,eligible,eligible,unavailable_fewer_than_3_sections_or_downbeat_spans,,
aime_mtg_jamendo_06378,30s,MTG-Jamendo,development,complete,computed,computed,eligible,eligible,eligible,,
aime_mtg_jamendo_06379,30s,MTG-Jamendo,development,complete,computed,computed,eligible,eligible,eligible,,
aime_mtg_jamendo_06380,30s,MTG-Jamendo,development,complete,computed,computed,eligible,eligible,unavailable_fewer_than_3_sections_or_downbeat_spans,,
aime_mtg_jamendo_06381,30s,MTG-Jamendo,development,complete,computed,computed,eligible,eligible,unavailable_fewer_than_3_sections_or_downbeat_spans,,
aime_mtg_jamendo_06382,30s,MTG-Jamendo,development,complete,computed,computed,eligible,eligible,unavailable_fewer_than_3_sections_or_downbeat_spans,,
aime_mtg_jamendo_06383,30s,MTG-Jamendo,development,complete,computed,computed,eligible,eligible,unavailable_fewer_than_3_sections_or_downbeat_spans,,
aime_mtg_jamendo_06384,30s,MTG-Jamendo,development,complete,computed,computed,eligible,eligible,unavailable_fewer_than_3_sections_or_downbeat_spans,,
aime_mtg_jamendo_06385,30s,MTG-Jamendo,development,complete,computed,computed,eligible,eligible,eligible,,
aime_mtg_jamendo_06386,30s,MTG-Jamendo,development,complete,computed,computed,eligible,eligible,unavailable_fewer_than_3_sections_or_downbeat_spans,,
aime_mtg_jamendo_06387,30s,MTG-Jamendo,development,complete,computed,computed,eligible,eligible,unavailable_fewer_than_3_sections_or_downbeat_spans,,
aime_mtg_jamendo_06388,30s,MTG-Jamendo,development,complete,computed,computed,eligible,eligible,unavailable_fewer_than_3_sections_or_downbeat_spans,,
aime_mtg_jamendo_06389,30s,MTG-Jamendo,development,complete,computed,computed,eligible,eligible,unavailable_fewer_than_3_sections_or_downbeat_spans,,
aime_mtg_jamendo_06390,30s,MTG-Jamendo,development,complete,computed,computed,eligible,eligible,unavailable_fewer_than_3_sections_or_downbeat_spans,,
aime_mtg_jamendo_06391,30s,MTG-Jamendo,development,complete,computed,computed,eligible,eligible,unavailable_fewer_than_3_sections_or_downbeat_spans,,
aime_mtg_jamendo_06392,30s,MTG-Jamendo,development,complete,computed,computed,eligible,eligible,unavailable_fewer_than_3_sections_or_downbeat_spans,,
aime_mtg_jamendo_06393,30s,MTG-Jamendo,development,complete,computed,computed,eligible,eligible,eligible,,
aime_mtg_jamendo_06394,30s,MTG-Jamendo,development,complete,computed,computed,eligible,eligible,unavailable_fewer_than_3_sections_or_downbeat_spans,,
aime_mtg_jamendo_06395,30s,MTG-Jamendo,development,complete,computed,computed,eligible,eligible,unavailable_fewer_than_3_sections_or_downbeat_spans,,
aime_mtg_jamendo_06396,30s,MTG-Jamendo,development,complete,computed,computed,eligible,eligible,eligible,,
aime_mtg_jamendo_06397,30s,MTG-Jamendo,development,complete,computed,computed,eligible,eligible,unavailable_fewer_than_3_sections_or_downbeat_spans,,
aime_mtg_jamendo_06398,30s,MTG-Jamendo,development,complete,computed,computed,eligible,eligible,eligible,,
aime_mtg_jamendo_06399,30s,MTG-Jamendo,development,complete,computed,computed,eligible,eligible,unavailable_fewer_than_3_sections_or_downbeat_spans,,
aime_mtg_jamendo_06400,30s,MTG-Jamendo,development,complete,computed,computed,eligible,eligible,unavailable_fewer_than_3_sections_or_downbeat_spans,,
aime_mtg_jamendo_06401,30s,MTG-Jamendo,development,complete,computed,computed,eligible,eligible,unavailable_fewer_than_3_sections_or_downbeat_spans,,
aime_mtg_jamendo_06402,30s,MTG-Jamendo,development,complete,computed,computed,eligible,eligible,eligible,,
aime_mtg_jamendo_06403,30s,MTG-Jamendo,development,complete,computed,computed,eligible,eligible,unavailable_fewer_than_3_sections_or_downbeat_spans,,
aime_mtg_jamendo_06404,30s,MTG-Jamendo,development,complete,computed,computed,eligible,eligible,unavailable_fewer_than_3_sections_or_downbeat_spans,,
aime_mtg_jamendo_06405,30s,MTG-Jamendo,development,complete,computed,computed,eligible,eligible,unavailable_fewer_than_3_sections_or_downbeat_spans,,
aime_mtg_jamendo_06406,30s,MTG-Jamendo,development,complete,computed,computed,eligible,eligible,unavailable_fewer_than_3_sections_or_downbeat_spans,,
aime_mtg_jamendo_06407,30s,MTG-Jamendo,development,complete,computed,computed,eligible,eligible,unavailable_fewer_than_3_sections_or_downbeat_spans,,
aime_mtg_jamendo_06408,30s,MTG-Jamendo,development,complete,computed,computed,eligible,eligible,unavailable_fewer_than_3_sections_or_downbeat_spans,,
aime_mtg_jamendo_06409,30s,MTG-Jamendo,development,complete,computed,computed,eligible,eligible,unavailable_fewer_than_3_sections_or_downbeat_spans,,
aime_mtg_jamendo_06410,30s,MTG-Jamendo,development,complete,computed,computed,eligible,eligible,unavailable_fewer_than_3_sections_or_downbeat_spans,,
aime_mtg_jamendo_06411,30s,MTG-Jamendo,development,complete,computed,computed,eligible,eligible,eligible,,
aime_mtg_jamendo_06412,30s,MTG-Jamendo,development,complete,computed,computed,eligible,eligible,unavailable_fewer_than_3_sections_or_downbeat_spans,,
aime_mtg_jamendo_06413,30s,MTG-Jamendo,development,complete,computed,computed,eligible,eligible,unavailable_fewer_than_3_sections_or_downbeat_spans,,
aime_mtg_jamendo_06414,30s,MTG-Jamendo,development,complete,computed,computed,eligible,eligible,unavailable_fewer_than_3_sections_or_downbeat_spans,,
aime_mtg_jamendo_06415,30s,MTG-Jamendo,development,complete,computed,computed,eligible,eligible,eligible,,
aime_mtg_jamendo_06416,30s,MTG-Jamendo,development,complete,computed,computed,eligible,eligible,unavailable_fewer_than_3_sections_or_downbeat_spans,,
aime_mtg_jamendo_06417,30s,MTG-Jamendo,development,complete,computed,computed,eligible,eligible,unavailable_fewer_than_3_sections_or_downbeat_spans,,
aime_mtg_jamendo_06418,30s,MTG-Jamendo,development,complete,computed,computed,eligible,eligible,unavailable_fewer_than_3_sections_or_downbeat_spans,,
aime_mtg_jamendo_06419,30s,MTG-Jamendo,development,complete,computed,computed,eligible,eligible,unavailable_fewer_than_3_sections_or_downbeat_spans,,
aime_mtg_jamendo_06420,30s,MTG-Jamendo,development,complete,computed,computed,eligible,eligible,unavailable_fewer_than_3_sections_or_downbeat_spans,,
aime_mtg_jamendo_06421,30s,MTG-Jamendo,development,complete,computed,computed,eligible,eligible,unavailable_fewer_than_3_sections_or_downbeat_spans,,
aime_mtg_jamendo_06422,30s,MTG-Jamendo,development,complete,computed,computed,eligible,eligible,eligible,,
aime_mtg_jamendo_06423,30s,MTG-Jamendo,development,complete,computed,computed,eligible,eligible,unavailable_fewer_than_3_sections_or_downbeat_spans,,
aime_mtg_jamendo_06424,30s,MTG-Jamendo,development,complete,computed,computed,eligible,eligible,unavailable_fewer_than_3_sections_or_downbeat_spans,,
aime_mtg_jamendo_06425,30s,MTG-Jamendo,development,complete,computed,computed,eligible,eligible,eligible,,
aime_mtg_jamendo_06426,30s,MTG-Jamendo,development,complete,computed,computed,eligible,eligible,unavailable_fewer_than_3_sections_or_downbeat_spans,,
aime_mtg_jamendo_06427,30s,MTG-Jamendo,development,complete,computed,computed,eligible,eligible,unavailable_fewer_than_3_sections_or_downbeat_spans,,
aime_mtg_jamendo_06428,30s,MTG-Jamendo,development,complete,computed,computed,eligible,eligible,unavailable_fewer_than_3_sections_or_downbeat_spans,,
aime_mtg_jamendo_06429,30s,MTG-Jamendo,development,complete,computed,computed,eligible,eligible,eligible,,
aime_mtg_jamendo_06430,30s,MTG-Jamendo,development,complete,computed,computed,eligible,eligible,eligible,,
aime_mtg_jamendo_06431,30s,MTG-Jamendo,development,complete,computed,computed,eligible,eligible,unavailable_fewer_than_3_sections_or_downbeat_spans,,
aime_mtg_jamendo_06432,30s,MTG-Jamendo,development,complete,computed,computed,eligible,eligible,eligible,,
aime_mtg_jamendo_06433,30s,MTG-Jamendo,development,complete,computed,computed,eligible,eligible,unavailable_fewer_than_3_sections_or_downbeat_spans,,
aime_mtg_jamendo_06434,30s,MTG-Jamendo,development,complete,computed,computed,eligible,eligible,unavailable_fewer_than_3_sections_or_downbeat_spans,,
aime_mtg_jamendo_06435,30s,MTG-Jamendo,development,complete,computed,computed,eligible,eligible,unavailable_fewer_than_3_sections_or_downbeat_spans,,
aime_mtg_jamendo_06436,30s,MTG-Jamendo,development,complete,computed,computed,eligible,eligible,eligible,,
aime_mtg_jamendo_06437,30s,MTG-Jamendo,development,complete,computed,computed,eligible,eligible,eligible,,
aime_mtg_jamendo_06438,30s,MTG-Jamendo,development,complete,computed,computed,eligible,eligible,unavailable_fewer_than_3_sections_or_downbeat_spans,,
aime_mtg_jamendo_06439,30s,MTG-Jamendo,development,complete,computed,computed,eligible,eligible,unavailable_fewer_than_3_sections_or_downbeat_spans,,
aime_mtg_jamendo_06440,30s,MTG-Jamendo,development,complete,computed,computed,eligible,eligible,unavailable_fewer_than_3_sections_or_downbeat_spans,,
aime_mtg_jamendo_06441,30s,MTG-Jamendo,development,complete,computed,computed,eligible,eligible,eligible,,
aime_mtg_jamendo_06442,30s,MTG-Jamendo,development,complete,computed,computed,eligible,eligible,unavailable_fewer_than_3_sections_or_downbeat_spans,,
aime_mtg_jamendo_06443,30s,MTG-Jamendo,development,complete,computed,computed,eligible,eligible,eligible,,
aime_mtg_jamendo_06444,30s,MTG-Jamendo,development,complete,computed,computed,eligible,eligible,unavailable_fewer_than_3_sections_or_downbeat_spans,,
aime_mtg_jamendo_06445,30s,MTG-Jamendo,development,complete,computed,computed,eligible,eligible,eligible,,
aime_mtg_jamendo_06446,30s,MTG-Jamendo,development,complete,computed,computed,eligible,eligible,unavailable_fewer_than_3_sections_or_downbeat_spans,,
aime_mtg_jamendo_06447,30s,MTG-Jamendo,development,complete,computed,computed,eligible,eligible,unavailable_fewer_than_3_sections_or_downbeat_spans,,
aime_mtg_jamendo_06448,30s,MTG-Jamendo,development,complete,computed,computed,eligible,eligible,unavailable_fewer_than_3_sections_or_downbeat_spans,,
aime_mtg_jamendo_06449,30s,MTG-Jamendo,development,complete,computed,computed,eligible,eligible,unavailable_fewer_than_3_sections_or_downbeat_spans,,
aime_mtg_jamendo_06450,30s,MTG-Jamendo,development,complete,computed,computed,eligible,eligible,unavailable_fewer_than_3_sections_or_downbeat_spans,,
aime_mtg_jamendo_06451,30s,MTG-Jamendo,development,complete,computed,computed,eligible,eligible,unavailable_fewer_than_3_sections_or_downbeat_spans,,
aime_mtg_jamendo_06452,30s,MTG-Jamendo,development,complete,computed,computed,eligible,eligible,unavailable_fewer_than_3_sections_or_downbeat_spans,,
aime_mtg_jamendo_06453,30s,MTG-Jamendo,development,complete,computed,computed,eligible,eligible,unavailable_fewer_than_3_sections_or_downbeat_spans,,
aime_mtg_jamendo_06454,30s,MTG-Jamendo,development,complete,computed,computed,eligible,eligible,unavailable_fewer_than_3_sections_or_downbeat_spans,,
aime_mtg_jamendo_06455,30s,MTG-Jamendo,development,complete,computed,computed,eligible,eligible,unavailable_fewer_than_3_sections_or_downbeat_spans,,
aime_mtg_jamendo_06456,30s,MTG-Jamendo,development,complete,computed,computed,eligible,eligible,unavailable_fewer_than_3_sections_or_downbeat_spans,,
aime_mtg_jamendo_06457,30s,MTG-Jamendo,development,complete,computed,computed,eligible,eligible,eligible,,
aime_mtg_jamendo_06458,30s,MTG-Jamendo,development,complete,computed,computed,eligible,eligible,unavailable_fewer_than_3_sections_or_downbeat_spans,,
aime_mtg_jamendo_06459,30s,MTG-Jamendo,development,complete,computed,computed,eligible,eligible,unavailable_fewer_than_3_sections_or_downbeat_spans,,
aime_mtg_jamendo_06460,30s,MTG-Jamendo,development,complete,computed,computed,eligible,eligible,unavailable_fewer_than_3_sections_or_downbeat_spans,,
aime_mtg_jamendo_06461,30s,MTG-Jamendo,development,complete,computed,computed,eligible,eligible,unavailable_fewer_than_3_sections_or_downbeat_spans,,
aime_mtg_jamendo_06462,30s,MTG-Jamendo,development,complete,computed,computed,eligible,eligible,unavailable_fewer_than_3_sections_or_downbeat_spans,,
aime_mtg_jamendo_06463,30s,MTG-Jamendo,development,complete,computed,computed,eligible,eligible,unavailable_fewer_than_3_sections_or_downbeat_spans,,
aime_mtg_jamendo_06464,30s,MTG-Jamendo,development,complete,computed,computed,eligible,eligible,unavailable_fewer_than_3_sections_or_downbeat_spans,,
aime_mtg_jamendo_06465,30s,MTG-Jamendo,development,complete,computed,computed,eligible,eligible,unavailable_fewer_than_3_sections_or_downbeat_spans,,
aime_mtg_jamendo_06466,30s,MTG-Jamendo,development,complete,computed,computed,eligible,eligible,unavailable_fewer_than_3_sections_or_downbeat_spans,,
aime_mtg_jamendo_06467,30s,MTG-Jamendo,development,complete,computed,computed,eligible,eligible,unavailable_fewer_than_3_sections_or_downbeat_spans,,
aime_mtg_jamendo_06468,30s,MTG-Jamendo,development,complete,computed,computed,eligible,eligible,unavailable_fewer_than_3_sections_or_downbeat_spans,,
aime_mtg_jamendo_06469,30s,MTG-Jamendo,development,complete,computed,computed,eligible,eligible,eligible,,
aime_mtg_jamendo_06470,30s,MTG-Jamendo,development,complete,computed,computed,eligible,eligible,unavailable_fewer_than_3_sections_or_downbeat_spans,,
aime_mtg_jamendo_06471,30s,MTG-Jamendo,development,complete,computed,computed,eligible,eligible,unavailable_fewer_than_3_sections_or_downbeat_spans,,
aime_mtg_jamendo_06472,30s,MTG-Jamendo,development,complete,computed,computed,eligible,eligible,eligible,,
aime_mtg_jamendo_06473,30s,MTG-Jamendo,development,complete,computed,computed,eligible,eligible,unavailable_fewer_than_3_sections_or_downbeat_spans,,
aime_mtg_jamendo_06474,30s,MTG-Jamendo,development,complete,computed,computed,eligible,eligible,unavailable_fewer_than_3_sections_or_downbeat_spans,,
aime_mtg_jamendo_06475,30s,MTG-Jamendo,development,complete,computed,computed,eligible,eligible,unavailable_fewer_than_3_sections_or_downbeat_spans,,
aime_mtg_jamendo_06476,30s,MTG-Jamendo,development,complete,computed,computed,eligible,eligible,unavailable_fewer_than_3_sections_or_downbeat_spans,,
aime_mtg_jamendo_06477,30s,MTG-Jamendo,development,complete,computed,computed,eligible,eligible,unavailable_fewer_than_3_sections_or_downbeat_spans,,
aime_mtg_jamendo_06478,30s,MTG-Jamendo,development,complete,computed,computed,eligible,eligible,unavailable_fewer_than_3_sections_or_downbeat_spans,,
aime_mtg_jamendo_06479,30s,MTG-Jamendo,development,complete,computed,computed,eligible,eligible,eligible,,
aime_mtg_jamendo_06480,30s,MTG-Jamendo,development,complete,computed,computed,eligible,eligible,unavailable_fewer_than_3_sections_or_downbeat_spans,,
aime_mtg_jamendo_06481,30s,MTG-Jamendo,development,complete,computed,computed,eligible,eligible,eligible,,
aime_mtg_jamendo_06482,30s,MTG-Jamendo,development,complete,computed,computed,eligible,eligible,unavailable_fewer_than_3_sections_or_downbeat_spans,,
aime_mtg_jamendo_06483,30s,MTG-Jamendo,development,complete,computed,computed,eligible,eligible,unavailable_fewer_than_3_sections_or_downbeat_spans,,
aime_mtg_jamendo_06484,30s,MTG-Jamendo,development,complete,computed,computed,eligible,eligible,unavailable_fewer_than_3_sections_or_downbeat_spans,,
aime_mtg_jamendo_06485,30s,MTG-Jamendo,development,complete,computed,computed,eligible,eligible,eligible,,
aime_mtg_jamendo_06486,30s,MTG-Jamendo,development,complete,computed,computed,eligible,eligible,eligible,,
aime_mtg_jamendo_06487,30s,MTG-Jamendo,development,complete,computed,computed,eligible,eligible,unavailable_fewer_than_3_sections_or_downbeat_spans,,
aime_mtg_jamendo_06488,30s,MTG-Jamendo,development,complete,computed,computed,eligible,eligible,unavailable_fewer_than_3_sections_or_downbeat_spans,,
aime_mtg_jamendo_06489,30s,MTG-Jamendo,development,complete,computed,computed,eligible,eligible,eligible,,
aime_mtg_jamendo_06490,30s,MTG-Jamendo,development,complete,computed,computed,eligible,eligible,unavailable_fewer_than_3_sections_or_downbeat_spans,,
aime_mtg_jamendo_06491,30s,MTG-Jamendo,development,complete,computed,computed,eligible,eligible,unavailable_fewer_than_3_sections_or_downbeat_spans,,
aime_mtg_jamendo_06492,30s,MTG-Jamendo,development,complete,computed,computed,eligible,eligible,unavailable_fewer_than_3_sections_or_downbeat_spans,,
aime_mtg_jamendo_06493,30s,MTG-Jamendo,development,complete,computed,computed,eligible,eligible,unavailable_fewer_than_3_sections_or_downbeat_spans,,
aime_mtg_jamendo_06494,30s,MTG-Jamendo,development,complete,computed,computed,eligible,eligible,eligible,,
aime_mtg_jamendo_06495,30s,MTG-Jamendo,development,complete,computed,computed,eligible,eligible,unavailable_fewer_than_3_sections_or_downbeat_spans,,
aime_mtg_jamendo_06496,30s,MTG-Jamendo,development,complete,computed,computed,eligible,eligible,unavailable_fewer_than_3_sections_or_downbeat_spans,,
aime_mtg_jamendo_06497,30s,MTG-Jamendo,development,complete,computed,computed,eligible,eligible,eligible,,
aime_mtg_jamendo_06498,30s,MTG-Jamendo,development,complete,computed,computed,eligible,eligible,unavailable_fewer_than_3_sections_or_downbeat_spans,,
aime_mtg_jamendo_06499,30s,MTG-Jamendo,development,complete,computed,computed,eligible,eligible,unavailable_fewer_than_3_sections_or_downbeat_spans,,
aime_mtg_jamendo_06500,30s,MTG-Jamendo,development,complete,computed,computed,eligible,eligible,unavailable_fewer_than_3_sections_or_downbeat_spans,,
aime_udio_04501,30s,Udio,development,complete,computed,computed,eligible,eligible,unavailable_fewer_than_3_sections_or_downbeat_spans,,
aime_udio_04502,30s,Udio,development,complete,computed,computed,eligible,eligible,unavailable_fewer_than_3_sections_or_downbeat_spans,,
aime_udio_04503,30s,Udio,development,complete,computed,computed,eligible,eligible,unavailable_fewer_than_3_sections_or_downbeat_spans,,
aime_udio_04504,30s,Udio,development,complete,computed,computed,eligible,eligible,unavailable_fewer_than_3_sections_or_downbeat_spans,,
aime_udio_04505,30s,Udio,development,complete,computed,computed,eligible,eligible,unavailable_fewer_than_3_sections_or_downbeat_spans,,
aime_udio_04506,30s,Udio,development,complete,computed,computed,eligible,eligible,unavailable_fewer_than_3_sections_or_downbeat_spans,,
aime_udio_04507,30s,Udio,development,complete,computed,computed,eligible,eligible,unavailable_fewer_than_3_sections_or_downbeat_spans,,
aime_udio_04508,30s,Udio,development,complete,computed,computed,eligible,eligible,unavailable_fewer_than_3_sections_or_downbeat_spans,,
aime_udio_04509,30s,Udio,development,complete,computed,computed,eligible,eligible,eligible,,
aime_udio_04510,30s,Udio,development,complete,computed,computed,eligible,eligible,unavailable_fewer_than_3_sections_or_downbeat_spans,,
aime_udio_04511,30s,Udio,development,complete,computed,computed,eligible,eligible,unavailable_fewer_than_3_sections_or_downbeat_spans,,
aime_udio_04512,30s,Udio,development,complete,computed,computed,eligible,unavailable_fewer_than_16_beats_or_invalid_intervals,unavailable_fewer_than_3_sections_or_downbeat_spans,,
aime_udio_04513,30s,Udio,development,complete,computed,computed,eligible,eligible,unavailable_fewer_than_3_sections_or_downbeat_spans,,
aime_udio_04514,30s,Udio,development,complete,computed,computed,eligible,eligible,unavailable_fewer_than_3_sections_or_downbeat_spans,,
aime_udio_04515,30s,Udio,development,complete,computed,computed,eligible,eligible,unavailable_fewer_than_3_sections_or_downbeat_spans,,
aime_udio_04516,30s,Udio,development,complete,computed,computed,eligible,eligible,unavailable_fewer_than_3_sections_or_downbeat_spans,,
aime_udio_04517,30s,Udio,development,complete,computed,computed,eligible,unavailable_fewer_than_16_beats_or_invalid_intervals,unavailable_fewer_than_3_sections_or_downbeat_spans,,
aime_udio_04518,30s,Udio,development,complete,computed,computed,eligible,eligible,unavailable_fewer_than_3_sections_or_downbeat_spans,,
aime_udio_04519,30s,Udio,development,complete,computed,computed,eligible,eligible,unavailable_fewer_than_3_sections_or_downbeat_spans,,
aime_udio_04520,30s,Udio,development,complete,computed,computed,eligible,eligible,unavailable_fewer_than_3_sections_or_downbeat_spans,,
aime_udio_04521,30s,Udio,development,complete,computed,computed,eligible,eligible,unavailable_fewer_than_3_sections_or_downbeat_spans,,
aime_udio_04522,30s,Udio,development,complete,computed,computed,eligible,eligible,unavailable_fewer_than_3_sections_or_downbeat_spans,,
aime_udio_04523,30s,Udio,development,complete,computed,computed,eligible,unavailable_fewer_than_16_beats_or_invalid_intervals,unavailable_fewer_than_3_sections_or_downbeat_spans,,
aime_udio_04524,30s,Udio,development,complete,computed,computed,eligible,unavailable_fewer_than_16_beats_or_invalid_intervals,unavailable_fewer_than_3_sections_or_downbeat_spans,,
aime_udio_04525,30s,Udio,development,complete,computed,computed,eligible,eligible,unavailable_fewer_than_3_sections_or_downbeat_spans,,
aime_udio_04526,30s,Udio,development,complete,computed,computed,eligible,unavailable_fewer_than_16_beats_or_invalid_intervals,unavailable_fewer_than_3_sections_or_downbeat_spans,,
aime_udio_04527,30s,Udio,development,complete,computed,computed,eligible,eligible,unavailable_fewer_than_3_sections_or_downbeat_spans,,
aime_udio_04528,30s,Udio,development,complete,computed,computed,eligible,eligible,unavailable_fewer_than_3_sections_or_downbeat_spans,,
aime_udio_04529,30s,Udio,development,complete,computed,computed,eligible,unavailable_fewer_than_16_beats_or_invalid_intervals,unavailable_fewer_than_3_sections_or_downbeat_spans,,
aime_udio_04530,30s,Udio,development,complete,computed,computed,eligible,unavailable_fewer_than_16_beats_or_invalid_intervals,unavailable_fewer_than_3_sections_or_downbeat_spans,,
aime_udio_04531,30s,Udio,development,complete,computed,computed,eligible,eligible,unavailable_fewer_than_3_sections_or_downbeat_spans,,
aime_udio_04532,30s,Udio,development,complete,computed,computed,eligible,eligible,unavailable_fewer_than_3_sections_or_downbeat_spans,,
aime_udio_04533,30s,Udio,development,complete,computed,computed,eligible,unavailable_fewer_than_16_beats_or_invalid_intervals,unavailable_fewer_than_3_sections_or_downbeat_spans,,
aime_udio_04534,30s,Udio,development,complete,computed,computed,eligible,unavailable_fewer_than_16_beats_or_invalid_intervals,unavailable_fewer_than_3_sections_or_downbeat_spans,,
aime_udio_04535,30s,Udio,development,complete,computed,computed,eligible,unavailable_fewer_than_16_beats_or_invalid_intervals,unavailable_fewer_than_3_sections_or_downbeat_spans,,
aime_udio_04536,30s,Udio,development,complete,computed,computed,eligible,eligible,unavailable_fewer_than_3_sections_or_downbeat_spans,,
aime_udio_04537,30s,Udio,development,complete,computed,computed,eligible,eligible,unavailable_fewer_than_3_sections_or_downbeat_spans,,
aime_udio_04538,30s,Udio,development,complete,computed,computed,eligible,eligible,unavailable_fewer_than_3_sections_or_downbeat_spans,,
aime_udio_04539,30s,Udio,development,complete,computed,computed,eligible,eligible,unavailable_fewer_than_3_sections_or_downbeat_spans,,
aime_udio_04540,30s,Udio,development,complete,computed,computed,eligible,eligible,unavailable_fewer_than_3_sections_or_downbeat_spans,,
aime_udio_04541,30s,Udio,development,complete,computed,computed,eligible,eligible,unavailable_fewer_than_3_sections_or_downbeat_spans,,
aime_udio_04542,30s,Udio,development,complete,computed,computed,eligible,eligible,unavailable_fewer_than_3_sections_or_downbeat_spans,,
aime_udio_04543,30s,Udio,development,complete,computed,computed,eligible,eligible,unavailable_fewer_than_3_sections_or_downbeat_spans,,
aime_udio_04544,30s,Udio,development,complete,computed,computed,eligible,eligible,unavailable_fewer_than_3_sections_or_downbeat_spans,,
aime_udio_04545,30s,Udio,development,complete,computed,computed,eligible,eligible,unavailable_fewer_than_3_sections_or_downbeat_spans,,
aime_udio_04546,30s,Udio,development,complete,computed,computed,eligible,eligible,unavailable_fewer_than_3_sections_or_downbeat_spans,,
aime_udio_04547,30s,Udio,development,complete,computed,computed,eligible,eligible,unavailable_fewer_than_3_sections_or_downbeat_spans,,
aime_udio_04548,30s,Udio,development,complete,computed,computed,eligible,eligible,unavailable_fewer_than_3_sections_or_downbeat_spans,,
aime_udio_04549,30s,Udio,development,complete,computed,computed,eligible,eligible,unavailable_fewer_than_3_sections_or_downbeat_spans,,
aime_udio_04550,30s,Udio,development,complete,computed,computed,eligible,eligible,unavailable_fewer_than_3_sections_or_downbeat_spans,,
aime_udio_04551,30s,Udio,development,complete,computed,computed,eligible,eligible,unavailable_fewer_than_3_sections_or_downbeat_spans,,
aime_udio_04552,30s,Udio,development,complete,computed,computed,eligible,eligible,unavailable_fewer_than_3_sections_or_downbeat_spans,,
aime_udio_04553,30s,Udio,development,complete,computed,computed,eligible,eligible,unavailable_fewer_than_3_sections_or_downbeat_spans,,
aime_udio_04554,30s,Udio,development,complete,computed,computed,eligible,eligible,unavailable_fewer_than_3_sections_or_downbeat_spans,,
aime_udio_04555,30s,Udio,development,complete,computed,computed,eligible,eligible,unavailable_fewer_than_3_sections_or_downbeat_spans,,
aime_udio_04556,30s,Udio,development,complete,computed,computed,eligible,eligible,unavailable_fewer_than_3_sections_or_downbeat_spans,,
aime_udio_04557,30s,Udio,development,complete,computed,computed,eligible,eligible,unavailable_fewer_than_3_sections_or_downbeat_spans,,
aime_udio_04558,30s,Udio,development,complete,computed,computed,eligible,eligible,unavailable_fewer_than_3_sections_or_downbeat_spans,,
aime_udio_04559,30s,Udio,development,complete,computed,computed,eligible,eligible,unavailable_fewer_than_3_sections_or_downbeat_spans,,
aime_udio_04560,30s,Udio,development,complete,computed,computed,eligible,eligible,unavailable_fewer_than_3_sections_or_downbeat_spans,,
aime_udio_04561,30s,Udio,development,complete,computed,computed,eligible,eligible,unavailable_fewer_than_3_sections_or_downbeat_spans,,
aime_udio_04562,30s,Udio,development,complete,computed,computed,eligible,eligible,unavailable_fewer_than_3_sections_or_downbeat_spans,,
aime_udio_04563,30s,Udio,development,complete,computed,computed,eligible,eligible,unavailable_fewer_than_3_sections_or_downbeat_spans,,
aime_udio_04564,30s,Udio,development,complete,computed,computed,eligible,eligible,unavailable_fewer_than_3_sections_or_downbeat_spans,,
aime_udio_04565,30s,Udio,development,complete,computed,computed,eligible,eligible,unavailable_fewer_than_3_sections_or_downbeat_spans,,
aime_udio_04566,30s,Udio,development,complete,computed,computed,eligible,eligible,unavailable_fewer_than_3_sections_or_downbeat_spans,,
aime_udio_04567,30s,Udio,development,complete,computed,computed,eligible,eligible,eligible,,
aime_udio_04568,30s,Udio,development,complete,computed,computed,eligible,eligible,unavailable_fewer_than_3_sections_or_downbeat_spans,,
aime_udio_04569,30s,Udio,development,complete,computed,computed,eligible,eligible,unavailable_fewer_than_3_sections_or_downbeat_spans,,
aime_udio_04570,30s,Udio,development,complete,computed,computed,eligible,unavailable_fewer_than_16_beats_or_invalid_intervals,unavailable_fewer_than_3_sections_or_downbeat_spans,,
aime_udio_04571,30s,Udio,development,complete,computed,computed,eligible,eligible,unavailable_fewer_than_3_sections_or_downbeat_spans,,
aime_udio_04572,30s,Udio,development,complete,computed,computed,eligible,eligible,unavailable_fewer_than_3_sections_or_downbeat_spans,,
aime_udio_04573,30s,Udio,development,complete,computed,computed,eligible,eligible,unavailable_fewer_than_3_sections_or_downbeat_spans,,
aime_udio_04574,30s,Udio,development,complete,computed,computed,eligible,eligible,unavailable_fewer_than_3_sections_or_downbeat_spans,,
aime_udio_04575,30s,Udio,development,complete,computed,computed,eligible,unavailable_fewer_than_16_beats_or_invalid_intervals,unavailable_fewer_than_3_sections_or_downbeat_spans,,
aime_udio_04576,30s,Udio,development,complete,computed,computed,eligible,unavailable_fewer_than_16_beats_or_invalid_intervals,unavailable_fewer_than_3_sections_or_downbeat_spans,,
aime_udio_04577,30s,Udio,development,complete,computed,computed,eligible,eligible,unavailable_fewer_than_3_sections_or_downbeat_spans,,
aime_udio_04578,30s,Udio,development,complete,computed,computed,eligible,eligible,unavailable_fewer_than_3_sections_or_downbeat_spans,,
aime_udio_04579,30s,Udio,development,complete,computed,computed,eligible,eligible,unavailable_fewer_than_3_sections_or_downbeat_spans,,
aime_udio_04580,30s,Udio,development,complete,computed,computed,eligible,eligible,unavailable_fewer_than_3_sections_or_downbeat_spans,,
aime_udio_04581,30s,Udio,development,complete,computed,computed,eligible,eligible,unavailable_fewer_than_3_sections_or_downbeat_spans,,
aime_udio_04582,30s,Udio,development,complete,computed,computed,eligible,eligible,unavailable_fewer_than_3_sections_or_downbeat_spans,,
aime_udio_04583,30s,Udio,development,complete,computed,computed,eligible,eligible,unavailable_fewer_than_3_sections_or_downbeat_spans,,
aime_udio_04584,30s,Udio,development,complete,computed,computed,eligible,eligible,unavailable_fewer_than_3_sections_or_downbeat_spans,,
aime_udio_04585,30s,Udio,development,complete,computed,computed,eligible,eligible,unavailable_fewer_than_3_sections_or_downbeat_spans,,
aime_udio_04586,30s,Udio,development,complete,computed,computed,eligible,eligible,unavailable_fewer_than_3_sections_or_downbeat_spans,,
aime_udio_04587,30s,Udio,development,complete,computed,computed,eligible,eligible,unavailable_fewer_than_3_sections_or_downbeat_spans,,
aime_udio_04588,30s,Udio,development,complete,computed,computed,eligible,eligible,unavailable_fewer_than_3_sections_or_downbeat_spans,,
aime_udio_04589,30s,Udio,development,complete,computed,computed,eligible,eligible,unavailable_fewer_than_3_sections_or_downbeat_spans,,
aime_udio_04590,30s,Udio,development,complete,computed,computed,eligible,unavailable_fewer_than_16_beats_or_invalid_intervals,unavailable_fewer_than_3_sections_or_downbeat_spans,,
aime_udio_04591,30s,Udio,development,complete,computed,computed,eligible,eligible,unavailable_fewer_than_3_sections_or_downbeat_spans,,
aime_udio_04592,30s,Udio,development,complete,computed,computed,eligible,eligible,unavailable_fewer_than_3_sections_or_downbeat_spans,,
aime_udio_04593,30s,Udio,development,complete,computed,computed,eligible,eligible,unavailable_fewer_than_3_sections_or_downbeat_spans,,
aime_udio_04594,30s,Udio,development,complete,computed,computed,eligible,eligible,unavailable_fewer_than_3_sections_or_downbeat_spans,,
aime_udio_04595,30s,Udio,development,complete,computed,computed,eligible,eligible,unavailable_fewer_than_3_sections_or_downbeat_spans,,
aime_udio_04596,30s,Udio,development,complete,computed,computed,eligible,eligible,unavailable_fewer_than_3_sections_or_downbeat_spans,,
aime_udio_04597,30s,Udio,development,complete,computed,computed,eligible,eligible,unavailable_fewer_than_3_sections_or_downbeat_spans,,
aime_udio_04598,30s,Udio,development,complete,computed,computed,eligible,eligible,unavailable_fewer_than_3_sections_or_downbeat_spans,,
aime_udio_04599,30s,Udio,development,complete,computed,computed,eligible,eligible,unavailable_fewer_than_3_sections_or_downbeat_spans,,
aime_udio_04600,30s,Udio,development,complete,computed,computed,eligible,eligible,unavailable_fewer_than_3_sections_or_downbeat_spans,,
aime_udio_04601,30s,Udio,development,complete,computed,computed,eligible,eligible,unavailable_fewer_than_3_sections_or_downbeat_spans,,
aime_udio_04602,30s,Udio,development,complete,computed,computed,eligible,eligible,unavailable_fewer_than_3_sections_or_downbeat_spans,,
aime_udio_04603,30s,Udio,development,complete,computed,computed,eligible,eligible,unavailable_fewer_than_3_sections_or_downbeat_spans,,
aime_udio_04604,30s,Udio,development,complete,computed,computed,eligible,eligible,unavailable_fewer_than_3_sections_or_downbeat_spans,,
aime_udio_04605,30s,Udio,development,complete,computed,computed,eligible,eligible,unavailable_fewer_than_3_sections_or_downbeat_spans,,
aime_udio_04606,30s,Udio,development,complete,computed,computed,eligible,eligible,unavailable_fewer_than_3_sections_or_downbeat_spans,,
aime_udio_04607,30s,Udio,development,complete,computed,computed,eligible,eligible,unavailable_fewer_than_3_sections_or_downbeat_spans,,
aime_udio_04608,30s,Udio,development,complete,computed,computed,eligible,eligible,unavailable_fewer_than_3_sections_or_downbeat_spans,,
aime_udio_04609,30s,Udio,development,complete,computed,computed,eligible,eligible,unavailable_fewer_than_3_sections_or_downbeat_spans,,
aime_udio_04610,30s,Udio,development,complete,computed,computed,eligible,eligible,unavailable_fewer_than_3_sections_or_downbeat_spans,,
aime_udio_04611,30s,Udio,development,complete,computed,computed,eligible,eligible,unavailable_fewer_than_3_sections_or_downbeat_spans,,
aime_udio_04612,30s,Udio,development,complete,computed,computed,eligible,eligible,unavailable_fewer_than_3_sections_or_downbeat_spans,,
aime_udio_04613,30s,Udio,development,complete,computed,computed,eligible,eligible,unavailable_fewer_than_3_sections_or_downbeat_spans,,
aime_udio_04614,30s,Udio,development,complete,computed,computed,eligible,eligible,unavailable_fewer_than_3_sections_or_downbeat_spans,,
aime_udio_04615,30s,Udio,development,complete,computed,computed,eligible,unavailable_fewer_than_16_beats_or_invalid_intervals,unavailable_fewer_than_3_sections_or_downbeat_spans,,
aime_udio_04616,30s,Udio,development,complete,computed,computed,eligible,eligible,unavailable_fewer_than_3_sections_or_downbeat_spans,,
aime_udio_04617,30s,Udio,development,complete,computed,computed,eligible,unavailable_fewer_than_16_beats_or_invalid_intervals,unavailable_fewer_than_3_sections_or_downbeat_spans,,
aime_udio_04618,30s,Udio,development,complete,computed,computed,eligible,eligible,unavailable_fewer_than_3_sections_or_downbeat_spans,,
aime_udio_04619,30s,Udio,development,complete,computed,computed,eligible,eligible,unavailable_fewer_than_3_sections_or_downbeat_spans,,
aime_udio_04620,30s,Udio,development,complete,computed,computed,eligible,eligible,unavailable_fewer_than_3_sections_or_downbeat_spans,,
aime_udio_04621,30s,Udio,development,complete,computed,computed,eligible,unavailable_fewer_than_16_beats_or_invalid_intervals,unavailable_fewer_than_3_sections_or_downbeat_spans,,
aime_udio_04622,30s,Udio,development,complete,computed,computed,eligible,eligible,unavailable_fewer_than_3_sections_or_downbeat_spans,,
aime_udio_04623,30s,Udio,development,complete,computed,computed,eligible,eligible,eligible,,
aime_udio_04624,30s,Udio,development,complete,computed,computed,eligible,eligible,unavailable_fewer_than_3_sections_or_downbeat_spans,,
aime_udio_04625,30s,Udio,development,complete,computed,computed,eligible,eligible,unavailable_fewer_than_3_sections_or_downbeat_spans,,
aime_udio_04626,30s,Udio,development,complete,computed,computed,eligible,eligible,eligible,,
aime_udio_04627,30s,Udio,development,complete,computed,computed,eligible,eligible,unavailable_fewer_than_3_sections_or_downbeat_spans,,
aime_udio_04628,30s,Udio,development,complete,computed,computed,eligible,eligible,unavailable_fewer_than_3_sections_or_downbeat_spans,,
aime_udio_04629,30s,Udio,development,complete,computed,computed,eligible,eligible,unavailable_fewer_than_3_sections_or_downbeat_spans,,
aime_udio_04630,30s,Udio,development,complete,computed,computed,eligible,eligible,unavailable_fewer_than_3_sections_or_downbeat_spans,,
aime_udio_04631,30s,Udio,development,complete,computed,computed,eligible,eligible,unavailable_fewer_than_3_sections_or_downbeat_spans,,
aime_udio_04632,30s,Udio,development,complete,computed,computed,eligible,eligible,unavailable_fewer_than_3_sections_or_downbeat_spans,,
aime_udio_04633,30s,Udio,development,complete,computed,computed,eligible,eligible,unavailable_fewer_than_3_sections_or_downbeat_spans,,
aime_udio_04634,30s,Udio,development,complete,computed,computed,eligible,eligible,unavailable_fewer_than_3_sections_or_downbeat_spans,,
aime_udio_04635,30s,Udio,development,complete,computed,computed,eligible,unavailable_fewer_than_16_beats_or_invalid_intervals,unavailable_fewer_than_3_sections_or_downbeat_spans,,
aime_udio_04636,30s,Udio,development,complete,computed,computed,eligible,eligible,unavailable_fewer_than_3_sections_or_downbeat_spans,,
aime_udio_04637,30s,Udio,development,complete,computed,computed,eligible,unavailable_fewer_than_16_beats_or_invalid_intervals,unavailable_fewer_than_3_sections_or_downbeat_spans,,
aime_udio_04638,30s,Udio,development,complete,computed,computed,eligible,eligible,unavailable_fewer_than_3_sections_or_downbeat_spans,,
aime_udio_04639,30s,Udio,development,complete,computed,computed,eligible,eligible,unavailable_fewer_than_3_sections_or_downbeat_spans,,
aime_udio_04640,30s,Udio,development,complete,computed,computed,eligible,eligible,unavailable_fewer_than_3_sections_or_downbeat_spans,,
aime_udio_04641,30s,Udio,development,complete,computed,computed,eligible,eligible,unavailable_fewer_than_3_sections_or_downbeat_spans,,
aime_udio_04642,30s,Udio,development,complete,computed,computed,eligible,eligible,unavailable_fewer_than_3_sections_or_downbeat_spans,,
aime_udio_04643,30s,Udio,development,complete,computed,computed,eligible,eligible,unavailable_fewer_than_3_sections_or_downbeat_spans,,
aime_udio_04644,30s,Udio,development,complete,computed,computed,eligible,eligible,unavailable_fewer_than_3_sections_or_downbeat_spans,,
aime_udio_04645,30s,Udio,development,complete,computed,computed,eligible,unavailable_fewer_than_16_beats_or_invalid_intervals,unavailable_fewer_than_3_sections_or_downbeat_spans,,
aime_udio_04646,30s,Udio,development,complete,computed,computed,eligible,eligible,unavailable_fewer_than_3_sections_or_downbeat_spans,,
aime_udio_04647,30s,Udio,development,complete,computed,computed,eligible,eligible,unavailable_fewer_than_3_sections_or_downbeat_spans,,
aime_udio_04648,30s,Udio,development,complete,computed,computed,eligible,eligible,eligible,,
aime_udio_04649,30s,Udio,development,complete,computed,computed,eligible,eligible,unavailable_fewer_than_3_sections_or_downbeat_spans,,
aime_udio_04650,30s,Udio,development,complete,computed,computed,eligible,eligible,unavailable_fewer_than_3_sections_or_downbeat_spans,,
aime_udio_04651,30s,Udio,development,complete,computed,computed,eligible,eligible,unavailable_fewer_than_3_sections_or_downbeat_spans,,
aime_udio_04652,30s,Udio,development,complete,computed,computed,eligible,eligible,unavailable_fewer_than_3_sections_or_downbeat_spans,,
aime_udio_04653,30s,Udio,development,complete,computed,computed,eligible,eligible,unavailable_fewer_than_3_sections_or_downbeat_spans,,
aime_udio_04654,30s,Udio,development,complete,computed,computed,eligible,eligible,unavailable_fewer_than_3_sections_or_downbeat_spans,,
aime_udio_04655,30s,Udio,development,complete,computed,computed,eligible,eligible,unavailable_fewer_than_3_sections_or_downbeat_spans,,
aime_udio_04656,30s,Udio,development,complete,computed,computed,eligible,eligible,eligible,,
aime_udio_04657,30s,Udio,development,complete,computed,computed,eligible,eligible,eligible,,
aime_udio_04658,30s,Udio,development,complete,computed,computed,eligible,eligible,unavailable_fewer_than_3_sections_or_downbeat_spans,,
aime_udio_04659,30s,Udio,development,complete,computed,computed,eligible,eligible,unavailable_fewer_than_3_sections_or_downbeat_spans,,
aime_udio_04660,30s,Udio,development,complete,computed,computed,eligible,eligible,eligible,,
aime_udio_04661,30s,Udio,development,complete,computed,computed,eligible,eligible,unavailable_fewer_than_3_sections_or_downbeat_spans,,
aime_udio_04662,30s,Udio,development,complete,computed,computed,eligible,eligible,eligible,,
aime_udio_04663,30s,Udio,development,complete,computed,computed,eligible,eligible,unavailable_fewer_than_3_sections_or_downbeat_spans,,
aime_udio_04664,30s,Udio,development,complete,computed,computed,eligible,eligible,unavailable_fewer_than_3_sections_or_downbeat_spans,,
aime_udio_04665,30s,Udio,development,complete,computed,computed,eligible,eligible,unavailable_fewer_than_3_sections_or_downbeat_spans,,
aime_udio_04666,30s,Udio,development,complete,computed,computed,eligible,eligible,unavailable_fewer_than_3_sections_or_downbeat_spans,,
aime_udio_04667,30s,Udio,development,complete,computed,computed,eligible,eligible,unavailable_fewer_than_3_sections_or_downbeat_spans,,
aime_udio_04668,30s,Udio,development,complete,computed,computed,eligible,eligible,unavailable_fewer_than_3_sections_or_downbeat_spans,,
aime_udio_04669,30s,Udio,development,complete,computed,computed,eligible,eligible,unavailable_fewer_than_3_sections_or_downbeat_spans,,
aime_udio_04670,30s,Udio,development,complete,computed,computed,eligible,eligible,unavailable_fewer_than_3_sections_or_downbeat_spans,,
aime_udio_04671,30s,Udio,development,complete,computed,computed,eligible,eligible,unavailable_fewer_than_3_sections_or_downbeat_spans,,
aime_udio_04672,30s,Udio,development,complete,computed,computed,eligible,eligible,unavailable_fewer_than_3_sections_or_downbeat_spans,,
aime_udio_04673,30s,Udio,development,complete,computed,computed,eligible,eligible,unavailable_fewer_than_3_sections_or_downbeat_spans,,
aime_udio_04674,30s,Udio,development,complete,computed,computed,eligible,eligible,unavailable_fewer_than_3_sections_or_downbeat_spans,,
aime_udio_04675,30s,Udio,development,complete,computed,computed,eligible,unavailable_fewer_than_16_beats_or_invalid_intervals,unavailable_fewer_than_3_sections_or_downbeat_spans,,
aime_udio_04676,30s,Udio,development,complete,computed,computed,eligible,eligible,unavailable_fewer_than_3_sections_or_downbeat_spans,,
aime_udio_04677,30s,Udio,development,complete,computed,computed,eligible,eligible,unavailable_fewer_than_3_sections_or_downbeat_spans,,
aime_udio_04678,30s,Udio,development,complete,computed,computed,eligible,eligible,unavailable_fewer_than_3_sections_or_downbeat_spans,,
aime_udio_04679,30s,Udio,development,complete,computed,computed,eligible,eligible,unavailable_fewer_than_3_sections_or_downbeat_spans,,
aime_udio_04680,30s,Udio,development,complete,computed,computed,eligible,eligible,unavailable_fewer_than_3_sections_or_downbeat_spans,,
aime_udio_04681,30s,Udio,development,complete,computed,computed,eligible,eligible,unavailable_fewer_than_3_sections_or_downbeat_spans,,
aime_udio_04682,30s,Udio,development,complete,computed,computed,eligible,eligible,unavailable_fewer_than_3_sections_or_downbeat_spans,,
aime_udio_04683,30s,Udio,development,complete,computed,computed,eligible,unavailable_fewer_than_16_beats_or_invalid_intervals,unavailable_fewer_than_3_sections_or_downbeat_spans,,
aime_udio_04684,30s,Udio,development,complete,computed,computed,eligible,eligible,unavailable_fewer_than_3_sections_or_downbeat_spans,,
aime_udio_04685,30s,Udio,development,complete,computed,computed,eligible,unavailable_fewer_than_16_beats_or_invalid_intervals,unavailable_fewer_than_3_sections_or_downbeat_spans,,
aime_udio_04686,30s,Udio,development,complete,computed,computed,eligible,eligible,unavailable_fewer_than_3_sections_or_downbeat_spans,,
aime_udio_04687,30s,Udio,development,complete,computed,computed,eligible,eligible,unavailable_fewer_than_3_sections_or_downbeat_spans,,
aime_udio_04688,30s,Udio,development,complete,computed,computed,eligible,eligible,unavailable_fewer_than_3_sections_or_downbeat_spans,,
aime_udio_04689,30s,Udio,development,complete,computed,computed,eligible,eligible,unavailable_fewer_than_3_sections_or_downbeat_spans,,
aime_udio_04690,30s,Udio,development,complete,computed,computed,eligible,eligible,unavailable_fewer_than_3_sections_or_downbeat_spans,,
aime_udio_04691,30s,Udio,development,complete,computed,computed,eligible,eligible,unavailable_fewer_than_3_sections_or_downbeat_spans,,
aime_udio_04692,30s,Udio,development,complete,computed,computed,eligible,eligible,eligible,,
aime_udio_04693,30s,Udio,development,complete,computed,computed,eligible,eligible,unavailable_fewer_than_3_sections_or_downbeat_spans,,
aime_udio_04694,30s,Udio,development,complete,computed,computed,eligible,eligible,unavailable_fewer_than_3_sections_or_downbeat_spans,,
aime_udio_04695,30s,Udio,development,complete,computed,computed,eligible,eligible,unavailable_fewer_than_3_sections_or_downbeat_spans,,
aime_udio_04696,30s,Udio,development,complete,computed,computed,eligible,eligible,unavailable_fewer_than_3_sections_or_downbeat_spans,,
aime_udio_04697,30s,Udio,development,complete,computed,computed,eligible,eligible,unavailable_fewer_than_3_sections_or_downbeat_spans,,
aime_udio_04698,30s,Udio,development,complete,computed,computed,eligible,eligible,unavailable_fewer_than_3_sections_or_downbeat_spans,,
aime_udio_04699,30s,Udio,development,complete,computed,computed,eligible,unavailable_fewer_than_16_beats_or_invalid_intervals,unavailable_fewer_than_3_sections_or_downbeat_spans,,
aime_udio_04700,30s,Udio,development,complete,computed,computed,eligible,unavailable_fewer_than_16_beats_or_invalid_intervals,unavailable_fewer_than_3_sections_or_downbeat_spans,,
aime_udio_04701,30s,Udio,development,complete,computed,computed,eligible,eligible,unavailable_fewer_than_3_sections_or_downbeat_spans,,
aime_udio_04702,30s,Udio,development,complete,computed,computed,eligible,eligible,unavailable_fewer_than_3_sections_or_downbeat_spans,,
aime_udio_04703,30s,Udio,development,complete,computed,computed,eligible,eligible,unavailable_fewer_than_3_sections_or_downbeat_spans,,
aime_udio_04704,30s,Udio,development,complete,computed,computed,eligible,eligible,unavailable_fewer_than_3_sections_or_downbeat_spans,,
aime_udio_04705,30s,Udio,development,complete,computed,computed,eligible,eligible,unavailable_fewer_than_3_sections_or_downbeat_spans,,
aime_udio_04706,30s,Udio,development,complete,computed,computed,eligible,eligible,unavailable_fewer_than_3_sections_or_downbeat_spans,,
aime_udio_04707,30s,Udio,development,complete,computed,computed,eligible,eligible,unavailable_fewer_than_3_sections_or_downbeat_spans,,
aime_udio_04708,30s,Udio,development,complete,computed,computed,eligible,eligible,unavailable_fewer_than_3_sections_or_downbeat_spans,,
aime_udio_04709,30s,Udio,development,complete,computed,computed,eligible,eligible,unavailable_fewer_than_3_sections_or_downbeat_spans,,
aime_udio_04710,30s,Udio,development,complete,computed,computed,eligible,eligible,unavailable_fewer_than_3_sections_or_downbeat_spans,,
aime_udio_04711,30s,Udio,development,complete,computed,computed,eligible,eligible,unavailable_fewer_than_3_sections_or_downbeat_spans,,
aime_udio_04712,30s,Udio,development,complete,computed,computed,eligible,eligible,unavailable_fewer_than_3_sections_or_downbeat_spans,,
aime_udio_04713,30s,Udio,development,complete,computed,computed,eligible,eligible,unavailable_fewer_than_3_sections_or_downbeat_spans,,
aime_udio_04714,30s,Udio,development,complete,computed,computed,eligible,eligible,unavailable_fewer_than_3_sections_or_downbeat_spans,,
aime_udio_04715,30s,Udio,development,complete,computed,computed,eligible,eligible,unavailable_fewer_than_3_sections_or_downbeat_spans,,
aime_udio_04716,30s,Udio,development,complete,computed,computed,eligible,eligible,unavailable_fewer_than_3_sections_or_downbeat_spans,,
aime_udio_04717,30s,Udio,development,complete,computed,computed,eligible,eligible,unavailable_fewer_than_3_sections_or_downbeat_spans,,
aime_udio_04718,30s,Udio,development,complete,computed,computed,eligible,eligible,unavailable_fewer_than_3_sections_or_downbeat_spans,,
aime_udio_04719,30s,Udio,development,complete,computed,computed,eligible,eligible,unavailable_fewer_than_3_sections_or_downbeat_spans,,
aime_udio_04720,30s,Udio,development,complete,computed,computed,eligible,eligible,unavailable_fewer_than_3_sections_or_downbeat_spans,,
aime_udio_04721,30s,Udio,development,complete,computed,computed,eligible,eligible,unavailable_fewer_than_3_sections_or_downbeat_spans,,
aime_udio_04722,30s,Udio,development,complete,computed,computed,eligible,eligible,unavailable_fewer_than_3_sections_or_downbeat_spans,,
aime_udio_04723,30s,Udio,development,complete,computed,computed,eligible,eligible,unavailable_fewer_than_3_sections_or_downbeat_spans,,
aime_udio_04724,30s,Udio,development,complete,computed,computed,eligible,eligible,unavailable_fewer_than_3_sections_or_downbeat_spans,,
aime_udio_04725,30s,Udio,development,complete,computed,computed,eligible,eligible,unavailable_fewer_than_3_sections_or_downbeat_spans,,
aime_udio_04726,30s,Udio,development,complete,computed,computed,eligible,eligible,unavailable_fewer_than_3_sections_or_downbeat_spans,,
aime_udio_04727,30s,Udio,development,complete,computed,computed,eligible,eligible,unavailable_fewer_than_3_sections_or_downbeat_spans,,
aime_udio_04728,30s,Udio,development,complete,computed,computed,eligible,eligible,unavailable_fewer_than_3_sections_or_downbeat_spans,,
aime_udio_04729,30s,Udio,development,complete,computed,computed,eligible,eligible,unavailable_fewer_than_3_sections_or_downbeat_spans,,
aime_udio_04730,30s,Udio,development,complete,computed,computed,eligible,eligible,eligible,,
aime_udio_04731,30s,Udio,development,complete,computed,computed,eligible,eligible,unavailable_fewer_than_3_sections_or_downbeat_spans,,
aime_udio_04732,30s,Udio,development,complete,computed,computed,eligible,eligible,unavailable_fewer_than_3_sections_or_downbeat_spans,,
aime_udio_04733,30s,Udio,development,complete,computed,computed,eligible,eligible,unavailable_fewer_than_3_sections_or_downbeat_spans,,
aime_udio_04734,30s,Udio,development,complete,computed,computed,eligible,eligible,unavailable_fewer_than_3_sections_or_downbeat_spans,,
aime_udio_04735,30s,Udio,development,complete,computed,computed,eligible,eligible,unavailable_fewer_than_3_sections_or_downbeat_spans,,
aime_udio_04736,30s,Udio,development,complete,computed,computed,eligible,eligible,unavailable_fewer_than_3_sections_or_downbeat_spans,,
aime_udio_04737,30s,Udio,development,complete,computed,computed,eligible,eligible,unavailable_fewer_than_3_sections_or_downbeat_spans,,
aime_udio_04738,30s,Udio,development,complete,computed,computed,eligible,eligible,unavailable_fewer_than_3_sections_or_downbeat_spans,,
aime_udio_04739,30s,Udio,development,complete,computed,computed,eligible,eligible,unavailable_fewer_than_3_sections_or_downbeat_spans,,
aime_udio_04740,30s,Udio,development,complete,computed,computed,eligible,eligible,unavailable_fewer_than_3_sections_or_downbeat_spans,,
aime_udio_04741,30s,Udio,development,complete,computed,computed,eligible,eligible,unavailable_fewer_than_3_sections_or_downbeat_spans,,
aime_udio_04742,30s,Udio,development,complete,computed,computed,eligible,eligible,unavailable_fewer_than_3_sections_or_downbeat_spans,,
aime_udio_04743,30s,Udio,development,complete,computed,computed,eligible,eligible,unavailable_fewer_than_3_sections_or_downbeat_spans,,
aime_udio_04744,30s,Udio,development,complete,computed,computed,eligible,eligible,unavailable_fewer_than_3_sections_or_downbeat_spans,,
aime_udio_04745,30s,Udio,development,complete,computed,computed,eligible,eligible,unavailable_fewer_than_3_sections_or_downbeat_spans,,
aime_udio_04746,30s,Udio,development,complete,computed,computed,eligible,eligible,unavailable_fewer_than_3_sections_or_downbeat_spans,,
aime_udio_04747,30s,Udio,development,complete,computed,computed,eligible,eligible,unavailable_fewer_than_3_sections_or_downbeat_spans,,
aime_udio_04748,30s,Udio,development,complete,computed,computed,eligible,eligible,unavailable_fewer_than_3_sections_or_downbeat_spans,,
aime_udio_04749,30s,Udio,development,complete,computed,computed,eligible,eligible,unavailable_fewer_than_3_sections_or_downbeat_spans,,
aime_udio_04750,30s,Udio,development,complete,computed,computed,eligible,eligible,unavailable_fewer_than_3_sections_or_downbeat_spans,,
aime_udio_04751,30s,Udio,development,complete,computed,computed,eligible,eligible,unavailable_fewer_than_3_sections_or_downbeat_spans,,
aime_udio_04752,30s,Udio,development,complete,computed,computed,eligible,eligible,unavailable_fewer_than_3_sections_or_downbeat_spans,,
aime_udio_04753,30s,Udio,development,complete,computed,computed,eligible,eligible,unavailable_fewer_than_3_sections_or_downbeat_spans,,
aime_udio_04754,30s,Udio,development,complete,computed,computed,eligible,eligible,unavailable_fewer_than_3_sections_or_downbeat_spans,,
aime_udio_04755,30s,Udio,development,complete,computed,computed,eligible,eligible,unavailable_fewer_than_3_sections_or_downbeat_spans,,
aime_udio_04756,30s,Udio,development,complete,computed,computed,eligible,eligible,unavailable_fewer_than_3_sections_or_downbeat_spans,,
aime_udio_04757,30s,Udio,development,complete,computed,computed,eligible,eligible,eligible,,
aime_udio_04758,30s,Udio,development,complete,computed,computed,eligible,eligible,unavailable_fewer_than_3_sections_or_downbeat_spans,,
aime_udio_04759,30s,Udio,development,complete,computed,computed,eligible,eligible,unavailable_fewer_than_3_sections_or_downbeat_spans,,
aime_udio_04760,30s,Udio,development,complete,computed,computed,eligible,eligible,unavailable_fewer_than_3_sections_or_downbeat_spans,,
aime_udio_04761,30s,Udio,development,complete,computed,computed,eligible,eligible,unavailable_fewer_than_3_sections_or_downbeat_spans,,
aime_udio_04762,30s,Udio,development,complete,computed,computed,eligible,eligible,unavailable_fewer_than_3_sections_or_downbeat_spans,,
aime_udio_04763,30s,Udio,development,complete,computed,computed,eligible,eligible,unavailable_fewer_than_3_sections_or_downbeat_spans,,
aime_udio_04764,30s,Udio,development,complete,computed,computed,eligible,eligible,unavailable_fewer_than_3_sections_or_downbeat_spans,,
aime_udio_04765,30s,Udio,development,complete,computed,computed,eligible,eligible,unavailable_fewer_than_3_sections_or_downbeat_spans,,
aime_udio_04766,30s,Udio,development,complete,computed,computed,eligible,eligible,unavailable_fewer_than_3_sections_or_downbeat_spans,,
aime_udio_04767,30s,Udio,development,complete,computed,computed,eligible,eligible,unavailable_fewer_than_3_sections_or_downbeat_spans,,
aime_udio_04768,30s,Udio,development,complete,computed,computed,eligible,eligible,unavailable_fewer_than_3_sections_or_downbeat_spans,,
aime_udio_04769,30s,Udio,development,complete,computed,computed,eligible,eligible,eligible,,
aime_udio_04770,30s,Udio,development,complete,computed,computed,eligible,eligible,unavailable_fewer_than_3_sections_or_downbeat_spans,,
aime_udio_04771,30s,Udio,development,complete,computed,computed,eligible,eligible,unavailable_fewer_than_3_sections_or_downbeat_spans,,
aime_udio_04772,30s,Udio,development,complete,computed,computed,eligible,eligible,unavailable_fewer_than_3_sections_or_downbeat_spans,,
aime_udio_04773,30s,Udio,development,complete,computed,computed,eligible,eligible,unavailable_fewer_than_3_sections_or_downbeat_spans,,
aime_udio_04774,30s,Udio,development,complete,computed,computed,eligible,eligible,unavailable_fewer_than_3_sections_or_downbeat_spans,,
aime_udio_04775,30s,Udio,development,complete,computed,computed,eligible,eligible,unavailable_fewer_than_3_sections_or_downbeat_spans,,
aime_udio_04776,30s,Udio,development,complete,computed,computed,eligible,eligible,unavailable_fewer_than_3_sections_or_downbeat_spans,,
aime_udio_04777,30s,Udio,development,complete,computed,computed,eligible,eligible,eligible,,
aime_udio_04778,30s,Udio,development,complete,computed,computed,eligible,eligible,unavailable_fewer_than_3_sections_or_downbeat_spans,,
aime_udio_04779,30s,Udio,development,complete,computed,computed,eligible,eligible,unavailable_fewer_than_3_sections_or_downbeat_spans,,
aime_udio_04780,30s,Udio,development,complete,computed,computed,eligible,eligible,unavailable_fewer_than_3_sections_or_downbeat_spans,,
aime_udio_04781,30s,Udio,development,complete,computed,computed,eligible,eligible,unavailable_fewer_than_3_sections_or_downbeat_spans,,
aime_udio_04782,30s,Udio,development,complete,computed,computed,eligible,eligible,unavailable_fewer_than_3_sections_or_downbeat_spans,,
aime_udio_04783,30s,Udio,development,complete,computed,computed,eligible,eligible,unavailable_fewer_than_3_sections_or_downbeat_spans,,
aime_udio_04784,30s,Udio,development,complete,computed,computed,eligible,eligible,eligible,,
aime_udio_04785,30s,Udio,development,complete,computed,computed,eligible,eligible,unavailable_fewer_than_3_sections_or_downbeat_spans,,
aime_udio_04786,30s,Udio,development,complete,computed,computed,eligible,eligible,unavailable_fewer_than_3_sections_or_downbeat_spans,,
aime_udio_04787,30s,Udio,development,complete,computed,computed,eligible,eligible,unavailable_fewer_than_3_sections_or_downbeat_spans,,
aime_udio_04788,30s,Udio,development,complete,computed,computed,eligible,unavailable_fewer_than_16_beats_or_invalid_intervals,unavailable_fewer_than_3_sections_or_downbeat_spans,,
aime_udio_04789,30s,Udio,development,complete,computed,computed,eligible,eligible,unavailable_fewer_than_3_sections_or_downbeat_spans,,
aime_udio_04790,30s,Udio,development,complete,computed,computed,eligible,eligible,unavailable_fewer_than_3_sections_or_downbeat_spans,,
aime_udio_04791,30s,Udio,development,complete,computed,computed,eligible,eligible,unavailable_fewer_than_3_sections_or_downbeat_spans,,
aime_udio_04792,30s,Udio,development,complete,computed,computed,eligible,eligible,unavailable_fewer_than_3_sections_or_downbeat_spans,,
aime_udio_04793,30s,Udio,development,complete,computed,computed,eligible,eligible,unavailable_fewer_than_3_sections_or_downbeat_spans,,
aime_udio_04794,30s,Udio,development,complete,computed,computed,eligible,eligible,unavailable_fewer_than_3_sections_or_downbeat_spans,,
aime_udio_04795,30s,Udio,development,complete,computed,computed,eligible,eligible,unavailable_fewer_than_3_sections_or_downbeat_spans,,
aime_udio_04796,30s,Udio,development,complete,computed,computed,eligible,eligible,unavailable_fewer_than_3_sections_or_downbeat_spans,,
aime_udio_04797,30s,Udio,development,complete,computed,computed,eligible,eligible,unavailable_fewer_than_3_sections_or_downbeat_spans,,
aime_udio_04798,30s,Udio,development,complete,computed,computed,eligible,eligible,unavailable_fewer_than_3_sections_or_downbeat_spans,,
aime_udio_04799,30s,Udio,development,complete,computed,computed,eligible,eligible,unavailable_fewer_than_3_sections_or_downbeat_spans,,
aime_udio_04800,30s,Udio,development,complete,computed,computed,eligible,eligible,unavailable_fewer_than_3_sections_or_downbeat_spans,,
aime_udio_04801,30s,Udio,development,complete,computed,computed,eligible,eligible,unavailable_fewer_than_3_sections_or_downbeat_spans,,
aime_udio_04802,30s,Udio,development,complete,computed,computed,eligible,eligible,unavailable_fewer_than_3_sections_or_downbeat_spans,,
aime_udio_04803,30s,Udio,development,complete,computed,computed,eligible,eligible,unavailable_fewer_than_3_sections_or_downbeat_spans,,
aime_udio_04804,30s,Udio,development,complete,computed,computed,eligible,eligible,unavailable_fewer_than_3_sections_or_downbeat_spans,,
aime_udio_04805,30s,Udio,development,complete,computed,computed,eligible,eligible,unavailable_fewer_than_3_sections_or_downbeat_spans,,
aime_udio_04806,30s,Udio,development,complete,computed,computed,eligible,eligible,unavailable_fewer_than_3_sections_or_downbeat_spans,,
aime_udio_04807,30s,Udio,development,complete,computed,computed,eligible,eligible,unavailable_fewer_than_3_sections_or_downbeat_spans,,
aime_udio_04808,30s,Udio,development,complete,computed,computed,eligible,eligible,unavailable_fewer_than_3_sections_or_downbeat_spans,,
aime_udio_04809,30s,Udio,development,complete,computed,computed,eligible,eligible,unavailable_fewer_than_3_sections_or_downbeat_spans,,
aime_udio_04810,30s,Udio,development,complete,computed,computed,eligible,eligible,unavailable_fewer_than_3_sections_or_downbeat_spans,,
aime_udio_04811,30s,Udio,development,complete,computed,computed,eligible,eligible,eligible,,
aime_udio_04812,30s,Udio,development,complete,computed,computed,eligible,eligible,eligible,,
aime_udio_04813,30s,Udio,development,complete,computed,computed,eligible,eligible,unavailable_fewer_than_3_sections_or_downbeat_spans,,
aime_udio_04814,30s,Udio,development,complete,computed,computed,eligible,unavailable_fewer_than_16_beats_or_invalid_intervals,unavailable_fewer_than_3_sections_or_downbeat_spans,,
aime_udio_04815,30s,Udio,development,complete,computed,computed,eligible,eligible,unavailable_fewer_than_3_sections_or_downbeat_spans,,
aime_udio_04816,30s,Udio,development,complete,computed,computed,eligible,eligible,unavailable_fewer_than_3_sections_or_downbeat_spans,,
aime_udio_04817,30s,Udio,development,complete,computed,computed,eligible,eligible,unavailable_fewer_than_3_sections_or_downbeat_spans,,
aime_udio_04818,30s,Udio,development,complete,computed,computed,eligible,eligible,unavailable_fewer_than_3_sections_or_downbeat_spans,,
aime_udio_04819,30s,Udio,development,complete,computed,computed,eligible,eligible,unavailable_fewer_than_3_sections_or_downbeat_spans,,
aime_udio_04820,30s,Udio,development,complete,computed,computed,eligible,eligible,unavailable_fewer_than_3_sections_or_downbeat_spans,,
aime_udio_04821,30s,Udio,development,complete,computed,computed,eligible,eligible,unavailable_fewer_than_3_sections_or_downbeat_spans,,
aime_udio_04822,30s,Udio,development,complete,computed,computed,eligible,eligible,unavailable_fewer_than_3_sections_or_downbeat_spans,,
aime_udio_04823,30s,Udio,development,complete,computed,computed,eligible,eligible,unavailable_fewer_than_3_sections_or_downbeat_spans,,
aime_udio_04824,30s,Udio,development,complete,computed,computed,eligible,eligible,unavailable_fewer_than_3_sections_or_downbeat_spans,,
aime_udio_04825,30s,Udio,development,complete,computed,computed,eligible,eligible,unavailable_fewer_than_3_sections_or_downbeat_spans,,
aime_udio_04826,30s,Udio,development,complete,computed,computed,eligible,eligible,unavailable_fewer_than_3_sections_or_downbeat_spans,,
aime_udio_04827,30s,Udio,development,complete,computed,computed,eligible,eligible,unavailable_fewer_than_3_sections_or_downbeat_spans,,
aime_udio_04828,30s,Udio,development,complete,computed,computed,eligible,eligible,unavailable_fewer_than_3_sections_or_downbeat_spans,,
aime_udio_04829,30s,Udio,development,complete,computed,computed,eligible,eligible,unavailable_fewer_than_3_sections_or_downbeat_spans,,
aime_udio_04830,30s,Udio,development,complete,computed,computed,eligible,eligible,unavailable_fewer_than_3_sections_or_downbeat_spans,,
aime_udio_04831,30s,Udio,development,complete,computed,computed,eligible,eligible,unavailable_fewer_than_3_sections_or_downbeat_spans,,
aime_udio_04832,30s,Udio,development,complete,computed,computed,eligible,eligible,unavailable_fewer_than_3_sections_or_downbeat_spans,,
aime_udio_04833,30s,Udio,development,complete,computed,computed,eligible,eligible,unavailable_fewer_than_3_sections_or_downbeat_spans,,
aime_udio_04834,30s,Udio,development,complete,computed,computed,eligible,eligible,unavailable_fewer_than_3_sections_or_downbeat_spans,,
aime_udio_04835,30s,Udio,development,complete,computed,computed,eligible,eligible,unavailable_fewer_than_3_sections_or_downbeat_spans,,
aime_udio_04836,30s,Udio,development,complete,computed,computed,eligible,eligible,unavailable_fewer_than_3_sections_or_downbeat_spans,,
aime_udio_04837,30s,Udio,development,complete,computed,computed,eligible,eligible,unavailable_fewer_than_3_sections_or_downbeat_spans,,
aime_udio_04838,30s,Udio,development,complete,computed,computed,eligible,eligible,unavailable_fewer_than_3_sections_or_downbeat_spans,,
aime_udio_04839,30s,Udio,development,complete,computed,computed,eligible,eligible,eligible,,
aime_udio_04840,30s,Udio,development,complete,computed,computed,eligible,eligible,unavailable_fewer_than_3_sections_or_downbeat_spans,,
aime_udio_04841,30s,Udio,development,complete,computed,computed,eligible,eligible,unavailable_fewer_than_3_sections_or_downbeat_spans,,
aime_udio_04842,30s,Udio,development,complete,computed,computed,eligible,eligible,unavailable_fewer_than_3_sections_or_downbeat_spans,,
aime_udio_04843,30s,Udio,development,complete,computed,computed,eligible,eligible,unavailable_fewer_than_3_sections_or_downbeat_spans,,
aime_udio_04844,30s,Udio,development,complete,computed,computed,eligible,eligible,unavailable_fewer_than_3_sections_or_downbeat_spans,,
aime_udio_04845,30s,Udio,development,complete,computed,computed,eligible,eligible,unavailable_fewer_than_3_sections_or_downbeat_spans,,
aime_udio_04846,30s,Udio,development,complete,computed,computed,eligible,eligible,unavailable_fewer_than_3_sections_or_downbeat_spans,,
aime_udio_04847,30s,Udio,development,complete,computed,computed,eligible,eligible,unavailable_fewer_than_3_sections_or_downbeat_spans,,
aime_udio_04848,30s,Udio,development,complete,computed,computed,eligible,eligible,unavailable_fewer_than_3_sections_or_downbeat_spans,,
aime_udio_04849,30s,Udio,development,complete,computed,computed,eligible,eligible,unavailable_fewer_than_3_sections_or_downbeat_spans,,
aime_udio_04850,30s,Udio,development,complete,computed,computed,eligible,eligible,unavailable_fewer_than_3_sections_or_downbeat_spans,,
aime_udio_04851,30s,Udio,development,complete,computed,computed,eligible,eligible,unavailable_fewer_than_3_sections_or_downbeat_spans,,
aime_udio_04852,30s,Udio,development,complete,computed,computed,eligible,eligible,unavailable_fewer_than_3_sections_or_downbeat_spans,,
aime_udio_04853,30s,Udio,development,complete,computed,computed,eligible,eligible,unavailable_fewer_than_3_sections_or_downbeat_spans,,
aime_udio_04854,30s,Udio,development,complete,computed,computed,eligible,eligible,unavailable_fewer_than_3_sections_or_downbeat_spans,,
aime_udio_04855,30s,Udio,development,complete,computed,computed,eligible,unavailable_fewer_than_16_beats_or_invalid_intervals,unavailable_fewer_than_3_sections_or_downbeat_spans,,
aime_udio_04856,30s,Udio,development,complete,computed,computed,eligible,eligible,unavailable_fewer_than_3_sections_or_downbeat_spans,,
aime_udio_04857,30s,Udio,development,complete,computed,computed,eligible,eligible,unavailable_fewer_than_3_sections_or_downbeat_spans,,
aime_udio_04858,30s,Udio,development,complete,computed,computed,eligible,eligible,unavailable_fewer_than_3_sections_or_downbeat_spans,,
aime_udio_04859,30s,Udio,development,complete,computed,computed,eligible,eligible,unavailable_fewer_than_3_sections_or_downbeat_spans,,
aime_udio_04860,30s,Udio,development,complete,computed,computed,eligible,eligible,eligible,,
aime_udio_04861,30s,Udio,development,complete,computed,computed,eligible,eligible,unavailable_fewer_than_3_sections_or_downbeat_spans,,
aime_udio_04862,30s,Udio,development,complete,computed,computed,eligible,eligible,unavailable_fewer_than_3_sections_or_downbeat_spans,,
aime_udio_04863,30s,Udio,development,complete,computed,computed,eligible,eligible,eligible,,
aime_udio_04864,30s,Udio,development,complete,computed,computed,eligible,eligible,unavailable_fewer_than_3_sections_or_downbeat_spans,,
aime_udio_04865,30s,Udio,development,complete,computed,computed,eligible,eligible,unavailable_fewer_than_3_sections_or_downbeat_spans,,
aime_udio_04866,30s,Udio,development,complete,computed,computed,eligible,eligible,eligible,,
aime_udio_04867,30s,Udio,development,complete,computed,computed,eligible,eligible,unavailable_fewer_than_3_sections_or_downbeat_spans,,
aime_udio_04868,30s,Udio,development,complete,computed,computed,eligible,eligible,unavailable_fewer_than_3_sections_or_downbeat_spans,,
aime_udio_04869,30s,Udio,development,complete,computed,computed,eligible,eligible,unavailable_fewer_than_3_sections_or_downbeat_spans,,
aime_udio_04870,30s,Udio,development,complete,computed,computed,eligible,eligible,unavailable_fewer_than_3_sections_or_downbeat_spans,,
aime_udio_04871,30s,Udio,development,complete,computed,computed,eligible,eligible,unavailable_fewer_than_3_sections_or_downbeat_spans,,
aime_udio_04872,30s,Udio,development,complete,computed,computed,eligible,eligible,unavailable_fewer_than_3_sections_or_downbeat_spans,,
aime_udio_04873,30s,Udio,development,complete,computed,computed,eligible,eligible,unavailable_fewer_than_3_sections_or_downbeat_spans,,
aime_udio_04874,30s,Udio,development,complete,computed,computed,eligible,eligible,unavailable_fewer_than_3_sections_or_downbeat_spans,,
aime_udio_04875,30s,Udio,development,complete,computed,computed,eligible,eligible,unavailable_fewer_than_3_sections_or_downbeat_spans,,
aime_udio_04876,30s,Udio,development,complete,computed,computed,eligible,eligible,unavailable_fewer_than_3_sections_or_downbeat_spans,,
aime_udio_04877,30s,Udio,development,complete,computed,computed,eligible,eligible,unavailable_fewer_than_3_sections_or_downbeat_spans,,
aime_udio_04878,30s,Udio,development,complete,computed,computed,eligible,eligible,unavailable_fewer_than_3_sections_or_downbeat_spans,,
aime_udio_04879,30s,Udio,development,complete,computed,computed,eligible,eligible,unavailable_fewer_than_3_sections_or_downbeat_spans,,
aime_udio_04880,30s,Udio,development,complete,computed,computed,eligible,eligible,unavailable_fewer_than_3_sections_or_downbeat_spans,,
aime_udio_04881,30s,Udio,development,complete,computed,computed,eligible,eligible,unavailable_fewer_than_3_sections_or_downbeat_spans,,
aime_udio_04882,30s,Udio,development,complete,computed,computed,eligible,eligible,eligible,,
aime_udio_04883,30s,Udio,development,complete,computed,computed,eligible,eligible,unavailable_fewer_than_3_sections_or_downbeat_spans,,
aime_udio_04884,30s,Udio,development,complete,computed,computed,eligible,eligible,unavailable_fewer_than_3_sections_or_downbeat_spans,,
aime_udio_04885,30s,Udio,development,complete,computed,computed,eligible,eligible,unavailable_fewer_than_3_sections_or_downbeat_spans,,
aime_udio_04886,30s,Udio,development,complete,computed,computed,eligible,eligible,unavailable_fewer_than_3_sections_or_downbeat_spans,,
aime_udio_04887,30s,Udio,development,complete,computed,computed,eligible,eligible,unavailable_fewer_than_3_sections_or_downbeat_spans,,
aime_udio_04888,30s,Udio,development,complete,computed,computed,eligible,eligible,unavailable_fewer_than_3_sections_or_downbeat_spans,,
aime_udio_04889,30s,Udio,development,complete,computed,computed,eligible,eligible,unavailable_fewer_than_3_sections_or_downbeat_spans,,
aime_udio_04890,30s,Udio,development,complete,computed,computed,eligible,eligible,unavailable_fewer_than_3_sections_or_downbeat_spans,,
aime_udio_04891,30s,Udio,development,complete,computed,computed,eligible,eligible,unavailable_fewer_than_3_sections_or_downbeat_spans,,
aime_udio_04892,30s,Udio,development,complete,computed,computed,eligible,eligible,unavailable_fewer_than_3_sections_or_downbeat_spans,,
aime_udio_04893,30s,Udio,development,complete,computed,computed,eligible,eligible,eligible,,
aime_udio_04894,30s,Udio,development,complete,computed,computed,eligible,eligible,unavailable_fewer_than_3_sections_or_downbeat_spans,,
aime_udio_04895,30s,Udio,development,complete,computed,computed,eligible,unavailable_fewer_than_16_beats_or_invalid_intervals,unavailable_fewer_than_3_sections_or_downbeat_spans,,
aime_udio_04896,30s,Udio,development,complete,computed,computed,eligible,eligible,unavailable_fewer_than_3_sections_or_downbeat_spans,,
aime_udio_04897,30s,Udio,development,complete,computed,computed,eligible,eligible,unavailable_fewer_than_3_sections_or_downbeat_spans,,
aime_udio_04898,30s,Udio,development,complete,computed,computed,eligible,eligible,eligible,,
aime_udio_04899,30s,Udio,development,complete,computed,computed,eligible,eligible,unavailable_fewer_than_3_sections_or_downbeat_spans,,
aime_udio_04900,30s,Udio,development,complete,computed,computed,eligible,eligible,unavailable_fewer_than_3_sections_or_downbeat_spans,,
aime_udio_04901,30s,Udio,development,complete,computed,computed,eligible,eligible,unavailable_fewer_than_3_sections_or_downbeat_spans,,
aime_udio_04902,30s,Udio,development,complete,computed,computed,eligible,eligible,eligible,,
aime_udio_04903,30s,Udio,development,complete,computed,computed,eligible,eligible,unavailable_fewer_than_3_sections_or_downbeat_spans,,
aime_udio_04904,30s,Udio,development,complete,computed,computed,eligible,unavailable_fewer_than_16_beats_or_invalid_intervals,unavailable_fewer_than_3_sections_or_downbeat_spans,,
aime_udio_04905,30s,Udio,development,complete,computed,computed,eligible,eligible,unavailable_fewer_than_3_sections_or_downbeat_spans,,
aime_udio_04906,30s,Udio,development,complete,computed,computed,eligible,eligible,unavailable_fewer_than_3_sections_or_downbeat_spans,,
aime_udio_04907,30s,Udio,development,complete,computed,computed,eligible,eligible,unavailable_fewer_than_3_sections_or_downbeat_spans,,
aime_udio_04908,30s,Udio,development,complete,computed,computed,eligible,eligible,unavailable_fewer_than_3_sections_or_downbeat_spans,,
aime_udio_04909,30s,Udio,development,complete,computed,computed,eligible,eligible,unavailable_fewer_than_3_sections_or_downbeat_spans,,
aime_udio_04910,30s,Udio,development,complete,computed,computed,eligible,eligible,unavailable_fewer_than_3_sections_or_downbeat_spans,,
aime_udio_04911,30s,Udio,development,complete,computed,computed,eligible,eligible,eligible,,
aime_udio_04912,30s,Udio,development,complete,computed,computed,eligible,eligible,unavailable_fewer_than_3_sections_or_downbeat_spans,,
aime_udio_04913,30s,Udio,development,complete,computed,computed,eligible,eligible,unavailable_fewer_than_3_sections_or_downbeat_spans,,
aime_udio_04914,30s,Udio,development,complete,computed,computed,eligible,eligible,unavailable_fewer_than_3_sections_or_downbeat_spans,,
aime_udio_04915,30s,Udio,development,complete,computed,computed,eligible,eligible,unavailable_fewer_than_3_sections_or_downbeat_spans,,
aime_udio_04916,30s,Udio,development,complete,computed,computed,eligible,eligible,unavailable_fewer_than_3_sections_or_downbeat_spans,,
aime_udio_04917,30s,Udio,development,complete,computed,computed,eligible,eligible,unavailable_fewer_than_3_sections_or_downbeat_spans,,
aime_udio_04918,30s,Udio,development,complete,computed,computed,eligible,eligible,unavailable_fewer_than_3_sections_or_downbeat_spans,,
aime_udio_04919,30s,Udio,development,complete,computed,computed,eligible,eligible,unavailable_fewer_than_3_sections_or_downbeat_spans,,
aime_udio_04920,30s,Udio,development,complete,computed,computed,eligible,eligible,unavailable_fewer_than_3_sections_or_downbeat_spans,,
aime_udio_04921,30s,Udio,development,complete,computed,computed,eligible,eligible,unavailable_fewer_than_3_sections_or_downbeat_spans,,
aime_udio_04922,30s,Udio,development,complete,computed,computed,eligible,eligible,unavailable_fewer_than_3_sections_or_downbeat_spans,,
aime_udio_04923,30s,Udio,development,complete,computed,computed,eligible,eligible,unavailable_fewer_than_3_sections_or_downbeat_spans,,
aime_udio_04924,30s,Udio,development,complete,computed,computed,eligible,eligible,unavailable_fewer_than_3_sections_or_downbeat_spans,,
aime_udio_04925,30s,Udio,development,complete,computed,computed,eligible,eligible,eligible,,
aime_udio_04926,30s,Udio,development,complete,computed,computed,eligible,eligible,unavailable_fewer_than_3_sections_or_downbeat_spans,,
aime_udio_04927,30s,Udio,development,complete,computed,computed,eligible,eligible,eligible,,
aime_udio_04928,30s,Udio,development,complete,computed,computed,eligible,eligible,unavailable_fewer_than_3_sections_or_downbeat_spans,,
aime_udio_04929,30s,Udio,development,complete,computed,computed,eligible,eligible,unavailable_fewer_than_3_sections_or_downbeat_spans,,
aime_udio_04930,30s,Udio,development,complete,computed,computed,eligible,eligible,eligible,,
aime_udio_04931,30s,Udio,development,complete,computed,computed,eligible,eligible,unavailable_fewer_than_3_sections_or_downbeat_spans,,
aime_udio_04932,30s,Udio,development,complete,computed,computed,eligible,eligible,unavailable_fewer_than_3_sections_or_downbeat_spans,,
aime_udio_04933,30s,Udio,development,complete,computed,computed,eligible,eligible,unavailable_fewer_than_3_sections_or_downbeat_spans,,
aime_udio_04934,30s,Udio,development,complete,computed,computed,eligible,eligible,unavailable_fewer_than_3_sections_or_downbeat_spans,,
aime_udio_04935,30s,Udio,development,complete,computed,computed,eligible,eligible,unavailable_fewer_than_3_sections_or_downbeat_spans,,
aime_udio_04936,30s,Udio,development,complete,computed,computed,eligible,eligible,unavailable_fewer_than_3_sections_or_downbeat_spans,,
aime_udio_04937,30s,Udio,development,complete,computed,computed,eligible,eligible,unavailable_fewer_than_3_sections_or_downbeat_spans,,
aime_udio_04938,30s,Udio,development,complete,computed,computed,eligible,eligible,eligible,,
aime_udio_04939,30s,Udio,development,complete,computed,computed,eligible,eligible,unavailable_fewer_than_3_sections_or_downbeat_spans,,
aime_udio_04940,30s,Udio,development,complete,computed,computed,eligible,eligible,unavailable_fewer_than_3_sections_or_downbeat_spans,,
aime_udio_04941,30s,Udio,development,complete,computed,computed,eligible,eligible,eligible,,
aime_udio_04942,30s,Udio,development,complete,computed,computed,eligible,eligible,unavailable_fewer_than_3_sections_or_downbeat_spans,,
aime_udio_04943,30s,Udio,development,complete,computed,computed,eligible,eligible,unavailable_fewer_than_3_sections_or_downbeat_spans,,
aime_udio_04944,30s,Udio,development,complete,computed,computed,eligible,eligible,unavailable_fewer_than_3_sections_or_downbeat_spans,,
aime_udio_04945,30s,Udio,development,complete,computed,computed,eligible,eligible,unavailable_fewer_than_3_sections_or_downbeat_spans,,
aime_udio_04946,30s,Udio,development,complete,computed,computed,eligible,eligible,unavailable_fewer_than_3_sections_or_downbeat_spans,,
aime_udio_04947,30s,Udio,development,complete,computed,computed,eligible,eligible,unavailable_fewer_than_3_sections_or_downbeat_spans,,
aime_udio_04948,30s,Udio,development,complete,computed,computed,eligible,eligible,unavailable_fewer_than_3_sections_or_downbeat_spans,,
aime_udio_04949,30s,Udio,development,complete,computed,computed,eligible,eligible,unavailable_fewer_than_3_sections_or_downbeat_spans,,
aime_udio_04950,30s,Udio,development,complete,computed,computed,eligible,eligible,eligible,,
aime_udio_04951,30s,Udio,development,complete,computed,computed,eligible,eligible,unavailable_fewer_than_3_sections_or_downbeat_spans,,
aime_udio_04952,30s,Udio,development,complete,computed,computed,eligible,eligible,unavailable_fewer_than_3_sections_or_downbeat_spans,,
aime_udio_04953,30s,Udio,development,complete,computed,computed,eligible,eligible,unavailable_fewer_than_3_sections_or_downbeat_spans,,
aime_udio_04954,30s,Udio,development,complete,computed,computed,eligible,eligible,unavailable_fewer_than_3_sections_or_downbeat_spans,,
aime_udio_04955,30s,Udio,development,complete,computed,computed,eligible,eligible,unavailable_fewer_than_3_sections_or_downbeat_spans,,
aime_udio_04956,30s,Udio,development,complete,computed,computed,eligible,eligible,unavailable_fewer_than_3_sections_or_downbeat_spans,,
aime_udio_04957,30s,Udio,development,complete,computed,computed,eligible,eligible,unavailable_fewer_than_3_sections_or_downbeat_spans,,
aime_udio_04958,30s,Udio,development,complete,computed,computed,eligible,eligible,unavailable_fewer_than_3_sections_or_downbeat_spans,,
aime_udio_04959,30s,Udio,development,complete,computed,computed,eligible,unavailable_fewer_than_16_beats_or_invalid_intervals,unavailable_fewer_than_3_sections_or_downbeat_spans,,
aime_udio_04960,30s,Udio,development,complete,computed,computed,eligible,eligible,unavailable_fewer_than_3_sections_or_downbeat_spans,,
aime_udio_04961,30s,Udio,development,complete,computed,computed,eligible,eligible,unavailable_fewer_than_3_sections_or_downbeat_spans,,
aime_udio_04962,30s,Udio,development,complete,computed,computed,eligible,eligible,unavailable_fewer_than_3_sections_or_downbeat_spans,,
aime_udio_04963,30s,Udio,development,complete,computed,computed,eligible,eligible,unavailable_fewer_than_3_sections_or_downbeat_spans,,
aime_udio_04964,30s,Udio,development,complete,computed,computed,eligible,eligible,unavailable_fewer_than_3_sections_or_downbeat_spans,,
aime_udio_04965,30s,Udio,development,complete,computed,computed,eligible,eligible,eligible,,
aime_udio_04966,30s,Udio,development,complete,computed,computed,eligible,eligible,unavailable_fewer_than_3_sections_or_downbeat_spans,,
aime_udio_04967,30s,Udio,development,complete,computed,computed,eligible,eligible,unavailable_fewer_than_3_sections_or_downbeat_spans,,
aime_udio_04968,30s,Udio,development,complete,computed,computed,eligible,eligible,unavailable_fewer_than_3_sections_or_downbeat_spans,,
aime_udio_04969,30s,Udio,development,complete,computed,computed,eligible,eligible,unavailable_fewer_than_3_sections_or_downbeat_spans,,
aime_udio_04970,30s,Udio,development,complete,computed,computed,eligible,eligible,unavailable_fewer_than_3_sections_or_downbeat_spans,,
aime_udio_04971,30s,Udio,development,complete,computed,computed,eligible,eligible,unavailable_fewer_than_3_sections_or_downbeat_spans,,
aime_udio_04972,30s,Udio,development,complete,computed,computed,eligible,eligible,unavailable_fewer_than_3_sections_or_downbeat_spans,,
aime_udio_04973,30s,Udio,development,complete,computed,computed,eligible,eligible,unavailable_fewer_than_3_sections_or_downbeat_spans,,
aime_udio_04974,30s,Udio,development,complete,computed,computed,eligible,eligible,unavailable_fewer_than_3_sections_or_downbeat_spans,,
aime_udio_04975,30s,Udio,development,complete,computed,computed,eligible,eligible,unavailable_fewer_than_3_sections_or_downbeat_spans,,
aime_udio_04976,30s,Udio,development,complete,computed,computed,eligible,eligible,unavailable_fewer_than_3_sections_or_downbeat_spans,,
aime_udio_04977,30s,Udio,development,complete,computed,computed,eligible,eligible,unavailable_fewer_than_3_sections_or_downbeat_spans,,
aime_udio_04978,30s,Udio,development,complete,computed,computed,eligible,eligible,unavailable_fewer_than_3_sections_or_downbeat_spans,,
aime_udio_04979,30s,Udio,development,complete,computed,computed,eligible,eligible,unavailable_fewer_than_3_sections_or_downbeat_spans,,
aime_udio_04980,30s,Udio,development,complete,computed,computed,eligible,eligible,unavailable_fewer_than_3_sections_or_downbeat_spans,,
aime_udio_04981,30s,Udio,development,complete,computed,computed,eligible,eligible,eligible,,
aime_udio_04982,30s,Udio,development,complete,computed,computed,eligible,eligible,unavailable_fewer_than_3_sections_or_downbeat_spans,,
aime_udio_04983,30s,Udio,development,complete,computed,computed,eligible,eligible,unavailable_fewer_than_3_sections_or_downbeat_spans,,
aime_udio_04984,30s,Udio,development,complete,computed,computed,eligible,eligible,unavailable_fewer_than_3_sections_or_downbeat_spans,,
aime_udio_04985,30s,Udio,development,complete,computed,computed,eligible,eligible,unavailable_fewer_than_3_sections_or_downbeat_spans,,
aime_udio_04986,30s,Udio,development,complete,computed,computed,eligible,eligible,unavailable_fewer_than_3_sections_or_downbeat_spans,,
aime_udio_04987,30s,Udio,development,complete,computed,computed,eligible,eligible,unavailable_fewer_than_3_sections_or_downbeat_spans,,
aime_udio_04988,30s,Udio,development,complete,computed,computed,eligible,eligible,unavailable_fewer_than_3_sections_or_downbeat_spans,,
aime_udio_04989,30s,Udio,development,complete,computed,computed,eligible,eligible,unavailable_fewer_than_3_sections_or_downbeat_spans,,
aime_udio_04990,30s,Udio,development,complete,computed,computed,eligible,eligible,unavailable_fewer_than_3_sections_or_downbeat_spans,,
aime_udio_04991,30s,Udio,development,complete,computed,computed,eligible,eligible,unavailable_fewer_than_3_sections_or_downbeat_spans,,
aime_udio_04992,30s,Udio,development,complete,computed,computed,eligible,eligible,eligible,,
aime_udio_04993,30s,Udio,development,complete,computed,computed,eligible,eligible,unavailable_fewer_than_3_sections_or_downbeat_spans,,
aime_udio_04994,30s,Udio,development,complete,computed,computed,eligible,eligible,unavailable_fewer_than_3_sections_or_downbeat_spans,,
aime_udio_04995,30s,Udio,development,complete,computed,computed,eligible,eligible,unavailable_fewer_than_3_sections_or_downbeat_spans,,
aime_udio_04996,30s,Udio,development,complete,computed,computed,eligible,eligible,unavailable_fewer_than_3_sections_or_downbeat_spans,,
aime_udio_04997,30s,Udio,development,complete,computed,computed,eligible,eligible,unavailable_fewer_than_3_sections_or_downbeat_spans,,
aime_udio_04998,30s,Udio,development,complete,computed,computed,eligible,eligible,unavailable_fewer_than_3_sections_or_downbeat_spans,,
aime_udio_04999,30s,Udio,development,complete,computed,computed,eligible,eligible,unavailable_fewer_than_3_sections_or_downbeat_spans,,
aime_udio_05000,30s,Udio,development,complete,computed,computed,eligible,eligible,unavailable_fewer_than_3_sections_or_downbeat_spans,,
human_maestro_0001,30s,human_maestro_v3,development,complete,computed,computed,eligible,eligible,unavailable_fewer_than_3_sections_or_downbeat_spans,audio/human_maestro_v3/originals/human_maestro_0001.wav,3df27294dec391004b336c880e51475c84fc1c89
human_maestro_0002,30s,human_maestro_v3,development,complete,computed,computed,eligible,eligible,unavailable_fewer_than_3_sections_or_downbeat_spans,audio/human_maestro_v3/originals/human_maestro_0002.wav,3df27294dec391004b336c880e51475c84fc1c89
human_maestro_0003,30s,human_maestro_v3,development,complete,computed,computed,eligible,eligible,unavailable_fewer_than_3_sections_or_downbeat_spans,audio/human_maestro_v3/originals/human_maestro_0003.wav,3df27294dec391004b336c880e51475c84fc1c89
human_maestro_0004,30s,human_maestro_v3,development,complete,computed,computed,eligible,eligible,unavailable_fewer_than_3_sections_or_downbeat_spans,audio/human_maestro_v3/originals/human_maestro_0004.wav,3df27294dec391004b336c880e51475c84fc1c89
human_maestro_0005,30s,human_maestro_v3,development,complete,computed,computed,eligible,eligible,unavailable_fewer_than_3_sections_or_downbeat_spans,audio/human_maestro_v3/originals/human_maestro_0005.wav,3df27294dec391004b336c880e51475c84fc1c89
human_maestro_0006,30s,human_maestro_v3,development,complete,computed,computed,eligible,eligible,unavailable_fewer_than_3_sections_or_downbeat_spans,audio/human_maestro_v3/originals/human_maestro_0006.wav,3df27294dec391004b336c880e51475c84fc1c89
human_maestro_0007,30s,human_maestro_v3,development,complete,computed,computed,eligible,eligible,unavailable_fewer_than_3_sections_or_downbeat_spans,audio/human_maestro_v3/originals/human_maestro_0007.wav,3df27294dec391004b336c880e51475c84fc1c89
human_maestro_0008,30s,human_maestro_v3,development,complete,computed,computed,eligible,eligible,unavailable_fewer_than_3_sections_or_downbeat_spans,audio/human_maestro_v3/originals/human_maestro_0008.wav,3df27294dec391004b336c880e51475c84fc1c89
human_maestro_0009,30s,human_maestro_v3,development,complete,computed,computed,eligible,eligible,unavailable_fewer_than_3_sections_or_downbeat_spans,audio/human_maestro_v3/originals/human_maestro_0009.wav,3df27294dec391004b336c880e51475c84fc1c89
human_maestro_0010,30s,human_maestro_v3,development,complete,computed,computed,eligible,unavailable_fewer_than_16_beats_or_invalid_intervals,unavailable_fewer_than_3_sections_or_downbeat_spans,audio/human_maestro_v3/originals/human_maestro_0010.wav,3df27294dec391004b336c880e51475c84fc1c89
human_maestro_0011,30s,human_maestro_v3,development,complete,computed,computed,eligible,eligible,unavailable_fewer_than_3_sections_or_downbeat_spans,audio/human_maestro_v3/originals/human_maestro_0011.wav,2906f2661eef68057807bf49d4cfee8fe297195e
human_maestro_0012,30s,human_maestro_v3,development,complete,computed,computed,eligible,eligible,eligible,audio/human_maestro_v3/originals/human_maestro_0012.wav,2906f2661eef68057807bf49d4cfee8fe297195e
human_maestro_0013,30s,human_maestro_v3,development,complete,computed,computed,eligible,eligible,unavailable_fewer_than_3_sections_or_downbeat_spans,audio/human_maestro_v3/originals/human_maestro_0013.wav,2906f2661eef68057807bf49d4cfee8fe297195e
human_maestro_0014,30s,human_maestro_v3,development,complete,computed,computed,eligible,eligible,unavailable_fewer_than_3_sections_or_downbeat_spans,audio/human_maestro_v3/originals/human_maestro_0014.wav,2906f2661eef68057807bf49d4cfee8fe297195e
human_maestro_0015,30s,human_maestro_v3,development,complete,computed,computed,eligible,eligible,unavailable_fewer_than_3_sections_or_downbeat_spans,audio/human_maestro_v3/originals/human_maestro_0015.wav,2906f2661eef68057807bf49d4cfee8fe297195e
human_maestro_0016,30s,human_maestro_v3,development,complete,computed,computed,eligible,eligible,unavailable_fewer_than_3_sections_or_downbeat_spans,audio/human_maestro_v3/originals/human_maestro_0016.wav,2906f2661eef68057807bf49d4cfee8fe297195e
human_maestro_0017,30s,human_maestro_v3,development,complete,computed,computed,eligible,eligible,unavailable_fewer_than_3_sections_or_downbeat_spans,audio/human_maestro_v3/originals/human_maestro_0017.wav,2906f2661eef68057807bf49d4cfee8fe297195e
human_maestro_0018,30s,human_maestro_v3,development,complete,computed,computed,eligible,eligible,unavailable_fewer_than_3_sections_or_downbeat_spans,audio/human_maestro_v3/originals/human_maestro_0018.wav,2906f2661eef68057807bf49d4cfee8fe297195e
human_maestro_0019,30s,human_maestro_v3,development,complete,computed,computed,eligible,eligible,unavailable_fewer_than_3_sections_or_downbeat_spans,audio/human_maestro_v3/originals/human_maestro_0019.wav,2906f2661eef68057807bf49d4cfee8fe297195e
human_maestro_0020,30s,human_maestro_v3,development,complete,computed,computed,eligible,eligible,unavailable_fewer_than_3_sections_or_downbeat_spans,audio/human_maestro_v3/originals/human_maestro_0020.wav,2906f2661eef68057807bf49d4cfee8fe297195e
human_maestro_0021,30s,human_maestro_v3,development,complete,computed,computed,eligible,eligible,unavailable_fewer_than_3_sections_or_downbeat_spans,audio/human_maestro_v3/originals/human_maestro_0021.wav,aac652d30aa1e4b22c229384506644712ee9424a
human_maestro_0022,30s,human_maestro_v3,development,complete,computed,computed,eligible,eligible,unavailable_fewer_than_3_sections_or_downbeat_spans,audio/human_maestro_v3/originals/human_maestro_0022.wav,aac652d30aa1e4b22c229384506644712ee9424a
human_maestro_0023,30s,human_maestro_v3,development,complete,computed,computed,eligible,eligible,unavailable_fewer_than_3_sections_or_downbeat_spans,audio/human_maestro_v3/originals/human_maestro_0023.wav,aac652d30aa1e4b22c229384506644712ee9424a
human_maestro_0024,30s,human_maestro_v3,development,complete,computed,computed,eligible,eligible,unavailable_fewer_than_3_sections_or_downbeat_spans,audio/human_maestro_v3/originals/human_maestro_0024.wav,aac652d30aa1e4b22c229384506644712ee9424a
human_maestro_0025,30s,human_maestro_v3,development,complete,computed,computed,eligible,eligible,unavailable_fewer_than_3_sections_or_downbeat_spans,audio/human_maestro_v3/originals/human_maestro_0025.wav,aac652d30aa1e4b22c229384506644712ee9424a
human_maestro_0026,30s,human_maestro_v3,development,complete,computed,computed,eligible,eligible,unavailable_fewer_than_3_sections_or_downbeat_spans,audio/human_maestro_v3/originals/human_maestro_0026.wav,aac652d30aa1e4b22c229384506644712ee9424a
human_maestro_0027,30s,human_maestro_v3,development,complete,computed,computed,eligible,eligible,unavailable_fewer_than_3_sections_or_downbeat_spans,audio/human_maestro_v3/originals/human_maestro_0027.wav,aac652d30aa1e4b22c229384506644712ee9424a
human_maestro_0028,30s,human_maestro_v3,development,complete,computed,computed,eligible,eligible,unavailable_fewer_than_3_sections_or_downbeat_spans,audio/human_maestro_v3/originals/human_maestro_0028.wav,aac652d30aa1e4b22c229384506644712ee9424a
human_maestro_0029,30s,human_maestro_v3,development,complete,computed,computed,eligible,eligible,unavailable_fewer_than_3_sections_or_downbeat_spans,audio/human_maestro_v3/originals/human_maestro_0029.wav,aac652d30aa1e4b22c229384506644712ee9424a
human_maestro_0030,30s,human_maestro_v3,development,complete,computed,computed,eligible,eligible,unavailable_fewer_than_3_sections_or_downbeat_spans,audio/human_maestro_v3/originals/human_maestro_0030.wav,aac652d30aa1e4b22c229384506644712ee9424a
human_maestro_0031,30s,human_maestro_v3,development,complete,computed,computed,eligible,eligible,eligible,audio/human_maestro_v3/originals/human_maestro_0031.wav,f28fa564db89a0c0a1863bde1ae91e7db94da223
human_maestro_0032,30s,human_maestro_v3,development,complete,computed,computed,eligible,eligible,unavailable_fewer_than_3_sections_or_downbeat_spans,audio/human_maestro_v3/originals/human_maestro_0032.wav,f28fa564db89a0c0a1863bde1ae91e7db94da223
human_maestro_0033,30s,human_maestro_v3,development,complete,computed,computed,eligible,eligible,unavailable_fewer_than_3_sections_or_downbeat_spans,audio/human_maestro_v3/originals/human_maestro_0033.wav,f28fa564db89a0c0a1863bde1ae91e7db94da223
human_maestro_0034,30s,human_maestro_v3,development,complete,computed,computed,eligible,eligible,unavailable_fewer_than_3_sections_or_downbeat_spans,audio/human_maestro_v3/originals/human_maestro_0034.wav,f28fa564db89a0c0a1863bde1ae91e7db94da223
human_maestro_0035,30s,human_maestro_v3,development,complete,computed,computed,eligible,eligible,unavailable_fewer_than_3_sections_or_downbeat_spans,audio/human_maestro_v3/originals/human_maestro_0035.wav,f28fa564db89a0c0a1863bde1ae91e7db94da223
human_maestro_0036,30s,human_maestro_v3,development,complete,computed,computed,eligible,eligible,eligible,audio/human_maestro_v3/originals/human_maestro_0036.wav,f28fa564db89a0c0a1863bde1ae91e7db94da223
human_maestro_0037,30s,human_maestro_v3,development,complete,computed,computed,eligible,eligible,unavailable_fewer_than_3_sections_or_downbeat_spans,audio/human_maestro_v3/originals/human_maestro_0037.wav,f28fa564db89a0c0a1863bde1ae91e7db94da223
human_maestro_0038,30s,human_maestro_v3,development,complete,computed,computed,eligible,eligible,unavailable_fewer_than_3_sections_or_downbeat_spans,audio/human_maestro_v3/originals/human_maestro_0038.wav,f28fa564db89a0c0a1863bde1ae91e7db94da223
human_maestro_0039,30s,human_maestro_v3,development,complete,computed,computed,eligible,eligible,unavailable_fewer_than_3_sections_or_downbeat_spans,audio/human_maestro_v3/originals/human_maestro_0039.wav,f28fa564db89a0c0a1863bde1ae91e7db94da223
human_maestro_0040,30s,human_maestro_v3,development,complete,computed,computed,eligible,eligible,unavailable_fewer_than_3_sections_or_downbeat_spans,audio/human_maestro_v3/originals/human_maestro_0040.wav,f28fa564db89a0c0a1863bde1ae91e7db94da223
human_maestro_0041,30s,human_maestro_v3,development,complete,computed,computed,eligible,unavailable_fewer_than_16_beats_or_invalid_intervals,unavailable_fewer_than_3_sections_or_downbeat_spans,audio/human_maestro_v3/originals/human_maestro_0041.wav,b14ca284b59bf38ecf51b73b7fa6c79b43ae8d79
human_maestro_0042,30s,human_maestro_v3,development,complete,computed,computed,eligible,eligible,unavailable_fewer_than_3_sections_or_downbeat_spans,audio/human_maestro_v3/originals/human_maestro_0042.wav,b14ca284b59bf38ecf51b73b7fa6c79b43ae8d79
human_maestro_0043,30s,human_maestro_v3,development,complete,computed,computed,eligible,eligible,unavailable_fewer_than_3_sections_or_downbeat_spans,audio/human_maestro_v3/originals/human_maestro_0043.wav,b14ca284b59bf38ecf51b73b7fa6c79b43ae8d79
human_maestro_0044,30s,human_maestro_v3,development,complete,computed,computed,eligible,eligible,unavailable_fewer_than_3_sections_or_downbeat_spans,audio/human_maestro_v3/originals/human_maestro_0044.wav,b14ca284b59bf38ecf51b73b7fa6c79b43ae8d79
human_maestro_0045,30s,human_maestro_v3,development,complete,computed,computed,eligible,eligible,unavailable_fewer_than_3_sections_or_downbeat_spans,audio/human_maestro_v3/originals/human_maestro_0045.wav,b14ca284b59bf38ecf51b73b7fa6c79b43ae8d79
human_maestro_0046,30s,human_maestro_v3,development,complete,computed,computed,eligible,eligible,unavailable_fewer_than_3_sections_or_downbeat_spans,audio/human_maestro_v3/originals/human_maestro_0046.wav,b14ca284b59bf38ecf51b73b7fa6c79b43ae8d79
human_maestro_0047,30s,human_maestro_v3,development,complete,computed,computed,eligible,eligible,unavailable_fewer_than_3_sections_or_downbeat_spans,audio/human_maestro_v3/originals/human_maestro_0047.wav,b14ca284b59bf38ecf51b73b7fa6c79b43ae8d79
human_maestro_0048,30s,human_maestro_v3,development,complete,computed,computed,eligible,eligible,unavailable_fewer_than_3_sections_or_downbeat_spans,audio/human_maestro_v3/originals/human_maestro_0048.wav,b14ca284b59bf38ecf51b73b7fa6c79b43ae8d79
human_maestro_0049,30s,human_maestro_v3,development,complete,computed,computed,eligible,eligible,unavailable_fewer_than_3_sections_or_downbeat_spans,audio/human_maestro_v3/originals/human_maestro_0049.wav,b14ca284b59bf38ecf51b73b7fa6c79b43ae8d79
human_maestro_0050,30s,human_maestro_v3,development,complete,computed,computed,eligible,eligible,unavailable_fewer_than_3_sections_or_downbeat_spans,audio/human_maestro_v3/originals/human_maestro_0050.wav,b14ca284b59bf38ecf51b73b7fa6c79b43ae8d79
human_maestro_0051,30s,human_maestro_v3,development,complete,computed,computed,eligible,eligible,unavailable_fewer_than_3_sections_or_downbeat_spans,audio/human_maestro_v3/originals/human_maestro_0051.wav,cc4ce5d83f800f1fef4946f59fca3f33ae1bb145
human_maestro_0052,30s,human_maestro_v3,development,complete,computed,computed,eligible,eligible,unavailable_fewer_than_3_sections_or_downbeat_spans,audio/human_maestro_v3/originals/human_maestro_0052.wav,cc4ce5d83f800f1fef4946f59fca3f33ae1bb145
human_maestro_0053,30s,human_maestro_v3,development,complete,computed,computed,eligible,eligible,unavailable_fewer_than_3_sections_or_downbeat_spans,audio/human_maestro_v3/originals/human_maestro_0053.wav,cc4ce5d83f800f1fef4946f59fca3f33ae1bb145
human_maestro_0054,30s,human_maestro_v3,development,complete,computed,computed,eligible,eligible,unavailable_fewer_than_3_sections_or_downbeat_spans,audio/human_maestro_v3/originals/human_maestro_0054.wav,cc4ce5d83f800f1fef4946f59fca3f33ae1bb145
human_maestro_0055,30s,human_maestro_v3,development,complete,computed,computed,eligible,eligible,unavailable_fewer_than_3_sections_or_downbeat_spans,audio/human_maestro_v3/originals/human_maestro_0055.wav,cc4ce5d83f800f1fef4946f59fca3f33ae1bb145
human_maestro_0056,30s,human_maestro_v3,development,complete,computed,computed,eligible,eligible,unavailable_fewer_than_3_sections_or_downbeat_spans,audio/human_maestro_v3/originals/human_maestro_0056.wav,cc4ce5d83f800f1fef4946f59fca3f33ae1bb145
human_maestro_0057,30s,human_maestro_v3,development,complete,computed,computed,eligible,eligible,eligible,audio/human_maestro_v3/originals/human_maestro_0057.wav,cc4ce5d83f800f1fef4946f59fca3f33ae1bb145
human_maestro_0058,30s,human_maestro_v3,development,complete,computed,computed,eligible,eligible,unavailable_fewer_than_3_sections_or_downbeat_spans,audio/human_maestro_v3/originals/human_maestro_0058.wav,cc4ce5d83f800f1fef4946f59fca3f33ae1bb145
human_maestro_0059,30s,human_maestro_v3,development,complete,computed,computed,eligible,eligible,unavailable_fewer_than_3_sections_or_downbeat_spans,audio/human_maestro_v3/originals/human_maestro_0059.wav,cc4ce5d83f800f1fef4946f59fca3f33ae1bb145
human_maestro_0060,30s,human_maestro_v3,development,complete,computed,computed,eligible,eligible,unavailable_fewer_than_3_sections_or_downbeat_spans,audio/human_maestro_v3/originals/human_maestro_0060.wav,cc4ce5d83f800f1fef4946f59fca3f33ae1bb145
human_maestro_0061,30s,human_maestro_v3,development,complete,computed,computed,eligible,eligible,unavailable_fewer_than_3_sections_or_downbeat_spans,audio/human_maestro_v3/originals/human_maestro_0061.wav,13e922d454d05d751d43994789c7c0d67939dd58
human_maestro_0062,30s,human_maestro_v3,development,complete,computed,computed,eligible,eligible,unavailable_fewer_than_3_sections_or_downbeat_spans,audio/human_maestro_v3/originals/human_maestro_0062.wav,13e922d454d05d751d43994789c7c0d67939dd58
human_maestro_0063,30s,human_maestro_v3,development,complete,computed,computed,eligible,eligible,unavailable_fewer_than_3_sections_or_downbeat_spans,audio/human_maestro_v3/originals/human_maestro_0063.wav,13e922d454d05d751d43994789c7c0d67939dd58
human_maestro_0064,30s,human_maestro_v3,development,complete,computed,computed,eligible,eligible,unavailable_fewer_than_3_sections_or_downbeat_spans,audio/human_maestro_v3/originals/human_maestro_0064.wav,13e922d454d05d751d43994789c7c0d67939dd58
human_maestro_0065,30s,human_maestro_v3,development,complete,computed,computed,eligible,eligible,unavailable_fewer_than_3_sections_or_downbeat_spans,audio/human_maestro_v3/originals/human_maestro_0065.wav,13e922d454d05d751d43994789c7c0d67939dd58
human_maestro_0066,30s,human_maestro_v3,development,complete,computed,computed,eligible,eligible,unavailable_fewer_than_3_sections_or_downbeat_spans,audio/human_maestro_v3/originals/human_maestro_0066.wav,13e922d454d05d751d43994789c7c0d67939dd58
human_maestro_0067,30s,human_maestro_v3,development,complete,computed,computed,eligible,eligible,unavailable_fewer_than_3_sections_or_downbeat_spans,audio/human_maestro_v3/originals/human_maestro_0067.wav,13e922d454d05d751d43994789c7c0d67939dd58
human_maestro_0068,30s,human_maestro_v3,development,complete,computed,computed,eligible,eligible,unavailable_fewer_than_3_sections_or_downbeat_spans,audio/human_maestro_v3/originals/human_maestro_0068.wav,13e922d454d05d751d43994789c7c0d67939dd58
human_maestro_0069,30s,human_maestro_v3,development,complete,computed,computed,eligible,eligible,unavailable_fewer_than_3_sections_or_downbeat_spans,audio/human_maestro_v3/originals/human_maestro_0069.wav,13e922d454d05d751d43994789c7c0d67939dd58
human_maestro_0070,30s,human_maestro_v3,development,complete,computed,computed,eligible,eligible,unavailable_fewer_than_3_sections_or_downbeat_spans,audio/human_maestro_v3/originals/human_maestro_0070.wav,13e922d454d05d751d43994789c7c0d67939dd58
human_maestro_0071,30s,human_maestro_v3,development,complete,computed,computed,eligible,eligible,unavailable_fewer_than_3_sections_or_downbeat_spans,audio/human_maestro_v3/originals/human_maestro_0071.wav,ca624962ac8c51dce656a9e0fe0b42c3f0960542
human_maestro_0072,30s,human_maestro_v3,development,complete,computed,computed,eligible,eligible,eligible,audio/human_maestro_v3/originals/human_maestro_0072.wav,ca624962ac8c51dce656a9e0fe0b42c3f0960542
human_maestro_0073,30s,human_maestro_v3,development,complete,computed,computed,eligible,eligible,unavailable_fewer_than_3_sections_or_downbeat_spans,audio/human_maestro_v3/originals/human_maestro_0073.wav,ca624962ac8c51dce656a9e0fe0b42c3f0960542
human_maestro_0074,30s,human_maestro_v3,development,complete,computed,computed,eligible,eligible,unavailable_fewer_than_3_sections_or_downbeat_spans,audio/human_maestro_v3/originals/human_maestro_0074.wav,ca624962ac8c51dce656a9e0fe0b42c3f0960542
human_maestro_0075,30s,human_maestro_v3,development,complete,computed,computed,eligible,eligible,unavailable_fewer_than_3_sections_or_downbeat_spans,audio/human_maestro_v3/originals/human_maestro_0075.wav,ca624962ac8c51dce656a9e0fe0b42c3f0960542
human_maestro_0076,30s,human_maestro_v3,development,complete,computed,computed,eligible,eligible,unavailable_fewer_than_3_sections_or_downbeat_spans,audio/human_maestro_v3/originals/human_maestro_0076.wav,ca624962ac8c51dce656a9e0fe0b42c3f0960542
human_maestro_0077,30s,human_maestro_v3,development,complete,computed,computed,eligible,eligible,unavailable_fewer_than_3_sections_or_downbeat_spans,audio/human_maestro_v3/originals/human_maestro_0077.wav,ca624962ac8c51dce656a9e0fe0b42c3f0960542
human_maestro_0078,30s,human_maestro_v3,development,complete,computed,computed,eligible,eligible,unavailable_fewer_than_3_sections_or_downbeat_spans,audio/human_maestro_v3/originals/human_maestro_0078.wav,ca624962ac8c51dce656a9e0fe0b42c3f0960542
human_maestro_0079,30s,human_maestro_v3,development,complete,computed,computed,eligible,eligible,unavailable_fewer_than_3_sections_or_downbeat_spans,audio/human_maestro_v3/originals/human_maestro_0079.wav,ca624962ac8c51dce656a9e0fe0b42c3f0960542
human_maestro_0080,30s,human_maestro_v3,development,complete,computed,computed,eligible,eligible,unavailable_fewer_than_3_sections_or_downbeat_spans,audio/human_maestro_v3/originals/human_maestro_0080.wav,ca624962ac8c51dce656a9e0fe0b42c3f0960542
human_maestro_0081,30s,human_maestro_v3,development,complete,computed,computed,eligible,eligible,unavailable_fewer_than_3_sections_or_downbeat_spans,audio/human_maestro_v3/originals/human_maestro_0081.wav,e836cf0752e3fdb55db7be79220aaf08f6858352
human_maestro_0082,30s,human_maestro_v3,development,complete,computed,computed,eligible,eligible,unavailable_fewer_than_3_sections_or_downbeat_spans,audio/human_maestro_v3/originals/human_maestro_0082.wav,e836cf0752e3fdb55db7be79220aaf08f6858352
human_maestro_0083,30s,human_maestro_v3,development,complete,computed,computed,eligible,eligible,unavailable_fewer_than_3_sections_or_downbeat_spans,audio/human_maestro_v3/originals/human_maestro_0083.wav,e836cf0752e3fdb55db7be79220aaf08f6858352
human_maestro_0084,30s,human_maestro_v3,development,complete,computed,computed,eligible,eligible,unavailable_fewer_than_3_sections_or_downbeat_spans,audio/human_maestro_v3/originals/human_maestro_0084.wav,e836cf0752e3fdb55db7be79220aaf08f6858352
human_maestro_0085,30s,human_maestro_v3,development,complete,computed,computed,eligible,eligible,unavailable_fewer_than_3_sections_or_downbeat_spans,audio/human_maestro_v3/originals/human_maestro_0085.wav,e836cf0752e3fdb55db7be79220aaf08f6858352
human_maestro_0086,30s,human_maestro_v3,development,complete,computed,computed,eligible,eligible,unavailable_fewer_than_3_sections_or_downbeat_spans,audio/human_maestro_v3/originals/human_maestro_0086.wav,e836cf0752e3fdb55db7be79220aaf08f6858352
human_maestro_0087,30s,human_maestro_v3,development,complete,computed,computed,eligible,eligible,unavailable_fewer_than_3_sections_or_downbeat_spans,audio/human_maestro_v3/originals/human_maestro_0087.wav,e836cf0752e3fdb55db7be79220aaf08f6858352
human_maestro_0088,30s,human_maestro_v3,development,complete,computed,computed,eligible,eligible,unavailable_fewer_than_3_sections_or_downbeat_spans,audio/human_maestro_v3/originals/human_maestro_0088.wav,e836cf0752e3fdb55db7be79220aaf08f6858352
human_maestro_0089,30s,human_maestro_v3,development,complete,computed,computed,eligible,eligible,unavailable_fewer_than_3_sections_or_downbeat_spans,audio/human_maestro_v3/originals/human_maestro_0089.wav,e836cf0752e3fdb55db7be79220aaf08f6858352
human_maestro_0090,30s,human_maestro_v3,development,complete,computed,computed,eligible,eligible,unavailable_fewer_than_3_sections_or_downbeat_spans,audio/human_maestro_v3/originals/human_maestro_0090.wav,e836cf0752e3fdb55db7be79220aaf08f6858352
human_maestro_0091,30s,human_maestro_v3,development,complete,computed,computed,eligible,eligible,unavailable_fewer_than_3_sections_or_downbeat_spans,audio/human_maestro_v3/originals/human_maestro_0091.wav,fd4d940e2016d06db971685d114c9295e715ed45
human_maestro_0092,30s,human_maestro_v3,development,complete,computed,computed,eligible,eligible,unavailable_fewer_than_3_sections_or_downbeat_spans,audio/human_maestro_v3/originals/human_maestro_0092.wav,fd4d940e2016d06db971685d114c9295e715ed45
human_maestro_0093,30s,human_maestro_v3,development,complete,computed,computed,eligible,eligible,unavailable_fewer_than_3_sections_or_downbeat_spans,audio/human_maestro_v3/originals/human_maestro_0093.wav,fd4d940e2016d06db971685d114c9295e715ed45
human_maestro_0094,30s,human_maestro_v3,development,complete,computed,computed,eligible,eligible,unavailable_fewer_than_3_sections_or_downbeat_spans,audio/human_maestro_v3/originals/human_maestro_0094.wav,fd4d940e2016d06db971685d114c9295e715ed45
human_maestro_0095,30s,human_maestro_v3,development,complete,computed,computed,eligible,eligible,unavailable_fewer_than_3_sections_or_downbeat_spans,audio/human_maestro_v3/originals/human_maestro_0095.wav,fd4d940e2016d06db971685d114c9295e715ed45
human_maestro_0096,30s,human_maestro_v3,development,complete,computed,computed,eligible,eligible,unavailable_fewer_than_3_sections_or_downbeat_spans,audio/human_maestro_v3/originals/human_maestro_0096.wav,fd4d940e2016d06db971685d114c9295e715ed45
human_maestro_0097,30s,human_maestro_v3,development,complete,computed,computed,eligible,eligible,unavailable_fewer_than_3_sections_or_downbeat_spans,audio/human_maestro_v3/originals/human_maestro_0097.wav,fd4d940e2016d06db971685d114c9295e715ed45
human_maestro_0098,30s,human_maestro_v3,development,complete,computed,computed,eligible,eligible,unavailable_fewer_than_3_sections_or_downbeat_spans,audio/human_maestro_v3/originals/human_maestro_0098.wav,fd4d940e2016d06db971685d114c9295e715ed45
human_maestro_0099,30s,human_maestro_v3,development,complete,computed,computed,eligible,eligible,unavailable_fewer_than_3_sections_or_downbeat_spans,audio/human_maestro_v3/originals/human_maestro_0099.wav,fd4d940e2016d06db971685d114c9295e715ed45
human_maestro_0100,30s,human_maestro_v3,development,complete,computed,computed,eligible,eligible,unavailable_fewer_than_3_sections_or_downbeat_spans,audio/human_maestro_v3/originals/human_maestro_0100.wav,fd4d940e2016d06db971685d114c9295e715ed45
human_maestro_0101,30s,human_maestro_v3,development,complete,computed,computed,eligible,eligible,unavailable_fewer_than_3_sections_or_downbeat_spans,audio/human_maestro_v3/originals/human_maestro_0101.wav,2c43f3242f43b94baccbb97b7faf9a9e3428957d
human_maestro_0102,30s,human_maestro_v3,development,complete,computed,computed,eligible,eligible,unavailable_fewer_than_3_sections_or_downbeat_spans,audio/human_maestro_v3/originals/human_maestro_0102.wav,2c43f3242f43b94baccbb97b7faf9a9e3428957d
human_maestro_0103,30s,human_maestro_v3,development,complete,computed,computed,eligible,eligible,unavailable_fewer_than_3_sections_or_downbeat_spans,audio/human_maestro_v3/originals/human_maestro_0103.wav,2c43f3242f43b94baccbb97b7faf9a9e3428957d
human_maestro_0104,30s,human_maestro_v3,development,complete,computed,computed,eligible,eligible,unavailable_fewer_than_3_sections_or_downbeat_spans,audio/human_maestro_v3/originals/human_maestro_0104.wav,2c43f3242f43b94baccbb97b7faf9a9e3428957d
human_maestro_0105,30s,human_maestro_v3,development,complete,computed,computed,eligible,eligible,unavailable_fewer_than_3_sections_or_downbeat_spans,audio/human_maestro_v3/originals/human_maestro_0105.wav,2c43f3242f43b94baccbb97b7faf9a9e3428957d
human_maestro_0106,30s,human_maestro_v3,development,complete,computed,computed,eligible,eligible,unavailable_fewer_than_3_sections_or_downbeat_spans,audio/human_maestro_v3/originals/human_maestro_0106.wav,2c43f3242f43b94baccbb97b7faf9a9e3428957d
human_maestro_0107,30s,human_maestro_v3,development,complete,computed,computed,eligible,eligible,unavailable_fewer_than_3_sections_or_downbeat_spans,audio/human_maestro_v3/originals/human_maestro_0107.wav,2c43f3242f43b94baccbb97b7faf9a9e3428957d
human_maestro_0108,30s,human_maestro_v3,development,complete,computed,computed,eligible,eligible,unavailable_fewer_than_3_sections_or_downbeat_spans,audio/human_maestro_v3/originals/human_maestro_0108.wav,2c43f3242f43b94baccbb97b7faf9a9e3428957d
human_maestro_0109,30s,human_maestro_v3,development,complete,computed,computed,eligible,eligible,unavailable_fewer_than_3_sections_or_downbeat_spans,audio/human_maestro_v3/originals/human_maestro_0109.wav,2c43f3242f43b94baccbb97b7faf9a9e3428957d
human_maestro_0110,30s,human_maestro_v3,development,complete,computed,computed,eligible,eligible,unavailable_fewer_than_3_sections_or_downbeat_spans,audio/human_maestro_v3/originals/human_maestro_0110.wav,2c43f3242f43b94baccbb97b7faf9a9e3428957d
human_maestro_0111,30s,human_maestro_v3,development,complete,computed,computed,eligible,eligible,unavailable_fewer_than_3_sections_or_downbeat_spans,audio/human_maestro_v3/originals/human_maestro_0111.wav,c3ce16a8e28d5171b577853c4733f56fb9cef92a
human_maestro_0112,30s,human_maestro_v3,development,complete,computed,computed,eligible,eligible,unavailable_fewer_than_3_sections_or_downbeat_spans,audio/human_maestro_v3/originals/human_maestro_0112.wav,c3ce16a8e28d5171b577853c4733f56fb9cef92a
human_maestro_0113,30s,human_maestro_v3,development,complete,computed,computed,eligible,eligible,unavailable_fewer_than_3_sections_or_downbeat_spans,audio/human_maestro_v3/originals/human_maestro_0113.wav,c3ce16a8e28d5171b577853c4733f56fb9cef92a
human_maestro_0114,30s,human_maestro_v3,development,complete,computed,computed,eligible,unavailable_fewer_than_16_beats_or_invalid_intervals,unavailable_fewer_than_3_sections_or_downbeat_spans,audio/human_maestro_v3/originals/human_maestro_0114.wav,c3ce16a8e28d5171b577853c4733f56fb9cef92a
human_maestro_0115,30s,human_maestro_v3,development,complete,computed,computed,eligible,eligible,unavailable_fewer_than_3_sections_or_downbeat_spans,audio/human_maestro_v3/originals/human_maestro_0115.wav,c3ce16a8e28d5171b577853c4733f56fb9cef92a
human_maestro_0116,30s,human_maestro_v3,development,complete,computed,computed,eligible,eligible,unavailable_fewer_than_3_sections_or_downbeat_spans,audio/human_maestro_v3/originals/human_maestro_0116.wav,c3ce16a8e28d5171b577853c4733f56fb9cef92a
human_maestro_0117,30s,human_maestro_v3,development,complete,computed,computed,eligible,eligible,unavailable_fewer_than_3_sections_or_downbeat_spans,audio/human_maestro_v3/originals/human_maestro_0117.wav,c3ce16a8e28d5171b577853c4733f56fb9cef92a
human_maestro_0118,30s,human_maestro_v3,development,complete,computed,computed,eligible,eligible,unavailable_fewer_than_3_sections_or_downbeat_spans,audio/human_maestro_v3/originals/human_maestro_0118.wav,c3ce16a8e28d5171b577853c4733f56fb9cef92a
human_maestro_0119,30s,human_maestro_v3,development,complete,computed,computed,eligible,eligible,unavailable_fewer_than_3_sections_or_downbeat_spans,audio/human_maestro_v3/originals/human_maestro_0119.wav,c3ce16a8e28d5171b577853c4733f56fb9cef92a
human_maestro_0120,30s,human_maestro_v3,development,complete,computed,computed,eligible,eligible,unavailable_fewer_than_3_sections_or_downbeat_spans,audio/human_maestro_v3/originals/human_maestro_0120.wav,c3ce16a8e28d5171b577853c4733f56fb9cef92a
human_maestro_0121,30s,human_maestro_v3,development,complete,computed,computed,eligible,eligible,unavailable_fewer_than_3_sections_or_downbeat_spans,audio/human_maestro_v3/originals/human_maestro_0121.wav,abfa0bfe2327aeff370ac080a2d0b4e7aef38632
human_maestro_0122,30s,human_maestro_v3,development,complete,computed,computed,eligible,eligible,unavailable_fewer_than_3_sections_or_downbeat_spans,audio/human_maestro_v3/originals/human_maestro_0122.wav,abfa0bfe2327aeff370ac080a2d0b4e7aef38632
human_maestro_0123,30s,human_maestro_v3,development,complete,computed,computed,eligible,eligible,unavailable_fewer_than_3_sections_or_downbeat_spans,audio/human_maestro_v3/originals/human_maestro_0123.wav,abfa0bfe2327aeff370ac080a2d0b4e7aef38632
human_maestro_0124,30s,human_maestro_v3,development,complete,computed,computed,eligible,eligible,unavailable_fewer_than_3_sections_or_downbeat_spans,audio/human_maestro_v3/originals/human_maestro_0124.wav,abfa0bfe2327aeff370ac080a2d0b4e7aef38632
human_maestro_0125,30s,human_maestro_v3,development,complete,computed,computed,eligible,eligible,unavailable_fewer_than_3_sections_or_downbeat_spans,audio/human_maestro_v3/originals/human_maestro_0125.wav,abfa0bfe2327aeff370ac080a2d0b4e7aef38632
human_maestro_0126,30s,human_maestro_v3,development,complete,computed,computed,eligible,eligible,unavailable_fewer_than_3_sections_or_downbeat_spans,audio/human_maestro_v3/originals/human_maestro_0126.wav,abfa0bfe2327aeff370ac080a2d0b4e7aef38632
human_maestro_0127,30s,human_maestro_v3,development,complete,computed,computed,eligible,eligible,unavailable_fewer_than_3_sections_or_downbeat_spans,audio/human_maestro_v3/originals/human_maestro_0127.wav,abfa0bfe2327aeff370ac080a2d0b4e7aef38632
human_maestro_0128,30s,human_maestro_v3,development,complete,computed,computed,eligible,eligible,unavailable_fewer_than_3_sections_or_downbeat_spans,audio/human_maestro_v3/originals/human_maestro_0128.wav,abfa0bfe2327aeff370ac080a2d0b4e7aef38632
human_maestro_0129,30s,human_maestro_v3,development,complete,computed,computed,eligible,eligible,unavailable_fewer_than_3_sections_or_downbeat_spans,audio/human_maestro_v3/originals/human_maestro_0129.wav,abfa0bfe2327aeff370ac080a2d0b4e7aef38632
human_maestro_0130,30s,human_maestro_v3,development,complete,computed,computed,eligible,eligible,unavailable_fewer_than_3_sections_or_downbeat_spans,audio/human_maestro_v3/originals/human_maestro_0130.wav,abfa0bfe2327aeff370ac080a2d0b4e7aef38632
human_maestro_0131,30s,human_maestro_v3,development,complete,computed,computed,eligible,eligible,unavailable_fewer_than_3_sections_or_downbeat_spans,audio/human_maestro_v3/originals/human_maestro_0131.wav,92c619b4251effdad00fbd0bbb5694ae9b0c77b3
human_maestro_0132,30s,human_maestro_v3,development,complete,computed,computed,eligible,eligible,unavailable_fewer_than_3_sections_or_downbeat_spans,audio/human_maestro_v3/originals/human_maestro_0132.wav,92c619b4251effdad00fbd0bbb5694ae9b0c77b3
human_maestro_0133,30s,human_maestro_v3,development,complete,computed,computed,eligible,eligible,unavailable_fewer_than_3_sections_or_downbeat_spans,audio/human_maestro_v3/originals/human_maestro_0133.wav,92c619b4251effdad00fbd0bbb5694ae9b0c77b3
human_maestro_0134,30s,human_maestro_v3,development,complete,computed,computed,eligible,eligible,unavailable_fewer_than_3_sections_or_downbeat_spans,audio/human_maestro_v3/originals/human_maestro_0134.wav,92c619b4251effdad00fbd0bbb5694ae9b0c77b3
human_maestro_0135,30s,human_maestro_v3,development,complete,computed,computed,eligible,eligible,unavailable_fewer_than_3_sections_or_downbeat_spans,audio/human_maestro_v3/originals/human_maestro_0135.wav,92c619b4251effdad00fbd0bbb5694ae9b0c77b3
human_maestro_0136,30s,human_maestro_v3,development,complete,computed,computed,eligible,eligible,unavailable_fewer_than_3_sections_or_downbeat_spans,audio/human_maestro_v3/originals/human_maestro_0136.wav,92c619b4251effdad00fbd0bbb5694ae9b0c77b3
human_maestro_0137,30s,human_maestro_v3,development,complete,computed,computed,eligible,eligible,unavailable_fewer_than_3_sections_or_downbeat_spans,audio/human_maestro_v3/originals/human_maestro_0137.wav,92c619b4251effdad00fbd0bbb5694ae9b0c77b3
human_maestro_0138,30s,human_maestro_v3,development,complete,computed,computed,eligible,eligible,unavailable_fewer_than_3_sections_or_downbeat_spans,audio/human_maestro_v3/originals/human_maestro_0138.wav,92c619b4251effdad00fbd0bbb5694ae9b0c77b3
human_maestro_0139,30s,human_maestro_v3,development,complete,computed,computed,eligible,unavailable_fewer_than_16_beats_or_invalid_intervals,unavailable_fewer_than_3_sections_or_downbeat_spans,audio/human_maestro_v3/originals/human_maestro_0139.wav,92c619b4251effdad00fbd0bbb5694ae9b0c77b3
human_maestro_0140,30s,human_maestro_v3,development,complete,computed,computed,eligible,eligible,unavailable_fewer_than_3_sections_or_downbeat_spans,audio/human_maestro_v3/originals/human_maestro_0140.wav,92c619b4251effdad00fbd0bbb5694ae9b0c77b3
human_maestro_0141,30s,human_maestro_v3,development,complete,computed,computed,eligible,eligible,unavailable_fewer_than_3_sections_or_downbeat_spans,audio/human_maestro_v3/originals/human_maestro_0141.wav,54ba6d1f93d99ddc53ecea5949b3d69876b89f0e
human_maestro_0142,30s,human_maestro_v3,development,complete,computed,computed,eligible,eligible,unavailable_fewer_than_3_sections_or_downbeat_spans,audio/human_maestro_v3/originals/human_maestro_0142.wav,54ba6d1f93d99ddc53ecea5949b3d69876b89f0e
human_maestro_0143,30s,human_maestro_v3,development,complete,computed,computed,eligible,eligible,unavailable_fewer_than_3_sections_or_downbeat_spans,audio/human_maestro_v3/originals/human_maestro_0143.wav,54ba6d1f93d99ddc53ecea5949b3d69876b89f0e
human_maestro_0144,30s,human_maestro_v3,development,complete,computed,computed,eligible,eligible,unavailable_fewer_than_3_sections_or_downbeat_spans,audio/human_maestro_v3/originals/human_maestro_0144.wav,54ba6d1f93d99ddc53ecea5949b3d69876b89f0e
human_maestro_0145,30s,human_maestro_v3,development,complete,computed,computed,eligible,eligible,unavailable_fewer_than_3_sections_or_downbeat_spans,audio/human_maestro_v3/originals/human_maestro_0145.wav,54ba6d1f93d99ddc53ecea5949b3d69876b89f0e
human_maestro_0146,30s,human_maestro_v3,development,complete,computed,computed,eligible,eligible,unavailable_fewer_than_3_sections_or_downbeat_spans,audio/human_maestro_v3/originals/human_maestro_0146.wav,54ba6d1f93d99ddc53ecea5949b3d69876b89f0e
human_maestro_0147,30s,human_maestro_v3,development,complete,computed,computed,eligible,eligible,unavailable_fewer_than_3_sections_or_downbeat_spans,audio/human_maestro_v3/originals/human_maestro_0147.wav,54ba6d1f93d99ddc53ecea5949b3d69876b89f0e
human_maestro_0148,30s,human_maestro_v3,development,complete,computed,computed,eligible,eligible,unavailable_fewer_than_3_sections_or_downbeat_spans,audio/human_maestro_v3/originals/human_maestro_0148.wav,54ba6d1f93d99ddc53ecea5949b3d69876b89f0e
human_maestro_0149,30s,human_maestro_v3,development,complete,computed,computed,eligible,eligible,unavailable_fewer_than_3_sections_or_downbeat_spans,audio/human_maestro_v3/originals/human_maestro_0149.wav,54ba6d1f93d99ddc53ecea5949b3d69876b89f0e
human_maestro_0150,30s,human_maestro_v3,development,complete,computed,computed,eligible,eligible,unavailable_fewer_than_3_sections_or_downbeat_spans,audio/human_maestro_v3/originals/human_maestro_0150.wav,54ba6d1f93d99ddc53ecea5949b3d69876b89f0e
human_maestro_0151,30s,human_maestro_v3,development,complete,computed,computed,eligible,eligible,unavailable_fewer_than_3_sections_or_downbeat_spans,audio/human_maestro_v3/originals/human_maestro_0151.wav,28dbaed8d946b6ef865ecb6255fb741be9fb459e
human_maestro_0152,30s,human_maestro_v3,development,complete,computed,computed,eligible,eligible,unavailable_fewer_than_3_sections_or_downbeat_spans,audio/human_maestro_v3/originals/human_maestro_0152.wav,28dbaed8d946b6ef865ecb6255fb741be9fb459e
human_maestro_0153,30s,human_maestro_v3,development,complete,computed,computed,eligible,eligible,unavailable_fewer_than_3_sections_or_downbeat_spans,audio/human_maestro_v3/originals/human_maestro_0153.wav,28dbaed8d946b6ef865ecb6255fb741be9fb459e
human_maestro_0154,30s,human_maestro_v3,development,complete,computed,computed,eligible,eligible,unavailable_fewer_than_3_sections_or_downbeat_spans,audio/human_maestro_v3/originals/human_maestro_0154.wav,28dbaed8d946b6ef865ecb6255fb741be9fb459e
human_maestro_0155,30s,human_maestro_v3,development,complete,computed,computed,eligible,eligible,unavailable_fewer_than_3_sections_or_downbeat_spans,audio/human_maestro_v3/originals/human_maestro_0155.wav,28dbaed8d946b6ef865ecb6255fb741be9fb459e
human_maestro_0156,30s,human_maestro_v3,development,complete,computed,computed,eligible,eligible,unavailable_fewer_than_3_sections_or_downbeat_spans,audio/human_maestro_v3/originals/human_maestro_0156.wav,28dbaed8d946b6ef865ecb6255fb741be9fb459e
human_maestro_0157,30s,human_maestro_v3,development,complete,computed,computed,eligible,eligible,unavailable_fewer_than_3_sections_or_downbeat_spans,audio/human_maestro_v3/originals/human_maestro_0157.wav,28dbaed8d946b6ef865ecb6255fb741be9fb459e
human_maestro_0158,30s,human_maestro_v3,development,complete,computed,computed,eligible,eligible,unavailable_fewer_than_3_sections_or_downbeat_spans,audio/human_maestro_v3/originals/human_maestro_0158.wav,28dbaed8d946b6ef865ecb6255fb741be9fb459e
human_maestro_0159,30s,human_maestro_v3,development,complete,computed,computed,eligible,eligible,unavailable_fewer_than_3_sections_or_downbeat_spans,audio/human_maestro_v3/originals/human_maestro_0159.wav,28dbaed8d946b6ef865ecb6255fb741be9fb459e
human_maestro_0160,30s,human_maestro_v3,development,complete,computed,computed,eligible,eligible,unavailable_fewer_than_3_sections_or_downbeat_spans,audio/human_maestro_v3/originals/human_maestro_0160.wav,28dbaed8d946b6ef865ecb6255fb741be9fb459e
human_maestro_0161,30s,human_maestro_v3,development,complete,computed,computed,eligible,eligible,unavailable_fewer_than_3_sections_or_downbeat_spans,audio/human_maestro_v3/originals/human_maestro_0161.wav,5acc3a13ba330b01baacbde7b06f01d803174c84
human_maestro_0162,30s,human_maestro_v3,development,complete,computed,computed,eligible,eligible,unavailable_fewer_than_3_sections_or_downbeat_spans,audio/human_maestro_v3/originals/human_maestro_0162.wav,5acc3a13ba330b01baacbde7b06f01d803174c84
human_maestro_0163,30s,human_maestro_v3,development,complete,computed,computed,eligible,eligible,unavailable_fewer_than_3_sections_or_downbeat_spans,audio/human_maestro_v3/originals/human_maestro_0163.wav,5acc3a13ba330b01baacbde7b06f01d803174c84
human_maestro_0164,30s,human_maestro_v3,development,complete,computed,computed,eligible,eligible,unavailable_fewer_than_3_sections_or_downbeat_spans,audio/human_maestro_v3/originals/human_maestro_0164.wav,5acc3a13ba330b01baacbde7b06f01d803174c84
human_maestro_0165,30s,human_maestro_v3,development,complete,computed,computed,eligible,eligible,unavailable_fewer_than_3_sections_or_downbeat_spans,audio/human_maestro_v3/originals/human_maestro_0165.wav,5acc3a13ba330b01baacbde7b06f01d803174c84
human_maestro_0166,30s,human_maestro_v3,development,complete,computed,computed,eligible,eligible,unavailable_fewer_than_3_sections_or_downbeat_spans,audio/human_maestro_v3/originals/human_maestro_0166.wav,5acc3a13ba330b01baacbde7b06f01d803174c84
human_maestro_0167,30s,human_maestro_v3,development,complete,computed,computed,eligible,eligible,unavailable_fewer_than_3_sections_or_downbeat_spans,audio/human_maestro_v3/originals/human_maestro_0167.wav,5acc3a13ba330b01baacbde7b06f01d803174c84
human_maestro_0168,30s,human_maestro_v3,development,complete,computed,computed,eligible,eligible,unavailable_fewer_than_3_sections_or_downbeat_spans,audio/human_maestro_v3/originals/human_maestro_0168.wav,5acc3a13ba330b01baacbde7b06f01d803174c84
human_maestro_0169,30s,human_maestro_v3,development,complete,computed,computed,eligible,eligible,unavailable_fewer_than_3_sections_or_downbeat_spans,audio/human_maestro_v3/originals/human_maestro_0169.wav,5acc3a13ba330b01baacbde7b06f01d803174c84
human_maestro_0170,30s,human_maestro_v3,development,complete,computed,computed,eligible,eligible,unavailable_fewer_than_3_sections_or_downbeat_spans,audio/human_maestro_v3/originals/human_maestro_0170.wav,5acc3a13ba330b01baacbde7b06f01d803174c84
human_maestro_0171,30s,human_maestro_v3,development,complete,computed,computed,eligible,eligible,unavailable_fewer_than_3_sections_or_downbeat_spans,audio/human_maestro_v3/originals/human_maestro_0171.wav,ff7297b9df54a44fb43503741aa4c9adc593bef4
human_maestro_0172,30s,human_maestro_v3,development,complete,computed,computed,eligible,eligible,unavailable_fewer_than_3_sections_or_downbeat_spans,audio/human_maestro_v3/originals/human_maestro_0172.wav,ff7297b9df54a44fb43503741aa4c9adc593bef4
human_maestro_0173,30s,human_maestro_v3,development,complete,computed,computed,eligible,eligible,unavailable_fewer_than_3_sections_or_downbeat_spans,audio/human_maestro_v3/originals/human_maestro_0173.wav,ff7297b9df54a44fb43503741aa4c9adc593bef4
human_maestro_0174,30s,human_maestro_v3,development,complete,computed,computed,eligible,eligible,unavailable_fewer_than_3_sections_or_downbeat_spans,audio/human_maestro_v3/originals/human_maestro_0174.wav,ff7297b9df54a44fb43503741aa4c9adc593bef4
human_maestro_0175,30s,human_maestro_v3,development,complete,computed,computed,eligible,eligible,unavailable_fewer_than_3_sections_or_downbeat_spans,audio/human_maestro_v3/originals/human_maestro_0175.wav,ff7297b9df54a44fb43503741aa4c9adc593bef4
human_maestro_0176,30s,human_maestro_v3,development,complete,computed,computed,eligible,eligible,unavailable_fewer_than_3_sections_or_downbeat_spans,audio/human_maestro_v3/originals/human_maestro_0176.wav,ff7297b9df54a44fb43503741aa4c9adc593bef4
human_maestro_0177,30s,human_maestro_v3,development,complete,computed,computed,eligible,eligible,unavailable_fewer_than_3_sections_or_downbeat_spans,audio/human_maestro_v3/originals/human_maestro_0177.wav,ff7297b9df54a44fb43503741aa4c9adc593bef4
human_maestro_0178,30s,human_maestro_v3,development,complete,computed,computed,eligible,eligible,unavailable_fewer_than_3_sections_or_downbeat_spans,audio/human_maestro_v3/originals/human_maestro_0178.wav,ff7297b9df54a44fb43503741aa4c9adc593bef4
human_maestro_0179,30s,human_maestro_v3,development,complete,computed,computed,eligible,eligible,unavailable_fewer_than_3_sections_or_downbeat_spans,audio/human_maestro_v3/originals/human_maestro_0179.wav,ff7297b9df54a44fb43503741aa4c9adc593bef4
human_maestro_0180,30s,human_maestro_v3,development,complete,computed,computed,eligible,eligible,unavailable_fewer_than_3_sections_or_downbeat_spans,audio/human_maestro_v3/originals/human_maestro_0180.wav,ff7297b9df54a44fb43503741aa4c9adc593bef4
human_maestro_0181,30s,human_maestro_v3,development,complete,computed,computed,eligible,eligible,unavailable_fewer_than_3_sections_or_downbeat_spans,audio/human_maestro_v3/originals/human_maestro_0181.wav,37f5c6fec602f9e1d33938c57ada95d4d3700692
human_maestro_0182,30s,human_maestro_v3,development,complete,computed,computed,eligible,unavailable_fewer_than_16_beats_or_invalid_intervals,unavailable_fewer_than_3_sections_or_downbeat_spans,audio/human_maestro_v3/originals/human_maestro_0182.wav,37f5c6fec602f9e1d33938c57ada95d4d3700692
human_maestro_0183,30s,human_maestro_v3,development,complete,computed,computed,eligible,eligible,unavailable_fewer_than_3_sections_or_downbeat_spans,audio/human_maestro_v3/originals/human_maestro_0183.wav,37f5c6fec602f9e1d33938c57ada95d4d3700692
human_maestro_0184,30s,human_maestro_v3,development,complete,computed,computed,eligible,eligible,unavailable_fewer_than_3_sections_or_downbeat_spans,audio/human_maestro_v3/originals/human_maestro_0184.wav,37f5c6fec602f9e1d33938c57ada95d4d3700692
human_maestro_0185,30s,human_maestro_v3,development,complete,computed,computed,eligible,eligible,unavailable_fewer_than_3_sections_or_downbeat_spans,audio/human_maestro_v3/originals/human_maestro_0185.wav,37f5c6fec602f9e1d33938c57ada95d4d3700692
human_maestro_0186,30s,human_maestro_v3,development,complete,computed,computed,eligible,eligible,unavailable_fewer_than_3_sections_or_downbeat_spans,audio/human_maestro_v3/originals/human_maestro_0186.wav,37f5c6fec602f9e1d33938c57ada95d4d3700692
human_maestro_0187,30s,human_maestro_v3,development,complete,computed,computed,eligible,eligible,eligible,audio/human_maestro_v3/originals/human_maestro_0187.wav,37f5c6fec602f9e1d33938c57ada95d4d3700692
human_maestro_0188,30s,human_maestro_v3,development,complete,computed,computed,eligible,eligible,unavailable_fewer_than_3_sections_or_downbeat_spans,audio/human_maestro_v3/originals/human_maestro_0188.wav,37f5c6fec602f9e1d33938c57ada95d4d3700692
human_maestro_0189,30s,human_maestro_v3,development,complete,computed,computed,eligible,eligible,unavailable_fewer_than_3_sections_or_downbeat_spans,audio/human_maestro_v3/originals/human_maestro_0189.wav,37f5c6fec602f9e1d33938c57ada95d4d3700692
human_maestro_0190,30s,human_maestro_v3,development,complete,computed,computed,eligible,eligible,unavailable_fewer_than_3_sections_or_downbeat_spans,audio/human_maestro_v3/originals/human_maestro_0190.wav,37f5c6fec602f9e1d33938c57ada95d4d3700692
human_maestro_0191,30s,human_maestro_v3,development,complete,computed,computed,eligible,eligible,unavailable_fewer_than_3_sections_or_downbeat_spans,audio/human_maestro_v3/originals/human_maestro_0191.wav,db89189d61a215f284cd5077d8e522b1f5020f4e
human_maestro_0192,30s,human_maestro_v3,development,complete,computed,computed,eligible,eligible,unavailable_fewer_than_3_sections_or_downbeat_spans,audio/human_maestro_v3/originals/human_maestro_0192.wav,db89189d61a215f284cd5077d8e522b1f5020f4e
human_maestro_0193,30s,human_maestro_v3,development,complete,computed,computed,eligible,eligible,unavailable_fewer_than_3_sections_or_downbeat_spans,audio/human_maestro_v3/originals/human_maestro_0193.wav,db89189d61a215f284cd5077d8e522b1f5020f4e
human_maestro_0194,30s,human_maestro_v3,development,complete,computed,computed,eligible,eligible,unavailable_fewer_than_3_sections_or_downbeat_spans,audio/human_maestro_v3/originals/human_maestro_0194.wav,db89189d61a215f284cd5077d8e522b1f5020f4e
human_maestro_0195,30s,human_maestro_v3,development,complete,computed,computed,eligible,eligible,unavailable_fewer_than_3_sections_or_downbeat_spans,audio/human_maestro_v3/originals/human_maestro_0195.wav,db89189d61a215f284cd5077d8e522b1f5020f4e
human_maestro_0196,30s,human_maestro_v3,development,complete,computed,computed,eligible,eligible,unavailable_fewer_than_3_sections_or_downbeat_spans,audio/human_maestro_v3/originals/human_maestro_0196.wav,db89189d61a215f284cd5077d8e522b1f5020f4e
human_maestro_0197,30s,human_maestro_v3,development,complete,computed,computed,eligible,eligible,unavailable_fewer_than_3_sections_or_downbeat_spans,audio/human_maestro_v3/originals/human_maestro_0197.wav,db89189d61a215f284cd5077d8e522b1f5020f4e
human_maestro_0198,30s,human_maestro_v3,development,complete,computed,computed,eligible,eligible,unavailable_fewer_than_3_sections_or_downbeat_spans,audio/human_maestro_v3/originals/human_maestro_0198.wav,db89189d61a215f284cd5077d8e522b1f5020f4e
human_maestro_0199,30s,human_maestro_v3,development,complete,computed,computed,eligible,eligible,unavailable_fewer_than_3_sections_or_downbeat_spans,audio/human_maestro_v3/originals/human_maestro_0199.wav,db89189d61a215f284cd5077d8e522b1f5020f4e
human_maestro_0200,30s,human_maestro_v3,development,complete,computed,computed,eligible,eligible,unavailable_fewer_than_3_sections_or_downbeat_spans,audio/human_maestro_v3/originals/human_maestro_0200.wav,db89189d61a215f284cd5077d8e522b1f5020f4e
human_maestro_0201,30s,human_maestro_v3,development,complete,computed,computed,eligible,eligible,unavailable_fewer_than_3_sections_or_downbeat_spans,audio/human_maestro_v3/originals/human_maestro_0201.wav,cbe7bf65299e127487e63f2c0b777bedb5f0538d
human_maestro_0202,30s,human_maestro_v3,development,complete,computed,computed,eligible,eligible,unavailable_fewer_than_3_sections_or_downbeat_spans,audio/human_maestro_v3/originals/human_maestro_0202.wav,cbe7bf65299e127487e63f2c0b777bedb5f0538d
human_maestro_0203,30s,human_maestro_v3,development,complete,computed,computed,eligible,eligible,unavailable_fewer_than_3_sections_or_downbeat_spans,audio/human_maestro_v3/originals/human_maestro_0203.wav,cbe7bf65299e127487e63f2c0b777bedb5f0538d
human_maestro_0204,30s,human_maestro_v3,development,complete,computed,computed,eligible,eligible,unavailable_fewer_than_3_sections_or_downbeat_spans,audio/human_maestro_v3/originals/human_maestro_0204.wav,cbe7bf65299e127487e63f2c0b777bedb5f0538d
human_maestro_0205,30s,human_maestro_v3,development,complete,computed,computed,eligible,eligible,unavailable_fewer_than_3_sections_or_downbeat_spans,audio/human_maestro_v3/originals/human_maestro_0205.wav,cbe7bf65299e127487e63f2c0b777bedb5f0538d
human_maestro_0206,30s,human_maestro_v3,development,complete,computed,computed,eligible,eligible,unavailable_fewer_than_3_sections_or_downbeat_spans,audio/human_maestro_v3/originals/human_maestro_0206.wav,cbe7bf65299e127487e63f2c0b777bedb5f0538d
human_maestro_0207,30s,human_maestro_v3,development,complete,computed,computed,eligible,eligible,unavailable_fewer_than_3_sections_or_downbeat_spans,audio/human_maestro_v3/originals/human_maestro_0207.wav,cbe7bf65299e127487e63f2c0b777bedb5f0538d
human_maestro_0208,30s,human_maestro_v3,development,complete,computed,computed,eligible,eligible,unavailable_fewer_than_3_sections_or_downbeat_spans,audio/human_maestro_v3/originals/human_maestro_0208.wav,cbe7bf65299e127487e63f2c0b777bedb5f0538d
human_maestro_0209,30s,human_maestro_v3,development,complete,computed,computed,eligible,eligible,unavailable_fewer_than_3_sections_or_downbeat_spans,audio/human_maestro_v3/originals/human_maestro_0209.wav,cbe7bf65299e127487e63f2c0b777bedb5f0538d
human_maestro_0210,30s,human_maestro_v3,development,complete,computed,computed,eligible,eligible,unavailable_fewer_than_3_sections_or_downbeat_spans,audio/human_maestro_v3/originals/human_maestro_0210.wav,cbe7bf65299e127487e63f2c0b777bedb5f0538d
human_maestro_0211,30s,human_maestro_v3,development,complete,computed,computed,eligible,eligible,unavailable_fewer_than_3_sections_or_downbeat_spans,audio/human_maestro_v3/originals/human_maestro_0211.wav,77a40556d208c33742e8c025d2b1403442c857b4
human_maestro_0212,30s,human_maestro_v3,development,complete,computed,computed,eligible,eligible,unavailable_fewer_than_3_sections_or_downbeat_spans,audio/human_maestro_v3/originals/human_maestro_0212.wav,77a40556d208c33742e8c025d2b1403442c857b4
human_maestro_0213,30s,human_maestro_v3,development,complete,computed,computed,eligible,eligible,unavailable_fewer_than_3_sections_or_downbeat_spans,audio/human_maestro_v3/originals/human_maestro_0213.wav,77a40556d208c33742e8c025d2b1403442c857b4
human_maestro_0214,30s,human_maestro_v3,development,complete,computed,computed,eligible,eligible,unavailable_fewer_than_3_sections_or_downbeat_spans,audio/human_maestro_v3/originals/human_maestro_0214.wav,77a40556d208c33742e8c025d2b1403442c857b4
human_maestro_0215,30s,human_maestro_v3,development,complete,computed,computed,eligible,eligible,unavailable_fewer_than_3_sections_or_downbeat_spans,audio/human_maestro_v3/originals/human_maestro_0215.wav,77a40556d208c33742e8c025d2b1403442c857b4
human_maestro_0216,30s,human_maestro_v3,development,complete,computed,computed,eligible,eligible,unavailable_fewer_than_3_sections_or_downbeat_spans,audio/human_maestro_v3/originals/human_maestro_0216.wav,77a40556d208c33742e8c025d2b1403442c857b4
human_maestro_0217,30s,human_maestro_v3,development,complete,computed,computed,eligible,eligible,unavailable_fewer_than_3_sections_or_downbeat_spans,audio/human_maestro_v3/originals/human_maestro_0217.wav,77a40556d208c33742e8c025d2b1403442c857b4
human_maestro_0218,30s,human_maestro_v3,development,complete,computed,computed,eligible,eligible,unavailable_fewer_than_3_sections_or_downbeat_spans,audio/human_maestro_v3/originals/human_maestro_0218.wav,77a40556d208c33742e8c025d2b1403442c857b4
human_maestro_0219,30s,human_maestro_v3,development,complete,computed,computed,eligible,unavailable_fewer_than_16_beats_or_invalid_intervals,unavailable_fewer_than_3_sections_or_downbeat_spans,audio/human_maestro_v3/originals/human_maestro_0219.wav,77a40556d208c33742e8c025d2b1403442c857b4
human_maestro_0220,30s,human_maestro_v3,development,complete,computed,computed,eligible,eligible,unavailable_fewer_than_3_sections_or_downbeat_spans,audio/human_maestro_v3/originals/human_maestro_0220.wav,77a40556d208c33742e8c025d2b1403442c857b4
human_maestro_0221,30s,human_maestro_v3,development,complete,computed,computed,eligible,eligible,unavailable_fewer_than_3_sections_or_downbeat_spans,audio/human_maestro_v3/originals/human_maestro_0221.wav,1bab6cfe51ba508120a040bcf740efbf17f5bebd
human_maestro_0222,30s,human_maestro_v3,development,complete,computed,computed,eligible,eligible,unavailable_fewer_than_3_sections_or_downbeat_spans,audio/human_maestro_v3/originals/human_maestro_0222.wav,1bab6cfe51ba508120a040bcf740efbf17f5bebd
human_maestro_0223,30s,human_maestro_v3,development,complete,computed,computed,eligible,eligible,unavailable_fewer_than_3_sections_or_downbeat_spans,audio/human_maestro_v3/originals/human_maestro_0223.wav,1bab6cfe51ba508120a040bcf740efbf17f5bebd
human_maestro_0224,30s,human_maestro_v3,development,complete,computed,computed,eligible,unavailable_fewer_than_16_beats_or_invalid_intervals,unavailable_fewer_than_3_sections_or_downbeat_spans,audio/human_maestro_v3/originals/human_maestro_0224.wav,1bab6cfe51ba508120a040bcf740efbf17f5bebd
human_maestro_0225,30s,human_maestro_v3,development,complete,computed,computed,eligible,eligible,unavailable_fewer_than_3_sections_or_downbeat_spans,audio/human_maestro_v3/originals/human_maestro_0225.wav,1bab6cfe51ba508120a040bcf740efbf17f5bebd
human_maestro_0226,30s,human_maestro_v3,development,complete,computed,computed,eligible,eligible,unavailable_fewer_than_3_sections_or_downbeat_spans,audio/human_maestro_v3/originals/human_maestro_0226.wav,1bab6cfe51ba508120a040bcf740efbf17f5bebd
human_maestro_0227,30s,human_maestro_v3,development,complete,computed,computed,eligible,eligible,unavailable_fewer_than_3_sections_or_downbeat_spans,audio/human_maestro_v3/originals/human_maestro_0227.wav,1bab6cfe51ba508120a040bcf740efbf17f5bebd
human_maestro_0228,30s,human_maestro_v3,development,complete,computed,computed,eligible,eligible,unavailable_fewer_than_3_sections_or_downbeat_spans,audio/human_maestro_v3/originals/human_maestro_0228.wav,1bab6cfe51ba508120a040bcf740efbf17f5bebd
human_maestro_0229,30s,human_maestro_v3,development,complete,computed,computed,eligible,eligible,unavailable_fewer_than_3_sections_or_downbeat_spans,audio/human_maestro_v3/originals/human_maestro_0229.wav,1bab6cfe51ba508120a040bcf740efbf17f5bebd
human_maestro_0230,30s,human_maestro_v3,development,complete,computed,computed,eligible,eligible,unavailable_fewer_than_3_sections_or_downbeat_spans,audio/human_maestro_v3/originals/human_maestro_0230.wav,1bab6cfe51ba508120a040bcf740efbf17f5bebd
human_maestro_0231,30s,human_maestro_v3,development,complete,computed,computed,eligible,eligible,unavailable_fewer_than_3_sections_or_downbeat_spans,audio/human_maestro_v3/originals/human_maestro_0231.wav,f44d3bf4c3370bc64c93997800ed36f0c20fe08d
human_maestro_0232,30s,human_maestro_v3,development,complete,computed,computed,eligible,eligible,unavailable_fewer_than_3_sections_or_downbeat_spans,audio/human_maestro_v3/originals/human_maestro_0232.wav,f44d3bf4c3370bc64c93997800ed36f0c20fe08d
human_maestro_0233,30s,human_maestro_v3,development,complete,computed,computed,eligible,eligible,unavailable_fewer_than_3_sections_or_downbeat_spans,audio/human_maestro_v3/originals/human_maestro_0233.wav,f44d3bf4c3370bc64c93997800ed36f0c20fe08d
human_maestro_0234,30s,human_maestro_v3,development,complete,computed,computed,eligible,eligible,unavailable_fewer_than_3_sections_or_downbeat_spans,audio/human_maestro_v3/originals/human_maestro_0234.wav,f44d3bf4c3370bc64c93997800ed36f0c20fe08d
human_maestro_0235,30s,human_maestro_v3,development,complete,computed,computed,eligible,eligible,unavailable_fewer_than_3_sections_or_downbeat_spans,audio/human_maestro_v3/originals/human_maestro_0235.wav,f44d3bf4c3370bc64c93997800ed36f0c20fe08d
human_maestro_0236,30s,human_maestro_v3,development,complete,computed,computed,eligible,eligible,unavailable_fewer_than_3_sections_or_downbeat_spans,audio/human_maestro_v3/originals/human_maestro_0236.wav,f44d3bf4c3370bc64c93997800ed36f0c20fe08d
human_maestro_0237,30s,human_maestro_v3,development,complete,computed,computed,eligible,eligible,unavailable_fewer_than_3_sections_or_downbeat_spans,audio/human_maestro_v3/originals/human_maestro_0237.wav,f44d3bf4c3370bc64c93997800ed36f0c20fe08d
human_maestro_0238,30s,human_maestro_v3,development,complete,computed,computed,eligible,eligible,unavailable_fewer_than_3_sections_or_downbeat_spans,audio/human_maestro_v3/originals/human_maestro_0238.wav,f44d3bf4c3370bc64c93997800ed36f0c20fe08d
human_maestro_0239,30s,human_maestro_v3,development,complete,computed,computed,eligible,eligible,unavailable_fewer_than_3_sections_or_downbeat_spans,audio/human_maestro_v3/originals/human_maestro_0239.wav,f44d3bf4c3370bc64c93997800ed36f0c20fe08d
human_maestro_0240,30s,human_maestro_v3,development,complete,computed,computed,eligible,eligible,unavailable_fewer_than_3_sections_or_downbeat_spans,audio/human_maestro_v3/originals/human_maestro_0240.wav,f44d3bf4c3370bc64c93997800ed36f0c20fe08d
human_maestro_0241,30s,human_maestro_v3,development,complete,computed,computed,eligible,eligible,unavailable_fewer_than_3_sections_or_downbeat_spans,audio/human_maestro_v3/originals/human_maestro_0241.wav,5358825ad141ad14ad6f4379c1ed17a974c2c1de
human_maestro_0242,30s,human_maestro_v3,development,complete,computed,computed,eligible,eligible,unavailable_fewer_than_3_sections_or_downbeat_spans,audio/human_maestro_v3/originals/human_maestro_0242.wav,5358825ad141ad14ad6f4379c1ed17a974c2c1de
human_maestro_0243,30s,human_maestro_v3,development,complete,computed,computed,eligible,eligible,unavailable_fewer_than_3_sections_or_downbeat_spans,audio/human_maestro_v3/originals/human_maestro_0243.wav,5358825ad141ad14ad6f4379c1ed17a974c2c1de
human_maestro_0244,30s,human_maestro_v3,development,complete,computed,computed,eligible,eligible,unavailable_fewer_than_3_sections_or_downbeat_spans,audio/human_maestro_v3/originals/human_maestro_0244.wav,5358825ad141ad14ad6f4379c1ed17a974c2c1de
human_maestro_0245,30s,human_maestro_v3,development,complete,computed,computed,eligible,eligible,unavailable_fewer_than_3_sections_or_downbeat_spans,audio/human_maestro_v3/originals/human_maestro_0245.wav,5358825ad141ad14ad6f4379c1ed17a974c2c1de
human_maestro_0246,30s,human_maestro_v3,development,complete,computed,computed,eligible,eligible,unavailable_fewer_than_3_sections_or_downbeat_spans,audio/human_maestro_v3/originals/human_maestro_0246.wav,5358825ad141ad14ad6f4379c1ed17a974c2c1de
human_maestro_0247,30s,human_maestro_v3,development,complete,computed,computed,eligible,eligible,unavailable_fewer_than_3_sections_or_downbeat_spans,audio/human_maestro_v3/originals/human_maestro_0247.wav,5358825ad141ad14ad6f4379c1ed17a974c2c1de
human_maestro_0248,30s,human_maestro_v3,development,complete,computed,computed,eligible,eligible,unavailable_fewer_than_3_sections_or_downbeat_spans,audio/human_maestro_v3/originals/human_maestro_0248.wav,5358825ad141ad14ad6f4379c1ed17a974c2c1de
human_maestro_0249,30s,human_maestro_v3,development,complete,computed,computed,eligible,eligible,unavailable_fewer_than_3_sections_or_downbeat_spans,audio/human_maestro_v3/originals/human_maestro_0249.wav,5358825ad141ad14ad6f4379c1ed17a974c2c1de
human_maestro_0250,30s,human_maestro_v3,development,complete,computed,computed,eligible,eligible,unavailable_fewer_than_3_sections_or_downbeat_spans,audio/human_maestro_v3/originals/human_maestro_0250.wav,5358825ad141ad14ad6f4379c1ed17a974c2c1de
human_maestro_0251,30s,human_maestro_v3,development,complete,computed,computed,eligible,eligible,unavailable_fewer_than_3_sections_or_downbeat_spans,audio/human_maestro_v3/originals/human_maestro_0251.wav,caa7b40414ea14bccce92e905d3127fcbcf65d10
human_maestro_0252,30s,human_maestro_v3,development,complete,computed,computed,eligible,eligible,eligible,audio/human_maestro_v3/originals/human_maestro_0252.wav,caa7b40414ea14bccce92e905d3127fcbcf65d10
human_maestro_0253,30s,human_maestro_v3,development,complete,computed,computed,eligible,eligible,unavailable_fewer_than_3_sections_or_downbeat_spans,audio/human_maestro_v3/originals/human_maestro_0253.wav,caa7b40414ea14bccce92e905d3127fcbcf65d10
human_maestro_0254,30s,human_maestro_v3,development,complete,computed,computed,eligible,eligible,unavailable_fewer_than_3_sections_or_downbeat_spans,audio/human_maestro_v3/originals/human_maestro_0254.wav,caa7b40414ea14bccce92e905d3127fcbcf65d10
human_maestro_0255,30s,human_maestro_v3,development,complete,computed,computed,eligible,eligible,unavailable_fewer_than_3_sections_or_downbeat_spans,audio/human_maestro_v3/originals/human_maestro_0255.wav,caa7b40414ea14bccce92e905d3127fcbcf65d10
human_maestro_0256,30s,human_maestro_v3,development,complete,computed,computed,eligible,eligible,unavailable_fewer_than_3_sections_or_downbeat_spans,audio/human_maestro_v3/originals/human_maestro_0256.wav,caa7b40414ea14bccce92e905d3127fcbcf65d10
human_maestro_0257,30s,human_maestro_v3,development,complete,computed,computed,eligible,eligible,unavailable_fewer_than_3_sections_or_downbeat_spans,audio/human_maestro_v3/originals/human_maestro_0257.wav,caa7b40414ea14bccce92e905d3127fcbcf65d10
human_maestro_0258,30s,human_maestro_v3,development,complete,computed,computed,eligible,eligible,unavailable_fewer_than_3_sections_or_downbeat_spans,audio/human_maestro_v3/originals/human_maestro_0258.wav,caa7b40414ea14bccce92e905d3127fcbcf65d10
human_maestro_0259,30s,human_maestro_v3,development,complete,computed,computed,eligible,eligible,unavailable_fewer_than_3_sections_or_downbeat_spans,audio/human_maestro_v3/originals/human_maestro_0259.wav,caa7b40414ea14bccce92e905d3127fcbcf65d10
human_maestro_0260,30s,human_maestro_v3,development,complete,computed,computed,eligible,eligible,unavailable_fewer_than_3_sections_or_downbeat_spans,audio/human_maestro_v3/originals/human_maestro_0260.wav,caa7b40414ea14bccce92e905d3127fcbcf65d10
human_maestro_0261,30s,human_maestro_v3,development,complete,computed,computed,eligible,eligible,unavailable_fewer_than_3_sections_or_downbeat_spans,audio/human_maestro_v3/originals/human_maestro_0261.wav,3f714e4ae269dce2146359dacc2686f4d3652720
human_maestro_0262,30s,human_maestro_v3,development,complete,computed,computed,eligible,eligible,unavailable_fewer_than_3_sections_or_downbeat_spans,audio/human_maestro_v3/originals/human_maestro_0262.wav,3f714e4ae269dce2146359dacc2686f4d3652720
human_maestro_0263,30s,human_maestro_v3,development,complete,computed,computed,eligible,eligible,unavailable_fewer_than_3_sections_or_downbeat_spans,audio/human_maestro_v3/originals/human_maestro_0263.wav,3f714e4ae269dce2146359dacc2686f4d3652720
human_maestro_0264,30s,human_maestro_v3,development,complete,computed,computed,eligible,unavailable_fewer_than_16_beats_or_invalid_intervals,eligible,audio/human_maestro_v3/originals/human_maestro_0264.wav,3f714e4ae269dce2146359dacc2686f4d3652720
human_maestro_0265,30s,human_maestro_v3,development,complete,computed,computed,eligible,eligible,unavailable_fewer_than_3_sections_or_downbeat_spans,audio/human_maestro_v3/originals/human_maestro_0265.wav,3f714e4ae269dce2146359dacc2686f4d3652720
human_maestro_0266,30s,human_maestro_v3,development,complete,computed,computed,eligible,eligible,unavailable_fewer_than_3_sections_or_downbeat_spans,audio/human_maestro_v3/originals/human_maestro_0266.wav,3f714e4ae269dce2146359dacc2686f4d3652720
human_maestro_0267,30s,human_maestro_v3,development,complete,computed,computed,eligible,eligible,unavailable_fewer_than_3_sections_or_downbeat_spans,audio/human_maestro_v3/originals/human_maestro_0267.wav,3f714e4ae269dce2146359dacc2686f4d3652720
human_maestro_0268,30s,human_maestro_v3,development,complete,computed,computed,eligible,eligible,unavailable_fewer_than_3_sections_or_downbeat_spans,audio/human_maestro_v3/originals/human_maestro_0268.wav,3f714e4ae269dce2146359dacc2686f4d3652720
human_maestro_0269,30s,human_maestro_v3,development,complete,computed,computed,eligible,eligible,unavailable_fewer_than_3_sections_or_downbeat_spans,audio/human_maestro_v3/originals/human_maestro_0269.wav,3f714e4ae269dce2146359dacc2686f4d3652720
human_maestro_0270,30s,human_maestro_v3,development,complete,computed,computed,eligible,eligible,unavailable_fewer_than_3_sections_or_downbeat_spans,audio/human_maestro_v3/originals/human_maestro_0270.wav,3f714e4ae269dce2146359dacc2686f4d3652720
human_maestro_0271,30s,human_maestro_v3,development,complete,computed,computed,eligible,eligible,unavailable_fewer_than_3_sections_or_downbeat_spans,audio/human_maestro_v3/originals/human_maestro_0271.wav,4ae00a94f66e4a3264ccc31830ba1a07e838ff2b
human_maestro_0272,30s,human_maestro_v3,development,complete,computed,computed,eligible,eligible,unavailable_fewer_than_3_sections_or_downbeat_spans,audio/human_maestro_v3/originals/human_maestro_0272.wav,4ae00a94f66e4a3264ccc31830ba1a07e838ff2b
human_maestro_0273,30s,human_maestro_v3,development,complete,computed,computed,eligible,eligible,unavailable_fewer_than_3_sections_or_downbeat_spans,audio/human_maestro_v3/originals/human_maestro_0273.wav,4ae00a94f66e4a3264ccc31830ba1a07e838ff2b
human_maestro_0274,30s,human_maestro_v3,development,complete,computed,computed,eligible,eligible,unavailable_fewer_than_3_sections_or_downbeat_spans,audio/human_maestro_v3/originals/human_maestro_0274.wav,4ae00a94f66e4a3264ccc31830ba1a07e838ff2b
human_maestro_0275,30s,human_maestro_v3,development,complete,computed,computed,eligible,eligible,unavailable_fewer_than_3_sections_or_downbeat_spans,audio/human_maestro_v3/originals/human_maestro_0275.wav,4ae00a94f66e4a3264ccc31830ba1a07e838ff2b
human_maestro_0276,30s,human_maestro_v3,development,complete,computed,computed,eligible,eligible,unavailable_fewer_than_3_sections_or_downbeat_spans,audio/human_maestro_v3/originals/human_maestro_0276.wav,4ae00a94f66e4a3264ccc31830ba1a07e838ff2b
human_maestro_0277,30s,human_maestro_v3,development,complete,computed,computed,eligible,unavailable_fewer_than_16_beats_or_invalid_intervals,unavailable_fewer_than_3_sections_or_downbeat_spans,audio/human_maestro_v3/originals/human_maestro_0277.wav,4ae00a94f66e4a3264ccc31830ba1a07e838ff2b
human_maestro_0278,30s,human_maestro_v3,development,complete,computed,computed,eligible,eligible,unavailable_fewer_than_3_sections_or_downbeat_spans,audio/human_maestro_v3/originals/human_maestro_0278.wav,4ae00a94f66e4a3264ccc31830ba1a07e838ff2b
human_maestro_0279,30s,human_maestro_v3,development,complete,computed,computed,eligible,eligible,unavailable_fewer_than_3_sections_or_downbeat_spans,audio/human_maestro_v3/originals/human_maestro_0279.wav,4ae00a94f66e4a3264ccc31830ba1a07e838ff2b
human_maestro_0280,30s,human_maestro_v3,development,complete,computed,computed,eligible,eligible,unavailable_fewer_than_3_sections_or_downbeat_spans,audio/human_maestro_v3/originals/human_maestro_0280.wav,4ae00a94f66e4a3264ccc31830ba1a07e838ff2b
human_maestro_0281,30s,human_maestro_v3,development,complete,computed,computed,eligible,eligible,unavailable_fewer_than_3_sections_or_downbeat_spans,audio/human_maestro_v3/originals/human_maestro_0281.wav,c3f208eabea4b548ee6345e35f988b538422cac3
human_maestro_0282,30s,human_maestro_v3,development,complete,computed,computed,eligible,eligible,unavailable_fewer_than_3_sections_or_downbeat_spans,audio/human_maestro_v3/originals/human_maestro_0282.wav,c3f208eabea4b548ee6345e35f988b538422cac3
human_maestro_0283,30s,human_maestro_v3,development,complete,computed,computed,eligible,eligible,unavailable_fewer_than_3_sections_or_downbeat_spans,audio/human_maestro_v3/originals/human_maestro_0283.wav,c3f208eabea4b548ee6345e35f988b538422cac3
human_maestro_0284,30s,human_maestro_v3,development,complete,computed,computed,eligible,unavailable_fewer_than_16_beats_or_invalid_intervals,unavailable_fewer_than_3_sections_or_downbeat_spans,audio/human_maestro_v3/originals/human_maestro_0284.wav,c3f208eabea4b548ee6345e35f988b538422cac3
human_maestro_0285,30s,human_maestro_v3,development,complete,computed,computed,eligible,eligible,unavailable_fewer_than_3_sections_or_downbeat_spans,audio/human_maestro_v3/originals/human_maestro_0285.wav,c3f208eabea4b548ee6345e35f988b538422cac3
human_maestro_0286,30s,human_maestro_v3,development,complete,computed,computed,eligible,eligible,unavailable_fewer_than_3_sections_or_downbeat_spans,audio/human_maestro_v3/originals/human_maestro_0286.wav,c3f208eabea4b548ee6345e35f988b538422cac3
human_maestro_0287,30s,human_maestro_v3,development,complete,computed,computed,eligible,eligible,unavailable_fewer_than_3_sections_or_downbeat_spans,audio/human_maestro_v3/originals/human_maestro_0287.wav,c3f208eabea4b548ee6345e35f988b538422cac3
human_maestro_0288,30s,human_maestro_v3,development,complete,computed,computed,eligible,eligible,unavailable_fewer_than_3_sections_or_downbeat_spans,audio/human_maestro_v3/originals/human_maestro_0288.wav,c3f208eabea4b548ee6345e35f988b538422cac3
human_maestro_0289,30s,human_maestro_v3,development,complete,computed,computed,eligible,eligible,unavailable_fewer_than_3_sections_or_downbeat_spans,audio/human_maestro_v3/originals/human_maestro_0289.wav,c3f208eabea4b548ee6345e35f988b538422cac3
human_maestro_0290,30s,human_maestro_v3,development,complete,computed,computed,eligible,eligible,unavailable_fewer_than_3_sections_or_downbeat_spans,audio/human_maestro_v3/originals/human_maestro_0290.wav,c3f208eabea4b548ee6345e35f988b538422cac3
human_maestro_0291,30s,human_maestro_v3,development,complete,computed,computed,eligible,eligible,unavailable_fewer_than_3_sections_or_downbeat_spans,audio/human_maestro_v3/originals/human_maestro_0291.wav,e145b18a1be6270c667f7c23eb4d9080883a1658
human_maestro_0292,30s,human_maestro_v3,development,complete,computed,computed,eligible,eligible,unavailable_fewer_than_3_sections_or_downbeat_spans,audio/human_maestro_v3/originals/human_maestro_0292.wav,e145b18a1be6270c667f7c23eb4d9080883a1658
human_maestro_0293,30s,human_maestro_v3,development,complete,computed,computed,eligible,eligible,unavailable_fewer_than_3_sections_or_downbeat_spans,audio/human_maestro_v3/originals/human_maestro_0293.wav,e145b18a1be6270c667f7c23eb4d9080883a1658
human_maestro_0294,30s,human_maestro_v3,development,complete,computed,computed,eligible,eligible,unavailable_fewer_than_3_sections_or_downbeat_spans,audio/human_maestro_v3/originals/human_maestro_0294.wav,e145b18a1be6270c667f7c23eb4d9080883a1658
human_maestro_0295,30s,human_maestro_v3,development,complete,computed,computed,eligible,eligible,unavailable_fewer_than_3_sections_or_downbeat_spans,audio/human_maestro_v3/originals/human_maestro_0295.wav,e145b18a1be6270c667f7c23eb4d9080883a1658
human_maestro_0296,30s,human_maestro_v3,development,complete,computed,computed,eligible,eligible,unavailable_fewer_than_3_sections_or_downbeat_spans,audio/human_maestro_v3/originals/human_maestro_0296.wav,e145b18a1be6270c667f7c23eb4d9080883a1658
human_maestro_0297,30s,human_maestro_v3,development,complete,computed,computed,eligible,eligible,unavailable_fewer_than_3_sections_or_downbeat_spans,audio/human_maestro_v3/originals/human_maestro_0297.wav,e145b18a1be6270c667f7c23eb4d9080883a1658
human_maestro_0298,30s,human_maestro_v3,development,complete,computed,computed,eligible,eligible,unavailable_fewer_than_3_sections_or_downbeat_spans,audio/human_maestro_v3/originals/human_maestro_0298.wav,e145b18a1be6270c667f7c23eb4d9080883a1658
human_maestro_0299,30s,human_maestro_v3,development,complete,computed,computed,eligible,eligible,unavailable_fewer_than_3_sections_or_downbeat_spans,audio/human_maestro_v3/originals/human_maestro_0299.wav,e145b18a1be6270c667f7c23eb4d9080883a1658
human_maestro_0300,30s,human_maestro_v3,development,complete,computed,computed,eligible,eligible,unavailable_fewer_than_3_sections_or_downbeat_spans,audio/human_maestro_v3/originals/human_maestro_0300.wav,e145b18a1be6270c667f7c23eb4d9080883a1658
human_musicnet_1759,30s,human_musicnet,locked,complete,computed,computed,eligible,eligible,unavailable_fewer_than_3_sections_or_downbeat_spans,,
human_musicnet_1819,30s,human_musicnet,locked,complete,computed,computed,eligible,eligible,unavailable_fewer_than_3_sections_or_downbeat_spans,,
human_musicnet_2106,30s,human_musicnet,locked,complete,computed,computed,eligible,eligible,unavailable_fewer_than_3_sections_or_downbeat_spans,,
human_musicnet_2191,30s,human_musicnet,locked,complete,computed,computed,eligible,eligible,unavailable_fewer_than_3_sections_or_downbeat_spans,,
human_musicnet_2298,30s,human_musicnet,locked,complete,computed,computed,eligible,eligible,unavailable_fewer_than_3_sections_or_downbeat_spans,,
human_musicnet_2303,30s,human_musicnet,locked,complete,computed,computed,eligible,eligible,unavailable_fewer_than_3_sections_or_downbeat_spans,,
human_musicnet_2382,30s,human_musicnet,locked,complete,computed,computed,eligible,eligible,unavailable_fewer_than_3_sections_or_downbeat_spans,,
human_musicnet_2416,30s,human_musicnet,locked,complete,computed,computed,eligible,eligible,unavailable_fewer_than_3_sections_or_downbeat_spans,,
human_musicnet_2556,30s,human_musicnet,locked,complete,computed,computed,eligible,eligible,unavailable_fewer_than_3_sections_or_downbeat_spans,,
human_musicnet_2628,30s,human_musicnet,locked,complete,computed,computed,eligible,eligible,unavailable_fewer_than_3_sections_or_downbeat_spans,,
human_musicnet_1727,30s,human_musicnet,locked,complete,computed,computed,eligible,eligible,unavailable_fewer_than_3_sections_or_downbeat_spans,,
human_musicnet_1728,30s,human_musicnet,locked,complete,computed,computed,eligible,eligible,unavailable_fewer_than_3_sections_or_downbeat_spans,,
human_musicnet_1729,30s,human_musicnet,locked,complete,computed,computed,eligible,eligible,unavailable_fewer_than_3_sections_or_downbeat_spans,,
human_musicnet_1730,30s,human_musicnet,locked,complete,computed,computed,eligible,eligible,unavailable_fewer_than_3_sections_or_downbeat_spans,,
human_musicnet_1733,30s,human_musicnet,locked,complete,computed,computed,eligible,eligible,unavailable_fewer_than_3_sections_or_downbeat_spans,,
human_musicnet_1734,30s,human_musicnet,locked,complete,computed,computed,eligible,eligible,unavailable_fewer_than_3_sections_or_downbeat_spans,,
human_musicnet_1735,30s,human_musicnet,locked,complete,computed,computed,eligible,eligible,unavailable_fewer_than_3_sections_or_downbeat_spans,,
human_musicnet_1739,30s,human_musicnet,locked,complete,computed,computed,eligible,eligible,unavailable_fewer_than_3_sections_or_downbeat_spans,,
human_musicnet_1742,30s,human_musicnet,locked,complete,computed,computed,eligible,eligible,unavailable_fewer_than_3_sections_or_downbeat_spans,,
human_musicnet_1749,30s,human_musicnet,locked,complete,computed,computed,eligible,eligible,unavailable_fewer_than_3_sections_or_downbeat_spans,,
human_musicnet_1750,30s,human_musicnet,locked,complete,computed,computed,eligible,eligible,unavailable_fewer_than_3_sections_or_downbeat_spans,,
human_musicnet_1751,30s,human_musicnet,locked,complete,computed,computed,eligible,eligible,unavailable_fewer_than_3_sections_or_downbeat_spans,,
human_musicnet_1752,30s,human_musicnet,locked,complete,computed,computed,eligible,eligible,unavailable_fewer_than_3_sections_or_downbeat_spans,,
human_musicnet_1755,30s,human_musicnet,locked,complete,computed,computed,eligible,eligible,unavailable_fewer_than_3_sections_or_downbeat_spans,,
human_musicnet_1756,30s,human_musicnet,locked,complete,computed,computed,eligible,eligible,unavailable_fewer_than_3_sections_or_downbeat_spans,,
human_musicnet_1757,30s,human_musicnet,locked,complete,computed,computed,eligible,eligible,unavailable_fewer_than_3_sections_or_downbeat_spans,,
human_musicnet_1758,30s,human_musicnet,locked,complete,computed,computed,eligible,eligible,unavailable_fewer_than_3_sections_or_downbeat_spans,,
human_musicnet_1760,30s,human_musicnet,locked,complete,computed,computed,eligible,eligible,unavailable_fewer_than_3_sections_or_downbeat_spans,,
human_musicnet_1763,30s,human_musicnet,locked,complete,computed,computed,eligible,eligible,unavailable_fewer_than_3_sections_or_downbeat_spans,,
human_musicnet_1764,30s,human_musicnet,locked,complete,computed,computed,eligible,eligible,unavailable_fewer_than_3_sections_or_downbeat_spans,,
human_musicnet_1765,30s,human_musicnet,locked,complete,computed,computed,eligible,eligible,unavailable_fewer_than_3_sections_or_downbeat_spans,,
human_musicnet_1766,30s,human_musicnet,locked,complete,computed,computed,eligible,eligible,unavailable_fewer_than_3_sections_or_downbeat_spans,,
human_musicnet_1768,30s,human_musicnet,locked,complete,computed,computed,eligible,eligible,unavailable_fewer_than_3_sections_or_downbeat_spans,,
human_musicnet_1771,30s,human_musicnet,locked,complete,computed,computed,eligible,eligible,unavailable_fewer_than_3_sections_or_downbeat_spans,,
human_musicnet_1772,30s,human_musicnet,locked,complete,computed,computed,eligible,eligible,unavailable_fewer_than_3_sections_or_downbeat_spans,,
human_musicnet_1773,30s,human_musicnet,locked,complete,computed,computed,eligible,eligible,unavailable_fewer_than_3_sections_or_downbeat_spans,,
human_musicnet_1775,30s,human_musicnet,locked,complete,computed,computed,eligible,eligible,unavailable_fewer_than_3_sections_or_downbeat_spans,,
human_musicnet_1776,30s,human_musicnet,locked,complete,computed,computed,eligible,eligible,unavailable_fewer_than_3_sections_or_downbeat_spans,,
human_musicnet_1777,30s,human_musicnet,locked,complete,computed,computed,eligible,eligible,unavailable_fewer_than_3_sections_or_downbeat_spans,,
human_musicnet_1788,30s,human_musicnet,locked,complete,computed,computed,eligible,eligible,unavailable_fewer_than_3_sections_or_downbeat_spans,,
human_musicnet_1789,30s,human_musicnet,locked,complete,computed,computed,eligible,eligible,unavailable_fewer_than_3_sections_or_downbeat_spans,,
human_musicnet_1790,30s,human_musicnet,locked,complete,computed,computed,eligible,eligible,unavailable_fewer_than_3_sections_or_downbeat_spans,,
human_musicnet_1791,30s,human_musicnet,locked,complete,computed,computed,eligible,eligible,unavailable_fewer_than_3_sections_or_downbeat_spans,,
human_musicnet_1792,30s,human_musicnet,locked,complete,computed,computed,eligible,eligible,unavailable_fewer_than_3_sections_or_downbeat_spans,,
human_musicnet_1793,30s,human_musicnet,locked,complete,computed,computed,eligible,eligible,unavailable_fewer_than_3_sections_or_downbeat_spans,,
human_musicnet_1805,30s,human_musicnet,locked,complete,computed,computed,eligible,eligible,unavailable_fewer_than_3_sections_or_downbeat_spans,,
human_musicnet_1807,30s,human_musicnet,locked,complete,computed,computed,eligible,eligible,unavailable_fewer_than_3_sections_or_downbeat_spans,,
human_musicnet_1811,30s,human_musicnet,locked,complete,computed,computed,eligible,eligible,unavailable_fewer_than_3_sections_or_downbeat_spans,,
human_musicnet_1812,30s,human_musicnet,locked,complete,computed,computed,eligible,eligible,unavailable_fewer_than_3_sections_or_downbeat_spans,,
human_musicnet_1813,30s,human_musicnet,locked,complete,computed,computed,eligible,eligible,unavailable_fewer_than_3_sections_or_downbeat_spans,,
human_musicnet_1817,30s,human_musicnet,locked,complete,computed,computed,eligible,eligible,unavailable_fewer_than_3_sections_or_downbeat_spans,,
human_musicnet_1818,30s,human_musicnet,locked,complete,computed,computed,eligible,eligible,unavailable_fewer_than_3_sections_or_downbeat_spans,,
human_musicnet_1822,30s,human_musicnet,locked,complete,computed,computed,eligible,eligible,unavailable_fewer_than_3_sections_or_downbeat_spans,,
human_musicnet_1824,30s,human_musicnet,locked,complete,computed,computed,eligible,eligible,unavailable_fewer_than_3_sections_or_downbeat_spans,,
human_musicnet_1828,30s,human_musicnet,locked,complete,computed,computed,eligible,eligible,unavailable_fewer_than_3_sections_or_downbeat_spans,,
human_musicnet_1829,30s,human_musicnet,locked,complete,computed,computed,eligible,eligible,unavailable_fewer_than_3_sections_or_downbeat_spans,,
human_musicnet_1835,30s,human_musicnet,locked,complete,computed,computed,eligible,eligible,unavailable_fewer_than_3_sections_or_downbeat_spans,,
human_musicnet_1859,30s,human_musicnet,locked,complete,computed,computed,eligible,eligible,unavailable_fewer_than_3_sections_or_downbeat_spans,,
human_musicnet_1872,30s,human_musicnet,locked,complete,computed,computed,eligible,eligible,unavailable_fewer_than_3_sections_or_downbeat_spans,,
human_musicnet_1873,30s,human_musicnet,locked,complete,computed,computed,eligible,eligible,unavailable_fewer_than_3_sections_or_downbeat_spans,,
human_musicnet_1876,30s,human_musicnet,locked,complete,computed,computed,eligible,eligible,unavailable_fewer_than_3_sections_or_downbeat_spans,,
human_musicnet_1893,30s,human_musicnet,locked,complete,computed,computed,eligible,eligible,unavailable_fewer_than_3_sections_or_downbeat_spans,,
human_musicnet_1916,30s,human_musicnet,locked,complete,computed,computed,eligible,eligible,unavailable_fewer_than_3_sections_or_downbeat_spans,,
human_musicnet_1918,30s,human_musicnet,locked,complete,computed,computed,eligible,eligible,unavailable_fewer_than_3_sections_or_downbeat_spans,,
human_musicnet_1919,30s,human_musicnet,locked,complete,computed,computed,eligible,eligible,unavailable_fewer_than_3_sections_or_downbeat_spans,,
human_musicnet_1922,30s,human_musicnet,locked,complete,computed,computed,eligible,eligible,unavailable_fewer_than_3_sections_or_downbeat_spans,,
human_musicnet_1923,30s,human_musicnet,locked,complete,computed,computed,eligible,eligible,eligible,,
human_musicnet_1931,30s,human_musicnet,locked,complete,computed,computed,eligible,eligible,unavailable_fewer_than_3_sections_or_downbeat_spans,,
human_musicnet_1932,30s,human_musicnet,locked,complete,computed,computed,eligible,eligible,unavailable_fewer_than_3_sections_or_downbeat_spans,,
human_musicnet_1933,30s,human_musicnet,locked,complete,computed,computed,eligible,eligible,unavailable_fewer_than_3_sections_or_downbeat_spans,,
human_musicnet_2075,30s,human_musicnet,locked,complete,computed,computed,eligible,eligible,unavailable_fewer_than_3_sections_or_downbeat_spans,,
human_musicnet_2076,30s,human_musicnet,locked,complete,computed,computed,eligible,eligible,unavailable_fewer_than_3_sections_or_downbeat_spans,,
human_musicnet_2077,30s,human_musicnet,locked,complete,computed,computed,eligible,eligible,unavailable_fewer_than_3_sections_or_downbeat_spans,,
human_musicnet_2078,30s,human_musicnet,locked,complete,computed,computed,eligible,eligible,unavailable_fewer_than_3_sections_or_downbeat_spans,,
human_musicnet_2079,30s,human_musicnet,locked,complete,computed,computed,eligible,eligible,unavailable_fewer_than_3_sections_or_downbeat_spans,,
human_musicnet_2080,30s,human_musicnet,locked,complete,computed,computed,eligible,eligible,unavailable_fewer_than_3_sections_or_downbeat_spans,,
human_musicnet_2081,30s,human_musicnet,locked,complete,computed,computed,eligible,eligible,unavailable_fewer_than_3_sections_or_downbeat_spans,,
human_musicnet_2082,30s,human_musicnet,locked,complete,computed,computed,eligible,eligible,unavailable_fewer_than_3_sections_or_downbeat_spans,,
human_musicnet_2083,30s,human_musicnet,locked,complete,computed,computed,eligible,eligible,unavailable_fewer_than_3_sections_or_downbeat_spans,,
human_musicnet_2104,30s,human_musicnet,locked,complete,computed,computed,eligible,eligible,unavailable_fewer_than_3_sections_or_downbeat_spans,,
human_musicnet_2105,30s,human_musicnet,locked,complete,computed,computed,eligible,eligible,unavailable_fewer_than_3_sections_or_downbeat_spans,,
human_musicnet_2112,30s,human_musicnet,locked,complete,computed,computed,eligible,eligible,unavailable_fewer_than_3_sections_or_downbeat_spans,,
human_musicnet_2113,30s,human_musicnet,locked,complete,computed,computed,eligible,eligible,unavailable_fewer_than_3_sections_or_downbeat_spans,,
human_musicnet_2114,30s,human_musicnet,locked,complete,computed,computed,eligible,eligible,unavailable_fewer_than_3_sections_or_downbeat_spans,,
human_musicnet_2116,30s,human_musicnet,locked,complete,computed,computed,eligible,eligible,unavailable_fewer_than_3_sections_or_downbeat_spans,,
human_musicnet_2117,30s,human_musicnet,locked,complete,computed,computed,eligible,eligible,unavailable_fewer_than_3_sections_or_downbeat_spans,,
human_musicnet_2118,30s,human_musicnet,locked,complete,computed,computed,eligible,eligible,unavailable_fewer_than_3_sections_or_downbeat_spans,,
human_musicnet_2119,30s,human_musicnet,locked,complete,computed,computed,eligible,eligible,unavailable_fewer_than_3_sections_or_downbeat_spans,,
human_musicnet_2127,30s,human_musicnet,locked,complete,computed,computed,eligible,eligible,unavailable_fewer_than_3_sections_or_downbeat_spans,,
human_musicnet_2131,30s,human_musicnet,locked,complete,computed,computed,eligible,eligible,unavailable_fewer_than_3_sections_or_downbeat_spans,,
human_musicnet_2138,30s,human_musicnet,locked,complete,computed,computed,eligible,eligible,unavailable_fewer_than_3_sections_or_downbeat_spans,,
human_musicnet_2140,30s,human_musicnet,locked,complete,computed,computed,eligible,eligible,unavailable_fewer_than_3_sections_or_downbeat_spans,,
human_musicnet_2147,30s,human_musicnet,locked,complete,computed,computed,eligible,eligible,unavailable_fewer_than_3_sections_or_downbeat_spans,,
human_musicnet_2148,30s,human_musicnet,locked,complete,computed,computed,eligible,eligible,unavailable_fewer_than_3_sections_or_downbeat_spans,,
human_musicnet_2149,30s,human_musicnet,locked,complete,computed,computed,eligible,eligible,unavailable_fewer_than_3_sections_or_downbeat_spans,,
human_musicnet_2150,30s,human_musicnet,locked,complete,computed,computed,eligible,eligible,unavailable_fewer_than_3_sections_or_downbeat_spans,,
human_musicnet_2151,30s,human_musicnet,locked,complete,computed,computed,eligible,eligible,unavailable_fewer_than_3_sections_or_downbeat_spans,,
human_musicnet_2154,30s,human_musicnet,locked,complete,computed,computed,eligible,eligible,unavailable_fewer_than_3_sections_or_downbeat_spans,,
human_musicnet_2155,30s,human_musicnet,locked,complete,computed,computed,eligible,eligible,unavailable_fewer_than_3_sections_or_downbeat_spans,,
human_musicnet_2156,30s,human_musicnet,locked,complete,computed,computed,eligible,eligible,unavailable_fewer_than_3_sections_or_downbeat_spans,,
human_musicnet_2157,30s,human_musicnet,locked,complete,computed,computed,eligible,eligible,unavailable_fewer_than_3_sections_or_downbeat_spans,,
human_musicnet_2158,30s,human_musicnet,locked,complete,computed,computed,eligible,eligible,unavailable_fewer_than_3_sections_or_downbeat_spans,,
human_musicnet_2159,30s,human_musicnet,locked,complete,computed,computed,eligible,eligible,unavailable_fewer_than_3_sections_or_downbeat_spans,,
human_musicnet_2160,30s,human_musicnet,locked,complete,computed,computed,eligible,eligible,unavailable_fewer_than_3_sections_or_downbeat_spans,,
human_musicnet_2161,30s,human_musicnet,locked,complete,computed,computed,eligible,eligible,unavailable_fewer_than_3_sections_or_downbeat_spans,,
human_musicnet_2166,30s,human_musicnet,locked,complete,computed,computed,eligible,eligible,unavailable_fewer_than_3_sections_or_downbeat_spans,,
human_musicnet_2167,30s,human_musicnet,locked,complete,computed,computed,eligible,eligible,eligible,,
human_musicnet_2168,30s,human_musicnet,locked,complete,computed,computed,eligible,eligible,unavailable_fewer_than_3_sections_or_downbeat_spans,,
human_musicnet_2169,30s,human_musicnet,locked,complete,computed,computed,eligible,eligible,unavailable_fewer_than_3_sections_or_downbeat_spans,,
human_musicnet_2177,30s,human_musicnet,locked,complete,computed,computed,eligible,eligible,unavailable_fewer_than_3_sections_or_downbeat_spans,,
human_musicnet_2178,30s,human_musicnet,locked,complete,computed,computed,eligible,eligible,unavailable_fewer_than_3_sections_or_downbeat_spans,,
human_musicnet_2179,30s,human_musicnet,locked,complete,computed,computed,eligible,eligible,unavailable_fewer_than_3_sections_or_downbeat_spans,,
human_musicnet_2180,30s,human_musicnet,locked,complete,computed,computed,eligible,eligible,unavailable_fewer_than_3_sections_or_downbeat_spans,,
human_musicnet_2186,30s,human_musicnet,locked,complete,computed,computed,eligible,eligible,unavailable_fewer_than_3_sections_or_downbeat_spans,,
human_musicnet_2194,30s,human_musicnet,locked,complete,computed,computed,eligible,eligible,unavailable_fewer_than_3_sections_or_downbeat_spans,,
human_musicnet_2195,30s,human_musicnet,locked,complete,computed,computed,eligible,eligible,unavailable_fewer_than_3_sections_or_downbeat_spans,,
human_musicnet_2196,30s,human_musicnet,locked,complete,computed,computed,eligible,eligible,unavailable_fewer_than_3_sections_or_downbeat_spans,,
human_musicnet_2198,30s,human_musicnet,locked,complete,computed,computed,eligible,eligible,unavailable_fewer_than_3_sections_or_downbeat_spans,,
human_musicnet_2200,30s,human_musicnet,locked,complete,computed,computed,eligible,eligible,unavailable_fewer_than_3_sections_or_downbeat_spans,,
human_musicnet_2201,30s,human_musicnet,locked,complete,computed,computed,eligible,eligible,unavailable_fewer_than_3_sections_or_downbeat_spans,,
human_musicnet_2202,30s,human_musicnet,locked,complete,computed,computed,eligible,eligible,unavailable_fewer_than_3_sections_or_downbeat_spans,,
human_musicnet_2203,30s,human_musicnet,locked,complete,computed,computed,eligible,unavailable_fewer_than_16_beats_or_invalid_intervals,unavailable_fewer_than_3_sections_or_downbeat_spans,,
human_musicnet_2204,30s,human_musicnet,locked,complete,computed,computed,eligible,eligible,unavailable_fewer_than_3_sections_or_downbeat_spans,,
human_musicnet_2207,30s,human_musicnet,locked,complete,computed,computed,eligible,eligible,unavailable_fewer_than_3_sections_or_downbeat_spans,,
human_musicnet_2208,30s,human_musicnet,locked,complete,computed,computed,eligible,eligible,unavailable_fewer_than_3_sections_or_downbeat_spans,,
human_musicnet_2209,30s,human_musicnet,locked,complete,computed,computed,eligible,eligible,unavailable_fewer_than_3_sections_or_downbeat_spans,,
human_musicnet_2210,30s,human_musicnet,locked,complete,computed,computed,eligible,eligible,unavailable_fewer_than_3_sections_or_downbeat_spans,,
human_musicnet_2211,30s,human_musicnet,locked,complete,computed,computed,eligible,eligible,unavailable_fewer_than_3_sections_or_downbeat_spans,,
human_musicnet_2212,30s,human_musicnet,locked,complete,computed,computed,eligible,eligible,unavailable_fewer_than_3_sections_or_downbeat_spans,,
human_musicnet_2213,30s,human_musicnet,locked,complete,computed,computed,eligible,eligible,unavailable_fewer_than_3_sections_or_downbeat_spans,,
human_musicnet_2214,30s,human_musicnet,locked,complete,computed,computed,eligible,eligible,unavailable_fewer_than_3_sections_or_downbeat_spans,,
human_musicnet_2215,30s,human_musicnet,locked,complete,computed,computed,eligible,eligible,unavailable_fewer_than_3_sections_or_downbeat_spans,,
human_musicnet_2217,30s,human_musicnet,locked,complete,computed,computed,eligible,eligible,unavailable_fewer_than_3_sections_or_downbeat_spans,,
human_musicnet_2218,30s,human_musicnet,locked,complete,computed,computed,eligible,eligible,unavailable_fewer_than_3_sections_or_downbeat_spans,,
human_musicnet_2219,30s,human_musicnet,locked,complete,computed,computed,eligible,eligible,unavailable_fewer_than_3_sections_or_downbeat_spans,,
human_musicnet_2220,30s,human_musicnet,locked,complete,computed,computed,eligible,eligible,unavailable_fewer_than_3_sections_or_downbeat_spans,,
human_musicnet_2221,30s,human_musicnet,locked,complete,computed,computed,eligible,eligible,unavailable_fewer_than_3_sections_or_downbeat_spans,,
human_musicnet_2222,30s,human_musicnet,locked,complete,computed,computed,eligible,eligible,unavailable_fewer_than_3_sections_or_downbeat_spans,,
human_musicnet_2224,30s,human_musicnet,locked,complete,computed,computed,eligible,eligible,unavailable_fewer_than_3_sections_or_downbeat_spans,,
human_musicnet_2225,30s,human_musicnet,locked,complete,computed,computed,eligible,eligible,unavailable_fewer_than_3_sections_or_downbeat_spans,,
human_musicnet_2227,30s,human_musicnet,locked,complete,computed,computed,eligible,eligible,unavailable_fewer_than_3_sections_or_downbeat_spans,,
human_musicnet_2228,30s,human_musicnet,locked,complete,computed,computed,eligible,eligible,unavailable_fewer_than_3_sections_or_downbeat_spans,,
human_musicnet_2229,30s,human_musicnet,locked,complete,computed,computed,eligible,eligible,unavailable_fewer_than_3_sections_or_downbeat_spans,,
human_musicnet_2230,30s,human_musicnet,locked,complete,computed,computed,eligible,eligible,unavailable_fewer_than_3_sections_or_downbeat_spans,,
human_musicnet_2231,30s,human_musicnet,locked,complete,computed,computed,eligible,eligible,unavailable_fewer_than_3_sections_or_downbeat_spans,,
human_musicnet_2232,30s,human_musicnet,locked,complete,computed,computed,eligible,eligible,unavailable_fewer_than_3_sections_or_downbeat_spans,,
human_musicnet_2234,30s,human_musicnet,locked,complete,computed,computed,eligible,eligible,unavailable_fewer_than_3_sections_or_downbeat_spans,,
human_musicnet_2237,30s,human_musicnet,locked,complete,computed,computed,eligible,eligible,unavailable_fewer_than_3_sections_or_downbeat_spans,,
human_musicnet_2238,30s,human_musicnet,locked,complete,computed,computed,eligible,eligible,unavailable_fewer_than_3_sections_or_downbeat_spans,,
human_musicnet_2239,30s,human_musicnet,locked,complete,computed,computed,eligible,eligible,unavailable_fewer_than_3_sections_or_downbeat_spans,,
human_musicnet_2240,30s,human_musicnet,locked,complete,computed,computed,eligible,eligible,unavailable_fewer_than_3_sections_or_downbeat_spans,,
human_musicnet_2241,30s,human_musicnet,locked,complete,computed,computed,eligible,eligible,unavailable_fewer_than_3_sections_or_downbeat_spans,,
human_musicnet_2242,30s,human_musicnet,locked,complete,computed,computed,eligible,eligible,unavailable_fewer_than_3_sections_or_downbeat_spans,,
human_musicnet_2243,30s,human_musicnet,locked,complete,computed,computed,eligible,eligible,unavailable_fewer_than_3_sections_or_downbeat_spans,,
human_musicnet_2244,30s,human_musicnet,locked,complete,computed,computed,eligible,eligible,unavailable_fewer_than_3_sections_or_downbeat_spans,,
human_musicnet_2247,30s,human_musicnet,locked,complete,computed,computed,eligible,eligible,unavailable_fewer_than_3_sections_or_downbeat_spans,,
human_musicnet_2248,30s,human_musicnet,locked,complete,computed,computed,eligible,eligible,unavailable_fewer_than_3_sections_or_downbeat_spans,,
human_musicnet_2282,30s,human_musicnet,locked,complete,computed,computed,eligible,eligible,unavailable_fewer_than_3_sections_or_downbeat_spans,,
human_musicnet_2283,30s,human_musicnet,locked,complete,computed,computed,eligible,eligible,unavailable_fewer_than_3_sections_or_downbeat_spans,,
human_musicnet_2284,30s,human_musicnet,locked,complete,computed,computed,eligible,eligible,unavailable_fewer_than_3_sections_or_downbeat_spans,,
human_musicnet_2285,30s,human_musicnet,locked,complete,computed,computed,eligible,eligible,unavailable_fewer_than_3_sections_or_downbeat_spans,,
human_musicnet_2288,30s,human_musicnet,locked,complete,computed,computed,eligible,eligible,unavailable_fewer_than_3_sections_or_downbeat_spans,,
human_musicnet_2289,30s,human_musicnet,locked,complete,computed,computed,eligible,eligible,unavailable_fewer_than_3_sections_or_downbeat_spans,,
human_musicnet_2292,30s,human_musicnet,locked,complete,computed,computed,eligible,eligible,unavailable_fewer_than_3_sections_or_downbeat_spans,,
human_musicnet_2293,30s,human_musicnet,locked,complete,computed,computed,eligible,eligible,unavailable_fewer_than_3_sections_or_downbeat_spans,,
human_musicnet_2294,30s,human_musicnet,locked,complete,computed,computed,eligible,eligible,unavailable_fewer_than_3_sections_or_downbeat_spans,,
human_musicnet_2295,30s,human_musicnet,locked,complete,computed,computed,eligible,eligible,unavailable_fewer_than_3_sections_or_downbeat_spans,,
human_musicnet_2296,30s,human_musicnet,locked,complete,computed,computed,eligible,eligible,unavailable_fewer_than_3_sections_or_downbeat_spans,,
human_musicnet_2297,30s,human_musicnet,locked,complete,computed,computed,eligible,eligible,unavailable_fewer_than_3_sections_or_downbeat_spans,,
human_musicnet_2300,30s,human_musicnet,locked,complete,computed,computed,eligible,eligible,unavailable_fewer_than_3_sections_or_downbeat_spans,,
human_musicnet_2302,30s,human_musicnet,locked,complete,computed,computed,eligible,eligible,unavailable_fewer_than_3_sections_or_downbeat_spans,,
human_musicnet_2304,30s,human_musicnet,locked,complete,computed,computed,eligible,eligible,unavailable_fewer_than_3_sections_or_downbeat_spans,,
human_musicnet_2305,30s,human_musicnet,locked,complete,computed,computed,eligible,eligible,unavailable_fewer_than_3_sections_or_downbeat_spans,,
human_musicnet_2307,30s,human_musicnet,locked,complete,computed,computed,eligible,eligible,unavailable_fewer_than_3_sections_or_downbeat_spans,,
human_musicnet_2308,30s,human_musicnet,locked,complete,computed,computed,eligible,eligible,unavailable_fewer_than_3_sections_or_downbeat_spans,,
human_musicnet_2310,30s,human_musicnet,locked,complete,computed,computed,eligible,eligible,unavailable_fewer_than_3_sections_or_downbeat_spans,,
human_musicnet_2313,30s,human_musicnet,locked,complete,computed,computed,eligible,eligible,unavailable_fewer_than_3_sections_or_downbeat_spans,,
human_musicnet_2314,30s,human_musicnet,locked,complete,computed,computed,eligible,eligible,unavailable_fewer_than_3_sections_or_downbeat_spans,,
human_musicnet_2315,30s,human_musicnet,locked,complete,computed,computed,eligible,eligible,unavailable_fewer_than_3_sections_or_downbeat_spans,,
human_musicnet_2318,30s,human_musicnet,locked,complete,computed,computed,eligible,eligible,unavailable_fewer_than_3_sections_or_downbeat_spans,,
human_musicnet_2319,30s,human_musicnet,locked,complete,computed,computed,eligible,eligible,unavailable_fewer_than_3_sections_or_downbeat_spans,,
human_musicnet_2320,30s,human_musicnet,locked,complete,computed,computed,eligible,eligible,unavailable_fewer_than_3_sections_or_downbeat_spans,,
human_musicnet_2322,30s,human_musicnet,locked,complete,computed,computed,eligible,eligible,unavailable_fewer_than_3_sections_or_downbeat_spans,,
human_musicnet_2325,30s,human_musicnet,locked,complete,computed,computed,eligible,eligible,unavailable_fewer_than_3_sections_or_downbeat_spans,,
human_musicnet_2330,30s,human_musicnet,locked,complete,computed,computed,eligible,eligible,unavailable_fewer_than_3_sections_or_downbeat_spans,,
human_musicnet_2334,30s,human_musicnet,locked,complete,computed,computed,eligible,eligible,unavailable_fewer_than_3_sections_or_downbeat_spans,,
human_musicnet_2335,30s,human_musicnet,locked,complete,computed,computed,eligible,eligible,unavailable_fewer_than_3_sections_or_downbeat_spans,,
human_musicnet_2336,30s,human_musicnet,locked,complete,computed,computed,eligible,eligible,unavailable_fewer_than_3_sections_or_downbeat_spans,,
human_musicnet_2341,30s,human_musicnet,locked,complete,computed,computed,eligible,eligible,unavailable_fewer_than_3_sections_or_downbeat_spans,,
human_musicnet_2342,30s,human_musicnet,locked,complete,computed,computed,eligible,eligible,unavailable_fewer_than_3_sections_or_downbeat_spans,,
human_musicnet_2343,30s,human_musicnet,locked,complete,computed,computed,eligible,eligible,unavailable_fewer_than_3_sections_or_downbeat_spans,,
human_musicnet_2345,30s,human_musicnet,locked,complete,computed,computed,eligible,eligible,unavailable_fewer_than_3_sections_or_downbeat_spans,,
human_musicnet_2346,30s,human_musicnet,locked,complete,computed,computed,eligible,eligible,unavailable_fewer_than_3_sections_or_downbeat_spans,,
human_musicnet_2348,30s,human_musicnet,locked,complete,computed,computed,eligible,eligible,unavailable_fewer_than_3_sections_or_downbeat_spans,,
human_musicnet_2350,30s,human_musicnet,locked,complete,computed,computed,eligible,eligible,unavailable_fewer_than_3_sections_or_downbeat_spans,,
human_musicnet_2357,30s,human_musicnet,locked,complete,computed,computed,eligible,eligible,unavailable_fewer_than_3_sections_or_downbeat_spans,,
human_musicnet_2358,30s,human_musicnet,locked,complete,computed,computed,eligible,eligible,unavailable_fewer_than_3_sections_or_downbeat_spans,,
human_musicnet_2359,30s,human_musicnet,locked,complete,computed,computed,eligible,eligible,unavailable_fewer_than_3_sections_or_downbeat_spans,,
human_musicnet_2364,30s,human_musicnet,locked,complete,computed,computed,eligible,eligible,unavailable_fewer_than_3_sections_or_downbeat_spans,,
human_musicnet_2365,30s,human_musicnet,locked,complete,computed,computed,eligible,eligible,unavailable_fewer_than_3_sections_or_downbeat_spans,,
human_musicnet_2366,30s,human_musicnet,locked,complete,computed,computed,eligible,eligible,unavailable_fewer_than_3_sections_or_downbeat_spans,,
human_musicnet_2368,30s,human_musicnet,locked,complete,computed,computed,eligible,eligible,unavailable_fewer_than_3_sections_or_downbeat_spans,,
human_musicnet_2371,30s,human_musicnet,locked,complete,computed,computed,eligible,eligible,unavailable_fewer_than_3_sections_or_downbeat_spans,,
human_musicnet_2372,30s,human_musicnet,locked,complete,computed,computed,eligible,eligible,unavailable_fewer_than_3_sections_or_downbeat_spans,,
human_musicnet_2373,30s,human_musicnet,locked,complete,computed,computed,eligible,eligible,unavailable_fewer_than_3_sections_or_downbeat_spans,,
human_musicnet_2374,30s,human_musicnet,locked,complete,computed,computed,eligible,eligible,unavailable_fewer_than_3_sections_or_downbeat_spans,,
human_musicnet_2376,30s,human_musicnet,locked,complete,computed,computed,eligible,eligible,unavailable_fewer_than_3_sections_or_downbeat_spans,,
human_musicnet_2377,30s,human_musicnet,locked,complete,computed,computed,eligible,eligible,unavailable_fewer_than_3_sections_or_downbeat_spans,,
human_musicnet_2379,30s,human_musicnet,locked,complete,computed,computed,eligible,eligible,unavailable_fewer_than_3_sections_or_downbeat_spans,,
human_musicnet_2381,30s,human_musicnet,locked,complete,computed,computed,eligible,eligible,unavailable_fewer_than_3_sections_or_downbeat_spans,,
human_musicnet_2383,30s,human_musicnet,locked,complete,computed,computed,eligible,eligible,unavailable_fewer_than_3_sections_or_downbeat_spans,,
human_musicnet_2384,30s,human_musicnet,locked,complete,computed,computed,eligible,eligible,unavailable_fewer_than_3_sections_or_downbeat_spans,,
human_musicnet_2388,30s,human_musicnet,locked,complete,computed,computed,eligible,eligible,unavailable_fewer_than_3_sections_or_downbeat_spans,,
human_musicnet_2389,30s,human_musicnet,locked,complete,computed,computed,eligible,eligible,unavailable_fewer_than_3_sections_or_downbeat_spans,,
human_musicnet_2390,30s,human_musicnet,locked,complete,computed,computed,eligible,eligible,unavailable_fewer_than_3_sections_or_downbeat_spans,,
human_musicnet_2391,30s,human_musicnet,locked,complete,computed,computed,eligible,eligible,unavailable_fewer_than_3_sections_or_downbeat_spans,,
human_musicnet_2392,30s,human_musicnet,locked,complete,computed,computed,eligible,eligible,unavailable_fewer_than_3_sections_or_downbeat_spans,,
human_musicnet_2393,30s,human_musicnet,locked,complete,computed,computed,eligible,eligible,unavailable_fewer_than_3_sections_or_downbeat_spans,,
human_musicnet_2397,30s,human_musicnet,locked,complete,computed,computed,eligible,eligible,unavailable_fewer_than_3_sections_or_downbeat_spans,,
human_musicnet_2398,30s,human_musicnet,locked,complete,computed,computed,eligible,eligible,unavailable_fewer_than_3_sections_or_downbeat_spans,,
human_musicnet_2403,30s,human_musicnet,locked,complete,computed,computed,eligible,eligible,unavailable_fewer_than_3_sections_or_downbeat_spans,,
human_musicnet_2404,30s,human_musicnet,locked,complete,computed,computed,eligible,eligible,unavailable_fewer_than_3_sections_or_downbeat_spans,,
human_musicnet_2405,30s,human_musicnet,locked,complete,computed,computed,eligible,eligible,unavailable_fewer_than_3_sections_or_downbeat_spans,,
human_musicnet_2406,30s,human_musicnet,locked,complete,computed,computed,eligible,eligible,unavailable_fewer_than_3_sections_or_downbeat_spans,,
human_musicnet_2410,30s,human_musicnet,locked,complete,computed,computed,eligible,eligible,unavailable_fewer_than_3_sections_or_downbeat_spans,,
human_musicnet_2411,30s,human_musicnet,locked,complete,computed,computed,eligible,eligible,unavailable_fewer_than_3_sections_or_downbeat_spans,,
human_musicnet_2415,30s,human_musicnet,locked,complete,computed,computed,eligible,eligible,unavailable_fewer_than_3_sections_or_downbeat_spans,,
human_musicnet_2417,30s,human_musicnet,locked,complete,computed,computed,eligible,eligible,unavailable_fewer_than_3_sections_or_downbeat_spans,,
human_musicnet_2420,30s,human_musicnet,locked,complete,computed,computed,eligible,eligible,unavailable_fewer_than_3_sections_or_downbeat_spans,,
human_musicnet_2422,30s,human_musicnet,locked,complete,computed,computed,eligible,eligible,unavailable_fewer_than_3_sections_or_downbeat_spans,,
human_musicnet_2423,30s,human_musicnet,locked,complete,computed,computed,eligible,eligible,unavailable_fewer_than_3_sections_or_downbeat_spans,,
human_musicnet_2424,30s,human_musicnet,locked,complete,computed,computed,eligible,eligible,unavailable_fewer_than_3_sections_or_downbeat_spans,,
human_musicnet_2431,30s,human_musicnet,locked,complete,computed,computed,eligible,eligible,unavailable_fewer_than_3_sections_or_downbeat_spans,,
human_musicnet_2432,30s,human_musicnet,locked,complete,computed,computed,eligible,eligible,unavailable_fewer_than_3_sections_or_downbeat_spans,,
human_musicnet_2433,30s,human_musicnet,locked,complete,computed,computed,eligible,unavailable_fewer_than_16_beats_or_invalid_intervals,unavailable_fewer_than_3_sections_or_downbeat_spans,,
human_musicnet_2436,30s,human_musicnet,locked,complete,computed,computed,eligible,eligible,unavailable_fewer_than_3_sections_or_downbeat_spans,,
human_musicnet_2441,30s,human_musicnet,locked,complete,computed,computed,eligible,eligible,unavailable_fewer_than_3_sections_or_downbeat_spans,,
human_musicnet_2442,30s,human_musicnet,locked,complete,computed,computed,eligible,eligible,unavailable_fewer_than_3_sections_or_downbeat_spans,,
human_musicnet_2443,30s,human_musicnet,locked,complete,computed,computed,eligible,unavailable_fewer_than_16_beats_or_invalid_intervals,unavailable_fewer_than_3_sections_or_downbeat_spans,,
human_musicnet_2444,30s,human_musicnet,locked,complete,computed,computed,eligible,eligible,unavailable_fewer_than_3_sections_or_downbeat_spans,,
human_musicnet_2451,30s,human_musicnet,locked,complete,computed,computed,eligible,eligible,unavailable_fewer_than_3_sections_or_downbeat_spans,,
human_musicnet_2462,30s,human_musicnet,locked,complete,computed,computed,eligible,eligible,unavailable_fewer_than_3_sections_or_downbeat_spans,,
human_musicnet_2463,30s,human_musicnet,locked,complete,computed,computed,eligible,eligible,unavailable_fewer_than_3_sections_or_downbeat_spans,,
human_musicnet_2466,30s,human_musicnet,locked,complete,computed,computed,eligible,eligible,unavailable_fewer_than_3_sections_or_downbeat_spans,,
human_musicnet_2471,30s,human_musicnet,locked,complete,computed,computed,eligible,unavailable_fewer_than_16_beats_or_invalid_intervals,unavailable_fewer_than_3_sections_or_downbeat_spans,,
human_musicnet_2472,30s,human_musicnet,locked,complete,computed,computed,eligible,eligible,unavailable_fewer_than_3_sections_or_downbeat_spans,,
human_musicnet_2473,30s,human_musicnet,locked,complete,computed,computed,eligible,eligible,unavailable_fewer_than_3_sections_or_downbeat_spans,,
human_musicnet_2476,30s,human_musicnet,locked,complete,computed,computed,eligible,unavailable_fewer_than_16_beats_or_invalid_intervals,unavailable_fewer_than_3_sections_or_downbeat_spans,,
human_musicnet_2477,30s,human_musicnet,locked,complete,computed,computed,eligible,eligible,unavailable_fewer_than_3_sections_or_downbeat_spans,,
human_musicnet_2478,30s,human_musicnet,locked,complete,computed,computed,eligible,eligible,unavailable_fewer_than_3_sections_or_downbeat_spans,,
human_musicnet_2480,30s,human_musicnet,locked,complete,computed,computed,eligible,eligible,eligible,,
human_musicnet_2481,30s,human_musicnet,locked,complete,computed,computed,eligible,eligible,unavailable_fewer_than_3_sections_or_downbeat_spans,,
human_musicnet_2482,30s,human_musicnet,locked,complete,computed,computed,eligible,eligible,unavailable_fewer_than_3_sections_or_downbeat_spans,,
human_musicnet_2483,30s,human_musicnet,locked,complete,computed,computed,eligible,eligible,unavailable_fewer_than_3_sections_or_downbeat_spans,,
human_musicnet_2486,30s,human_musicnet,locked,complete,computed,computed,eligible,eligible,unavailable_fewer_than_3_sections_or_downbeat_spans,,
human_musicnet_2487,30s,human_musicnet,locked,complete,computed,computed,eligible,eligible,unavailable_fewer_than_3_sections_or_downbeat_spans,,
human_musicnet_2488,30s,human_musicnet,locked,complete,computed,computed,eligible,eligible,unavailable_fewer_than_3_sections_or_downbeat_spans,,
human_musicnet_2490,30s,human_musicnet,locked,complete,computed,computed,eligible,eligible,unavailable_fewer_than_3_sections_or_downbeat_spans,,
human_musicnet_2491,30s,human_musicnet,locked,complete,computed,computed,eligible,eligible,unavailable_fewer_than_3_sections_or_downbeat_spans,,
human_musicnet_2492,30s,human_musicnet,locked,complete,computed,computed,eligible,eligible,unavailable_fewer_than_3_sections_or_downbeat_spans,,
human_musicnet_2494,30s,human_musicnet,locked,complete,computed,computed,eligible,eligible,unavailable_fewer_than_3_sections_or_downbeat_spans,,
human_musicnet_2497,30s,human_musicnet,locked,complete,computed,computed,eligible,eligible,unavailable_fewer_than_3_sections_or_downbeat_spans,,
human_musicnet_2501,30s,human_musicnet,locked,complete,computed,computed,eligible,unavailable_fewer_than_16_beats_or_invalid_intervals,unavailable_fewer_than_3_sections_or_downbeat_spans,,
human_musicnet_2502,30s,human_musicnet,locked,complete,computed,computed,eligible,eligible,unavailable_fewer_than_3_sections_or_downbeat_spans,,
human_musicnet_2504,30s,human_musicnet,locked,complete,computed,computed,eligible,eligible,unavailable_fewer_than_3_sections_or_downbeat_spans,,
human_musicnet_2505,30s,human_musicnet,locked,complete,computed,computed,eligible,eligible,unavailable_fewer_than_3_sections_or_downbeat_spans,,
human_musicnet_2506,30s,human_musicnet,locked,complete,computed,computed,eligible,eligible,unavailable_fewer_than_3_sections_or_downbeat_spans,,
human_musicnet_2507,30s,human_musicnet,locked,complete,computed,computed,eligible,eligible,unavailable_fewer_than_3_sections_or_downbeat_spans,,
human_musicnet_2509,30s,human_musicnet,locked,complete,computed,computed,eligible,eligible,unavailable_fewer_than_3_sections_or_downbeat_spans,,
human_musicnet_2510,30s,human_musicnet,locked,complete,computed,computed,eligible,eligible,unavailable_fewer_than_3_sections_or_downbeat_spans,,
human_musicnet_2512,30s,human_musicnet,locked,complete,computed,computed,eligible,eligible,unavailable_fewer_than_3_sections_or_downbeat_spans,,
human_musicnet_2514,30s,human_musicnet,locked,complete,computed,computed,eligible,eligible,unavailable_fewer_than_3_sections_or_downbeat_spans,,
human_musicnet_2516,30s,human_musicnet,locked,complete,computed,computed,eligible,eligible,unavailable_fewer_than_3_sections_or_downbeat_spans,,
human_musicnet_2521,30s,human_musicnet,locked,complete,computed,computed,eligible,eligible,unavailable_fewer_than_3_sections_or_downbeat_spans,,
human_musicnet_2522,30s,human_musicnet,locked,complete,computed,computed,eligible,eligible,unavailable_fewer_than_3_sections_or_downbeat_spans,,
human_musicnet_2523,30s,human_musicnet,locked,complete,computed,computed,eligible,eligible,unavailable_fewer_than_3_sections_or_downbeat_spans,,
human_musicnet_2527,30s,human_musicnet,locked,complete,computed,computed,eligible,eligible,unavailable_fewer_than_3_sections_or_downbeat_spans,,
human_musicnet_2528,30s,human_musicnet,locked,complete,computed,computed,eligible,unavailable_fewer_than_16_beats_or_invalid_intervals,unavailable_fewer_than_3_sections_or_downbeat_spans,,
human_musicnet_2529,30s,human_musicnet,locked,complete,computed,computed,eligible,eligible,unavailable_fewer_than_3_sections_or_downbeat_spans,,
human_musicnet_2530,30s,human_musicnet,locked,complete,computed,computed,eligible,eligible,unavailable_fewer_than_3_sections_or_downbeat_spans,,
human_musicnet_2531,30s,human_musicnet,locked,complete,computed,computed,eligible,eligible,unavailable_fewer_than_3_sections_or_downbeat_spans,,
human_musicnet_2532,30s,human_musicnet,locked,complete,computed,computed,eligible,eligible,unavailable_fewer_than_3_sections_or_downbeat_spans,,
human_musicnet_2533,30s,human_musicnet,locked,complete,computed,computed,eligible,eligible,unavailable_fewer_than_3_sections_or_downbeat_spans,,
human_musicnet_2537,30s,human_musicnet,locked,complete,computed,computed,eligible,eligible,unavailable_fewer_than_3_sections_or_downbeat_spans,,
human_musicnet_2538,30s,human_musicnet,locked,complete,computed,computed,eligible,eligible,unavailable_fewer_than_3_sections_or_downbeat_spans,,
human_musicnet_2540,30s,human_musicnet,locked,complete,computed,computed,eligible,eligible,unavailable_fewer_than_3_sections_or_downbeat_spans,,
human_musicnet_2542,30s,human_musicnet,locked,complete,computed,computed,eligible,eligible,unavailable_fewer_than_3_sections_or_downbeat_spans,,
human_musicnet_2550,30s,human_musicnet,locked,complete,computed,computed,eligible,eligible,unavailable_fewer_than_3_sections_or_downbeat_spans,,
human_musicnet_2555,30s,human_musicnet,locked,complete,computed,computed,eligible,eligible,unavailable_fewer_than_3_sections_or_downbeat_spans,,
human_musicnet_2557,30s,human_musicnet,locked,complete,computed,computed,eligible,eligible,unavailable_fewer_than_3_sections_or_downbeat_spans,,
human_musicnet_2560,30s,human_musicnet,locked,complete,computed,computed,eligible,eligible,unavailable_fewer_than_3_sections_or_downbeat_spans,,
human_musicnet_2562,30s,human_musicnet,locked,complete,computed,computed,eligible,eligible,unavailable_fewer_than_3_sections_or_downbeat_spans,,
human_musicnet_2564,30s,human_musicnet,locked,complete,computed,computed,eligible,eligible,unavailable_fewer_than_3_sections_or_downbeat_spans,,
human_musicnet_2566,30s,human_musicnet,locked,complete,computed,computed,eligible,eligible,unavailable_fewer_than_3_sections_or_downbeat_spans,,
human_musicnet_2567,30s,human_musicnet,locked,complete,computed,computed,eligible,eligible,unavailable_fewer_than_3_sections_or_downbeat_spans,,
human_musicnet_2568,30s,human_musicnet,locked,complete,computed,computed,eligible,eligible,unavailable_fewer_than_3_sections_or_downbeat_spans,,
human_musicnet_2570,30s,human_musicnet,locked,complete,computed,computed,eligible,eligible,unavailable_fewer_than_3_sections_or_downbeat_spans,,
human_musicnet_2571,30s,human_musicnet,locked,complete,computed,computed,eligible,eligible,unavailable_fewer_than_3_sections_or_downbeat_spans,,
human_musicnet_2572,30s,human_musicnet,locked,complete,computed,computed,eligible,eligible,unavailable_fewer_than_3_sections_or_downbeat_spans,,
human_musicnet_2573,30s,human_musicnet,locked,complete,computed,computed,eligible,eligible,unavailable_fewer_than_3_sections_or_downbeat_spans,,
human_musicnet_2575,30s,human_musicnet,locked,complete,computed,computed,eligible,unavailable_fewer_than_16_beats_or_invalid_intervals,unavailable_fewer_than_3_sections_or_downbeat_spans,,
human_musicnet_2576,30s,human_musicnet,locked,complete,computed,computed,eligible,eligible,unavailable_fewer_than_3_sections_or_downbeat_spans,,
human_musicnet_2581,30s,human_musicnet,locked,complete,computed,computed,eligible,eligible,unavailable_fewer_than_3_sections_or_downbeat_spans,,
human_musicnet_2582,30s,human_musicnet,locked,complete,computed,computed,eligible,eligible,unavailable_fewer_than_3_sections_or_downbeat_spans,,
human_musicnet_2586,30s,human_musicnet,locked,complete,computed,computed,eligible,eligible,unavailable_fewer_than_3_sections_or_downbeat_spans,,
human_musicnet_2588,30s,human_musicnet,locked,complete,computed,computed,eligible,eligible,unavailable_fewer_than_3_sections_or_downbeat_spans,,
human_musicnet_2590,30s,human_musicnet,locked,complete,computed,computed,eligible,eligible,unavailable_fewer_than_3_sections_or_downbeat_spans,,
human_musicnet_2591,30s,human_musicnet,locked,complete,computed,computed,eligible,eligible,unavailable_fewer_than_3_sections_or_downbeat_spans,,
human_musicnet_2593,30s,human_musicnet,locked,complete,computed,computed,eligible,eligible,unavailable_fewer_than_3_sections_or_downbeat_spans,,
human_musicnet_2594,30s,human_musicnet,locked,complete,computed,computed,eligible,eligible,unavailable_fewer_than_3_sections_or_downbeat_spans,,
human_musicnet_2595,30s,human_musicnet,locked,complete,computed,computed,eligible,eligible,unavailable_fewer_than_3_sections_or_downbeat_spans,,
human_musicnet_2596,30s,human_musicnet,locked,complete,computed,computed,eligible,eligible,unavailable_fewer_than_3_sections_or_downbeat_spans,,
human_musicnet_2603,30s,human_musicnet,locked,complete,computed,computed,eligible,eligible,unavailable_fewer_than_3_sections_or_downbeat_spans,,
human_musicnet_2607,30s,human_musicnet,locked,complete,computed,computed,eligible,eligible,unavailable_fewer_than_3_sections_or_downbeat_spans,,
human_musicnet_2608,30s,human_musicnet,locked,complete,computed,computed,eligible,eligible,unavailable_fewer_than_3_sections_or_downbeat_spans,,
human_musicnet_2611,30s,human_musicnet,locked,complete,computed,computed,eligible,eligible,unavailable_fewer_than_3_sections_or_downbeat_spans,,
human_musicnet_2614,30s,human_musicnet,locked,complete,computed,computed,eligible,unavailable_fewer_than_16_beats_or_invalid_intervals,unavailable_fewer_than_3_sections_or_downbeat_spans,,
human_musicnet_2618,30s,human_musicnet,locked,complete,computed,computed,eligible,eligible,eligible,,
human_musicnet_2619,30s,human_musicnet,locked,complete,computed,computed,eligible,eligible,unavailable_fewer_than_3_sections_or_downbeat_spans,,
human_musicnet_2620,30s,human_musicnet,locked,complete,computed,computed,eligible,eligible,unavailable_fewer_than_3_sections_or_downbeat_spans,,
human_musicnet_2621,30s,human_musicnet,locked,complete,computed,computed,eligible,eligible,unavailable_fewer_than_3_sections_or_downbeat_spans,,
human_musicnet_2622,30s,human_musicnet,locked,complete,computed,computed,eligible,eligible,unavailable_fewer_than_3_sections_or_downbeat_spans,,
human_musicnet_2626,30s,human_musicnet,locked,complete,computed,computed,eligible,eligible,unavailable_fewer_than_3_sections_or_downbeat_spans,,
human_musicnet_2627,30s,human_musicnet,locked,complete,computed,computed,eligible,eligible,unavailable_fewer_than_3_sections_or_downbeat_spans,,
human_musicnet_2629,30s,human_musicnet,locked,complete,computed,computed,eligible,eligible,unavailable_fewer_than_3_sections_or_downbeat_spans,,
human_musicnet_2632,30s,human_musicnet,locked,complete,computed,computed,eligible,eligible,unavailable_fewer_than_3_sections_or_downbeat_spans,,
human_musicnet_2633,30s,human_musicnet,locked,complete,computed,computed,eligible,eligible,unavailable_fewer_than_3_sections_or_downbeat_spans,,
human_musicnet_2659,30s,human_musicnet,locked,complete,computed,computed,eligible,eligible,unavailable_fewer_than_3_sections_or_downbeat_spans,,
human_musicnet_2677,30s,human_musicnet,locked,complete,computed,computed,eligible,eligible,unavailable_fewer_than_3_sections_or_downbeat_spans,,
human_musicnet_2678,30s,human_musicnet,locked,complete,computed,computed,eligible,eligible,unavailable_fewer_than_3_sections_or_downbeat_spans,,
human_medleydb_b8198172-337d-4d13-b811-4825800b3b57,30s,human_medleydb,development,complete,computed,computed,eligible,eligible,unavailable_fewer_than_3_sections_or_downbeat_spans,,
human_medleydb_9cb2c7ae-a7fc-4e00-9c03-7c9796c18d31,30s,human_medleydb,development,complete,computed,computed,eligible,eligible,unavailable_fewer_than_3_sections_or_downbeat_spans,,
human_medleydb_fdf1fa4e-b0a3-44bb-9ee2-f7d2627ea136,30s,human_medleydb,development,complete,computed,computed,eligible,eligible,unavailable_fewer_than_3_sections_or_downbeat_spans,,
human_medleydb_49e1276f-88d5-47fa-9477-3388b7946345,30s,human_medleydb,development,complete,computed,computed,eligible,eligible,unavailable_fewer_than_3_sections_or_downbeat_spans,,
human_medleydb_f6acaf68-7330-4acd-9287-7f80095a4207,30s,human_medleydb,development,complete,computed,computed,eligible,eligible,eligible,,
human_medleydb_3bbe4eb0-a2db-401e-99cb-0e90694f90dd,30s,human_medleydb,development,complete,computed,computed,eligible,eligible,unavailable_fewer_than_3_sections_or_downbeat_spans,,
human_medleydb_b0702a79-aa6e-4a0b-8c90-431e8bbe7e63,30s,human_medleydb,development,complete,computed,computed,eligible,eligible,unavailable_fewer_than_3_sections_or_downbeat_spans,,
human_medleydb_de48b6b6-2bc8-4a82-b79d-8a4ccd4bb883,30s,human_medleydb,development,complete,computed,computed,eligible,eligible,unavailable_fewer_than_3_sections_or_downbeat_spans,,
human_medleydb_7fdabb36-b5c4-4991-bee2-a9f0c303c8ea,30s,human_medleydb,development,complete,computed,computed,eligible,eligible,eligible,,
human_medleydb_14e980ff-1989-4cda-a6e5-fed45779466f,30s,human_medleydb,development,complete,computed,computed,eligible,eligible,eligible,,
human_medleydb_2218f8e3-7f94-4851-8f11-8cbf56795664,30s,human_medleydb,development,complete,computed,computed,eligible,eligible,eligible,,
human_medleydb_2fe5bff5-7865-4e06-a08b-aa6366ee2d3f,30s,human_medleydb,development,complete,computed,computed,eligible,eligible,unavailable_fewer_than_3_sections_or_downbeat_spans,,
human_medleydb_30af284c-7884-40eb-b6a5-31e92b20a168,30s,human_medleydb,development,complete,computed,computed,eligible,eligible,eligible,,
human_medleydb_0d5bbca7-e009-41a9-92c0-c834fb5bcdd3,30s,human_medleydb,development,complete,computed,computed,eligible,eligible,unavailable_fewer_than_3_sections_or_downbeat_spans,,
human_medleydb_700839ef-2971-4f6d-a1f6-651939dccb7d,30s,human_medleydb,development,complete,computed,computed,eligible,eligible,unavailable_fewer_than_3_sections_or_downbeat_spans,,
human_medleydb_189bcc26-8055-4859-9512-8c45640329bf,30s,human_medleydb,development,complete,computed,computed,eligible,eligible,unavailable_fewer_than_3_sections_or_downbeat_spans,,
human_medleydb_dfc4e80e-6277-49a0-a7c4-97805f05e324,30s,human_medleydb,development,complete,computed,computed,eligible,eligible,unavailable_fewer_than_3_sections_or_downbeat_spans,,
human_medleydb_487771a2-70ef-4a86-9a52-f1743be4a2c7,30s,human_medleydb,development,complete,computed,computed,eligible,eligible,eligible,,
human_medleydb_0fbf1536-60eb-4549-9673-cb8bedf4487c,30s,human_medleydb,development,complete,computed,computed,eligible,eligible,eligible,,
human_medleydb_5c8de2ac-e8d4-4a2a-a555-33d3b04ab597,30s,human_medleydb,development,complete,computed,computed,eligible,eligible,eligible,,
human_medleydb_ad23841f-8615-41bf-b2eb-1a932d490aed,30s,human_medleydb,development,complete,computed,computed,eligible,eligible,eligible,,
human_medleydb_fb7cf3b2-0906-45c2-9468-fdd984007563,30s,human_medleydb,development,complete,computed,computed,eligible,eligible,unavailable_fewer_than_3_sections_or_downbeat_spans,,
human_medleydb_1dfc4baf-3a27-48ba-bdbe-b1a6ec430fa2,30s,human_medleydb,development,complete,computed,computed,eligible,eligible,eligible,,
human_medleydb_100f5931-316e-4e7b-a362-cc63e0ff985c,30s,human_medleydb,development,complete,computed,computed,eligible,eligible,unavailable_fewer_than_3_sections_or_downbeat_spans,,
human_medleydb_257d887a-d31f-4b91-ace6-544c6ec0dd58,30s,human_medleydb,development,complete,computed,computed,eligible,eligible,unavailable_fewer_than_3_sections_or_downbeat_spans,,
human_medleydb_c7096094-aa22-4df2-bdf7-fd77a5dde9b7,30s,human_medleydb,development,complete,computed,computed,eligible,eligible,unavailable_fewer_than_3_sections_or_downbeat_spans,,
human_medleydb_8dafb116-2bfb-4f03-9799-748378e47efb,30s,human_medleydb,development,complete,computed,computed,eligible,eligible,eligible,,
human_medleydb_a6074057-dae5-42ec-ace7-a22358e704c1,30s,human_medleydb,development,complete,computed,computed,eligible,eligible,eligible,,
human_medleydb_1d133e09-ec60-4816-b013-4090fc013bed,30s,human_medleydb,development,complete,computed,computed,eligible,eligible,unavailable_fewer_than_3_sections_or_downbeat_spans,,
human_medleydb_9ce1bf7c-3fec-4038-af7a-cc2adb9c50c8,30s,human_medleydb,development,complete,computed,computed,eligible,eligible,unavailable_fewer_than_3_sections_or_downbeat_spans,,
human_medleydb_85d03a41-ef36-436f-a8be-4e13297ef869,30s,human_medleydb,development,complete,computed,computed,eligible,eligible,unavailable_fewer_than_3_sections_or_downbeat_spans,,
human_medleydb_cc9c7398-34bc-47cc-815e-081df650f0a3,30s,human_medleydb,development,complete,computed,computed,eligible,eligible,unavailable_fewer_than_3_sections_or_downbeat_spans,,
human_medleydb_bb145f66-c718-42f3-a020-6286e53c07c8,30s,human_medleydb,development,complete,computed,computed,eligible,eligible,unavailable_fewer_than_3_sections_or_downbeat_spans,,
human_medleydb_2517db40-9159-4480-a9fd-e6298361f170,30s,human_medleydb,development,complete,computed,computed,eligible,eligible,eligible,,
human_medleydb_d3e879e0-0b00-4ee8-a267-3c2407535811,30s,human_medleydb,development,complete,computed,computed,eligible,eligible,unavailable_fewer_than_3_sections_or_downbeat_spans,,
human_medleydb_c0cecc23-4572-465c-91de-16183a23547f,30s,human_medleydb,development,complete,computed,computed,eligible,eligible,unavailable_fewer_than_3_sections_or_downbeat_spans,,
human_medleydb_532914fc-dc95-4a6c-8349-c54e1f4a7906,30s,human_medleydb,development,complete,computed,computed,eligible,eligible,unavailable_fewer_than_3_sections_or_downbeat_spans,,
human_medleydb_2d077fcb-e657-4194-aecd-08f11114ba6a,30s,human_medleydb,development,complete,computed,computed,eligible,eligible,unavailable_fewer_than_3_sections_or_downbeat_spans,,
human_medleydb_8986bcfe-c9f5-43b4-b116-b980d56f9620,30s,human_medleydb,development,complete,computed,computed,eligible,eligible,unavailable_fewer_than_3_sections_or_downbeat_spans,,
human_medleydb_74a04b77-facd-4079-933e-08b5f3e30cee,30s,human_medleydb,development,complete,computed,computed,eligible,eligible,unavailable_fewer_than_3_sections_or_downbeat_spans,,
human_medleydb_e3d28c67-f1ea-4d9e-9de1-bcae1703e419,30s,human_medleydb,development,complete,computed,computed,eligible,eligible,eligible,,
human_medleydb_f620bbc7-0154-46d1-bfd9-d16452129ebb,30s,human_medleydb,development,complete,computed,computed,eligible,eligible,unavailable_fewer_than_3_sections_or_downbeat_spans,,
human_medleydb_17ef0f5c-c038-4113-ade0-74b8be0b9566,30s,human_medleydb,development,complete,computed,computed,eligible,eligible,unavailable_fewer_than_3_sections_or_downbeat_spans,,
human_medleydb_f16310a8-6362-47db-a52a-f2126c8854c5,30s,human_medleydb,development,complete,computed,computed,eligible,eligible,unavailable_fewer_than_3_sections_or_downbeat_spans,,
human_medleydb_37c35c5c-3060-4c65-8328-5c72fe35f0b2,30s,human_medleydb,development,complete,computed,computed,eligible,eligible,unavailable_fewer_than_3_sections_or_downbeat_spans,,
human_medleydb_710b0dc0-dd8b-4f2d-b616-7db783100da6,30s,human_medleydb,development,complete,computed,computed,eligible,eligible,unavailable_fewer_than_3_sections_or_downbeat_spans,,
human_medleydb_7782c26d-f69b-4d15-ae22-539637aecb49,30s,human_medleydb,development,complete,computed,computed,eligible,eligible,eligible,,
human_medleydb_307effca-e943-47e7-be05-4454bc44e784,30s,human_medleydb,development,complete,computed,computed,eligible,eligible,unavailable_fewer_than_3_sections_or_downbeat_spans,,
human_medleydb_320ddf23-b0e8-4196-bada-98bab771b139,30s,human_medleydb,development,complete,computed,computed,eligible,eligible,unavailable_fewer_than_3_sections_or_downbeat_spans,,
human_medleydb_dad82f7f-963c-4f1f-ad4e-e41c67cd3e22,30s,human_medleydb,development,complete,computed,computed,eligible,eligible,unavailable_fewer_than_3_sections_or_downbeat_spans,,
human_medleydb_9ee0faea-9354-4518-9633-c567b284b15e,30s,human_medleydb,development,complete,computed,computed,eligible,eligible,unavailable_fewer_than_3_sections_or_downbeat_spans,,
human_medleydb_5d81fa87-294c-4572-85aa-82c0e9c03eab,30s,human_medleydb,development,complete,computed,computed,eligible,eligible,unavailable_fewer_than_3_sections_or_downbeat_spans,,
human_medleydb_3516baa0-5996-4bcd-b794-8397c259d5bc,30s,human_medleydb,development,complete,computed,computed,eligible,eligible,unavailable_fewer_than_3_sections_or_downbeat_spans,,
human_medleydb_a6f550f3-e901-4ca5-9e93-b27bad5b00dc,30s,human_medleydb,development,complete,computed,computed,eligible,eligible,unavailable_fewer_than_3_sections_or_downbeat_spans,,
human_medleydb_e686693f-26bf-4830-9c93-7aaff9f31585,30s,human_medleydb,development,complete,computed,computed,eligible,eligible,eligible,,
human_medleydb_e5140d87-a97d-42c0-abec-6d488b00bf39,30s,human_medleydb,development,complete,computed,computed,eligible,eligible,eligible,,
human_medleydb_7f2ccb42-e40c-496a-9d3b-eba23f2d405f,30s,human_medleydb,development,complete,computed,computed,eligible,eligible,unavailable_fewer_than_3_sections_or_downbeat_spans,,
human_medleydb_dcad6565-79de-442e-b08c-85f7e21c6b4a,30s,human_medleydb,development,complete,computed,computed,eligible,eligible,unavailable_fewer_than_3_sections_or_downbeat_spans,,
human_medleydb_4b796025-4c38-470e-ac7b-0a3ab44f5b1f,30s,human_medleydb,development,complete,computed,computed,eligible,eligible,unavailable_fewer_than_3_sections_or_downbeat_spans,,
human_medleydb_893ced59-2d0f-4e4f-8760-415c73d4a473,30s,human_medleydb,development,complete,computed,computed,eligible,eligible,unavailable_fewer_than_3_sections_or_downbeat_spans,,
human_medleydb_74b43693-d141-4b8c-b1cc-05cd5b5523e5,30s,human_medleydb,development,complete,computed,computed,eligible,eligible,unavailable_fewer_than_3_sections_or_downbeat_spans,,
human_medleydb_28991e5b-ff5a-44cb-86c7-08eeb502d627,30s,human_medleydb,development,complete,computed,computed,eligible,eligible,unavailable_fewer_than_3_sections_or_downbeat_spans,,
human_medleydb_a12ab166-1958-4bfb-a551-fc70431c5b96,30s,human_medleydb,development,complete,computed,computed,eligible,eligible,unavailable_fewer_than_3_sections_or_downbeat_spans,,
human_medleydb_17b63123-b367-4c15-b4b8-a06f84aa0cc8,30s,human_medleydb,development,complete,computed,computed,eligible,eligible,unavailable_fewer_than_3_sections_or_downbeat_spans,,
human_medleydb_1481744f-5206-4de1-b623-58f68574bf95,30s,human_medleydb,development,complete,computed,computed,eligible,eligible,unavailable_fewer_than_3_sections_or_downbeat_spans,,
human_medleydb_1aea0971-609e-431c-b3c1-c2f82b23c8a4,30s,human_medleydb,development,complete,computed,computed,eligible,eligible,unavailable_fewer_than_3_sections_or_downbeat_spans,,
human_medleydb_b927c74a-6a75-42e7-93fb-9a8ccb420bc1,30s,human_medleydb,development,complete,computed,computed,eligible,eligible,unavailable_fewer_than_3_sections_or_downbeat_spans,,
human_medleydb_e8be1606-bf88-424f-b8fd-d03d2681ac4a,30s,human_medleydb,development,complete,computed,computed,eligible,eligible,eligible,,
human_medleydb_30dbd936-bdb3-493b-bab0-447aa7a4c49f,30s,human_medleydb,development,complete,computed,computed,eligible,eligible,unavailable_fewer_than_3_sections_or_downbeat_spans,,
human_medleydb_63f18657-c511-4b9e-bc5e-d03048646647,30s,human_medleydb,development,complete,computed,computed,eligible,eligible,unavailable_fewer_than_3_sections_or_downbeat_spans,,
human_medleydb_db83ac3b-cf68-4007-bc77-10cf7c3478c5,30s,human_medleydb,development,complete,computed,computed,eligible,eligible,unavailable_fewer_than_3_sections_or_downbeat_spans,,
human_medleydb_ab30e447-029e-4084-99a6-70fb26227e04,30s,human_medleydb,development,complete,computed,computed,eligible,eligible,unavailable_fewer_than_3_sections_or_downbeat_spans,,
human_medleydb_ca7ff574-9043-4d4c-a621-3be8f8fe5f18,30s,human_medleydb,development,complete,computed,computed,eligible,eligible,eligible,,
human_medleydb_090d3238-1fd4-46d9-b783-d7a9fc80a5de,30s,human_medleydb,development,complete,computed,computed,eligible,eligible,eligible,,
human_medleydb_684e56e6-a1bf-4395-b404-bfd6191a7c9d,30s,human_medleydb,development,complete,computed,computed,eligible,eligible,unavailable_fewer_than_3_sections_or_downbeat_spans,,
human_medleydb_54eb5443-f5a5-47cc-9a8b-0671ffe05ec5,30s,human_medleydb,development,complete,computed,computed,eligible,eligible,unavailable_fewer_than_3_sections_or_downbeat_spans,,
human_medleydb_0d0b882e-fda7-4540-b955-8d2652a69f71,30s,human_medleydb,development,complete,computed,computed,eligible,eligible,unavailable_fewer_than_3_sections_or_downbeat_spans,,
human_medleydb_9ab5c27e-bb58-48d0-b365-34f215e2d922,30s,human_medleydb,development,complete,computed,computed,eligible,eligible,unavailable_fewer_than_3_sections_or_downbeat_spans,,
human_medleydb_d5736496-b9bf-4ab4-9af9-4b0557fe0c46,30s,human_medleydb,development,complete,computed,computed,eligible,eligible,unavailable_fewer_than_3_sections_or_downbeat_spans,,
human_medleydb_1d97bf72-5c33-44dd-869d-7fe50fd9b2c2,30s,human_medleydb,development,complete,computed,computed,eligible,eligible,unavailable_fewer_than_3_sections_or_downbeat_spans,,
human_medleydb_59cf97a3-b368-47cf-827a-e3658e7dc537,30s,human_medleydb,development,complete,computed,computed,eligible,eligible,unavailable_fewer_than_3_sections_or_downbeat_spans,,
human_medleydb_795d243f-3297-4d1f-971a-a4ac73f52e67,30s,human_medleydb,development,complete,computed,computed,eligible,eligible,eligible,,
human_medleydb_a39c435b-86a3-4f4e-8427-27070b995a5d,30s,human_medleydb,development,complete,computed,computed,eligible,eligible,unavailable_fewer_than_3_sections_or_downbeat_spans,,
human_medleydb_aae83dfb-bb31-418d-85e0-95c12158b52c,30s,human_medleydb,development,complete,computed,computed,eligible,eligible,unavailable_fewer_than_3_sections_or_downbeat_spans,,
human_medleydb_4051bf00-bcf9-4c59-9abb-ded4507872bf,30s,human_medleydb,development,complete,computed,computed,eligible,eligible,unavailable_fewer_than_3_sections_or_downbeat_spans,,
human_medleydb_37f56a89-a03f-4bf3-a105-9919f0098520,30s,human_medleydb,development,complete,computed,computed,eligible,eligible,unavailable_fewer_than_3_sections_or_downbeat_spans,,
human_medleydb_83623d98-fdec-4a9f-b6aa-5291373a3fb4,30s,human_medleydb,development,complete,computed,computed,eligible,eligible,unavailable_fewer_than_3_sections_or_downbeat_spans,,
human_medleydb_e32a1ea2-f33f-4c1a-84a0-4beb469c1cfd,30s,human_medleydb,development,complete,computed,computed,eligible,eligible,unavailable_fewer_than_3_sections_or_downbeat_spans,,
human_medleydb_da7f883c-6999-4089-ad1e-d5e6551ed1a5,30s,human_medleydb,development,complete,computed,computed,eligible,eligible,unavailable_fewer_than_3_sections_or_downbeat_spans,,
human_medleydb_cfbc61f9-0cb8-47bc-b156-c948b0bb701d,30s,human_medleydb,development,complete,computed,computed,eligible,eligible,unavailable_fewer_than_3_sections_or_downbeat_spans,,
human_medleydb_b69ef3ab-4134-4dc5-9183-53f5154a9aed,30s,human_medleydb,development,complete,computed,computed,eligible,eligible,unavailable_fewer_than_3_sections_or_downbeat_spans,,
human_medleydb_33e4ab05-94ec-4089-99ae-f72e6bd9984c,30s,human_medleydb,development,complete,computed,computed,eligible,eligible,unavailable_fewer_than_3_sections_or_downbeat_spans,,
human_medleydb_a4c7ddd1-428a-4d52-938d-9a9ab2be31e4,30s,human_medleydb,development,complete,computed,computed,eligible,eligible,unavailable_fewer_than_3_sections_or_downbeat_spans,,
human_medleydb_cd68c391-e4ad-43f8-91f8-42bfc9bc264f,30s,human_medleydb,development,complete,computed,computed,eligible,eligible,unavailable_fewer_than_3_sections_or_downbeat_spans,,
human_medleydb_5b1ab02a-7045-4560-b391-5d18df2179d2,30s,human_medleydb,development,complete,computed,computed,eligible,eligible,eligible,,
human_medleydb_d99e3af3-7e6a-466c-a7d1-7eb767de324e,30s,human_medleydb,development,complete,computed,computed,eligible,eligible,eligible,,
human_medleydb_fc7c8bba-8071-4d52-a735-a206bbff9363,30s,human_medleydb,development,complete,computed,computed,eligible,eligible,unavailable_fewer_than_3_sections_or_downbeat_spans,,
human_medleydb_9a4d14b9-c79b-4d0b-b858-847d360b8d81,30s,human_medleydb,development,complete,computed,computed,eligible,eligible,unavailable_fewer_than_3_sections_or_downbeat_spans,,
human_medleydb_eb41fe63-14c3-4891-a5cc-4d20302e7ed7,30s,human_medleydb,development,complete,computed,computed,eligible,eligible,unavailable_fewer_than_3_sections_or_downbeat_spans,,
human_medleydb_f35af9a6-694f-4d31-956a-c93e62c42014,30s,human_medleydb,development,complete,computed,computed,eligible,eligible,unavailable_fewer_than_3_sections_or_downbeat_spans,,
human_medleydb_dd7119b9-f1be-46a2-b83f-a4e5358cf234,30s,human_medleydb,development,complete,computed,computed,eligible,eligible,unavailable_fewer_than_3_sections_or_downbeat_spans,,
human_medleydb_92a66485-b33f-4aaf-8676-35e3391a043c,30s,human_medleydb,development,complete,computed,computed,eligible,eligible,unavailable_fewer_than_3_sections_or_downbeat_spans,,
human_medleydb_20b8c46e-b72c-4f37-9919-7f41c8a4729d,30s,human_medleydb,development,complete,computed,computed,eligible,eligible,unavailable_fewer_than_3_sections_or_downbeat_spans,,
human_medleydb_5aa51452-2f04-4286-aae8-74dbc233a4f9,30s,human_medleydb,development,complete,computed,computed,eligible,eligible,eligible,,
human_medleydb_6c22efff-dfbf-4708-923d-82337ebe19e3,30s,human_medleydb,development,complete,computed,computed,eligible,eligible,unavailable_fewer_than_3_sections_or_downbeat_spans,,
human_medleydb_49f22db9-16e8-4f99-9e7b-80148963d232,30s,human_medleydb,development,complete,computed,computed,eligible,eligible,unavailable_fewer_than_3_sections_or_downbeat_spans,,
human_medleydb_118f3233-99f3-41fd-9fae-100087ec08db,30s,human_medleydb,development,complete,computed,computed,eligible,eligible,unavailable_fewer_than_3_sections_or_downbeat_spans,,
human_medleydb_3bd94d17-9c35-4d3f-956b-474bba2ced5b,30s,human_medleydb,development,complete,computed,computed,eligible,eligible,eligible,,
human_medleydb_024ebfff-8eb1-40d1-9894-6d200a196208,30s,human_medleydb,development,complete,computed,computed,eligible,eligible,eligible,,
human_medleydb_b97e479e-857f-42b8-8b9f-2008e514c4f0,30s,human_medleydb,development,complete,computed,computed,eligible,eligible,eligible,,
human_medleydb_f777ad13-66d2-4114-9368-eeb81c5b1ce7,30s,human_medleydb,development,complete,computed,computed,eligible,eligible,unavailable_fewer_than_3_sections_or_downbeat_spans,,
human_medleydb_1d6801ae-19f6-4aca-921d-f81bd3809259,30s,human_medleydb,development,complete,computed,computed,eligible,eligible,unavailable_fewer_than_3_sections_or_downbeat_spans,,
human_medleydb_6b371ecf-99b5-4bc4-8065-ea3636670a3c,30s,human_medleydb,development,complete,computed,computed,eligible,eligible,unavailable_fewer_than_3_sections_or_downbeat_spans,,
human_medleydb_0267d505-8304-473d-bd99-4cd18883238f,30s,human_medleydb,development,complete,computed,computed,eligible,eligible,unavailable_fewer_than_3_sections_or_downbeat_spans,,
human_medleydb_2391411b-8dc8-4f62-b44e-15687b3f4e5d,30s,human_medleydb,development,complete,computed,computed,eligible,eligible,unavailable_fewer_than_3_sections_or_downbeat_spans,,
human_medleydb_9b4f4cc5-9a5f-4689-bb38-9da29613a614,30s,human_medleydb,development,complete,computed,computed,eligible,eligible,unavailable_fewer_than_3_sections_or_downbeat_spans,,
human_medleydb_896da6d3-0545-4e11-9f39-243264f8bea1,30s,human_medleydb,development,complete,computed,computed,eligible,eligible,unavailable_fewer_than_3_sections_or_downbeat_spans,,
human_medleydb_930b55ce-3f90-498c-bc06-e3dbcb63365c,30s,human_medleydb,development,complete,computed,computed,eligible,eligible,eligible,,
human_medleydb_c074d159-cd01-41a5-a02f-6122678db37b,30s,human_medleydb,development,complete,computed,computed,eligible,eligible,unavailable_fewer_than_3_sections_or_downbeat_spans,,
human_medleydb_0006d77f-b040-41c8-a37e-9400f04e655e,30s,human_medleydb,development,complete,computed,computed,eligible,eligible,eligible,,
human_medleydb_38e4a598-900e-48bb-95e9-b74ecfac6df0,30s,human_medleydb,development,complete,computed,computed,eligible,eligible,unavailable_fewer_than_3_sections_or_downbeat_spans,,
human_medleydb_c2c318fd-01cb-44d9-8d44-aea04f6a85e0,30s,human_medleydb,development,complete,computed,computed,eligible,eligible,unavailable_fewer_than_3_sections_or_downbeat_spans,,
human_medleydb_67b13ebe-4f80-45c3-8b7d-326808390534,30s,human_medleydb,development,complete,computed,computed,eligible,eligible,eligible,,
human_medleydb_686f691b-035c-4667-92c5-165930bf0b00,30s,human_medleydb,development,complete,computed,computed,eligible,eligible,unavailable_fewer_than_3_sections_or_downbeat_spans,,
human_medleydb_bc59af25-1975-4a6b-8b3c-a433b41fe460,30s,human_medleydb,development,complete,computed,computed,eligible,eligible,unavailable_fewer_than_3_sections_or_downbeat_spans,,
human_medleydb_61811f24-e8ea-423d-96bf-881150995810,30s,human_medleydb,development,complete,computed,computed,eligible,eligible,unavailable_fewer_than_3_sections_or_downbeat_spans,,
human_medleydb_e78ef6dc-87f8-40db-90a1-6bb4e4e226c1,30s,human_medleydb,development,complete,computed,computed,eligible,eligible,unavailable_fewer_than_3_sections_or_downbeat_spans,,
human_medleydb_362a4cb0-30b5-4012-8e75-a91184f3a56b,30s,human_medleydb,development,complete,computed,computed,eligible,eligible,unavailable_fewer_than_3_sections_or_downbeat_spans,,
human_medleydb_eab9c582-4dfa-4b7a-9290-d2950472c94d,30s,human_medleydb,development,complete,computed,computed,eligible,eligible,unavailable_fewer_than_3_sections_or_downbeat_spans,,
human_medleydb_55339ae4-cbf9-48f1-a520-9500492bec7a,30s,human_medleydb,development,complete,computed,computed,eligible,eligible,unavailable_fewer_than_3_sections_or_downbeat_spans,,
human_medleydb_5d2bb28c-223b-4c81-b4ce-ebc10ddb54bc,30s,human_medleydb,development,complete,computed,computed,eligible,eligible,unavailable_fewer_than_3_sections_or_downbeat_spans,,
human_medleydb_bebb6331-4c99-4b59-9fa3-32f488f54e60,30s,human_medleydb,development,complete,computed,computed,eligible,eligible,unavailable_fewer_than_3_sections_or_downbeat_spans,,
human_medleydb_c1c7ec79-4e31-43d9-8e6b-402fded521a7,30s,human_medleydb,development,complete,computed,computed,eligible,eligible,unavailable_fewer_than_3_sections_or_downbeat_spans,,
human_medleydb_51f2de71-9672-4c43-9a62-e435aaf6ae9a,30s,human_medleydb,development,complete,computed,computed,eligible,eligible,unavailable_fewer_than_3_sections_or_downbeat_spans,,
human_medleydb_93d88e87-320a-414d-bc80-90df5747fa77,30s,human_medleydb,development,complete,computed,computed,eligible,eligible,unavailable_fewer_than_3_sections_or_downbeat_spans,,
human_medleydb_fda6b5e5-2e3b-4f39-a765-1e3f4f6f0747,30s,human_medleydb,development,complete,computed,computed,eligible,eligible,unavailable_fewer_than_3_sections_or_downbeat_spans,,
human_medleydb_e77e3528-5d6d-460e-89e8-9ff1e4739563,30s,human_medleydb,development,complete,computed,computed,eligible,eligible,eligible,,
human_medleydb_7a721663-9df7-4f00-aa92-220c7ee77695,30s,human_medleydb,development,complete,computed,computed,eligible,eligible,eligible,,
human_medleydb_ffbc0530-c42a-4cd9-a50b-437997089783,30s,human_medleydb,development,complete,computed,computed,eligible,eligible,eligible,,
human_medleydb_733edd30-3400-489d-b3d6-1b5e8d9b377b,30s,human_medleydb,development,complete,computed,computed,eligible,eligible,unavailable_fewer_than_3_sections_or_downbeat_spans,,
human_medleydb_adab2bab-3719-43f3-aa32-bb54c86e00ea,30s,human_medleydb,development,complete,computed,computed,eligible,eligible,unavailable_fewer_than_3_sections_or_downbeat_spans,,
human_medleydb_9cabe915-1ef3-4360-b453-ed2c10f27b22,30s,human_medleydb,development,complete,computed,computed,eligible,eligible,unavailable_fewer_than_3_sections_or_downbeat_spans,,
human_medleydb_ff4f87d5-091e-47c5-a9bf-ed9fe7a6bc60,30s,human_medleydb,development,complete,computed,computed,eligible,eligible,unavailable_fewer_than_3_sections_or_downbeat_spans,,
human_medleydb_578d186f-d400-4c1f-b229-2cc3f1e216a6,30s,human_medleydb,development,complete,computed,computed,eligible,eligible,unavailable_fewer_than_3_sections_or_downbeat_spans,,
human_medleydb_7bb672f1-c779-495d-a524-040b810cb4dd,30s,human_medleydb,development,complete,computed,computed,eligible,eligible,eligible,,
human_medleydb_65424889-b8e2-4207-baf8-44e1eca627a4,30s,human_medleydb,development,complete,computed,computed,eligible,eligible,unavailable_fewer_than_3_sections_or_downbeat_spans,,
human_medleydb_659975db-94ad-4de9-bdaa-b2b3adff6e8e,30s,human_medleydb,development,complete,computed,computed,eligible,eligible,unavailable_fewer_than_3_sections_or_downbeat_spans,,
human_medleydb_d1ab8ef3-bee9-4504-8466-71859a406851,30s,human_medleydb,development,complete,computed,computed,eligible,eligible,unavailable_fewer_than_3_sections_or_downbeat_spans,,
human_medleydb_0ed22473-be4f-4c2c-ba25-636a574cda90,30s,human_medleydb,development,complete,computed,computed,eligible,eligible,eligible,,
human_medleydb_da32a44f-0d57-4b59-b7e0-9e3a8c6caec1,30s,human_medleydb,development,complete,computed,computed,eligible,eligible,unavailable_fewer_than_3_sections_or_downbeat_spans,,
human_medleydb_6dea6f4b-aba1-4812-9c10-f79685dd3a8a,30s,human_medleydb,development,complete,computed,computed,eligible,eligible,unavailable_fewer_than_3_sections_or_downbeat_spans,,
human_medleydb_da672ef5-9e5c-4abd-813e-f8bdc0b24c18,30s,human_medleydb,development,complete,computed,computed,eligible,eligible,unavailable_fewer_than_3_sections_or_downbeat_spans,,
human_medleydb_6f0c81ca-398e-489e-8759-2a567109e380,30s,human_medleydb,development,complete,computed,computed,eligible,eligible,unavailable_fewer_than_3_sections_or_downbeat_spans,,
human_medleydb_f5cabd03-fde3-4534-94e3-77a3330eafd2,30s,human_medleydb,development,complete,computed,computed,eligible,eligible,unavailable_fewer_than_3_sections_or_downbeat_spans,,
human_medleydb_0c48a5d3-0721-4218-8969-dea783707af4,30s,human_medleydb,development,complete,computed,computed,eligible,eligible,unavailable_fewer_than_3_sections_or_downbeat_spans,,
human_medleydb_c367d0f3-b5ac-4839-8178-3995d68abc52,30s,human_medleydb,development,complete,computed,computed,eligible,eligible,unavailable_fewer_than_3_sections_or_downbeat_spans,,
human_medleydb_95a3afdf-6195-4bb8-84a3-f65c5aee5973,30s,human_medleydb,development,complete,computed,computed,eligible,eligible,unavailable_fewer_than_3_sections_or_downbeat_spans,,
human_medleydb_8382cc63-0061-423b-b21a-825422d870b0,30s,human_medleydb,development,complete,computed,computed,eligible,eligible,unavailable_fewer_than_3_sections_or_downbeat_spans,,
human_medleydb_8ab8119e-d5a6-46a0-96ca-b92e704b65eb,30s,human_medleydb,development,complete,computed,computed,eligible,eligible,unavailable_fewer_than_3_sections_or_downbeat_spans,,
human_medleydb_05cea7bc-5266-4851-b515-47049b2e48e0,30s,human_medleydb,development,complete,computed,computed,eligible,eligible,unavailable_fewer_than_3_sections_or_downbeat_spans,,
human_medleydb_54e97451-b853-4fab-9a22-a28be7d9e69f,30s,human_medleydb,development,complete,computed,computed,eligible,eligible,unavailable_fewer_than_3_sections_or_downbeat_spans,,
human_medleydb_3cef2107-a995-4bf3-b2d9-8e6159703e87,30s,human_medleydb,development,complete,computed,computed,eligible,eligible,unavailable_fewer_than_3_sections_or_downbeat_spans,,
human_medleydb_8794fe08-3fdb-48f0-b55e-2b7db031580b,30s,human_medleydb,development,complete,computed,computed,eligible,eligible,unavailable_fewer_than_3_sections_or_downbeat_spans,,
human_medleydb_95d6fbe3-7e8f-437c-920a-d44d92bfe681,30s,human_medleydb,development,complete,computed,computed,eligible,eligible,unavailable_fewer_than_3_sections_or_downbeat_spans,,
human_medleydb_db130824-ae33-4dcb-8a43-d25cdddb9aa1,30s,human_medleydb,development,complete,computed,computed,eligible,eligible,unavailable_fewer_than_3_sections_or_downbeat_spans,,
human_medleydb_b6de3084-7ca3-414b-806c-9d8a6cb5b0b0,30s,human_medleydb,development,complete,computed,computed,eligible,eligible,unavailable_fewer_than_3_sections_or_downbeat_spans,,
human_medleydb_9aedc5eb-c9d6-4de9-83f1-bca32f6151d1,30s,human_medleydb,development,complete,computed,computed,eligible,eligible,unavailable_fewer_than_3_sections_or_downbeat_spans,,
human_medleydb_d41fd98f-4366-4dae-9ed2-0db5296c21b3,30s,human_medleydb,development,complete,computed,computed,eligible,eligible,unavailable_fewer_than_3_sections_or_downbeat_spans,,
human_moisesdb_f7a94943-53b5-46c9-af42-a38db5492886,30s,human_moisesdb,development,complete,computed,computed,eligible,eligible,unavailable_fewer_than_3_sections_or_downbeat_spans,,
human_moisesdb_d7ac75f4-c00b-4a70-9cb9-19ce88d45b1f,30s,human_moisesdb,development,complete,computed,computed,eligible,eligible,unavailable_fewer_than_3_sections_or_downbeat_spans,,
human_moisesdb_25c909a8-5346-4ac4-872c-5be5c75b8903,30s,human_moisesdb,development,complete,computed,computed,eligible,eligible,unavailable_fewer_than_3_sections_or_downbeat_spans,,
human_moisesdb_f4dc370a-5c61-469e-8b81-6de70b83f45b,30s,human_moisesdb,development,complete,computed,computed,eligible,eligible,eligible,,
human_moisesdb_dcdc5e9b-599c-4638-8ca5-669e02db4a6f,30s,human_moisesdb,development,complete,computed,computed,eligible,eligible,unavailable_fewer_than_3_sections_or_downbeat_spans,,
human_moisesdb_9afbc5ac-c550-4e50-9e04-76cc71fbd2bd,30s,human_moisesdb,development,complete,computed,computed,eligible,eligible,unavailable_fewer_than_3_sections_or_downbeat_spans,,
human_moisesdb_d0847684-24cb-4df5-954c-31833f6504bf,30s,human_moisesdb,development,complete,computed,computed,eligible,eligible,unavailable_fewer_than_3_sections_or_downbeat_spans,,
human_moisesdb_90a3c5f6-d798-4f89-a4bc-b9016a56252c,30s,human_moisesdb,development,complete,computed,computed,eligible,eligible,eligible,,
human_moisesdb_783f331b-5844-4ed3-8904-7fa25e94f182,30s,human_moisesdb,development,complete,computed,computed,eligible,eligible,unavailable_fewer_than_3_sections_or_downbeat_spans,,
human_moisesdb_140d4cbc-23d6-49bb-9365-51087a51f3f8,30s,human_moisesdb,development,complete,computed,computed,eligible,eligible,eligible,,
human_moisesdb_0849b9ae-be4b-4d60-9b0e-ac629867de43,30s,human_moisesdb,development,complete,computed,computed,eligible,eligible,eligible,,
human_moisesdb_59675e1f-d5ae-4a35-adcb-6c19afe51aa2,30s,human_moisesdb,development,complete,computed,computed,eligible,eligible,unavailable_fewer_than_3_sections_or_downbeat_spans,,
human_moisesdb_42b4b059-33eb-48f9-8d69-efd1578c6998,30s,human_moisesdb,development,complete,computed,computed,eligible,eligible,unavailable_fewer_than_3_sections_or_downbeat_spans,,
human_moisesdb_97062af1-df66-457c-b029-8872f5b544f2,30s,human_moisesdb,development,complete,computed,computed,eligible,eligible,unavailable_fewer_than_3_sections_or_downbeat_spans,,
human_moisesdb_ca34b92f-fec4-46c1-a8be-61754d1dd6bc,30s,human_moisesdb,development,complete,computed,computed,eligible,eligible,unavailable_fewer_than_3_sections_or_downbeat_spans,,
human_moisesdb_a38bcc83-084a-4cb7-aed2-0467148b25c6,30s,human_moisesdb,development,complete,computed,computed,eligible,eligible,unavailable_fewer_than_3_sections_or_downbeat_spans,,
human_moisesdb_b2b799b0-507f-484a-852e-b88458a767e0,30s,human_moisesdb,development,complete,computed,computed,eligible,eligible,unavailable_fewer_than_3_sections_or_downbeat_spans,,
human_moisesdb_573706eb-fcd9-4794-b90e-6eb38622903f,30s,human_moisesdb,development,complete,computed,computed,eligible,eligible,unavailable_fewer_than_3_sections_or_downbeat_spans,,
human_moisesdb_3fa79c72-190a-4978-b3ca-16c1dd9c08b8,30s,human_moisesdb,development,complete,computed,computed,eligible,eligible,unavailable_fewer_than_3_sections_or_downbeat_spans,,
human_moisesdb_e85d3df9-e7b0-4c3c-9609-c8439b346b45,30s,human_moisesdb,development,complete,computed,computed,eligible,eligible,unavailable_fewer_than_3_sections_or_downbeat_spans,,
human_moisesdb_a98caa0d-4f70-40aa-89b0-5fc6f2116259,30s,human_moisesdb,development,complete,computed,computed,eligible,eligible,unavailable_fewer_than_3_sections_or_downbeat_spans,,
human_moisesdb_f9651a2d-0f4b-4eb5-8fb0-1d6b98e689f2,30s,human_moisesdb,development,complete,computed,computed,eligible,eligible,eligible,,
human_moisesdb_122594ab-7f7f-4466-ace2-70bb7dfc65ec,30s,human_moisesdb,development,complete,computed,computed,eligible,eligible,eligible,,
human_moisesdb_b431c56f-eee7-404c-b34f-91232f3ad4b4,30s,human_moisesdb,development,complete,computed,computed,eligible,eligible,unavailable_fewer_than_3_sections_or_downbeat_spans,,
human_moisesdb_bdb73cad-3baa-4c57-824d-830408d0d33e,30s,human_moisesdb,development,complete,computed,computed,eligible,eligible,unavailable_fewer_than_3_sections_or_downbeat_spans,,
human_moisesdb_2f7d856b-1077-4b67-82d7-56fe28fe2cf0,30s,human_moisesdb,development,complete,computed,computed,eligible,eligible,eligible,,
human_moisesdb_a853da2a-f788-4e75-b637-e41c2aec37a5,30s,human_moisesdb,development,complete,computed,computed,eligible,eligible,unavailable_fewer_than_3_sections_or_downbeat_spans,,
human_moisesdb_e3874d07-006a-4d63-b170-eda0bebac644,30s,human_moisesdb,development,complete,computed,computed,eligible,eligible,eligible,,
human_moisesdb_3c0b5a76-ce96-489b-8c09-6d69b28930b0,30s,human_moisesdb,development,complete,computed,computed,eligible,eligible,eligible,,
human_moisesdb_2331166d-00a5-49d1-afc5-cca01d02406d,30s,human_moisesdb,development,complete,computed,computed,eligible,eligible,unavailable_fewer_than_3_sections_or_downbeat_spans,,
human_moisesdb_c483fd5c-f858-4eac-b9c7-aaaa54d447cb,30s,human_moisesdb,development,complete,computed,computed,eligible,eligible,eligible,,
human_moisesdb_ab390c58-8d7b-48dc-8c56-a89344f1993b,30s,human_moisesdb,development,complete,computed,computed,eligible,eligible,unavailable_fewer_than_3_sections_or_downbeat_spans,,
human_moisesdb_42aa265c-d51c-45ea-b8d9-5bc59600699e,30s,human_moisesdb,development,complete,computed,computed,eligible,eligible,unavailable_fewer_than_3_sections_or_downbeat_spans,,
human_moisesdb_b9735680-8262-4199-b72a-92cfdc0c01c3,30s,human_moisesdb,development,complete,computed,computed,eligible,eligible,unavailable_fewer_than_3_sections_or_downbeat_spans,,
human_moisesdb_36341fd2-a99e-4311-ae3b-fb3d6b201814,30s,human_moisesdb,development,complete,computed,computed,eligible,eligible,eligible,,
human_moisesdb_75733518-dbf4-4c25-8f16-f9e48afae2b6,30s,human_moisesdb,development,complete,computed,computed,eligible,eligible,unavailable_fewer_than_3_sections_or_downbeat_spans,,
human_moisesdb_02f8fc2f-fcea-4152-8377-18c4a92b8bbb,30s,human_moisesdb,development,complete,computed,computed,eligible,eligible,unavailable_fewer_than_3_sections_or_downbeat_spans,,
human_moisesdb_e9544b0e-b580-4795-b3c0-98efc88d68ad,30s,human_moisesdb,development,complete,computed,computed,eligible,eligible,eligible,,
human_moisesdb_b88ec226-5183-46f0-adf9-423c0a4bc64b,30s,human_moisesdb,development,complete,computed,computed,eligible,eligible,unavailable_fewer_than_3_sections_or_downbeat_spans,,
human_moisesdb_98ad7b75-399e-4968-8474-c2207ab0482d,30s,human_moisesdb,development,complete,computed,computed,eligible,eligible,unavailable_fewer_than_3_sections_or_downbeat_spans,,
human_moisesdb_aae42673-c400-40cf-a342-2058dba4e8d5,30s,human_moisesdb,development,complete,computed,computed,eligible,eligible,unavailable_fewer_than_3_sections_or_downbeat_spans,,
human_moisesdb_0e127183-69e9-4337-831c-dba2866d4e78,30s,human_moisesdb,development,complete,computed,computed,eligible,eligible,unavailable_fewer_than_3_sections_or_downbeat_spans,,
human_moisesdb_8a856b82-d7b3-4383-90cf-ef9d92758ce6,30s,human_moisesdb,development,complete,computed,computed,eligible,eligible,unavailable_fewer_than_3_sections_or_downbeat_spans,,
human_moisesdb_ff8220e1-17d4-42b7-93c4-4555235a1e92,30s,human_moisesdb,development,complete,computed,computed,eligible,eligible,unavailable_fewer_than_3_sections_or_downbeat_spans,,
human_moisesdb_87b1a65a-875d-4cc6-89c8-dfce8ecc88b1,30s,human_moisesdb,development,complete,computed,computed,eligible,eligible,unavailable_fewer_than_3_sections_or_downbeat_spans,,
human_moisesdb_1a43bd92-e9df-46e6-b696-ff8ea2181025,30s,human_moisesdb,development,complete,computed,computed,eligible,eligible,unavailable_fewer_than_3_sections_or_downbeat_spans,,
human_moisesdb_b6ab76ec-306a-4a85-87ca-e0fbde6f22c7,30s,human_moisesdb,development,complete,computed,computed,eligible,eligible,unavailable_fewer_than_3_sections_or_downbeat_spans,,
human_moisesdb_0044badf-486e-4d18-ad18-ba6b43785928,30s,human_moisesdb,development,complete,computed,computed,eligible,eligible,eligible,,
human_moisesdb_4c1eb8dc-e464-41cb-9bc8-0d4b72b58e10,30s,human_moisesdb,development,complete,computed,computed,eligible,eligible,eligible,,
human_moisesdb_d6a3195b-b9d8-4103-a69d-c35cd5209c4f,30s,human_moisesdb,development,complete,computed,computed,eligible,eligible,unavailable_fewer_than_3_sections_or_downbeat_spans,,
human_moisesdb_cd23b2c4-029b-4ac5-b745-9a636b8c344d,30s,human_moisesdb,development,complete,computed,computed,eligible,eligible,eligible,,
human_moisesdb_746c5ae1-71b8-4f07-9595-503f57b99a94,30s,human_moisesdb,development,complete,computed,computed,eligible,eligible,unavailable_fewer_than_3_sections_or_downbeat_spans,,
human_moisesdb_a41c1e12-9d01-4cf1-b1f1-c30139875044,30s,human_moisesdb,development,complete,computed,computed,eligible,eligible,unavailable_fewer_than_3_sections_or_downbeat_spans,,
human_moisesdb_afbc20f5-95b1-4710-977c-6cfebe05381d,30s,human_moisesdb,development,complete,computed,computed,eligible,eligible,unavailable_fewer_than_3_sections_or_downbeat_spans,,
human_moisesdb_bce4d25d-80e9-430f-9556-427fb178eb87,30s,human_moisesdb,development,complete,computed,computed,eligible,eligible,unavailable_fewer_than_3_sections_or_downbeat_spans,,
human_moisesdb_dd98ca82-8952-41d9-8a6e-4f528e9cad06,30s,human_moisesdb,development,complete,computed,computed,eligible,eligible,unavailable_fewer_than_3_sections_or_downbeat_spans,,
human_moisesdb_fbbc0051-ea72-4375-ad3d-5dbd26f0cf94,30s,human_moisesdb,development,complete,computed,computed,eligible,eligible,unavailable_fewer_than_3_sections_or_downbeat_spans,,
human_moisesdb_fa481532-149d-40c0-af8b-4943c34e6bf1,30s,human_moisesdb,development,complete,computed,computed,eligible,eligible,unavailable_fewer_than_3_sections_or_downbeat_spans,,
human_moisesdb_6bbefc2f-9f18-46ca-b0de-9dc98d806a9b,30s,human_moisesdb,development,complete,computed,computed,eligible,eligible,unavailable_fewer_than_3_sections_or_downbeat_spans,,
human_moisesdb_425d1532-8f32-4246-a2d3-d9eac74918ec,30s,human_moisesdb,development,complete,computed,computed,eligible,eligible,eligible,,
human_moisesdb_fc720eb1-a4fd-4794-a67e-acf3f9f5ec6a,30s,human_moisesdb,development,complete,computed,computed,eligible,eligible,eligible,,
human_moisesdb_26a7a156-9ffa-4ea9-b46b-638d38431076,30s,human_moisesdb,development,complete,computed,computed,eligible,eligible,eligible,,
human_moisesdb_a859eaf9-d457-4756-921e-efeea3f156cf,30s,human_moisesdb,development,complete,computed,computed,eligible,eligible,unavailable_fewer_than_3_sections_or_downbeat_spans,,
human_moisesdb_ab9e54e9-7b64-457e-a17d-87175b203031,30s,human_moisesdb,development,complete,computed,computed,eligible,eligible,unavailable_fewer_than_3_sections_or_downbeat_spans,,
human_moisesdb_74e96d75-cfa1-4a62-8bc8-a35317eb1840,30s,human_moisesdb,development,complete,computed,computed,eligible,eligible,eligible,,
human_moisesdb_e9ff1724-8f56-44a8-877a-782de7013771,30s,human_moisesdb,development,complete,computed,computed,eligible,eligible,unavailable_fewer_than_3_sections_or_downbeat_spans,,
human_moisesdb_66a041bd-34cd-4e65-943b-f3d4cb174355,30s,human_moisesdb,development,complete,computed,computed,eligible,eligible,unavailable_fewer_than_3_sections_or_downbeat_spans,,
human_moisesdb_780a2bb2-0666-4f2a-bfc3-f9a89260c9fd,30s,human_moisesdb,development,complete,computed,computed,eligible,eligible,eligible,,
human_moisesdb_7c066c0d-33b3-4f99-b0ad-f34941c87472,30s,human_moisesdb,development,complete,computed,computed,eligible,eligible,eligible,,
human_moisesdb_1f79da81-65ad-408a-adb2-da28b5a3a252,30s,human_moisesdb,development,complete,computed,computed,eligible,eligible,eligible,,
human_moisesdb_7a5a08f6-428d-4e61-af9e-647f98f96bc9,30s,human_moisesdb,development,complete,computed,computed,eligible,eligible,unavailable_fewer_than_3_sections_or_downbeat_spans,,
human_moisesdb_9c3d8b8e-14b4-41b6-9dac-e3e375810bed,30s,human_moisesdb,development,complete,computed,computed,eligible,eligible,eligible,,
human_moisesdb_549277f8-d550-4c7a-a02e-b6df05f463bb,30s,human_moisesdb,development,complete,computed,computed,eligible,eligible,unavailable_fewer_than_3_sections_or_downbeat_spans,,
human_moisesdb_f315d9cb-6056-489d-9047-5d1ed19c8861,30s,human_moisesdb,development,complete,computed,computed,eligible,eligible,unavailable_fewer_than_3_sections_or_downbeat_spans,,
human_moisesdb_43dd139a-9cd6-4c61-b4e9-9487f4138925,30s,human_moisesdb,development,complete,computed,computed,eligible,eligible,unavailable_fewer_than_3_sections_or_downbeat_spans,,
human_moisesdb_bba7c2f2-5913-4e39-bb0c-13884bc894a7,30s,human_moisesdb,development,complete,computed,computed,eligible,eligible,unavailable_fewer_than_3_sections_or_downbeat_spans,,
human_moisesdb_a2a55d67-7bb1-4e20-a552-59da32586ae3,30s,human_moisesdb,development,complete,computed,computed,eligible,eligible,unavailable_fewer_than_3_sections_or_downbeat_spans,,
human_moisesdb_f4872c3a-1bd2-4b38-a68a-2e7214a95c2a,30s,human_moisesdb,development,complete,computed,computed,eligible,eligible,unavailable_fewer_than_3_sections_or_downbeat_spans,,
human_moisesdb_a57bb1ed-51a1-445d-8c99-3b789ccdf06c,30s,human_moisesdb,development,complete,computed,computed,eligible,eligible,eligible,,
human_moisesdb_4829ee1f-1e5d-403d-b289-cebfbdd85bc1,30s,human_moisesdb,development,complete,computed,computed,eligible,eligible,unavailable_fewer_than_3_sections_or_downbeat_spans,,
human_moisesdb_830ce3b9-c862-4602-8f1d-a9553de1eff2,30s,human_moisesdb,development,complete,computed,computed,eligible,eligible,eligible,,
human_moisesdb_a1d09860-6966-4c5f-9811-ad24acf6dbbf,30s,human_moisesdb,development,complete,computed,computed,eligible,eligible,unavailable_fewer_than_3_sections_or_downbeat_spans,,
human_moisesdb_63782a17-6aac-4361-9878-87e11b1f1a41,30s,human_moisesdb,development,complete,computed,computed,eligible,eligible,unavailable_fewer_than_3_sections_or_downbeat_spans,,
human_moisesdb_9f7d881b-e36d-47ae-ac10-0966e8edbb14,30s,human_moisesdb,development,complete,computed,computed,eligible,eligible,eligible,,
human_moisesdb_7c45cf52-5862-4dac-960b-974eb36fa272,30s,human_moisesdb,development,complete,computed,computed,eligible,eligible,unavailable_fewer_than_3_sections_or_downbeat_spans,,
human_moisesdb_3f10005d-d339-47ce-aed7-da12ef756aa4,30s,human_moisesdb,development,complete,computed,computed,eligible,eligible,unavailable_fewer_than_3_sections_or_downbeat_spans,,
human_moisesdb_c7fc1d66-b5ac-4bb2-9240-6eecb13cb03b,30s,human_moisesdb,development,complete,computed,computed,eligible,eligible,unavailable_fewer_than_3_sections_or_downbeat_spans,,
human_moisesdb_bce40ceb-daac-45e0-a7c8-103bca249bcc,30s,human_moisesdb,development,complete,computed,computed,eligible,eligible,eligible,,
human_moisesdb_f78c74e8-56c0-4c18-9587-c887b22da404,30s,human_moisesdb,development,complete,computed,computed,eligible,eligible,unavailable_fewer_than_3_sections_or_downbeat_spans,,
human_moisesdb_a7b63f1e-4b15-4bc8-b208-1c4dcf6b6669,30s,human_moisesdb,development,complete,computed,computed,eligible,eligible,eligible,,
human_moisesdb_188c0680-f1ef-4d57-91f3-5b5b1f047a41,30s,human_moisesdb,development,complete,computed,computed,eligible,eligible,unavailable_fewer_than_3_sections_or_downbeat_spans,,
human_moisesdb_12dc1cb2-2b96-405e-b58e-084d2fe37146,30s,human_moisesdb,development,complete,computed,computed,eligible,eligible,unavailable_fewer_than_3_sections_or_downbeat_spans,,
human_moisesdb_5deb3e04-d13d-4a0d-b407-515f934e551c,30s,human_moisesdb,development,complete,computed,computed,eligible,eligible,unavailable_fewer_than_3_sections_or_downbeat_spans,,
human_moisesdb_65ed4d66-79b6-4a79-8ae6-1061a9d86f47,30s,human_moisesdb,development,complete,computed,computed,eligible,eligible,unavailable_fewer_than_3_sections_or_downbeat_spans,,
human_moisesdb_c7a17407-00f8-45c0-92a2-c2c161ee92ec,30s,human_moisesdb,development,complete,computed,computed,eligible,eligible,unavailable_fewer_than_3_sections_or_downbeat_spans,,
human_moisesdb_a95fc0fe-306f-4d5f-b6c4-38ffcb1353e8,30s,human_moisesdb,development,complete,computed,computed,eligible,eligible,unavailable_fewer_than_3_sections_or_downbeat_spans,,
human_moisesdb_ded73034-e0f9-4438-b7c8-0cb6415f8312,30s,human_moisesdb,development,complete,computed,computed,eligible,eligible,unavailable_fewer_than_3_sections_or_downbeat_spans,,
human_moisesdb_4b738760-38ec-482e-a733-880605bed66b,30s,human_moisesdb,development,complete,computed,computed,eligible,eligible,eligible,,
human_moisesdb_cb0d22fa-30e5-4a98-ac39-ad7aa8a65ead,30s,human_moisesdb,development,complete,computed,computed,eligible,eligible,unavailable_fewer_than_3_sections_or_downbeat_spans,,
human_moisesdb_2552d8c9-d45d-4779-8add-451c8cf7f2c0,30s,human_moisesdb,development,complete,computed,computed,eligible,eligible,eligible,,
human_moisesdb_47453192-1d6f-436e-b3a4-92280b769221,30s,human_moisesdb,development,complete,computed,computed,eligible,eligible,eligible,,
human_moisesdb_76dd8ca2-272f-4978-80e8-cc047f91e658,30s,human_moisesdb,development,complete,computed,computed,eligible,eligible,unavailable_fewer_than_3_sections_or_downbeat_spans,,
human_moisesdb_6ed5fb50-c9fc-4108-b6f5-c4e7b8c88bd0,30s,human_moisesdb,development,complete,computed,computed,eligible,eligible,eligible,,
human_moisesdb_0487d250-ffa5-495e-8a23-53ba942855e2,30s,human_moisesdb,development,complete,computed,computed,eligible,eligible,eligible,,
human_moisesdb_b342eaa2-d909-4506-ae4a-c834cdf3d4ea,30s,human_moisesdb,development,complete,computed,computed,eligible,eligible,unavailable_fewer_than_3_sections_or_downbeat_spans,,
human_moisesdb_e0889a2c-c688-4b79-8fdc-4fdef74ec22d,30s,human_moisesdb,development,complete,computed,computed,eligible,eligible,unavailable_fewer_than_3_sections_or_downbeat_spans,,
human_moisesdb_e5e25966-1d4d-4342-82b4-ea218afd5a4f,30s,human_moisesdb,development,complete,computed,computed,eligible,eligible,unavailable_fewer_than_3_sections_or_downbeat_spans,,
human_moisesdb_33bb702a-f064-4cc0-b25e-3c1ceb1752b0,30s,human_moisesdb,development,complete,computed,computed,eligible,eligible,unavailable_fewer_than_3_sections_or_downbeat_spans,,
human_moisesdb_2e1285f3-3d9f-4ec0-9930-cfa8db48200f,30s,human_moisesdb,development,complete,computed,computed,eligible,eligible,eligible,,
human_moisesdb_019ccf20-4d99-4bea-ac3b-88d132da8776,30s,human_moisesdb,development,complete,computed,computed,eligible,eligible,unavailable_fewer_than_3_sections_or_downbeat_spans,,
human_moisesdb_5f971d9a-9031-4e56-8b4d-9c93ce375044,30s,human_moisesdb,development,complete,computed,computed,eligible,eligible,unavailable_fewer_than_3_sections_or_downbeat_spans,,
human_moisesdb_23cf3c97-1083-493f-b61c-a8af5f3ce84c,30s,human_moisesdb,development,complete,computed,computed,eligible,eligible,unavailable_fewer_than_3_sections_or_downbeat_spans,,
human_moisesdb_bce8a819-15b2-4588-92a9-34c464ce4ccb,30s,human_moisesdb,development,complete,computed,computed,eligible,eligible,eligible,,
human_moisesdb_c9a86272-a810-4ea1-80f6-d60d5ffd5c9b,30s,human_moisesdb,development,complete,computed,computed,eligible,eligible,eligible,,
human_moisesdb_257f0b3c-4113-4a16-92da-65c4a80b7cac,30s,human_moisesdb,development,complete,computed,computed,eligible,eligible,unavailable_fewer_than_3_sections_or_downbeat_spans,,
human_moisesdb_8244f8d9-9980-4829-a5e2-0548e3cc8c6f,30s,human_moisesdb,development,complete,computed,computed,eligible,eligible,unavailable_fewer_than_3_sections_or_downbeat_spans,,
human_moisesdb_69b77753-8127-4e09-a1e3-a95116c09e1c,30s,human_moisesdb,development,complete,computed,computed,eligible,eligible,eligible,,
human_moisesdb_ec21eeeb-6e6d-4c31-95d7-39fee2713334,30s,human_moisesdb,development,complete,computed,computed,eligible,eligible,eligible,,
human_moisesdb_fccde049-2f0d-40d7-aaa4-eea8e01e2877,30s,human_moisesdb,development,complete,computed,computed,eligible,eligible,eligible,,
human_moisesdb_cb9b6d7f-13a0-4ab7-9660-a3a73c39f4c0,30s,human_moisesdb,development,complete,computed,computed,eligible,eligible,eligible,,
human_moisesdb_e61ca5be-8b56-4cee-b960-06c2b3f5a59a,30s,human_moisesdb,development,complete,computed,computed,eligible,eligible,unavailable_fewer_than_3_sections_or_downbeat_spans,,
human_moisesdb_f5635296-b1cc-455f-958b-28e6bfa5d85d,30s,human_moisesdb,development,complete,computed,computed,eligible,eligible,unavailable_fewer_than_3_sections_or_downbeat_spans,,
human_moisesdb_d1a160f9-4de1-4cc5-9d1f-9e7436a75590,30s,human_moisesdb,development,complete,computed,computed,eligible,eligible,eligible,,
human_moisesdb_eb961875-8442-4e9c-8868-380543f6c4af,30s,human_moisesdb,development,complete,computed,computed,eligible,eligible,unavailable_fewer_than_3_sections_or_downbeat_spans,,
human_moisesdb_e1a8d36b-4487-4a8d-8933-269c8e47cdde,30s,human_moisesdb,development,complete,computed,computed,eligible,eligible,unavailable_fewer_than_3_sections_or_downbeat_spans,,
human_moisesdb_7771fc33-57b4-4431-8be6-891c277b38aa,30s,human_moisesdb,development,complete,computed,computed,eligible,eligible,unavailable_fewer_than_3_sections_or_downbeat_spans,,
human_moisesdb_761c542a-d8c5-4cb5-bc7e-dd7a26e77661,30s,human_moisesdb,development,complete,computed,computed,eligible,eligible,unavailable_fewer_than_3_sections_or_downbeat_spans,,
human_moisesdb_26e06c55-cf63-48c1-b7d7-b94f60876ee3,30s,human_moisesdb,development,complete,computed,computed,eligible,eligible,eligible,,
human_moisesdb_8bf17955-73fd-4f73-8df0-2ffd12ea9c81,30s,human_moisesdb,development,complete,computed,computed,eligible,eligible,unavailable_fewer_than_3_sections_or_downbeat_spans,,
human_moisesdb_f926766a-cd53-4c84-baa6-fe888be45d98,30s,human_moisesdb,development,complete,computed,computed,eligible,eligible,unavailable_fewer_than_3_sections_or_downbeat_spans,,
human_moisesdb_1b3e7df0-2a6e-42b6-88f5-9236c235d073,30s,human_moisesdb,development,complete,computed,computed,eligible,eligible,eligible,,
human_moisesdb_2976322f-2d02-474f-88d8-4e6a0654dc9c,30s,human_moisesdb,development,complete,computed,computed,eligible,eligible,unavailable_fewer_than_3_sections_or_downbeat_spans,,
human_moisesdb_c414d25e-3f11-4477-8379-1af832911df3,30s,human_moisesdb,development,complete,computed,computed,eligible,eligible,unavailable_fewer_than_3_sections_or_downbeat_spans,,
human_moisesdb_0e73146f-a04a-438e-9e23-b62d1c1a1f3e,30s,human_moisesdb,development,complete,computed,computed,eligible,eligible,unavailable_fewer_than_3_sections_or_downbeat_spans,,
human_moisesdb_8c0a1df2-f8a2-44b0-b916-0fd69323b830,30s,human_moisesdb,development,complete,computed,computed,eligible,eligible,unavailable_fewer_than_3_sections_or_downbeat_spans,,
human_moisesdb_07b98af1-4c18-4392-bbca-9ddd22c94948,30s,human_moisesdb,development,complete,computed,computed,eligible,eligible,unavailable_fewer_than_3_sections_or_downbeat_spans,,
human_moisesdb_4171b793-1c2a-412a-94c9-c521336b81dd,30s,human_moisesdb,development,complete,computed,computed,eligible,eligible,unavailable_fewer_than_3_sections_or_downbeat_spans,,
human_moisesdb_afa2103b-a84b-4bfd-a5b2-063df453ffe1,30s,human_moisesdb,development,complete,computed,computed,eligible,eligible,unavailable_fewer_than_3_sections_or_downbeat_spans,,
human_moisesdb_badacbf2-2117-46b7-a0aa-630d828fe5bf,30s,human_moisesdb,development,complete,computed,computed,eligible,eligible,eligible,,
human_moisesdb_dda4a05a-686b-4ee6-baaa-e7d59e590b2f,30s,human_moisesdb,development,complete,computed,computed,eligible,eligible,unavailable_fewer_than_3_sections_or_downbeat_spans,,
human_moisesdb_e66e9ad8-eec1-46a6-aff1-388fa06a36b3,30s,human_moisesdb,development,complete,computed,computed,eligible,eligible,unavailable_fewer_than_3_sections_or_downbeat_spans,,
human_moisesdb_c8009858-02fd-42de-849e-e88dafb9bc86,30s,human_moisesdb,development,complete,computed,computed,eligible,eligible,eligible,,
human_moisesdb_ab86c505-9ac8-4057-a75a-de69ba254709,30s,human_moisesdb,development,complete,computed,computed,eligible,eligible,eligible,,
human_moisesdb_d202c746-d5bd-4231-9ff3-14b90759ffb5,30s,human_moisesdb,development,complete,computed,computed,eligible,eligible,unavailable_fewer_than_3_sections_or_downbeat_spans,,
human_moisesdb_cf105c37-03d7-4bf8-9c22-c00ab6cee3c9,30s,human_moisesdb,development,complete,computed,computed,eligible,eligible,eligible,,
human_moisesdb_a0da0fb0-c74e-4c6d-a5e4-d36693e7fa2e,30s,human_moisesdb,development,complete,computed,computed,eligible,eligible,unavailable_fewer_than_3_sections_or_downbeat_spans,,
human_moisesdb_907c2fcf-dbd9-4162-a22e-ab9a7d15f520,30s,human_moisesdb,development,complete,computed,computed,eligible,eligible,unavailable_fewer_than_3_sections_or_downbeat_spans,,
human_moisesdb_d1fd09ea-3d55-48c0-8f3d-e4881862953d,30s,human_moisesdb,development,complete,computed,computed,eligible,eligible,unavailable_fewer_than_3_sections_or_downbeat_spans,,
human_moisesdb_620881ca-7e72-4377-af0b-241a5b46bf5c,30s,human_moisesdb,development,complete,computed,computed,eligible,eligible,eligible,,
human_moisesdb_ebc34717-8724-4f13-82e6-a5467304f4d6,30s,human_moisesdb,development,complete,computed,computed,eligible,eligible,unavailable_fewer_than_3_sections_or_downbeat_spans,,
human_moisesdb_c74147a0-2621-4954-a483-cdbb3354f8b0,30s,human_moisesdb,development,complete,computed,computed,eligible,eligible,unavailable_fewer_than_3_sections_or_downbeat_spans,,
human_moisesdb_1660c699-cf5a-4fbb-b5f9-efb471ef2620,30s,human_moisesdb,development,complete,computed,computed,eligible,eligible,eligible,,
human_moisesdb_335029ea-35a0-4a3a-a80f-de45f1dcb9d4,30s,human_moisesdb,development,complete,computed,computed,eligible,eligible,unavailable_fewer_than_3_sections_or_downbeat_spans,,
human_moisesdb_aecbf681-2667-4dca-b1c6-56ec381cfbf7,30s,human_moisesdb,development,complete,computed,computed,eligible,eligible,eligible,,
human_moisesdb_06d21677-3ee5-4808-8f21-e28b40982a0b,30s,human_moisesdb,development,complete,computed,computed,eligible,eligible,eligible,,
human_moisesdb_40a5cc0a-18ad-425d-9c5b-1c4a6d97a296,30s,human_moisesdb,development,complete,computed,computed,eligible,eligible,unavailable_fewer_than_3_sections_or_downbeat_spans,,
human_moisesdb_9b489e2e-5c89-4fc4-bdf5-c166740a14b0,30s,human_moisesdb,development,complete,computed,computed,eligible,eligible,unavailable_fewer_than_3_sections_or_downbeat_spans,,
human_moisesdb_5af89a81-2f91-49f7-a949-ed6dcea602a2,30s,human_moisesdb,development,complete,computed,computed,eligible,eligible,unavailable_fewer_than_3_sections_or_downbeat_spans,,
human_moisesdb_fd1ce3af-f9c8-42c4-aa01-df0a0594aee1,30s,human_moisesdb,development,complete,computed,computed,eligible,eligible,unavailable_fewer_than_3_sections_or_downbeat_spans,,
human_moisesdb_fb79c4eb-da1c-4ae7-b37d-19a9876c5a2d,30s,human_moisesdb,development,complete,computed,computed,eligible,eligible,eligible,,
human_moisesdb_160c34d9-66fb-43b5-b18d-aded6d7d4be5,30s,human_moisesdb,development,complete,computed,computed,eligible,eligible,unavailable_fewer_than_3_sections_or_downbeat_spans,,
human_moisesdb_1233e312-4e59-4167-9234-a0ce2bd123ce,30s,human_moisesdb,development,complete,computed,computed,eligible,eligible,unavailable_fewer_than_3_sections_or_downbeat_spans,,
human_moisesdb_538fa384-63e0-40e6-9920-a0456988fe55,30s,human_moisesdb,development,complete,computed,computed,eligible,eligible,eligible,,
human_moisesdb_57323a9f-f67e-43f2-96d6-48bad7b81a5e,30s,human_moisesdb,development,complete,computed,computed,eligible,eligible,unavailable_fewer_than_3_sections_or_downbeat_spans,,
human_moisesdb_a85229ae-5e8f-4b88-98b2-398f3d984890,30s,human_moisesdb,development,complete,computed,computed,eligible,eligible,unavailable_fewer_than_3_sections_or_downbeat_spans,,
human_moisesdb_007c03e0-15b0-4555-88f5-29687ee66e81,30s,human_moisesdb,development,complete,computed,computed,eligible,eligible,eligible,,
human_moisesdb_353867f2-3ae6-460b-b3a0-037e6a0b34a6,30s,human_moisesdb,development,complete,computed,computed,eligible,eligible,unavailable_fewer_than_3_sections_or_downbeat_spans,,
human_moisesdb_810102cc-63c6-4d39-9194-f49a0cb3e740,30s,human_moisesdb,development,complete,computed,computed,eligible,eligible,unavailable_fewer_than_3_sections_or_downbeat_spans,,
human_moisesdb_626717ef-236f-462f-bb02-6fa37704ff31,30s,human_moisesdb,development,complete,computed,computed,eligible,eligible,unavailable_fewer_than_3_sections_or_downbeat_spans,,
human_moisesdb_301e23d0-4e57-4c7d-a4d2-6474d53fabe9,30s,human_moisesdb,development,complete,computed,computed,eligible,eligible,unavailable_fewer_than_3_sections_or_downbeat_spans,,
human_moisesdb_f48fbea9-f40a-4ca4-8780-ccb495ff9b5d,30s,human_moisesdb,development,complete,computed,computed,eligible,eligible,unavailable_fewer_than_3_sections_or_downbeat_spans,,
human_moisesdb_19710ec3-197b-4ac2-8e6d-3b25cad3d72d,30s,human_moisesdb,development,complete,computed,computed,eligible,eligible,unavailable_fewer_than_3_sections_or_downbeat_spans,,
human_moisesdb_fb6c43b0-bb45-483b-a3e3-9f5ec2cdfe88,30s,human_moisesdb,development,complete,computed,computed,eligible,eligible,unavailable_fewer_than_3_sections_or_downbeat_spans,,
human_moisesdb_d4acf1f9-b6aa-4f49-bfcd-42f50f8b5b5e,30s,human_moisesdb,development,complete,computed,computed,eligible,eligible,eligible,,
human_moisesdb_3dc82086-e99d-4ceb-b3f7-3c075adf1739,30s,human_moisesdb,development,complete,computed,computed,eligible,eligible,eligible,,
human_moisesdb_783d670f-920f-4ef8-b080-7b6a9663d986,30s,human_moisesdb,development,complete,computed,computed,eligible,eligible,eligible,,
human_moisesdb_76664e23-cfa9-4708-a9b6-3d2474026805,30s,human_moisesdb,development,complete,computed,computed,eligible,eligible,unavailable_fewer_than_3_sections_or_downbeat_spans,,
human_moisesdb_06f33f97-8531-407a-aa1d-6a5f56eb6416,30s,human_moisesdb,development,complete,computed,computed,eligible,eligible,unavailable_fewer_than_3_sections_or_downbeat_spans,,
human_moisesdb_1487dd4b-4bfe-49aa-b792-f343c126c892,30s,human_moisesdb,development,complete,computed,computed,eligible,eligible,eligible,,
human_moisesdb_e9837e75-8332-42d1-a572-a0609a1532c6,30s,human_moisesdb,development,complete,computed,computed,eligible,eligible,eligible,,
human_moisesdb_1ff87223-c759-4d06-a803-d7651c9ca5bb,30s,human_moisesdb,development,complete,computed,computed,eligible,eligible,eligible,,
human_moisesdb_eede0ef9-66d8-4931-a04f-31fb497d21c1,30s,human_moisesdb,development,complete,computed,computed,eligible,eligible,unavailable_fewer_than_3_sections_or_downbeat_spans,,
human_moisesdb_e1932507-f090-4852-8488-831fe714bf49,30s,human_moisesdb,development,complete,computed,computed,eligible,eligible,unavailable_fewer_than_3_sections_or_downbeat_spans,,
human_moisesdb_1624ed65-a763-42a4-9a52-bdb297ecab34,30s,human_moisesdb,development,complete,computed,computed,eligible,eligible,eligible,,
human_moisesdb_f793c340-823a-40e7-999c-3b067503298a,30s,human_moisesdb,development,complete,computed,computed,eligible,eligible,unavailable_fewer_than_3_sections_or_downbeat_spans,,
human_moisesdb_fba8a115-6b33-4873-ab3b-eb982f76e230,30s,human_moisesdb,development,complete,computed,computed,eligible,eligible,eligible,,
human_moisesdb_fb280d4e-bdf3-4998-a650-c3abd9c3c10e,30s,human_moisesdb,development,complete,computed,computed,eligible,eligible,unavailable_fewer_than_3_sections_or_downbeat_spans,,
human_moisesdb_8b0219e2-ab69-4548-aa66-93931b4e3e66,30s,human_moisesdb,development,complete,computed,computed,eligible,eligible,unavailable_fewer_than_3_sections_or_downbeat_spans,,
human_moisesdb_6a61244d-6109-4f61-b51f-b46663855bfc,30s,human_moisesdb,development,complete,computed,computed,eligible,eligible,eligible,,
human_moisesdb_4a1502f8-9b38-4ba9-a3bf-0cee1b30d115,30s,human_moisesdb,development,complete,computed,computed,eligible,eligible,unavailable_fewer_than_3_sections_or_downbeat_spans,,
human_moisesdb_73880852-b60c-4c47-ae72-e3d40c3660c0,30s,human_moisesdb,development,complete,computed,computed,eligible,eligible,unavailable_fewer_than_3_sections_or_downbeat_spans,,
human_moisesdb_1dc7895c-87e0-45bd-a301-c730bd734034,30s,human_moisesdb,development,complete,computed,computed,eligible,eligible,eligible,,
human_moisesdb_93ba1916-d2d5-4e66-bdc3-673346e89d91,30s,human_moisesdb,development,complete,computed,computed,eligible,eligible,unavailable_fewer_than_3_sections_or_downbeat_spans,,
human_moisesdb_1ec4c706-5839-45a5-ae4b-af3049cf2d2b,30s,human_moisesdb,development,complete,computed,computed,eligible,eligible,unavailable_fewer_than_3_sections_or_downbeat_spans,,
human_moisesdb_63e31819-4209-4a80-b86f-573ef67e7ab8,30s,human_moisesdb,development,complete,computed,computed,eligible,eligible,unavailable_fewer_than_3_sections_or_downbeat_spans,,
human_moisesdb_8833ada4-318f-4408-a65b-823ad31972c5,30s,human_moisesdb,development,complete,computed,computed,eligible,eligible,unavailable_fewer_than_3_sections_or_downbeat_spans,,
human_moisesdb_db89d954-e628-4ee6-8efb-58a0b67175c1,30s,human_moisesdb,development,complete,computed,computed,eligible,eligible,eligible,,
human_moisesdb_b9ed4da7-c960-48aa-a742-59d5e904c900,30s,human_moisesdb,development,complete,computed,computed,eligible,eligible,unavailable_fewer_than_3_sections_or_downbeat_spans,,
human_moisesdb_ba60e6da-f96a-4907-8d5e-d6cd8ed854f7,30s,human_moisesdb,development,complete,computed,computed,eligible,eligible,unavailable_fewer_than_3_sections_or_downbeat_spans,,
human_moisesdb_edb01f06-16cd-453f-8205-670343578138,30s,human_moisesdb,development,complete,computed,computed,eligible,eligible,unavailable_fewer_than_3_sections_or_downbeat_spans,,
human_moisesdb_e3975afb-5f62-408c-95eb-6ec23ade3484,30s,human_moisesdb,development,complete,computed,computed,eligible,eligible,eligible,,
human_moisesdb_d86094ec-6236-4330-a5b5-4336a9664a30,30s,human_moisesdb,development,complete,computed,computed,eligible,eligible,eligible,,
human_moisesdb_a9440be2-5205-4724-b395-df89d1921715,30s,human_moisesdb,development,complete,computed,computed,eligible,eligible,unavailable_fewer_than_3_sections_or_downbeat_spans,,
human_moisesdb_1e47a85e-2983-4570-848b-9840c9928bf9,30s,human_moisesdb,development,complete,computed,computed,eligible,eligible,eligible,,
human_moisesdb_7ee6db35-f312-4828-90d3-16650b79a342,30s,human_moisesdb,development,complete,computed,computed,eligible,eligible,unavailable_fewer_than_3_sections_or_downbeat_spans,,
human_moisesdb_5b8462d0-3e15-474e-b0fd-37d48953d2c9,30s,human_moisesdb,development,complete,computed,computed,eligible,eligible,unavailable_fewer_than_3_sections_or_downbeat_spans,,
human_moisesdb_c8ed8e35-5f86-4043-8639-0c2a10de40c8,30s,human_moisesdb,development,complete,computed,computed,eligible,eligible,unavailable_fewer_than_3_sections_or_downbeat_spans,,
human_moisesdb_88320c35-adac-4d7c-9157-1a6e97c24235,30s,human_moisesdb,development,complete,computed,computed,eligible,eligible,unavailable_fewer_than_3_sections_or_downbeat_spans,,
human_moisesdb_30084401-8bb1-473d-acd7-0de075e497b9,30s,human_moisesdb,development,complete,computed,computed,eligible,eligible,eligible,,
human_moisesdb_438b4e4b-01d4-4022-8131-4771dd10ac68,30s,human_moisesdb,development,complete,computed,computed,eligible,eligible,eligible,,
human_moisesdb_198a4178-9857-4264-a74e-679582b85a38,30s,human_moisesdb,development,complete,computed,computed,eligible,eligible,unavailable_fewer_than_3_sections_or_downbeat_spans,,
human_moisesdb_085052e9-daa6-4a28-bd25-425ca4612c7c,30s,human_moisesdb,development,complete,computed,computed,eligible,eligible,unavailable_fewer_than_3_sections_or_downbeat_spans,,
human_moisesdb_627d0f38-c764-4436-91a6-bcb8431d3989,30s,human_moisesdb,development,complete,computed,computed,eligible,eligible,unavailable_fewer_than_3_sections_or_downbeat_spans,,
human_moisesdb_dadcee28-f452-42da-a65d-7a035c7ad14a,30s,human_moisesdb,development,complete,computed,computed,eligible,eligible,unavailable_fewer_than_3_sections_or_downbeat_spans,,
human_moisesdb_91961d17-ac1f-46b9-b35a-ceeae8380554,30s,human_moisesdb,development,complete,computed,computed,eligible,eligible,eligible,,
human_moisesdb_7ed277f7-ac31-470c-b01d-9f106413f643,30s,human_moisesdb,development,complete,computed,computed,eligible,eligible,unavailable_fewer_than_3_sections_or_downbeat_spans,,
human_moisesdb_adc42fac-35e1-4c61-b496-3d089372ff60,30s,human_moisesdb,development,complete,computed,computed,eligible,eligible,eligible,,
human_moisesdb_f3a5a76d-8cdb-4035-8c06-b9f5eba7bc4e,30s,human_moisesdb,development,complete,computed,computed,eligible,eligible,eligible,,
human_moisesdb_178eb5db-c0a6-4682-be14-7b404fa376bf,30s,human_moisesdb,development,complete,computed,computed,eligible,eligible,unavailable_fewer_than_3_sections_or_downbeat_spans,,
human_moisesdb_73c5cce6-83b0-4c8a-bff9-26c3388f0048,30s,human_moisesdb,development,complete,computed,computed,eligible,eligible,unavailable_fewer_than_3_sections_or_downbeat_spans,,
human_moisesdb_8cc61b3d-02a0-4e09-a566-2e893cfeabfc,30s,human_moisesdb,development,complete,computed,computed,eligible,eligible,unavailable_fewer_than_3_sections_or_downbeat_spans,,
human_moisesdb_223bed44-9f75-4cb0-9799-7f87c3f23a68,30s,human_moisesdb,development,complete,computed,computed,eligible,eligible,unavailable_fewer_than_3_sections_or_downbeat_spans,,
human_moisesdb_b3689d3d-ff33-4145-81d6-0811c811648b,30s,human_moisesdb,development,complete,computed,computed,eligible,eligible,unavailable_fewer_than_3_sections_or_downbeat_spans,,
human_moisesdb_01099056-a20b-4532-a6b8-40851f1a9a29,30s,human_moisesdb,development,complete,computed,computed,eligible,eligible,unavailable_fewer_than_3_sections_or_downbeat_spans,,
human_moisesdb_fac7cb86-ec9d-4e12-8ac9-0142d75dbe7f,30s,human_moisesdb,development,complete,computed,computed,eligible,eligible,unavailable_fewer_than_3_sections_or_downbeat_spans,,
human_moisesdb_b55795d5-5e72-4263-93d1-39de8e15dffd,30s,human_moisesdb,development,complete,computed,computed,eligible,eligible,unavailable_fewer_than_3_sections_or_downbeat_spans,,
human_moisesdb_e7bee28d-8c1d-45d9-a4fb-33dcbf3364a4,30s,human_moisesdb,development,complete,computed,computed,eligible,eligible,eligible,,
human_moisesdb_c05824bf-1e4e-4691-9281-e6d7db1abd5b,30s,human_moisesdb,development,complete,computed,computed,eligible,eligible,unavailable_fewer_than_3_sections_or_downbeat_spans,,
human_moisesdb_897ed6f4-c981-4fa7-8e8c-a7bacb4bd3e8,30s,human_moisesdb,development,complete,computed,computed,eligible,eligible,unavailable_fewer_than_3_sections_or_downbeat_spans,,
human_moisesdb_fa94cd0c-c360-456a-90c6-4bc6f6c9200e,30s,human_moisesdb,development,complete,computed,computed,eligible,eligible,eligible,,
human_moisesdb_f3b02b17-3964-490a-bb92-448392b0b629,30s,human_moisesdb,development,complete,computed,computed,eligible,eligible,unavailable_fewer_than_3_sections_or_downbeat_spans,,
human_moisesdb_c3517451-adef-4f1d-864e-9802162ba2b2,30s,human_moisesdb,development,complete,computed,computed,eligible,eligible,unavailable_fewer_than_3_sections_or_downbeat_spans,,
human_moisesdb_8ecaefa6-a1f2-45d5-b926-e291befbcc30,30s,human_moisesdb,development,complete,computed,computed,eligible,eligible,unavailable_fewer_than_3_sections_or_downbeat_spans,,
human_moisesdb_762218d9-e4ce-4067-a9c1-1976f7b3d69d,30s,human_moisesdb,development,complete,computed,computed,eligible,eligible,unavailable_fewer_than_3_sections_or_downbeat_spans,,
human_moisesdb_f272ddd8-9aea-4d65-a1ce-141bd3d65e5e,30s,human_moisesdb,development,complete,computed,computed,eligible,eligible,unavailable_fewer_than_3_sections_or_downbeat_spans,,
human_moisesdb_ebdd35d8-ea27-4906-908f-9edaea1119a2,30s,human_moisesdb,development,complete,computed,computed,eligible,eligible,eligible,,
human_moisesdb_3779da04-c0ac-43c2-982a-9cfea5412509,30s,human_moisesdb,development,complete,computed,computed,eligible,eligible,eligible,,
human_moisesdb_9b9e16f0-8a88-4162-9311-0036828a0ff8,30s,human_moisesdb,development,complete,computed,computed,eligible,eligible,eligible,,
human_moisesdb_d107b9f7-03a4-4262-b4c7-8985e3d55d01,30s,human_moisesdb,development,complete,computed,computed,eligible,eligible,unavailable_fewer_than_3_sections_or_downbeat_spans,,
human_urmp_03_Dance_fl_cl,30s,human_urmp,development,complete,computed,computed,eligible,eligible,unavailable_fewer_than_3_sections_or_downbeat_spans,,
human_urmp_04_Allegro_fl_fl,30s,human_urmp,development,complete,computed,computed,eligible,eligible,eligible,,
human_urmp_05_Entertainer_tpt_tpt,30s,human_urmp,development,complete,computed,computed,eligible,eligible,unavailable_fewer_than_3_sections_or_downbeat_spans,,
human_urmp_06_Entertainer_sax_sax,30s,human_urmp,development,complete,computed,computed,eligible,eligible,unavailable_fewer_than_3_sections_or_downbeat_spans,,
human_urmp_07_GString_tpt_tbn,30s,human_urmp,development,complete,computed,computed,eligible,eligible,unavailable_fewer_than_3_sections_or_downbeat_spans,,
human_urmp_08_Spring_fl_vn,30s,human_urmp,development,complete,computed,computed,eligible,eligible,unavailable_fewer_than_3_sections_or_downbeat_spans,,
human_urmp_09_Jesus_tpt_vn,30s,human_urmp,development,complete,computed,computed,eligible,eligible,unavailable_fewer_than_3_sections_or_downbeat_spans,,
human_urmp_10_March_tpt_sax,30s,human_urmp,development,complete,computed,computed,eligible,eligible,unavailable_fewer_than_3_sections_or_downbeat_spans,,
human_urmp_11_Maria_ob_vc,30s,human_urmp,development,complete,computed,computed,eligible,eligible,unavailable_fewer_than_3_sections_or_downbeat_spans,,
human_urmp_14_Waltz_fl_fl_cl,30s,human_urmp,development,complete,computed,computed,eligible,eligible,unavailable_fewer_than_3_sections_or_downbeat_spans,,
human_urmp_15_Surprise_tpt_tpt_tbn,30s,human_urmp,development,complete,computed,computed,eligible,eligible,unavailable_fewer_than_3_sections_or_downbeat_spans,,
human_urmp_16_Surprise_tpt_tpt_sax,30s,human_urmp,development,complete,computed,computed,eligible,eligible,unavailable_fewer_than_3_sections_or_downbeat_spans,,
human_urmp_17_Nocturne_vn_fl_cl,30s,human_urmp,development,complete,computed,computed,eligible,eligible,unavailable_fewer_than_3_sections_or_downbeat_spans,,
human_urmp_18_Nocturne_vn_fl_tpt,30s,human_urmp,development,complete,computed,computed,eligible,eligible,unavailable_fewer_than_3_sections_or_downbeat_spans,,
human_urmp_19_Pavane_cl_vn_vc,30s,human_urmp,development,complete,computed,computed,eligible,eligible,unavailable_fewer_than_3_sections_or_downbeat_spans,,
human_urmp_20_Pavane_tpt_vn_vc,30s,human_urmp,development,complete,computed,computed,eligible,eligible,unavailable_fewer_than_3_sections_or_downbeat_spans,,
human_urmp_21_Rejouissance_cl_tbn_tba,30s,human_urmp,development,complete,computed,computed,eligible,eligible,unavailable_fewer_than_3_sections_or_downbeat_spans,,
human_urmp_22_Rejouissance_sax_tbn_tba,30s,human_urmp,development,complete,computed,computed,eligible,eligible,unavailable_fewer_than_3_sections_or_downbeat_spans,,
human_urmp_23_Rejouissance_cl_sax_tba,30s,human_urmp,development,complete,computed,computed,eligible,eligible,unavailable_fewer_than_3_sections_or_downbeat_spans,,
human_urmp_26_King_vn_vn_va_vc,30s,human_urmp,development,complete,computed,computed,eligible,eligible,unavailable_fewer_than_3_sections_or_downbeat_spans,,
human_urmp_27_King_vn_vn_va_sax,30s,human_urmp,development,complete,computed,computed,eligible,eligible,eligible,,
human_urmp_28_Fugue_fl_ob_cl_bn,30s,human_urmp,development,complete,computed,computed,eligible,eligible,unavailable_fewer_than_3_sections_or_downbeat_spans,,
human_urmp_29_Fugue_fl_fl_ob_cl,30s,human_urmp,development,complete,computed,computed,eligible,eligible,unavailable_fewer_than_3_sections_or_downbeat_spans,,
human_urmp_30_Fugue_fl_fl_ob_sax,30s,human_urmp,development,complete,computed,computed,eligible,eligible,unavailable_fewer_than_3_sections_or_downbeat_spans,,
human_urmp_32_Fugue_vn_vn_va_vc,30s,human_urmp,development,complete,computed,computed,eligible,eligible,unavailable_fewer_than_3_sections_or_downbeat_spans,,
human_urmp_33_Elise_tpt_tpt_hn_tbn,30s,human_urmp,development,complete,computed,computed,eligible,eligible,unavailable_fewer_than_3_sections_or_downbeat_spans,,
human_urmp_34_Fugue_tpt_tpt_hn_tbn,30s,human_urmp,development,complete,computed,computed,eligible,eligible,unavailable_fewer_than_3_sections_or_downbeat_spans,,
human_urmp_35_Rondeau_vn_vn_va_db,30s,human_urmp,development,complete,computed,computed,eligible,eligible,unavailable_fewer_than_3_sections_or_downbeat_spans,,
human_urmp_36_Rondeau_vn_vn_va_vc,30s,human_urmp,development,complete,computed,computed,eligible,eligible,unavailable_fewer_than_3_sections_or_downbeat_spans,,
human_urmp_37_Rondeau_fl_vn_va_cl,30s,human_urmp,development,complete,computed,computed,eligible,eligible,unavailable_fewer_than_3_sections_or_downbeat_spans,,
human_urmp_40_Miserere_fl_fl_ob_cl_bn,30s,human_urmp,development,complete,computed,computed,eligible,eligible,unavailable_fewer_than_3_sections_or_downbeat_spans,,
human_urmp_41_Miserere_fl_fl_ob_sax_bn,30s,human_urmp,development,complete,computed,computed,eligible,eligible,unavailable_fewer_than_3_sections_or_downbeat_spans,,
human_urmp_42_Arioso_tpt_tpt_hn_tbn_tba,30s,human_urmp,development,complete,computed,computed,eligible,eligible,unavailable_fewer_than_3_sections_or_downbeat_spans,,
human_urmp_43_Chorale_tpt_tpt_hn_tbn_tba,30s,human_urmp,development,complete,computed,computed,eligible,eligible,unavailable_fewer_than_3_sections_or_downbeat_spans,,
human_urmp_44_K515_vn_vn_va_va_vc,30s,human_urmp,development,complete,computed,computed,eligible,eligible,unavailable_fewer_than_3_sections_or_downbeat_spans,,
human_urmp_01_Jupiter_vn_vc,30s,human_urmp,development,complete,computed,computed,eligible,eligible,unavailable_fewer_than_3_sections_or_downbeat_spans,,
human_urmp_02_Sonata_vn_vn,30s,human_urmp,development,complete,computed,computed,eligible,eligible,unavailable_fewer_than_3_sections_or_downbeat_spans,,
human_urmp_12_Spring_vn_vn_vc,30s,human_urmp,development,complete,computed,computed,eligible,eligible,unavailable_fewer_than_3_sections_or_downbeat_spans,,
human_urmp_13_Hark_vn_vn_va,30s,human_urmp,development,complete,computed,computed,eligible,eligible,unavailable_fewer_than_3_sections_or_downbeat_spans,,
human_urmp_24_Pirates_vn_vn_va_vc,30s,human_urmp,development,complete,computed,computed,eligible,eligible,unavailable_fewer_than_3_sections_or_downbeat_spans,,
human_urmp_25_Pirates_vn_vn_va_sax,30s,human_urmp,development,complete,computed,computed,eligible,eligible,unavailable_fewer_than_3_sections_or_downbeat_spans,,
human_urmp_31_Slavonic_tpt_tpt_hn_tbn,30s,human_urmp,development,complete,computed,computed,eligible,eligible,unavailable_fewer_than_3_sections_or_downbeat_spans,,
human_urmp_38_Jerusalem_vn_vn_va_vc_db,30s,human_urmp,development,complete,computed,computed,eligible,eligible,unavailable_fewer_than_3_sections_or_downbeat_spans,,
human_urmp_39_Jerusalem_vn_vn_va_sax_db,30s,human_urmp,development,complete,computed,computed,eligible,eligible,unavailable_fewer_than_3_sections_or_downbeat_spans,,
human_deam_01367,30s,human_deam,locked,complete,computed,computed,eligible,eligible,unavailable_fewer_than_3_sections_or_downbeat_spans,,
human_deam_01861,30s,human_deam,locked,complete,computed,computed,eligible,eligible,unavailable_fewer_than_3_sections_or_downbeat_spans,,
human_deam_00459,30s,human_deam,locked,complete,computed,computed,eligible,eligible,unavailable_fewer_than_3_sections_or_downbeat_spans,,
human_deam_00684,30s,human_deam,locked,complete,computed,computed,eligible,eligible,unavailable_fewer_than_3_sections_or_downbeat_spans,,
human_deam_01243,30s,human_deam,locked,complete,computed,computed,eligible,eligible,unavailable_fewer_than_3_sections_or_downbeat_spans,,
human_deam_01690,30s,human_deam,locked,complete,computed,computed,eligible,eligible,unavailable_fewer_than_3_sections_or_downbeat_spans,,
human_deam_00863,30s,human_deam,locked,complete,computed,computed,eligible,eligible,unavailable_fewer_than_3_sections_or_downbeat_spans,,
human_deam_00850,30s,human_deam,locked,complete,computed,computed,eligible,eligible,unavailable_fewer_than_3_sections_or_downbeat_spans,,
human_deam_00818,30s,human_deam,locked,complete,computed,computed,eligible,eligible,unavailable_fewer_than_3_sections_or_downbeat_spans,,
human_deam_00073,30s,human_deam,locked,complete,computed,computed,eligible,eligible,unavailable_fewer_than_3_sections_or_downbeat_spans,,
human_deam_00055,30s,human_deam,locked,complete,computed,computed,eligible,eligible,eligible,,
human_deam_00498,30s,human_deam,locked,complete,computed,computed,eligible,unavailable_fewer_than_16_beats_or_invalid_intervals,unavailable_fewer_than_3_sections_or_downbeat_spans,,
human_deam_01260,30s,human_deam,locked,complete,computed,computed,eligible,eligible,unavailable_fewer_than_3_sections_or_downbeat_spans,,
human_deam_00911,30s,human_deam,locked,complete,computed,computed,eligible,eligible,unavailable_fewer_than_3_sections_or_downbeat_spans,,
human_deam_00889,30s,human_deam,locked,complete,computed,computed,eligible,eligible,unavailable_fewer_than_3_sections_or_downbeat_spans,,
human_deam_00041,30s,human_deam,locked,complete,computed,computed,eligible,eligible,unavailable_fewer_than_3_sections_or_downbeat_spans,,
human_deam_00977,30s,human_deam,locked,complete,computed,computed,eligible,eligible,unavailable_fewer_than_3_sections_or_downbeat_spans,,
human_deam_00153,30s,human_deam,locked,complete,computed,computed,eligible,eligible,unavailable_fewer_than_3_sections_or_downbeat_spans,,
human_deam_00161,30s,human_deam,locked,complete,computed,computed,eligible,eligible,unavailable_fewer_than_3_sections_or_downbeat_spans,,
human_deam_00391,30s,human_deam,locked,complete,computed,computed,eligible,eligible,unavailable_fewer_than_3_sections_or_downbeat_spans,,
human_deam_01911,30s,human_deam,locked,complete,computed,computed,eligible,eligible,unavailable_fewer_than_3_sections_or_downbeat_spans,,
human_deam_00253,30s,human_deam,locked,complete,computed,computed,eligible,eligible,unavailable_fewer_than_3_sections_or_downbeat_spans,,
human_deam_01337,30s,human_deam,locked,complete,computed,computed,eligible,eligible,unavailable_fewer_than_3_sections_or_downbeat_spans,,
human_deam_01831,30s,human_deam,locked,complete,computed,computed,eligible,eligible,unavailable_fewer_than_3_sections_or_downbeat_spans,,
human_deam_00021,30s,human_deam,locked,complete,computed,computed,eligible,eligible,unavailable_fewer_than_3_sections_or_downbeat_spans,,
human_deam_00169,30s,human_deam,locked,complete,computed,computed,eligible,eligible,unavailable_fewer_than_3_sections_or_downbeat_spans,,
human_deam_01356,30s,human_deam,locked,complete,computed,computed,eligible,eligible,unavailable_fewer_than_3_sections_or_downbeat_spans,,
human_deam_02016,30s,human_deam,locked,complete,computed,computed,eligible,eligible,unavailable_fewer_than_3_sections_or_downbeat_spans,,
human_deam_01722,30s,human_deam,locked,complete,computed,computed,eligible,eligible,unavailable_fewer_than_3_sections_or_downbeat_spans,,
human_deam_01895,30s,human_deam,locked,complete,computed,computed,eligible,eligible,eligible,,
human_deam_00869,30s,human_deam,locked,complete,computed,computed,eligible,eligible,unavailable_fewer_than_3_sections_or_downbeat_spans,,
human_deam_00102,30s,human_deam,locked,complete,computed,computed,eligible,eligible,unavailable_fewer_than_3_sections_or_downbeat_spans,,
human_deam_00117,30s,human_deam,locked,complete,computed,computed,eligible,eligible,unavailable_fewer_than_3_sections_or_downbeat_spans,,
human_deam_01826,30s,human_deam,locked,complete,computed,computed,eligible,eligible,unavailable_fewer_than_3_sections_or_downbeat_spans,,
human_deam_01871,30s,human_deam,locked,complete,computed,computed,eligible,eligible,eligible,,
human_deam_00007,30s,human_deam,locked,complete,computed,computed,eligible,eligible,unavailable_fewer_than_3_sections_or_downbeat_spans,,
human_deam_01569,30s,human_deam,locked,complete,computed,computed,eligible,eligible,unavailable_fewer_than_3_sections_or_downbeat_spans,,
human_deam_02019,30s,human_deam,locked,complete,computed,computed,eligible,eligible,unavailable_fewer_than_3_sections_or_downbeat_spans,,
human_deam_00179,30s,human_deam,locked,complete,computed,computed,eligible,eligible,unavailable_fewer_than_3_sections_or_downbeat_spans,,
human_deam_01030,30s,human_deam,locked,complete,computed,computed,eligible,eligible,unavailable_fewer_than_3_sections_or_downbeat_spans,,
human_deam_00108,30s,human_deam,locked,complete,computed,computed,eligible,eligible,unavailable_fewer_than_3_sections_or_downbeat_spans,,
human_deam_01386,30s,human_deam,locked,complete,computed,computed,eligible,eligible,unavailable_fewer_than_3_sections_or_downbeat_spans,,
human_deam_00181,30s,human_deam,locked,complete,computed,computed,eligible,unavailable_fewer_than_16_beats_or_invalid_intervals,unavailable_fewer_than_3_sections_or_downbeat_spans,,
human_deam_00361,30s,human_deam,locked,complete,computed,computed,eligible,eligible,unavailable_fewer_than_3_sections_or_downbeat_spans,,
human_deam_01389,30s,human_deam,locked,complete,computed,computed,eligible,eligible,unavailable_fewer_than_3_sections_or_downbeat_spans,,
human_deam_01973,30s,human_deam,locked,complete,computed,computed,eligible,eligible,unavailable_fewer_than_3_sections_or_downbeat_spans,,
human_deam_01699,30s,human_deam,locked,complete,computed,computed,eligible,eligible,unavailable_fewer_than_3_sections_or_downbeat_spans,,
human_deam_00121,30s,human_deam,locked,complete,computed,computed,eligible,unavailable_fewer_than_16_beats_or_invalid_intervals,unavailable_fewer_than_3_sections_or_downbeat_spans,,
human_deam_00506,30s,human_deam,locked,complete,computed,computed,eligible,eligible,unavailable_fewer_than_3_sections_or_downbeat_spans,,
human_deam_00390,30s,human_deam,locked,complete,computed,computed,eligible,eligible,unavailable_fewer_than_3_sections_or_downbeat_spans,,
human_deam_00274,30s,human_deam,locked,complete,computed,computed,eligible,eligible,unavailable_fewer_than_3_sections_or_downbeat_spans,,
human_deam_01888,30s,human_deam,locked,complete,computed,computed,eligible,eligible,unavailable_fewer_than_3_sections_or_downbeat_spans,,
human_deam_00450,30s,human_deam,locked,complete,computed,computed,eligible,eligible,unavailable_fewer_than_3_sections_or_downbeat_spans,,
human_deam_00392,30s,human_deam,locked,complete,computed,computed,eligible,eligible,unavailable_fewer_than_3_sections_or_downbeat_spans,,
human_deam_01272,30s,human_deam,locked,complete,computed,computed,eligible,eligible,unavailable_fewer_than_3_sections_or_downbeat_spans,,
human_deam_01155,30s,human_deam,locked,complete,computed,computed,eligible,eligible,unavailable_fewer_than_3_sections_or_downbeat_spans,,
human_deam_01647,30s,human_deam,locked,complete,computed,computed,eligible,eligible,unavailable_fewer_than_3_sections_or_downbeat_spans,,
human_deam_00610,30s,human_deam,locked,complete,computed,computed,eligible,eligible,unavailable_fewer_than_3_sections_or_downbeat_spans,,
human_deam_00119,30s,human_deam,locked,complete,computed,computed,eligible,eligible,unavailable_fewer_than_3_sections_or_downbeat_spans,,
human_deam_00218,30s,human_deam,locked,complete,computed,computed,eligible,eligible,unavailable_fewer_than_3_sections_or_downbeat_spans,,
human_deam_00865,30s,human_deam,locked,complete,computed,computed,eligible,eligible,unavailable_fewer_than_3_sections_or_downbeat_spans,,
human_deam_02054,30s,human_deam,locked,complete,computed,computed,eligible,eligible,unavailable_fewer_than_3_sections_or_downbeat_spans,,
human_deam_01692,30s,human_deam,locked,complete,computed,computed,eligible,eligible,unavailable_fewer_than_3_sections_or_downbeat_spans,,
human_deam_00623,30s,human_deam,locked,complete,computed,computed,eligible,eligible,unavailable_fewer_than_3_sections_or_downbeat_spans,,
human_deam_01036,30s,human_deam,locked,complete,computed,computed,eligible,eligible,unavailable_fewer_than_3_sections_or_downbeat_spans,,
human_deam_01774,30s,human_deam,locked,complete,computed,computed,eligible,eligible,unavailable_fewer_than_3_sections_or_downbeat_spans,,
human_deam_00574,30s,human_deam,locked,complete,computed,computed,eligible,eligible,unavailable_fewer_than_3_sections_or_downbeat_spans,,
human_deam_01507,30s,human_deam,locked,complete,computed,computed,eligible,eligible,unavailable_fewer_than_3_sections_or_downbeat_spans,,
human_deam_01054,30s,human_deam,locked,complete,computed,computed,eligible,eligible,unavailable_fewer_than_3_sections_or_downbeat_spans,,
human_deam_01174,30s,human_deam,locked,complete,computed,computed,eligible,eligible,unavailable_fewer_than_3_sections_or_downbeat_spans,,
human_deam_01241,30s,human_deam,locked,complete,computed,computed,eligible,eligible,unavailable_fewer_than_3_sections_or_downbeat_spans,,
human_deam_00182,30s,human_deam,locked,complete,computed,computed,eligible,unavailable_fewer_than_16_beats_or_invalid_intervals,unavailable_fewer_than_3_sections_or_downbeat_spans,,
human_deam_01949,30s,human_deam,locked,complete,computed,computed,eligible,eligible,unavailable_fewer_than_3_sections_or_downbeat_spans,,
human_deam_00798,30s,human_deam,locked,complete,computed,computed,eligible,eligible,unavailable_fewer_than_3_sections_or_downbeat_spans,,
human_deam_01676,30s,human_deam,locked,complete,computed,computed,eligible,eligible,unavailable_fewer_than_3_sections_or_downbeat_spans,,
human_deam_01379,30s,human_deam,locked,complete,computed,computed,eligible,eligible,eligible,,
human_deam_01207,30s,human_deam,locked,complete,computed,computed,eligible,eligible,unavailable_fewer_than_3_sections_or_downbeat_spans,,
human_deam_01440,30s,human_deam,locked,complete,computed,computed,eligible,eligible,unavailable_fewer_than_3_sections_or_downbeat_spans,,
human_deam_00300,30s,human_deam,locked,complete,computed,computed,eligible,eligible,unavailable_fewer_than_3_sections_or_downbeat_spans,,
human_deam_01791,30s,human_deam,locked,complete,computed,computed,eligible,eligible,unavailable_fewer_than_3_sections_or_downbeat_spans,,
human_deam_00504,30s,human_deam,locked,complete,computed,computed,eligible,eligible,unavailable_fewer_than_3_sections_or_downbeat_spans,,
human_deam_00400,30s,human_deam,locked,complete,computed,computed,eligible,eligible,unavailable_fewer_than_3_sections_or_downbeat_spans,,
human_deam_01813,30s,human_deam,locked,complete,computed,computed,eligible,eligible,unavailable_fewer_than_3_sections_or_downbeat_spans,,
human_deam_01970,30s,human_deam,locked,complete,computed,computed,eligible,eligible,unavailable_fewer_than_3_sections_or_downbeat_spans,,
human_deam_01484,30s,human_deam,locked,complete,computed,computed,eligible,eligible,unavailable_fewer_than_3_sections_or_downbeat_spans,,
human_deam_01078,30s,human_deam,locked,complete,computed,computed,eligible,eligible,unavailable_fewer_than_3_sections_or_downbeat_spans,,
human_deam_02008,30s,human_deam,locked,complete,computed,computed,eligible,eligible,unavailable_fewer_than_3_sections_or_downbeat_spans,,
human_deam_01778,30s,human_deam,locked,complete,computed,computed,eligible,eligible,unavailable_fewer_than_3_sections_or_downbeat_spans,,
human_deam_01334,30s,human_deam,locked,complete,computed,computed,eligible,eligible,eligible,,
human_deam_02042,30s,human_deam,locked,complete,computed,computed,eligible,eligible,eligible,,
human_deam_00725,30s,human_deam,locked,complete,computed,computed,eligible,eligible,eligible,,
human_deam_01297,30s,human_deam,locked,complete,computed,computed,eligible,eligible,unavailable_fewer_than_3_sections_or_downbeat_spans,,
human_deam_02001,30s,human_deam,locked,complete,computed,computed,eligible,eligible,unavailable_fewer_than_3_sections_or_downbeat_spans,,
human_deam_00902,30s,human_deam,locked,complete,computed,computed,eligible,eligible,eligible,,
human_deam_01621,30s,human_deam,locked,complete,computed,computed,eligible,eligible,unavailable_fewer_than_3_sections_or_downbeat_spans,,
human_deam_00415,30s,human_deam,locked,complete,computed,computed,eligible,eligible,unavailable_fewer_than_3_sections_or_downbeat_spans,,
human_deam_00560,30s,human_deam,locked,complete,computed,computed,eligible,eligible,unavailable_fewer_than_3_sections_or_downbeat_spans,,
human_deam_01494,30s,human_deam,locked,complete,computed,computed,eligible,eligible,unavailable_fewer_than_3_sections_or_downbeat_spans,,
human_deam_00378,30s,human_deam,locked,complete,computed,computed,eligible,eligible,unavailable_fewer_than_3_sections_or_downbeat_spans,,
human_deam_01019,30s,human_deam,locked,complete,computed,computed,eligible,eligible,eligible,,
human_deam_01279,30s,human_deam,locked,complete,computed,computed,eligible,eligible,unavailable_fewer_than_3_sections_or_downbeat_spans,,
human_deam_00010,30s,human_deam,locked,complete,computed,computed,eligible,eligible,unavailable_fewer_than_3_sections_or_downbeat_spans,,
human_deam_01558,30s,human_deam,locked,complete,computed,computed,eligible,eligible,unavailable_fewer_than_3_sections_or_downbeat_spans,,
human_deam_00913,30s,human_deam,locked,complete,computed,computed,eligible,eligible,unavailable_fewer_than_3_sections_or_downbeat_spans,,
human_deam_01105,30s,human_deam,locked,complete,computed,computed,eligible,eligible,unavailable_fewer_than_3_sections_or_downbeat_spans,,
human_deam_01925,30s,human_deam,locked,complete,computed,computed,eligible,eligible,unavailable_fewer_than_3_sections_or_downbeat_spans,,
human_deam_00598,30s,human_deam,locked,complete,computed,computed,eligible,eligible,unavailable_fewer_than_3_sections_or_downbeat_spans,,
human_deam_00477,30s,human_deam,locked,complete,computed,computed,eligible,eligible,unavailable_fewer_than_3_sections_or_downbeat_spans,,
human_deam_01591,30s,human_deam,locked,complete,computed,computed,eligible,eligible,unavailable_fewer_than_3_sections_or_downbeat_spans,,
human_deam_00522,30s,human_deam,locked,complete,computed,computed,eligible,unavailable_fewer_than_16_beats_or_invalid_intervals,unavailable_fewer_than_3_sections_or_downbeat_spans,,
human_deam_00743,30s,human_deam,locked,complete,computed,computed,eligible,eligible,unavailable_fewer_than_3_sections_or_downbeat_spans,,
human_deam_00379,30s,human_deam,locked,accounted_serialization_failure,computed,computed,eligible,unavailable_fewer_than_16_beats_or_invalid_intervals,unavailable_fewer_than_3_sections_or_downbeat_spans,,
human_deam_00405,30s,human_deam,locked,complete,computed,computed,eligible,eligible,unavailable_fewer_than_3_sections_or_downbeat_spans,,
human_deam_00148,30s,human_deam,locked,complete,computed,computed,eligible,eligible,eligible,,
human_deam_00791,30s,human_deam,locked,complete,computed,computed,eligible,eligible,unavailable_fewer_than_3_sections_or_downbeat_spans,,
human_deam_01638,30s,human_deam,locked,complete,computed,computed,eligible,eligible,unavailable_fewer_than_3_sections_or_downbeat_spans,,
human_deam_00608,30s,human_deam,locked,complete,computed,computed,eligible,eligible,unavailable_fewer_than_3_sections_or_downbeat_spans,,
human_deam_01040,30s,human_deam,locked,complete,computed,computed,eligible,eligible,unavailable_fewer_than_3_sections_or_downbeat_spans,,
human_deam_01240,30s,human_deam,locked,complete,computed,computed,eligible,eligible,unavailable_fewer_than_3_sections_or_downbeat_spans,,
human_deam_01504,30s,human_deam,locked,complete,computed,computed,eligible,eligible,unavailable_fewer_than_3_sections_or_downbeat_spans,,
human_deam_00090,30s,human_deam,locked,complete,computed,computed,eligible,eligible,unavailable_fewer_than_3_sections_or_downbeat_spans,,
human_deam_01868,30s,human_deam,locked,complete,computed,computed,eligible,eligible,unavailable_fewer_than_3_sections_or_downbeat_spans,,
human_deam_01200,30s,human_deam,locked,complete,computed,computed,eligible,eligible,unavailable_fewer_than_3_sections_or_downbeat_spans,,
human_deam_00799,30s,human_deam,locked,complete,computed,computed,eligible,eligible,unavailable_fewer_than_3_sections_or_downbeat_spans,,
human_deam_00763,30s,human_deam,locked,complete,computed,computed,eligible,eligible,unavailable_fewer_than_3_sections_or_downbeat_spans,,
human_deam_01902,30s,human_deam,locked,complete,computed,computed,eligible,eligible,unavailable_fewer_than_3_sections_or_downbeat_spans,,
human_deam_00789,30s,human_deam,locked,complete,computed,computed,eligible,eligible,unavailable_fewer_than_3_sections_or_downbeat_spans,,
human_deam_01705,30s,human_deam,locked,complete,computed,computed,eligible,eligible,eligible,,
human_deam_00427,30s,human_deam,locked,complete,computed,computed,eligible,eligible,unavailable_fewer_than_3_sections_or_downbeat_spans,,
human_deam_01309,30s,human_deam,locked,complete,computed,computed,eligible,eligible,eligible,,
human_deam_00711,30s,human_deam,locked,complete,computed,computed,eligible,eligible,unavailable_fewer_than_3_sections_or_downbeat_spans,,
human_deam_01065,30s,human_deam,locked,complete,computed,computed,eligible,eligible,unavailable_fewer_than_3_sections_or_downbeat_spans,,
human_deam_01292,30s,human_deam,locked,complete,computed,computed,eligible,eligible,unavailable_fewer_than_3_sections_or_downbeat_spans,,
human_deam_02034,30s,human_deam,locked,complete,computed,computed,eligible,eligible,eligible,,
human_deam_00172,30s,human_deam,locked,complete,computed,computed,eligible,eligible,unavailable_fewer_than_3_sections_or_downbeat_spans,,
human_deam_00836,30s,human_deam,locked,complete,computed,computed,eligible,eligible,unavailable_fewer_than_3_sections_or_downbeat_spans,,
human_deam_01133,30s,human_deam,locked,complete,computed,computed,eligible,eligible,unavailable_fewer_than_3_sections_or_downbeat_spans,,
human_deam_00209,30s,human_deam,locked,complete,computed,computed,eligible,eligible,unavailable_fewer_than_3_sections_or_downbeat_spans,,
human_deam_00742,30s,human_deam,locked,complete,computed,computed,eligible,eligible,unavailable_fewer_than_3_sections_or_downbeat_spans,,
human_deam_00077,30s,human_deam,locked,complete,computed,computed,eligible,eligible,unavailable_fewer_than_3_sections_or_downbeat_spans,,
human_deam_01660,30s,human_deam,locked,complete,computed,computed,eligible,eligible,unavailable_fewer_than_3_sections_or_downbeat_spans,,
human_deam_01575,30s,human_deam,locked,complete,computed,computed,eligible,eligible,unavailable_fewer_than_3_sections_or_downbeat_spans,,
human_deam_00887,30s,human_deam,locked,complete,computed,computed,eligible,eligible,unavailable_fewer_than_3_sections_or_downbeat_spans,,
human_deam_01264,30s,human_deam,locked,complete,computed,computed,eligible,eligible,unavailable_fewer_than_3_sections_or_downbeat_spans,,
human_deam_00079,30s,human_deam,locked,complete,computed,computed,eligible,eligible,unavailable_fewer_than_3_sections_or_downbeat_spans,,
human_deam_01136,30s,human_deam,locked,complete,computed,computed,eligible,eligible,unavailable_fewer_than_3_sections_or_downbeat_spans,,
human_deam_00629,30s,human_deam,locked,complete,computed,computed,eligible,eligible,unavailable_fewer_than_3_sections_or_downbeat_spans,,
human_deam_01016,30s,human_deam,locked,complete,computed,computed,eligible,unavailable_fewer_than_16_beats_or_invalid_intervals,unavailable_fewer_than_3_sections_or_downbeat_spans,,
human_deam_00688,30s,human_deam,locked,complete,computed,computed,eligible,eligible,unavailable_fewer_than_3_sections_or_downbeat_spans,,
human_deam_00284,30s,human_deam,locked,complete,computed,computed,eligible,eligible,unavailable_fewer_than_3_sections_or_downbeat_spans,,
human_deam_00348,30s,human_deam,locked,complete,computed,computed,eligible,eligible,unavailable_fewer_than_3_sections_or_downbeat_spans,,
human_deam_00227,30s,human_deam,locked,complete,computed,computed,eligible,eligible,unavailable_fewer_than_3_sections_or_downbeat_spans,,
human_deam_00956,30s,human_deam,locked,complete,computed,computed,eligible,eligible,unavailable_fewer_than_3_sections_or_downbeat_spans,,
human_deam_01787,30s,human_deam,locked,complete,computed,computed,eligible,eligible,unavailable_fewer_than_3_sections_or_downbeat_spans,,
human_deam_00338,30s,human_deam,locked,complete,computed,computed,eligible,eligible,unavailable_fewer_than_3_sections_or_downbeat_spans,,
human_deam_00042,30s,human_deam,locked,complete,computed,computed,eligible,eligible,unavailable_fewer_than_3_sections_or_downbeat_spans,,
human_deam_01969,30s,human_deam,locked,complete,computed,computed,eligible,eligible,unavailable_fewer_than_3_sections_or_downbeat_spans,,
human_deam_01154,30s,human_deam,locked,complete,computed,computed,eligible,eligible,unavailable_fewer_than_3_sections_or_downbeat_spans,,
human_deam_01544,30s,human_deam,locked,complete,computed,computed,eligible,eligible,unavailable_fewer_than_3_sections_or_downbeat_spans,,
human_deam_00318,30s,human_deam,locked,complete,computed,computed,eligible,eligible,unavailable_fewer_than_3_sections_or_downbeat_spans,,
human_deam_01522,30s,human_deam,locked,complete,computed,computed,eligible,eligible,unavailable_fewer_than_3_sections_or_downbeat_spans,,
human_deam_01821,30s,human_deam,locked,complete,computed,computed,eligible,eligible,eligible,,
human_deam_00535,30s,human_deam,locked,complete,computed,computed,eligible,eligible,unavailable_fewer_than_3_sections_or_downbeat_spans,,
human_deam_01924,30s,human_deam,locked,complete,computed,computed,eligible,eligible,unavailable_fewer_than_3_sections_or_downbeat_spans,,
human_deam_00276,30s,human_deam,locked,complete,computed,computed,eligible,eligible,eligible,,
human_deam_01834,30s,human_deam,locked,complete,computed,computed,eligible,eligible,unavailable_fewer_than_3_sections_or_downbeat_spans,,
human_deam_01643,30s,human_deam,locked,complete,computed,computed,eligible,eligible,eligible,,
human_deam_00451,30s,human_deam,locked,complete,computed,computed,eligible,eligible,unavailable_fewer_than_3_sections_or_downbeat_spans,,
human_deam_00826,30s,human_deam,locked,complete,computed,computed,eligible,eligible,unavailable_fewer_than_3_sections_or_downbeat_spans,,
human_deam_01119,30s,human_deam,locked,complete,computed,computed,eligible,unavailable_fewer_than_16_beats_or_invalid_intervals,unavailable_fewer_than_3_sections_or_downbeat_spans,,
human_deam_01771,30s,human_deam,locked,complete,computed,computed,eligible,eligible,unavailable_fewer_than_3_sections_or_downbeat_spans,,
human_deam_01461,30s,human_deam,locked,complete,computed,computed,eligible,eligible,unavailable_fewer_than_3_sections_or_downbeat_spans,,
human_deam_01523,30s,human_deam,locked,complete,computed,computed,eligible,eligible,unavailable_fewer_than_3_sections_or_downbeat_spans,,
human_deam_01519,30s,human_deam,locked,complete,computed,computed,eligible,eligible,unavailable_fewer_than_3_sections_or_downbeat_spans,,
human_deam_00113,30s,human_deam,locked,complete,computed,computed,eligible,eligible,unavailable_fewer_than_3_sections_or_downbeat_spans,,
human_deam_01646,30s,human_deam,locked,complete,computed,computed,eligible,eligible,unavailable_fewer_than_3_sections_or_downbeat_spans,,
human_deam_00297,30s,human_deam,locked,complete,computed,computed,eligible,eligible,unavailable_fewer_than_3_sections_or_downbeat_spans,,
human_deam_01472,30s,human_deam,locked,complete,computed,computed,eligible,eligible,unavailable_fewer_than_3_sections_or_downbeat_spans,,
human_deam_00129,30s,human_deam,locked,complete,computed,computed,eligible,eligible,unavailable_fewer_than_3_sections_or_downbeat_spans,,
human_deam_01147,30s,human_deam,locked,complete,computed,computed,eligible,eligible,unavailable_fewer_than_3_sections_or_downbeat_spans,,
human_deam_01606,30s,human_deam,locked,complete,computed,computed,eligible,eligible,unavailable_fewer_than_3_sections_or_downbeat_spans,,
human_deam_00088,30s,human_deam,locked,complete,computed,computed,eligible,eligible,unavailable_fewer_than_3_sections_or_downbeat_spans,,
human_deam_01769,30s,human_deam,locked,complete,computed,computed,eligible,eligible,unavailable_fewer_than_3_sections_or_downbeat_spans,,
human_deam_01104,30s,human_deam,locked,complete,computed,computed,eligible,eligible,unavailable_fewer_than_3_sections_or_downbeat_spans,,
human_deam_01402,30s,human_deam,locked,complete,computed,computed,eligible,eligible,unavailable_fewer_than_3_sections_or_downbeat_spans,,
human_deam_00332,30s,human_deam,locked,complete,computed,computed,eligible,eligible,unavailable_fewer_than_3_sections_or_downbeat_spans,,
human_deam_01474,30s,human_deam,locked,complete,computed,computed,eligible,eligible,unavailable_fewer_than_3_sections_or_downbeat_spans,,
human_deam_00747,30s,human_deam,locked,complete,computed,computed,eligible,eligible,unavailable_fewer_than_3_sections_or_downbeat_spans,,
human_deam_01694,30s,human_deam,locked,complete,computed,computed,eligible,eligible,unavailable_fewer_than_3_sections_or_downbeat_spans,,
human_deam_00954,30s,human_deam,locked,complete,computed,computed,eligible,eligible,unavailable_fewer_than_3_sections_or_downbeat_spans,,
human_deam_01579,30s,human_deam,locked,complete,computed,computed,eligible,eligible,unavailable_fewer_than_3_sections_or_downbeat_spans,,
human_deam_00225,30s,human_deam,locked,complete,computed,computed,eligible,eligible,unavailable_fewer_than_3_sections_or_downbeat_spans,,
human_deam_00466,30s,human_deam,locked,complete,computed,computed,eligible,eligible,unavailable_fewer_than_3_sections_or_downbeat_spans,,
human_deam_00671,30s,human_deam,locked,complete,computed,computed,eligible,eligible,unavailable_fewer_than_3_sections_or_downbeat_spans,,
human_deam_00170,30s,human_deam,locked,complete,computed,computed,eligible,eligible,unavailable_fewer_than_3_sections_or_downbeat_spans,,
human_deam_00013,30s,human_deam,locked,complete,computed,computed,eligible,eligible,unavailable_fewer_than_3_sections_or_downbeat_spans,,
human_deam_00650,30s,human_deam,locked,complete,computed,computed,eligible,eligible,unavailable_fewer_than_3_sections_or_downbeat_spans,,
human_deam_00376,30s,human_deam,locked,complete,computed,computed,eligible,eligible,unavailable_fewer_than_3_sections_or_downbeat_spans,,
human_deam_00025,30s,human_deam,locked,complete,computed,computed,eligible,eligible,unavailable_fewer_than_3_sections_or_downbeat_spans,,
human_deam_01021,30s,human_deam,locked,complete,computed,computed,eligible,eligible,unavailable_fewer_than_3_sections_or_downbeat_spans,,
human_deam_00168,30s,human_deam,locked,complete,computed,computed,eligible,eligible,unavailable_fewer_than_3_sections_or_downbeat_spans,,
human_deam_01209,30s,human_deam,locked,complete,computed,computed,eligible,eligible,unavailable_fewer_than_3_sections_or_downbeat_spans,,
human_deam_01666,30s,human_deam,locked,complete,computed,computed,eligible,eligible,unavailable_fewer_than_3_sections_or_downbeat_spans,,
human_deam_01102,30s,human_deam,locked,complete,computed,computed,eligible,eligible,unavailable_fewer_than_3_sections_or_downbeat_spans,,
human_deam_01739,30s,human_deam,locked,complete,computed,computed,eligible,eligible,unavailable_fewer_than_3_sections_or_downbeat_spans,,
human_deam_01760,30s,human_deam,locked,complete,computed,computed,eligible,eligible,unavailable_fewer_than_3_sections_or_downbeat_spans,,
human_deam_01089,30s,human_deam,locked,complete,computed,computed,eligible,eligible,unavailable_fewer_than_3_sections_or_downbeat_spans,,
human_deam_02036,30s,human_deam,locked,complete,computed,computed,eligible,eligible,unavailable_fewer_than_3_sections_or_downbeat_spans,,
human_deam_00345,30s,human_deam,locked,complete,computed,computed,eligible,eligible,unavailable_fewer_than_3_sections_or_downbeat_spans,,
human_deam_01244,30s,human_deam,locked,complete,computed,computed,eligible,eligible,unavailable_fewer_than_3_sections_or_downbeat_spans,,
human_deam_00101,30s,human_deam,locked,complete,computed,computed,eligible,eligible,unavailable_fewer_than_3_sections_or_downbeat_spans,,
human_deam_01899,30s,human_deam,locked,complete,computed,computed,eligible,eligible,unavailable_fewer_than_3_sections_or_downbeat_spans,,
human_deam_00292,30s,human_deam,locked,complete,computed,computed,eligible,eligible,eligible,,
human_deam_00825,30s,human_deam,locked,complete,computed,computed,eligible,eligible,unavailable_fewer_than_3_sections_or_downbeat_spans,,
human_deam_00190,30s,human_deam,locked,complete,computed,computed,eligible,eligible,unavailable_fewer_than_3_sections_or_downbeat_spans,,
human_deam_01267,30s,human_deam,locked,complete,computed,computed,eligible,eligible,unavailable_fewer_than_3_sections_or_downbeat_spans,,
human_deam_00806,30s,human_deam,locked,complete,computed,computed,eligible,eligible,unavailable_fewer_than_3_sections_or_downbeat_spans,,
human_deam_01009,30s,human_deam,locked,complete,computed,computed,eligible,eligible,unavailable_fewer_than_3_sections_or_downbeat_spans,,
human_deam_01308,30s,human_deam,locked,complete,computed,computed,eligible,eligible,eligible,,
human_deam_00713,30s,human_deam,locked,complete,computed,computed,eligible,eligible,unavailable_fewer_than_3_sections_or_downbeat_spans,,
human_deam_00224,30s,human_deam,locked,complete,computed,computed,eligible,eligible,unavailable_fewer_than_3_sections_or_downbeat_spans,,
human_deam_01723,30s,human_deam,locked,complete,computed,computed,eligible,eligible,unavailable_fewer_than_3_sections_or_downbeat_spans,,
human_deam_01859,30s,human_deam,locked,complete,computed,computed,eligible,eligible,unavailable_fewer_than_3_sections_or_downbeat_spans,,
human_deam_01331,30s,human_deam,locked,complete,computed,computed,eligible,eligible,unavailable_fewer_than_3_sections_or_downbeat_spans,,
human_deam_01633,30s,human_deam,locked,complete,computed,computed,eligible,eligible,unavailable_fewer_than_3_sections_or_downbeat_spans,,
human_deam_01697,30s,human_deam,locked,complete,computed,computed,eligible,eligible,unavailable_fewer_than_3_sections_or_downbeat_spans,,
human_deam_01965,30s,human_deam,locked,complete,computed,computed,eligible,unavailable_fewer_than_16_beats_or_invalid_intervals,unavailable_fewer_than_3_sections_or_downbeat_spans,,
human_deam_01199,30s,human_deam,locked,accounted_serialization_failure,computed,computed,eligible,unavailable_fewer_than_16_beats_or_invalid_intervals,unavailable_fewer_than_3_sections_or_downbeat_spans,,
human_deam_00675,30s,human_deam,locked,complete,computed,computed,eligible,eligible,unavailable_fewer_than_3_sections_or_downbeat_spans,,
human_deam_01124,30s,human_deam,locked,complete,computed,computed,eligible,eligible,unavailable_fewer_than_3_sections_or_downbeat_spans,,
human_deam_01401,30s,human_deam,locked,complete,computed,computed,eligible,eligible,unavailable_fewer_than_3_sections_or_downbeat_spans,,
human_deam_00238,30s,human_deam,locked,complete,computed,computed,eligible,eligible,unavailable_fewer_than_3_sections_or_downbeat_spans,,
human_deam_00243,30s,human_deam,locked,complete,computed,computed,eligible,eligible,unavailable_fewer_than_3_sections_or_downbeat_spans,,
human_deam_00107,30s,human_deam,locked,complete,computed,computed,eligible,eligible,unavailable_fewer_than_3_sections_or_downbeat_spans,,
human_deam_01617,30s,human_deam,locked,complete,computed,computed,eligible,eligible,unavailable_fewer_than_3_sections_or_downbeat_spans,,
human_deam_00544,30s,human_deam,locked,complete,computed,computed,eligible,eligible,unavailable_fewer_than_3_sections_or_downbeat_spans,,
human_deam_01165,30s,human_deam,locked,complete,computed,computed,eligible,unavailable_fewer_than_16_beats_or_invalid_intervals,unavailable_fewer_than_3_sections_or_downbeat_spans,,
human_deam_01179,30s,human_deam,locked,complete,computed,computed,eligible,eligible,eligible,,
human_deam_01393,30s,human_deam,locked,complete,computed,computed,eligible,eligible,eligible,,
human_deam_01565,30s,human_deam,locked,complete,computed,computed,eligible,eligible,unavailable_fewer_than_3_sections_or_downbeat_spans,,
human_deam_00049,30s,human_deam,locked,complete,computed,computed,eligible,eligible,unavailable_fewer_than_3_sections_or_downbeat_spans,,
human_deam_00955,30s,human_deam,locked,complete,computed,computed,eligible,eligible,unavailable_fewer_than_3_sections_or_downbeat_spans,,
human_deam_00220,30s,human_deam,locked,complete,computed,computed,eligible,eligible,unavailable_fewer_than_3_sections_or_downbeat_spans,,
human_deam_00197,30s,human_deam,locked,complete,computed,computed,eligible,eligible,unavailable_fewer_than_3_sections_or_downbeat_spans,,
human_deam_01741,30s,human_deam,locked,complete,computed,computed,eligible,eligible,unavailable_fewer_than_3_sections_or_downbeat_spans,,
human_deam_01226,30s,human_deam,locked,complete,computed,computed,eligible,eligible,unavailable_fewer_than_3_sections_or_downbeat_spans,,
human_deam_01029,30s,human_deam,locked,complete,computed,computed,eligible,eligible,unavailable_fewer_than_3_sections_or_downbeat_spans,,
human_deam_01125,30s,human_deam,locked,complete,computed,computed,eligible,eligible,unavailable_fewer_than_3_sections_or_downbeat_spans,,
human_deam_01410,30s,human_deam,locked,complete,computed,computed,eligible,eligible,unavailable_fewer_than_3_sections_or_downbeat_spans,,
human_deam_00043,30s,human_deam,locked,complete,computed,computed,eligible,eligible,eligible,,
human_deam_01675,30s,human_deam,locked,complete,computed,computed,eligible,eligible,eligible,,
human_deam_00561,30s,human_deam,locked,complete,computed,computed,eligible,eligible,unavailable_fewer_than_3_sections_or_downbeat_spans,,
human_deam_01222,30s,human_deam,locked,complete,computed,computed,eligible,eligible,unavailable_fewer_than_3_sections_or_downbeat_spans,,
human_deam_01938,30s,human_deam,locked,complete,computed,computed,eligible,eligible,unavailable_fewer_than_3_sections_or_downbeat_spans,,
human_deam_01017,30s,human_deam,locked,complete,computed,computed,eligible,eligible,unavailable_fewer_than_3_sections_or_downbeat_spans,,
human_deam_00349,30s,human_deam,locked,complete,computed,computed,eligible,eligible,unavailable_fewer_than_3_sections_or_downbeat_spans,,
human_deam_00157,30s,human_deam,locked,complete,computed,computed,eligible,eligible,unavailable_fewer_than_3_sections_or_downbeat_spans,,
human_deam_00195,30s,human_deam,locked,complete,computed,computed,eligible,eligible,unavailable_fewer_than_3_sections_or_downbeat_spans,,
human_deam_00718,30s,human_deam,locked,complete,computed,computed,eligible,eligible,unavailable_fewer_than_3_sections_or_downbeat_spans,,
human_deam_01541,30s,human_deam,locked,complete,computed,computed,eligible,eligible,unavailable_fewer_than_3_sections_or_downbeat_spans,,
human_deam_01403,30s,human_deam,locked,complete,computed,computed,eligible,eligible,unavailable_fewer_than_3_sections_or_downbeat_spans,,
human_deam_00364,30s,human_deam,locked,complete,computed,computed,eligible,eligible,unavailable_fewer_than_3_sections_or_downbeat_spans,,
human_deam_02040,30s,human_deam,locked,complete,computed,computed,eligible,eligible,unavailable_fewer_than_3_sections_or_downbeat_spans,,
human_deam_00518,30s,human_deam,locked,complete,computed,computed,eligible,eligible,unavailable_fewer_than_3_sections_or_downbeat_spans,,
human_deam_00040,30s,human_deam,locked,complete,computed,computed,eligible,eligible,unavailable_fewer_than_3_sections_or_downbeat_spans,,
human_deam_01765,30s,human_deam,locked,complete,computed,computed,eligible,eligible,unavailable_fewer_than_3_sections_or_downbeat_spans,,
human_deam_01081,30s,human_deam,locked,complete,computed,computed,eligible,eligible,unavailable_fewer_than_3_sections_or_downbeat_spans,,
human_deam_01392,30s,human_deam,locked,complete,computed,computed,eligible,eligible,unavailable_fewer_than_3_sections_or_downbeat_spans,,
human_deam_00644,30s,human_deam,locked,complete,computed,computed,eligible,eligible,unavailable_fewer_than_3_sections_or_downbeat_spans,,
human_deam_01480,30s,human_deam,locked,complete,computed,computed,eligible,eligible,unavailable_fewer_than_3_sections_or_downbeat_spans,,
human_deam_00781,30s,human_deam,locked,complete,computed,computed,eligible,eligible,unavailable_fewer_than_3_sections_or_downbeat_spans,,
human_deam_00056,30s,human_deam,locked,complete,computed,computed,eligible,eligible,eligible,,
human_deam_00328,30s,human_deam,locked,complete,computed,computed,eligible,eligible,unavailable_fewer_than_3_sections_or_downbeat_spans,,
human_deam_00851,30s,human_deam,locked,complete,computed,computed,eligible,eligible,unavailable_fewer_than_3_sections_or_downbeat_spans,,
human_deam_01990,30s,human_deam,locked,complete,computed,computed,eligible,eligible,unavailable_fewer_than_3_sections_or_downbeat_spans,,
human_deam_01517,30s,human_deam,locked,complete,computed,computed,eligible,eligible,unavailable_fewer_than_3_sections_or_downbeat_spans,,
human_deam_01835,30s,human_deam,locked,complete,computed,computed,eligible,eligible,unavailable_fewer_than_3_sections_or_downbeat_spans,,
human_deam_00823,30s,human_deam,locked,complete,computed,computed,eligible,eligible,unavailable_fewer_than_3_sections_or_downbeat_spans,,
human_deam_01229,30s,human_deam,locked,complete,computed,computed,eligible,eligible,unavailable_fewer_than_3_sections_or_downbeat_spans,,
human_deam_01431,30s,human_deam,locked,complete,computed,computed,eligible,eligible,unavailable_fewer_than_3_sections_or_downbeat_spans,,
human_deam_00449,30s,human_deam,locked,complete,computed,computed,eligible,eligible,unavailable_fewer_than_3_sections_or_downbeat_spans,,
human_deam_00741,30s,human_deam,locked,complete,computed,computed,eligible,eligible,unavailable_fewer_than_3_sections_or_downbeat_spans,,
human_deam_01161,30s,human_deam,locked,complete,computed,computed,eligible,unavailable_fewer_than_16_beats_or_invalid_intervals,unavailable_fewer_than_3_sections_or_downbeat_spans,,
human_deam_00910,30s,human_deam,locked,complete,computed,computed,eligible,eligible,unavailable_fewer_than_3_sections_or_downbeat_spans,,
human_deam_02028,30s,human_deam,locked,complete,computed,computed,eligible,eligible,unavailable_fewer_than_3_sections_or_downbeat_spans,,
human_deam_01996,30s,human_deam,locked,complete,computed,computed,eligible,eligible,unavailable_fewer_than_3_sections_or_downbeat_spans,,
human_deam_00478,30s,human_deam,locked,complete,computed,computed,eligible,eligible,unavailable_fewer_than_3_sections_or_downbeat_spans,,
human_deam_00712,30s,human_deam,locked,complete,computed,computed,eligible,eligible,unavailable_fewer_than_3_sections_or_downbeat_spans,,
human_deam_01301,30s,human_deam,locked,complete,computed,computed,eligible,eligible,unavailable_fewer_than_3_sections_or_downbeat_spans,,
human_deam_01934,30s,human_deam,locked,complete,computed,computed,eligible,eligible,unavailable_fewer_than_3_sections_or_downbeat_spans,,
human_deam_01063,30s,human_deam,locked,complete,computed,computed,eligible,eligible,unavailable_fewer_than_3_sections_or_downbeat_spans,,
human_deam_00035,30s,human_deam,locked,complete,computed,computed,eligible,eligible,unavailable_fewer_than_3_sections_or_downbeat_spans,,
human_deam_00046,30s,human_deam,locked,complete,computed,computed,eligible,eligible,unavailable_fewer_than_3_sections_or_downbeat_spans,,
human_deam_00833,30s,human_deam,locked,complete,computed,computed,eligible,eligible,unavailable_fewer_than_3_sections_or_downbeat_spans,,
human_deam_01753,30s,human_deam,locked,complete,computed,computed,eligible,unavailable_fewer_than_16_beats_or_invalid_intervals,unavailable_fewer_than_3_sections_or_downbeat_spans,,
human_deam_00135,30s,human_deam,locked,complete,computed,computed,eligible,eligible,unavailable_fewer_than_3_sections_or_downbeat_spans,,
human_deam_01626,30s,human_deam,locked,complete,computed,computed,eligible,eligible,unavailable_fewer_than_3_sections_or_downbeat_spans,,
human_deam_00399,30s,human_deam,locked,complete,computed,computed,eligible,eligible,unavailable_fewer_than_3_sections_or_downbeat_spans,,
human_deam_01069,30s,human_deam,locked,complete,computed,computed,eligible,eligible,unavailable_fewer_than_3_sections_or_downbeat_spans,,
human_deam_01428,30s,human_deam,locked,complete,computed,computed,eligible,eligible,unavailable_fewer_than_3_sections_or_downbeat_spans,,
human_gtzan_blues_00085,30s,human_gtzan,stress,complete,computed,computed,eligible,eligible,unavailable_fewer_than_3_sections_or_downbeat_spans,,
human_gtzan_blues_00039,30s,human_gtzan,stress,complete,computed,computed,eligible,eligible,unavailable_fewer_than_3_sections_or_downbeat_spans,,
human_gtzan_blues_00034,30s,human_gtzan,stress,complete,computed,computed,eligible,eligible,unavailable_fewer_than_3_sections_or_downbeat_spans,,
human_gtzan_blues_00011,30s,human_gtzan,stress,complete,computed,computed,eligible,eligible,unavailable_fewer_than_3_sections_or_downbeat_spans,,
human_gtzan_blues_00010,30s,human_gtzan,stress,complete,computed,computed,eligible,eligible,unavailable_fewer_than_3_sections_or_downbeat_spans,,
human_gtzan_blues_00041,30s,human_gtzan,stress,complete,computed,computed,eligible,eligible,unavailable_fewer_than_3_sections_or_downbeat_spans,,
human_gtzan_blues_00038,30s,human_gtzan,stress,complete,computed,computed,eligible,eligible,unavailable_fewer_than_3_sections_or_downbeat_spans,,
human_gtzan_blues_00023,30s,human_gtzan,stress,complete,computed,computed,eligible,eligible,unavailable_fewer_than_3_sections_or_downbeat_spans,,
human_gtzan_blues_00086,30s,human_gtzan,stress,complete,computed,computed,eligible,eligible,unavailable_fewer_than_3_sections_or_downbeat_spans,,
human_gtzan_blues_00063,30s,human_gtzan,stress,complete,computed,computed,eligible,eligible,unavailable_fewer_than_3_sections_or_downbeat_spans,,
human_gtzan_classical_00013,30s,human_gtzan,stress,complete,computed,computed,eligible,eligible,unavailable_fewer_than_3_sections_or_downbeat_spans,,
human_gtzan_classical_00077,30s,human_gtzan,stress,complete,computed,computed,eligible,eligible,unavailable_fewer_than_3_sections_or_downbeat_spans,,
human_gtzan_classical_00019,30s,human_gtzan,stress,complete,computed,computed,eligible,eligible,unavailable_fewer_than_3_sections_or_downbeat_spans,,
human_gtzan_classical_00092,30s,human_gtzan,stress,complete,computed,computed,eligible,eligible,unavailable_fewer_than_3_sections_or_downbeat_spans,,
human_gtzan_classical_00094,30s,human_gtzan,stress,complete,computed,computed,eligible,eligible,unavailable_fewer_than_3_sections_or_downbeat_spans,,
human_gtzan_classical_00064,30s,human_gtzan,stress,complete,computed,computed,eligible,eligible,unavailable_fewer_than_3_sections_or_downbeat_spans,,
human_gtzan_classical_00030,30s,human_gtzan,stress,complete,computed,computed,eligible,eligible,unavailable_fewer_than_3_sections_or_downbeat_spans,,
human_gtzan_classical_00079,30s,human_gtzan,stress,complete,computed,computed,eligible,eligible,unavailable_fewer_than_3_sections_or_downbeat_spans,,
human_gtzan_classical_00099,30s,human_gtzan,stress,complete,computed,computed,eligible,eligible,unavailable_fewer_than_3_sections_or_downbeat_spans,,
human_gtzan_classical_00087,30s,human_gtzan,stress,complete,computed,computed,eligible,eligible,unavailable_fewer_than_3_sections_or_downbeat_spans,,
human_gtzan_country_00024,30s,human_gtzan,stress,complete,computed,computed,eligible,eligible,unavailable_fewer_than_3_sections_or_downbeat_spans,,
human_gtzan_country_00008,30s,human_gtzan,stress,complete,computed,computed,eligible,eligible,unavailable_fewer_than_3_sections_or_downbeat_spans,,
human_gtzan_country_00019,30s,human_gtzan,stress,complete,computed,computed,eligible,eligible,unavailable_fewer_than_3_sections_or_downbeat_spans,,
human_gtzan_country_00048,30s,human_gtzan,stress,complete,computed,computed,eligible,eligible,unavailable_fewer_than_3_sections_or_downbeat_spans,,
human_gtzan_country_00063,30s,human_gtzan,stress,complete,computed,computed,eligible,eligible,unavailable_fewer_than_3_sections_or_downbeat_spans,,
human_gtzan_country_00068,30s,human_gtzan,stress,complete,computed,computed,eligible,eligible,unavailable_fewer_than_3_sections_or_downbeat_spans,,
human_gtzan_country_00071,30s,human_gtzan,stress,complete,computed,computed,eligible,eligible,unavailable_fewer_than_3_sections_or_downbeat_spans,,
human_gtzan_country_00027,30s,human_gtzan,stress,complete,computed,computed,eligible,eligible,eligible,,
human_gtzan_country_00030,30s,human_gtzan,stress,complete,computed,computed,eligible,eligible,unavailable_fewer_than_3_sections_or_downbeat_spans,,
human_gtzan_disco_00034,30s,human_gtzan,stress,complete,computed,computed,eligible,eligible,unavailable_fewer_than_3_sections_or_downbeat_spans,,
human_gtzan_disco_00042,30s,human_gtzan,stress,complete,computed,computed,eligible,eligible,eligible,,
human_gtzan_disco_00086,30s,human_gtzan,stress,complete,computed,computed,eligible,eligible,unavailable_fewer_than_3_sections_or_downbeat_spans,,
human_gtzan_disco_00080,30s,human_gtzan,stress,complete,computed,computed,eligible,eligible,unavailable_fewer_than_3_sections_or_downbeat_spans,,
human_gtzan_disco_00067,30s,human_gtzan,stress,complete,computed,computed,eligible,eligible,unavailable_fewer_than_3_sections_or_downbeat_spans,,
human_gtzan_disco_00007,30s,human_gtzan,stress,complete,computed,computed,eligible,eligible,unavailable_fewer_than_3_sections_or_downbeat_spans,,
human_gtzan_disco_00050,30s,human_gtzan,stress,complete,computed,computed,eligible,eligible,eligible,,
human_gtzan_disco_00039,30s,human_gtzan,stress,complete,computed,computed,eligible,eligible,unavailable_fewer_than_3_sections_or_downbeat_spans,,
human_gtzan_disco_00091,30s,human_gtzan,stress,complete,computed,computed,eligible,eligible,unavailable_fewer_than_3_sections_or_downbeat_spans,,
human_gtzan_disco_00073,30s,human_gtzan,stress,complete,computed,computed,eligible,eligible,unavailable_fewer_than_3_sections_or_downbeat_spans,,
human_gtzan_hiphop_00072,30s,human_gtzan,stress,complete,computed,computed,eligible,eligible,unavailable_fewer_than_3_sections_or_downbeat_spans,,
human_gtzan_hiphop_00064,30s,human_gtzan,stress,complete,computed,computed,eligible,eligible,unavailable_fewer_than_3_sections_or_downbeat_spans,,
human_gtzan_hiphop_00087,30s,human_gtzan,stress,complete,computed,computed,eligible,eligible,unavailable_fewer_than_3_sections_or_downbeat_spans,,
human_gtzan_hiphop_00075,30s,human_gtzan,stress,complete,computed,computed,eligible,eligible,unavailable_fewer_than_3_sections_or_downbeat_spans,,
human_gtzan_hiphop_00016,30s,human_gtzan,stress,complete,computed,computed,eligible,eligible,unavailable_fewer_than_3_sections_or_downbeat_spans,,
human_gtzan_hiphop_00022,30s,human_gtzan,stress,complete,computed,computed,eligible,eligible,unavailable_fewer_than_3_sections_or_downbeat_spans,,
human_gtzan_hiphop_00042,30s,human_gtzan,stress,complete,computed,computed,eligible,eligible,unavailable_fewer_than_3_sections_or_downbeat_spans,,
human_gtzan_hiphop_00047,30s,human_gtzan,stress,complete,computed,computed,eligible,eligible,unavailable_fewer_than_3_sections_or_downbeat_spans,,
human_gtzan_hiphop_00057,30s,human_gtzan,stress,complete,computed,computed,eligible,eligible,unavailable_fewer_than_3_sections_or_downbeat_spans,,
human_gtzan_hiphop_00040,30s,human_gtzan,stress,complete,computed,computed,eligible,eligible,eligible,,
human_gtzan_jazz_00029,30s,human_gtzan,stress,complete,computed,computed,eligible,eligible,unavailable_fewer_than_3_sections_or_downbeat_spans,,
human_gtzan_jazz_00010,30s,human_gtzan,stress,complete,computed,computed,eligible,eligible,unavailable_fewer_than_3_sections_or_downbeat_spans,,
human_gtzan_jazz_00096,30s,human_gtzan,stress,complete,computed,computed,eligible,eligible,unavailable_fewer_than_3_sections_or_downbeat_spans,,
human_gtzan_jazz_00086,30s,human_gtzan,stress,complete,computed,computed,eligible,eligible,unavailable_fewer_than_3_sections_or_downbeat_spans,,
human_gtzan_jazz_00060,30s,human_gtzan,stress,complete,computed,computed,eligible,eligible,unavailable_fewer_than_3_sections_or_downbeat_spans,,
human_gtzan_jazz_00050,30s,human_gtzan,stress,complete,computed,computed,eligible,eligible,unavailable_fewer_than_3_sections_or_downbeat_spans,,
human_gtzan_jazz_00021,30s,human_gtzan,stress,complete,computed,computed,eligible,eligible,eligible,,
human_gtzan_jazz_00035,30s,human_gtzan,stress,complete,computed,computed,eligible,eligible,unavailable_fewer_than_3_sections_or_downbeat_spans,,
human_gtzan_jazz_00087,30s,human_gtzan,stress,complete,computed,computed,eligible,eligible,unavailable_fewer_than_3_sections_or_downbeat_spans,,
human_gtzan_jazz_00023,30s,human_gtzan,stress,complete,computed,computed,eligible,eligible,unavailable_fewer_than_3_sections_or_downbeat_spans,,
human_gtzan_metal_00019,30s,human_gtzan,stress,complete,computed,computed,eligible,eligible,unavailable_fewer_than_3_sections_or_downbeat_spans,,
human_gtzan_metal_00003,30s,human_gtzan,stress,complete,computed,computed,eligible,eligible,unavailable_fewer_than_3_sections_or_downbeat_spans,,
human_gtzan_metal_00068,30s,human_gtzan,stress,complete,computed,computed,eligible,eligible,unavailable_fewer_than_3_sections_or_downbeat_spans,,
human_gtzan_metal_00008,30s,human_gtzan,stress,complete,computed,computed,eligible,eligible,unavailable_fewer_than_3_sections_or_downbeat_spans,,
human_gtzan_metal_00015,30s,human_gtzan,stress,complete,computed,computed,eligible,eligible,eligible,,
human_gtzan_metal_00041,30s,human_gtzan,stress,complete,computed,computed,eligible,eligible,eligible,,
human_gtzan_metal_00066,30s,human_gtzan,stress,complete,computed,computed,eligible,eligible,unavailable_fewer_than_3_sections_or_downbeat_spans,,
human_gtzan_metal_00043,30s,human_gtzan,stress,complete,computed,computed,eligible,eligible,eligible,,
human_gtzan_metal_00039,30s,human_gtzan,stress,complete,computed,computed,eligible,eligible,unavailable_fewer_than_3_sections_or_downbeat_spans,,
human_gtzan_metal_00070,30s,human_gtzan,stress,complete,computed,computed,eligible,eligible,unavailable_fewer_than_3_sections_or_downbeat_spans,,
human_gtzan_pop_00017,30s,human_gtzan,stress,complete,computed,computed,eligible,eligible,unavailable_fewer_than_3_sections_or_downbeat_spans,,
human_gtzan_pop_00014,30s,human_gtzan,stress,complete,computed,computed,eligible,eligible,eligible,,
human_gtzan_pop_00008,30s,human_gtzan,stress,complete,computed,computed,eligible,eligible,eligible,,
human_gtzan_pop_00035,30s,human_gtzan,stress,complete,computed,computed,eligible,eligible,eligible,,
human_gtzan_pop_00043,30s,human_gtzan,stress,complete,computed,computed,eligible,eligible,eligible,,
human_gtzan_pop_00090,30s,human_gtzan,stress,complete,computed,computed,eligible,eligible,eligible,,
human_gtzan_pop_00049,30s,human_gtzan,stress,complete,computed,computed,eligible,eligible,unavailable_fewer_than_3_sections_or_downbeat_spans,,
human_gtzan_pop_00062,30s,human_gtzan,stress,complete,computed,computed,eligible,eligible,unavailable_fewer_than_3_sections_or_downbeat_spans,,
human_gtzan_pop_00001,30s,human_gtzan,stress,complete,computed,computed,eligible,eligible,eligible,,
human_gtzan_pop_00003,30s,human_gtzan,stress,complete,computed,computed,eligible,eligible,eligible,,
human_gtzan_reggae_00016,30s,human_gtzan,stress,complete,computed,computed,eligible,eligible,unavailable_fewer_than_3_sections_or_downbeat_spans,,
human_gtzan_reggae_00064,30s,human_gtzan,stress,complete,computed,computed,eligible,eligible,eligible,,
human_gtzan_reggae_00006,30s,human_gtzan,stress,complete,computed,computed,eligible,eligible,eligible,,
human_gtzan_reggae_00086,30s,human_gtzan,stress,complete,computed,computed,eligible,eligible,unavailable_fewer_than_3_sections_or_downbeat_spans,,
human_gtzan_reggae_00081,30s,human_gtzan,stress,complete,computed,computed,eligible,eligible,eligible,,
human_gtzan_reggae_00022,30s,human_gtzan,stress,complete,computed,computed,eligible,eligible,unavailable_fewer_than_3_sections_or_downbeat_spans,,
human_gtzan_reggae_00019,30s,human_gtzan,stress,complete,computed,computed,eligible,eligible,unavailable_fewer_than_3_sections_or_downbeat_spans,,
human_gtzan_reggae_00020,30s,human_gtzan,stress,complete,computed,computed,eligible,eligible,eligible,,
human_gtzan_reggae_00014,30s,human_gtzan,stress,complete,computed,computed,eligible,eligible,unavailable_fewer_than_3_sections_or_downbeat_spans,,
human_gtzan_reggae_00054,30s,human_gtzan,stress,complete,computed,computed,eligible,eligible,unavailable_fewer_than_3_sections_or_downbeat_spans,,
human_gtzan_rock_00016,30s,human_gtzan,stress,complete,computed,computed,eligible,eligible,unavailable_fewer_than_3_sections_or_downbeat_spans,,
human_gtzan_rock_00084,30s,human_gtzan,stress,complete,computed,computed,eligible,eligible,unavailable_fewer_than_3_sections_or_downbeat_spans,,
human_gtzan_rock_00000,30s,human_gtzan,stress,complete,computed,computed,eligible,eligible,unavailable_fewer_than_3_sections_or_downbeat_spans,,
human_gtzan_rock_00064,30s,human_gtzan,stress,complete,computed,computed,eligible,eligible,unavailable_fewer_than_3_sections_or_downbeat_spans,,
human_gtzan_rock_00012,30s,human_gtzan,stress,complete,computed,computed,eligible,eligible,unavailable_fewer_than_3_sections_or_downbeat_spans,,
human_gtzan_rock_00071,30s,human_gtzan,stress,complete,computed,computed,eligible,eligible,unavailable_fewer_than_3_sections_or_downbeat_spans,,
human_gtzan_rock_00026,30s,human_gtzan,stress,complete,computed,computed,eligible,eligible,unavailable_fewer_than_3_sections_or_downbeat_spans,,
human_gtzan_rock_00063,30s,human_gtzan,stress,complete,computed,computed,eligible,eligible,unavailable_fewer_than_3_sections_or_downbeat_spans,,
human_gtzan_rock_00069,30s,human_gtzan,stress,complete,computed,computed,eligible,eligible,unavailable_fewer_than_3_sections_or_downbeat_spans,,
human_gtzan_rock_00075,30s,human_gtzan,stress,complete,computed,computed,eligible,eligible,unavailable_fewer_than_3_sections_or_downbeat_spans,,
human_hindustani_my5Zh8ze3eY,30s,human_hindustani_raag_hf,stress,complete,computed,computed,eligible,eligible,unavailable_fewer_than_3_sections_or_downbeat_spans,,
human_hindustani_b0dm0th5bnY,30s,human_hindustani_raag_hf,stress,complete,computed,computed,eligible,eligible,unavailable_fewer_than_3_sections_or_downbeat_spans,,
human_hindustani_4V9tuRuTlZs,30s,human_hindustani_raag_hf,stress,complete,computed,computed,eligible,eligible,unavailable_fewer_than_3_sections_or_downbeat_spans,,
human_hindustani_LJgaxfjQBzc,30s,human_hindustani_raag_hf,stress,complete,computed,computed,eligible,eligible,unavailable_fewer_than_3_sections_or_downbeat_spans,,
human_hindustani_Ly_cmNymHx4,30s,human_hindustani_raag_hf,stress,complete,computed,computed,eligible,unavailable_fewer_than_16_beats_or_invalid_intervals,unavailable_fewer_than_3_sections_or_downbeat_spans,,
human_hindustani_1XCHYKashvY,30s,human_hindustani_raag_hf,stress,complete,computed,computed,eligible,unavailable_fewer_than_16_beats_or_invalid_intervals,unavailable_fewer_than_3_sections_or_downbeat_spans,,
human_hindustani_k7wEa1NnJ7s,30s,human_hindustani_raag_hf,stress,complete,computed,computed,eligible,eligible,unavailable_fewer_than_3_sections_or_downbeat_spans,,
human_hindustani_9MqDMRx4Szc,30s,human_hindustani_raag_hf,stress,complete,computed,computed,eligible,unavailable_fewer_than_16_beats_or_invalid_intervals,unavailable_fewer_than_3_sections_or_downbeat_spans,,
human_hindustani_25f1u2nOALg,30s,human_hindustani_raag_hf,stress,complete,computed,computed,eligible,eligible,unavailable_fewer_than_3_sections_or_downbeat_spans,,
ai_diffrhythm_pilot_001,30s,ai_diffrhythm_pilot,pilot,complete,computed,computed,eligible,eligible,eligible,,
ai_diffrhythm_pilot_002,30s,ai_diffrhythm_pilot,pilot,complete,computed,computed,eligible,unavailable_fewer_than_16_beats_or_invalid_intervals,unavailable_fewer_than_3_sections_or_downbeat_spans,,
ai_diffrhythm_pilot_003,30s,ai_diffrhythm_pilot,pilot,complete,computed,computed,eligible,eligible,unavailable_fewer_than_3_sections_or_downbeat_spans,,
ai_diffrhythm_pilot_004,30s,ai_diffrhythm_pilot,pilot,complete,computed,computed,eligible,eligible,unavailable_fewer_than_3_sections_or_downbeat_spans,,
ai_diffrhythm_pilot_005,30s,ai_diffrhythm_pilot,pilot,complete,computed,computed,eligible,eligible,unavailable_fewer_than_3_sections_or_downbeat_spans,,
ai_diffrhythm_pilot_006,30s,ai_diffrhythm_pilot,pilot,complete,computed,computed,eligible,unavailable_fewer_than_16_beats_or_invalid_intervals,unavailable_fewer_than_3_sections_or_downbeat_spans,,
ai_diffrhythm_pilot_007,30s,ai_diffrhythm_pilot,pilot,complete,computed,computed,eligible,unavailable_fewer_than_16_beats_or_invalid_intervals,unavailable_fewer_than_3_sections_or_downbeat_spans,,
ai_diffrhythm_pilot_008,30s,ai_diffrhythm_pilot,pilot,complete,computed,computed,eligible,unavailable_fewer_than_16_beats_or_invalid_intervals,unavailable_fewer_than_3_sections_or_downbeat_spans,,
ai_diffrhythm_pilot_009,30s,ai_diffrhythm_pilot,pilot,complete,computed,computed,eligible,unavailable_fewer_than_16_beats_or_invalid_intervals,unavailable_fewer_than_3_sections_or_downbeat_spans,,
ai_diffrhythm_pilot_010,30s,ai_diffrhythm_pilot,pilot,complete,computed,computed,eligible,unavailable_fewer_than_16_beats_or_invalid_intervals,unavailable_fewer_than_3_sections_or_downbeat_spans,,
ai_diffrhythm_pilot_011,30s,ai_diffrhythm_pilot,pilot,complete,computed,computed,eligible,eligible,unavailable_fewer_than_3_sections_or_downbeat_spans,,
ai_diffrhythm_pilot_012,30s,ai_diffrhythm_pilot,pilot,complete,computed,computed,eligible,eligible,unavailable_fewer_than_3_sections_or_downbeat_spans,,
ai_diffrhythm_pilot_013,30s,ai_diffrhythm_pilot,pilot,complete,computed,computed,eligible,eligible,eligible,,
ai_diffrhythm_pilot_014,30s,ai_diffrhythm_pilot,pilot,complete,computed,computed,eligible,eligible,eligible,,
ai_diffrhythm_pilot_015,30s,ai_diffrhythm_pilot,pilot,complete,computed,computed,eligible,eligible,unavailable_fewer_than_3_sections_or_downbeat_spans,,
ai_diffrhythm_pilot_016,30s,ai_diffrhythm_pilot,pilot,complete,computed,computed,eligible,eligible,unavailable_fewer_than_3_sections_or_downbeat_spans,,
ai_diffrhythm_pilot_017,30s,ai_diffrhythm_pilot,pilot,complete,computed,computed,eligible,eligible,unavailable_fewer_than_3_sections_or_downbeat_spans,,
ai_diffrhythm_pilot_018,30s,ai_diffrhythm_pilot,pilot,complete,computed,computed,eligible,eligible,unavailable_fewer_than_3_sections_or_downbeat_spans,,
ai_diffrhythm_pilot_019,30s,ai_diffrhythm_pilot,pilot,complete,computed,computed,eligible,eligible,unavailable_fewer_than_3_sections_or_downbeat_spans,,
ai_diffrhythm_pilot_020,30s,ai_diffrhythm_pilot,pilot,complete,computed,computed,eligible,eligible,unavailable_fewer_than_3_sections_or_downbeat_spans,,
ai_diffrhythm_pilot_021,30s,ai_diffrhythm_pilot,pilot,complete,computed,computed,eligible,eligible,unavailable_fewer_than_3_sections_or_downbeat_spans,,
ai_diffrhythm_pilot_022,30s,ai_diffrhythm_pilot,pilot,complete,computed,computed,eligible,eligible,unavailable_fewer_than_3_sections_or_downbeat_spans,,
ai_diffrhythm_pilot_023,30s,ai_diffrhythm_pilot,pilot,complete,computed,computed,eligible,eligible,eligible,,
ai_diffrhythm_pilot_024,30s,ai_diffrhythm_pilot,pilot,complete,computed,computed,eligible,eligible,unavailable_fewer_than_3_sections_or_downbeat_spans,,
ai_diffrhythm_pilot_025,30s,ai_diffrhythm_pilot,pilot,complete,computed,computed,eligible,eligible,unavailable_fewer_than_3_sections_or_downbeat_spans,,
ai_diffrhythm_pilot_026,30s,ai_diffrhythm_pilot,pilot,complete,computed,computed,eligible,eligible,unavailable_fewer_than_3_sections_or_downbeat_spans,,
ai_diffrhythm_pilot_027,30s,ai_diffrhythm_pilot,pilot,complete,computed,computed,eligible,eligible,unavailable_fewer_than_3_sections_or_downbeat_spans,,
ai_diffrhythm_pilot_028,30s,ai_diffrhythm_pilot,pilot,complete,computed,computed,eligible,eligible,unavailable_fewer_than_3_sections_or_downbeat_spans,,
ai_diffrhythm_pilot_029,30s,ai_diffrhythm_pilot,pilot,complete,computed,computed,eligible,eligible,eligible,,
ai_diffrhythm_pilot_030,30s,ai_diffrhythm_pilot,pilot,complete,computed,computed,eligible,eligible,eligible,,
ai_diffrhythm_pilot_031,30s,ai_diffrhythm_pilot,pilot,complete,computed,computed,eligible,eligible,unavailable_fewer_than_3_sections_or_downbeat_spans,,
ai_diffrhythm_pilot_032,30s,ai_diffrhythm_pilot,pilot,complete,computed,computed,eligible,eligible,unavailable_fewer_than_3_sections_or_downbeat_spans,,
ai_diffrhythm_pilot_033,30s,ai_diffrhythm_pilot,pilot,complete,computed,computed,eligible,eligible,unavailable_fewer_than_3_sections_or_downbeat_spans,,
ai_diffrhythm_pilot_034,30s,ai_diffrhythm_pilot,pilot,complete,computed,computed,eligible,eligible,unavailable_fewer_than_3_sections_or_downbeat_spans,,
ai_diffrhythm_pilot_035,30s,ai_diffrhythm_pilot,pilot,complete,computed,computed,eligible,eligible,unavailable_fewer_than_3_sections_or_downbeat_spans,,
ai_diffrhythm_pilot_036,30s,ai_diffrhythm_pilot,pilot,complete,computed,computed,eligible,eligible,eligible,,
ai_diffrhythm_pilot_037,30s,ai_diffrhythm_pilot,pilot,complete,computed,computed,eligible,eligible,eligible,,
ai_diffrhythm_pilot_038,30s,ai_diffrhythm_pilot,pilot,complete,computed,computed,eligible,eligible,unavailable_fewer_than_3_sections_or_downbeat_spans,,
ai_diffrhythm_pilot_039,30s,ai_diffrhythm_pilot,pilot,complete,computed,computed,eligible,eligible,unavailable_fewer_than_3_sections_or_downbeat_spans,,
ai_diffrhythm_pilot_040,30s,ai_diffrhythm_pilot,pilot,complete,computed,computed,eligible,eligible,unavailable_fewer_than_3_sections_or_downbeat_spans,,
ai_diffrhythm_pilot_041,30s,ai_diffrhythm_pilot,pilot,complete,computed,computed,eligible,eligible,unavailable_fewer_than_3_sections_or_downbeat_spans,,
ai_diffrhythm_pilot_042,30s,ai_diffrhythm_pilot,pilot,complete,computed,computed,eligible,eligible,eligible,,
ai_diffrhythm_pilot_043,30s,ai_diffrhythm_pilot,pilot,complete,computed,computed,eligible,eligible,eligible,,
ai_diffrhythm_pilot_044,30s,ai_diffrhythm_pilot,pilot,complete,computed,computed,eligible,eligible,unavailable_fewer_than_3_sections_or_downbeat_spans,,
ai_diffrhythm_pilot_045,30s,ai_diffrhythm_pilot,pilot,complete,computed,computed,eligible,eligible,unavailable_fewer_than_3_sections_or_downbeat_spans,,
ai_diffrhythm_pilot_046,30s,ai_diffrhythm_pilot,pilot,complete,computed,computed,eligible,eligible,unavailable_fewer_than_3_sections_or_downbeat_spans,,
ai_diffrhythm_pilot_047,30s,ai_diffrhythm_pilot,pilot,complete,computed,computed,eligible,eligible,unavailable_fewer_than_3_sections_or_downbeat_spans,,
ai_diffrhythm_pilot_048,30s,ai_diffrhythm_pilot,pilot,complete,computed,computed,eligible,eligible,unavailable_fewer_than_3_sections_or_downbeat_spans,,
ai_diffrhythm_pilot_049,30s,ai_diffrhythm_pilot,pilot,complete,computed,computed,eligible,eligible,eligible,,
ai_diffrhythm_pilot_050,30s,ai_diffrhythm_pilot,pilot,complete,computed,computed,eligible,eligible,unavailable_fewer_than_3_sections_or_downbeat_spans,,
